label,kappa,coupling,values_layer,observer,integration,theta_EC,value_divergence,psi,goal_correct,final_entropy,error_reduction
honest,0.2,0.0,False,0,0.07329007789510845,0.3869353539806874,0.03693535398068741,0.0006040484710686902,1,1.289553979865246,0.30597811747042936
honest,0.2,0.0,True,0,0.0020649029728643,0.8423590594392765,0.49235905943927644,1.7018695019658605e-05,1,1.289553979865246,0.30597811747042936
honest,0.2,1.0,False,0,0.12807149230631215,0.30954828318454997,0.03693535398068741,0.0010555506466486733,1,1.289553979865246,0.30597811747042936
honest,0.2,1.0,True,0,0.00790102398371852,0.6738872475514213,0.49235905943927644,6.511933940188591e-05,1,1.289553979865246,0.30597811747042936
honest,0.2,0.0,False,1,0.045821243813175476,0.3998626498785708,0.0498626498785708,0.0005098313876488537,1,1.3580836188360423,0.14889898650404798
honest,0.2,0.0,True,1,0.00012368015292979316,1.1450607550998817,0.7950607550998818,1.3761307800790802e-06,1,1.3580836188360423,0.14889898650404798
honest,0.2,1.0,False,1,0.08345351871898059,0.31989011990285665,0.0498626498785708,0.0009285479771381371,1,1.3580836188360423,0.14889898650404798
honest,0.2,1.0,True,1,0.0007721256481136065,0.9160486040799054,0.7950607550998818,8.591078239212682e-06,1,1.3580836188360423,0.14889898650404798
honest,0.2,0.0,False,2,0.06983476731341608,0.3750358653032427,0.02503586530324271,0.00039013834499179283,0,1.3150636686210269,-0.053532096076720936
honest,0.2,0.0,True,2,0.015252577071573396,0.5723366718874316,0.22233667188743161,8.520992343050634e-05,0,1.3150636686210269,-0.053532096076720936
honest,0.2,1.0,False,2,0.12034439623197186,0.30002869224259415,0.02503586530324271,0.0006723150284766284,0,1.3150636686210269,-0.053532096076720936
honest,0.2,1.0,True,2,0.037258744072918716,0.45786933750994535,0.22233667188743161,0.00020814939761800753,0,1.3150636686210269,-0.053532096076720936
honest,0.2,0.0,False,3,0.05829219501867864,0.4022790416523028,0.05227904165230285,0.0006800210672801225,0,1.3107403652283711,-0.3573701407147283
honest,0.2,0.0,True,3,0.0010301854302793795,0.9141239059848293,0.5641239059848293,1.2017866123767317e-05,0,1.3107403652283711,-0.3573701407147283
honest,0.2,1.0,False,3,0.10540317661434356,0.32182323332184226,0.05227904165230285,0.0012296051063617319,0,1.3107403652283711,-0.3573701407147283
honest,0.2,1.0,True,3,0.0044323308577991,0.7312991247878635,0.5641239059848293,5.170637955035592e-05,0,1.3107403652283711,-0.3573701407147283
honest,0.2,0.0,False,4,0.04963988608756407,0.3917685639462313,0.041768563946231324,0.0004626628840557855,0,1.3547384549982893,-0.5032072398535428
honest,0.2,0.0,True,4,0.0036284968692167057,0.7246754879169508,0.3746754879169508,3.381899030424568e-05,0,1.3547384549982893,-0.5032072398535428
honest,0.2,1.0,False,4,0.08905595351128594,0.31341485115698503,0.041768563946231324,0.000830035834916869,0,1.3547384549982893,-0.5032072398535428
honest,0.2,1.0,True,4,0.011477521345851605,0.5797403903335606,0.3746754879169508,0.00010697492573444638,0,1.3547384549982893,-0.5032072398535428
honest,0.2,0.0,False,5,0.04905502382774516,0.38444772816198935,0.034447728161989384,0.000377075587962526,1,1.3670477040749838,-0.18670045922933975
honest,0.2,0.0,True,5,0.0001850356979291902,1.0882306204489547,0.7382306204489548,1.4223302558308606e-06,1,1.3670477040749838,-0.18670045922933975
honest,0.2,1.0,False,5,0.08711369545361773,0.3075581825295915,0.034447728161989384,0.0006696245434128704,1,1.3670477040749838,-0.18670045922933975
honest,0.2,1.0,True,5,0.0010545271329754481,0.8705844963591638,0.7382306204489548,8.105926929837788e-06,1,1.3670477040749838,-0.18670045922933975
honest,0.2,0.0,False,6,0.05845579701203403,0.3644084212721288,0.014408421272128831,0.00018794393897956905,1,1.3627244222585158,0.16115236252835685
honest,0.2,0.0,True,6,0.002473385405788008,0.7669634929375402,0.41696349293754015,7.952295914854772e-06,1,1.3627244222585158,0.16115236252835685
honest,0.2,1.0,False,6,0.10009252353823977,0.29152673701770304,0.014408421272128831,0.00032181210586025057,1,1.3627244222585158,0.16115236252835685
honest,0.2,1.0,True,6,0.008387836722441337,0.6135707943500321,0.41696349293754015,2.696812213181471e-05,1,1.3627244222585158,0.16115236252835685
honest,0.2,0.0,False,7,0.05804224720904597,0.35442591013441943,0.004425910134419451,5.732329560689167e-05,0,1.3778695034590949,0.051975234647196
honest,0.2,0.0,True,7,0.00039337879531787075,0.9861202624769633,0.6361202624769633,3.885061322362932e-07,0,1.3778695034590949,0.051975234647196
honest,0.2,1.0,False,7,0.09799462724573929,0.28354072810753556,0.004425910134419451,9.678079770521355e-05,0,1.3778695034590949,0.051975234647196
honest,0.2,1.0,True,7,0.0019027477778403973,0.7888962099815706,0.6361202624769633,1.8791790218195122e-06,0,1.3778695034590949,0.051975234647196
honest,0.2,0.0,False,8,0.05674485999476649,0.35969122004958465,0.009691220049584691,0.00012271264698373864,0,1.3747260757399302,-0.2152751728041784
honest,0.2,0.0,True,8,0.0005481645424953342,0.94689309662684,0.59689309662684,1.1854240542392116e-06,0,1.3747260757399302,-0.2152751728041784
honest,0.2,1.0,False,8,0.09662800854633458,0.2877529760396677,0.009691220049584691,0.00020896128217748068,0,1.3747260757399302,-0.2152751728041784
honest,0.2,1.0,True,8,0.0024890604974322187,0.757514477301472,0.59689309662684,5.3826761079459715e-06,0,1.3747260757399302,-0.2152751728041784
honest,0.2,0.0,False,9,0.06397444351235505,0.3625294694300998,0.012529469430099832,0.00017886424687688012,0,1.3486778426016888,0.1516990194349248
honest,0.2,0.0,True,9,0.0015615493241799229,0.8346988353903197,0.4846988353903198,4.365889384822897e-06,0,1.3486778426016888,0.1516990194349248
honest,0.2,1.0,False,9,0.10879472431011865,0.2900235755440798,0.012529469430099832,0.0003041759390083489,0,1.3486778426016888,0.1516990194349248
honest,0.2,1.0,True,9,0.005911093021216506,0.6677590683122558,0.4846988353903198,1.6526649446429097e-05,0,1.3486778426016888,0.1516990194349248
honest,0.2,0.0,False,10,0.07917103452610008,0.4114908227873829,0.061490822787382916,0.0010863279777505168,0,1.2410344913939695,-0.5513381237660024
honest,0.2,0.0,True,10,0.014980870764273008,0.6280187164308286,0.27801871643082865,0.00020555673093964043,0,1.2410344913939695,-0.5513381237660024
honest,0.2,1.0,False,10,0.1424267835410558,0.32919265822990634,0.061490822787382916,0.0019542778576508175,0,1.2410344913939695,-0.5513381237660024
honest,0.2,1.0,True,10,0.03988483706654843,0.5024149731446629,0.27801871643082865,0.00054727103987922,0,1.2410344913939695,-0.5513381237660024
honest,0.2,0.0,False,11,0.06681042512563141,0.35995986680026165,0.009959866800261667,0.00014848483686863396,0,1.3441978521685556,-0.2193868257587006
honest,0.2,0.0,True,11,0.003258057483702384,0.7457863059247498,0.39578630592474984,7.240967754156443e-06,0,1.3441978521685556,-0.2193868257587006
honest,0.2,1.0,False,11,0.11296429411041613,0.28796789344020934,0.009959866800261667,0.0002510608898450263,0,1.3441978521685556,-0.2193868257587006
honest,0.2,1.0,True,11,0.010664609496828634,0.5966290447397998,0.39578630592474984,2.37018818309655e-05,0,1.3441978521685556,-0.2193868257587006
honest,0.2,0.0,False,12,0.08291339834483408,0.37158219608693,0.021582196086930017,0.0003993049467142005,0,1.2876504491668515,-0.1673560601358386
honest,0.2,0.0,True,12,0.0002254077847228761,1.1208282895934625,0.7708282895934625,1.085547634815307e-06,0,1.2876504491668515,-0.1673560601358386
honest,0.2,1.0,False,12,0.14077430140263616,0.297265756869544,0.021582196086930017,0.000677958882912085,0,1.2876504491668515,-0.1673560601358386
honest,0.2,1.0,True,12,0.0013530382259570636,0.89666263167477,0.7708282895934625,6.51613451508858e-06,0,1.2876504491668515,-0.1673560601358386
honest,0.2,0.0,False,13,0.06238495057822349,0.3692780473960505,0.019278047396050525,0.00026836583102097443,0,1.3439761697826333,-0.1789646555030795
honest,0.2,0.0,True,13,0.0012117631141729099,0.8698344177530216,0.5198344177530216,5.2127285847220325e-06,0,1.3439761697826333,-0.1789646555030795
honest,0.2,1.0,False,13,0.10724746314617727,0.2954224379168404,0.019278047396050525,0.0004613541295672978,0,1.3439761697826333,-0.1789646555030795
honest,0.2,1.0,True,13,0.0048557153887376124,0.6958675342024173,0.5198344177530216,2.088818029704066e-05,0,1.3439761697826333,-0.1789646555030795
honest,0.2,0.0,False,14,0.057583423250839226,0.35983544162233916,0.009835441622339194,0.00012637922420128916,0,1.3718299622969639,-0.2173746088430566
honest,0.2,0.0,True,14,0.003081541774028621,0.73283872469554,0.38283872469554003,6.763107102006577e-06,0,1.3718299622969639,-0.2173746088430566
honest,0.2,1.0,False,14,0.09801512389975243,0.28786835329787136,0.009835441622339194,0.00021511529914580789,0,1.3718299622969639,-0.2173746088430566
honest,0.2,1.0,True,14,0.009886034267638724,0.586270979756432,0.38283872469554003,2.169703137878891e-05,0,1.3718299622969639,-0.2173746088430566
honest,0.2,0.0,False,15,0.06745824006863747,0.36144099997373935,0.011440999973739388,0.00017221989962540364,0,1.3403520795273807,-0.035629443044636
honest,0.2,0.0,True,15,0.0006181532567672768,0.9566598257305405,0.6066598257305406,1.5781362176845629e-06,0,1.3403520795273807,-0.035629443044636
honest,0.2,1.0,False,15,0.11424454776621698,0.2891527999789915,0.011440999973739388,0.00029166465844689094,0,1.3403520795273807,-0.035629443044636
honest,0.2,1.0,True,15,0.0028502334365921476,0.7653278605844325,0.6066598257305406,7.276604249672407e-06,0,1.3403520795273807,-0.035629443044636
honest,0.2,0.0,False,16,0.06192984152418133,0.3893603522123978,0.03936035221239781,0.0005439303414577971,0,1.3174890660963332,0.11061542217942799
honest,0.2,0.0,True,16,0.00018628523355418048,1.1231381842791412,0.7731381842791414,1.6361448407082831e-06,0,1.3174890660963332,0.11061542217942799
honest,0.2,1.0,False,16,0.10959877068789009,0.3114882817699183,0.03936035221239781,0.0009626069645332734,0,1.3174890660963332,0.11061542217942799
honest,0.2,1.0,True,16,0.0011225556823324164,0.898510547423313,0.7731381842791414,9.859416406839147e-06,0,1.3174890660963332,0.11061542217942799
honest,0.2,0.0,False,17,0.0538584102637079,0.36086069824636796,0.010860698246368004,0.00013052557594181221,0,1.3826809975250491,-0.0006423014788174974
honest,0.2,0.0,True,17,0.0005569432279603437,0.9391677595596606,0.5891677595596606,1.3497490037391823e-06,0,1.3826809975250491,-0.0006423014788174974
honest,0.2,1.0,False,17,0.09206678873711555,0.28868855859709436,0.010860698246368004,0.00022312338158860906,0,1.3826809975250491,-0.0006423014788174974
honest,0.2,1.0,True,17,0.002497855501639951,0.7513342076477285,0.5891677595596606,6.053539760542738e-06,0,1.3826809975250491,-0.0006423014788174974
honest,0.2,0.0,False,18,0.05554968525861068,0.40191227413454683,0.051912274134546854,0.0006434813995294427,0,1.320103490617626,-0.37371507652785496
honest,0.2,0.0,True,18,7.951264168193878e-05,1.2276859975972925,0.8776859975972926,9.210656318137476e-07,0,1.320103490617626,-0.37371507652785496
honest,0.2,1.0,False,18,0.10062805439798744,0.32152981930763747,0.051912274134546854,0.0011656642332803261,0,1.320103490617626,-0.37371507652785496
honest,0.2,1.0,True,18,0.0005666412197379128,0.9821487980778341,0.8776859975972926,6.563909109665079e-06,0,1.320103490617626,-0.37371507652785496
honest,0.2,0.0,False,19,0.06358483236535573,0.3560144398891463,0.0060144398891463086,8.533615284367822e-05,0,1.3588402668026243,-0.0715922227623711
honest,0.2,0.0,True,19,0.0001868686394620967,1.0929186634393364,0.7429186634393365,2.5079331321027803e-07,0,1.3588402668026243,-0.0715922227623711
honest,0.2,1.0,False,19,0.10716224616775723,0.284811551911317,0.0060144398891463086,0.00014382067983600072,0,1.3588402668026243,-0.0715922227623711
honest,0.2,1.0,True,19,0.0010729735643993875,0.8743349307514692,0.7429186634393365,1.4400200909973743e-06,0,1.3588402668026243,-0.0715922227623711
honest,0.2,0.0,False,20,0.04848257783115445,0.49234179799859024,0.14234179799859023,0.0015399353595076822,0,1.219613102541933,-0.40352994215714855
honest,0.2,0.0,True,20,0.026148160481698074,0.572420154257155,0.22242015425715497,0.0008305349821142024,0,1.219613102541933,-0.40352994215714855
honest,0.2,1.0,False,20,0.100732993513039,0.39387343839887223,0.14234179799859023,0.003199547250148621,0,1.219613102541933,-0.40352994215714855
honest,0.2,1.0,True,20,0.06287853320453111,0.457936123405724,0.22242015425715497,0.0019971891134347654,0,1.219613102541933,-0.40352994215714855
honest,0.2,0.0,False,21,0.04935128618588861,0.377114033873133,0.02711403387313305,0.00029859116310797836,1,1.3761169692958166,0.08113076526267538
honest,0.2,0.0,True,21,0.0027986740731525284,0.741817301554123,0.391817301554123,1.693287878081085e-05,1,1.3761169692958166,0.08113076526267538
honest,0.2,1.0,False,21,0.08668513088107387,0.30169122709850643,0.02711403387313305,0.0005244729378775182,1,1.3761169692958166,0.08113076526267538
honest,0.2,1.0,True,21,0.009112993651828601,0.5934538412432984,0.391817301554123,5.513654423606854e-05,1,1.3761169692958166,0.08113076526267538
honest,0.2,0.0,False,22,0.06578662901061472,0.3637057089453542,0.013705708945354202,0.00020119791629205608,1,1.3418710050539269,0.12950298945739802
honest,0.2,0.0,True,22,0.0013308422959708661,0.8596211156614166,0.5096211156614167,4.070168982506618e-06,1,1.3418710050539269,0.12950298945739802
honest,0.2,1.0,False,22,0.11191188806374489,0.2909645671562834,0.013705708945354202,0.0003422646672335537,1,1.3418710050539269,0.12950298945739802
honest,0.2,1.0,True,22,0.005245018342564842,0.6876968925291334,0.5096211156614167,1.6041052373536095e-05,1,1.3418710050539269,0.12950298945739802
honest,0.2,0.0,False,23,0.05533536675915734,0.36824749349152086,0.018247493491520873,0.00022531512740683128,0,1.3674819625393855,-0.11555960304677315
honest,0.2,0.0,True,23,0.0007584912601397056,0.9114978399121564,0.5614978399121564,3.0884326774081413e-06,0,1.3674819625393855,-0.11555960304677315
honest,0.2,1.0,False,23,0.0955029642106575,0.2945979947932167,0.018247493491520873,0.0003888699724809058,0,1.3674819625393855,-0.11555960304677315
honest,0.2,1.0,True,23,0.0032526607637728827,0.7291982719297252,0.5614978399121564,1.3244218251782102e-05,0,1.3674819625393855,-0.11555960304677315
honest,0.2,0.0,False,24,0.06638944242714348,0.3827987165326765,0.03279871653267649,0.00048589251748973463,0,1.3137100007255258,-0.3652466607754319
honest,0.2,0.0,True,24,0.0001066539132369093,1.1955853936172351,0.8455853936172353,7.805810157192389e-07,0,1.3137100007255258,-0.3652466607754319
honest,0.2,1.0,False,24,0.11598189942903586,0.30623897322614124,0.03279871653267649,0.0008488508870768086,0,1.3137100007255258,-0.3652466607754319
honest,0.2,1.0,True,24,0.0007219170536853835,0.9564683148937881,0.8455853936172353,5.283582476519612e-06,0,1.3137100007255258,-0.3652466607754319
honest,0.2,0.0,False,25,0.07425082650659628,0.3556649527913266,0.005664952791326644,9.386029781345903e-05,0,1.3304673853512698,-0.12402719528806672
honest,0.2,0.0,True,25,0.00011488020382850613,1.1742088744933166,0.8242088744933167,1.4521979958373327e-07,0,1.3304673853512698,-0.12402719528806672
honest,0.2,1.0,False,25,0.12410801607557975,0.28453196223306126,0.005664952791326644,0.0001568846556725752,0,1.3304673853512698,-0.12402719528806672
honest,0.2,1.0,True,25,0.0007514369044515364,0.9393670995946533,0.8242088744933167,9.498896505021291e-07,0,1.3304673853512698,-0.12402719528806672
honest,0.2,0.0,False,26,0.055639207202154504,0.37982831499473985,0.029828314994739875,0.0003703343482391785,1,1.350422894272474,0.34797090093116956
honest,0.2,0.0,True,26,0.0007821501044783062,0.919960972444427,0.569960972444427,5.205988074466355e-06,1,1.350422894272474,0.34797090093116956
honest,0.2,1.0,False,26,0.09762514990620952,0.3038626519957919,0.029828314994739875,0.0006497926207127591,1,1.350422894272474,0.34797090093116956
honest,0.2,1.0,True,26,0.003399424623310133,0.7359687779555416,0.569960972444427,2.262655716296806e-05,1,1.350422894272474,0.34797090093116956
honest,0.2,0.0,False,27,0.06427565531625566,0.3500243124718242,2.431247182422213e-05,3.48706440772918e-07,0,1.365143924720813,-0.003712376297930531
honest,0.2,0.0,True,27,0.00017401622505630205,1.0972803128877147,0.7472803128877147,9.440678306204013e-10,0,1.365143924720813,-0.003712376297930531
honest,0.2,1.0,False,27,0.10734990047871174,0.28001944997745937,2.431247182422213e-05,5.82391599573336e-07,0,1.365143924720813,-0.003712376297930531
honest,0.2,1.0,True,27,0.0010062283765319517,0.8778242503101717,0.7472803128877147,5.45896131371576e-09,0,1.365143924720813,-0.003712376297930531
honest,0.2,0.0,False,28,0.06879154671571719,0.38421887462727017,0.034218874627270204,0.0005252730720717075,0,1.3051357137871338,0.053316900946164036
honest,0.2,0.0,True,28,0.0012617094178434757,0.8927967503420122,0.5427967503420122,9.634061358021882e-06,0,1.3051357137871338,0.053316900946164036
honest,0.2,1.0,False,28,0.120187892067552,0.30737509970181615,0.034218874627270204,0.0009177212362012766,0,1.3051357137871338,0.053316900946164036
honest,0.2,1.0,True,28,0.0052432823887617,0.7142374002736098,0.5427967503420122,4.0036242526512085e-05,0,1.3051357137871338,0.053316900946164036
honest,0.2,0.0,False,29,0.06387640564983187,0.4114146198376645,0.06141461983766447,0.0008753799167511993,0,1.281192540734026,-0.5345645715217395
honest,0.2,0.0,True,29,0.00011536102353524208,1.2092310180617063,0.8592310180617063,1.580939349220868e-06,0,1.281192540734026,-0.5345645715217395
honest,0.2,1.0,False,29,0.11644504290091036,0.3291316958701316,0.06141461983766447,0.0015957950502018745,0,1.281192540734026,-0.5345645715217395
honest,0.2,1.0,True,29,0.0007980355843887036,0.9673848144493651,0.8592310180617063,1.0936500204101838e-05,0,1.281192540734026,-0.5345645715217395
honest,0.2,0.0,False,30,0.05114579412802009,0.42146204419373534,0.07146204419373536,0.0008155858866800657,0,1.3081209693157898,-0.3357269394973299
honest,0.2,0.0,True,30,0.023492221043736494,0.5223043535314265,0.17230435353142654,0.00037461387112460955,0,1.3081209693157898,-0.3357269394973299
honest,0.2,1.0,False,30,0.09567466720902654,0.3371696353549883,0.07146204419373536,0.0015256564028154388,0,1.3081209693157898,-0.3357269394973299
honest,0.2,1.0,True,30,0.05256905552475868,0.41784348282514117,0.17230435353142654,0.0008382816318146713,0,1.3081209693157898,-0.3357269394973299
honest,0.2,0.0,False,31,0.06118033372531513,0.360559853205586,0.010559853205586018,0.00014416308362897408,1,1.3596634372692546,-0.004535063622598701
honest,0.2,0.0,True,31,0.00013325910378969734,1.134595389404939,0.7845953894049389,3.1400684099255174e-07,1,1.3596634372692546,-0.004535063622598701
honest,0.2,1.0,False,31,0.10396717216854391,0.2884478825644688,0.010559853205586018,0.0002449844128555306,1,1.3596634372692546,-0.004535063622598701
honest,0.2,1.0,True,31,0.0008180822288576213,0.9076763115239512,0.7845953894049389,1.9276988141922938e-06,1,1.3596634372692546,-0.004535063622598701
honest,0.2,0.0,False,32,0.06979426421594188,0.40042105459559346,0.050421054595593484,0.0007852645621357437,0,1.2799804021304786,-0.4733654226301751
honest,0.2,0.0,True,32,1.851196106427837e-05,1.4388236830371577,1.0888236830371578,2.0828053942137709e-07,0,1.2799804021304786,-0.4733654226301751
honest,0.2,1.0,False,32,0.12464276959094937,0.3203368436764748,0.050421054595593484,0.0014023724010241345,0,1.2799804021304786,-0.4733654226301751
honest,0.2,1.0,True,32,0.0001850023361285487,1.1510589464297263,1.0888236830371578,2.081485923035086e-06,0,1.2799804021304786,-0.4733654226301751
honest,0.2,0.0,False,33,0.05252310322621329,0.37954898282809607,0.029548982828096107,0.000346319745647442,0,1.361368365068838,-0.28419590553927887
honest,0.2,0.0,True,33,0.00254042454081237,0.764590357067472,0.41459035706747205,1.6750708293480427e-05,0,1.361368365068838,-0.28419590553927887
honest,0.2,1.0,False,33,0.09235017506630581,0.3036391862624769,0.029548982828096107,0.0006089261139371866,0,1.361368365068838,-0.28419590553927887
honest,0.2,1.0,True,33,0.008581433475906184,0.6116722856539777,0.41459035706747205,5.658309726800461e-05,0,1.361368365068838,-0.28419590553927887
honest,0.2,0.0,False,34,0.04336523440630001,0.4678896439132028,0.11788964391320285,0.0011407794645611282,1,1.2737699659793407,0.6423097840640128
honest,0.2,0.0,True,34,8.164958800141025e-05,1.2577932098678368,0.9077932098678367,2.1478996840924193e-06,1,1.2737699659793407,0.6423097840640128
honest,0.2,1.0,False,34,0.08745283329830648,0.3743117151305623,0.11788964391320285,0.0023005616759655314,1,1.2737699659793407,0.6423097840640128
honest,0.2,1.0,True,34,0.0006105601506648814,1.0062345678942695,0.9077932098678367,1.6061586920804398e-05,1,1.2737699659793407,0.6423097840640128
honest,0.2,0.0,False,35,0.04607889514311958,0.4044707084395688,0.05447070843956883,0.0005600791705805887,1,1.3506770386530107,0.42712755305850814
honest,0.2,0.0,True,35,0.0029896587473167333,0.7518927038364698,0.40189270383646986,3.6338666244392e-05,1,1.3506770386530107,0.42712755305850814
honest,0.2,1.0,False,35,0.08447262128317859,0.323576566751655,0.05447070843956883,0.001026746746381468,1,1.3506770386530107,0.42712755305850814
honest,0.2,1.0,True,35,0.009887242272432907,0.6015141630691758,0.40189270383646986,0.00012017732704036914,1,1.3506770386530107,0.42712755305850814
honest,0.2,0.0,False,36,0.051563911834717494,0.40453405207010895,0.05453405207010897,0.000627477223528149,1,1.3301009094495042,0.3705412090634914
honest,0.2,0.0,True,36,0.007342095145954768,0.6538802387617241,0.3038802387617241,8.934538348894915e-05,1,1.3301009094495042,0.3705412090634914
honest,0.2,1.0,False,36,0.09408576510826731,0.3236272416560872,0.05453405207010897,0.0011449223412857582,1,1.3301009094495042,0.3705412090634914
honest,0.2,1.0,True,36,0.020622115875723396,0.5231041910093793,0.3038802387617241,0.00025094892052511736,1,1.3301009094495042,0.3705412090634914
honest,0.2,0.0,False,37,0.06042360650416461,0.3642713579012472,0.0142713579012472,0.00019242269000722685,0,1.3568145343619002,-0.17477135670425192
honest,0.2,0.0,True,37,0.0020510768316190186,0.7946823445422657,0.4446823445422658,6.531780279027687e-06,0,1.3568145343619002,-0.17477135670425192
honest,0.2,1.0,False,37,0.1032878560979847,0.2914170863209978,0.0142713579012472,0.0003289265283111447,0,1.3568145343619002,-0.17477135670425192
honest,0.2,1.0,True,37,0.007276187899803716,0.6357458756338126,0.4446823445422658,2.3171467737228915e-05,0,1.3568145343619002,-0.17477135670425192
honest,0.2,0.0,False,38,0.06753333890285354,0.35367089603919294,0.0036708960391929647,5.531904168311649e-05,0,1.3509169685593851,-0.045165991113631065
honest,0.2,0.0,True,38,0.00013718223020036416,1.1372772915170763,0.7872772915170765,1.1237101013994396e-07,0,1.3509169685593851,-0.045165991113631065
honest,0.2,1.0,False,38,0.1131121653540311,0.28293671683135435,0.0036708960391929647,9.265433475884038e-05,0,1.3509169685593851,-0.045165991113631065
honest,0.2,1.0,True,38,0.0008457678574384215,0.9098218332136612,0.7872772915170765,6.927995582623152e-07,0,1.3509169685593851,-0.045165991113631065
honest,0.2,0.0,False,39,0.05649330078871799,0.38672667182909604,0.03672667182909606,0.0004629806766840571,0,1.3380631059708175,-0.2546829336179046
honest,0.2,0.0,True,39,0.00011901559748872257,1.164308618738163,0.8143086187381632,9.753709040185927e-07,0,1.3380631059708175,-0.2546829336179046
honest,0.2,1.0,False,39,0.1000455355423471,0.30938133746327684,0.03672667182909606,0.0008199051763295962,0,1.3380631059708175,-0.2546829336179046
honest,0.2,1.0,True,39,0.0007662441331672921,0.9314468949905305,0.8143086187381632,6.279615854024028e-06,0,1.3380631059708175,-0.2546829336179046
honest,0.4,0.0,False,0,0.07329007789510845,0.3869353539806874,0.03693535398068741,0.0013828023942491921,1,1.289553979865246,0.30597811747042936
honest,0.4,0.0,True,0,0.0020649029728643,0.8423590594392765,0.49235905943927644,3.8959608950826366e-05,1,1.289553979865246,0.30597811747042936
honest,0.4,1.0,False,0,0.21432962071990933,0.23216121238841242,0.03693535398068741,0.0040438695277985595,1,1.289553979865246,0.30597811747042936
honest,0.4,1.0,True,0,0.029740436403686885,0.5054154356635658,0.49235905943927644,0.0005611284343822323,1,1.289553979865246,0.30597811747042936
honest,0.4,0.0,False,1,0.045821243813175476,0.3998626498785708,0.0498626498785708,0.0011671183642877783,1,1.3580836188360423,0.14889898650404798
honest,0.4,0.0,True,1,0.00012368015292979316,1.1450607550998817,0.7950607550998818,3.150271921269324e-06,1,1.3580836188360423,0.14889898650404798
honest,0.4,1.0,False,1,0.14722386773373186,0.23991758992714246,0.0498626498785708,0.003749956688083309,1,1.3580836188360423,0.14889898650404798
honest,0.4,1.0,True,1,0.004803986450685882,0.687036453059929,0.7950607550998818,0.00012236291164957348,1,1.3580836188360423,0.14889898650404798
honest,0.4,0.0,False,2,0.06983476731341608,0.3750358653032427,0.02503586530324271,0.0008931141512345958,0,1.3150636686210269,-0.053532096076720936
honest,0.4,0.0,True,2,0.015252577071573396,0.5723366718874316,0.22233667188743161,0.0001950646210974276,0,1.3150636686210269,-0.053532096076720936
honest,0.4,1.0,False,2,0.19954900199134418,0.2250215191819456,0.02503586530324271,0.0025520245058362474,0,1.3150636686210269,-0.053532096076720936
honest,0.4,1.0,True,2,0.08817220628073931,0.343402003132459,0.22233667188743161,0.0011276309523805888,0,1.3150636686210269,-0.053532096076720936
honest,0.4,0.0,False,3,0.05829219501867864,0.4022790416523028,0.05227904165230285,0.0015567207020840436,0,1.3107403652283711,-0.3573701407147283
honest,0.4,0.0,True,3,0.0010301854302793795,0.9141239059848293,0.5641239059848293,2.751159028729985e-05,0,1.3107403652283711,-0.3573701407147283
honest,0.4,1.0,False,3,0.18318233075309096,0.2413674249913817,0.05227904165230285,0.004891970982529786,0,1.3107403652283711,-0.3573701407147283
honest,0.4,1.0,True,3,0.01885782837906276,0.5484743435908975,0.5641239059848293,0.000503607246641309,0,1.3107403652283711,-0.3573701407147283
honest,0.4,0.0,False,4,0.04963988608756407,0.3917685639462313,0.041768563946231324,0.001059139083111468,0,1.3547384549982893,-0.5032072398535428
honest,0.4,0.0,True,4,0.0036284968692167057,0.7246754879169508,0.3746754879169508,7.74192519369579e-05,0,1.3547384549982893,-0.5032072398535428
honest,0.4,1.0,False,4,0.15467606137484247,0.23506113836773876,0.041768563946231324,0.0033002384722410822,0,1.3547384549982893,-0.5032072398535428
honest,0.4,1.0,True,4,0.03569695745434962,0.4348052927501705,0.3746754879169508,0.0007616464453882123,0,1.3547384549982893,-0.5032072398535428
honest,0.4,0.0,False,5,0.04905502382774516,0.38444772816198935,0.034447728161989384,0.0008632105713718604,1,1.3670477040749838,-0.18670045922933975
honest,0.4,0.0,True,5,0.0001850356979291902,1.0882306204489547,0.7382306204489548,3.256032880434727e-06,1,1.3670477040749838,-0.18670045922933975
honest,0.4,1.0,False,5,0.15004082840486208,0.2306686368971936,0.034447728161989384,0.002640235782399406,1,1.3670477040749838,-0.18670045922933975
honest,0.4,1.0,True,5,0.005985340342028856,0.6529383722693728,0.7382306204489548,0.00010532273054519607,1,1.3670477040749838,-0.18670045922933975
honest,0.4,0.0,False,6,0.05845579701203403,0.3644084212721288,0.014408421272128831,0.0004302458184287308,1,1.3627244222585158,0.16115236252835685
honest,0.4,0.0,True,6,0.002473385405788008,0.7669634929375402,0.41696349293754015,1.820458846851178e-05,1,1.3627244222585158,0.16115236252835685
honest,0.4,1.0,False,6,0.166152639116864,0.21864505276327728,0.014408421272128831,0.0012229151231350436,1,1.3627244222585158,0.16115236252835685
honest,0.4,1.0,True,6,0.02804748917891765,0.4601780957625241,0.41696349293754015,0.00020643487136391543,1,1.3627244222585158,0.16115236252835685
honest,0.4,0.0,False,7,0.05804224720904597,0.35442591013441943,0.004425910134419451,0.00013122587707444105,0,1.3778695034590949,0.051975234647196
honest,0.4,0.0,True,7,0.00039337879531787075,0.9861202624769633,0.6361202624769633,8.893776502510972e-07,0,1.3778695034590949,0.051975234647196
honest,0.4,1.0,False,7,0.16075430440867444,0.21265554608065165,0.004425910134419451,0.0003634443117535305,0,1.3778695034590949,0.051975234647196
honest,0.4,1.0,True,7,0.009150453532683612,0.591672157486178,0.6361202624769633,2.0687970369765105e-05,0,1.3778695034590949,0.051975234647196
honest,0.4,0.0,False,8,0.05674485999476649,0.35969122004958465,0.009691220049584691,0.00028091676443374935,0,1.3747260757399302,-0.2152751728041784
honest,0.4,0.0,True,8,0.0005481645424953342,0.94689309662684,0.59689309662684,2.713701464225975e-06,0,1.3747260757399302,-0.2152751728041784
honest,0.4,1.0,False,8,0.15979424028935482,0.2158147320297508,0.009691220049584691,0.0007910651460127786,0,1.3747260757399302,-0.2152751728041784
honest,0.4,1.0,True,8,0.011224939372678672,0.568135857976104,0.59689309662684,5.5569326452276306e-05,0,1.3747260757399302,-0.2152751728041784
honest,0.4,0.0,False,9,0.06397444351235505,0.3625294694300998,0.012529469430099832,0.0004094603672936083,0,1.3486778426016888,0.1516990194349248
honest,0.4,0.0,True,9,0.0015615493241799229,0.8346988353903197,0.4846988353903198,9.99449975211296e-06,0,1.3486778426016888,0.1516990194349248
honest,0.4,1.0,False,9,0.17901065613255063,0.21751768165805987,0.012529469430099832,0.0011457351558728038,0,1.3486778426016888,0.1516990194349248
honest,0.4,1.0,True,9,0.022107609766021823,0.5008193012341918,0.4846988353903198,0.00014149697156851167,0,1.3486778426016888,0.1516990194349248
honest,0.4,0.0,False,10,0.07917103452610008,0.4114908227873829,0.061490822787382916,0.0024868483251279947,0,1.2410344913939695,-0.5513381237660024
honest,0.4,0.0,True,10,0.014980870764273008,0.6280187164308286,0.27801871643082865,0.00047056544848873323,0,1.2410344913939695,-0.5513381237660024
honest,0.4,1.0,False,10,0.24289123444091693,0.24689449367242974,0.061490822787382916,0.0076294779166809455,0,1.2410344913939695,-0.5513381237660024
honest,0.4,1.0,True,10,0.10190571226145022,0.3768112298584972,0.27801871643082865,0.0032009692859933164,0,1.2410344913939695,-0.5513381237660024
honest,0.4,0.0,False,11,0.06681042512563141,0.35995986680026165,0.009959866800261667,0.00033991508590094406,0,1.3441978521685556,-0.2193868257587006
honest,0.4,0.0,True,11,0.003258057483702384,0.7457863059247498,0.39578630592474984,1.6576198809698012e-05,0,1.3441978521685556,-0.2193868257587006
honest,0.4,1.0,False,11,0.18469180745894842,0.21597592008015698,0.009959866800261667,0.0009396666984165632,0,1.3441978521685556,-0.2193868257587006
honest,0.4,1.0,True,11,0.03432860713074263,0.4474717835548499,0.39578630592474984,0.00017465554843819537,0,1.3441978521685556,-0.2193868257587006
honest,0.4,0.0,False,12,0.08291339834483408,0.37158219608693,0.021582196086930017,0.0009140985579767372,0,1.2876504491668515,-0.1673560601358386
honest,0.4,0.0,True,12,0.0002254077847228761,1.1208282895934625,0.7708282895934625,2.4850619451753477e-06,0,1.2876504491668515,-0.1673560601358386
honest,0.4,1.0,False,12,0.22893364867350818,0.222949317652158,0.021582196086930017,0.0025239336741990533,0,1.2876504491668515,-0.1673560601358386
honest,0.4,1.0,True,12,0.008076210936950252,0.6724969737560774,0.7708282895934625,8.903811589869713e-05,0,1.2876504491668515,-0.1673560601358386
honest,0.4,0.0,False,13,0.06238495057822349,0.3692780473960505,0.019278047396050525,0.0006143495620706203,0,1.3439761697826333,-0.1789646555030795
honest,0.4,0.0,True,13,0.0012117631141729099,0.8698344177530216,0.5198344177530216,1.193310456489036e-05,0,1.3439761697826333,-0.1789646555030795
honest,0.4,1.0,False,13,0.17823879550420146,0.22156682843763031,0.019278047396050525,0.0017552458557244437,0,1.3439761697826333,-0.1789646555030795
honest,0.4,1.0,True,13,0.0192464188646136,0.5219006506518129,0.5198344177530216,0.0001895333552613323,0,1.3439761697826333,-0.1789646555030795
honest,0.4,0.0,False,14,0.057583423250839226,0.35983544162233916,0.009835441622339194,0.0002893103818303106,0,1.3718299622969639,-0.2173746088430566
honest,0.4,0.0,True,14,0.003081541774028621,0.73283872469554,0.38283872469554003,1.5482268627669335e-05,0,1.3718299622969639,-0.2173746088430566
honest,0.4,1.0,False,14,0.1619569036247266,0.21590126497340348,0.009835441622339194,0.000813703162863656,0,1.3718299622969639,-0.2173746088430566
honest,0.4,1.0,True,14,0.03124492026706621,0.439703234817324,0.38283872469554003,0.00015698059098267998,0,1.3718299622969639,-0.2173746088430566
honest,0.4,0.0,False,15,0.06745824006863747,0.36144099997373935,0.011440999973739388,0.0003942499665929667,0,1.3403520795273807,-0.035629443044636
honest,0.4,0.0,True,15,0.0006181532567672768,0.9566598257305405,0.6066598257305406,3.612707663020341e-06,0,1.3403520795273807,-0.035629443044636
honest,0.4,1.0,False,15,0.18697392809857086,0.2168645999842436,0.011440999973739388,0.0010927421888210285,0,1.3403520795273807,-0.035629443044636
honest,0.4,1.0,True,15,0.013036957879703989,0.5739958954383243,0.6066598257305406,7.619262232927426e-05,0,1.3403520795273807,-0.035629443044636
honest,0.4,0.0,False,16,0.06192984152418133,0.3893603522123978,0.03936035221239781,0.0012451785154623642,0,1.3174890660963332,0.11061542217942799
honest,0.4,0.0,True,16,0.00018628523355418048,1.1231381842791412,0.7731381842791414,3.74550240822081e-06,0,1.3174890660963332,0.11061542217942799
honest,0.4,1.0,False,16,0.18665863170112368,0.23361621132743865,0.03936035221239781,0.0037530100545968394,0,1.3174890660963332,0.11061542217942799
honest,0.4,1.0,True,16,0.00673283714151974,0.6738829105674847,0.7731381842791414,0.00013537228499856463,0,1.3174890660963332,0.11061542217942799
honest,0.4,0.0,False,17,0.0538584102637079,0.36086069824636796,0.010860698246368004,0.0002988023106883552,0,1.3826809975250491,-0.0006423014788174974
honest,0.4,0.0,True,17,0.0005569432279603437,0.9391677595596606,0.5891677595596606,3.08987811972089e-06,0,1.3826809975250491,-0.0006423014788174974
honest,0.4,1.0,False,17,0.1529978421452811,0.21651641894782078,0.010860698246368004,0.0008488202406922447,0,1.3826809975250491,-0.0006423014788174974
honest,0.4,1.0,True,17,0.011127418181074735,0.5635006557357963,0.5891677595596606,6.173405877041276e-05,0,1.3826809975250491,-0.0006423014788174974
honest,0.4,0.0,False,18,0.05554968525861068,0.40191227413454683,0.051912274134546854,0.0014730732094228721,0,1.320103490617626,-0.37371507652785496
honest,0.4,0.0,True,18,7.951264168193878e-05,1.2276859975972925,0.8776859975972926,2.1085257589996614e-06,0,1.320103490617626,-0.37371507652785496
honest,0.4,1.0,False,18,0.175490181723304,0.2411473644807281,0.051912274134546854,0.004653669665451061,0,1.320103490617626,-0.37371507652785496
honest,0.4,1.0,True,18,0.0040261122742909885,0.7366115985583754,0.8776859975972926,0.00010676492768187785,0,1.320103490617626,-0.37371507652785496
honest,0.4,0.0,False,19,0.06358483236535573,0.3560144398891463,0.0060144398891463086,0.00019535358852821992,0,1.3588402668026243,-0.0715922227623711
honest,0.4,0.0,True,19,0.0001868686394620967,1.0929186634393364,0.7429186634393365,5.741221285690888e-07,0,1.3588402668026243,-0.0715922227623711
honest,0.4,1.0,False,19,0.17502304977494448,0.21360866393348776,0.0060144398891463086,0.0005377285679110774,0,1.3588402668026243,-0.0715922227623711
honest,0.4,1.0,True,19,0.00613508086841422,0.6557511980636018,0.7429186634393365,1.884899305338981e-05,0,1.3588402668026243,-0.0715922227623711
honest,0.4,0.0,False,20,0.04848257783115445,0.49234179799859024,0.14234179799859023,0.0035252573329898605,0,1.219613102541933,-0.40352994215714855
honest,0.4,0.0,True,20,0.026148160481698074,0.572420154257155,0.22242015425715497,0.0019012808024219466,0,1.219613102541933,-0.40352994215714855
honest,0.4,1.0,False,20,0.19760043151823345,0.2954050787991541,0.14234179799859023,0.014367890516002832,0,1.219613102541933,-0.40352994215714855
honest,0.4,1.0,True,20,0.14359631808437132,0.343452092554293,0.22242015425715497,0.010441152182134714,0,1.219613102541933,-0.40352994215714855
honest,0.4,0.0,False,21,0.04935128618588861,0.377114033873133,0.02711403387313305,0.000683542124553132,1,1.3761169692958166,0.08113076526267538
honest,0.4,0.0,True,21,0.0027986740731525284,0.741817301554123,0.391817301554123,3.876315633778657e-05,1,1.3761169692958166,0.08113076526267538
honest,0.4,1.0,False,21,0.14786870420353965,0.2262684203238798,0.02711403387313305,0.002048061885266673,1,1.3761169692958166,0.08113076526267538
honest,0.4,1.0,True,21,0.029255618031276583,0.4450903809324738,0.391817301554123,0.0004052062033173866,1,1.3761169692958166,0.08113076526267538
honest,0.4,0.0,False,22,0.06578662901061472,0.3637057089453542,0.013705708945354202,0.00046058714439650646,1,1.3418710050539269,0.12950298945739802
honest,0.4,0.0,True,22,0.0013308422959708661,0.8596211156614166,0.5096211156614167,9.317529442714089e-06,1,1.3418710050539269,0.12950298945739802
honest,0.4,1.0,False,22,0.18400729957312162,0.2182234253672125,0.013705708945354202,0.0012882769330652569,1,1.3418710050539269,0.12950298945739802
honest,0.4,1.0,True,22,0.0204357115382773,0.51577266939685,0.5096211156614167,0.00014307506194924773,1,1.3418710050539269,0.12950298945739802
honest,0.4,0.0,False,23,0.05533536675915734,0.36824749349152086,0.018247493491520873,0.0005157968483679812,0,1.3674819625393855,-0.11555960304677315
honest,0.4,0.0,True,23,0.0007584912601397056,0.9114978399121564,0.5614978399121564,7.070114908562981e-06,0,1.3674819625393855,-0.11555960304677315
honest,0.4,1.0,False,23,0.15989282147310344,0.22094849609491252,0.018247493491520873,0.0014904069173598251,0,1.3674819625393855,-0.11555960304677315
honest,0.4,1.0,True,23,0.013834927077118383,0.5468987039472938,0.5614978399121564,0.0001289593292990614,0,1.3674819625393855,-0.11555960304677315
honest,0.4,0.0,False,24,0.06638944242714348,0.3827987165326765,0.03279871653267649,0.0011123169227526567,0,1.3137100007255258,-0.3652466607754319
honest,0.4,0.0,True,24,0.0001066539132369093,1.1955853936172351,0.8455853936172353,1.7869249723161467e-06,0,1.3137100007255258,-0.3652466607754319
honest,0.4,1.0,False,24,0.19488657393964123,0.22967922991960588,0.03279871653267649,0.003265212453745817,0,1.3137100007255258,-0.3652466607754319
honest,0.4,1.0,True,24,0.0048692146868863015,0.717351236170341,0.8455853936172353,8.158089146001053e-05,0,1.3137100007255258,-0.3652466607754319
honest,0.4,0.0,False,25,0.07425082650659628,0.3556649527913266,0.005664952791326644,0.00021486726770745206,0,1.3304673853512698,-0.12402719528806672
honest,0.4,0.0,True,25,0.00011488020382850613,1.1742088744933166,0.8242088744933167,3.3244068344631036e-07,0,1.3304673853512698,-0.12402719528806672
honest,0.4,1.0,False,25,0.20020292388495117,0.21339897167479596,0.005664952791326644,0.0005793478304026812,0,1.3304673853512698,-0.12402719528806672
honest,0.4,1.0,True,25,0.004897906871845768,0.7045253246959899,0.8242088744933167,1.4173577811225586e-05,0,1.3304673853512698,-0.12402719528806672
honest,0.4,0.0,False,26,0.055639207202154504,0.37982831499473985,0.029828314994739875,0.0008477783620771984,1,1.350422894272474,0.34797090093116956
honest,0.4,0.0,True,26,0.0007821501044783062,0.919960972444427,0.569960972444427,1.1917674025510762e-05,1,1.350422894272474,0.34797090093116956
honest,0.4,1.0,False,26,0.16573381198706724,0.2278969889968439,0.029828314994739875,0.0025252972990198437,1,1.350422894272474,0.34797090093116956
honest,0.4,1.0,True,26,0.014646395261065885,0.5519765834666561,0.569960972444427,0.0002231681148807034,1,1.350422894272474,0.34797090093116956
honest,0.4,0.0,False,27,0.06427565531625566,0.3500243124718242,2.431247182422213e-05,7.982672323262481e-07,0,1.365143924720813,-0.003712376297930531
honest,0.4,0.0,True,27,0.00017401622505630205,1.0972803128877147,0.7472803128877147,2.1611829497819886e-09,0,1.365143924720813,-0.003712376297930531
honest,0.4,1.0,False,27,0.17392488729817535,0.2100145874830945,2.431247182422213e-05,2.1600485865611398e-06,0,1.365143924720813,-0.003712376297930531
honest,0.4,1.0,True,27,0.005795328196814642,0.6583681877326287,0.7472803128877147,7.19746936430455e-08,0,1.365143924720813,-0.003712376297930531
honest,0.4,0.0,False,28,0.06879154671571719,0.38421887462727017,0.034218874627270204,0.0012024678423741724,0,1.3051357137871338,0.053316900946164036
honest,0.4,0.0,True,28,0.0012617094178434757,0.8927967503420122,0.5427967503420122,2.2054526665131404e-05,0,1.3051357137871338,0.053316900946164036
honest,0.4,1.0,False,28,0.20166798133006697,0.2305313247763621,0.034218874627270204,0.0035251317053249997,0,1.3051357137871338,0.053316900946164036
honest,0.4,1.0,True,28,0.021518777099798544,0.5356780502052073,0.5427967503420122,0.0003761455978982016,0,1.3051357137871338,0.053316900946164036
honest,0.4,0.0,False,29,0.06387640564983187,0.4114146198376645,0.06141461983766447,0.0020039409132509268,0,1.281192540734026,-0.5345645715217395
honest,0.4,0.0,True,29,0.00011536102353524208,1.2092310180617063,0.8592310180617063,3.6191246596447017e-06,0,1.281192540734026,-0.5345645715217395
honest,0.4,1.0,False,29,0.2028993885934426,0.24684877190259868,0.06141461983766447,0.00636539238455206,0,1.281192540734026,-0.5345645715217395
honest,0.4,1.0,True,29,0.005498373642709277,0.7255386108370238,0.8592310180617063,0.00017249586583453378,0,1.281192540734026,-0.5345645715217395
honest,0.4,0.0,False,30,0.05114579412802009,0.42146204419373534,0.07146204419373536,0.0018670589709824737,0,1.3081209693157898,-0.3357269394973299
honest,0.4,0.0,True,30,0.023492221043736494,0.5223043535314265,0.17230435353142654,0.0008575751495465029,0,1.3081209693157898,-0.3357269394973299
honest,0.4,1.0,False,30,0.17194621958365827,0.25287722651624117,0.07146204419373536,0.006276835412832391,0,1.3081209693157898,-0.3357269394973299
honest,0.4,1.0,True,30,0.11345360843251029,0.3133826121188559,0.17230435353142654,0.004141583507023965,0,1.3081209693157898,-0.3357269394973299
honest,0.4,0.0,False,31,0.06118033372531513,0.360559853205586,0.010559853205586018,0.00033002162368162447,1,1.3596634372692546,-0.004535063622598701
honest,0.4,0.0,True,31,0.00013325910378969734,1.134595389404939,0.7845953894049389,7.188320678420344e-07,1,1.3596634372692546,-0.004535063622598701
honest,0.4,1.0,False,31,0.171219910931768,0.21633591192335158,0.010559853205586018,0.0009236019088425484,1,1.3596634372692546,-0.004535063622598701
honest,0.4,1.0,True,31,0.005004619731469323,0.6807572336429634,0.7845953894049389,2.699613796001885e-05,1,1.3596634372692546,-0.004535063622598701
honest,0.4,0.0,False,32,0.06979426421594188,0.40042105459559346,0.050421054595593484,0.001797646660241061,0,1.2799804021304786,-0.4733654226301751
honest,0.4,0.0,True,32,1.851196106427837e-05,1.4388236830371577,1.0888236830371578,4.7680085685481677e-07,0,1.2799804021304786,-0.4733654226301751
honest,0.4,1.0,False,32,0.2127368552313963,0.24025263275735606,0.050421054595593484,0.005479328446442089,0,1.2799804021304786,-0.4733654226301751
honest,0.4,1.0,True,32,0.0018460870534980208,0.8632942098222945,1.0888236830371578,4.75484950449118e-05,0,1.2799804021304786,-0.4733654226301751
honest,0.4,0.0,False,33,0.05252310322621329,0.37954898282809607,0.029548982828096107,0.0007928035520225597,0,1.361368365068838,-0.28419590553927887
honest,0.4,0.0,True,33,0.00254042454081237,0.764590357067472,0.41459035706747205,3.8346127244746446e-05,0,1.361368365068838,-0.28419590553927887
honest,0.4,1.0,False,33,0.15736145492732853,0.22772938969685763,0.029548982828096107,0.0023752732179685887,0,1.361368365068838,-0.28419590553927887
honest,0.4,1.0,True,33,0.02857612661555368,0.4587542142404832,0.41459035706747205,0.0004313388450465843,0,1.361368365068838,-0.28419590553927887
honest,0.4,0.0,False,34,0.04336523440630001,0.4678896439132028,0.11788964391320285,0.0026114999879306953,1,1.2737699659793407,0.6423097840640128
honest,0.4,0.0,True,34,8.164958800141025e-05,1.2577932098678368,0.9077932098678367,4.917023993977346e-06,1,1.2737699659793407,0.6423097840640128
honest,0.4,1.0,False,34,0.1684690112017538,0.2807337863479217,0.11788964391320285,0.01014538089654971,1,1.2737699659793407,0.6423097840640128
honest,0.4,1.0,True,34,0.004550062519636876,0.7546759259207021,0.9077932098678367,0.0002740095465364151,1,1.2737699659793407,0.6423097840640128
honest,0.4,0.0,False,35,0.04607889514311958,0.4044707084395688,0.05447070843956883,0.0012821468063278468,1,1.3506770386530107,0.42712755305850814
honest,0.4,0.0,True,35,0.0029896587473167333,0.7518927038364698,0.40189270383646986,8.318735514331499e-05,1,1.3506770386530107,0.42712755305850814
honest,0.4,1.0,False,35,0.14983195516738984,0.24268242506374127,0.05447070843956883,0.004169079189226416,1,1.3506770386530107,0.42712755305850814
honest,0.4,1.0,True,35,0.03218485071380017,0.45113562230188187,0.40189270383646986,0.000895544553025142,1,1.3506770386530107,0.42712755305850814
honest,0.4,0.0,False,36,0.051563911834717494,0.40453405207010895,0.05453405207010897,0.001436436061987633,1,1.3301009094495042,0.3705412090634914
honest,0.4,0.0,True,36,0.007342095145954768,0.6538802387617241,0.3038802387617241,0.00020453161645298134,1,1.3301009094495042,0.3705412090634914
honest,0.4,1.0,False,36,0.16555223343957454,0.24272043124206535,0.05453405207010897,0.004611853325198804,1,1.3301009094495042,0.3705412090634914
honest,0.4,1.0,True,36,0.05655389892885357,0.3923281432570344,0.3038802387617241,0.0015754440843782835,1,1.3301009094495042,0.3705412090634914
honest,0.4,0.0,False,37,0.06042360650416461,0.3642713579012472,0.0142713579012472,0.00044049868378791984,0,1.3568145343619002,-0.17477135670425192
honest,0.4,0.0,True,37,0.0020510768316190186,0.7946823445422657,0.4446823445422658,1.4952709660152483e-05,0,1.3568145343619002,-0.17477135670425192
honest,0.4,1.0,False,37,0.17102490568704384,0.21856281474074832,0.0142713579012472,0.0012468015434481472,0,1.3568145343619002,-0.17477135670425192
honest,0.4,1.0,True,37,0.025472491186615636,0.47680940672535943,0.4446823445422658,0.00018569892612633462,0,1.3568145343619002,-0.17477135670425192
honest,0.4,0.0,False,38,0.06753333890285354,0.35367089603919294,0.0036708960391929647,0.00012663769043508692,0,1.3509169685593851,-0.045165991113631065
honest,0.4,0.0,True,38,0.00013718223020036416,1.1372772915170763,0.7872772915170765,2.572424388241597e-07,0,1.3509169685593851,-0.045165991113631065
honest,0.4,1.0,False,38,0.18340219754898762,0.21220253762351576,0.0036708960391929647,0.0003439135558177174,0,1.3509169685593851,-0.045165991113631065
honest,0.4,1.0,True,38,0.005195383839491089,0.6823663749102458,0.7872772915170765,9.742320179124532e-06,0,1.3509169685593851,-0.045165991113631065
honest,0.4,0.0,False,39,0.05649330078871799,0.38672667182909604,0.03672667182909606,0.0010598665816952673,0,1.3380631059708175,-0.2546829336179046
honest,0.4,0.0,True,39,0.00011901559748872257,1.164308618738163,0.8143086187381632,2.2328427037845025e-06,0,1.3380631059708175,-0.2546829336179046
honest,0.4,1.0,False,39,0.1710851493849465,0.23203600309745762,0.03672667182909606,0.0032097156640855983,0,1.3380631059708175,-0.2546829336179046
honest,0.4,1.0,True,39,0.004915914709361495,0.6985851712428978,0.8143086187381632,9.222710739459853e-05,0,1.3380631059708175,-0.2546829336179046
honest,0.538,0.0,False,0,0.07329007789510845,0.3869353539806874,0.03693535398068741,0.0020903154961819936,1,1.289553979865246,0.30597811747042936
honest,0.538,0.0,True,0,0.0020649029728643,0.8423590594392765,0.49235905943927644,5.889335645771762e-05,1,1.289553979865246,0.30597811747042936
honest,0.538,1.0,False,0,0.2948704172108697,0.17876413353907758,0.03693535398068741,0.008410036121719944,1,1.289553979865246,0.30597811747042936
honest,0.538,1.0,True,0,0.07208517023013829,0.3891698854609457,0.49235905943927644,0.00205595017367326,1,1.289553979865246,0.30597811747042936
honest,0.538,0.0,False,1,0.045821243813175476,0.3998626498785708,0.0498626498785708,0.0017642763802661451,1,1.3580836188360423,0.14889898650404798
honest,0.538,0.0,True,1,0.00012368015292979316,1.1450607550998817,0.7950607550998818,4.7621136914444826e-06,1,1.3580836188360423,0.14889898650404798
honest,0.538,1.0,False,1,0.21163562164590807,0.18473654424389968,0.0498626498785708,0.008148703470713187,1,1.3580836188360423,0.14889898650404798
honest,0.538,1.0,True,1,0.01680143897160635,0.5290180688561453,0.7950607550998818,0.0006469135157689631,1,1.3580836188360423,0.14889898650404798
honest,0.538,0.0,False,2,0.06983476731341608,0.3750358653032427,0.02503586530324271,0.0013500774643934231,0,1.3150636686210269,-0.053532096076720936
honest,0.538,0.0,True,2,0.015252577071573396,0.5723366718874316,0.22233667188743161,0.00029486975285301876,0,1.3150636686210269,-0.053532096076720936
honest,0.538,1.0,False,2,0.27386992643153774,0.1732665697700981,0.02503586530324271,0.005294577902592529,0,1.3150636686210269,-0.053532096076720936
honest,0.538,1.0,True,2,0.1539045371414633,0.2644195424119934,0.22233667188743161,0.002975352467776786,0,1.3150636686210269,-0.053532096076720936
honest,0.538,0.0,False,3,0.05829219501867864,0.4022790416523028,0.05227904165230285,0.0023532193900780768,0,1.3107403652283711,-0.3573701407147283
honest,0.538,0.0,True,3,0.0010301854302793795,0.9141239059848293,0.5641239059848293,4.158794036032708e-05,0,1.3107403652283711,-0.3573701407147283
honest,0.538,1.0,False,3,0.25906808455914904,0.1858529172433639,0.05227904165230285,0.01045841625520582,0,1.3107403652283711,-0.3573701407147283
honest,0.538,1.0,True,3,0.05008759246344054,0.4223252445649911,0.5641239059848293,0.002022004725495901,0,1.3107403652283711,-0.3573701407147283
honest,0.538,0.0,False,4,0.04963988608756407,0.3917685639462313,0.041768563946231324,0.0016010493236396008,0,1.3547384549982893,-0.5032072398535428
honest,0.538,0.0,True,4,0.0036284968692167057,0.7246754879169508,0.3746754879169508,0.00011703093854889414,0,1.3547384549982893,-0.5032072398535428
honest,0.538,1.0,False,4,0.2199643020853626,0.18099707654315883,0.041768563946231324,0.007094571016085676,0,1.3547384549982893,-0.5032072398535428
honest,0.538,1.0,True,4,0.07611808325164915,0.33480007541763124,0.3746754879169508,0.002455058125875245,0,1.3547384549982893,-0.5032072398535428
honest,0.538,0.0,False,5,0.04905502382774516,0.38444772816198935,0.034447728161989384,0.0013048736690873476,1,1.3670477040749838,-0.18670045922933975
honest,0.538,0.0,True,5,0.0001850356979291902,1.0882306204489547,0.7382306204489548,4.9219874179826455e-06,1,1.3670477040749838,-0.18670045922933975
honest,0.538,1.0,False,5,0.21251184913894153,0.17761485041083908,0.034447728161989384,0.00565285866100483,1,1.3670477040749838,-0.18670045922933975
honest,0.538,1.0,True,5,0.01962689986027483,0.502762546647417,0.7382306204489548,0.000522079551391464,1,1.3670477040749838,-0.18670045922933975
honest,0.538,0.0,False,6,0.05845579701203403,0.3644084212721288,0.014408421272128831,0.0006503817936454993,1,1.3627244222585158,0.16115236252835685
honest,0.538,0.0,True,6,0.002473385405788008,0.7669634929375402,0.41696349293754015,2.7518995870706222e-05,1,1.3627244222585158,0.16115236252835685
honest,0.538,1.0,False,6,0.2295530595747091,0.1683566906277235,0.014408421272128831,0.0025540175355452995,1,1.3627244222585158,0.16115236252835685
honest,0.538,1.0,True,6,0.06305128325349699,0.35433713373714354,0.41696349293754015,0.0007015113776588794,1,1.3627244222585158,0.16115236252835685
honest,0.538,0.0,False,7,0.05804224720904597,0.35442591013441943,0.004425910134419451,0.00019836781125745273,0,1.3778695034590949,0.051975234647196
honest,0.538,0.0,True,7,0.00039337879531787075,0.9861202624769633,0.6361202624769633,1.3444291765832569e-06,0,1.3778695034590949,0.051975234647196
honest,0.538,1.0,False,7,0.2207432769992129,0.16374477048210176,0.004425910134419451,0.0007544222150879608,0,1.3778695034590949,0.051975234647196
honest,0.538,1.0,True,7,0.0266986046674928,0.455587561264357,0.6361202624769633,9.124635978417366e-05,0,1.3778695034590949,0.051975234647196
honest,0.538,0.0,False,8,0.05674485999476649,0.35969122004958465,0.009691220049584691,0.0004246482854493481,0,1.3747260757399302,-0.2152751728041784
honest,0.538,0.0,True,8,0.0005481645424953342,0.94689309662684,0.59689309662684,4.102171247514555e-06,0,1.3747260757399302,-0.2152751728041784
honest,0.538,1.0,False,8,0.22051620458028726,0.1661773436629081,0.009691220049584691,0.001650225733175712,0,1.3747260757399302,-0.2152751728041784
honest,0.538,1.0,True,8,0.031281146735463755,0.4374646106416,0.59689309662684,0.0002340914283571988,0,1.3747260757399302,-0.2152751728041784
honest,0.538,0.0,False,9,0.06397444351235505,0.3625294694300998,0.012529469430099832,0.0006189614325125039,0,1.3486778426016888,0.1516990194349248
honest,0.538,0.0,True,9,0.0015615493241799229,0.8346988353903197,0.4846988353903198,1.5108201862618386e-05,0,1.3486778426016888,0.1516990194349248
honest,0.538,1.0,False,9,0.24548630637903998,0.16748861487670608,0.012529469430099832,0.00237511336584318,0,1.3486778426016888,0.1516990194349248
honest,0.538,1.0,True,9,0.05375981197174019,0.3856308619503277,0.4846988353903198,0.0005201334846031898,0,1.3486778426016888,0.1516990194349248
honest,0.538,0.0,False,10,0.07917103452610008,0.4114908227873829,0.061490822787382916,0.003759248329542961,0,1.2410344913939695,-0.5513381237660024
honest,0.538,0.0,True,10,0.014980870764273008,0.6280187164308286,0.27801871643082865,0.0007113310282326359,0,1.2410344913939695,-0.5513381237660024
honest,0.538,1.0,False,10,0.33567962751212493,0.1901087601277709,0.061490822787382916,0.015938948967132056,0,1.2410344913939695,-0.5513381237660024
honest,0.538,1.0,True,10,0.18499063509705235,0.2901446469910428,0.27801871643082865,0.008783840455443672,0,1.2410344913939695,-0.5513381237660024
honest,0.538,0.0,False,11,0.06681042512563141,0.35995986680026165,0.009959866800261667,0.0005138331943882457,0,1.3441978521685556,-0.2193868257587006
honest,0.538,0.0,True,11,0.003258057483702384,0.7457863059247498,0.39578630592474984,2.50574379852145e-05,0,1.3441978521685556,-0.2193868257587006
honest,0.538,1.0,False,11,0.252092736561928,0.16630145846172087,0.009959866800261667,0.001938823407665987,0,1.3441978521685556,-0.2193868257587006
honest,0.538,1.0,True,11,0.07491742561828324,0.3445532733372344,0.39578630592474984,0.0005761834331752797,0,1.3441978521685556,-0.2193868257587006
honest,0.538,0.0,False,12,0.08291339834483408,0.37158219608693,0.021582196086930017,0.00138179857709449,0,1.2876504491668515,-0.1673560601358386
honest,0.538,0.0,True,12,0.0002254077847228761,1.1208282895934625,0.7708282895934625,3.756547945371936e-06,0,1.2876504491668515,-0.1673560601358386
honest,0.538,1.0,False,12,0.30914586968816565,0.17167097459216166,0.021582196086930017,0.005152090390423146,0,1.2876504491668515,-0.1673560601358386
honest,0.538,1.0,True,12,0.027296282047659434,0.5178226697921796,0.7708282895934625,0.000454907945475325,0,1.2876504491668515,-0.1673560601358386
honest,0.538,0.0,False,13,0.06238495057822349,0.3692780473960505,0.019278047396050525,0.0009286825182032616,0,1.3439761697826333,-0.1789646555030795
honest,0.538,0.0,True,13,0.0012117631141729099,0.8698344177530216,0.5198344177530216,1.8038696991911122e-05,0,1.3439761697826333,-0.1789646555030795
honest,0.538,1.0,False,13,0.2458920917193805,0.17060645789697532,0.019278047396050525,0.0036604290750842238,0,1.3439761697826333,-0.1789646555030795
honest,0.538,1.0,True,13,0.04876728549130446,0.40186350100189594,0.5198344177530216,0.0007259655586200145,0,1.3439761697826333,-0.1789646555030795
honest,0.538,0.0,False,14,0.057583423250839226,0.35983544162233916,0.009835441622339194,0.00043733651088634644,0,1.3718299622969639,-0.2173746088430566
honest,0.538,0.0,True,14,0.003081541774028621,0.73283872469554,0.38283872469554003,2.3403796640113058e-05,0,1.3718299622969639,-0.2173746088430566
honest,0.538,1.0,False,14,0.22330990170676618,0.16624397402952068,0.009835441622339194,0.0016960015182387888,0,1.3718299622969639,-0.2173746088430566
honest,0.538,1.0,True,14,0.06754032619888387,0.33857149080933946,0.38283872469554003,0.000512957530768459,0,1.3718299622969639,-0.2173746088430566
honest,0.538,0.0,False,15,0.06745824006863747,0.36144099997373935,0.011440999973739388,0.0005959686054680065,0,1.3403520795273807,-0.035629443044636
honest,0.538,0.0,True,15,0.0006181532567672768,0.9566598257305405,0.6066598257305406,5.4611554352183e-06,0,1.3403520795273807,-0.035629443044636
honest,0.538,1.0,False,15,0.2552579853014116,0.16698574198786756,0.011440999973739388,0.0022551099076980083,0,1.3403520795273807,-0.035629443044636
honest,0.538,1.0,True,15,0.03659042958724079,0.4419768394875097,0.6066598257305406,0.00032326291454380115,0,1.3403520795273807,-0.035629443044636
honest,0.538,0.0,False,16,0.06192984152418133,0.3893603522123978,0.03936035221239781,0.0018822761351936317,0,1.3174890660963332,0.11061542217942799
honest,0.538,0.0,True,16,0.00018628523355418048,1.1231381842791412,0.7731381842791414,5.6618948285390605e-06,0,1.3174890660963332,0.11061542217942799
honest,0.538,1.0,False,16,0.2607612640059028,0.17988448272212776,0.03936035221239781,0.007925495886011399,0,1.3174890660963332,0.11061542217942799
honest,0.538,1.0,True,16,0.022886435209725612,0.5188898411369632,0.7731381842791414,0.0006956031172484298,0,1.3174890660963332,0.11061542217942799
honest,0.538,0.0,False,17,0.0538584102637079,0.36086069824636796,0.010860698246368004,0.00045168500063668456,0,1.3826809975250491,-0.0006423014788174974
honest,0.538,0.0,True,17,0.0005569432279603437,0.9391677595596606,0.5891677595596606,4.670819302763173e-06,0,1.3826809975250491,-0.0006423014788174974
honest,0.538,1.0,False,17,0.21200377572808402,0.166717642589822,0.010860698246368004,0.0017779753450919368,0,1.3826809975250491,-0.0006423014788174974
honest,0.538,1.0,True,17,0.03075955286226823,0.43389550491656315,0.5891677595596606,0.0002579658141811119,0,1.3826809975250491,-0.0006423014788174974
honest,0.538,0.0,False,18,0.05554968525861068,0.40191227413454683,0.051912274134546854,0.0022267735212731185,0,1.320103490617626,-0.37371507652785496
honest,0.538,0.0,True,18,7.951264168193878e-05,1.2276859975972925,0.8776859975972926,3.187356404982929e-06,0,1.320103490617626,-0.37371507652785496
honest,0.538,1.0,False,18,0.24908564652169093,0.1856834706501606,0.051912274134546854,0.009984886856181067,0,1.320103490617626,-0.37371507652785496
honest,0.538,1.0,True,18,0.015435118180959505,0.5671909308899491,0.8776859975972926,0.0006187346031407839,0,1.320103490617626,-0.37371507652785496
honest,0.538,0.0,False,19,0.06358483236535573,0.3560144398891463,0.0060144398891463086,0.0002953065709414088,0,1.3588402668026243,-0.0715922227623711
honest,0.538,0.0,True,19,0.0001868686394620967,1.0929186634393364,0.7429186634393365,8.678726526942142e-07,0,1.3588402668026243,-0.0715922227623711
honest,0.538,1.0,False,19,0.23914043505631172,0.16447867122878557,0.0060144398891463086,0.001110638169872621,0,1.3588402668026243,-0.0715922227623711
honest,0.538,1.0,True,19,0.020213265423916212,0.5049284225089734,0.7429186634393365,9.387632046534285e-05,0,1.3588402668026243,-0.0715922227623711
honest,0.538,0.0,False,20,0.04848257783115445,0.49234179799859024,0.14234179799859023,0.005328961001097294,0,1.219613102541933,-0.40352994215714855
honest,0.538,0.0,True,20,0.026148160481698074,0.572420154257155,0.22242015425715497,0.002874074228121226,0,1.219613102541933,-0.40352994215714855
honest,0.538,1.0,False,20,0.2977961854858492,0.22746191067534868,0.14234179799859023,0.032732258261025694,0,1.219613102541933,-0.40352994215714855
honest,0.538,1.0,True,20,0.23979860078386267,0.2644581112668056,0.22242015425715497,0.02635745558219372,0,1.219613102541933,-0.40352994215714855
honest,0.538,0.0,False,21,0.04935128618588861,0.377114033873133,0.02711403387313305,0.001033277568211304,1,1.3761169692958166,0.08113076526267538
honest,0.538,0.0,True,21,0.0027986740731525284,0.741817301554123,0.391817301554123,5.859638854457953e-05,1,1.3761169692958166,0.08113076526267538
honest,0.538,1.0,False,21,0.20831998885185796,0.17422668364938745,0.02711403387313305,0.004361636506896196,1,1.3761169692958166,0.08113076526267538
honest,0.538,1.0,True,21,0.06398245860049882,0.3427195933180048,0.391817301554123,0.0013396132976531757,1,1.3761169692958166,0.08113076526267538
honest,0.538,0.0,False,22,0.06578662901061472,0.3637057089453542,0.013705708945354202,0.0006962473085657178,1,1.3418710050539269,0.12950298945739802
honest,0.538,0.0,True,22,0.0013308422959708661,0.8596211156614166,0.5096211156614167,1.4084858589511089e-05,1,1.3418710050539269,0.12950298945739802
honest,0.538,1.0,False,22,0.25201413975987197,0.16803203753275364,0.013705708945354202,0.0026671706571255423,1,1.3418710050539269,0.12950298945739802
honest,0.538,1.0,True,22,0.05113476311159567,0.39714495543557443,0.5096211156614167,0.000541180506221858,1,1.3418710050539269,0.12950298945739802
honest,0.538,0.0,False,23,0.05533536675915734,0.36824749349152086,0.018247493491520873,0.000779705147683689,0,1.3674819625393855,-0.11555960304677315
honest,0.538,0.0,True,23,0.0007584912601397056,0.9114978399121564,0.5614978399121564,1.0687550740885745e-05,0,1.3674819625393855,-0.11555960304677315
honest,0.538,1.0,False,23,0.22227104441673784,0.17013034199308263,0.018247493491520873,0.003131918837134667,0,1.3674819625393855,-0.11555960304677315
honest,0.538,1.0,True,23,0.036957327031805196,0.42111200203941623,0.5614978399121564,0.0005207486607389187,0,1.3674819625393855,-0.11555960304677315
honest,0.538,0.0,False,24,0.06638944242714348,0.3827987165326765,0.03279871653267649,0.0016814356917264253,0,1.3137100007255258,-0.3652466607754319
honest,0.538,0.0,True,24,0.0001066539132369093,1.1955853936172351,0.8455853936172353,2.7012080508980525e-06,0,1.3137100007255258,-0.3652466607754319
honest,0.538,1.0,False,24,0.26973732774739834,0.17685300703809653,0.03279871653267649,0.006831597821643263,0,1.3137100007255258,-0.3652466607754319
honest,0.538,1.0,True,24,0.0179859410023612,0.5523604518511626,0.8455853936172353,0.00045552729538049687,0,1.3137100007255258,-0.3652466607754319
honest,0.538,0.0,False,25,0.07425082650659628,0.3556649527913266,0.005664952791326644,0.0003248044559215835,0,1.3304673853512698,-0.12402719528806672
honest,0.538,0.0,True,25,0.00011488020382850613,1.1742088744933166,0.8242088744933167,5.025345017184918e-07,0,1.3304673853512698,-0.12402719528806672
honest,0.538,1.0,False,25,0.2704437269193811,0.16431720818959286,0.005664952791326644,0.0011830350140499954,0,1.3304673853512698,-0.12402719528806672
honest,0.538,1.0,True,25,0.017676045315436553,0.5424845000159122,0.8242088744933167,7.732248315128969e-05,0,1.3304673853512698,-0.12402719528806672
honest,0.538,0.0,False,26,0.055639207202154504,0.37982831499473985,0.029828314994739875,0.0012815455447196787,1,1.350422894272474,0.34797090093116956
honest,0.538,0.0,True,26,0.0007821501044783062,0.919960972444427,0.569960972444427,1.801537139187329e-05,1,1.350422894272474,0.34797090093116956
honest,0.538,1.0,False,26,0.23203799973268813,0.1754806815275698,0.029828314994739875,0.005344563298370965,1,1.350422894272474,0.34797090093116956
honest,0.538,1.0,True,26,0.039423580851769655,0.42502196926932523,0.569960972444427,0.0009080487831883599,1,1.350422894272474,0.34797090093116956
honest,0.538,0.0,False,27,0.06427565531625566,0.3500243124718242,2.431247182422213e-05,1.2067019646229853e-06,0,1.365143924720813,-0.003712376297930531
honest,0.538,0.0,True,27,0.00017401622505630205,1.0972803128877147,0.7472803128877147,3.266955733372487e-09,0,1.365143924720813,-0.003712376297930531
honest,0.538,1.0,False,27,0.23655951608276105,0.16171123236198276,2.431247182422213e-05,4.441134538462447e-06,0,1.365143924720813,-0.003712376297930531
honest,0.538,1.0,True,27,0.019199336554885895,0.5069435045541242,0.7472803128877147,3.6044559991252903e-07,0,1.365143924720813,-0.003712376297930531
honest,0.538,0.0,False,28,0.06879154671571719,0.38421887462727017,0.034218874627270204,0.001817712476510436,0,1.3051357137871338,0.053316900946164036
honest,0.538,0.0,True,28,0.0012617094178434757,0.8927967503420122,0.5427967503420122,3.333876122923128e-05,0,1.3051357137871338,0.053316900946164036
honest,0.538,1.0,False,28,0.27853819391696366,0.17750912007779882,0.034218874627270204,0.007359950087470127,0,1.3051357137871338,0.053316900946164036
honest,0.538,1.0,True,28,0.05564930132594612,0.4124720986580096,0.5427967503420122,0.0014704485384997121,0,1.3051357137871338,0.053316900946164036
honest,0.538,0.0,False,29,0.06387640564983187,0.4114146198376645,0.06141461983766447,0.0030292605522106437,0,1.281192540734026,-0.5345645715217395
honest,0.538,0.0,True,29,0.00011536102353524208,1.2092310180617063,0.8592310180617063,5.470855698638896e-06,0,1.281192540734026,-0.5345645715217395
honest,0.538,1.0,False,29,0.28616792950527026,0.19007355436500098,0.06141461983766447,0.013571164678712526,0,1.281192540734026,-0.5345645715217395
honest,0.538,1.0,True,29,0.020576825330655683,0.5586647303445083,0.8592310180617063,0.0009758308193731007,0,1.281192540734026,-0.5345645715217395
honest,0.538,0.0,False,30,0.05114579412802009,0.42146204419373534,0.07146204419373536,0.002822342740771221,0,1.3081209693157898,-0.3357269394973299
honest,0.538,0.0,True,30,0.023492221043736494,0.5223043535314265,0.17230435353142654,0.001296354874487297,0,1.3081209693157898,-0.3357269394973299
honest,0.538,1.0,False,30,0.24850487546621866,0.1947154644175057,0.07146204419373536,0.013713071490547003,0,1.3081209693157898,-0.3357269394973299
honest,0.538,1.0,True,30,0.18553084152556887,0.241304611331519,0.17230435353142654,0.010238019229072737,0,1.3081209693157898,-0.3357269394973299
honest,0.538,0.0,False,31,0.06118033372531513,0.360559853205586,0.010559853205586018,0.000498877726076981,1,1.3596634372692546,-0.004535063622598701
honest,0.538,0.0,True,31,0.00013325910378969734,1.134595389404939,0.7845953894049389,1.0866236685817977e-06,1,1.3596634372692546,-0.004535063622598701
honest,0.538,1.0,False,31,0.2352413994920549,0.1665786521809807,0.010559853205586018,0.0019182094524797155,1,1.3596634372692546,-0.004535063622598701
honest,0.538,1.0,True,31,0.017296838690965474,0.5241830699050818,0.7845953894049389,0.00014104217857345062,1,1.3596634372692546,-0.004535063622598701
honest,0.538,0.0,False,32,0.06979426421594188,0.40042105459559346,0.050421054595593484,0.002717415507948953,0,1.2799804021304786,-0.4733654226301751
honest,0.538,0.0,True,32,1.851196106427837e-05,1.4388236830371577,1.0888236830371578,7.207567934662318e-07,0,1.2799804021304786,-0.4733654226301751
honest,0.538,1.0,False,32,0.2959952425516424,0.18499452722316417,0.050421054595593484,0.011524472267525144,0,1.2799804021304786,-0.4733654226301751
honest,0.538,1.0,True,32,0.00897427939878484,0.6647365415631667,1.0888236830371578,0.00034941046065723076,0,1.2799804021304786,-0.4733654226301751
honest,0.538,0.0,False,33,0.05252310322621329,0.37954898282809607,0.029548982828096107,0.0011984427833744706,0,1.361368365068838,-0.28419590553927887
honest,0.538,0.0,True,33,0.00254042454081237,0.764590357067472,0.41459035706747205,5.7965985835439146e-05,0,1.361368365068838,-0.28419590553927887
honest,0.538,1.0,False,33,0.22115114911811387,0.17535163006658036,0.029548982828096107,0.005046103189182851,0,1.361368365068838,-0.28419590553927887
honest,0.538,1.0,True,33,0.06403888132426629,0.35324074496517205,0.41459035706747205,0.0014612033650772207,0,1.361368365068838,-0.28419590553927887
honest,0.538,0.0,False,34,0.04336523440630001,0.4678896439132028,0.11788964391320285,0.003947678219066556,1,1.2737699659793407,0.6423097840640128
honest,0.538,0.0,True,34,8.164958800141025e-05,1.2577932098678368,0.9077932098678367,7.4328273457250905e-06,1,1.2737699659793407,0.6423097840640128
honest,0.538,1.0,False,34,0.25351234179963444,0.21616501548789968,0.11788964391320285,0.023078052354343577,1,1.2737699659793407,0.6423097840640128
honest,0.538,1.0,True,34,0.0179959242645696,0.5811004629589406,0.9077932098678367,0.0016382274700881565,1,1.2737699659793407,0.6423097840640128
honest,0.538,0.0,False,35,0.04607889514311958,0.4044707084395688,0.05447070843956883,0.0019381593124175465,1,1.3506770386530107,0.42712755305850814
honest,0.538,0.0,True,35,0.0029896587473167333,0.7518927038364698,0.40189270383646986,0.00012575030117508617,1,1.3506770386530107,0.42712755305850814
honest,0.538,1.0,False,35,0.2159570933918025,0.18686546729908077,0.05447070843956883,0.009083534888150337,1,1.3506770386530107,0.42712755305850814
honest,0.538,1.0,True,35,0.07086642826808912,0.34737442917244904,0.40189270383646986,0.002980766519226664,1,1.3506770386530107,0.42712755305850814
honest,0.538,0.0,False,36,0.051563911834717494,0.40453405207010895,0.05453405207010897,0.002171390917556001,1,1.3301009094495042,0.3705412090634914
honest,0.538,0.0,True,36,0.007342095145954768,0.6538802387617241,0.3038802387617241,0.0003091805518336219,1,1.3301009094495042,0.3705412090634914
honest,0.538,1.0,False,36,0.2366963544072133,0.18689473205639032,0.05453405207010897,0.009967442265161787,1,1.3301009094495042,0.3705412090634914
honest,0.538,1.0,True,36,0.10983170445660038,0.3020926703079165,0.3038802387617241,0.004625086752168899,1,1.3301009094495042,0.3705412090634914
honest,0.538,0.0,False,37,0.06042360650416461,0.3642713579012472,0.0142713579012472,0.0006658805542997408,0,1.3568145343619002,-0.17477135670425192
honest,0.538,0.0,True,37,0.0020510768316190186,0.7946823445422657,0.4446823445422658,2.2603287962556395e-05,0,1.3568145343619002,-0.17477135670425192
honest,0.538,1.0,False,37,0.2357315688972421,0.1682933673503762,0.0142713579012472,0.002597810307010129,0,1.3568145343619002,-0.17477135670425192
honest,0.538,1.0,True,37,0.059132349082929005,0.36714324317852676,0.4446823445422658,0.000651650632301676,0,1.3568145343619002,-0.17477135670425192
honest,0.538,0.0,False,38,0.06753333890285354,0.35367089603919294,0.0036708960391929647,0.0001914320714355496,0,1.3509169685593851,-0.045165991113631065
honest,0.538,0.0,True,38,0.00013718223020036416,1.1372772915170763,0.7872772915170765,3.888609525020018e-07,0,1.3509169685593851,-0.045165991113631065
honest,0.538,1.0,False,38,0.24917587268353703,0.16339595397010712,0.0036708960391929647,0.0007063215625720345,0,1.3509169685593851,-0.045165991113631065
honest,0.538,1.0,True,38,0.017999961753377126,0.5254221086808892,0.7872772915170765,5.102324304098718e-05,0,1.3509169685593851,-0.045165991113631065
honest,0.538,0.0,False,39,0.05649330078871799,0.38672667182909604,0.03672667182909606,0.0016021490480611744,0,1.3380631059708175,-0.2546829336179046
honest,0.538,0.0,True,39,0.00011901559748872257,1.164308618738163,0.8143086187381632,3.375280317468522e-06,0,1.3380631059708175,-0.2546829336179046
honest,0.538,1.0,False,39,0.24030468572373045,0.17866772238504236,0.03672667182909606,0.006815036793775055,0,1.3380631059708175,-0.2546829336179046
honest,0.538,1.0,True,39,0.017550738275733037,0.5379105818570313,0.8143086187381632,0.0004977386385405187,0,1.3380631059708175,-0.2546829336179046
honest,0.7,0.0,False,0,0.07329007789510845,0.3869353539806874,0.03693535398068741,0.003259148325721987,1,1.289553979865246,0.30597811747042936
honest,0.7,0.0,True,0,0.0020649029728643,0.8423590594392765,0.49235905943927644,9.182450421761935e-05,1,1.289553979865246,0.30597811747042936
honest,0.7,1.0,False,0,0.408449837274059,0.11608060619420624,0.03693535398068741,0.01816342186453065,1,1.289553979865246,0.30597811747042936
honest,0.7,1.0,True,0,0.18794872941945825,0.252707717831783,0.49235905943927644,0.008357922441911953,1,1.289553979865246,0.30597811747042936
honest,0.7,0.0,False,1,0.045821243813175476,0.3998626498785708,0.0498626498785708,0.002750799303434254,1,1.3580836188360423,0.14889898650404798
honest,0.7,0.0,True,1,0.00012368015292979316,1.1450607550998817,0.7950607550998818,7.424924559339223e-06,1,1.3580836188360423,0.14889898650404798
honest,0.7,1.0,False,1,0.310694946949024,0.11995879496357126,0.0498626498785708,0.018652035006569777,1,1.3580836188360423,0.14889898650404798
honest,0.7,1.0,True,1,0.07008738359585123,0.34351822652996455,0.7950607550998818,0.004207575131768032,1,1.3580836188360423,0.14889898650404798
honest,0.7,0.0,False,2,0.06983476731341608,0.3750358653032427,0.02503586530324271,0.002104994540637379,0,1.3150636686210269,-0.053532096076720936
honest,0.7,0.0,True,2,0.015252577071573396,0.5723366718874316,0.22233667188743161,0.0004597508189899103,0,1.3150636686210269,-0.053532096076720936
honest,0.7,1.0,False,2,0.3801222406336766,0.11251075959097281,0.02503586530324271,0.011457835002408866,0,1.3150636686210269,-0.053532096076720936
honest,0.7,1.0,True,2,0.2763676639588953,0.17170100156622953,0.22233667188743161,0.008330412575605716,0,1.3150636686210269,-0.053532096076720936
honest,0.7,0.0,False,3,0.05829219501867864,0.4022790416523028,0.05227904165230285,0.0036690590722969676,0,1.3107403652283711,-0.3573701407147283
honest,0.7,0.0,True,3,0.0010301854302793795,0.9141239059848293,0.5641239059848293,6.484249217075362e-05,0,1.3107403652283711,-0.3573701407147283
honest,0.7,1.0,False,3,0.37064186373076197,0.12068371249569086,0.05227904165230285,0.023329141959033312,0,1.3107403652283711,-0.3573701407147283
honest,0.7,1.0,True,3,0.14705456438820394,0.2742371717954488,0.5641239059848293,0.009255988446108932,0,1.3107403652283711,-0.3573701407147283
honest,0.7,0.0,False,4,0.04963988608756407,0.3917685639462313,0.041768563946231324,0.0024963012674733645,0,1.3547384549982893,-0.5032072398535428
honest,0.7,0.0,True,4,0.0036284968692167057,0.7246754879169508,0.3746754879169508,0.00018247063092914688,0,1.3547384549982893,-0.5032072398535428
honest,0.7,1.0,False,4,0.31904971654890807,0.1175305691838694,0.041768563946231324,0.016044440762880485,0,1.3547384549982893,-0.5032072398535428
honest,0.7,1.0,True,4,0.17406044428381992,0.21740264637508527,0.3746754879169508,0.008753189056804275,0,1.3547384549982893,-0.5032072398535428
honest,0.7,0.0,False,5,0.04905502382774516,0.38444772816198935,0.034447728161989384,0.0020345143312827775,1,1.3670477040749838,-0.18670045922933975
honest,0.7,0.0,True,5,0.0001850356979291902,1.0882306204489547,0.7382306204489548,7.674194197882066e-06,1,1.3670477040749838,-0.18670045922933975
honest,0.7,1.0,False,5,0.307548304121833,0.11533431844859682,0.034447728161989384,0.01275529769376415,1,1.3670477040749838,-0.18670045922933975
honest,0.7,1.0,True,5,0.07581015454144749,0.32646918613468645,0.7382306204489548,0.0031441600438914027,1,1.3670477040749838,-0.18670045922933975
honest,0.7,0.0,False,6,0.05845579701203403,0.3644084212721288,0.014408421272128831,0.0010140530162606807,1,1.3627244222585158,0.16115236252835685
honest,0.7,0.0,True,6,0.002473385405788008,0.7669634929375402,0.41696349293754015,4.290667580151438e-05,1,1.3627244222585158,0.16115236252835685
honest,0.7,1.0,False,6,0.3233183957289806,0.10932252638163865,0.014408421272128831,0.0056087165201774885,1,1.3627244222585158,0.16115236252835685
honest,0.7,1.0,True,6,0.1538530071436274,0.23008904788126208,0.41696349293754015,0.0026689415580571636,1,1.3627244222585158,0.16115236252835685
honest,0.7,0.0,False,7,0.05804224720904597,0.35442591013441943,0.004425910134419451,0.00030928829696652343,0,1.3778695034590949,0.051975234647196
honest,0.7,0.0,True,7,0.00039337879531787075,0.9861202624769633,0.6361202624769633,2.096187923744703e-06,0,1.3778695034590949,0.051975234647196
honest,0.7,1.0,False,7,0.3095969680379862,0.10632777304032584,0.004425910134419451,0.0016497417587157865,0,1.3778695034590949,0.051975234647196
honest,0.7,1.0,True,7,0.08963737630312206,0.29583607874308904,0.6361202624769633,0.000477648485274692,0,1.3778695034590949,0.051975234647196
honest,0.7,0.0,False,8,0.05674485999476649,0.35969122004958465,0.009691220049584691,0.000662097061936749,0,1.3747260757399302,-0.2152751728041784
honest,0.7,0.0,True,8,0.0005481645424953342,0.94689309662684,0.59689309662684,6.395964904619313e-06,0,1.3747260757399302,-0.2152751728041784
honest,0.7,1.0,False,8,0.3107745081975132,0.10790736601487541,0.009691220049584691,0.003626106202771296,0,1.3747260757399302,-0.2152751728041784
honest,0.7,1.0,True,8,0.09923215997696551,0.28406792898805205,0.59689309662684,0.0011578374072373403,0,1.3747260757399302,-0.2152751728041784
honest,0.7,0.0,False,9,0.06397444351235505,0.3625294694300998,0.012529469430099832,0.0009650634653688539,0,1.3486778426016888,0.1516990194349248
honest,0.7,0.0,True,9,0.0015615493241799229,0.8346988353903197,0.4846988353903198,2.3556190869349727e-05,0,1.3486778426016888,0.1516990194349248
honest,0.7,1.0,False,9,0.34231514853662914,0.10875884082902995,0.012529469430099832,0.0051638720926304475,0,1.3486778426016888,0.1516990194349248
honest,0.7,1.0,True,9,0.14353917963948623,0.25040965061709597,0.4846988353903198,0.002165308684433222,0,1.3486778426016888,0.1516990194349248
honest,0.7,0.0,False,10,0.07917103452610008,0.4114908227873829,0.061490822787382916,0.0058612912364576384,0,1.2410344913939695,-0.5513381237660024
honest,0.7,0.0,True,10,0.014980870764273008,0.6280187164308286,0.27801871643082865,0.0011090829752412883,0,1.2410344913939695,-0.5513381237660024
honest,0.7,1.0,False,10,0.46274039963429686,0.1234472468362149,0.061490822787382916,0.03425818881067252,0,1.2410344913939695,-0.5513381237660024
honest,0.7,1.0,True,10,0.33872479308887093,0.18840561492924862,0.27801871643082865,0.02507690689134821,0,1.2410344913939695,-0.5513381237660024
honest,0.7,0.0,False,11,0.06681042512563141,0.35995986680026165,0.009959866800261667,0.0008011511172593954,0,1.3441978521685556,-0.2193868257587006
honest,0.7,0.0,True,11,0.003258057483702384,0.7457863059247498,0.39578630592474984,3.9068699057897675e-05,0,1.3441978521685556,-0.2193868257587006
honest,0.7,1.0,False,11,0.34955996696092684,0.10798796004007852,0.009959866800261667,0.0041917164507379295,0,1.3441978521685556,-0.2193868257587006
honest,0.7,1.0,True,11,0.17552614352274995,0.22373589177742498,0.39578630592474984,0.0021048057354380602,0,1.3441978521685556,-0.2193868257587006
honest,0.7,0.0,False,12,0.08291339834483408,0.37158219608693,0.021582196086930017,0.002154453013073025,0,1.2876504491668515,-0.1673560601358386
honest,0.7,0.0,True,12,0.0002254077847228761,1.1208282895934625,0.7708282895934625,5.857080889949718e-06,0,1.2876504491668515,-0.1673560601358386
honest,0.7,1.0,False,12,0.42005565192614835,0.11147465882607901,0.021582196086930017,0.010914884482081173,0,1.2876504491668515,-0.1673560601358386
honest,0.7,1.0,True,12,0.10709770973105602,0.33624848687803877,0.7708282895934625,0.0027828672811560135,0,1.2876504491668515,-0.1673560601358386
honest,0.7,0.0,False,13,0.06238495057822349,0.3692780473960505,0.019278047396050525,0.0014479699738426078,0,1.3439761697826333,-0.1789646555030795
honest,0.7,0.0,True,13,0.0012117631141729099,0.8698344177530216,0.5198344177530216,2.812531850181278e-05,0,1.3439761697826333,-0.1789646555030795
honest,0.7,1.0,False,13,0.34478139836701777,0.11078341421881517,0.019278047396050525,0.00800246065353419,0,1.3439761697826333,-0.1789646555030795
honest,0.7,1.0,True,13,0.13665042884659095,0.2609503253259065,0.5198344177530216,0.0031716899035526005,0,1.3439761697826333,-0.1789646555030795
honest,0.7,0.0,False,14,0.057583423250839226,0.35983544162233916,0.009835441622339194,0.0006818801084504968,0,1.3718299622969639,-0.2173746088430566
honest,0.7,0.0,True,14,0.003081541774028621,0.73283872469554,0.38283872469554003,3.6490398111903644e-05,0,1.3718299622969639,-0.2173746088430566
honest,0.7,1.0,False,14,0.31429096488393776,0.10795063248670177,0.009835441622339194,0.003721709219796122,0,1.3718299622969639,-0.2173746088430566
honest,0.7,1.0,True,14,0.1577132407364118,0.21985161740866205,0.38283872469554003,0.001867577778920194,0,1.3718299622969639,-0.2173746088430566
honest,0.7,0.0,False,15,0.06745824006863747,0.36144099997373935,0.011440999973739388,0.0009292138369742103,0,1.3403520795273807,-0.035629443044636
honest,0.7,0.0,True,15,0.0006181532567672768,0.9566598257305405,0.6066598257305406,8.514846503175712e-06,0,1.3403520795273807,-0.035629443044636
honest,0.7,1.0,False,15,0.3538095289451312,0.10843229999212183,0.011440999973739388,0.004873603426573707,0,1.3403520795273807,-0.035629443044636
honest,0.7,1.0,True,15,0.11600062521843926,0.2869979477191622,0.6066598257305406,0.0015978683395973517,0,1.3403520795273807,-0.035629443044636
honest,0.7,0.0,False,16,0.06192984152418133,0.3893603522123978,0.03936035221239781,0.0029347804796777273,0,1.3174890660963332,0.11061542217942799
honest,0.7,0.0,True,16,0.00018628523355418048,1.1231381842791412,0.7731381842791414,8.827832489665689e-06,0,1.3174890660963332,0.11061542217942799
honest,0.7,1.0,False,16,0.3687915415565384,0.11680810566371935,0.03936035221239781,0.01747658625620379,0,1.3174890660963332,0.11061542217942799
honest,0.7,1.0,True,16,0.09124963727568301,0.3369414552837424,0.7731381842791414,0.0043242102298902615,0,1.3174890660963332,0.11061542217942799
honest,0.7,0.0,False,17,0.0538584102637079,0.36086069824636796,0.010860698246368004,0.0007042517822154709,0,1.3826809975250491,-0.0006423014788174974
honest,0.7,0.0,True,17,0.0005569432279603437,0.9391677595596606,0.5891677595596606,7.282581475454531e-06,0,1.3826809975250491,-0.0006423014788174974
honest,0.7,1.0,False,17,0.3004378457714801,0.1082582094739104,0.010860698246368004,0.003928520862267557,0,1.3826809975250491,-0.0006423014788174974
honest,0.7,1.0,True,17,0.09681279370164748,0.2817503278678982,0.5891677595596606,0.0012659226696779603,0,1.3826809975250491,-0.0006423014788174974
honest,0.7,0.0,False,18,0.05554968525861068,0.40191227413454683,0.051912274134546854,0.0034719090045857237,0,1.320103490617626,-0.37371507652785496
honest,0.7,0.0,True,18,7.951264168193878e-05,1.2276859975972925,0.8776859975972926,4.969616935698651e-06,0,1.320103490617626,-0.37371507652785496
honest,0.7,1.0,False,18,0.3583307605846828,0.12057368224036406,0.051912274134546854,0.022396018780343425,0,1.320103490617626,-0.37371507652785496
honest,0.7,1.0,True,18,0.07146014437041676,0.3683057992791878,0.8776859975972926,0.004466328072852359,0,1.320103490617626,-0.37371507652785496
honest,0.7,0.0,False,19,0.06358483236535573,0.3560144398891463,0.0060144398891463086,0.0004604318907917612,0,1.3588402668026243,-0.0715922227623711
honest,0.7,0.0,True,19,0.0001868686394620967,1.0929186634393364,0.7429186634393365,1.3531573143549915e-06,0,1.3588402668026243,-0.0715922227623711
honest,0.7,1.0,False,19,0.33269898408990367,0.1068043319667439,0.0060144398891463086,0.002409147222859953,0,1.3588402668026243,-0.0715922227623711
honest,0.7,1.0,True,19,0.07837934618662148,0.32787559903180097,0.7429186634393365,0.0005675622506381085,0,1.3588402668026243,-0.0715922227623711
honest,0.7,0.0,False,20,0.04848257783115445,0.49234179799859024,0.14234179799859023,0.008308733469319252,0,1.219613102541933,-0.40352994215714855
honest,0.7,0.0,True,20,0.026148160481698074,0.572420154257155,0.22242015425715497,0.004481158095842994,0,1.219613102541933,-0.40352994215714855
honest,0.7,1.0,False,20,0.4452851302160429,0.1477025393995771,0.14234179799859023,0.07631103027774215,0,1.219613102541933,-0.40352994215714855
honest,0.7,1.0,True,20,0.3984500402811326,0.17172604627714652,0.22242015425715497,0.06828463612361967,0,1.219613102541933,-0.40352994215714855
honest,0.7,0.0,False,21,0.04935128618588861,0.377114033873133,0.02711403387313305,0.0016110509933036238,1,1.3761169692958166,0.08113076526267538
honest,0.7,0.0,True,21,0.0027986740731525284,0.741817301554123,0.391817301554123,9.136148201897758e-05,1,1.3761169692958166,0.08113076526267538
honest,0.7,1.0,False,21,0.30020072903968986,0.11313421016193992,0.02711403387313305,0.00979992053070655,1,1.3761169692958166,0.08113076526267538
honest,0.7,1.0,True,21,0.15166132425372258,0.22254519046623691,0.391817301554123,0.004950917108105017,1,1.3761169692958166,0.08113076526267538
honest,0.7,0.0,False,22,0.06578662901061472,0.3637057089453542,0.013705708945354202,0.0010855649561729286,1,1.3418710050539269,0.12950298945739802
honest,0.7,0.0,True,22,0.0013308422959708661,0.8596211156614166,0.5096211156614167,2.1960629088710215e-05,1,1.3418710050539269,0.12950298945739802
honest,0.7,1.0,False,22,0.3505696298937145,0.10911171268360628,0.013705708945354202,0.005784854926214951,1,1.3418710050539269,0.12950298945739802
honest,0.7,1.0,True,22,0.1410334050206796,0.25788633469842503,0.5096211156614167,0.0023272346439196633,1,1.3418710050539269,0.12950298945739802
honest,0.7,0.0,False,23,0.05533536675915734,0.36824749349152086,0.018247493491520873,0.001215689560390104,0,1.3674819625393855,-0.11555960304677315
honest,0.7,0.0,True,23,0.0007584912601397056,0.9114978399121564,0.5614978399121564,1.6663663053184335e-05,0,1.3674819625393855,-0.11555960304677315
honest,0.7,1.0,False,23,0.3153484579797671,0.11047424804745627,0.018247493491520873,0.0069280435046123155,0,1.3674819625393855,-0.11555960304677315
honest,0.7,1.0,True,23,0.11115150691239552,0.27344935197364695,0.5614978399121564,0.0024419414650878055,0,1.3674819625393855,-0.11555960304677315
honest,0.7,0.0,False,24,0.06638944242714348,0.3827987165326765,0.03279871653267649,0.002621636939260507,0,1.3137100007255258,-0.3652466607754319
honest,0.7,0.0,True,24,0.0001066539132369093,1.1955853936172351,0.8455853936172353,4.211631073199799e-06,0,1.3137100007255258,-0.3652466607754319
honest,0.7,1.0,False,24,0.37757626487600776,0.11483961495980297,0.03279871653267649,0.01491001953319978,0,1.3137100007255258,-0.3652466607754319
honest,0.7,1.0,True,24,0.07939932062231106,0.3586756180851706,0.8455853936172353,0.0031353809323533964,0,1.3137100007255258,-0.3652466607754319
honest,0.7,0.0,False,25,0.07425082650659628,0.3556649527913266,0.005664952791326644,0.0005064239827133271,0,1.3304673853512698,-0.12402719528806672
honest,0.7,0.0,True,25,0.00011488020382850613,1.1742088744933166,0.8242088744933167,7.835345826430966e-07,0,1.3304673853512698,-0.12402719528806672
honest,0.7,1.0,False,25,0.3701832659503114,0.106699485837398,0.005664952791326644,0.0025248161225482,0,1.3304673853512698,-0.12402719528806672
honest,0.7,1.0,True,25,0.07614356642546362,0.352262662347995,0.8242088744933167,0.0005193333189867509,0,1.3304673853512698,-0.12402719528806672
honest,0.7,0.0,False,26,0.055639207202154504,0.37982831499473985,0.029828314994739875,0.0019981419187861983,1,1.350422894272474,0.34797090093116956
honest,0.7,0.0,True,26,0.0007821501044783062,0.919960972444427,0.569960972444427,2.808895002516482e-05,1,1.350422894272474,0.34797090093116956
honest,0.7,1.0,False,26,0.33079721057107186,0.11394849449842197,0.029828314994739875,0.011879748226067617,1,1.350422894272474,0.34797090093116956
honest,0.7,1.0,True,26,0.11910846179681545,0.2759882917333281,0.569960972444427,0.004277480258366183,1,1.350422894272474,0.34797090093116956
honest,0.7,0.0,False,27,0.06427565531625566,0.3500243124718242,2.431247182422213e-05,1.8814483721858338e-06,0,1.365143924720813,-0.003712376297930531
honest,0.7,0.0,True,27,0.00017401622505630205,1.0972803128877147,0.7472803128877147,5.093725482146913e-09,0,1.365143924720813,-0.003712376297930531
honest,0.7,1.0,False,27,0.3278327042922037,0.10500729374154727,2.431247182422213e-05,9.596172995903385e-06,0,1.365143924720813,-0.003712376297930531
honest,0.7,1.0,True,27,0.07506158603344908,0.3291840938663144,0.7472803128877147,2.1971693351308896e-06,0,1.365143924720813,-0.003712376297930531
honest,0.7,0.0,False,28,0.06879154671571719,0.38421887462727017,0.034218874627270204,0.0028341150344450986,0,1.3051357137871338,0.053316900946164036
honest,0.7,0.0,True,28,0.0012617094178434757,0.8927967503420122,0.5427967503420122,5.198065461427077e-05,0,1.3051357137871338,0.053316900946164036
honest,0.7,1.0,False,28,0.3884632247534725,0.11526566238818106,0.034218874627270204,0.016004138853753985,0,1.3051357137871338,0.053316900946164036
honest,0.7,1.0,True,28,0.15784327926370895,0.2678390251026037,0.5427967503420122,0.006502921248392081,0,1.3051357137871338,0.053316900946164036
honest,0.7,0.0,False,29,0.06387640564983187,0.4114146198376645,0.06141461983766447,0.00472311929703716,0,1.281192540734026,-0.5345645715217395
honest,0.7,0.0,True,29,0.00011536102353524208,1.2092310180617063,0.8592310180617063,8.52997082165493e-06,0,1.281192540734026,-0.5345645715217395
honest,0.7,1.0,False,29,0.40591573340780246,0.12342438595129936,0.06141461983766447,0.030014031220531423,0,1.281192540734026,-0.5345645715217395
honest,0.7,1.0,True,29,0.09148511893033297,0.36276930541851193,0.8592310180617063,0.00676454985554956,0,1.281192540734026,-0.5345645715217395
honest,0.7,0.0,False,30,0.05114579412802009,0.42146204419373534,0.07146204419373536,0.004400500132635129,0,1.3081209693157898,-0.3357269394973299
honest,0.7,0.0,True,30,0.023492221043736494,0.5223043535314265,0.17230435353142654,0.0020212321185217675,0,1.3081209693157898,-0.3357269394973299
honest,0.7,1.0,False,30,0.3634578166241389,0.1264386132581206,0.07146204419373536,0.0312713136540307,0,1.3081209693157898,-0.3357269394973299
honest,0.7,1.0,True,30,0.3095104485786182,0.15669130605942796,0.17230435353142654,0.026629770702416358,0,1.3081209693157898,-0.3357269394973299
honest,0.7,0.0,False,31,0.06118033372531513,0.360559853205586,0.010559853205586018,0.0007778330633120008,1,1.3596634372692546,-0.004535063622598701
honest,0.7,0.0,True,31,0.00013325910378969734,1.134595389404939,0.7845953894049389,1.6942264058305156e-06,1,1.3596634372692546,-0.004535063622598701
honest,0.7,1.0,False,31,0.32923160570513577,0.1081679559616758,0.010559853205586018,0.004185776912471973,1,1.3596634372692546,-0.004535063622598701
honest,0.7,1.0,True,31,0.07113739215200286,0.34037861682148174,0.7845953894049389,0.000904424874536502,1,1.3596634372692546,-0.004535063622598701
honest,0.7,0.0,False,32,0.06979426421594188,0.40042105459559346,0.050421054595593484,0.00423690118510785,0,1.2799804021304786,-0.4733654226301751
honest,0.7,0.0,True,32,1.851196106427837e-05,1.4388236830371577,1.0888236830371578,1.1237793055492409e-06,0,1.2799804021304786,-0.4733654226301751
honest,0.7,1.0,False,32,0.4139897549594369,0.12012631637867806,0.050421054595593484,0.025131487567276387,0,1.2799804021304786,-0.4733654226301751
honest,0.7,1.0,True,32,0.055218149846266266,0.4316471049111474,1.0888236830371578,0.003352049730035988,0,1.2799804021304786,-0.4733654226301751
honest,0.7,0.0,False,33,0.05252310322621329,0.37954898282809607,0.029548982828096107,0.0018685709396704564,0,1.361368365068838,-0.28419590553927887
honest,0.7,0.0,True,33,0.00254042454081237,0.764590357067472,0.41459035706747205,9.03785797069686e-05,0,1.361368365068838,-0.28419590553927887
honest,0.7,1.0,False,33,0.3171121569340661,0.11386469484842884,0.029548982828096107,0.01128163654975139,0,1.361368365068838,-0.28419590553927887
honest,0.7,1.0,True,33,0.15562145576746453,0.22937710712024165,0.41459035706747205,0.005536415633780905,0,1.361368365068838,-0.28419590553927887
honest,0.7,0.0,False,34,0.04336523440630001,0.4678896439132028,0.11788964391320285,0.006155084666243004,1,1.2737699659793407,0.6423097840640128
honest,0.7,0.0,True,34,8.164958800141025e-05,1.2577932098678368,0.9077932098678367,1.1589009813804397e-05,1,1.2737699659793407,0.6423097840640128
honest,0.7,1.0,False,34,0.38376887848267904,0.14036689317396087,0.11788964391320285,0.054470590823944606,1,1.2737699659793407,0.6423097840640128
honest,0.7,1.0,True,34,0.08553995838835118,0.3773379629603511,0.9077932098678367,0.012141193133980047,1,1.2737699659793407,0.6423097840640128
honest,0.7,0.0,False,35,0.04607889514311958,0.4044707084395688,0.05447070843956883,0.0030219116155364117,1,1.3506770386530107,0.42712755305850814
honest,0.7,0.0,True,35,0.0029896587473167333,0.7518927038364698,0.40189270383646986,0.00019606556248680994,1,1.3506770386530107,0.42712755305850814
honest,0.7,1.0,False,35,0.3175205313168657,0.12134121253187065,0.05447070843956883,0.020823393850427495,1,1.3506770386530107,0.42712755305850814
honest,0.7,1.0,True,35,0.16812104028762562,0.22556781115094096,0.40189270383646986,0.0110255882412819,1,1.3506770386530107,0.42712755305850814
honest,0.7,0.0,False,36,0.051563911834717494,0.40453405207010895,0.05453405207010897,0.003385558345793567,1,1.3301009094495042,0.3705412090634914
honest,0.7,0.0,True,36,0.007342095145954768,0.6538802387617241,0.3038802387617241,0.00048206372659766975,1,1.3301009094495042,0.3705412090634914
honest,0.7,1.0,False,36,0.3437557516021275,0.1213602156210327,0.05453405207010897,0.02257014862413026,1,1.3301009094495042,0.3705412090634914
honest,0.7,1.0,True,36,0.2235612182964913,0.19616407162851726,0.3038802387617241,0.014678474178327636,1,1.3301009094495042,0.3705412090634914
honest,0.7,0.0,False,37,0.06042360650416461,0.3642713579012472,0.0142713579012472,0.0010382181530208011,0,1.3568145343619002,-0.17477135670425192
honest,0.7,0.0,True,37,0.0020510768316190186,0.7946823445422657,0.4446823445422658,3.524227240028256e-05,0,1.3568145343619002,-0.17477135670425192
honest,0.7,1.0,False,37,0.33089726595677205,0.10928140737037417,0.0142713579012472,0.005685584958878521,0,1.3568145343619002,-0.17477135670425192
honest,0.7,1.0,True,37,0.14967962324313136,0.23840470336267974,0.4446823445422658,0.002571844200951866,0,1.3568145343619002,-0.17477135670425192
honest,0.7,0.0,False,38,0.06753333890285354,0.35367089603919294,0.0036708960391929647,0.00029847432899399173,0,1.3509169685593851,-0.045165991113631065
honest,0.7,0.0,True,38,0.00013718223020036416,1.1372772915170763,0.7872772915170765,6.062986781662427e-07,0,1.3509169685593851,-0.045165991113631065
honest,0.7,1.0,False,38,0.34419503073374047,0.1061012688117579,0.0036708960391929647,0.0015212246648888652,0,1.3509169685593851,-0.045165991113631065
honest,0.7,1.0,True,38,0.07410276916510618,0.34118318745512294,0.7872772915170765,0.0003275089705688632,0,1.3509169685593851,-0.045165991113631065
honest,0.7,0.0,False,39,0.05649330078871799,0.38672667182909604,0.03672667182909606,0.0024980159201245422,0,1.3380631059708175,-0.2546829336179046
honest,0.7,0.0,True,39,0.00011901559748872257,1.164308618738163,0.8143086187381632,5.26262146341671e-06,0,1.3380631059708175,-0.2546829336179046
honest,0.7,1.0,False,39,0.3430318945019332,0.11601800154872882,0.03672667182909606,0.015168154836288819,0,1.3380631059708175,-0.2546829336179046
honest,0.7,1.0,True,39,0.07474350206833753,0.349292585621449,0.8143086187381632,0.0033050017521698057,0,1.3380631059708175,-0.2546829336179046
honest,0.9,0.0,False,0,0.07329007789510845,0.3869353539806874,0.03693535398068741,0.006233086265487076,1,1.289553979865246,0.30597811747042936
honest,0.9,0.0,True,0,0.0020649029728643,0.8423590594392765,0.49235905943927644,0.00017561338082003761,1,1.289553979865246,0.30597811747042936
honest,0.9,1.0,False,0,0.5618612248207163,0.03869353539806873,0.03693535398068741,0.04778449667568839,1,1.289553979865246,0.30597811747042936
honest,0.9,1.0,True,0,0.47112721335933816,0.08423590594392763,0.49235905943927644,0.04006785975981728,1,1.289553979865246,0.30597811747042936
honest,0.9,0.0,False,1,0.045821243813175476,0.3998626498785708,0.0498626498785708,0.005260874205088283,1,1.3580836188360423,0.14889898650404798
honest,0.9,0.0,True,1,0.00012368015292979316,1.1450607550998817,0.7950607550998818,1.4200088694288779e-05,1,1.3580836188360423,0.14889898650404798
honest,0.9,1.0,False,1,0.46080753398561375,0.03998626498785707,0.0498626498785708,0.052906692776379556,1,1.3580836188360423,0.14889898650404798
honest,0.9,1.0,True,1,0.3201134216401613,0.11450607550998815,0.7950607550998818,0.036753180456551314,1,1.3580836188360423,0.14889898650404798
honest,0.9,0.0,False,2,0.06983476731341608,0.3750358653032427,0.02503586530324271,0.004025779513200144,0,1.3150636686210269,-0.053532096076720936
honest,0.9,0.0,True,2,0.015252577071573396,0.5723366718874316,0.22233667188743161,0.0008792685171079548,0,1.3150636686210269,-0.053532096076720936
honest,0.9,1.0,False,2,0.5277285150119171,0.03750358653032426,0.02503586530324271,0.030422076653191132,0,1.3150636686210269,-0.053532096076720936
honest,0.9,1.0,True,2,0.4882989692003527,0.057233667188743155,0.22233667188743161,0.028149073336224576,0,1.3150636686210269,-0.053532096076720936
honest,0.9,0.0,False,3,0.05829219501867864,0.4022790416523028,0.05227904165230285,0.007017036177918896,0,1.3107403652283711,-0.3573701407147283
honest,0.9,0.0,True,3,0.0010301854302793795,0.9141239059848293,0.5641239059848293,0.00012401057177412861,0,1.3107403652283711,-0.3573701407147283
honest,0.9,1.0,False,3,0.5285145934592437,0.040227904165230276,0.05227904165230285,0.06362097055486172,0,1.3107403652283711,-0.3573701407147283
honest,0.9,1.0,True,3,0.4267083970180829,0.09141239059848291,0.5641239059848293,0.05136585195219057,0,1.3107403652283711,-0.3573701407147283
honest,0.9,0.0,False,4,0.04963988608756407,0.3917685639462313,0.041768563946231324,0.004774149437141476,0,1.3547384549982893,-0.5032072398535428
honest,0.9,0.0,True,4,0.0036284968692167057,0.7246754879169508,0.3746754879169508,0.0003489731272808128,0,1.3547384549982893,-0.5032072398535428
honest,0.9,1.0,False,4,0.4672189266583419,0.03917685639462312,0.041768563946231324,0.04493509456877213,0,1.3547384549982893,-0.5032072398535428
honest,0.9,1.0,True,4,0.4018799213687693,0.07246754879169506,0.3746754879169508,0.038651071781605734,0,1.3547384549982893,-0.5032072398535428
honest,0.9,0.0,False,5,0.04905502382774516,0.38444772816198935,0.034447728161989384,0.0038909868676952775,1,1.3670477040749838,-0.18670045922933975
honest,0.9,0.0,True,5,0.0001850356979291902,1.0882306204489547,0.7382306204489548,1.467681420817288e-05,1,1.3670477040749838,-0.18670045922933975
honest,0.9,1.0,False,5,0.4510349478913938,0.03844477281619893,0.034447728161989384,0.035775562260035816,1,1.3670477040749838,-0.18670045922933975
honest,0.9,1.0,True,5,0.31875129851327005,0.10882306204489545,0.7382306204489548,0.02528297857791419,1,1.3670477040749838,-0.18670045922933975
honest,0.9,0.0,False,6,0.05845579701203403,0.3644084212721288,0.014408421272128831,0.0019393655324754188,1,1.3627244222585158,0.16115236252835685
honest,0.9,0.0,True,6,0.002473385405788008,0.7669634929375402,0.41696349293754015,8.205855791386259e-05,1,1.3627244222585158,0.16115236252835685
honest,0.9,1.0,False,6,0.4612007093926692,0.03644084212721287,0.014408421272128831,0.015301078850489732,1,1.3627244222585158,0.16115236252835685
honest,0.9,1.0,True,6,0.3828299120056628,0.076696349293754,0.41696349293754015,0.012701000997241314,1,1.3627244222585158,0.16115236252835685
honest,0.9,0.0,False,7,0.05804224720904597,0.35442591013441943,0.004425910134419451,0.0005915105552831392,0,1.3778695034590949,0.051975234647196
honest,0.9,0.0,True,7,0.00039337879531787075,0.9861202624769633,0.6361202624769633,4.008936952717112e-06,0,1.3778695034590949,0.051975234647196
honest,0.9,1.0,False,7,0.4415379417104477,0.03544259101344194,0.004425910134419451,0.00449972848465138,0,1.3778695034590949,0.051975234647196
honest,0.9,1.0,True,7,0.32294331021582395,0.0986120262476963,0.6361202624769633,0.003291126480040312,0,1.3778695034590949,0.051975234647196
honest,0.9,0.0,False,8,0.05674485999476649,0.35969122004958465,0.009691220049584691,0.0012662535394927375,0,1.3747260757399302,-0.2152751728041784
honest,0.9,0.0,True,8,0.0005481645424953342,0.94689309662684,0.59689309662684,1.2232214375419228e-05,0,1.3747260757399302,-0.2152751728041784
honest,0.9,1.0,False,8,0.44497502783908904,0.035969122004958456,0.009691220049584691,0.009929554924253799,0,1.3747260757399302,-0.2152751728041784
honest,0.9,1.0,True,8,0.33386481931065703,0.09468930966268398,0.59689309662684,0.007450146307581219,0,1.3747260757399302,-0.2152751728041784
honest,0.9,0.0,False,9,0.06397444351235505,0.3625294694300998,0.012529469430099832,0.001845673541102617,0,1.3486778426016888,0.1516990194349248
honest,0.9,0.0,True,9,0.0015615493241799229,0.8346988353903197,0.4846988353903198,4.505096273653322e-05,0,1.3486778426016888,0.1516990194349248
honest,0.9,1.0,False,9,0.4817713533884101,0.03625294694300997,0.012529469430099832,0.013899185221337049,0,1.3486778426016888,0.1516990194349248
honest,0.9,1.0,True,9,0.38919852935093524,0.08346988353903195,0.4846988353903198,0.011228443553719127,0,1.3486778426016888,0.1516990194349248
honest,0.9,0.0,False,10,0.07917103452610008,0.4114908227873829,0.061490822787382916,0.011209656711739452,0,1.2410344913939695,-0.5513381237660024
honest,0.9,0.0,True,10,0.014980870764273008,0.6280187164308286,0.27801871643082865,0.002121109311197306,0,1.2410344913939695,-0.5513381237660024
honest,0.9,1.0,False,10,0.6245884627937374,0.04114908227873828,0.061490822787382916,0.08843413877233987,0,1.2410344913939695,-0.5513381237660024
honest,0.9,1.0,True,10,0.5831815530465856,0.06280187164308285,0.27801871643082865,0.08257142336716813,0,1.2410344913939695,-0.5513381237660024
honest,0.9,0.0,False,11,0.06681042512563141,0.35995986680026165,0.009959866800261667,0.0015321929309439883,0,1.3441978521685556,-0.2193868257587006
honest,0.9,0.0,True,11,0.003258057483702384,0.7457863059247498,0.39578630592474984,7.471846849875547e-05,0,1.3441978521685556,-0.2193868257587006
honest,0.9,1.0,False,11,0.48874235423239987,0.035995986680026154,0.009959866800261667,0.011208543858232611,0,1.3441978521685556,-0.2193868257587006
honest,0.9,1.0,True,11,0.4124856277125092,0.07457863059247496,0.39578630592474984,0.009459714733271984,0,1.3441978521685556,-0.2193868257587006
honest,0.9,0.0,False,12,0.08291339834483408,0.37158219608693,0.021582196086930017,0.004120368312003067,0,1.2876504491668515,-0.1673560601358386
honest,0.9,0.0,True,12,0.0002254077847228761,1.1208282895934625,0.7708282895934625,1.1201604469138421e-05,0,1.2876504491668515,-0.1673560601358386
honest,0.9,1.0,False,12,0.5675805407048129,0.03715821960869299,0.021582196086930017,0.028205825851008393,0,1.2876504491668515,-0.1673560601358386
honest,0.9,1.0,True,12,0.41887086983059985,0.11208282895934622,0.7708282895934625,0.020815722106735927,0,1.2876504491668515,-0.1673560601358386
honest,0.9,0.0,False,13,0.06238495057822349,0.3692780473960505,0.019278047396050525,0.0027692270663369372,0,1.3439761697826333,-0.1789646555030795
honest,0.9,0.0,True,13,0.0012117631141729099,0.8698344177530216,0.5198344177530216,5.3789370395489314e-05,0,1.3439761697826333,-0.1789646555030795
honest,0.9,1.0,False,13,0.48719943297699875,0.036927804739605045,0.019278047396050525,0.021626463497990852,0,1.3439761697826333,-0.1789646555030795
honest,0.9,1.0,True,13,0.38896650215929823,0.08698344177530214,0.5198344177530216,0.017265968085160687,0,1.3439761697826333,-0.1789646555030795
honest,0.9,0.0,False,14,0.057583423250839226,0.35983544162233916,0.009835441622339194,0.0013040884040618477,0,1.3718299622969639,-0.2173746088430566
honest,0.9,0.0,True,14,0.003081541774028621,0.73283872469554,0.38283872469554003,6.978749555470952e-05,0,1.3718299622969639,-0.2173746088430566
honest,0.9,1.0,False,14,0.4490777918836931,0.035983544162233906,0.009835441622339194,0.010170238375133226,0,1.3718299622969639,-0.2173746088430566
honest,0.9,1.0,True,14,0.3768828576183087,0.07328387246955398,0.38283872469554003,0.008535243939366974,0,1.3718299622969639,-0.2173746088430566
honest,0.9,0.0,False,15,0.06745824006863747,0.36144099997373935,0.011440999973739388,0.0017771115107691354,0,1.3403520795273807,-0.035629443044636
honest,0.9,0.0,True,15,0.0006181532567672768,0.9566598257305405,0.6066598257305406,1.6284552738150682e-05,0,1.3403520795273807,-0.035629443044636
honest,0.9,1.0,False,15,0.49399279089028575,0.036144099997373925,0.011440999973739388,0.01301368482241563,0,1.3403520795273807,-0.035629443044636
honest,0.9,1.0,True,15,0.3774924817211844,0.09566598257305403,0.6066598257305406,0.009944615125045523,0,1.3403520795273807,-0.035629443044636
honest,0.9,0.0,False,16,0.06192984152418133,0.3893603522123978,0.03936035221239781,0.005612736234103887,0,1.3174890660963332,0.11061542217942799
honest,0.9,0.0,True,16,0.00018628523355418048,1.1231381842791412,0.7731381842791414,1.6883135085042925e-05,0,1.3174890660963332,0.11061542217942799
honest,0.9,1.0,False,16,0.5213799427431886,0.03893603522123977,0.03936035221239781,0.04725295631875733,0,1.3174890660963332,0.11061542217942799
honest,0.9,1.0,True,16,0.37719989979405494,0.1123138184279141,0.7731381842791414,0.03418583824807284,0,1.3174890660963332,0.11061542217942799
honest,0.9,0.0,False,17,0.0538584102637079,0.36086069824636796,0.010860698246368004,0.0013468739905231598,0,1.3826809975250491,-0.0006423014788174974
honest,0.9,0.0,True,17,0.0005569432279603437,0.9391677595596606,0.5891677595596606,1.392785907094011e-05,0,1.3826809975250491,-0.0006423014788174974
honest,0.9,1.0,False,17,0.4334382757048286,0.03608606982463679,0.010860698246368004,0.010839286514132788,0,1.3826809975250491,-0.0006423014788174974
honest,0.9,1.0,True,17,0.3250889031633483,0.09391677595596604,0.5891677595596606,0.008129719873545183,0,1.3826809975250491,-0.0006423014788174974
honest,0.9,0.0,False,18,0.05554968525861068,0.40191227413454683,0.051912274134546854,0.006639988785017999,0,1.320103490617626,-0.37371507652785496
honest,0.9,0.0,True,18,7.951264168193878e-05,1.2276859975972925,0.8776859975972926,9.50433916191072e-06,0,1.320103490617626,-0.37371507652785496
honest,0.9,1.0,False,18,0.5151061870334831,0.040191227413454676,0.051912274134546854,0.061571893505292824,0,1.320103490617626,-0.37371507652785496
honest,0.9,1.0,True,18,0.35430346639615184,0.12276859975972922,0.8776859975972926,0.04235075378755239,0,1.320103490617626,-0.37371507652785496
honest,0.9,0.0,False,19,0.06358483236535573,0.3560144398891463,0.0060144398891463086,0.0008805710596343022,0,1.3588402668026243,-0.0715922227623711
honest,0.9,0.0,True,19,0.0001868686394620967,1.0929186634393364,0.7429186634393365,2.587898870567987e-06,0,1.3588402668026243,-0.0715922227623711
honest,0.9,1.0,False,19,0.46844698339027824,0.03560144398891462,0.0060144398891463086,0.006487409673053118,0,1.3588402668026243,-0.0715922227623711
honest,0.9,1.0,True,19,0.3282957219232892,0.10929186634393362,0.7429186634393365,0.004546488540951298,0,1.3588402668026243,-0.0715922227623711
honest,0.9,0.0,False,20,0.04848257783115445,0.49234179799859024,0.14234179799859023,0.015890363768495865,0,1.219613102541933,-0.40352994215714855
honest,0.9,0.0,True,20,0.026148160481698074,0.572420154257155,0.22242015425715497,0.008570166862377347,0,1.219613102541933,-0.40352994215714855
honest,0.9,1.0,False,20,0.6383032804546521,0.049234179799859015,0.14234179799859023,0.20920651860493575,0,1.219613102541933,-0.40352994215714855
honest,0.9,1.0,True,20,0.6233859196821934,0.057242015425715484,0.22242015425715497,0.20431729241804064,0,1.219613102541933,-0.40352994215714855
honest,0.9,0.0,False,21,0.04935128618588861,0.377114033873133,0.02711403387313305,0.0030811177693594546,1,1.3761169692958166,0.08113076526267538
honest,0.9,0.0,True,21,0.0027986740731525284,0.741817301554123,0.391817301554123,0.00017472785582438395,1,1.3761169692958166,0.08113076526267538
honest,0.9,1.0,False,21,0.4395570996801487,0.0377114033873133,0.02711403387313305,0.02744259157443933,1,1.3761169692958166,0.08113076526267538
honest,0.9,1.0,True,21,0.3694161498859667,0.07418173015541228,0.391817301554123,0.02306352583020351,1,1.3761169692958166,0.08113076526267538
honest,0.9,0.0,False,22,0.06578662901061472,0.3637057089453542,0.013705708945354202,0.002076131351621323,1,1.3418710050539269,0.12950298945739802
honest,0.9,0.0,True,22,0.0013308422959708661,0.8596211156614166,0.5096211156614167,4.199946792049501e-05,1,1.3418710050539269,0.12950298945739802
honest,0.9,1.0,False,22,0.4913490770910996,0.03637057089453541,0.013705708945354202,0.015506269873995816,1,1.3418710050539269,0.12950298945739802
honest,0.9,1.0,True,22,0.393806523771547,0.08596211156614164,0.5096211156614167,0.012427967244577879,1,1.3418710050539269,0.12950298945739802
honest,0.9,0.0,False,23,0.05533536675915734,0.36824749349152086,0.018247493491520873,0.0023249932634732,0,1.3674819625393855,-0.11555960304677315
honest,0.9,0.0,True,23,0.0007584912601397056,0.9114978399121564,0.5614978399121564,3.1869077111272204e-05,0,1.3674819625393855,-0.11555960304677315
honest,0.9,1.0,False,23,0.4536247296990497,0.03682474934915208,0.018247493491520873,0.019059681040617768,0,1.3674819625393855,-0.11555960304677315
honest,0.9,1.0,True,23,0.3496368043875342,0.09114978399121562,0.5614978399121564,0.01469048209983696,0,1.3674819625393855,-0.11555960304677315
honest,0.9,0.0,False,24,0.06638944242714348,0.3827987165326765,0.03279871653267649,0.005013852567013288,0,1.3137100007255258,-0.3652466607754319
honest,0.9,0.0,True,24,0.0001066539132369093,1.1955853936172351,0.8455853936172353,8.054699318370198e-06,0,1.3137100007255258,-0.3652466607754319
honest,0.9,1.0,False,24,0.5281276256187034,0.03827987165326764,0.03279871653267649,0.039885167800962684,0,1.3137100007255258,-0.3652466607754319
honest,0.9,1.0,True,24,0.3687460766566037,0.11955853936172349,0.8455853936172353,0.02784838063747451,0,1.3137100007255258,-0.3652466607754319
honest,0.9,0.0,False,25,0.07425082650659628,0.3556649527913266,0.005664952791326644,0.0009685304428310847,0,1.3304673853512698,-0.12402719528806672
honest,0.9,0.0,True,25,0.00011488020382850613,1.1742088744933166,0.8242088744933167,1.4985014971740925e-06,0,1.3304673853512698,-0.12402719528806672
honest,0.9,1.0,False,25,0.5094072003029843,0.03556649527913265,0.005664952791326644,0.00664472578291047,0,1.3304673853512698,-0.12402719528806672
honest,0.9,1.0,True,25,0.35041810385636163,0.11742088744933163,0.8242088744933167,0.00457086630912964,0,1.3304673853512698,-0.12402719528806672
honest,0.9,0.0,False,26,0.055639207202154504,0.37982831499473985,0.029828314994739875,0.003821425018366179,1,1.350422894272474,0.34797090093116956
honest,0.9,0.0,True,26,0.0007821501044783062,0.919960972444427,0.569960972444427,5.371981607342853e-05,1,1.350422894272474,0.34797090093116956
honest,0.9,1.0,False,26,0.47580483623285225,0.03798283149947398,0.029828314994739875,0.03267933884164756,1,1.350422894272474,0.34797090093116956
honest,0.9,1.0,True,26,0.37075891757521956,0.09199609724444267,0.569960972444427,0.025464550532802062,1,1.350422894272474,0.34797090093116956
honest,0.9,0.0,False,27,0.06427565531625566,0.3500243124718242,2.431247182422213e-05,3.5982498603516755e-06,0,1.365143924720813,-0.003712376297930531
honest,0.9,0.0,True,27,0.00017401622505630205,1.0972803128877147,0.7472803128877147,9.741695427715179e-09,0,1.365143924720813,-0.003712376297930531
honest,0.9,1.0,False,27,0.46059068128041974,0.035002431247182414,2.431247182422213e-05,2.578457343518376e-05,0,1.365143924720813,-0.003712376297930531
honest,0.9,1.0,True,27,0.3195654070613731,0.10972803128877144,0.7472803128877147,1.788976208292352e-05,0,1.365143924720813,-0.003712376297930531
honest,0.9,0.0,False,28,0.06879154671571719,0.38421887462727017,0.034218874627270204,0.005420214648284487,0,1.3051357137871338,0.053316900946164036
honest,0.9,0.0,True,28,0.0012617094178434757,0.8927967503420122,0.5427967503420122,9.941244520544e-05,0,1.3051357137871338,0.053316900946164036
honest,0.9,1.0,False,28,0.5401567270874573,0.03842188746272701,0.034218874627270204,0.042559958952920585,0,1.3051357137871338,0.053316900946164036
honest,0.9,1.0,True,28,0.4388356904042138,0.0892796750342012,0.5427967503420122,0.0345766849399173,0,1.3051357137871338,0.053316900946164036
honest,0.9,0.0,False,29,0.06387640564983187,0.4114146198376645,0.06141461983766447,0.009032915068109904,0,1.281192540734026,-0.5345645715217395
honest,0.9,0.0,True,29,0.00011536102353524208,1.2092310180617063,0.8592310180617063,1.6313477835251555e-05,0,1.281192540734026,-0.5345645715217395
honest,0.9,1.0,False,29,0.5689056933781167,0.04114146198376644,0.06141461983766447,0.08045031272141139,0,1.281192540734026,-0.5345645715217395
honest,0.9,1.0,True,29,0.4107501139221909,0.12092310180617061,0.8592310180617063,0.05808515453444873,0,1.281192540734026,-0.5345645715217395
honest,0.9,0.0,False,30,0.05114579412802009,0.42146204419373534,0.07146204419373536,0.008415909371638036,0,1.3081209693157898,-0.3357269394973299
honest,0.9,0.0,True,30,0.023492221043736494,0.5223043535314265,0.17230435353142654,0.0038655847780504054,0,1.3081209693157898,-0.3357269394973299
honest,0.9,1.0,False,30,0.5284571694370095,0.04214620441937352,0.07146204419373536,0.08695627315204234,0,1.3081209693157898,-0.3357269394973299
honest,0.9,1.0,True,30,0.5083187262969218,0.05223043535314263,0.17230435353142654,0.08364254393456963,0,1.3081209693157898,-0.3357269394973299
honest,0.9,0.0,False,31,0.06118033372531513,0.360559853205586,0.010559853205586018,0.0014875974025201032,1,1.3596634372692546,-0.004535063622598701
honest,0.9,0.0,True,31,0.00013325910378969734,1.134595389404939,0.7845953894049389,3.2401898549579957e-06,1,1.3596634372692546,-0.004535063622598701
honest,0.9,1.0,False,31,0.46635923118986505,0.03605598532055859,0.010559853205586018,0.011339506320349713,1,1.3596634372692546,-0.004535063622598701
honest,0.9,1.0,True,31,0.31995141142642247,0.11345953894049388,0.7845953894049389,0.00777960595487313,1,1.3596634372692546,-0.004535063622598701
honest,0.9,0.0,False,32,0.06979426421594188,0.40042105459559346,0.050421054595593484,0.008103028136736114,0,1.2799804021304786,-0.4733654226301751
honest,0.9,0.0,True,32,1.851196106427837e-05,1.4388236830371577,1.0888236830371578,2.14921588550465e-06,0,1.2799804021304786,-0.4733654226301751
honest,0.9,1.0,False,32,0.5727738937082283,0.040042105459559336,0.050421054595593484,0.06649834379435388,0,1.2799804021304786,-0.4733654226301751
honest,0.9,1.0,True,32,0.3687589879286667,0.14388236830371573,1.0888236830371578,0.04281246443999058,0,1.2799804021304786,-0.4733654226301751
honest,0.9,0.0,False,33,0.05252310322621329,0.37954898282809607,0.029548982828096107,0.003573621908591133,0,1.361368365068838,-0.28419590553927887
honest,0.9,0.0,True,33,0.00254042454081237,0.764590357067472,0.41459035706747205,0.00017284806568014697,0,1.361368365068838,-0.28419590553927887
honest,0.9,1.0,False,33,0.46013560635121026,0.037954898282809596,0.029548982828096107,0.03130718831858521,0,1.361368365068838,-0.28419590553927887
honest,0.9,1.0,True,33,0.38513001933092944,0.07645903570674718,0.41459035706747205,0.02620387963006432,0,1.361368365068838,-0.28419590553927887
honest,0.9,0.0,False,34,0.04336523440630001,0.4678896439132028,0.11788964391320285,0.011771533499498056,1,1.2737699659793407,0.6423097840640128
honest,0.9,0.0,True,34,8.164958800141025e-05,1.2577932098678368,0.9077932098678367,2.216385714357358e-05,1,1.2737699659793407,0.6423097840640128
honest,0.9,1.0,False,34,0.5683302462574651,0.04678896439132027,0.11788964391320285,0.15427377769750517,1,1.2737699659793407,0.6423097840640128
honest,0.9,1.0,True,34,0.4117147920518432,0.12577932098678365,0.9077932098678367,0.11176036595280242,1,1.2737699659793407,0.6423097840640128
honest,0.9,0.0,False,35,0.04607889514311958,0.4044707084395688,0.05447070843956883,0.005779373598206286,1,1.3506770386530107,0.42712755305850814
honest,0.9,0.0,True,35,0.0029896587473167333,0.7518927038364698,0.40189270383646986,0.00037497328827487697,1,1.3506770386530107,0.42712755305850814
honest,0.9,1.0,False,35,0.4705250070295427,0.04044707084395687,0.05447070843956883,0.059014865579484564,1,1.3506770386530107,0.42712755305850814
honest,0.9,1.0,True,35,0.40227991060005364,0.07518927038364696,0.40189270383646986,0.050455330736329275,1,1.3506770386530107,0.42712755305850814
honest,0.9,0.0,False,36,0.051563911834717494,0.40453405207010895,0.05453405207010897,0.006474844074945952,1,1.3301009094495042,0.3705412090634914
honest,0.9,0.0,True,36,0.007342095145954768,0.6538802387617241,0.3038802387617241,0.0009219417139230147,1,1.3301009094495042,0.3705412090634914
honest,0.9,1.0,False,36,0.5001632036354823,0.040453405207010885,0.05453405207010897,0.06280514104410424,1,1.3301009094495042,0.3705412090634914
honest,0.9,1.0,True,36,0.45045706583692335,0.06538802387617239,0.3038802387617241,0.056563576345811606,1,1.3301009094495042,0.3705412090634914
honest,0.9,0.0,False,37,0.06042360650416461,0.3642713579012472,0.0142713579012472,0.0019855810977058713,0,1.3568145343619002,-0.17477135670425192
honest,0.9,0.0,True,37,0.0020510768316190186,0.7946823445422657,0.4446823445422658,6.740046849941794e-05,0,1.3568145343619002,-0.17477135670425192
honest,0.9,1.0,False,37,0.4697132522423558,0.036427135790124715,0.0142713579012472,0.015435254678650964,0,1.3568145343619002,-0.17477135670425192
honest,0.9,1.0,True,37,0.3856524402687095,0.07946823445422656,0.4446823445422658,0.012672930994758056,0,1.3568145343619002,-0.17477135670425192
honest,0.9,0.0,False,38,0.06753333890285354,0.35367089603919294,0.0036708960391929647,0.0005708289573598311,0,1.3509169685593851,-0.045165991113631065
honest,0.9,0.0,True,38,0.00013718223020036416,1.1372772915170763,0.7872772915170765,1.1595397281661931e-06,0,1.3509169685593851,-0.045165991113631065
honest,0.9,1.0,False,38,0.4803147899569411,0.03536708960391929,0.0036708960391929647,0.004059885016940009,0,1.3509169685593851,-0.045165991113631065
honest,0.9,1.0,True,38,0.33055705199738566,0.1137277291517076,0.7872772915170765,0.00279405017440407,0,1.3509169685593851,-0.045165991113631065
honest,0.9,0.0,False,39,0.05649330078871799,0.38672667182909604,0.03672667182909606,0.004777428691971884,0,1.3380631059708175,-0.2546829336179046
honest,0.9,0.0,True,39,0.00011901559748872257,1.164308618738163,0.8143086187381632,1.0064707182915221e-05,0,1.3380631059708175,-0.2546829336179046
honest,0.9,1.0,False,39,0.4922382818091465,0.0386726671829096,0.03672667182909606,0.04162676384580439,0,1.3380631059708175,-0.2546829336179046
honest,0.9,1.0,True,39,0.3422879399079042,0.11643086187381628,0.8143086187381632,0.02894602018649508,0,1.3380631059708175,-0.2546829336179046
false,0.2,0.0,False,0,0.008951161678622322,1.4843843130253145,1.1343843130253146,0.002265812426606021,1,0.1441583229364631,1.249764469506618
false,0.2,0.0,True,0,0.9836294213366055,0.3840413159468639,0.034041315946863944,0.24898665067826076,1,0.1441583229364631,1.249764469506618
false,0.2,1.0,False,0,0.08850995880487474,1.1875074504202516,1.1343843130253146,0.022404574036175656,1,0.1441583229364631,1.249764469506618
false,0.2,1.0,True,0,0.9910776152115153,0.30723305275749113,0.034041315946863944,0.25087201604685266,1,0.1441583229364631,1.249764469506618
false,0.2,0.0,False,1,0.0007943833143645143,1.7940514211451024,1.4440514211451025,0.00025597474102126606,0,0.13598479912955466,-2.249664270606358
false,0.2,0.0,True,1,8.606224838822064e-07,2.6476088311345762,2.297608831134576,2.7731903911534043e-07,0,0.13598479912955466,-2.249664270606358
false,0.2,1.0,False,1,0.013834380505499124,1.435241136916082,1.4440514211451025,0.0044578629775446615,0,0.13598479912955466,-2.249664270606358
false,0.2,1.0,True,1,5.950237056581012e-05,2.118087064907661,2.297608831134576,1.9173494231709954e-05,0,0.13598479912955466,-2.249664270606358
false,0.2,0.0,False,2,0.034242021454492295,1.2561866497152767,0.9061866497152766,0.006924069131255733,0,0.2235341568027837,-1.9349077893278113
false,0.2,0.0,True,2,0.9748172468627149,0.3817428585783379,0.031742858578337904,0.1971175100333428,0,0.2235341568027837,-1.9349077893278113
false,0.2,1.0,False,2,0.2092319842536747,1.0049493197722215,0.9061866497152766,0.0423087382667413,0,0.2235341568027837,-1.9349077893278113
false,0.2,1.0,True,2,0.9861685081065261,0.30539428686267034,0.031742858578337904,0.19941284524547528,0,0.2235341568027837,-1.9349077893278113
false,0.2,0.0,False,3,0.0010477042564217068,1.8567680103752604,1.5067680103752605,0.0003522649554025272,0,0.001033065604012167,-13.733620859761812
false,0.2,0.0,True,3,1.817631934549404e-06,2.651501578352575,2.3015015783525747,6.111343238683337e-07,0,0.001033065604012167,-13.733620859761812
false,0.2,1.0,False,3,0.02004991227787844,1.4854144083002083,1.5067680103752605,0.006741293080657851,0,0.001033065604012167,-13.733620859761812
false,0.2,1.0,True,3,0.00012644562936571104,2.1212012626820598,2.3015015783525747,4.251425315526076e-05,0,0.001033065604012167,-13.733620859761812
false,0.2,0.0,False,4,0.0010814631576229676,1.7726740367878957,1.4226740367878956,0.00034332187469048606,0,0.11211067102700491,-13.856307583826286
false,0.2,0.0,True,4,0.9768214838502337,0.45149448355777944,0.10149448355777947,0.31010227274919633,0,0.11211067102700491,-13.856307583826286
false,0.2,1.0,False,4,0.01812663621614299,1.4181392294303166,1.4226740367878956,0.0057544916659364375,0,0.11211067102700491,-13.856307583826286
false,0.2,1.0,True,4,0.9886089316896237,0.36119558684622355,0.10149448355777947,0.31384432226933967,0,0.11211067102700491,-13.856307583826286
false,0.2,0.0,False,5,0.00027198426104393166,2.023377518434799,1.6733775184347992,0.00010155984840584668,0,0.003894480084268919,-9.233084594569123
false,0.2,0.0,True,5,1.8343315876654927e-06,2.6482942971834564,2.2982942971834563,6.849456555108264e-07,0,0.003894480084268919,-9.233084594569123
false,0.2,1.0,False,5,0.0068809740261338475,1.6187020147478393,1.6733775184347992,0.0025693791114841202,0,0.003894480084268919,-9.233084594569123
false,0.2,1.0,True,5,0.00012695413828505474,2.1186354377467653,2.2982942971834563,4.740510715302924e-05,0,0.003894480084268919,-9.233084594569123
false,0.2,0.0,False,6,0.003075553620917827,1.6449060154099278,1.294906015409928,0.0008886809939310997,0,0.10777432528076708,-2.4614994456138355
false,0.2,0.0,True,6,0.9850157719084369,0.399049824470343,0.049049824470342986,0.2846202352850434,0,0.10777432528076708,-2.4614994456138355
false,0.2,1.0,False,6,0.04111727468351676,1.3159248123279423,1.294906015409928,0.01188083351399387,0,0.10777432528076708,-2.4614994456138355
false,0.2,1.0,True,6,0.9920305560351953,0.31923985957627443,0.049049824470342986,0.28664715664566637,0,0.10777432528076708,-2.4614994456138355
false,0.2,0.0,False,7,0.006441185428669501,1.4210530030923048,1.071053003092305,0.0015394341114248777,0,0.28941609133965013,-2.518123683153112
false,0.2,0.0,True,7,2.442187484821353e-06,2.406557166125564,2.0565571661255637,5.836793183899227e-07,0,0.28941609133965013,-2.518123683153112
false,0.2,1.0,False,7,0.05925088017369487,1.136842402473844,1.071053003092305,0.014160875677534235,0,0.28941609133965013,-2.518123683153112
false,0.2,1.0,True,7,0.0001148093859703396,1.925245732900451,2.0565571661255637,2.7439279156258272e-05,0,0.28941609133965013,-2.518123683153112
false,0.2,0.0,False,8,0.0010158772780562994,1.6757628150899322,1.325762815089932,0.0003005324840255467,0,0.257310756951553,-6.139368400734161
false,0.2,0.0,True,8,1.8311751572009149e-06,2.4657083739427157,2.1157083739427156,5.417264767772108e-07,0,0.257310756951553,-6.139368400734161
false,0.2,1.0,False,8,0.014632554172747302,1.3406102520719458,1.325762815089932,0.004328827849745857,0,0.257310756951553,-6.139368400734161
false,0.2,1.0,True,8,9.463226787102792e-05,1.9725666991541726,2.1157083739427156,2.7995576972314976e-05,0,0.257310756951553,-6.139368400734161
false,0.2,0.0,False,9,0.0010208669445978566,1.6653171077896265,1.3153171077896266,0.0002996290733144378,0,0.27094167027434807,-2.283308675769748
false,0.2,0.0,True,9,0.9678180772256141,0.37910199265223865,0.0291019926522387,0.28405899040085403,0,0.27094167027434807,-2.283308675769748
false,0.2,1.0,False,9,0.014463266549406413,1.3322536862317014,1.3153171077896266,0.004245034258607974,0,0.27094167027434807,-2.283308675769748
false,0.2,1.0,True,9,0.9821931091790972,0.30328159412179095,0.0291019926522387,0.28827812740580844,0,0.27094167027434807,-2.283308675769748
false,0.2,0.0,False,10,0.039853302872401755,1.320067986980213,0.970067986980213,0.008626821917239352,0,0.10766948045540072,-14.271545632089458
false,0.2,0.0,True,10,0.9852424874227533,0.39719094842024155,0.04719094842024159,0.21326993929479057,0,0.10766948045540072,-14.271545632089458
false,0.2,1.0,False,10,0.25544644232834124,1.0560543895841705,0.970067986980213,0.0552950648636201,0,0.10766948045540072,-14.271545632089458
false,0.2,1.0,True,10,0.9921287892160608,0.31775275873619324,0.04719094842024159,0.21476057858833753,0,0.10766948045540072,-14.271545632089458
false,0.2,0.0,False,11,0.07447791000783754,1.2133765958201101,0.8633765958201102,0.014348684728762497,0,0.14085489983074204,-2.8744293250267834
false,0.2,0.0,True,11,0.9796545288628158,0.41410196109388253,0.06410196109388253,0.1887372239134754,0,0.14085489983074204,-2.8744293250267834
false,0.2,1.0,False,11,0.3592886647181771,0.9707012766560882,0.8633765958201102,0.069219447432355,0,0.14085489983074204,-2.8744293250267834
false,0.2,1.0,True,11,0.9894069205445039,0.33128156887510607,0.06410196109388253,0.19061608965470286,0,0.14085489983074204,-2.8744293250267834
false,0.2,0.0,False,12,0.03712359552335867,1.401304685217791,1.0513046852177912,0.008708893359824929,0,0.007838595629930917,-6.640891754288971
false,0.2,0.0,True,12,1.8245760736773223e-06,2.646115781194982,2.296115781194982,4.280306966103443e-07,0,0.007838595629930917,-6.640891754288971
false,0.2,1.0,False,12,0.26627888639320463,1.1210437481742328,1.0513046852177912,0.06246685949673742,0,0.007838595629930917,-6.640891754288971
false,0.2,1.0,True,12,0.0001258397029894549,2.1168926249559856,2.296115781194982,2.952097010855628e-05,0,0.007838595629930917,-6.640891754288971
false,0.2,0.0,False,13,0.004472628189096676,1.5985449815853037,1.2485449815853036,0.0012460955084097418,0,0.10690696073825882,-6.299927773796108
false,0.2,0.0,True,13,0.9849875673984809,0.39991413879610727,0.0499141387961073,0.2744222259670051,0,0.10690696073825882,-6.299927773796108
false,0.2,1.0,False,13,0.05480424236913719,1.278835985268243,1.2485449815853036,0.015268722856163307,0,0.10690696073825882,-6.299927773796108
false,0.2,1.0,True,13,0.9920263945275892,0.3199313110368858,0.0499141387961073,0.27638327671820245,0,0.10690696073825882,-6.299927773796108
false,0.2,0.0,False,14,0.0011629231896391585,1.656988667063393,1.306988667063393,0.00033916200436377275,0,0.2598860940334494,-6.137133304416205
false,0.2,0.0,True,14,6.166799779260332e-06,2.312072355738005,1.962072355738005,1.7985230600595276e-06,0,0.2598860940334494,-6.137133304416205
false,0.2,1.0,False,14,0.01623092230260931,1.3255909336507146,1.306988667063393,0.00473368507040757,0,0.2598860940334494,-6.137133304416205
false,0.2,1.0,True,14,0.00024919923939312465,1.8496578845904041,1.962072355738005,7.267798447180766e-05,0,0.2598860940334494,-6.137133304416205
false,0.2,0.0,False,15,0.022682517356745764,1.3532057425119843,1.0032057425119845,0.005077683205133001,0,0.16246869954628673,-2.729386494613232
false,0.2,0.0,True,15,3.7006846172097635e-06,2.446177234315017,2.096177234315017,8.284311583569302e-07,0,0.16246869954628673,-2.729386494613232
false,0.2,1.0,False,15,0.1682490268119529,1.0825645940095876,1.0032057425119845,0.03766404073615544,0,0.16246869954628673,-2.729386494613232
false,0.2,1.0,True,15,0.00018534514720855967,1.9569417874520139,2.096177234315017,4.149115930705627e-05,0,0.16246869954628673,-2.729386494613232
false,0.2,0.0,False,16,0.006177681158490805,1.5654125026015109,1.2154125026015108,0.0016754579396425632,0,0.09657540512802812,-2.5883068201365975
false,0.2,0.0,True,16,3.019879376104099e-06,2.519121902122305,2.169121902122305,8.19025901086244e-07,0,0.09657540512802812,-2.5883068201365975
false,0.2,1.0,False,16,0.07070201002026985,1.2523300020812087,1.2154125026015108,0.019175195513989315,0,0.09657540512802812,-2.5883068201365975
false,0.2,1.0,True,16,0.00016997391155328305,2.015297521697844,2.169121902122305,4.609887307839356e-05,0,0.09657540512802812,-2.5883068201365975
false,0.2,0.0,False,17,0.001077030344467671,1.673105886205815,1.323105886205815,0.0003179851812489767,0,0.25085395124714693,-2.319717763846611
false,0.2,0.0,True,17,1.6567142433910184e-06,2.482881203258659,2.132881203258659,4.891325315656113e-07,0,0.25085395124714693,-2.319717763846611
false,0.2,1.0,False,17,0.015435935901959293,1.338484708964652,1.323105886205815,0.0045573450188704945,0,0.25085395124714693,-2.319717763846611
false,0.2,1.0,True,17,8.800202674472616e-05,1.9863049626069273,2.132881203258659,2.5981942447991092e-05,0,0.25085395124714693,-2.319717763846611
false,0.2,0.0,False,18,0.0004154202137026731,1.943706931555476,1.593706931555476,0.00014773398982784243,0,0.04092150822410884,-7.671656073760845
false,0.2,0.0,True,18,1.4452083768765623e-06,2.65138832102671,2.30138832102671,5.139528424618421e-07,0,0.04092150822410884,-7.671656073760845
false,0.2,1.0,False,18,0.009231371640971858,1.554965545244381,1.593706931555476,0.003282910458181188,0,0.04092150822410884,-7.671656073760845
false,0.2,1.0,True,18,0.00010052191349977319,2.1211106568213682,2.30138832102671,3.5748148156025063e-05,0,0.04092150822410884,-7.671656073760845
false,0.2,0.0,False,19,0.014422425004140082,1.3415692898011717,0.9915692898011719,0.003191138822714778,0,0.2585247041077954,-2.6409605319689886
false,0.2,0.0,True,19,2.1860712646049895e-06,2.442689143494188,2.092689143494188,4.836951400128365e-07,0,0.2585247041077954,-2.6409605319689886
false,0.2,1.0,False,19,0.11126022106565589,1.0732554318409375,0.9915692898011719,0.02461769159933394,0,0.2585247041077954,-2.6409605319689886
false,0.2,1.0,True,19,0.00010888604899929152,1.9541513147953506,2.092689143494188,2.409237684466505e-05,0,0.2585247041077954,-2.6409605319689886
false,0.2,0.0,False,20,0.003053481838889165,1.7235458615077555,1.3735458615077556,0.0009358857756734632,0,8.267108861076145e-06,-18.031819309536832
false,0.2,0.0,True,20,0.9873462719365892,0.45536042024864026,0.10536042024864029,0.30261956033307774,0,8.267108861076145e-06,-18.031819309536832
false,0.2,1.0,False,20,0.04605625046549909,1.3788366892062045,1.3735458615077556,0.014116144115399626,0,8.267108861076145e-06,-18.031819309536832
false,0.2,1.0,True,20,0.9938531249460374,0.3642883361989122,0.10536042024864029,0.30461389712538567,0,8.267108861076145e-06,-18.031819309536832
false,0.2,0.0,False,21,0.0005246931486721718,1.7777513494812642,1.4277513494812641,0.00016716383008086278,0,0.23049939186187401,-2.27541127550999
false,0.2,0.0,True,21,0.969642184508678,0.40074569458284526,0.05074569458284525,0.30892170362933113,0,0.23049939186187401,-2.27541127550999
false,0.2,1.0,False,21,0.008944161059958749,1.4222010795850115,1.4277513494812641,0.0028495516349442123,0,0.23049939186187401,-2.27541127550999
false,0.2,1.0,True,21,0.9837785477018339,0.3205965556662762,0.05074569458284525,0.31342545714843517,0,0.23049939186187401,-2.27541127550999
false,0.2,0.0,False,22,0.015642793718536975,1.4478189319886332,1.0978189319886333,0.0038320341861013386,1,0.09694131958893781,1.1724900662652238
false,0.2,0.0,True,22,3.006839441520347e-06,2.519398874916477,2.1693988749164768,7.365891118521683e-07,1,0.09694131958893781,1.1724900662652238
false,0.2,1.0,False,22,0.1387790240396928,1.1582551455909067,1.0978189319886333,0.03399686616104151,1,0.09694131958893781,1.1724900662652238
false,0.2,1.0,True,22,0.00016931508459547983,2.0155190999331816,2.1693988749164768,4.147732202232232e-05,1,0.09694131958893781,1.1724900662652238
false,0.2,0.0,False,23,0.0015731307794374367,1.7927210751886826,1.4427210751886825,0.0005064441337570415,0,0.01929453975192747,-6.217535690405613
false,0.2,0.0,True,23,1.7737011559431806e-06,2.6413869781317607,2.2913869781317606,5.71014538147133e-07,0,0.01929453975192747,-6.217535690405613
false,0.2,1.0,False,23,0.026994425530462596,1.4341768601509461,1.4427210751886825,0.008690420804640924,0,0.01929453975192747,-6.217535690405613
false,0.2,1.0,True,23,0.00012140935487440233,2.1131095825054085,2.2913869781317606,3.908578763003808e-05,0,0.01929453975192747,-6.217535690405613
false,0.2,0.0,False,24,0.01963823293437403,1.4471517738595177,1.0971517738595178,0.00480787820231301,0,0.05774420913722867,-14.462681445896434
false,0.2,0.0,True,24,1.299054034706893e-06,2.652580473534971,2.302580473534971,3.1803745265501e-07,0,0.05774420913722867,-14.462681445896434
false,0.2,1.0,False,24,0.16868152577716747,1.1577214190876142,1.0971517738595178,0.04129700638683224,0,0.05774420913722867,-14.462681445896434
false,0.2,1.0,True,24,9.052950838698197e-05,2.122064378827977,2.302580473534971,2.2163646367491117e-05,0,0.05774420913722867,-14.462681445896434
false,0.2,0.0,False,25,0.0007002033849496426,1.6933852697569618,1.343385269756962,0.00020989840016448328,0,0.29742202264713336,-2.2245075480937935
false,0.2,0.0,True,25,0.9686824753748299,0.3564854811433582,0.0064854811433582155,0.2903797756749934,0,0.29742202264713336,-2.2245075480937935
false,0.2,1.0,False,25,0.010415162366886837,1.3547082158055694,1.343385269756962,0.003122129891474464,0,0.29742202264713336,-2.2245075480937935
false,0.2,1.0,True,25,0.982051475449957,0.28518838491468657,0.0064854811433582155,0.29438737087930655,0,0.29742202264713336,-2.2245075480937935
false,0.2,0.0,False,26,0.0026446197447022855,1.7357883441218087,1.3857883441218086,0.0008177950561581519,1,0.008018519265912412,1.3928584464281613
false,0.2,0.0,True,26,1.8105516865739467e-06,2.646950504680264,2.296950504680264,5.59876413675366e-07,1,0.008018519265912412,1.3928584464281613
false,0.2,1.0,False,26,0.04088222465706911,1.388630675297447,1.3857883441218086,0.012641999393777392,1,0.008018519265912412,1.3928584464281613
false,0.2,1.0,True,26,0.00012503943516099713,2.1175604037442115,2.296950504680264,3.8665911083932646e-05,1,0.008018519265912412,1.3928584464281613
false,0.2,0.0,False,27,0.013145826877599794,1.3543348826421178,1.004334882642118,0.002946122467324385,1,0.2571123517418642,1.2009292613665623
false,0.2,0.0,True,27,1.9148293676133283e-06,2.4602676585384016,2.1102676585384015,4.2913404181754903e-07,1,0.2571123517418642,1.2009292613665623
false,0.2,1.0,False,27,0.10419280691245264,1.0834679061136943,1.004334882642118,0.023350738773338754,1,0.2571123517418642,1.2009292613665623
false,0.2,1.0,True,27,9.809737245864228e-05,1.9682141268307214,2.1102676585384015,2.1984685762015914e-05,1,0.2571123517418642,1.2009292613665623
false,0.2,0.0,False,28,0.0006601146377179897,1.9122317579613717,1.5622317579613716,0.00023011724494641423,0,0.004259848325123636,-6.796451559925775
false,0.2,0.0,True,28,0.9872016045647306,0.45373285996431995,0.10373285996431995,0.34414039693839726,0,0.004259848325123636,-6.796451559925775
false,0.2,1.0,False,28,0.01388634136252348,1.5297854063690974,1.5622317579613716,0.004840805572462545,0,0.004259848325123636,-6.796451559925775
false,0.2,1.0,True,28,0.993766269252798,0.362986287971456,0.10373285996431995,0.346428851800173,0,0.004259848325123636,-6.796451559925775
false,0.2,0.0,False,29,0.013235283986825382,1.5311209781890267,1.1811209781890266,0.003488285221753807,0,0.010843856126300089,-16.655842749895882
false,0.2,0.0,True,29,1.9043623639443635e-06,2.638597988538896,2.288597988538896,5.019128488382855e-07,0,0.010843856126300089,-16.655842749895882
false,0.2,1.0,False,29,0.13449899950027994,1.2248967825512214,1.1811209781890266,0.035448493040611706,0,0.010843856126300089,-16.655842749895882
false,0.2,1.0,True,29,0.00012977162066798718,2.110878390831117,2.288597988538896,3.420254729930888e-05,0,0.010843856126300089,-16.655842749895882
false,0.2,0.0,False,30,0.0011255990234716542,1.848396691052086,1.498396691052086,0.0003763525418093935,0,0.0001975743819974661,-13.826112876459668
false,0.2,0.0,True,30,0.9873331941361316,0.4553546420936949,0.10535464209369493,0.33012231663088154,0,0.0001975743819974661,-13.826112876459668
false,0.2,1.0,False,30,0.021230050380491368,1.4787173528416688,1.498396691052086,0.007098427820944727,0,0.0001975743819974661,-13.826112876459668
false,0.2,1.0,True,30,0.9938466736188003,0.36428371367495593,0.10535464209369493,0.33230014773077443,0,0.0001975743819974661,-13.826112876459668
false,0.2,0.0,False,31,0.0030898920013905738,1.5652479168157196,1.2152479168157198,0.0008379006473916687,0,0.2173954117179105,-2.448715514633199
false,0.2,0.0,True,31,1.4186978860318036e-06,2.526403567551883,2.176403567551883,3.847150245459277e-07,0,0.2173954117179105,-2.448715514633199
false,0.2,1.0,False,31,0.03653984592721271,1.2521983334525757,1.2152479168157198,0.009908683068607125,0,0.2173954117179105,-2.448715514633199
false,0.2,1.0,True,31,8.079424991112828e-05,2.0211228540415065,2.176403567551883,2.1909359380713658e-05,0,0.2173954117179105,-2.448715514633199
false,0.2,0.0,False,32,0.005793078416034357,1.638777087231523,1.2887770872315232,0.0016659867923544363,0,0.006076271905693134,-14.174587560510794
false,0.2,0.0,True,32,1.7516639494691907e-06,2.652484726558047,2.302484726558047,5.037475405790836e-07,0,0.006076271905693134,-14.174587560510794
false,0.2,1.0,False,32,0.07424506858107191,1.3110216697852186,1.2887770872315232,0.021351567296440607,0,0.006076271905693134,-14.174587560510794
false,0.2,1.0,True,32,0.00012204885584368932,2.1219877812464376,2.302484726558047,3.50990901995674e-05,0,0.006076271905693134,-14.174587560510794
false,0.2,0.0,False,33,0.001763244726473117,1.7882223962180035,1.4382223962180034,0.0005658782236454438,0,0.005728099308355451,-10.582736230012397
false,0.2,0.0,True,33,0.9873179253193565,0.4515177314696165,0.10151773146961653,0.31685999417139926,0,0.005728099308355451,-10.582736230012397
false,0.2,1.0,False,33,0.029954048926518338,1.4305779169744028,1.4382223962180034,0.00961315451170036,0,0.005728099308355451,-10.582736230012397
false,0.2,1.0,True,33,0.9938015046539493,0.3612141851756932,0.10151773146961653,0.3189407696313449,0,0.005728099308355451,-10.582736230012397
false,0.2,0.0,False,34,0.0024337001986073576,1.751979812479497,1.4019798124794969,0.000761365473096351,1,1.1661856908231564e-05,1.4019905015192191
false,0.2,0.0,True,34,1.8127883621042134e-06,2.6525719069670224,2.3025719069670223,5.671177040322492e-07,1,1.1661856908231564e-05,1.4019905015192191
false,0.2,1.0,False,34,0.038689169524324746,1.4015838499835978,1.4019798124794969,0.012103626352764593,1,1.1661856908231564e-05,1.4019905015192191
false,0.2,1.0,True,34,0.00012632484479219717,2.122057525573618,2.3025719069670223,3.951981237215302e-05,1,1.1661856908231564e-05,1.4019905015192191
false,0.2,0.0,False,35,0.0007209688312290501,1.903188127232872,1.553188127232872,0.0002498761998101846,1,0.0015055858252087868,1.554520316501296
false,0.2,0.0,True,35,0.9872380617400899,0.4553584443947368,0.10535844439473685,0.34216083205019177,1,0.0015055858252087868,1.554520316501296
false,0.2,1.0,False,35,0.014933643002437411,1.5225505017862977,1.553188127232872,0.005175760450572804,1,0.0015055858252087868,1.554520316501296
false,0.2,1.0,True,35,0.9938001901671313,0.3642867555157895,0.10535844439473685,0.34443516020834564,1,0.0015055858252087868,1.554520316501296
false,0.2,0.0,False,36,0.005076697163645794,1.5971367006177721,1.247136700617772,0.0014127966547174701,1,0.08680128976792766,1.3126583020806657
false,0.2,0.0,True,36,0.9859124359721431,0.4063517149844028,0.05635171498440282,0.27437007693905835,1,0.08680128976792766,1.3126583020806657
false,0.2,1.0,False,36,0.061653687358663896,1.2777093604942178,1.247136700617772,0.01715763624331768,1,0.08680128976792766,1.3126583020806657
false,0.2,1.0,True,36,0.9925969885780568,0.3250813719875223,0.05635171498440282,0.27623032450858953,1,0.08680128976792766,1.3126583020806657
false,0.2,0.0,False,37,0.0011108861229622727,1.7429694295979044,1.3929694295979045,0.0003452991168872369,0,0.1486333404591076,-6.164925917078386
false,0.2,0.0,True,37,4.204775194301603e-06,2.4401943987427,2.0901943987427,1.3069792945383767e-06,0,0.1486333404591076,-6.164925917078386
false,0.2,1.0,False,37,0.017762656270934415,1.3943755436783236,1.3929694295979045,0.005521204556565961,0,0.1486333404591076,-6.164925917078386
false,0.2,1.0,True,37,0.0002085810032292853,1.9521555189941602,2.0901943987427,6.48336807219007e-05,0,0.1486333404591076,-6.164925917078386
false,0.2,0.0,False,38,0.000787422358891218,1.8055899087217,1.4555899087217001,0.000255759114163539,1,0.12151542110811334,1.5541992011558867
false,0.2,0.0,True,38,0.9842567774559062,0.39541054507413215,0.04541054507413219,0.31969201619579474,1,0.12151542110811334,1.5541992011558867
false,0.2,1.0,False,38,0.013966700061202817,1.44447192697736,1.4555899087217001,0.00453646101752943,1,0.12151542110811334,1.5541992011558867
false,0.2,1.0,True,38,0.9915753560241629,0.3163284360593057,0.04541054507413219,0.32206913077784605,1,0.12151542110811334,1.5541992011558867
false,0.2,0.0,False,39,0.0037539708199284642,1.6945854441916932,1.3445854441916931,0.0011263247787085544,0,0.004244924434675802,-10.14370309964363
false,0.2,0.0,True,39,1.772655548818189e-06,2.652316690908992,2.302316690908992,5.318597198864707e-07,0,0.004244924434675802,-10.14370309964363
false,0.2,1.0,False,39,0.05366460593478785,1.3556683553533546,1.3445854441916931,0.016101290687478897,0,0.004244924434675802,-10.14370309964363
false,0.2,1.0,True,39,0.00012347808917118492,2.121853352727194,2.302316690908992,3.704781899816159e-05,0,0.004244924434675802,-10.14370309964363
false,0.4,0.0,False,0,0.008951161678622322,1.4843843130253145,1.1343843130253146,0.005186952700810802,1,0.1441583229364631,1.249764469506618
false,0.4,0.0,True,0,0.9836294213366055,0.3840413159468639,0.034041315946863944,0.5699862729307923,1,0.1441583229364631,1.249764469506618
false,0.4,1.0,False,0,0.5107606649738702,0.8906305878151887,1.1343843130253146,0.29597179737925267,1,0.1441583229364631,1.249764469506618
false,0.4,1.0,True,0,0.9951537676281855,0.23042478956811835,0.034041315946863944,0.576664315543401,1,0.1441583229364631,1.249764469506618
false,0.4,0.0,False,1,0.0007943833143645143,1.7940514211451024,1.4440514211451025,0.0005859835786444236,0,0.13598479912955466,-2.249664270606358
false,0.4,0.0,True,1,8.606224838822064e-07,2.6476088311345762,2.297608831134576,6.348454629495627e-07,0,0.13598479912955466,-2.249664270606358
false,0.4,1.0,False,1,0.19842216003460106,1.0764308526870614,1.4440514211451025,0.14636778657976557,0,0.13598479912955466,-2.249664270606358
false,0.4,1.0,True,1,0.004097547168316907,1.5885652986807457,2.297608831134576,0.003022590366560605,0,0.13598479912955466,-2.249664270606358
false,0.4,0.0,False,2,0.034242021454492295,1.2561866497152767,0.9061866497152766,0.01585074680465264,0,0.2235341568027837,-1.9349077893278113
false,0.4,0.0,True,2,0.9748172468627149,0.3817428585783379,0.031742858578337904,0.45124617953308155,0,0.2235341568027837,-1.9349077893278113
false,0.4,1.0,False,2,0.6638140428222736,0.753711989829166,0.9061866497152766,0.30728175122874657,0,0.2235341568027837,-1.9349077893278113
false,0.4,1.0,True,2,0.9924427938006309,0.22904571514700273,0.031742858578337904,0.45940510444286586,0,0.2235341568027837,-1.9349077893278113
false,0.4,0.0,False,3,0.0010477042564217068,1.8567680103752604,1.5067680103752605,0.0008064134702284625,0,0.001033065604012167,-13.733620859761812
false,0.4,0.0,True,3,1.817631934549404e-06,2.651501578352575,2.3015015783525747,1.39902350014705e-06,0,0.001033065604012167,-13.733620859761812
false,0.4,1.0,False,3,0.28527422147709347,1.1140608062251562,1.5067680103752605,0.2195743440937878,0,0.001033065604012167,-13.733620859761812
false,0.4,1.0,True,3,0.008721803564183353,1.590900947011545,2.3015015783525747,0.006713134776091905,0,0.001033065604012167,-13.733620859761812
false,0.4,0.0,False,4,0.0010814631576229676,1.7726740367878957,1.4226740367878956,0.0007859407531984943,0,0.11211067102700491,-13.856307583826286
false,0.4,0.0,True,4,0.9768214838502337,0.45149448355777944,0.10149448355777947,0.7098936356233936,0,0.11211067102700491,-13.856307583826286
false,0.4,1.0,False,4,0.2394310271636682,1.0636044220727374,1.4226740367878956,0.1740037101603304,0,0.11211067102700491,-13.856307583826286
false,0.4,1.0,True,4,0.994436010923441,0.27089669013466766,0.10149448355777947,0.7226947880043777,0,0.11211067102700491,-13.856307583826286
false,0.4,0.0,False,5,0.00027198426104393166,2.023377518434799,1.6733775184347992,0.00023249326546051271,0,0.003894480084268919,-9.233084594569123
false,0.4,0.0,True,5,1.8343315876654927e-06,2.6482942971834564,2.2982942971834563,1.567994188769741e-06,0,0.003894480084268919,-9.233084594569123
false,0.4,1.0,False,5,0.14998913458072974,1.2140265110608794,1.6733775184347992,0.12821132939246668,0,0.003894480084268919,-9.233084594569123
false,0.4,1.0,True,5,0.008712146012813317,1.5889765783100738,2.2982942971834563,0.007447178259188266,0,0.003894480084268919,-9.233084594569123
false,0.4,0.0,False,6,0.003075553620917827,1.6449060154099278,1.294906015409928,0.002034390061376273,0,0.10777432528076708,-2.4614994456138355
false,0.4,0.0,True,6,0.9850157719084369,0.399049824470343,0.049049824470342986,0.6515595381072832,0,0.10777432528076708,-2.4614994456138355
false,0.4,1.0,False,6,0.3734391526010255,0.9869436092459566,1.294906015409928,0.247019234330105,0,0.10777432528076708,-2.4614994456138355
false,0.4,1.0,True,6,0.9957754915198441,0.23942989468220577,0.049049824470342986,0.6586767824602234,0,0.10777432528076708,-2.4614994456138355
false,0.4,0.0,False,7,0.006441185428669501,1.4210530030923048,1.071053003092305,0.00352410986373497,0,0.28941609133965013,-2.518123683153112
false,0.4,0.0,True,7,2.442187484821353e-06,2.406557166125564,2.0565571661255637,1.3361728364536157e-06,0,0.28941609133965013,-2.518123683153112
false,0.4,1.0,False,7,0.3796083158659544,0.8526318018553828,1.071053003092305,0.20769180224879252,0,0.28941609133965013,-2.518123683153112
false,0.4,1.0,True,7,0.005369529271050103,1.4439342996753382,2.0565571661255637,0.0029377839339163425,0,0.28941609133965013,-2.518123683153112
false,0.4,0.0,False,8,0.0010158772780562994,1.6757628150899322,1.325762815089932,0.0006879862434299998,0,0.257310756951553,-6.139368400734161
false,0.4,0.0,True,8,1.8311751572009149e-06,2.4657083739427157,2.1157083739427156,1.2401333750425493e-06,0,0.257310756951553,-6.139368400734161
false,0.4,1.0,False,8,0.1782066218737418,1.0054576890539593,1.325762815089932,0.12068751510206673,0,0.257310756951553,-6.139368400734161
false,0.4,1.0,True,8,0.004867555359448124,1.4794250243656293,2.1157083739427156,0.00329647212194925,0,0.257310756951553,-6.139368400734161
false,0.4,0.0,False,9,0.0010208669445978566,1.6653171077896265,1.3153171077896266,0.0006859181337432032,0,0.27094167027434807,-2.283308675769748
false,0.4,0.0,True,9,0.9678180772256141,0.37910199265223865,0.0291019926522387,0.6502747227211204,0,0.27094167027434807,-2.283308675769748
false,0.4,1.0,False,9,0.17406792589014328,0.9991902646737758,1.3153171077896266,0.11695583592252594,0,0.27094167027434807,-2.283308675769748
false,0.4,1.0,True,9,0.990212035889474,0.22746119559134317,0.0291019926522387,0.665321171638994,0,0.27094167027434807,-2.283308675769748
false,0.4,0.0,False,10,0.039853302872401755,1.320067986980213,0.970067986980213,0.019748729734908044,0,0.10766948045540072,-14.271545632089458
false,0.4,0.0,True,10,0.9852424874227533,0.39719094842024155,0.04719094842024159,0.4882227119231962,0,0.10766948045540072,-14.271545632089458
false,0.4,1.0,False,10,0.739300633875561,0.7920407921881277,0.970067986980213,0.36634977176170924,0,0.10766948045540072,-14.271545632089458
false,0.4,1.0,True,10,0.9958153823583085,0.23831456905214493,0.04719094842024159,0.49346195759541506,0,0.10766948045540072,-14.271545632089458
false,0.4,0.0,False,11,0.07447791000783754,1.2133765958201101,0.8633765958201102,0.03284735670658342,0,0.14085489983074204,-2.8744293250267834
false,0.4,0.0,True,11,0.9796545288628158,0.41410196109388253,0.06410196109388253,0.43206182551833866,0,0.14085489983074204,-2.8744293250267834
false,0.4,1.0,False,11,0.7962386794963405,0.7280259574920661,0.8633765958201102,0.35116903691635476,0,0.14085489983074204,-2.8744293250267834
false,0.4,1.0,True,11,0.9945107972285188,0.2484611766563295,0.06410196109388253,0.4386139581746608,0,0.14085489983074204,-2.8744293250267834
false,0.4,0.0,False,12,0.03712359552335867,1.401304685217791,1.0513046852177912,0.019936609669619302,0,0.007838595629930917,-6.640891754288971
false,0.4,0.0,True,12,1.8245760736773223e-06,2.646115781194982,2.296115781194982,9.79858240577563e-07,0,0.007838595629930917,-6.640891754288971
false,0.4,1.0,False,12,0.7735564040991918,0.8407828111306747,1.0513046852177912,0.4154256038118962,0,0.007838595629930917,-6.640891754288971
false,0.4,1.0,True,12,0.008606527607085438,1.5876694687169892,2.296115781194982,0.004621992538554122,0,0.007838595629930917,-6.640891754288971
false,0.4,0.0,False,13,0.004472628189096676,1.5985449815853037,1.2485449815853036,0.0028525920270001154,0,0.10690696073825882,-6.299927773796108
false,0.4,0.0,True,13,0.9849875673984809,0.39991413879610727,0.0499141387961073,0.6282140081093184,0,0.10690696073825882,-6.299927773796108
false,0.4,1.0,False,13,0.4280155007950171,0.9591269889511822,1.2485449815853036,0.2729834793727667,0,0.10690696073825882,-6.299927773796108
false,0.4,1.0,True,13,0.9957790936744293,0.23994848327766435,0.0499141387961073,0.6350967223686832,0,0.10690696073825882,-6.299927773796108
false,0.4,0.0,False,14,0.0011629231896391585,1.656988667063393,1.306988667063393,0.0007764178772654283,0,0.2598860940334494,-6.137133304416205
false,0.4,0.0,True,14,6.166799779260332e-06,2.312072355738005,1.962072355738005,4.117222561895841e-06,0,0.2598860940334494,-6.137133304416205
false,0.4,1.0,False,14,0.18949557642694334,0.9941932002380358,1.306988667063393,0.1265154521909982,0,0.2598860940334494,-6.137133304416205
false,0.4,1.0,True,14,0.009974559649100866,1.3872434134428029,1.962072355738005,0.006659447931221748,0,0.2598860940334494,-6.137133304416205
false,0.4,0.0,False,15,0.022682517356745764,1.3532057425119843,1.0032057425119845,0.011623955410191535,0,0.16246869954628673,-2.729386494613232
false,0.4,0.0,True,15,3.7006846172097635e-06,2.446177234315017,2.096177234315017,1.896464678107473e-06,0,0.16246869954628673,-2.729386494613232
false,0.4,1.0,False,15,0.6380801877484159,0.8119234455071905,1.0032057425119845,0.32699261434967736,0,0.16246869954628673,-2.729386494613232
false,0.4,1.0,True,15,0.009200796172475918,1.4677063405890103,2.096177234315017,0.004715069441589749,0,0.16246869954628673,-2.729386494613232
false,0.4,0.0,False,16,0.006177681158490805,1.5654125026015109,1.2154125026015108,0.00383549890673938,0,0.09657540512802812,-2.5883068201365975
false,0.4,0.0,True,16,3.019879376104099e-06,2.519121902122305,2.169121902122305,1.8749339353023058e-06,0,0.09657540512802812,-2.5883068201365975
false,0.4,1.0,False,16,0.48218368494302505,0.9392475015609065,1.2154125026015108,0.2993704189321332,0,0.09657540512802812,-2.5883068201365975
false,0.4,1.0,True,16,0.009479485238513665,1.511473141273383,2.169121902122305,0.005885469699063196,0,0.09657540512802812,-2.5883068201365975
false,0.4,0.0,False,17,0.001077030344467671,1.673105886205815,1.323105886205815,0.0007279393807402687,0,0.25085395124714693,-2.319717763846611
false,0.4,0.0,True,17,1.6567142433910184e-06,2.482881203258659,2.132881203258659,1.1197340414709554e-06,0,0.25085395124714693,-2.319717763846611
false,0.4,1.0,False,17,0.1856493663584205,1.003863531723489,1.323105886205815,0.1254760234713409,0,0.25085395124714693,-2.319717763846611
false,0.4,1.0,True,17,0.004653585743882727,1.4897287219551953,2.132881203258659,0.0031452487314069517,0,0.25085395124714693,-2.319717763846611
false,0.4,0.0,False,18,0.0004154202137026731,1.943706931555476,1.593706931555476,0.0003381962286643973,0,0.04092150822410884,-7.671656073760845
false,0.4,0.0,True,18,1.4452083768765623e-06,2.65138832102671,2.30138832102671,1.1765532984961325e-06,0,0.04092150822410884,-7.671656073760845
false,0.4,1.0,False,18,0.17279561864150772,1.1662241589332856,1.593706931555476,0.14067400821308013,0,0.04092150822410884,-7.671656073760845
false,0.4,1.0,True,18,0.006944662791869179,1.5908329926160258,2.30138832102671,0.0056536939900500745,0,0.04092150822410884,-7.671656073760845
false,0.4,0.0,False,19,0.014422425004140082,1.3415692898011717,0.9915692898011719,0.00730523230466011,0,0.2585247041077954,-2.6409605319689886
false,0.4,0.0,True,19,2.1860712646049895e-06,2.442689143494188,2.092689143494188,1.1072866329966903e-06,0,0.2585247041077954,-2.6409605319689886
false,0.4,1.0,False,19,0.5171378276496004,0.804941573880703,0.9915692898011719,0.2619401358248117,0,0.2585247041077954,-2.6409605319689886
false,0.4,1.0,True,19,0.005395407563961653,1.4656134860965129,2.092689143494188,0.0027328764491232125,0,0.2585247041077954,-2.6409605319689886
false,0.4,0.0,False,20,0.003053481838889165,1.7235458615077555,1.3735458615077556,0.0021424523913708606,0,8.267108861076145e-06,-18.031819309536832
false,0.4,0.0,True,20,0.9873462719365892,0.45536042024864026,0.10536042024864029,0.6927640290767854,0,8.267108861076145e-06,-18.031819309536832
false,0.4,1.0,False,20,0.43215409965394147,1.0341275169046533,1.3735458615077556,0.30321764893192643,0,8.267108861076145e-06,-18.031819309536832
false,0.4,1.0,True,20,0.9970240817443371,0.27321625214918416,0.10536042024864029,0.6995543909848768,0,8.267108861076145e-06,-18.031819309536832
false,0.4,0.0,False,21,0.0005246931486721718,1.7777513494812642,1.4277513494812641,0.0003826754896982367,0,0.23049939186187401,-2.27541127550999
false,0.4,0.0,True,21,0.969642184508678,0.40074569458284526,0.05074569458284525,0.7071910481925571,0,0.23049939186187401,-2.27541127550999
false,0.4,1.0,False,21,0.1343109906433002,1.0666508096887586,1.4277513494812641,0.09795729989299586,0,0.23049939186187401,-2.27541127550999
false,0.4,1.0,True,21,0.9913906458627809,0.24044741674970715,0.05074569458284525,0.7230528964364807,0,0.23049939186187401,-2.27541127550999
false,0.4,0.0,False,22,0.015642793718536975,1.4478189319886332,1.0978189319886333,0.008772385497492815,1,0.09694131958893781,1.1724900662652238
false,0.4,0.0,True,22,3.006839441520347e-06,2.519398874916477,2.1693988749164768,1.686217640192053e-06,1,0.09694131958893781,1.1724900662652238
false,0.4,1.0,False,22,0.6203518895684744,0.8686913591931799,1.0978189319886333,0.3478896428164188,1,0.09694131958893781,1.1724900662652238
false,0.4,1.0,True,22,0.009447229254045744,1.511639324949886,2.1693988749164768,0.005297949866939227,1,0.09694131958893781,1.1724900662652238
false,0.4,0.0,False,23,0.0015731307794374367,1.7927210751886826,1.4427210751886825,0.0011593641806156615,0,0.01929453975192747,-6.217535690405613
false,0.4,0.0,True,23,1.7737011559431806e-06,2.6413869781317607,2.2913869781317606,1.3071803146922653e-06,0,0.01929453975192747,-6.217535690405613
false,0.4,1.0,False,23,0.3281849609881859,1.0756326451132094,1.4427210751886825,0.2418653892987305,0,0.01929453975192747,-6.217535690405613
false,0.4,1.0,True,23,0.008243913366857406,1.5848321868790565,2.2913869781317606,0.006075590148360736,0,0.01929453975192747,-6.217535690405613
false,0.4,0.0,False,24,0.01963823293437403,1.4471517738595177,1.0971517738595178,0.0110063112611718,0,0.05774420913722867,-14.462681445896434
false,0.4,0.0,True,24,1.299054034706893e-06,2.652580473534971,2.302580473534971,7.28059041709339e-07,0,0.05774420913722867,-14.462681445896434
false,0.4,1.0,False,24,0.6727044178564204,0.8682910643157106,1.0971517738595178,0.37701937004390373,0,0.05774420913722867,-14.462681445896434
false,0.4,1.0,True,24,0.006270459690157456,1.5915482841209827,2.302580473534971,0.0035142994449211978,0,0.05774420913722867,-14.462681445896434
false,0.4,0.0,False,25,0.0007002033849496426,1.6933852697569618,1.343385269756962,0.0004805045028638382,0,0.29742202264713336,-2.2245075480937935
false,0.4,0.0,True,25,0.9686824753748299,0.3564854811433582,0.0064854811433582155,0.6647444175043078,0,0.29742202264713336,-2.2245075480937935
false,0.4,1.0,False,25,0.13650741165009717,1.016031161854177,1.343385269756962,0.09367624804738203,0,0.29742202264713336,-2.2245075480937935
false,0.4,1.0,True,25,0.9897736907293729,0.21389128868601492,0.0064854811433582155,0.6792179607155531,0,0.29742202264713336,-2.2245075480937935
false,0.4,0.0,False,26,0.0026446197447022855,1.7357883441218087,1.3857883441218086,0.0018721162552732444,1,0.008018519265912412,1.3928584464281613
false,0.4,0.0,True,26,1.8105516865739467e-06,2.646950504680264,2.296950504680264,1.2816826503082202e-06,1,0.008018519265912412,1.3928584464281613
false,0.4,1.0,False,26,0.4065955708856041,1.0414730064730853,1.3857883441218086,0.28782745765317375,1,0.008018519265912412,1.3928584464281613
false,0.4,1.0,True,26,0.00856358814582788,1.5881703028081584,2.296950504680264,0.006062131466493464,1,0.008018519265912412,1.3928584464281613
false,0.4,0.0,False,27,0.013145826877599794,1.3543348826421178,1.004334882642118,0.006744334927890626,1,0.2571123517418642,1.2009292613665623
false,0.4,0.0,True,27,1.9148293676133283e-06,2.4602676585384016,2.1102676585384015,9.82384045156634e-07,1,0.2571123517418642,1.2009292613665623
false,0.4,1.0,False,27,0.5038633491343674,0.8126009295852706,1.004334882642118,0.25850204906025054,1,0.2571123517418642,1.2009292613665623
false,0.4,1.0,True,27,0.005001399187154876,1.476160595123041,2.1102676585384015,0.002565917803446012,1,0.2571123517418642,1.2009292613665623
false,0.4,0.0,False,28,0.0006601146377179897,1.9122317579613717,1.5622317579613716,0.0005267899721804678,0,0.004259848325123636,-6.796451559925775
false,0.4,0.0,True,28,0.9872016045647306,0.45373285996431995,0.10373285996431995,0.7878145341587464,0,0.004259848325123636,-6.796451559925775
false,0.4,1.0,False,28,0.23088955767189917,1.147339054776823,1.5622317579613716,0.18425633475302888,0,0.004259848325123636,-6.796451559925775
false,0.4,1.0,True,28,0.9969740499221197,0.272239715978592,0.10373285996431995,0.7956132193019069,0,0.004259848325123636,-6.796451559925775
false,0.4,0.0,False,29,0.013235283986825382,1.5311209781890267,1.1811209781890266,0.007985467040304313,0,0.010843856126300089,-16.655842749895882
false,0.4,0.0,True,29,1.9043623639443635e-06,2.638597988538896,2.288597988538896,1.1489910534002321e-06,0,0.010843856126300089,-16.655842749895882
false,0.4,1.0,False,29,0.6429157164782093,0.918672586913416,1.1811209781890266,0.3879011790559857,0,0.010843856126300089,-16.655842749895882
false,0.4,1.0,True,29,0.00876793072221896,1.5831587931233375,2.288597988538896,0.005290103473687922,0,0.010843856126300089,-16.655842749895882
false,0.4,0.0,False,30,0.0011255990234716542,1.848396691052086,1.498396691052086,0.0008615553566008748,0,0.0001975743819974661,-13.826112876459668
false,0.4,0.0,True,30,0.9873331941361316,0.4553546420936949,0.10535464209369493,0.7557240051028324,0,0.0001975743819974661,-13.826112876459668
false,0.4,1.0,False,30,0.29453812569627036,1.1090380146312515,1.498396691052086,0.22544520262121023,0,0.0001975743819974661,-13.826112876459668
false,0.4,1.0,True,30,0.997020920994885,0.27321278525621695,0.10535464209369493,0.7631391794183735,0,0.0001975743819974661,-13.826112876459668
false,0.4,0.0,False,31,0.0030898920013905738,1.5652479168157196,1.2152479168157198,0.0019181424618230517,0,0.2173954117179105,-2.448715514633199
false,0.4,0.0,True,31,1.4186978860318036e-06,2.526403567551883,2.176403567551883,8.806989546791687e-07,0,0.2173954117179105,-2.448715514633199
false,0.4,1.0,False,31,0.3169701125781402,0.9391487500894318,1.2152479168157198,0.19676863521163276,0,0.2173954117179105,-2.448715514633199
false,0.4,1.0,True,31,0.0045808549268078255,1.5158421405311298,2.176403567551883,0.0028437020914022365,0,0.2173954117179105,-2.448715514633199
false,0.4,0.0,False,32,0.005793078416034357,1.638777087231523,1.2887770872315232,0.00381381732690997,0,0.006076271905693134,-14.174587560510794
false,0.4,0.0,True,32,1.7516639494691907e-06,2.652484726558047,2.302484726558047,1.1531910741823332e-06,0,0.006076271905693134,-14.174587560510794
false,0.4,1.0,False,32,0.5246812121348406,0.9832662523389137,1.2887770872315232,0.3454188178094417,0,0.006076271905693134,-14.174587560510794
false,0.4,1.0,True,32,0.008434191004765158,1.591490835934828,2.302484726558047,0.005552568338003107,0,0.006076271905693134,-14.174587560510794
false,0.4,0.0,False,33,0.001763244726473117,1.7882223962180035,1.4382223962180034,0.0012954221390975374,0,0.005728099308355451,-10.582736230012397
false,0.4,0.0,True,33,0.9873179253193565,0.4515177314696165,0.10151773146961653,0.7253635752223776,0,0.005728099308355451,-10.582736230012397
false,0.4,1.0,False,33,0.3505726296357197,1.072933437730802,1.4382223962180034,0.2575589984608281,0,0.005728099308355451,-10.582736230012397
false,0.4,1.0,True,33,0.9969805581924055,0.27091063888176986,0.10151773146961653,0.7324625265805118,0,0.005728099308355451,-10.582736230012397
false,0.4,0.0,False,34,0.0024337001986073576,1.751979812479497,1.4019798124794969,0.0017429362866089938,1,1.1661856908231564e-05,1.4019905015192191
false,0.4,0.0,True,34,1.8127883621042134e-06,2.6525719069670224,2.3025719069670223,1.2982595876278964e-06,1,1.1661856908231564e-05,1.4019905015192191
false,0.4,1.0,False,34,0.39901513614492157,1.051187887487698,1.4019798124794969,0.2857615576853613,1,1.1661856908231564e-05,1.4019905015192191
false,0.4,1.0,True,34,0.008728348389090975,1.5915431441802135,2.3025719069670223,0.006250956933075473,1,1.1661856908231564e-05,1.4019905015192191
false,0.4,0.0,False,35,0.0007209688312290501,1.903188127232872,1.553188127232872,0.000572022650354694,1,0.0015055858252087868,1.554520316501296
false,0.4,0.0,True,35,0.9872380617400899,0.4553584443947368,0.10535844439473685,0.7832828662577594,1,0.0015055858252087868,1.554520316501296
false,0.4,1.0,False,35,0.24158828621589618,1.141912876339723,1.553188127232872,0.19167814999752938,1,0.0015055858252087868,1.554520316501296
false,0.4,1.0,True,35,0.9969983622236189,0.2732150666368421,0.10535844439473685,0.7910267696125395,1,0.0015055858252087868,1.554520316501296
false,0.4,0.0,False,36,0.005076697163645794,1.5971367006177721,1.247136700617772,0.0032342083297954554,1,0.08680128976792766,1.3126583020806657
false,0.4,0.0,True,36,0.9859124359721431,0.4063517149844028,0.05635171498440282,0.6280946272911284,1,0.08680128976792766,1.3126583020806657
false,0.4,1.0,False,36,0.458305220195815,0.9582820203706632,1.247136700617772,0.29197222386248756,1,0.08680128976792766,1.3126583020806657
false,0.4,1.0,True,36,0.9961221947798746,0.24381102899064167,0.05635171498440282,0.6345989520354972,1,0.08680128976792766,1.3126583020806657
false,0.4,0.0,False,37,0.0011108861229622727,1.7429694295979044,1.3929694295979045,0.0007904671039379314,0,0.1486333404591076,-6.164925917078386
false,0.4,0.0,True,37,4.204775194301603e-06,2.4401943987427,2.0901943987427,2.991968665236914e-06,0,0.1486333404591076,-6.164925917078386
false,0.4,1.0,False,37,0.22723617175924635,1.0457816577587427,1.3929694295979045,0.1616931878863465,0,0.1486333404591076,-6.164925917078386
false,0.4,1.0,True,37,0.010245042682902496,1.46411663924562,2.0901943987427,0.0072900084463018025,0,0.1486333404591076,-6.164925917078386
false,0.4,0.0,False,38,0.000787422358891218,1.8055899087217,1.4555899087217001,0.0005854899604177242,1,0.12151542110811334,1.5541992011558867
false,0.4,0.0,True,38,0.9842567774559062,0.39541054507413215,0.04541054507413219,0.7318467086520045,1,0.12151542110811334,1.5541992011558867
false,0.4,1.0,False,38,0.20293179036870151,1.0833539452330199,1.4555899087217001,0.15089046503298886,1,0.12151542110811334,1.5541992011558867
false,0.4,1.0,True,38,0.9955072642322484,0.2372463270444793,0.04541054507413219,0.7402120376053709,1,0.12151542110811334,1.5541992011558867
false,0.4,0.0,False,39,0.0037539708199284642,1.6945854441916932,1.3445854441916931,0.0025784099708833948,0,0.004244924434675802,-10.14370309964363
false,0.4,0.0,True,39,1.772655548818189e-06,2.652316690908992,2.302316690908992,1.2175461561264062e-06,0,0.004244924434675802,-10.14370309964363
false,0.4,1.0,False,39,0.46045609383760794,1.0167512665150158,1.3445854441916931,0.3162636686471454,0,0.004244924434675802,-10.14370309964363
false,0.4,1.0,True,39,0.008529853578746732,1.5913900145453952,2.302316690908992,0.005858718826704969,0,0.004244924434675802,-10.14370309964363
false,0.538,0.0,False,0,0.008951161678622322,1.4843843130253145,1.1343843130253146,0.007840865515969,1,0.1441583229364631,1.249764469506618
false,0.538,0.0,True,0,0.9836294213366055,0.3840413159468639,0.034041315946863944,0.8616206797683235,1,0.1441583229364631,1.249764469506618
false,0.538,1.0,False,0,0.8431440018170082,0.6857855526176952,1.1343843130253146,0.7385609785858078,1,0.1441583229364631,1.249764469506618
false,0.538,1.0,True,0,0.9968231312324262,0.1774270879674511,0.034041315946863944,0.8731778506321797,1,0.1441583229364631,1.249764469506618
false,0.538,0.0,False,1,0.0007943833143645143,1.7940514211451024,1.4440514211451025,0.0008858030330600392,0,0.13598479912955466,-2.249664270606358
false,0.538,0.0,True,1,8.606224838822064e-07,2.6476088311345762,2.297608831134576,9.596651802189182e-07,0,0.13598479912955466,-2.249664270606358
false,0.538,1.0,False,1,0.642090147872056,0.8288517565690372,1.4440514211451025,0.7159835688870599,0,0.13598479912955466,-2.249664270606358
false,0.538,1.0,True,1,0.07107445364638912,1.223195279984174,2.297608831134576,0.07925388848760168,0,0.13598479912955466,-2.249664270606358
false,0.538,0.0,False,2,0.034242021454492295,1.2561866497152767,0.9061866497152766,0.02396080727775467,0,0.2235341568027837,-1.9349077893278113
false,0.538,0.0,True,2,0.9748172468627149,0.3817428585783379,0.031742858578337904,0.6821270237842396,0,0.2235341568027837,-1.9349077893278113
false,0.538,1.0,False,2,0.8876708555307529,0.5803582321684578,0.9061866497152766,0.6211464566634574,0,0.2235341568027837,-1.9349077893278113
false,0.538,1.0,True,2,0.9950288073946619,0.17636520066319208,0.031742858578337904,0.6962700353857093,0,0.2235341568027837,-1.9349077893278113
false,0.538,0.0,False,3,0.0010477042564217068,1.8567680103752604,1.5067680103752605,0.001219016238443598,0,0.001033065604012167,-13.733620859761812
false,0.538,0.0,True,3,1.817631934549404e-06,2.651501578352575,2.3015015783525747,2.114836157387466e-06,0,0.001033065604012167,-13.733620859761812
false,0.538,1.0,False,3,0.7561015678400849,0.8578268207933702,1.5067680103752605,0.8797330768299733,0,0.001033065604012167,-13.733620859761812
false,0.538,1.0,True,3,0.14113299303187862,1.2249937291988895,2.3015015783525747,0.16420989914997425,0,0.001033065604012167,-13.733620859761812
false,0.538,0.0,False,4,0.0010814631576229676,1.7726740367878957,1.4226740367878956,0.0011880686223310827,0,0.11211067102700491,-13.856307583826286
false,0.538,0.0,True,4,0.9768214838502337,0.45149448355777944,0.10149448355777947,1.0731118729297933,0,0.11211067102700491,-13.856307583826286
false,0.538,1.0,False,4,0.6902376832564382,0.8189754049960077,1.4226740367878956,0.7582780121977767,0,0.11211067102700491,-13.856307583826286
false,0.538,1.0,True,4,0.9966126367602751,0.2085904514036941,0.10149448355777947,1.094853943019225,0,0.11211067102700491,-13.856307583826286
false,0.538,0.0,False,5,0.00027198426104393166,2.023377518434799,1.6733775184347992,0.0003514488241929419,0,0.003894480084268919,-9.233084594569123
false,0.538,0.0,True,5,1.8343315876654927e-06,2.6482942971834564,2.2982942971834563,2.3702609746263234e-06,0,0.003894480084268919,-9.233084594569123
false,0.538,1.0,False,5,0.6222530941060125,0.9348004135168771,1.6733775184347992,0.8040543134172558,0,0.003894480084268919,-9.233084594569123
false,0.538,1.0,True,5,0.14056926096479253,1.2235119652987567,2.2982942971834563,0.18163882459274894,0,0.003894480084268919,-9.233084594569123
false,0.538,0.0,False,6,0.003075553620917827,1.6449060154099278,1.294906015409928,0.003075289056671334,0,0.10777432528076708,-2.4614994456138355
false,0.538,0.0,True,6,0.9850157719084369,0.399049824470343,0.049049824470342986,0.9849310392106532,0,0.10777432528076708,-2.4614994456138355
false,0.538,1.0,False,6,0.7855799728020799,0.7599465791193866,1.294906015409928,0.785512395904005,0,0.10777432528076708,-2.4614994456138355
false,0.538,1.0,True,6,0.9972766620492248,0.18436101890529843,0.049049824470342986,0.9971908746492439,0,0.10777432528076708,-2.4614994456138355
false,0.538,0.0,False,7,0.006441185428669501,1.4210530030923048,1.071053003092305,0.005327226427325318,0,0.28941609133965013,-2.518123683153112
false,0.538,0.0,True,7,2.442187484821353e-06,2.406557166125564,2.0565571661255637,2.019827849034745e-06,0,0.28941609133965013,-2.518123683153112
false,0.538,1.0,False,7,0.7460454978149527,0.6565264874286447,1.071053003092305,0.6170220273829061,0,0.28941609133965013,-2.518123683153112
false,0.538,1.0,True,7,0.07143901408762492,1.1118294107500104,2.0565571661255637,0.059084124809658294,0,0.28941609133965013,-2.518123683153112
false,0.538,0.0,False,8,0.0010158772780562994,1.6757628150899322,1.325762815089932,0.0010399955277649072,0,0.257310756951553,-6.139368400734161
false,0.538,0.0,True,8,1.8311751572009149e-06,2.4657083739427157,2.1157083739427156,1.8746496404436861e-06,0,0.257310756951553,-6.139368400734161
false,0.538,1.0,False,8,0.5796889960916447,0.7742024205715486,1.325762815089932,0.5934515678737606,0,0.257310756951553,-6.139368400734161
false,0.538,1.0,True,8,0.06925809627036991,1.1391572687615346,2.1157083739427156,0.07090237368091261,0,0.257310756951553,-6.139368400734161
false,0.538,0.0,False,9,0.0010208669445978566,1.6653171077896265,1.3153171077896266,0.0010368692663814344,0,0.27094167027434807,-2.283308675769748
false,0.538,0.0,True,9,0.9678180772256141,0.37910199265223865,0.0291019926522387,0.9829888459351727,0,0.27094167027434807,-2.283308675769748
false,0.538,1.0,False,9,0.5698999966317363,0.7693765037988074,1.3153171077896266,0.5788333088315484,0,0.27094167027434807,-2.283308675769748
false,0.538,1.0,True,9,0.9935377481699921,0.17514512060533424,0.0291019926522387,1.0091116785773582,0,0.27094167027434807,-2.283308675769748
false,0.538,0.0,False,10,0.039853302872401755,1.320067986980213,0.970067986980213,0.029853199536295574,0,0.10766948045540072,-14.271545632089458
false,0.538,0.0,True,10,0.9852424874227533,0.39719094842024155,0.04719094842024159,0.738022659322316,0,0.10766948045540072,-14.271545632089458
false,0.538,1.0,False,10,0.9241202124571958,0.6098714099848583,0.970067986980213,0.6922373582520073,0,0.10766948045540072,-14.271545632089458
false,0.538,1.0,True,10,0.9972968894759707,0.18350221817015158,0.04719094842024159,0.7470523367605348,0,0.10766948045540072,-14.271545632089458
false,0.538,0.0,False,11,0.07447791000783754,1.2133765958201101,0.8633765958201102,0.04965376037670899,0,0.14085489983074204,-2.8744293250267834
false,0.538,0.0,True,11,0.9796545288628158,0.41410196109388253,0.06410196109388253,0.6531269637264671,0,0.14085489983074204,-2.8744293250267834
false,0.538,1.0,False,11,0.9371750289868508,0.5605799872688908,0.8633765958201102,0.6248062588685885,0,0.14085489983074204,-2.8744293250267834
false,0.538,1.0,True,11,0.9965179171680515,0.19131510602537372,0.06410196109388253,0.6643696347675778,0,0.14085489983074204,-2.8744293250267834
false,0.538,0.0,False,12,0.03712359552335867,1.401304685217791,1.0513046852177912,0.03013720854624659,0,0.007838595629930917,-6.640891754288971
false,0.538,0.0,True,12,1.8245760736773223e-06,2.646115781194982,2.296115781194982,1.4812043086264711e-06,0,0.007838595629930917,-6.640891754288971
false,0.538,1.0,False,12,0.9413398201370922,0.6474027645706194,1.0513046852177912,0.7641866061843987,0,0.007838595629930917,-6.640891754288971
false,0.538,1.0,True,12,0.1388016708564803,1.2225054909120816,2.296115781194982,0.11268021974157011,0,0.007838595629930917,-6.640891754288971
false,0.538,0.0,False,13,0.004472628189096676,1.5985449815853037,1.2485449815853036,0.004312125393419732,0,0.10690696073825882,-6.299927773796108
false,0.538,0.0,True,13,0.9849875673984809,0.39991413879610727,0.0499141387961073,0.9496407306862572,0,0.10690696073825882,-6.299927773796108
false,0.538,1.0,False,13,0.8137921065388614,0.7385277814924103,1.2485449815853036,0.7845887158975978,0,0.10690696073825882,-6.299927773796108
false,0.538,1.0,True,13,0.9972815757882597,0.18476033212380155,0.0499141387961073,0.961493561622152,0,0.10690696073825882,-6.299927773796108
false,0.538,0.0,False,14,0.0011629231896391585,1.656988667063393,1.306988667063393,0.0011736733513842787,0,0.2598860940334494,-6.137133304416205
false,0.538,0.0,True,14,6.166799779260332e-06,2.312072355738005,1.962072355738005,6.2238062055380565e-06,0,0.2598860940334494,-6.137133304416205
false,0.538,1.0,False,14,0.5929138726665387,0.7655287641832875,1.306988667063393,0.5983948193781342,0,0.2598860940334494,-6.137133304416205
false,0.538,1.0,True,14,0.11454184931376417,1.0681774283509582,1.962072355738005,0.11560068399663795,0,0.2598860940334494,-6.137133304416205
false,0.538,0.0,False,15,0.022682517356745764,1.3532057425119843,1.0032057425119845,0.017571371167638607,0,0.16246869954628673,-2.729386494613232
false,0.538,0.0,True,15,3.7006846172097635e-06,2.446177234315017,2.096177234315017,2.866793925940704e-06,0,0.16246869954628673,-2.729386494613232
false,0.538,1.0,False,15,0.8870524366079151,0.6251810530405367,1.0032057425119845,0.6871692133483769,0,0.16246869954628673,-2.729386494613232
false,0.538,1.0,True,15,0.1214636538934976,1.1301338822535378,2.096177234315017,0.09409374243487591,0,0.16246869954628673,-2.729386494613232
false,0.538,0.0,False,16,0.006177681158490805,1.5654125026015109,1.2154125026015108,0.005797938182410769,0,0.09657540512802812,-2.5883068201365975
false,0.538,0.0,True,16,3.019879376104099e-06,2.519121902122305,2.169121902122305,2.834246943438272e-06,0,0.09657540512802812,-2.5883068201365975
false,0.538,1.0,False,16,0.8398241106810002,0.723220576201898,1.2154125026015108,0.788199998171496,0,0.09657540512802812,-2.5883068201365975
false,0.538,1.0,True,16,0.13377446966990836,1.163834318780505,2.169121902122305,0.12555133319965553,0,0.09657540512802812,-2.5883068201365975
false,0.538,0.0,False,17,0.001077030344467671,1.673105886205815,1.323105886205815,0.0011003907529887448,0,0.25085395124714693,-2.319717763846611
false,0.538,0.0,True,17,1.6567142433910184e-06,2.482881203258659,2.132881203258659,1.692647791342654e-06,0,0.25085395124714693,-2.319717763846611
false,0.538,1.0,False,17,0.5911152411574605,0.7729749194270865,1.323105886205815,0.6039363223715616,0,0.25085395124714693,-2.319717763846611
false,0.538,1.0,True,17,0.0675875205176405,1.1470911159055004,2.132881203258659,0.06905347001324073,0,0.25085395124714693,-2.319717763846611
false,0.538,0.0,False,18,0.0004154202137026731,1.943706931555476,1.593706931555476,0.000511234881041219,0,0.04092150822410884,-7.671656073760845
false,0.538,0.0,True,18,1.4452083768765623e-06,2.65138832102671,2.30138832102671,1.7785387139612563e-06,0,0.04092150822410884,-7.671656073760845
false,0.538,1.0,False,18,0.6410467322904345,0.8979926023786299,1.593706931555476,0.7889010671948765,0,0.04092150822410884,-7.671656073760845
false,0.538,1.0,True,18,0.11550732722200141,1.2249414043143398,2.30138832102671,0.14214853477012948,0,0.04092150822410884,-7.671656073760845
false,0.538,0.0,False,19,0.014422425004140082,1.3415692898011717,0.9915692898011719,0.011042966336438455,0,0.2585247041077954,-2.6409605319689886
false,0.538,0.0,True,19,2.1860712646049895e-06,2.442689143494188,2.092689143494188,1.673831646006725e-06,0,0.2585247041077954,-2.6409605319689886
false,0.538,1.0,False,19,0.8248661613554275,0.6198050118881413,0.9915692898011719,0.6315837488702758,0,0.2585247041077954,-2.6409605319689886
false,0.538,1.0,True,19,0.07446323730480481,1.1285223842943148,2.092689143494188,0.05701503198131664,0,0.2585247041077954,-2.6409605319689886
false,0.538,0.0,False,20,0.003053481838889165,1.7235458615077555,1.3735458615077556,0.0032386416541795734,0,8.267108861076145e-06,-18.031819309536832
false,0.538,0.0,True,20,0.9873462719365892,0.45536042024864026,0.10536042024864029,1.0472178752358445,0,8.267108861076145e-06,-18.031819309536832
false,0.538,1.0,False,20,0.8361322080615948,0.796278188016583,1.3735458615077556,0.8868343551093625,0,8.267108861076145e-06,-18.031819309536832
false,0.538,1.0,True,20,0.9981977943635976,0.2103765141548718,0.10536042024864029,1.0587274221719933,0,8.267108861076145e-06,-18.031819309536832
false,0.538,0.0,False,21,0.0005246931486721718,1.7777513494812642,1.4277513494812641,0.0005784720285790208,0,0.23049939186187401,-2.27541127550999
false,0.538,0.0,True,21,0.969642184508678,0.40074569458284526,0.05074569458284525,1.0690265022289915,0,0.23049939186187401,-2.27541127550999
false,0.538,1.0,False,21,0.5247970633584693,0.821321123460344,1.4277513494812641,0.5785865940913278,0,0.23049939186187401,-2.27541127550999
false,0.538,1.0,True,21,0.9944516042100662,0.1851445108972745,0.05074569458284525,1.0963787849467084,0,0.23049939186187401,-2.27541127550999
false,0.538,0.0,False,22,0.015642793718536975,1.4478189319886332,1.0978189319886333,0.0132607908549708,1,0.09694131958893781,1.1724900662652238
false,0.538,0.0,True,22,3.006839441520347e-06,2.519398874916477,2.1693988749164768,2.548973647925068e-06,1,0.09694131958893781,1.1724900662652238
false,0.538,1.0,False,22,0.8898719879220017,0.6688923465787485,1.0978189319886333,0.7543669329057946,1,0.09694131958893781,1.1724900662652238
false,0.538,1.0,True,22,0.13341157127531195,1.1639622802114122,2.1693988749164768,0.11309635453534604,1,0.09694131958893781,1.1724900662652238
false,0.538,0.0,False,23,0.0015731307794374367,1.7927210751886826,1.4427210751886825,0.0017525547558623431,0,0.01929453975192747,-6.217535690405613
false,0.538,0.0,True,23,1.7737011559431806e-06,2.6413869781317607,2.2913869781317606,1.9760012561945945e-06,0,0.01929453975192747,-6.217535690405613
false,0.538,1.0,False,23,0.7795005784137172,0.8282371367371714,1.4427210751886825,0.8684067871235355,0,0.01929453975192747,-6.217535690405613
false,0.538,1.0,True,23,0.1330898564277599,1.2203207838968733,2.2913869781317606,0.14826946614248943,0,0.01929453975192747,-6.217535690405613
false,0.538,0.0,False,24,0.01963823293437403,1.4471517738595177,1.0971517738595178,0.016637708381696512,0,0.05774420913722867,-14.462681445896434
false,0.538,0.0,True,24,1.299054034706893e-06,2.652580473534971,2.302580473534971,1.1005716386879425e-06,0,0.05774420913722867,-14.462681445896434
false,0.538,1.0,False,24,0.9103648496817973,0.6685841195230972,1.0971517738595178,0.7712702533149538,0,0.05774420913722867,-14.462681445896434
false,0.538,1.0,True,24,0.10553656284272923,1.2254921787731565,2.302580473534971,0.08941163708830842,0,0.05774420913722867,-14.462681445896434
false,0.538,0.0,False,25,0.0007002033849496426,1.6933852697569618,1.343385269756962,0.000726355416000606,0,0.29742202264713336,-2.2245075480937935
false,0.538,0.0,True,25,0.9686824753748299,0.3564854811433582,0.0064854811433582155,1.004861983670621,0,0.29742202264713336,-2.2245075480937935
false,0.538,1.0,False,25,0.5062224123612661,0.7823439946277163,1.343385269756962,0.5251294107153479,0,0.29742202264713336,-2.2245075480937935
false,0.538,1.0,True,25,0.9930777806279779,0.1646962922882315,0.0064854811433582155,1.0301684338770658,0,0.29742202264713336,-2.2245075480937935
false,0.538,0.0,False,26,0.0026446197447022855,1.7357883441218087,1.3857883441218086,0.0028299875928235172,1,0.008018519265912412,1.3928584464281613
false,0.538,0.0,True,26,1.8105516865739467e-06,2.646950504680264,2.296950504680264,1.937457670212914e-06,1,0.008018519265912412,1.3928584464281613
false,0.538,1.0,False,26,0.8232106437832839,0.8019342149842755,1.3857883441218086,0.8809114856129207,1,0.008018519265912412,1.3928584464281613
false,0.538,1.0,True,26,0.13830950627897537,1.222891133162282,2.296950504680264,0.14800395691030038,1,0.008018519265912412,1.3928584464281613
false,0.538,0.0,False,27,0.013145826877599794,1.3543348826421178,1.004334882642118,0.010195084901386644,1,0.2571123517418642,1.2009292613665623
false,0.538,0.0,True,27,1.9148293676133283e-06,2.4602676585384016,2.1102676585384015,1.4850224452408686e-06,1,0.2571123517418642,1.2009292613665623
false,0.538,1.0,False,27,0.819155948713278,0.6257027157806584,1.004334882642118,0.6352863553100899,1,0.2571123517418642,1.2009292613665623
false,0.538,1.0,True,27,0.07064075469726752,1.1366436582447415,2.1102676585384015,0.05478457143413743,1,0.2571123517418642,1.2009292613665623
false,0.538,0.0,False,28,0.0006601146377179897,1.9122317579613717,1.5622317579613716,0.0007963229212370568,0,0.004259848325123636,-6.796451559925775
false,0.538,0.0,True,28,0.9872016045647306,0.45373285996431995,0.10373285996431995,1.1909011263779044,0,0.004259848325123636,-6.796451559925775
false,0.538,1.0,False,28,0.7125515610133157,0.8834510721781537,1.5622317579613716,0.859579697489694,0,0.004259848325123636,-6.796451559925775
false,0.538,1.0,True,28,0.9981641693309601,0.2096245813035158,0.10373285996431995,1.2041257105638767,0,0.004259848325123636,-6.796451559925775
false,0.538,0.0,False,29,0.013235283986825382,1.5311209781890267,1.1811209781890266,0.012071244284807481,0,0.010843856126300089,-16.655842749895882
false,0.538,0.0,True,29,1.9043623639443635e-06,2.638597988538896,2.288597988538896,1.7368742011768327e-06,0,0.010843856126300089,-16.655842749895882
false,0.538,1.0,False,29,0.9070722128381496,0.7073778919233303,1.1811209781890266,0.8272954532769747,0,0.010843856126300089,-16.655842749895882
false,0.538,1.0,True,29,0.1400547056025505,1.21903227070497,2.288597988538896,0.1277369315420861,0,0.010843856126300089,-16.655842749895882
false,0.538,0.0,False,30,0.0011255990234716542,1.848396691052086,1.498396691052086,0.001302371560977259,0,0.0001975743819974661,-13.826112876459668
false,0.538,0.0,True,30,0.9873331941361316,0.4553546420936949,0.10535464209369493,1.142391425754572,0,0.0001975743819974661,-13.826112876459668
false,0.538,1.0,False,30,0.7626359359531651,0.8539592712660636,1.498396691052086,0.882406019953063,0,0.0001975743819974661,-13.826112876459668
false,0.538,1.0,True,30,0.9981958664811695,0.21037384464728703,0.10535464209369493,1.1549600538746974,0,0.0001975743819974661,-13.826112876459668
false,0.538,0.0,False,31,0.0030898920013905738,1.5652479168157196,1.2152479168157198,0.00289956318307535,0,0.2173954117179105,-2.448715514633199
false,0.538,0.0,True,31,1.4186978860318036e-06,2.526403567551883,2.176403567551883,1.33131001225718e-06,0,0.2173954117179105,-2.448715514633199
false,0.538,1.0,False,31,0.7231823805611582,0.7231445375688624,1.2152479168157198,0.6786363421052345,0,0.2173954117179105,-2.448715514633199
false,0.538,1.0,True,31,0.06964672409574332,1.16719844820897,2.176403567551883,0.06535667813598045,0,0.2173954117179105,-2.448715514633199
false,0.538,0.0,False,32,0.005793078416034357,1.638777087231523,1.2887770872315232,0.0057651631868744545,0,0.006076271905693134,-14.174587560510794
false,0.538,0.0,True,32,1.7516639494691907e-06,2.652484726558047,2.302484726558047,1.7432231694470817e-06,0,0.006076271905693134,-14.174587560510794
false,0.538,1.0,False,32,0.8707959854816156,0.7571150143009636,1.2887770872315232,0.8665998624982014,0,0.006076271905693134,-14.174587560510794
false,0.538,1.0,True,32,0.13721122487079554,1.2254479436698176,2.302484726558047,0.13655004224723952,0,0.006076271905693134,-14.174587560510794
false,0.538,0.0,False,33,0.001763244726473117,1.7882223962180035,1.4382223962180034,0.0019582269908659366,0,0.005728099308355451,-10.582736230012397
false,0.538,0.0,True,33,0.9873179253193565,0.4515177314696165,0.10151773146961653,1.0964970323735717,0,0.005728099308355451,-10.582736230012397
false,0.538,1.0,False,33,0.7953814703325991,0.8261587470527175,1.4382223962180034,0.88333595436599,0,0.005728099308355451,-10.582736230012397
false,0.538,1.0,True,33,0.9981636454682116,0.20860119193896282,0.10151773146961653,1.1085420886337698,0,0.005728099308355451,-10.582736230012397
false,0.538,0.0,False,34,0.0024337001986073576,1.751979812479497,1.4019798124794969,0.00263471248235352,1,1.1661856908231564e-05,1.4019905015192191
false,0.538,0.0,True,34,1.8127883621042134e-06,2.6525719069670224,2.3025719069670223,1.9625162245679426e-06,1,1.1661856908231564e-05,1.4019905015192191
false,0.538,1.0,False,34,0.8212171040421863,0.8094146733655275,1.4019798124794969,0.8890458060447546,1,1.1661856908231564e-05,1.4019905015192191
false,0.538,1.0,True,34,0.14136811402754773,1.2254882210187643,2.3025719069670223,0.15304446079607176,1,1.1661856908231564e-05,1.4019905015192191
false,0.538,0.0,False,35,0.0007209688312290501,1.903188127232872,1.553188127232872,0.0008646989730248,1,0.0015055858252087868,1.554520316501296
false,0.538,0.0,True,35,0.9872380617400899,0.4553584443947368,0.10535844439473685,1.1840508231991,1,0.0015055858252087868,1.554520316501296
false,0.538,1.0,False,35,0.7225464700760669,0.8792729147815868,1.553188127232872,0.8665911251286487,1,0.0015055858252087868,1.554520316501296
false,0.538,1.0,True,35,0.9981821962596424,0.2103756013103684,0.10535844439473685,1.1971767469142347,1,0.0015055858252087868,1.554520316501296
false,0.538,0.0,False,36,0.005076697163645794,1.5971367006177721,1.247136700617772,0.004888996300388256,1,0.08680128976792766,1.3126583020806657
false,0.538,0.0,True,36,0.9859124359721431,0.4063517149844028,0.05635171498440282,0.9494602684775951,1,0.08680128976792766,1.3126583020806657
false,0.538,1.0,False,36,0.8314686197709461,0.7378771556854107,1.247136700617772,0.8007267077222706,1,0.08680128976792766,1.3126583020806657
false,0.538,1.0,True,36,0.997520492894716,0.18773449232279407,0.05635171498440282,0.9606391403936816,1,0.08680128976792766,1.3126583020806657
false,0.538,0.0,False,37,0.0011108861229622727,1.7429694295979044,1.3929694295979045,0.001194910887813952,0,0.1486333404591076,-6.164925917078386
false,0.538,0.0,True,37,4.204775194301603e-06,2.4401943987427,2.0901943987427,4.522814316091375e-06,0,0.1486333404591076,-6.164925917078386
false,0.538,1.0,False,37,0.6682442301394454,0.8052518764742318,1.3929694295979045,0.7187886227106948,0,0.1486333404591076,-6.164925917078386
false,0.538,1.0,True,37,0.13276966444829832,1.1273698122191274,2.0901943987427,0.1428120437742335,0,0.1486333404591076,-6.164925917078386
false,0.538,0.0,False,38,0.000787422358891218,1.8055899087217,1.4555899087217001,0.0008850568542619992,1,0.12151542110811334,1.5541992011558867
false,0.538,0.0,True,38,0.9842567774559062,0.39541054507413215,0.04541054507413219,1.1062972716037929,1,0.12151542110811334,1.5541992011558867
false,0.538,1.0,False,38,0.6514231970053742,0.8341825378294253,1.4555899087217001,0.7321948113674541,1,0.12151542110811334,1.5541992011558867
false,0.538,1.0,True,38,0.9970918444667888,0.18267967182424905,0.04541054507413219,1.1207237911261612,1,0.12151542110811334,1.5541992011558867
false,0.538,0.0,False,39,0.0037539708199284642,1.6945854441916932,1.3445854441916931,0.0038976576407897486,0,0.004244924434675802,-10.14370309964363
false,0.538,0.0,True,39,1.772655548818189e-06,2.652316690908992,2.302316690908992,1.8405056341037896e-06,0,0.004244924434675802,-10.14370309964363
false,0.538,1.0,False,39,0.8471363964253128,0.7828984752165622,1.3445854441916931,0.879561351619972,0,0.004244924434675802,-10.14370309964363
false,0.538,1.0,True,39,0.13854125509351842,1.2253703111999543,2.302316690908992,0.14384405403826336,0,0.004244924434675802,-10.14370309964363
false,0.7,0.0,False,0,0.008951161678622322,1.4843843130253145,1.1343843130253146,0.012225208953030088,1,0.1441583229364631,1.249764469506618
false,0.7,0.0,True,0,0.9836294213366055,0.3840413159468639,0.034041315946863944,1.3434094523068492,1,0.1441583229364631,1.249764469506618
false,0.7,1.0,False,0,0.9735468745478976,0.4453152939075944,1.1343843130253146,1.3296390339303121,1,0.1441583229364631,1.249764469506618
false,0.7,1.0,True,0,0.9980663200915948,0.11521239478405919,0.034041315946863944,1.363126904661106,1,0.1441583229364631,1.249764469506618
false,0.7,0.0,False,1,0.0007943833143645143,1.7940514211451024,1.4440514211451025,0.001381113749283391,0,0.13598479912955466,-2.249664270606358
false,0.7,0.0,True,1,8.606224838822064e-07,2.6476088311345762,2.297608831134576,1.496277079262423e-06,0,0.13598479912955466,-2.249664270606358
false,0.7,1.0,False,1,0.9483159354846871,0.5382154263435308,1.4440514211451025,1.6487407948770847,0,0.13598479912955466,-2.249664270606358
false,0.7,1.0,True,1,0.7028696291855555,0.794282649340373,2.297608831134576,1.222008180771594,0,0.13598479912955466,-2.249664270606358
false,0.7,0.0,False,2,0.034242021454492295,1.2561866497152767,0.9061866497152766,0.03735887001980215,0,0.2235341568027837,-1.9349077893278113
false,0.7,0.0,True,2,0.9748172468627149,0.3817428585783379,0.031742858578337904,1.0635490917790946,0,0.2235341568027837,-1.9349077893278113
false,0.7,1.0,False,2,0.9757593630177884,0.37685599491458305,0.9061866497152766,1.0645769631922273,0,0.2235341568027837,-1.9349077893278113
false,0.7,1.0,True,2,0.9969630217683698,0.11452285757350139,0.031742858578337904,1.0877106655135103,0,0.2235341568027837,-1.9349077893278113
false,0.7,0.0,False,3,0.0010477042564217068,1.8567680103752604,1.5067680103752605,0.001900648366147625,0,0.001033065604012167,-13.733620859761812
false,0.7,0.0,True,3,1.817631934549404e-06,2.651501578352575,2.3015015783525747,3.2973801008101885e-06,0,0.001033065604012167,-13.733620859761812
false,0.7,1.0,False,3,0.9717442364018222,0.5570304031125782,1.5067680103752605,1.762848708411746,0,0.001033065604012167,-13.733620859761812
false,0.7,1.0,True,3,0.8362291683124589,0.7954504735057726,2.3015015783525747,1.517009778987028,0,0.001033065604012167,-13.733620859761812
false,0.7,0.0,False,4,0.0010814631576229676,1.7726740367878957,1.4226740367878956,0.0018523959030996209,0,0.11211067102700491,-13.856307583826286
false,0.7,0.0,True,4,0.9768214838502337,0.45149448355777944,0.10149448355777947,1.673159276845842,0,0.11211067102700491,-13.856307583826286
false,0.7,1.0,False,4,0.9568356316698465,0.5318022110363688,1.4226740367878956,1.6389262930979012,0,0.11211067102700491,-13.856307583826286
false,0.7,1.0,True,4,0.9981103028255003,0.13544834506733386,0.10149448355777947,1.709624061405208,0,0.11211067102700491,-13.856307583826286
false,0.7,0.0,False,5,0.00027198426104393166,2.023377518434799,1.6733775184347992,0.0005479669691190297,0,0.003894480084268919,-9.233084594569123
false,0.7,0.0,True,5,1.8343315876654927e-06,2.6482942971834564,2.2982942971834563,3.6956297272289684e-06,0,0.003894480084268919,-9.233084594569123
false,0.7,1.0,False,5,0.957767693294757,0.6070132555304398,1.6733775184347992,1.929615552019318,0,0.003894480084268919,-9.233084594569123
false,0.7,1.0,True,5,0.8350183573399408,0.794488289155037,2.2982942971834563,1.6823123392291126,0,0.003894480084268919,-9.233084594569123
false,0.7,0.0,False,6,0.003075553620917827,1.6449060154099278,1.294906015409928,0.004794885364658316,0,0.10777432528076708,-2.4614994456138355
false,0.7,0.0,True,6,0.9850157719084369,0.399049824470343,0.049049824470342986,1.535670741215007,0,0.10777432528076708,-2.4614994456138355
false,0.7,1.0,False,6,0.9686376850478251,0.4934718046229784,1.294906015409928,1.5101367858142831,0,0.10777432528076708,-2.4614994456138355
false,0.7,1.0,True,6,0.9983745413614749,0.11971494734110291,0.049049824470342986,1.556497485286242,0,0.10777432528076708,-2.4614994456138355
false,0.7,0.0,False,7,0.006441185428669501,1.4210530030923048,1.071053003092305,0.008306028981305313,0,0.28941609133965013,-2.518123683153112
false,0.7,0.0,True,7,2.442187484821353e-06,2.406557166125564,2.0565571661255637,3.149246400580236e-06,0,0.28941609133965013,-2.518123683153112
false,0.7,1.0,False,7,0.9487930847628054,0.4263159009276915,1.071053003092305,1.2234864135761696,0,0.28941609133965013,-2.518123683153112
false,0.7,1.0,True,7,0.6350877263104538,0.7219671498376693,2.0565571661255637,0.8189574914156056,0,0.28941609133965013,-2.518123683153112
false,0.7,0.0,False,8,0.0010158772780562994,1.6757628150899322,1.325762815089932,0.0016215254057410694,0,0.257310756951553,-6.139368400734161
false,0.7,0.0,True,8,1.8311751572009149e-06,2.4657083739427157,2.1157083739427156,2.922889510280614e-06,0,0.257310756951553,-6.139368400734161
false,0.7,1.0,False,8,0.9236697611693353,0.5027288445269797,1.325762815089932,1.4743453925030678,0,0.257310756951553,-6.139368400734161
false,0.7,1.0,True,8,0.6450649261980662,0.7397125121828149,2.1157083739427156,1.02964126551188,0,0.257310756951553,-6.139368400734161
false,0.7,0.0,False,9,0.0010208669445978566,1.6653171077896265,1.3153171077896266,0.001616651046070328,0,0.27094167027434807,-2.283308675769748
false,0.7,0.0,True,9,0.9678180772256141,0.37910199265223865,0.0291019926522387,1.532642539982431,0,0.27094167027434807,-2.283308675769748
false,0.7,1.0,False,9,0.9198045281126912,0.499595132336888,1.3153171077896266,1.4566079942370669,0,0.27094167027434807,-2.283308675769748
false,0.7,1.0,True,9,0.996036318283509,0.11373059779567161,0.0291019926522387,1.5773291165886323,0,0.27094167027434807,-2.283308675769748
false,0.7,0.0,False,10,0.039853302872401755,1.320067986980213,0.970067986980213,0.04654608620750092,0,0.10766948045540072,-14.271545632089458
false,0.7,0.0,True,10,0.9852424874227533,0.39719094842024155,0.04719094842024159,1.150699652214507,0,0.10766948045540072,-14.271545632089458
false,0.7,1.0,False,10,0.985378026643392,0.396020396094064,0.970067986980213,1.1508579532785004,0,0.10766948045540072,-14.271545632089458
false,0.7,1.0,True,10,0.9983827423754831,0.11915728452607248,0.04719094842024159,1.1660466221200263,0,0.10766948045540072,-14.271545632089458
false,0.7,0.0,False,11,0.07447791000783754,1.2133765958201101,0.8633765958201102,0.07741844247585397,0,0.14085489983074204,-2.8744293250267834
false,0.7,0.0,True,11,0.9796545288628158,0.41410196109388253,0.06410196109388253,1.0183331914254106,0,0.14085489983074204,-2.8744293250267834
false,0.7,1.0,False,11,0.9862795648184826,0.3640129787460331,0.8633765958201102,1.0252197966615173,0,0.14085489983074204,-2.8744293250267834
false,0.7,1.0,True,11,0.99796111786626,0.12423058832816478,0.06410196109388253,1.0373625601005398,0,0.14085489983074204,-2.8744293250267834
false,0.7,0.0,False,12,0.03712359552335867,1.401304685217791,1.0513046852177912,0.046988903328152073,0,0.007838595629930917,-6.640891754288971
false,0.7,0.0,True,12,1.8245760736773223e-06,2.646115781194982,2.296115781194982,2.3094430249068263e-06,0,0.007838595629930917,-6.640891754288971
false,0.7,1.0,False,12,0.9899654305094513,0.4203914055653374,1.0513046852177912,1.2530410714972822,0,0.007838595629930917,-6.640891754288971
false,0.7,1.0,True,12,0.8325888685159978,0.7938347343584947,2.296115781194982,1.0538429078125626,0,0.007838595629930917,-6.640891754288971
false,0.7,0.0,False,13,0.004472628189096676,1.5985449815853037,1.2485449815853036,0.006723318217722088,0,0.10690696073825882,-6.299927773796108
false,0.7,0.0,True,13,0.9849875673984809,0.39991413879610727,0.0499141387961073,1.4806473009010555,0,0.10690696073825882,-6.299927773796108
false,0.7,1.0,False,13,0.971983779643563,0.47956349447559116,1.2485449815853036,1.4610998224575837,0,0.10690696073825882,-6.299927773796108
false,0.7,1.0,True,13,0.9983792909209162,0.11997424163883219,0.0499141387961073,1.500777929900036,0,0.10690696073825882,-6.299927773796108
false,0.7,0.0,False,14,0.0011629231896391585,1.656988667063393,1.306988667063393,0.001829951289695432,0,0.2598860940334494,-6.137133304416205
false,0.7,0.0,True,14,6.166799779260332e-06,2.312072355738005,1.962072355738005,9.703945462513767e-06,0,0.2598860940334494,-6.137133304416205
false,0.7,1.0,False,14,0.925771665772593,0.497096600119018,1.306988667063393,1.4567746768122403,0,0.2598860940334494,-6.137133304416205
false,0.7,1.0,True,14,0.7213726903162679,0.6936217067214016,1.962072355738005,1.135136780104043,0,0.2598860940334494,-6.137133304416205
false,0.7,0.0,False,15,0.022682517356745764,1.3532057425119843,1.0032057425119845,0.027396680083102126,0,0.16246869954628673,-2.729386494613232
false,0.7,0.0,True,15,3.7006846172097635e-06,2.446177234315017,2.096177234315017,4.469806898042597e-06,0,0.16246869954628673,-2.729386494613232
false,0.7,1.0,False,15,0.9784318842267283,0.4059617227535954,1.0032057425119845,1.181781761418755,0,0.16246869954628673,-2.729386494613232
false,0.7,1.0,True,15,0.7670277243087451,0.7338531702945053,2.096177234315017,0.9264409609944371,0,0.16246869954628673,-2.729386494613232
false,0.7,0.0,False,16,0.006177681158490805,1.5654125026015109,1.2154125026015108,0.009039946627367118,0,0.09657540512802812,-2.5883068201365975
false,0.7,0.0,True,16,3.019879376104099e-06,2.519121902122305,2.169121902122305,4.419060757699738e-06,0,0.09657540512802812,-2.5883068201365975
false,0.7,1.0,False,16,0.9755338555254455,0.4696237507804533,1.2154125026015108,1.4275217125796278,0,0.09657540512802812,-2.5883068201365975
false,0.7,1.0,True,16,0.8016743343093696,0.7557365706366916,2.169121902122305,1.1731089722437564,0,0.09657540512802812,-2.5883068201365975
false,0.7,0.0,False,17,0.001077030344467671,1.673105886205815,1.323105886205815,0.0017156915722979357,0,0.25085395124714693,-2.319717763846611
false,0.7,0.0,True,17,1.6567142433910184e-06,2.482881203258659,2.132881203258659,2.63911846095367e-06,0,0.25085395124714693,-2.319717763846611
false,0.7,1.0,False,17,0.9266900540074064,0.5019317658617446,1.323105886205815,1.4762019695727804,0,0.25085395124714693,-2.319717763846611
false,0.7,1.0,True,17,0.6441591187812441,0.7448643609775979,2.132881203258659,1.0261348503213128,0,0.25085395124714693,-2.319717763846611
false,0.7,0.0,False,18,0.0004154202137026731,1.943706931555476,1.593706931555476,0.0007970999160841992,0,0.04092150822410884,-7.671656073760845
false,0.7,0.0,True,18,1.4452083768765623e-06,2.65138832102671,2.30138832102671,2.7730366456288714e-06,0,0.04092150822410884,-7.671656073760845
false,0.7,1.0,False,18,0.9568495918455993,0.5831120794666429,1.593706931555476,1.8359836719722422,0,0.04092150822410884,-7.671656073760845
false,0.7,1.0,True,18,0.8022662333601005,0.7954164963080131,2.30138832102671,1.539372245728561,0,0.04092150822410884,-7.671656073760845
false,0.7,0.0,False,19,0.014422425004140082,1.3415692898011717,0.9915692898011719,0.01721781487634062,0,0.2585247041077954,-2.6409605319689886
false,0.7,0.0,True,19,2.1860712646049895e-06,2.442689143494188,2.092689143494188,2.609780971622445e-06,0,0.2585247041077954,-2.6409605319689886
false,0.7,1.0,False,19,0.9640267858489738,0.4024707869403516,0.9915692898011719,1.1508768275665548,0,0.2585247041077954,-2.6409605319689886
false,0.7,1.0,True,19,0.6560310709610688,0.7328067430482565,2.092689143494188,0.78318462600379,0,0.2585247041077954,-2.6409605319689886
false,0.7,0.0,False,20,0.003053481838889165,1.7235458615077555,1.3735458615077556,0.005049579139662013,0,8.267108861076145e-06,-18.031819309536832
false,0.7,0.0,True,20,0.9873462719365892,0.45536042024864026,0.10536042024864029,1.632786242543304,0,8.267108861076145e-06,-18.031819309536832
false,0.7,1.0,False,20,0.9794361470924314,0.5170637584523267,1.3735458615077556,1.6197051752526885,0,8.267108861076145e-06,-18.031819309536832
false,0.7,1.0,True,20,0.9990003321174739,0.1366081260745921,0.10536042024864029,1.6520587001136326,0,8.267108861076145e-06,-18.031819309536832
false,0.7,0.0,False,21,0.0005246931486721718,1.7777513494812642,1.4277513494812641,0.0009019337735685862,0,0.23049939186187401,-2.27541127550999
false,0.7,0.0,True,21,0.969642184508678,0.40074569458284526,0.05074569458284525,1.6667895067782175,0,0.23049939186187401,-2.27541127550999
false,0.7,1.0,False,21,0.9170736897106685,0.5333254048443794,1.4277513494812641,1.5764256417192264,0,0.23049939186187401,-2.27541127550999
false,0.7,1.0,True,21,0.9966918384285325,0.12022370837485359,0.05074569458284525,1.7132871530604292,0,0.23049939186187401,-2.27541127550999
false,0.7,0.0,False,22,0.015642793718536975,1.4478189319886332,1.0978189319886333,0.02067577090236749,1,0.09694131958893781,1.1724900662652238
false,0.7,0.0,True,22,3.006839441520347e-06,2.519398874916477,2.1693988749164768,3.974272406303378e-06,1,0.09694131958893781,1.1724900662652238
false,0.7,1.0,False,22,0.9813997987696418,0.43434567959659004,1.0978189319886333,1.297159431243107,1,0.09694131958893781,1.1724900662652238
false,0.7,1.0,True,22,0.8012325460159132,0.7558196624749431,2.1693988749164768,1.0590244210223478,1,0.09694131958893781,1.1724900662652238
false,0.7,0.0,False,23,0.0015731307794374367,1.7927210751886826,1.4427210751886825,0.0027325233481441695,0,0.01929453975192747,-6.217535690405613
false,0.7,0.0,True,23,1.7737011559431806e-06,2.6413869781317607,2.2913869781317606,3.0809134781395936e-06,0,0.01929453975192747,-6.217535690405613
false,0.7,1.0,False,23,0.9730414156891309,0.5378163225566048,1.4427210751886825,1.6901699603338982,0,0.01929453975192747,-6.217535690405613
false,0.7,1.0,True,23,0.8248164658778498,0.7924160934395283,2.2913869781317606,1.4327036762645822,0,0.01929453975192747,-6.217535690405613
false,0.7,0.0,False,24,0.01963823293437403,1.4471517738595177,1.0971517738595178,0.025940945046381544,0,0.05774420913722867,-14.462681445896434
false,0.7,0.0,True,24,1.299054034706893e-06,2.652580473534971,2.302580473534971,1.7159736030845627e-06,0,0.05774420913722867,-14.462681445896434
false,0.7,1.0,False,24,0.9851326183252568,0.43414553215785534,1.0971517738595178,1.301301965445295,0,0.05774420913722867,-14.462681445896434
false,0.7,1.0,True,24,0.7859321974720185,0.7957741420604915,2.302580473534971,1.0381699826524327,0,0.05774420913722867,-14.462681445896434
false,0.7,0.0,False,25,0.0007002033849496426,1.6933852697569618,1.343385269756962,0.001132508486045,0,0.29742202264713336,-2.2245075480937935
false,0.7,0.0,True,25,0.9686824753748299,0.3564854811433582,0.0064854811433582155,1.5667463871571667,0,0.29742202264713336,-2.2245075480937935
false,0.7,1.0,False,25,0.901988614243884,0.5080155809270887,1.343385269756962,1.4588757808142183,0,0.29742202264713336,-2.2245075480937935
false,0.7,1.0,True,25,0.9956276718377566,0.10694564434300748,0.0064854811433582155,1.6103275298770194,0,0.29742202264713336,-2.2245075480937935
false,0.7,0.0,False,26,0.0026446197447022855,1.7357883441218087,1.3857883441218086,0.004412419724109308,1,0.008018519265912412,1.3928584464281613
false,0.7,0.0,True,26,1.8105516865739467e-06,2.646950504680264,2.296950504680264,3.0208176390430743e-06,1,0.008018519265912412,1.3928584464281613
false,0.7,1.0,False,26,0.9778568449460393,0.5207365032365426,1.3857883441218086,1.6315066990778002,1,0.008018519265912412,1.3928584464281613
false,0.7,1.0,True,26,0.8321644821592816,0.7940851514040793,2.296950504680264,1.38842606092551,1,0.008018519265912412,1.3928584464281613
false,0.7,0.0,False,27,0.013145826877599794,1.3543348826421178,1.004334882642118,0.01589582718380941,1,0.2571123517418642,1.2009292613665623
false,0.7,0.0,True,27,1.9148293676133283e-06,2.4602676585384016,2.1102676585384015,2.3153961327400313e-06,1,0.2571123517418642,1.2009292613665623
false,0.7,1.0,False,27,0.9632387648528976,0.4063004647926354,1.004334882642118,1.1647404979095015,1,0.2571123517418642,1.2009292613665623
false,0.7,1.0,True,27,0.6483099746922165,0.7380802975615206,2.1102676585384015,0.7839311604511958,1,0.2571123517418642,1.2009292613665623
false,0.7,0.0,False,28,0.0006601146377179897,1.9122317579613717,1.5622317579613716,0.0012415994237349483,0,0.004259848325123636,-6.796451559925775
false,0.7,0.0,True,28,0.9872016045647306,0.45373285996431995,0.10373285996431995,1.8568122463926122,0,0.004259848325123636,-6.796451559925775
false,0.7,1.0,False,28,0.9672660598602868,0.5736695273884116,1.5622317579613716,1.819315788349435,0,0.004259848325123636,-6.796451559925775
false,0.7,1.0,True,28,0.9989795172625722,0.13611985798929602,0.10373285996431995,1.8789651404247665,0,0.004259848325123636,-6.796451559925775
false,0.7,0.0,False,29,0.013235283986825382,1.5311209781890267,1.1811209781890266,0.01882107063362941,0,0.010843856126300089,-16.655842749895882
false,0.7,0.0,True,29,1.9043623639443635e-06,2.638597988538896,2.288597988538896,2.7080747643571683e-06,0,0.010843856126300089,-16.655842749895882
false,0.7,1.0,False,29,0.9861118269202237,0.45933629345670807,1.1811209781890266,1.4022880329275502,0,0.010843856126300089,-16.655842749895882
false,0.7,1.0,True,29,0.8326864157101772,0.7915793965616689,2.288597988538896,1.1841113391556362,0,0.010843856126300089,-16.655842749895882
false,0.7,0.0,False,30,0.0011255990234716542,1.848396691052086,1.498396691052086,0.0020306131300178655,0,0.0001975743819974661,-13.826112876459668
false,0.7,0.0,True,30,0.9873331941361316,0.4553546420936949,0.10535464209369493,1.781177582698743,0,0.0001975743819974661,-13.826112876459668
false,0.7,1.0,False,30,0.9724202908708548,0.5545190073156259,1.498396691052086,1.754274274730548,0,0.0001975743819974661,-13.826112876459668
false,0.7,1.0,True,30,0.9989992543905296,0.1366063926281085,0.10535464209369493,1.802223492151557,0,0.0001975743819974661,-13.826112876459668
false,0.7,0.0,False,31,0.0030898920013905738,1.5652479168157196,1.2152479168157198,0.004520899601378819,0,0.2173954117179105,-2.448715514633199
false,0.7,0.0,True,31,1.4186978860318036e-06,2.526403567551883,2.176403567551883,2.0757329720753004e-06,0,0.2173954117179105,-2.448715514633199
false,0.7,1.0,False,31,0.9520684905258859,0.46957437504471594,1.2152479168157198,1.3929956313575842,0,0.2173954117179105,-2.448715514633199
false,0.7,1.0,True,31,0.6642050727625036,0.757921070265565,2.176403567551883,0.9718153409033102,0,0.2173954117179105,-2.448715514633199
false,0.7,0.0,False,32,0.005793078416034357,1.638777087231523,1.2887770872315232,0.008988844976911563,0,0.006076271905693134,-14.174587560510794
false,0.7,0.0,True,32,1.7516639494691907e-06,2.652484726558047,2.302484726558047,2.7179738582240215e-06,0,0.006076271905693134,-14.174587560510794
false,0.7,1.0,False,32,0.9825681405590159,0.491633126169457,1.2887770872315232,1.5246043744706084,0,0.006076271905693134,-14.174587560510794
false,0.7,1.0,True,32,0.8318746346999978,0.7957454179674142,2.302484726558047,1.2907804097466353,0,0.006076271905693134,-14.174587560510794
false,0.7,0.0,False,33,0.001763244726473117,1.7882223962180035,1.4382223962180034,0.00305320045243001,0,0.005728099308355451,-10.582736230012397
false,0.7,0.0,True,33,0.9873179253193565,0.4515177314696165,0.10151773146961653,1.7096206164795678,0,0.005728099308355451,-10.582736230012397
false,0.7,1.0,False,33,0.9752823787288991,0.5364667188654011,1.4382223962180034,1.6887800968718736,0,0.005728099308355451,-10.582736230012397
false,0.7,1.0,True,33,0.9989762941738423,0.13545531944088496,0.10151773146961653,1.7298080224174326,0,0.005728099308355451,-10.582736230012397
false,0.7,0.0,False,34,0.0024337001986073576,1.751979812479497,1.4019798124794969,0.004107953460281708,1,1.1661856908231564e-05,1.4019905015192191
false,0.7,0.0,True,34,1.8127883621042134e-06,2.6525719069670224,2.3025719069670223,3.0598880787065486e-06,1,1.1661856908231564e-05,1.4019905015192191
false,0.7,1.0,False,34,0.978015355792223,0.5255939437438492,1.4019798124794969,1.6508366837190271,1,1.1661856908231564e-05,1.4019905015192191
false,0.7,1.0,True,34,0.8366840873493421,0.7957715720901068,2.3025719069670223,1.4122771957516251,1,1.1661856908231564e-05,1.4019905015192191
false,0.7,0.0,False,35,0.0007209688312290501,1.903188127232872,1.553188127232872,0.0013482090217169461,1,0.0015055858252087868,1.554520316501296
false,0.7,0.0,True,35,0.9872380617400899,0.4553584443947368,0.10535844439473685,1.8461314883076883,1,0.0015055858252087868,1.554520316501296
false,0.7,1.0,False,35,0.9684358447581674,0.5709564381698616,1.553188127232872,1.8109714127741954,1,0.0015055858252087868,1.554520316501296
false,0.7,1.0,True,35,0.9989916703882051,0.13660753331842107,0.10535844439473685,1.8681106925821722,1,0.0015055858252087868,1.554520316501296
false,0.7,0.0,False,36,0.005076697163645794,1.5971367006177721,1.247136700617772,0.007622755577316011,1,0.08680128976792766,1.3126583020806657
false,0.7,0.0,True,36,0.9859124359721431,0.4063517149844028,0.05635171498440282,1.4803659304063668,1,0.08680128976792766,1.3126583020806657
false,0.7,1.0,False,36,0.9750584117433374,0.47914101018533173,1.247136700617772,1.464068410373276,1,0.08680128976792766,1.3126583020806657
false,0.7,1.0,True,36,0.9985341377755466,0.12190551449532086,0.05635171498440282,1.4993176513217068,1,0.08680128976792766,1.3126583020806657
false,0.7,0.0,False,37,0.0011108861229622727,1.7429694295979044,1.3929694295979045,0.001863064129084344,0,0.1486333404591076,-6.164925917078386
false,0.7,0.0,True,37,4.204775194301603e-06,2.4401943987427,2.0901943987427,7.051817169592112e-06,0,0.1486333404591076,-6.164925917078386
false,0.7,1.0,False,37,0.9506938391949663,0.5228908288793713,1.3929694295979045,1.5944060808164169,0,0.1486333404591076,-6.164925917078386
false,0.7,1.0,True,37,0.7834359749420547,0.7320583196228102,2.0901943987427,1.3138983665190074,0,0.1486333404591076,-6.164925917078386
false,0.7,0.0,False,38,0.000787422358891218,1.8055899087217,1.4555899087217001,0.001379950332859046,1,0.12151542110811334,1.5541992011558867
false,0.7,0.0,True,38,0.9842567774559062,0.39541054507413215,0.04541054507413219,1.7249008138168551,1,0.12151542110811334,1.5541992011558867
false,0.7,1.0,False,38,0.9509837657569971,0.54167697261651,1.4555899087217001,1.6665901714396352,1,0.12151542110811334,1.5541992011558867
false,0.7,1.0,True,38,0.9982559085610209,0.11862316352223966,0.04541054507413219,1.7494341603876107,1,0.12151542110811334,1.5541992011558867
false,0.7,0.0,False,39,0.0037539708199284642,1.6945854441916932,1.3445854441916931,0.006077094293861288,0,0.004244924434675802,-10.14370309964363
false,0.7,0.0,True,39,1.772655548818189e-06,2.652316690908992,2.302316690908992,2.869653345070447e-06,0,0.004244924434675802,-10.14370309964363
false,0.7,1.0,False,39,0.9803242873609965,0.508375633257508,1.3445854441916931,1.586992392489794,0,0.004244924434675802,-10.14370309964363
false,0.7,1.0,True,39,0.8334035303453478,0.7956950072726977,2.302316690908992,1.3491505612827537,0,0.004244924434675802,-10.14370309964363
false,0.9,0.0,False,0,0.008951161678622322,1.4843843130253145,1.1343843130253146,0.02338058118326388,1,0.1441583229364631,1.249764469506618
false,0.9,0.0,True,0,0.9836294213366055,0.3840413159468639,0.034041315946863944,2.5692561888064325,1,0.1441583229364631,1.249764469506618
false,0.9,1.0,False,0,0.9974790279412217,0.14843843130253143,1.1343843130253146,2.6054315885144774,1,0.1441583229364631,1.249764469506618
false,0.9,1.0,True,0,0.9989530859260743,0.038404131594686385,0.034041315946863944,2.6092818521585803,1,0.1441583229364631,1.249764469506618
false,0.9,0.0,False,1,0.0007943833143645143,1.7940514211451024,1.4440514211451025,0.002641365252938169,0,0.13598479912955466,-2.249664270606358
false,0.9,0.0,True,1,8.606224838822064e-07,2.6476088311345762,2.297608831134576,2.8616138880539228e-06,0,0.13598479912955466,-2.249664270606358
false,0.9,1.0,False,1,0.9969208582510982,0.1794051421145102,1.4440514211451025,3.314812971644885,0,0.13598479912955466,-2.249664270606358
false,0.9,1.0,True,1,0.9939231568466262,0.2647608831134576,2.297608831134576,3.3048454607653412,0,0.13598479912955466,-2.249664270606358
false,0.9,0.0,False,2,0.034242021454492295,1.2561866497152767,0.9061866497152766,0.0714484387767043,0,0.2235341568027837,-1.9349077893278113
false,0.9,0.0,True,2,0.9748172468627149,0.3817428585783379,0.031742858578337904,2.0340262467713823,0,0.2235341568027837,-1.9349077893278113
false,0.9,1.0,False,2,0.9966820483869689,0.12561866497152765,0.9061866497152766,2.0796487265991765,0,0.2235341568027837,-1.9349077893278113
false,0.9,1.0,True,2,0.9983488639879533,0.03817428585783378,0.031742858578337904,2.083126657146509,0,0.2235341568027837,-1.9349077893278113
false,0.9,0.0,False,3,0.0010477042564217068,1.8567680103752604,1.5067680103752605,0.0036349696431600153,0,0.001033065604012167,-13.733620859761812
false,0.9,0.0,True,3,1.817631934549404e-06,2.651501578352575,2.3015015783525747,6.3062041258577525e-06,0,0.001033065604012167,-13.733620859761812
false,0.9,1.0,False,3,0.9985116890859053,0.185676801037526,1.5067680103752605,3.464297921785649,0,0.001033065604012167,-13.733620859761812
false,0.9,1.0,True,3,0.9971930254949276,0.2651501578352574,2.3015015783525747,3.4597228691471162,0,0.001033065604012167,-13.733620859761812
false,0.9,0.0,False,4,0.0010814631576229676,1.7726740367878957,1.4226740367878956,0.0035426873243938665,0,0.11211067102700491,-13.856307583826286
false,0.9,0.0,True,4,0.9768214838502337,0.45149448355777944,0.10149448355777947,3.1998991964165424,0,0.11211067102700491,-13.856307583826286
false,0.9,1.0,False,4,0.997361478989561,0.17726740367878954,1.4226740367878956,3.267184688215585,0,0.11211067102700491,-13.856307583826286
false,0.9,1.0,True,4,0.9990814895803557,0.04514944835577794,0.10149448355777947,3.272819147119599,0,0.11211067102700491,-13.856307583826286
false,0.9,0.0,False,5,0.00027198426104393166,2.023377518434799,1.6733775184347992,0.001047980959381398,0,0.003894480084268919,-9.233084594569123
false,0.9,0.0,True,5,1.8343315876654927e-06,2.6482942971834564,2.2982942971834563,7.067852270888511e-06,0,0.003894480084268919,-9.233084594569123
false,0.9,1.0,False,5,0.998271590576348,0.20233775184347985,1.6733775184347992,3.8464344046967303,0,0.003894480084268919,-9.233084594569123
false,0.9,1.0,True,5,0.9971537152084002,0.2648294297183456,2.2982942971834563,3.842127125679649,0,0.003894480084268919,-9.233084594569123
false,0.9,0.0,False,6,0.003075553620917827,1.6449060154099278,1.294906015409928,0.00917016690377723,0,0.10777432528076708,-2.4614994456138355
false,0.9,0.0,True,6,0.9850157719084369,0.399049824470343,0.049049824470342986,2.9369538446082153,0,0.10777432528076708,-2.4614994456138355
false,0.9,1.0,False,6,0.9976759872798714,0.16449060154099274,1.294906015409928,2.974701938871379,0,0.10777432528076708,-2.4614994456138355
false,0.9,1.0,True,6,0.9991409450137861,0.03990498244703429,0.049049824470342986,2.979069902686287,0,0.10777432528076708,-2.4614994456138355
false,0.9,0.0,False,7,0.006441185428669501,1.4210530030923048,1.071053003092305,0.015885191464135914,0,0.28941609133965013,-2.518123683153112
false,0.9,0.0,True,7,2.442187484821353e-06,2.406557166125564,2.0565571661255637,6.022900010769784e-06,0,0.28941609133965013,-2.518123683153112
false,0.9,1.0,False,7,0.9944753804589697,0.14210530030923044,1.071053003092305,2.4525659135112456,0,0.28941609133965013,-2.518123683153112
false,0.9,1.0,True,7,0.9879265273637883,0.24065571661255633,2.0565571661255637,2.436415193051558,0,0.28941609133965013,-2.518123683153112
false,0.9,0.0,False,8,0.0010158772780562994,1.6757628150899322,1.325762815089932,0.0031011499709587558,0,0.257310756951553,-6.139368400734161
false,0.9,0.0,True,8,1.8311751572009149e-06,2.4657083739427157,2.1157083739427156,5.589994882491406e-06,0,0.257310756951553,-6.139368400734161
false,0.9,1.0,False,8,0.9943728320731526,0.16757628150899317,1.325762815089932,3.0355037423476423,0,0.257310756951553,-6.139368400734161
false,0.9,1.0,True,8,0.9894659187641978,0.24657083739427152,2.1157083739427156,3.0205244979110724,0,0.257310756951553,-6.139368400734161
false,0.9,0.0,False,9,0.0010208669445978566,1.6653171077896265,1.3153171077896266,0.0030918278102958136,0,0.27094167027434807,-2.283308675769748
false,0.9,0.0,True,9,0.9678180772256141,0.37910199265223865,0.0291019926522387,2.931162442184787,0,0.27094167027434807,-2.283308675769748
false,0.9,1.0,False,9,0.9939654520195674,0.16653171077896262,1.3153171077896266,3.010353154531751,0,0.27094167027434807,-2.283308675769748
false,0.9,1.0,True,9,0.9978350130029944,0.037910199265223855,0.0291019926522387,3.0220726213295594,0,0.27094167027434807,-2.283308675769748
false,0.9,0.0,False,10,0.039853302872401755,1.320067986980213,0.970067986980213,0.089018891335018,0,0.10766948045540072,-14.271545632089458
false,0.9,0.0,True,10,0.9852424874227533,0.39719094842024155,0.04719094842024159,2.2007007601687234,0,0.10766948045540072,-14.271545632089458
false,0.9,1.0,False,10,0.9982079630638279,0.13200679869802126,0.970067986980213,2.2296612774662474,0,0.10766948045540072,-14.271545632089458
false,0.9,1.0,True,10,0.9991427388568878,0.03971909484202415,0.04719094842024159,2.2317492525836777,0,0.10766948045540072,-14.271545632089458
false,0.9,0.0,False,11,0.07447791000783754,1.2133765958201101,0.8633765958201102,0.1480619420365742,0,0.14085489983074204,-2.8744293250267834
false,0.9,0.0,True,11,0.9796545288628158,0.41410196109388253,0.06410196109388253,1.9475513216346916,0,0.14085489983074204,-2.8744293250267834
false,0.9,1.0,False,11,0.9980076698168737,0.12133765958201098,0.8633765958201102,1.9840373305981929,0,0.14085489983074204,-2.8744293250267834
false,0.9,1.0,True,11,0.998947859337278,0.041410196109388245,0.06410196109388253,1.9859064255588177,0,0.14085489983074204,-2.8744293250267834
false,0.9,0.0,False,12,0.03712359552335867,1.401304685217791,1.0513046852177912,0.08986577433542327,0,0.007838595629930917,-6.640891754288971
false,0.9,0.0,True,12,1.8245760736773223e-06,2.646115781194982,2.296115781194982,4.416785049598137e-06,0,0.007838595629930917,-6.640891754288971
false,0.9,1.0,False,12,0.9989243150994872,0.14013046852177907,1.0513046852177912,2.418114566042339,0,0.007838595629930917,-6.640891754288971
false,0.9,1.0,True,12,0.9970934351528186,0.26461157811949815,2.296115781194982,2.4136825210907915,0,0.007838595629930917,-6.640891754288971
false,0.9,0.0,False,13,0.004472628189096676,1.5985449815853037,1.2485449815853036,0.012858274080575662,0,0.10690696073825882,-6.299927773796108
false,0.9,0.0,True,13,0.9849875673984809,0.39991413879610727,0.0499141387961073,2.8317221043422176,0,0.10690696073825882,-6.299927773796108
false,0.9,1.0,False,13,0.9977715708575193,0.15985449815853034,1.2485449815853036,2.868474593789936,0,0.10690696073825882,-6.299927773796108
false,0.9,1.0,True,13,0.9991446397620749,0.03999141387961072,0.0499141387961073,2.872422003581193,0,0.10690696073825882,-6.299927773796108
false,0.9,0.0,False,14,0.0011629231896391585,1.656988667063393,1.306988667063393,0.0034997622416537842,0,0.2598860940334494,-6.137133304416205
false,0.9,0.0,True,14,6.166799779260332e-06,2.312072355738005,1.962072355738005,1.855869176191331e-05,0,0.2598860940334494,-6.137133304416205
false,0.9,1.0,False,14,0.9943737139355674,0.16569886670633927,1.306988667063393,2.9925205801464543,0,0.2598860940334494,-6.137133304416205
false,0.9,1.0,True,14,0.9905345516819044,0.23120723557380043,1.962072355738005,2.980966803237834,0,0.2598860940334494,-6.137133304416205
false,0.9,0.0,False,15,0.022682517356745764,1.3532057425119843,1.0032057425119845,0.052395857223864785,0,0.16246869954628673,-2.729386494613232
false,0.9,0.0,True,15,3.7006846172097635e-06,2.446177234315017,2.096177234315017,8.548457818162302e-06,0,0.16246869954628673,-2.729386494613232
false,0.9,1.0,False,15,0.9974772109764095,0.1353205742511984,1.0032057425119845,2.304139029561268,0,0.16246869954628673,-2.729386494613232
false,0.9,1.0,True,15,0.9939731581230024,0.24461772343150168,2.096177234315017,2.2960447845476124,0,0.16246869954628673,-2.729386494613232
false,0.9,0.0,False,16,0.006177681158490805,1.5654125026015109,1.2154125026015108,0.017288801101525784,0,0.09657540512802812,-2.5883068201365975
false,0.9,0.0,True,16,3.019879376104099e-06,2.519121902122305,2.169121902122305,8.451406368278541e-06,0,0.09657540512802812,-2.5883068201365975
false,0.9,1.0,False,16,0.997955090141149,0.15654125026015106,1.2154125026015108,2.7928678445943858,0,0.09657540512802812,-2.5883068201365975
false,0.9,1.0,True,16,0.9956246640861427,0.25191219021223044,2.169121902122305,2.7863459358857368,0,0.09657540512802812,-2.5883068201365975
false,0.9,0.0,False,17,0.001077030344467671,1.673105886205815,1.323105886205815,0.003281241755921979,0,0.25085395124714693,-2.319717763846611
false,0.9,0.0,True,17,1.6567142433910184e-06,2.482881203258659,2.132881203258659,5.047285790013758e-06,0,0.25085395124714693,-2.319717763846611
false,0.9,1.0,False,17,0.9945889817957185,0.16731058862058146,1.323105886205815,3.030078877360726,0,0.25085395124714693,-2.319717763846611
false,0.9,1.0,True,17,0.9897082951462748,0.24828812032586586,2.132881203258659,3.0152095536559784,0,0.25085395124714693,-2.319717763846611
false,0.9,0.0,False,18,0.0004154202137026731,1.943706931555476,1.593706931555476,0.0015244450520872483,0,0.04092150822410884,-7.671656073760845
false,0.9,0.0,True,18,1.4452083768765623e-06,2.65138832102671,2.30138832102671,5.303402883860059e-06,0,0.04092150822410884,-7.671656073760845
false,0.9,1.0,False,18,0.9979925597674664,0.19437069315554756,1.593706931555476,3.6622792285362786,0,0.04092150822410884,-7.671656073760845
false,0.9,1.0,True,18,0.9964693638042728,0.2651388321026709,2.30138832102671,3.6566896388320287,0,0.04092150822410884,-7.671656073760845
false,0.9,0.0,False,19,0.014422425004140082,1.3415692898011717,0.9915692898011719,0.032928886537756316,0,0.2585247041077954,-2.6409605319689886
false,0.9,0.0,True,19,2.1860712646049895e-06,2.442689143494188,2.092689143494188,4.9911781558901006e-06,0,0.2585247041077954,-2.6409605319689886
false,0.9,1.0,False,19,0.995657077257374,0.13415692898011713,0.9915692898011719,2.2732570228731075,0,0.2585247041077954,-2.6409605319689886
false,0.9,1.0,True,19,0.9895841843338989,0.24426891434941878,2.092689143494188,2.2593915597505294,0,0.2585247041077954,-2.6409605319689886
false,0.9,0.0,False,20,0.003053481838889165,1.7235458615077555,1.3735458615077556,0.009657266020546923,0,8.267108861076145e-06,-18.031819309536832
false,0.9,0.0,True,20,0.9873462719365892,0.45536042024864026,0.10536042024864029,3.1226862007326344,0,8.267108861076145e-06,-18.031819309536832
false,0.9,1.0,False,20,0.9986698275201654,0.1723545861507755,1.3735458615077556,3.1584992804687912,0,8.267108861076145e-06,-18.031819309536832
false,0.9,1.0,True,20,0.9995173152251509,0.04553604202486402,0.10536042024864029,3.1611796351091725,0,8.267108861076145e-06,-18.031819309536832
false,0.9,0.0,False,21,0.0005246931486721718,1.7777513494812642,1.4277513494812641,0.0017249386816919115,0,0.23049939186187401,-2.27541127550999
false,0.9,0.0,True,21,0.969642184508678,0.40074569458284526,0.05074569458284525,3.1877170793863137,0,0.23049939186187401,-2.27541127550999
false,0.9,1.0,False,21,0.9947675923170725,0.17777513494812638,1.4277513494812641,3.2703173342813177,0,0.23049939186187401,-2.27541127550999
false,0.9,1.0,True,21,0.9982549789692925,0.04007456945828452,0.05074569458284525,3.281782184069529,0,0.23049939186187401,-2.27541127550999
false,0.9,0.0,False,22,0.015642793718536975,1.4478189319886332,1.0978189319886333,0.039542190400725374,1,0.09694131958893781,1.1724900662652238
false,0.9,0.0,True,22,3.006839441520347e-06,2.519398874916477,2.1693988749164768,7.600753410186145e-06,1,0.09694131958893781,1.1724900662652238
false,0.9,1.0,False,22,0.9981344234455901,0.14478189319886328,1.0978189319886333,2.523105663065353,1,0.09694131958893781,1.1724900662652238
false,0.9,1.0,True,22,0.9956144884987739,0.25193988749164764,2.1693988749164768,2.516735717309029,1,0.09694131958893781,1.1724900662652238
false,0.9,0.0,False,23,0.0015731307794374367,1.7927210751886826,1.4427210751886825,0.005225921636342567,0,0.01929453975192747,-6.217535690405613
false,0.9,0.0,True,23,1.7737011559431806e-06,2.6413869781317607,2.2913869781317606,5.892214028489121e-06,0,0.01929453975192747,-6.217535690405613
false,0.9,1.0,False,23,0.998429012404199,0.1792721075188682,1.4427210751886825,3.3167692390718697,0,0.01929453975192747,-6.217535690405613
false,0.9,1.0,True,23,0.9969070921259494,0.264138697813176,2.2913869781317606,3.311713438108051,0,0.01929453975192747,-6.217535690405613
false,0.9,0.0,False,24,0.01963823293437403,1.4471517738595177,1.0971517738595178,0.04961177955794226,0,0.05774420913722867,-14.462681445896434
false,0.9,0.0,True,24,1.299054034706893e-06,2.652580473534971,2.302580473534971,3.281781136780682e-06,0,0.05774420913722867,-14.462681445896434
false,0.9,1.0,False,24,0.9985123212069347,0.14471517738595174,1.0971517738595178,2.5225270181462336,0,0.05774420913722867,-14.462681445896434
false,0.9,1.0,True,24,0.9961071235912247,0.26525804735349706,2.302580473534971,2.516450802719792,0,0.05774420913722867,-14.462681445896434
false,0.9,0.0,False,25,0.0007002033849496426,1.6933852697569618,1.343385269756962,0.0021659103497079692,0,0.29742202264713336,-2.2245075480937935
false,0.9,0.0,True,25,0.9686824753748299,0.3564854811433582,0.0064854811433582155,2.9963856846335717,0,0.29742202264713336,-2.2245075480937935
false,0.9,1.0,False,25,0.9928177519087624,0.16933852697569615,1.343385269756962,3.071042343486582,0,0.29742202264713336,-2.2245075480937935
false,0.9,1.0,True,25,0.9975235619368875,0.035648548114335814,0.0064854811433582155,3.0855986322203313,0,0.29742202264713336,-2.2245075480937935
false,0.9,0.0,False,26,0.0026446197447022855,1.7357883441218087,1.3857883441218086,0.008438705462666344,1,0.008018519265912412,1.3928584464281613
false,0.9,0.0,True,26,1.8105516865739467e-06,2.646950504680264,2.296950504680264,5.777281379879929e-06,1,0.008018519265912412,1.3928584464281613
false,0.9,1.0,False,26,0.99859329320101,0.17357883441218083,1.3857883441218086,3.1864069287079966,1,0.008018519265912412,1.3928584464281613
false,0.9,1.0,True,26,0.9970884865424499,0.2646950504680264,2.296950504680264,3.181605247787598,1,0.008018519265912412,1.3928584464281613
false,0.9,0.0,False,27,0.013145826877599794,1.3543348826421178,1.004334882642118,0.030400599235080754,1,0.2571123517418642,1.2009292613665623
false,0.9,0.0,True,27,1.9148293676133283e-06,2.4602676585384016,2.1102676585384015,4.428170304567744e-06,1,0.2571123517418642,1.2009292613665623
false,0.9,1.0,False,27,0.9956481514930203,0.13543348826421175,1.004334882642118,2.3025025899485114,1,0.2571123517418642,1.2009292613665623
false,0.9,1.0,True,27,0.9895230661786881,0.2460267658538401,2.1102676585384015,2.2883379226624254,1,0.2571123517418642,1.2009292613665623
false,0.9,0.0,False,28,0.0006601146377179897,1.9122317579613717,1.5622317579613716,0.0023745455996098566,0,0.004259848325123636,-6.796451559925775
false,0.9,0.0,True,28,0.9872016045647306,0.45373285996431995,0.10373285996431995,3.551133533639996,0,0.004259848325123636,-6.796451559925775
false,0.9,1.0,False,28,0.9984150748992865,0.19122317579613712,1.5622317579613716,3.591470310190391,0,0.004259848325123636,-6.796451559925775
false,0.9,1.0,True,28,0.9995059753832308,0.045373285996431985,0.10373285996431995,3.595394466383499,0,0.004259848325123636,-6.796451559925775
false,0.9,0.0,False,29,0.013235283986825382,1.5311209781890267,1.1811209781890266,0.035995096001729114,0,0.010843856126300089,-16.655842749895882
false,0.9,0.0,True,29,1.9043623639443635e-06,2.638597988538896,2.288597988538896,5.1791639817090945e-06,0,0.010843856126300089,-16.655842749895882
false,0.9,1.0,False,29,0.99878588584593,0.15311209781890264,1.1811209781890266,2.7163296142329028,0,0.010843856126300089,-16.655842749895882
false,0.9,1.0,True,29,0.9970604183686695,0.26385979885388955,2.288597988538896,2.7116369784304766,0,0.010843856126300089,-16.655842749895882
false,0.9,0.0,False,30,0.0011255990234716542,1.848396691052086,1.498396691052086,0.0038835258620603663,0,0.0001975743819974661,-13.826112876459668
false,0.9,0.0,True,30,0.9873331941361316,0.4553546420936949,0.10535464209369493,3.4064830494186147,0,0.0001975743819974661,-13.826112876459668
false,0.9,1.0,False,30,0.9985287087516102,0.18483966910520855,1.498396691052086,3.4451096559113843,0,0.0001975743819974661,-13.826112876459668
false,0.9,1.0,True,30,0.9995167901152336,0.045535464209369485,0.10535464209369493,3.4485187202846075,0,0.0001975743819974661,-13.826112876459668
false,0.9,0.0,False,31,0.0030898920013905738,1.5652479168157196,1.2152479168157198,0.008646172066058973,0,0.2173954117179105,-2.448715514633199
false,0.9,0.0,True,31,1.4186978860318036e-06,2.526403567551883,2.176403567551883,3.969817076734324e-06,0,0.2173954117179105,-2.448715514633199
false,0.9,1.0,False,31,0.9959024518773967,0.15652479168157193,1.2152479168157198,2.7867459303000923,0,0.2173954117179105,-2.448715514633199
false,0.9,1.0,True,31,0.9912014949866594,0.25264035675518826,2.176403567551883,2.773591657550705,0,0.2173954117179105,-2.448715514633199
false,0.9,0.0,False,32,0.005793078416034357,1.638777087231523,1.2887770872315232,0.01719106974235922,0,0.006076271905693134,-14.174587560510794
false,0.9,0.0,True,32,1.7516639494691907e-06,2.652484726558047,2.302484726558047,5.19809589270415e-06,0,0.006076271905693134,-14.174587560510794
false,0.9,1.0,False,32,0.998712691454068,0.16387770872315227,1.2887770872315232,2.9636987967994983,0,0.006076271905693134,-14.174587560510794
false,0.9,1.0,True,32,0.9971081055524289,0.26524847265580465,2.302484726558047,2.9589371577948658,0,0.006076271905693134,-14.174587560510794
false,0.9,0.0,False,33,0.001763244726473117,1.7882223962180035,1.4382223962180034,0.005839213163642862,0,0.005728099308355451,-10.582736230012397
false,0.9,0.0,True,33,0.9873179253193565,0.4515177314696165,0.10151773146961653,3.2696311179429713,0,0.005728099308355451,-10.582736230012397
false,0.9,1.0,False,33,0.9985523521004998,0.1788222396218003,1.4382223962180034,3.3068353765246195,0,0.005728099308355451,-10.582736230012397
false,0.9,1.0,True,33,0.9995026555338722,0.045151773146961637,0.10151773146961653,3.3099824293609568,0,0.005728099308355451,-10.582736230012397
false,0.9,0.0,False,34,0.0024337001986073576,1.751979812479497,1.4019798124794969,0.007856416994114495,1,1.1661856908231564e-05,1.4019905015192191
false,0.9,0.0,True,34,1.8127883621042134e-06,2.6525719069670224,2.3025719069670223,5.852003177268208e-06,1,1.1661856908231564e-05,1.4019905015192191
false,0.9,1.0,False,34,0.9986392381340683,0.17519798124794966,1.4019798124794969,3.2237850356242013,1,1.1661856908231564e-05,1.4019905015192191
false,0.9,1.0,True,34,0.9972070921665642,0.26525719069670217,2.3025719069670223,3.219161813781351,1,1.1661856908231564e-05,1.4019905015192191
false,0.9,0.0,False,35,0.0007209688312290501,1.903188127232872,1.553188127232872,0.0025784353138969423,1,0.0015055858252087868,1.554520316501296
false,0.9,0.0,True,35,0.9872380617400899,0.4553584443947368,0.10535844439473685,3.530706698199979,1,0.0015055858252087868,1.554520316501296
false,0.9,1.0,False,35,0.9984512560600327,0.19031881272328716,1.553188127232872,3.570808981355329,1,0.0015055858252087868,1.554520316501296
false,0.9,1.0,True,35,0.9995131292297863,0.04553584443947367,0.10535844439473685,3.574606609159994,1,0.0015055858252087868,1.554520316501296
false,0.9,0.0,False,36,0.005076697163645794,1.5971367006177721,1.247136700617772,0.014578438397279141,1,0.08680128976792766,1.3126583020806657
false,0.9,0.0,True,36,0.9859124359721431,0.4063517149844028,0.05635171498440282,2.8311839862847736,1,0.08680128976792766,1.3126583020806657
false,0.9,1.0,False,36,0.9980174353821096,0.15971367006177717,1.247136700617772,2.865945167129086,1,0.08680128976792766,1.3126583020806657
false,0.9,1.0,True,36,0.9992343408179595,0.04063517149844027,0.05635171498440282,2.8694396794783534,1,0.08680128976792766,1.3126583020806657
false,0.9,0.0,False,37,0.0011108861229622727,1.7429694295979044,1.3929694295979045,0.003563090192326476,0,0.1486333404591076,-6.164925917078386
false,0.9,0.0,True,37,4.204775194301603e-06,2.4401943987427,2.0901943987427,1.3486524807603978e-05,0,0.1486333404591076,-6.164925917078386
false,0.9,1.0,False,37,0.9968206501040455,0.1742969429597904,1.3929694295979045,3.1972330993055795,0,0.1486333404591076,-6.164925917078386
false,0.9,1.0,True,37,0.9944594973781747,0.24401943987426997,2.0901943987427,3.1896598656984287,0,0.1486333404591076,-6.164925917078386
false,0.9,0.0,False,38,0.000787422358891218,1.8055899087217,1.4555899087217001,0.002639140231487505,1,0.12151542110811334,1.5541992011558867
false,0.9,0.0,True,38,0.9842567774559062,0.39541054507413215,0.04541054507413219,3.298854331690347,1,0.12151542110811334,1.5541992011558867
false,0.9,1.0,False,38,0.9971406265757078,0.18055899087216995,1.4555899087217001,3.3420360932501314,1,0.12151542110811334,1.5541992011558867
false,0.9,1.0,True,38,0.9990728177359319,0.03954105450741321,0.04541054507413219,3.3485120630626377,1,0.12151542110811334,1.5541992011558867
false,0.9,0.0,False,39,0.0037539708199284642,1.6945854441916932,1.3445854441916931,0.011622377747642238,0,0.004244924434675802,-10.14370309964363
false,0.9,0.0,True,39,1.772655548818189e-06,2.652316690908992,2.302316690908992,5.488181286718596e-06,0,0.004244924434675802,-10.14370309964363
false,0.9,1.0,False,39,0.9986681254343388,0.16945854441916927,1.3445854441916931,3.091898886563223,0,0.004244924434675802,-10.14370309964363
false,0.9,1.0,True,39,0.9971388035972958,0.2652316690908992,2.302316690908992,3.0871640718988482,0,0.004244924434675802,-10.14370309964363
