d,expertise,seed_rep,observer,psi,kl_posterior_prior,goal_accuracy,final_entropy,n_ghost_in_corpus,kl,regret,regret_norm,argmax_preserved,sycophancy,entropy_recovered
0.0,1.0,0,0,3.158053536459888,1.371525224439579,1.0,1.65656080317296e-05,0,0.0038010060379293775,0.9294618761152562,0.0309820625371752,1,0.675,1.309183724597329
0.0,1.0,0,1,3.0506702416576346,1.3248892520583702,1.0,1.458878696192667e-06,0,0.0038014185141620263,0.9294219033267326,0.030980730110891083,1,0.69,1.3091848710989544
0.0,1.0,0,2,3.394556252238274,1.4742370488572651,1.0,4.1864291820493935e-05,0,0.0038006508855869398,0.9293468085201928,0.03097822695067309,1,0.76,1.3091820178421392
0.0,1.0,0,3,3.0951394256335782,1.344201973273863,1.0,1.6666079918558715e-05,0,0.003801912451745451,0.9294491781745573,0.030981639272485238,1,0.7,1.3091868189930311
0.0,1.0,0,4,3.0888540502998665,1.3414722694497414,1.0,2.5883815409833404e-05,0,0.003801393901835381,0.9295383805425328,0.030984612684751087,1,0.655,1.309185751755832
0.0,1.0,0,5,3.387224338914768,1.4710528393590738,1.0,0.0003431137851341879,0,0.003820580343922124,0.9306801382208796,0.031022671274029315,1,0.64,1.3092638316992384
0.0,1.0,0,6,3.2141802810889066,1.3959007599191549,1.0,1.5059936623364163e-05,0,0.0038013536179104454,0.9294490780124287,0.030981635933747618,1,0.67,1.3091843160495944
0.0,1.0,0,7,3.2542356067198943,1.4132965668115307,1.0,0.0003573766733845537,0,0.0038021971470021156,0.9267157853111607,0.030890526177038687,1,0.715,1.3091631054922794
0.0,1.0,0,8,3.320391489366029,1.442027701590186,1.0,3.2469508646050593e-07,0,0.003801431751228778,0.9294228635677748,0.030980762118925823,1,0.655,1.3091848910024813
0.0,1.0,0,9,3.1234824491413913,1.3565111919837605,1.0,2.1174863942578144e-06,0,0.0038014584106955997,0.9294251456709923,0.030980838189033074,1,0.69,1.3091850055500167
0.0,1.0,0,10,3.119054291430562,1.3545880675249502,1.0,3.321931807358605e-05,0,0.003802249175437842,0.929444861961648,0.030981495398721595,1,0.735,1.3091879873908376
0.0,1.0,0,11,3.1700722028065487,1.3767448649137703,1.0,2.4531078947584516e-05,0,0.003802278123172253,0.9293592911951087,0.030978643039836953,1,0.685,1.309187342445392
0.0,1.0,0,12,3.2774282407834208,1.4233689998061216,1.0,1.51273626178352e-06,0,0.0038014351659714056,0.9294215524428884,0.03098071841476294,1,0.73,1.3091848782977653
0.0,1.0,0,13,3.1111043478685496,1.3511354509045257,1.0,9.854597204912466e-06,0,0.00380148450180727,0.9294366991625502,0.030981223305418335,1,0.725,1.3091854564145762
0.0,1.0,0,14,3.167556909047268,1.3756524867137492,1.0,2.5901176429623283e-05,0,0.003802234394496125,0.929474788988105,0.03098249296627016,1,0.75,1.3091882430757578
0.0,1.0,0,15,3.222934358437279,1.3997026074057075,1.0,5.605792333538002e-07,0,0.0038014399547492833,0.9294220169544176,0.03098073389848058,1,0.71,1.3091849001477378
0.0,1.0,0,16,3.1448950434271543,1.3658105635253002,1.0,3.893436188657549e-05,0,0.0038005654986440415,0.9293954737200516,0.030979849124001715,1,0.685,1.3091809853773602
0.0,1.0,0,17,3.298045829294056,1.4323231047264426,1.0,1.4170368789431942e-05,0,0.0038014866037974944,0.9294560676734731,0.0309818689224491,1,0.675,1.3091859453218402
0.0,1.0,0,18,3.2333995571084233,1.4042475854406065,1.0,2.0508002167488303e-07,0,0.0038014317888634686,0.9294220895331606,0.030980736317772015,1,0.74,1.309184885484095
0.0,1.0,0,19,3.213665582151226,1.3956772290106785,1.0,1.374252939563816e-05,0,0.003800986336897967,0.9294550051661132,0.030981833505537102,1,0.725,1.3091835939832361
0.0,1.0,1,0,3.083258457398086,1.339042134329521,1.0,8.034539080345533e-08,0,0.0029606839441564635,0.2620319265242643,0.00873439755080881,1,0.45,1.263642098923518
0.0,1.0,1,1,3.256916513669922,1.4144608699064238,1.0,1.3329469722912187e-06,0,0.0029606795483817037,0.2620320248311936,0.008734400827706452,1,0.455,1.2636420551024554
0.0,1.0,1,2,3.2872854488858763,1.4276499308919903,1.0,6.254869913984028e-07,0,0.0029606851740106655,0.26203197464138017,0.008734399154712672,1,0.345,1.2636420777879254
0.0,1.0,1,3,3.212829631092646,1.3953141800787958,1.0,9.631928652308135e-06,0,0.002960777090334529,0.2620284741928436,0.008734282473094785,1,0.415,1.2636407251359036
0.0,1.0,1,4,3.3003341723633715,1.433316919494148,1.0,3.825662072542691e-05,0,0.0029605997488167707,0.2620409373530863,0.008734697911769543,1,0.45,1.2636378200375622
0.0,1.0,1,5,3.418167390619633,1.4844912359677433,1.0,1.75290832093062e-06,0,0.0029606671265389726,0.26203276283704446,0.00873442542790148,1,0.445,1.2636422203663324
0.0,1.0,1,6,3.1312587269507253,1.3598883865261011,1.0,1.4507175901981054e-05,0,0.0029608618890897697,0.2620236242935059,0.008734120809783528,1,0.39,1.2636425416459187
0.0,1.0,1,7,3.21797405669114,1.3975483757287839,1.0,1.0389050680430643e-06,0,0.0029606933578669005,0.2620313016895637,0.008734376722985455,1,0.475,1.2636420865902693
0.0,1.0,1,8,3.0993589156079784,1.3460344744861914,1.0,1.3397760054488175e-06,0,0.0029606924919564877,0.2620313405902297,0.008734378019674322,1,0.415,1.263642121868827
0.0,1.0,1,9,3.3035448891001007,1.4347113160558633,1.0,3.0000800842384812e-05,0,0.0029611482938603838,0.2620063654832361,0.008733545516107869,1,0.42,1.2636418429459504
0.0,1.0,1,10,3.302369936515167,1.4342010406317287,1.0,1.5281299626981383e-05,0,0.0029603827342302783,0.26204988899584114,0.00873499629986137,1,0.45,1.2636428756464215
0.0,1.0,1,11,3.232772531353415,1.403975271615195,1.0,1.3070788643524764e-06,0,0.002960681222155173,0.262032186750738,0.0087344062250246,1,0.43,1.2636420071170613
0.0,1.0,1,12,3.3377437160920214,1.4495636779060188,1.0,5.98129357049293e-08,0,0.0029606838749279135,0.2620319343218491,0.008734397810728304,1,0.435,1.2636420984614412
0.0,1.0,1,13,3.1928196410339886,1.3866239518133825,1.0,1.4670695032038727e-06,0,0.0029606709580768495,0.2620325687575864,0.008734418958586213,1,0.425,1.2636420915116942
0.0,1.0,1,14,3.2328223460957104,1.4039969058828914,1.0,1.1694906845883428e-06,0,0.0029606877995573782,0.26203188883960893,0.00873439629465363,1,0.49,1.2636420702730942
0.0,1.0,1,15,3.328108694881533,1.445379241361283,1.0,9.616245092380306e-06,0,0.002960843791109029,0.26202248979747544,0.00873408299324918,1,0.43,1.2636416118655853
0.0,1.0,1,16,3.2197949480282224,1.3983391787886243,1.0,1.1703316041658132e-06,0,0.0029606991028191688,0.2620310179921481,0.008734367266404936,1,0.4,1.263642065358075
0.0,1.0,1,17,3.4184354245156054,1.4846076416097276,1.0,0.00020722133421769592,0,0.002957663213820256,0.26227031834402115,0.008742343944800704,1,0.45,1.2636712547865359
0.0,1.0,1,18,3.4469270597655903,1.4969814015791958,1.0,5.2026591024853e-07,0,0.0029606852065989504,0.2620319775970825,0.008734399253236083,1,0.415,1.2636420726942197
0.0,1.0,1,19,3.373222987488064,1.4649721296952678,1.0,1.4124513674840496e-06,0,0.002960687031334638,0.2620317842264852,0.008734392807549505,1,0.43,1.263642111430413
0.0,1.0,2,0,3.349706099510674,1.4547588750151506,1.0,1.4030924996212546e-06,0,0.0003827515884544915,1.1105496041000196,0.03701832013666732,1,0.41,1.2790788411886727
0.0,1.0,2,1,3.2422827464862563,1.408105505569101,1.0,1.626191251341265e-05,0,0.0003826659237126202,1.1105213459002006,0.03701737819667335,1,0.415,1.279078176408119
0.0,1.0,2,2,3.1923004222824365,1.3863984579746826,1.0,1.502056405288914e-06,0,0.0003827559347843127,1.110555343725006,0.037018511457500194,1,0.425,1.279078958828808
0.0,1.0,2,3,3.1611958151973747,1.3728898987558715,1.0,2.2766609088294014e-05,0,0.0003828915682063021,1.1106050062484163,0.037020166874947205,1,0.385,1.2790792055705997
0.0,1.0,2,4,3.27960733819909,1.4243153697892763,1.0,6.713510907100817e-08,0,0.0003827538780933376,1.1105540503907607,0.037018468346358684,1,0.45,1.27907886199322
0.0,1.0,2,5,3.2311531154016127,1.4032719682034211,1.0,0.00035799397629323156,0,0.00038419916068420726,1.1137165725242648,0.03712388575080882,1,0.425,1.2790968047858888
0.0,1.0,2,6,3.13993747547285,1.3636575191190856,1.0,9.191393256487918e-07,0,0.000382752488416219,1.1105552495057236,0.03701850831685745,1,0.41,1.2790789188339626
0.0,1.0,2,7,3.199766886856683,1.3896411023386042,1.0,1.2470379333728022e-06,0,0.0003827563675868214,1.1105576408767248,0.037018588029224156,1,0.415,1.279078927643653
0.0,1.0,2,8,3.1978135403353245,1.388792774723133,1.0,1.4058867143923268e-05,0,0.0003827363902295972,1.110593206703514,0.0370197735567838,1,0.36,1.2790771338832427
0.0,1.0,2,9,3.2389293849959913,1.4066491591780519,1.0,1.5732443522304754e-05,0,0.00038277523198198887,1.110512706967498,0.03701709023224993,1,0.495,1.2790805161324186
0.0,1.0,2,10,3.141097280621931,1.3641612160954146,1.0,1.3171712839868091e-07,0,0.00038275378121561433,1.1105540363226418,0.03701846787742139,1,0.46,1.2790788678917298
0.0,1.0,2,11,3.2956157268197637,1.4312677246313978,1.0,8.121063445646026e-06,0,0.0003827638531673544,1.1105345299506852,0.03701781766502284,1,0.45,1.279079802096703
0.0,1.0,2,12,3.107982812723626,1.3497797854160183,1.0,5.438572141391161e-07,0,0.0003827545203307363,1.1105555716012572,0.037018519053375235,1,0.43,1.2790788749023954
0.0,1.0,2,13,3.292918759590058,1.4300964466456627,1.0,4.1220774002648864e-07,0,0.00038275410905906377,1.1105548509869778,0.03701849503289926,1,0.515,1.2790788679197398
0.0,1.0,2,14,3.0689566809368776,1.3328309517310046,1.0,2.451143037340923e-06,0,0.00038275180603762095,1.1105580513277813,0.03701860171092604,1,0.435,1.2790790221191135
0.0,1.0,2,15,3.11075644442338,1.3509843583580534,1.0,1.3420752056988384e-06,0,0.00038275519539691764,1.1105569688261208,0.03701856562753735,1,0.41,1.2790788807318507
0.0,1.0,2,16,3.5717209702942165,1.5511787082969066,1.0,2.2663391332055027e-06,0,0.0003827552869800073,1.1105540518476675,0.037018468394922247,1,0.375,1.279078805336073
0.0,1.0,2,17,3.3275616589076344,1.4451416666564159,1.0,4.651442182312058e-05,0,0.0003826315149054278,1.1106134674112034,0.037020448913706774,1,0.505,1.2790830904829824
0.0,1.0,2,18,3.290119301946066,1.428880657638555,1.0,1.7540421271043444e-06,0,0.0003827571918323474,1.1105590599588433,0.03701863533196144,1,0.4,1.2790789307303116
0.0,1.0,2,19,3.438898880222793,1.4934948075040306,1.0,0.0023119078895111013,0,0.00027263573403003404,1.073271609992299,0.035775720333076626,1,0.445,1.2798635118818953
0.0,1.0,3,0,3.349291211217335,1.4545786913187473,1.0,8.474755026215617e-07,0,0.0024400272341105183,1.5193054093358638,0.050643513644528786,1,0.65,1.2687385856611408
0.0,1.0,3,1,3.1231309750360077,1.3563585487192604,1.0,9.818586097189099e-07,0,0.0024400229583960865,1.5193015746711613,0.05064338582237204,1,0.68,1.268738572353388
0.0,1.0,3,2,3.285008370964201,1.4266610085157427,1.0,2.544464352949275e-06,0,0.00244003409375999,1.5193023516454462,0.05064341172151487,1,0.74,1.2687385634131378
0.0,1.0,3,3,3.170703207600096,1.3770189068136622,1.0,2.6701258313695914e-05,0,0.002439562589468652,1.519392656857771,0.050646421895259024,1,0.75,1.2687432898146884
0.0,1.0,3,4,3.318458407981845,1.4411881750119653,1.0,7.191801265081262e-07,0,0.0024400305380173105,1.519302365250147,0.05064341217500489,1,0.7,1.268738537366259
0.0,1.0,3,5,3.2746468803473916,1.4221610703165701,1.0,1.4517423868832182e-06,0,0.002440021334831847,1.5193025731164989,0.050643419103883286,1,0.735,1.2687385648269702
0.0,1.0,3,6,3.322932868457814,1.4431314085061726,1.0,9.408089957919288e-06,0,0.002440123720401111,1.519332696840836,0.05064442322802786,1,0.68,1.2687390157775147
0.0,1.0,3,7,3.401628527059038,1.4773084987864264,1.0,1.2805849439738204e-06,0,0.002440026526658574,1.5192997093643357,0.05064332364547785,1,0.65,1.2687386099962237
0.0,1.0,3,8,3.209650877494494,1.3939336649317886,1.0,9.801595714304729e-07,0,0.0024400333380969925,1.519299748552333,0.05064332495174442,1,0.665,1.2687384735917016
0.0,1.0,3,9,3.172077365815635,1.3776156961439328,1.0,1.1596224474451274e-07,0,0.002440023895819295,1.5193017363531847,0.05064339121177282,1,0.705,1.2687385685527768
0.0,1.0,3,10,3.249724414671002,1.411337380997891,1.0,2.2596325406740835e-06,0,0.002440052054879776,1.5193034452383625,0.050643448174612075,1,0.685,1.2687385007475387
0.0,1.0,3,11,3.1969679290023154,1.3884255303873723,1.0,6.451113507847287e-07,0,0.002440014080313451,1.5193016362127498,0.05064338787375832,1,0.66,1.2687386048098785
0.0,1.0,3,12,3.239074660478181,1.4067122515183228,1.0,1.2849093920535051e-06,0,0.0024400226756467885,1.519302686181584,0.05064342287271946,1,0.71,1.268738654568269
0.0,1.0,3,13,3.1489069402246614,1.3675529081664235,1.0,5.277571225836028e-05,0,0.002439620063936117,1.519340816604986,0.05064469388683286,1,0.725,1.2687438578186192
0.0,1.0,3,14,3.142932724532012,1.3649583392574056,1.0,5.786509142856272e-05,0,0.0024400327572382217,1.5192562590867098,0.05064187530289032,1,0.695,1.2687370162934708
0.0,1.0,3,15,3.1265159704251504,1.3578286335380332,1.0,0.00034437464892698164,0,0.002444167930905624,1.5233188387024532,0.0507772946234151,1,0.745,1.2687548903102348
0.0,1.0,3,16,3.2475489872996213,1.410392604894719,1.0,9.085923856711567e-07,0,0.0024400264324188677,1.5193000162212977,0.05064333387404325,1,0.7,1.2687385936710442
0.0,1.0,3,17,3.028984328717853,1.3154711797335887,1.0,8.023828442324219e-07,0,0.0024400273513575637,1.5193021732852974,0.05064340577617657,1,0.69,1.2687385468229364
0.0,1.0,3,18,3.165276840596272,1.3746622655671197,1.0,5.7462035472163563e-05,0,0.00243969453600334,1.5194552692931074,0.050648508976436905,1,0.76,1.2687461061352314
0.0,1.0,3,19,3.092059495688883,1.3428643766942336,1.0,2.5125625093463046e-05,0,0.002439874699300454,1.5193738867361029,0.05064579622453676,1,0.725,1.2687375524927955
0.0,1.0,4,0,3.161876595926361,1.3731855580698562,1.0,8.69923976775225e-07,0,0.0005995698767254573,1.6443177649089313,0.05481059216363104,1,0.745,1.2890629970279308
0.0,1.0,4,1,3.261575034520622,1.4164840398057141,1.0,7.615901751445565e-07,0,0.0005995663749450088,1.6443156783546797,0.05481052261182265,1,0.685,1.289062965973624
0.0,1.0,4,2,3.3020979678217106,1.4340829261289105,1.0,6.314846090404914e-08,0,0.0005995660495573072,1.6443156961392424,0.05481052320464141,1,0.7,1.2890629546094106
0.0,1.0,4,3,3.0595400909123582,1.3287413786450104,1.0,9.44937882533691e-06,0,0.0005995780496222372,1.6443110426122287,0.054810368087074283,1,0.73,1.2890635277223148
0.0,1.0,4,4,3.2640479478288476,1.4175580124097014,1.0,1.204799337878124e-07,0,0.0005995661200309328,1.6443157417700804,0.054810524725669336,1,0.635,1.2890629552401751
0.0,1.0,4,5,3.402595066244955,1.4777282614214133,1.0,1.2026002589956968e-06,0,0.0005995652821364833,1.6443131021652069,0.05481043673884022,1,0.655,1.2890630186686807
0.0,1.0,4,6,3.3205146894636655,1.44208120671276,1.0,1.1231745064305523e-06,0,0.000599563485393262,1.6443126007408104,0.05481042002469367,1,0.695,1.2890629758683538
0.0,1.0,4,7,3.218133554417253,1.397617644711111,1.0,8.699654216627396e-07,0,0.000599570063067466,1.6443179276202091,0.0548105975873403,1,0.71,1.2890629974946455
0.0,1.0,4,8,3.3776191440156396,1.4668813562167768,1.0,2.2147932251364528e-05,0,0.0005996284359636979,1.6442878063530841,0.05480959354510279,1,0.635,1.2890657606240052
0.0,1.0,4,9,3.4428864459556077,1.4952265852980187,1.0,0.000344704643320585,0,0.0005995910742001877,1.6466626583524824,0.05488875527841607,1,0.7,1.2889848800609276
0.0,1.0,4,10,3.1881590458895115,1.3845998810597508,1.0,1.36835620469796e-06,0,0.0005995628596423752,1.6443137753568315,0.05481045917856104,1,0.77,1.2890629201678345
0.0,1.0,4,11,3.10060402186436,1.346575217262721,1.0,9.381329041815274e-08,0,0.0005995660070593888,1.644315699559673,0.05481052331865576,1,0.655,1.2890629532874573
0.0,1.0,4,12,3.127851025826756,1.3584084407319854,1.0,8.38009714317892e-06,0,0.0005995063133284249,1.6442659833173723,0.054808866110579064,1,0.69,1.2890628017340644
0.0,1.0,4,13,3.3116622189057945,1.4382366275982652,1.0,5.635389996077262e-07,0,0.0005995686060499463,1.644317702081144,0.05481059006937145,1,0.705,1.2890629650856573
0.0,1.0,4,14,3.2312521545255564,1.4033149803484426,1.0,2.448012958585126e-06,0,0.0005995740212047184,1.6443206192089277,0.05481068730696425,1,0.68,1.2890630291317584
0.0,1.0,4,15,3.181908295902367,1.3818852148325773,1.0,0.0003451808203906929,0,0.0005984459210395042,1.6445823164985829,0.054819410549952756,1,0.715,1.2890147819193694
0.0,1.0,4,16,3.157238337473829,1.3711711880182804,1.0,0.00032285476684027,0,0.0005946579773573272,1.6402678118887293,0.0546755937296243,1,0.715,1.2890491296193725
0.0,1.0,4,17,3.2406900215331604,1.4074137939107816,1.0,2.794926892899778e-06,0,0.0005995621446349187,1.6443141569241482,0.0548104718974716,1,0.69,1.2890628921416911
0.0,1.0,4,18,3.152605651414698,1.36915923802641,1.0,1.4212698928422717e-05,0,0.0005996844153562907,1.6443614459955513,0.0548120481998517,1,0.695,1.28906499998378
0.0,1.0,4,19,3.1473915117882245,1.3668947659587594,1.0,1.0993848875961254e-06,0,0.0005995694234259413,1.6443178785106871,0.05481059595035623,1,0.74,1.289062986124818
0.1,0.9,0,0,3.374157002386069,1.465377767211487,1.0,0.0005306635306963659,0,0.003783764756600562,0.9315228485332006,0.031050761617773346,1,0.675,1.3091403744183792
0.1,0.9,0,1,3.3822489476384288,1.4688920543824502,1.0,1.1314275951464186e-05,0,0.0038014051166696157,0.9294131063149025,0.03098043687716341,1,0.69,1.30918464280221
0.1,0.9,0,2,3.2557774587825214,1.4139661846542406,1.0,0.00042256048025415604,0,0.0038002860168856872,0.9312756503456532,0.031042521678188436,1,0.76,1.3091976257113191
0.1,0.9,0,3,3.180448393195213,1.3812511871427446,1.0,0.0002804486333380429,0,0.003813320308774716,0.9301877473659292,0.03100625824553097,1,0.7,1.3092338738473517
0.1,0.9,0,4,3.2065460972396544,1.3925852759995898,1.0,6.443301043305021e-05,0,0.0038014075495433307,0.9296884973829245,0.03098961657943081,1,0.655,1.3091869420120783
0.1,0.9,0,5,3.087730724640806,1.3409844153146309,1.0,0.0008050804566813965,0,0.0038583124309314702,0.9331957736029295,0.031106525786764313,1,0.64,1.3094195478864923
0.1,0.9,0,6,3.3244998983441594,1.44381196093879,1.0,7.90150601635196e-05,0,0.003800884371284327,0.9295479125351114,0.03098493041783704,1,0.67,1.3091822739273038
0.1,0.9,0,7,3.207336728878081,1.3929286429573766,1.0,0.0006790869092235798,0,0.0038008672382671277,0.926236317138468,0.030874543904615595,1,0.715,1.309140633610776
0.1,0.9,0,8,3.3097698505926716,1.4374147824821473,1.0,1.5209009493366542e-05,0,0.003801453992563375,0.9294575275085815,0.030981917583619376,1,0.655,1.3091852000514586
0.1,0.9,0,9,3.1593150782201005,1.3720731050647297,1.0,5.9829414655632915e-05,0,0.003802910843163254,0.9295478549154357,0.030984928497181183,1,0.69,1.309191099875687
0.1,0.9,0,10,3.1177255787422933,1.3540110149364,1.0,0.0003903659142123718,0,0.003807038815320945,0.9277601712362971,0.030925339041209896,1,0.735,1.3091900985726415
0.1,0.9,0,11,3.1296528060980364,1.3591909439614047,1.0,4.8949886039518145e-05,0,0.0038018207871310036,0.9293614210017009,0.030978714033390028,1,0.685,1.3091865482973597
0.1,0.9,0,12,3.5107086378681713,1.5246813889962278,1.0,2.0782961308115286e-05,0,0.0038016737749807204,0.929428708690494,0.030980956956349795,1,0.73,1.3091858008442798
0.1,0.9,0,13,3.273308725275622,1.42157991695297,1.0,3.119003233183511e-05,0,0.00380188237519697,0.9293885953365832,0.03097961984455277,1,0.725,1.3091862183047995
0.1,0.9,0,14,3.270361446724603,1.4202999301416304,1.0,0.0011861498856652955,0,0.0039022435835843437,0.9359962532615007,0.031199875108716687,1,0.75,1.3095980299087255
0.1,0.9,0,15,3.2561595140175132,1.41413210913458,1.0,8.42500549482245e-06,0,0.0038015288548561357,0.9294249810408162,0.030980832701360535,1,0.71,1.3091850999513057
0.1,0.9,0,16,3.2893957237519404,1.4285664116216212,1.0,0.0006310567378959796,0,0.003771463211350825,0.9278556806521621,0.0309285226884054,1,0.685,1.3090559722646589
0.1,0.9,0,17,3.2145541069292194,1.3960631104187955,1.0,0.00013916482092535788,0,0.0038023313055781036,0.9298647185394471,0.030995490617981566,1,0.675,1.3091991284846718
0.1,0.9,0,18,3.4288901744810825,1.489148081829412,1.0,5.315778046344174e-05,0,0.003801148946042908,0.9295152244489069,0.030983840814963557,1,0.74,1.3091825601291367
0.1,0.9,0,19,3.445834144732387,1.4965067546110866,1.0,0.00044582190180669323,0,0.0037744401175524855,0.9314218205991209,0.031047394019970694,1,0.725,1.3091064471820242
0.1,0.9,1,0,3.2683497638918717,1.4194262673880356,1.0,3.7805838131496727e-06,0,0.002960679211749726,0.26203199822923406,0.008734399940974467,1,0.45,1.263642126275582
0.1,0.9,1,1,3.2277888652567728,1.401810892929775,1.0,3.193834965962065e-05,0,0.0029604150381227668,0.2620426092060979,0.008734753640203262,1,0.455,1.2636414270345657
0.1,0.9,1,2,3.00209002035744,1.3037911300180574,1.0,8.337440274142947e-06,0,0.0029606889467964684,0.26203139847357226,0.008734379949119074,1,0.345,1.263642094772474
0.1,0.9,1,3,3.2773259949765863,1.4233245950164155,1.0,0.00022484733139345852,0,0.0029587320785857303,0.2622295803360153,0.008740986011200508,1,0.415,1.2636069434886683
0.1,0.9,1,4,3.0265025194311286,1.3143933436552282,1.0,0.0004388591778815566,0,0.002957159514117893,0.2623655088054788,0.008745516960182626,1,0.45,1.2635602584247214
0.1,0.9,1,5,3.4398121461374696,1.4938914338512848,1.0,1.9167082621671858e-05,0,0.002960534515336042,0.2620382472154792,0.008734608240515971,1,0.445,1.2636434578617282
0.1,0.9,1,6,3.2743589375035937,1.4220360183284053,1.0,1.9104552079998344e-05,0,0.002960622687552147,0.26203434165301687,0.008734478055100562,1,0.39,1.263641927899982
0.1,0.9,1,7,3.0772948578402968,1.3364521759492922,1.0,1.5432749783259657e-05,0,0.002960662156978165,0.2620333588722712,0.008734445295742372,1,0.475,1.2636423557888723
0.1,0.9,1,8,3.2883646919099974,1.4281186401819983,1.0,7.368149373931585e-06,0,0.002960666881129506,0.2620325197683293,0.008734417325610975,1,0.415,1.263642529170233
0.1,0.9,1,9,3.1258151635514455,1.3575242769799032,1.0,0.0006946306138707449,0,0.002986296474385999,0.2605358564830518,0.008684528549435059,1,0.42,1.2635831926097139
0.1,0.9,1,10,3.6445026091298005,1.5827873724270758,1.0,6.296144821836442e-05,0,0.002959844562074469,0.2620714088242604,0.008735713627475345,1,0.45,1.2636506397829943
0.1,0.9,1,11,3.2777628301126267,1.4235143101054997,1.0,1.2655289531327361e-05,0,0.002960614121155843,0.26203746892064506,0.008734582297354835,1,0.43,1.263642619873166
0.1,0.9,1,12,3.305033157416777,1.4353576627733877,1.0,7.935208875705694e-06,0,0.002960727788988431,0.26202967258235343,0.00873432241941178,1,0.435,1.2636422055441994
0.1,0.9,1,13,3.570948366184207,1.5508431705952337,1.0,2.614187579375456e-05,0,0.002960494816572474,0.26203972358979644,0.008734657452993214,1,0.425,1.263641978445478
0.1,0.9,1,14,3.3242809302402274,1.4437168642995395,1.0,3.084268543844167e-05,0,0.0029607694458051647,0.26203377646225046,0.008734459215408347,1,0.49,1.263640382188289
0.1,0.9,1,15,3.164074225516744,1.374139976474227,1.0,0.00018053989651124327,0,0.0029634532796838837,0.2619059287543468,0.008730197625144893,1,0.43,1.2636123648294808
0.1,0.9,1,16,3.4064123061800515,1.4793860676613266,1.0,2.4132230411129536e-05,0,0.0029610202909095464,0.26201234839978715,0.00873374494665957,1,0.4,1.263641473037959
0.1,0.9,1,17,3.1863165065190673,1.3837996763784777,1.0,0.0002543244088012284,0,0.002956506873848923,0.26233271057243823,0.00874442368574794,1,0.45,1.2636712376824513
0.1,0.9,1,18,3.305226938499537,1.4354418208283273,1.0,5.798055372555138e-06,0,0.002960688692483186,0.2620326209101298,0.008734420697004325,1,0.415,1.263641776743238
0.1,0.9,1,19,3.2209225507173143,1.398828890414276,1.0,1.3902030796291188e-05,0,0.002960651063132182,0.2620347728560568,0.008734492428535226,1,0.43,1.2636424451977812
0.1,0.9,2,0,3.3541907453206257,1.4567065319437034,1.0,5.5693260660764386e-05,0,0.0003825830249162003,1.1103719275948554,0.037012397586495174,1,0.41,1.2790781697251505
0.1,0.9,2,1,3.111215746176698,1.3511838305750479,1.0,0.0001399164814911174,0,0.00038219977539864,1.1102050744484226,0.03700683581494742,1,0.415,1.2790573335386028
0.1,0.9,2,2,3.0663256926463314,1.3316883280344682,1.0,1.1242658505689312e-05,0,0.00038277539092635825,1.1105581355804528,0.03701860451934842,1,0.425,1.2790794487816342
0.1,0.9,2,3,3.1652690201726927,1.374658869200313,1.0,0.00032016837757211703,0,0.0003843197610345294,1.1113458640173268,0.03704486213391089,1,0.385,1.2791366504013522
0.1,0.9,2,4,3.2138305478012605,1.3957488726821923,1.0,4.638271410991955e-06,0,0.00038276068133290654,1.1105574451122369,0.037018581503741224,1,0.45,1.2790787050967378
0.1,0.9,2,5,3.115259368802954,1.35293995356853,1.0,0.0010947688250549136,0,0.00038984948086732236,1.1243289081944052,0.037477630273146836,1,0.425,1.2791686584584185
0.1,0.9,2,6,3.2783885311819314,1.4237860486272191,1.0,1.638512831254896e-05,0,0.0003827291775029525,1.110587484442549,0.03701958281475163,1,0.41,1.2790778687840043
0.1,0.9,2,7,3.3550928033411234,1.457098290764362,1.0,4.521163746639303e-05,0,0.0003829337308237299,1.1106707885212896,0.037022359617376314,1,0.415,1.279086312721502
0.1,0.9,2,8,3.328091757702965,1.4453718856380915,1.0,0.00011858216385767557,0,0.0003825751749742456,1.110973896618228,0.037032463220607596,1,0.36,1.2790603104336729
0.1,0.9,2,9,3.185627367627232,1.3835003871604885,1.0,0.00037901137428595385,0,0.00038176541769960977,1.1081504318642854,0.03693834772880951,1,0.495,1.279083195540408
0.1,0.9,2,10,3.2951148316054577,1.4310501886038132,1.0,1.4789160322885855e-05,0,0.00038275083034887284,1.110559267378558,0.03701864224595193,1,0.46,1.2790786262958997
0.1,0.9,2,11,3.411747550804058,1.4817031349611363,1.0,0.00025533213082157356,0,0.00038330009067222455,1.1093853926080477,0.036979513086934916,1,0.45,1.279131385044858
0.1,0.9,2,12,3.402645008712597,1.4777499511595231,1.0,8.248091396267523e-05,0,0.00038217965333537784,1.1108009119826068,0.03702669706608689,1,0.43,1.2790872466167553
0.1,0.9,2,13,3.2420201514119333,1.4079914619773477,1.0,2.699125819731386e-05,0,0.0003828122567707962,1.1106737420342627,0.03702245806780875,1,0.515,1.279079686829442
0.1,0.9,2,14,3.040107869108069,1.3203020719442877,1.0,6.704869418980949e-05,0,0.0003827300197665625,1.1108000192824041,0.037026667309413466,1,0.435,1.2790820842994737
0.1,0.9,2,15,3.2856131624113294,1.4269236661039328,1.0,1.77952156917802e-05,0,0.0003827605907812293,1.1105692678360868,0.03701897559453622,1,0.41,1.2790790643452405
0.1,0.9,2,16,3.1952983952613523,1.3877004610963206,1.0,1.8788620217771083e-05,0,0.00038273980729073816,1.1105834428276062,0.03701944809425354,1,0.375,1.279077400214371
0.1,0.9,2,17,3.4044986921935574,1.4785549956664992,1.0,0.0003321885213484548,0,0.00038152454163834946,1.1115989257621306,0.03705329752540435,1,0.505,1.2791300425804424
0.1,0.9,2,18,3.211118819838464,1.394571184191527,1.0,7.033826847012145e-06,0,0.0003827713691592297,1.1105518502891154,0.037018395009637176,1,0.4,1.2790788132344801
0.1,0.9,2,19,3.2120297022149216,1.3949667753812856,1.0,0.0023254240398039162,0,0.00027526271288524484,1.0742563404260774,0.03580854468086924,1,0.445,1.279843188134216
0.1,0.9,3,0,3.0893966089899836,1.3417078996949676,1.0,9.924371730799664e-05,0,0.0024405711037383832,1.5199648136152766,0.05066549378717588,1,0.65,1.2687407987212205
0.1,0.9,3,1,3.1266001012452276,1.3578651710889509,1.0,2.9948145636040572e-05,0,0.0024402114529594437,1.5194972058151845,0.05064990686050615,1,0.68,1.2687393213083262
0.1,0.9,3,2,3.188469537665734,1.3847347259248406,1.0,9.413753986917929e-05,0,0.00243908751878715,1.519481099441139,0.05064936998137129,1,0.74,1.2687478587458723
0.1,0.9,3,3,3.073267002672637,1.3347029006760724,1.0,0.0004683068152558658,0,0.00242536732829407,1.5216379445317951,0.0507212648177265,1,0.75,1.2688804479826352
0.1,0.9,3,4,3.1210220228392416,1.3554426424176074,1.0,3.6223834788450316e-05,0,0.002440570551803434,1.5193460417940285,0.050644868059800945,1,0.7,1.2687362527496957
0.1,0.9,3,5,3.5048057763159104,1.5221178087966427,1.0,2.8094736922298715e-05,0,0.0024398492620754594,1.5193221010706248,0.05064407003568749,1,0.735,1.268738465997774
0.1,0.9,3,6,3.2343876143406236,1.404676693244356,1.0,0.00013678009943567,0,0.0024435393938818193,1.5198999578939165,0.05066333192979721,1,0.68,1.268718919893155
0.1,0.9,3,7,3.077296793469533,1.336453016582389,1.0,1.5684462381263544e-05,0,0.0024399381047118026,1.5192880404266362,0.05064293468088787,1,0.65,1.2687393437223315
0.1,0.9,3,8,3.2979694681123313,1.432289941486588,1.0,1.489261419119973e-05,0,0.0024399172500833496,1.5192721378579965,0.050642404595266546,1,0.665,1.2687385446018962
0.1,0.9,3,9,3.134642467374159,1.3613579263201911,1.0,7.9600757184484e-06,0,0.002440115922408944,1.519298909446215,0.05064329698154049,1,0.705,1.268738287691356
0.1,0.9,3,10,3.504129086502584,1.5218239261447546,1.0,5.590717724486273e-05,0,0.002440757243269781,1.5191409307464043,0.05063803102488014,1,0.685,1.2687307659767737
0.1,0.9,3,11,3.3684373824584206,1.4628937678383251,1.0,1.6429852496191486e-05,0,0.0024399869603565095,1.5192993360919727,0.05064331120306575,1,0.66,1.268739377101288
0.1,0.9,3,12,3.2793397452688113,1.42419915565626,1.0,3.3388607534926765e-05,0,0.0024396419052158044,1.5193794880077771,0.050645982933592563,1,0.71,1.2687429077768162
0.1,0.9,3,13,3.274519061072673,1.422105559110879,1.0,0.00041316547861837936,0,0.002436619556358193,1.516156083598652,0.05053853611995506,1,0.725,1.2687371838018078
0.1,0.9,3,14,3.2076689082324608,1.3930729066179859,1.0,0.00018790330632922824,0,0.0024368132884293615,1.5184445887735598,0.05061481962578532,1,0.695,1.2687230532406728
0.1,0.9,3,15,3.149232120746211,1.3676941322725542,1.0,0.001270097971091945,0,0.0024635190527627984,1.5411701018081814,0.051372336726939374,1,0.745,1.268831311546423
0.1,0.9,3,16,3.289679435530903,1.4286896260816755,1.0,8.949952808758294e-06,0,0.0024400379216012544,1.5192907492650787,0.05064302497550262,1,0.7,1.2687386519079764
0.1,0.9,3,17,3.1452899586954475,1.3659820730471395,1.0,6.9675077204901905e-06,0,0.0024400310604022583,1.5193028277177667,0.05064342759059222,1,0.69,1.268738445833263
0.1,0.9,3,18,3.1054732237287928,1.348689884763717,1.0,0.0005574294830317955,0,0.0024295973370415686,1.5194712726603443,0.05064904242201147,1,0.76,1.2688410471244698
0.1,0.9,3,19,3.4416048458174084,1.4946699934299923,1.0,5.191807850043249e-05,0,0.002439355159793313,1.519274354098854,0.050642478469961796,1,0.725,1.2687413034630894
0.1,0.9,4,0,3.1117666995213473,1.3514231065724152,1.0,2.9533359833634165e-05,0,0.0005997385333314999,1.6444018150943929,0.054813393836479755,1,0.745,1.2890651258484151
0.1,0.9,4,1,3.1190585888322166,1.3545899338627752,1.0,4.7098581224023965e-06,0,0.0005995696091543774,1.644317183539562,0.05481057278465206,1,0.685,1.2890630146702624
0.1,0.9,4,2,3.45647153320916,1.5011265137284104,1.0,7.620853958836744e-06,0,0.0005996081768388805,1.6443393545504226,0.05481131181834741,1,0.7,1.2890634370762761
0.1,0.9,4,3,3.236875049959104,1.4057569728075514,1.0,1.868695069715955e-05,0,0.0005994942571145071,1.6442460298180084,0.0548082009939336,1,0.73,1.2890631403780441
0.1,0.9,4,4,3.2739956393423966,1.4218782399417118,1.0,1.5951776297858678e-05,0,0.0005995843973676529,1.6443375506888902,0.054811251689629664,1,0.635,1.289062868048605
0.1,0.9,4,5,3.2954728700512965,1.4312056827251498,1.0,3.147132173484579e-05,0,0.0005995076042187189,1.6443399232190792,0.0548113307739693,1,0.655,1.2890604619117494
0.1,0.9,4,6,3.18575089756225,1.383554035529617,1.0,5.052348254896832e-05,0,0.0005994750948844639,1.6441684591904704,0.054805615306349004,1,0.695,1.2890647220988105
0.1,0.9,4,7,3.229144175108357,1.4023994965195872,1.0,1.5351497234283877e-05,0,0.0005996386631833871,1.6443519832550213,0.05481173277516737,1,0.71,1.289063895904644
0.1,0.9,4,8,3.1742949486406618,1.3785787801280056,1.0,2.5622611575522558e-05,0,0.0005996369096947724,1.6443126417158005,0.05481042139052667,1,0.635,1.2890652036937407
0.1,0.9,4,9,3.0940546308975727,1.3437308529060183,1.0,0.0011017263776694315,0,0.0006000820614191354,1.6551609474393214,0.055172031581310704,1,0.7,1.2886975764221444
0.1,0.9,4,10,3.120822465194599,1.3553559756337172,1.0,8.231129540346511e-06,0,0.0005995779661548011,1.6443296521672202,0.054810988405573996,1,0.77,1.28906284067968
0.1,0.9,4,11,3.157410997751932,1.3712461734243047,1.0,6.177846019966494e-06,0,0.000599543983955458,1.6443054246393918,0.05481018082131305,1,0.655,1.289062651453113
0.1,0.9,4,12,3.2621609392274142,1.4167384949867952,1.0,9.63279902783792e-05,0,0.0005992208658717199,1.6440677604770082,0.05480225868256693,1,0.69,1.2890605610917776
0.1,0.9,4,13,3.0596051006014613,1.3287696119942582,1.0,8.049301237332733e-06,0,0.0005996096807360891,1.6443467760619834,0.0548115592020661,1,0.705,1.289063238040104
0.1,0.9,4,14,3.3268827127525515,1.4448468040877542,1.0,9.910820369458667e-05,0,0.000600488744968646,1.645074546995673,0.05483581823318909,1,0.68,1.2890655377059932
0.1,0.9,4,15,3.065009916985124,1.3311168939253832,1.0,0.0011361498056883445,0,0.0005947271395628714,1.6456049677164686,0.05485349892388228,1,0.715,1.2888247412606657
0.1,0.9,4,16,3.432746973576781,1.4908230683944836,1.0,0.00034746552444305163,0,0.000595011744689504,1.6405353919119459,0.054684513063731524,1,0.715,1.2890509409402107
0.1,0.9,4,17,3.156329547230115,1.370776505430228,1.0,7.641100263297775e-05,0,0.0005994966564516827,1.6442425031660823,0.0548080834388694,1,0.69,1.2890636029169815
0.1,0.9,4,18,3.130083699982882,1.359378078797879,1.0,4.081465735405241e-05,0,0.0005997328429296622,1.644329739356104,0.05481099131187012,1,0.695,1.2890674976012697
0.1,0.9,4,19,3.2092716651564674,1.3937689751059141,1.0,1.7775881208100137e-05,0,0.0005995813997434927,1.6442857761224616,0.054809525870748714,1,0.74,1.2890644210048192
0.2,0.8,0,0,3.230949613559397,1.4031835884762898,1.0,0.000522303188435257,0,0.0038172497332896148,0.9311888707150717,0.03103962902383572,1,0.675,1.3092564898586763
0.2,0.8,0,1,3.1458366150784243,1.3662194828977636,1.0,8.278148888887638e-05,0,0.0038020468919265048,0.9294129375763294,0.030980431252544308,1,0.69,1.3091880163069878
0.2,0.8,0,2,3.2749008455055773,1.4222713659833657,1.0,0.00116137087707482,0,0.0037898827898075714,0.9362953599963919,0.031209845333213058,1,0.76,1.3092128109813905
0.2,0.8,0,3,3.295335092244014,1.4311458465837184,1.0,0.0011314923636902426,0,0.003871294664638935,0.9337106078435575,0.03112368692811858,1,0.7,1.3094640747586332
0.2,0.8,0,4,3.134699335312449,1.3613826237519875,1.0,0.0011812717802851438,0,0.003799054691861918,0.9417812497866773,0.031392708326222575,1,0.655,1.3092803734382905
0.2,0.8,0,5,3.405337674260947,1.478919360948782,1.0,0.0004973907316136661,0,0.0038210030546022254,0.9310289613524203,0.03103429871174734,1,0.64,1.309268737134428
0.2,0.8,0,6,3.256230284231089,1.4141628442478191,1.0,0.0004195055460421138,0,0.0037982407783920848,0.9277567832945088,0.030925226109816958,1,0.67,1.3091645551960676
0.2,0.8,0,7,3.2951987170640487,1.4310866195955911,1.0,0.001772127340099962,0,0.0038113758590647383,0.907552339519957,0.030251744650665227,1,0.715,1.309016977831998
0.2,0.8,0,8,3.261514373815534,1.416457695196226,1.0,9.663811773107996e-05,0,0.0038014210339281165,0.9297796653375157,0.03099265551125052,1,0.655,1.3091883589388944
0.2,0.8,0,9,3.1784512607073734,1.3803838435236462,1.0,0.0004776432031287107,0,0.003809762682491547,0.9297132786008799,0.030990442620029326,1,0.69,1.3092065009832565
0.2,0.8,0,10,3.1080203552037036,1.3497960899079526,1.0,0.000700945182575783,0,0.003837224180029835,0.9316047468051036,0.031053491560170118,1,0.735,1.309332226919517
0.2,0.8,0,11,3.2482565255075944,1.4106998848341774,1.0,0.00014353736215403796,0,0.0038038938935157918,0.9290603941561781,0.030968679805205932,1,0.685,1.3091903903171462
0.2,0.8,0,12,3.1006673395251507,1.3466027157734095,1.0,0.0004980979307239949,0,0.003798655467731945,0.9282696214118868,0.030942320713729557,1,0.73,1.3091674209905506
0.2,0.8,0,13,3.3481345463135894,1.4540763581336393,1.0,0.0034606454919111807,0,0.004007883751064218,0.926911063174013,0.03089703543913376,1,0.725,1.3095509717586422
0.2,0.8,0,14,3.1748498387599047,1.3788197658448555,1.0,0.0005861639024079134,0,0.003790486853776587,0.9292814355505663,0.030976047851685538,1,0.75,1.3091684157880623
0.2,0.8,0,15,3.3641257837703757,1.4610212643199263,1.0,0.0008100167089767819,0,0.0038018139450444605,0.9361641899978124,0.031205472999927073,1,0.71,1.3092434118340264
0.2,0.8,0,16,3.046591186254995,1.3231177408056263,1.0,0.0026558040410139495,0,0.0037723477769301163,0.9195969633448375,0.03065323211149458,1,0.685,1.3088745783027027
0.2,0.8,0,17,3.239412148648514,1.4068588207684063,1.0,0.00020934814779052736,0,0.003804059388428909,0.9297362131811926,0.03099120710603975,1,0.675,1.309199598064289
0.2,0.8,0,18,3.1617194555107377,1.3731173128544671,1.0,0.0001894438334423792,0,0.0037964033882095377,0.9297452770383796,0.03099150923461265,1,0.74,1.3091702814641277
0.2,0.8,0,19,3.3299762169249347,1.446190295879565,1.0,7.164055136892285e-05,0,0.0038019558480118405,0.9294880124223415,0.030982933747411377,1,0.725,1.3091869220476844
0.2,0.8,1,0,3.260246615682772,1.4159071148347797,1.0,0.00010350306165485935,0,0.0029616477592594504,0.26195765602326504,0.008731921867442167,1,0.45,1.2636337437048328
0.2,0.8,1,1,3.4280959457836184,1.4888031526887344,1.0,0.00023886094736701207,0,0.002956949388327689,0.26219705787514647,0.008739901929171548,1,0.455,1.2636360523383332
0.2,0.8,1,2,3.072221867832733,1.3342490043822575,1.0,2.2245267557900943e-05,0,0.002960731679824159,0.2620322423712462,0.00873440807904154,1,0.345,1.2636423936876362
0.2,0.8,1,3,3.1711898233019165,1.3772302413277704,1.0,0.0005069733850498197,0,0.002967794216466363,0.26184090160410456,0.008728030053470151,1,0.415,1.2635391536871277
0.2,0.8,1,4,3.3268971207654077,1.4448530614082329,1.0,0.002900256429368467,0,0.0028939528037089327,0.26916182617630624,0.00897206087254354,1,0.45,1.2622528990039568
0.2,0.8,1,5,3.2910358198474294,1.429278696305683,1.0,0.00027670668169119144,0,0.0029583621037787117,0.26218243574209765,0.008739414524736587,1,0.445,1.2636646754193577
0.2,0.8,1,6,3.3067635109008626,1.4361091457432682,1.0,0.0006628641494018057,0,0.0029773556898622117,0.261122718049589,0.008704090601652965,1,0.39,1.2636344720560213
0.2,0.8,1,7,3.149988800894446,1.368022754285499,1.0,8.403598369923262e-05,0,0.0029609953853661805,0.2620066657768483,0.008733555525894941,1,0.475,1.2636434882045644
0.2,0.8,1,8,3.0398196840508764,1.3201769147641818,1.0,0.0003422384438951917,0,0.002966579115818118,0.2617520348504043,0.008725067828346809,1,0.415,1.2636560210266945
0.2,0.8,1,9,3.313465689377492,1.4390198648723989,1.0,0.00038764970818384696,0,0.002958262298835859,0.2620258269856679,0.008734194232855595,1,0.42,1.2636731960192156
0.2,0.8,1,10,3.122672904876336,1.3561596113765908,1.0,0.00022796482264097296,0,0.0029606511634774255,0.26199004692070704,0.008733001564023566,1,0.45,1.2636384353055135
0.2,0.8,1,11,3.171285558356107,1.37727181853353,1.0,0.000268584325753627,0,0.0029629936047036332,0.2618507373870538,0.008728357912901791,1,0.43,1.2636176930232113
0.2,0.8,1,12,3.3876550300039168,1.4712398861224958,1.0,5.38157376620351e-05,0,0.002960324635973409,0.262059135823689,0.008735304527456298,1,0.435,1.2636451957495451
0.2,0.8,1,13,3.2848469485289677,1.4265909036428657,1.0,0.00017187451247107922,0,0.0029614441239723416,0.2619679728755875,0.008732265762519582,1,0.425,1.2636390897049699
0.2,0.8,1,14,3.407643375851231,1.4799207144263582,1.0,0.0004951172880985508,0,0.0029584070401693983,0.26224132248742205,0.008741377416247401,1,0.49,1.2636565764332333
0.2,0.8,1,15,3.192375406418041,1.386431023171006,1.0,0.0002148155796406967,0,0.002960794288331293,0.26200046422382717,0.008733348807460904,1,0.43,1.2636506115532757
0.2,0.8,1,16,3.026383865672455,1.3143418129825795,1.0,0.0009599439822335543,0,0.002995246925020703,0.25999101091356835,0.008666367030452277,1,0.4,1.2635608868570165
0.2,0.8,1,17,3.0516975783868583,1.325335418730929,1.0,7.87593345163562e-05,0,0.002960444830652292,0.2620589954892505,0.008735299849641682,1,0.45,1.263643302884822
0.2,0.8,1,18,3.4704369724297566,1.507191626919271,1.0,0.00020227435415588093,0,0.002959650020397795,0.26212131884553735,0.008737377294851243,1,0.415,1.2636331740848012
0.2,0.8,1,19,3.3384344015634864,1.4498636387950066,1.0,0.0014975705653787255,0,0.002902978008100511,0.26553931818948384,0.008851310606316127,1,0.43,1.263792781937384
0.2,0.8,2,0,3.2293838331579354,1.4025035786880629,1.0,0.0006463165639537629,0,0.00037958014488659667,1.1058492221261262,0.03686164073753754,1,0.41,1.2790634901134015
0.2,0.8,2,1,3.3992256799678806,1.4762649555538796,1.0,0.000747957340404227,0,0.0003748818521441301,1.1088115710837343,0.036960385702791136,1,0.415,1.2790889450861143
0.2,0.8,2,2,3.373948189096445,1.4652870807520553,1.0,0.0004934373467436912,0,0.00038002350268849907,1.1120973639205167,0.037069912130683884,1,0.425,1.2791363808645788
0.2,0.8,2,3,3.088051653995526,1.3411237931624664,1.0,0.0019593462454309176,0,0.0004109657086965946,1.1112886978721814,0.037042956595739376,1,0.385,1.2792158334974126
0.2,0.8,2,4,3.4236924969222082,1.4868907591468812,1.0,6.867831614804467e-05,0,0.00038255607969855596,1.1106348474487604,0.03702116158162534,1,0.45,1.2790816189678644
0.2,0.8,2,5,3.3035856084787483,1.4347290002573168,0.9966666666666667,0.004768180270330314,0,0.00041773831994699985,1.2161136214122903,0.040537120713743005,1,0.425,1.2798998921576148
0.2,0.8,2,6,3.372990981042383,1.4648713705761427,1.0,0.0018152690867608904,0,0.0004006010578594737,1.1215208677041344,0.03738402892347114,1,0.41,1.2797674657271507
0.2,0.8,2,7,3.2689431919181433,1.4196839899052522,1.0,3.176407181109554e-05,0,0.00038275879509385227,1.1105783936825209,0.03701927978941736,1,0.415,1.2790799890409115
0.2,0.8,2,8,3.4882602085600873,1.514932160020332,1.0,0.0001231694300236997,0,0.0003825156870243657,1.1108094896045473,0.03702698298681824,1,0.36,1.2790665955690805
0.2,0.8,2,9,3.2131432346964393,1.395450376393429,1.0,0.0009259224688462652,0,0.0003854566645276427,1.1054874334817666,0.036849581116058884,1,0.495,1.2793060935372842
0.2,0.8,2,10,3.409071926030888,1.480541125886505,1.0,8.361578789664537e-05,0,0.00038257200596049975,1.110462025110348,0.037015400837011596,1,0.46,1.2790695229140174
0.2,0.8,2,11,3.1266005862190296,1.357865381710397,1.0,0.0003245129535170024,0,0.00038221569479949787,1.1112465298912022,0.0370415509963734,1,0.45,1.2790648670152247
0.2,0.8,2,12,3.119175878160896,1.3546408719710066,1.0,5.341053465539908e-05,0,0.00038289402752484996,1.110607719965151,0.037020257332171694,1,0.43,1.2790789840366854
0.2,0.8,2,13,3.096438983576154,1.3447663641172374,1.0,0.0002548695346144774,0,0.00038463502673667877,1.1111926928685512,0.0370397564289517,1,0.515,1.279068556721221
0.2,0.8,2,14,3.2572247026761514,1.4145947146912123,1.0,0.0006827246888793536,0,0.00038015823288521915,1.1115286996564167,0.037050956655213886,1,0.435,1.2791178777361427
0.2,0.8,2,15,3.0796053648433976,1.3374556163911384,1.0,0.0001553996603758121,0,0.0003827965382443544,1.1110361543283764,0.037034538477612546,1,0.41,1.2790853310559656
0.2,0.8,2,16,3.0413372988627323,1.3208360065026257,1.0,0.0006983508528176166,0,0.0003740148930399352,1.1105651793275773,0.03701883931091924,1,0.375,1.2790013949243468
0.2,0.8,2,17,3.1856433197438894,1.3835073150767276,1.0,0.0030162119902561292,0,0.00035023111094783154,1.1068462175224503,0.03689487391741501,1,0.505,1.2794481556492252
0.2,0.8,2,18,3.3590688909550583,1.4588250836746575,1.0,0.0010699108354096445,0,0.0003832867874509825,1.1081739172262517,0.03693913057420838,1,0.4,1.2791768355935378
0.2,0.8,2,19,3.4969520910064036,1.5187069966041191,1.0,0.0013468037192114635,0,0.0003534102009367739,1.1011089719952016,0.03670363239984005,1,0.445,1.2792707760622888
0.2,0.8,3,0,3.068687409866526,1.3327140087910148,1.0,0.00018599026164453644,0,0.002441396278465558,1.5205135959471594,0.050683786531571975,1,0.65,1.2687447285997575
0.2,0.8,3,1,3.180655128310232,1.3813409710624132,1.0,0.0002966467084508594,0,0.0024414923248812642,1.5210757195409597,0.05070252398469865,1,0.68,1.2687468444938157
0.2,0.8,3,2,3.2033634356861875,1.3912030636491535,1.0,0.00027612159108492,0,0.0024394944484964626,1.5192078675682952,0.0506402622522765,1,0.74,1.2687605296034195
0.2,0.8,3,3,3.1230101553395944,1.3563060773918028,1.0,0.0009083558087163087,0,0.0024287165518629902,1.5205554136664912,0.0506851804555497,1,0.75,1.2688946498599916
0.2,0.8,3,4,3.579365499180476,1.5544986850089586,1.0,0.00011359015547676962,0,0.00244018197332555,1.5189295579377926,0.05063098526459308,1,0.7,1.2687421945700832
0.2,0.8,3,5,3.0852467483637036,1.3399056381243069,1.0,0.0005907005131002101,0,0.002443946647603933,1.518348054925911,0.05061160183086369,1,0.735,1.2687678862273017
0.2,0.8,3,6,3.1938751843947695,1.387082368470379,1.0,0.002445315276564712,0,0.0025403729119057705,1.549372960469192,0.051645765348973055,1,0.68,1.2692855025939598
0.2,0.8,3,7,3.3006344555561427,1.4334473308277764,1.0,0.0005248502944900481,0,0.0024339005477017773,1.5180073831692675,0.050600246105642246,1,0.65,1.2687826556097928
0.2,0.8,3,8,3.04330349262191,1.321689913602589,1.0,0.00013973408283619166,0,0.0024406836880045465,1.5188499739711259,0.05062833246570419,1,0.665,1.2687413275006798
0.2,0.8,3,9,3.1916494254704335,1.3861157336514933,1.0,0.00034874323444378545,0,0.0024438917367838563,1.5204828585648367,0.05068276195216122,1,0.705,1.2687607296466081
0.2,0.8,3,10,3.3475130206172867,1.4538064329533742,1.0,0.0003228115443187359,0,0.002449522155657349,1.5198104015935632,0.050660346719785435,1,0.685,1.2687129207669794
0.2,0.8,3,11,3.0335453129388927,1.3174519900128345,1.0,0.000287010242903946,0,0.0024423617786993573,1.5217376705000174,0.05072458901666724,1,0.66,1.2687489327393753
0.2,0.8,3,12,3.2059004521364085,1.3923048758939822,1.0,7.167749832288105e-05,0,0.0024399313431500962,1.5192281309019673,0.05064093769673224,1,0.71,1.2687387593573234
0.2,0.8,3,13,3.4915277792115105,1.5163512479234744,1.0,0.001013645708109745,0,0.0024324398460765628,1.516543086246691,0.05055143620822303,1,0.725,1.2688550524109732
0.2,0.8,3,14,3.362343123120128,1.4602470646364174,1.0,0.001568038907342745,0,0.00246825803355492,1.5211918196647967,0.05070639398882655,1,0.695,1.268675176949415
0.2,0.8,3,15,3.0615843764920125,1.3296292005916885,0.9966666666666667,0.0035692408187298803,0,0.002650268542562624,1.58675161494658,0.05289172049821932,1,0.745,1.269863433550347
0.2,0.8,3,16,3.298710057884899,1.4326115755381679,1.0,0.00047529132839629375,0,0.002436761209478097,1.5195318909637323,0.050651063032124403,1,0.7,1.2687181405486605
0.2,0.8,3,17,3.2655180440410656,1.4181964670825347,1.0,0.0002867777580952276,0,0.0024437240650795715,1.5197936803047818,0.05065978934349272,1,0.69,1.2687065274881324
0.2,0.8,3,18,3.200407440098818,1.3899192910770284,1.0,0.0009110966742211638,0,0.002416843491770104,1.5233576434461993,0.050778588114873305,1,0.76,1.2689900970428614
0.2,0.8,3,19,3.21423215680591,1.3959232892567943,1.0,0.0012693413335858736,0,0.0024218616392609714,1.5289492717356523,0.05096497572452174,1,0.725,1.2685976527786214
0.2,0.8,4,0,3.180701329396799,1.3813610359393669,1.0,0.0001484186321022324,0,0.0005998844327465536,1.6445042856607417,0.054816809522024716,1,0.745,1.289066166485501
0.2,0.8,4,1,3.345025679135056,1.452726194273032,1.0,0.00013121852601384422,0,0.0005998024728862601,1.6442372091230228,0.05480790697076742,1,0.685,1.2890724553337047
0.2,0.8,4,2,3.1205799462744723,1.3552506510049491,1.0,4.6953003953434845e-05,0,0.0005997745042902267,1.6444088169156268,0.054813627230520884,1,0.7,1.2890660774047713
0.2,0.8,4,3,3.4298175096467527,1.4895508183747375,1.0,0.00013799297540970895,0,0.0005999168363795752,1.644434490300778,0.05481448301002592,1,0.73,1.289069858729393
0.2,0.8,4,4,3.2016408676347843,1.3904549618497262,1.0,0.00026691166119547185,0,0.0006018471867206706,1.6451803684635447,0.05483934561545148,1,0.635,1.2891027433597833
0.2,0.8,4,5,3.287868019742086,1.4279029382001598,1.0,0.0003131975018774137,0,0.0006013599047606562,1.6445709351746995,0.05481903117248998,1,0.655,1.289108278544491
0.2,0.8,4,6,3.1305961488084546,1.3596006324950831,1.0,0.0011188757070395945,0,0.0005890787592635889,1.638353485939631,0.05461178286465436,1,0.695,1.2889498444309573
0.2,0.8,4,7,3.3709487272697487,1.4639844310320416,1.0,6.433547752059556e-05,0,0.0005998820169920197,1.6444584929591444,0.05481528309863814,1,0.71,1.289067462508883
0.2,0.8,4,8,3.427867992031116,1.4887041536318932,1.0,0.0004284499418156068,0,0.0006000848581355234,1.643802964409552,0.05479343214698506,1,0.635,1.289096929092512
0.2,0.8,4,9,3.1671186679411383,1.3754621610196136,1.0,0.0020617188910927835,0,0.0005993491365200204,1.6644092734939109,0.055480309116463684,1,0.7,1.2883015287169177
0.2,0.8,4,10,3.1081987484126032,1.3498735650941873,1.0,0.0004985345993474312,0,0.0005995804467497198,1.6451543166362215,0.054838477221207375,1,0.77,1.2890303301232588
0.2,0.8,4,11,3.333258259503146,1.4476156688606534,1.0,0.0001460306683490325,0,0.0005992322988224281,1.6437469090899826,0.054791563636332745,1,0.655,1.2890714705322477
0.2,0.8,4,12,3.142322378256821,1.36469326923804,1.0,0.00019876010407756414,0,0.0005996838216166156,1.644368497790727,0.05481228325969089,1,0.69,1.2890646558474532
0.2,0.8,4,13,3.3229111533528837,1.4431219777559272,1.0,0.00037696289502393696,0,0.0005995300795906028,1.6436636448741104,0.05478878816247034,1,0.705,1.2890861971474807
0.2,0.8,4,14,3.1012245106827185,1.3468446921326165,1.0,0.00048287102886426347,0,0.0005993028096937009,1.6459473724725227,0.05486491241575075,1,0.68,1.2890006781065546
0.2,0.8,4,15,3.365643744489453,1.4616805062839675,1.0,0.0023855440611238923,0,0.0005917336335191936,1.6501799369749603,0.05500599789916533,1,0.715,1.2880213045930722
0.2,0.8,4,16,3.1613355262054754,1.372950574475751,1.0,0.0011946234864078423,0,0.000603079631387483,1.642388708226189,0.05474629027420629,1,0.715,1.2892339803541408
0.2,0.8,4,17,3.18319815864,1.382445395101944,1.0,0.0001215745320330228,0,0.0005995495203553873,1.6444252264770032,0.0548141742159001,1,0.69,1.2890585373204573
0.2,0.8,4,18,3.351251973461388,1.4554302395416636,1.0,0.00014510476623340454,0,0.0005991015910408845,1.6441592128685734,0.0548053070956191,1,0.695,1.289053942582207
0.2,0.8,4,19,3.27468819199799,1.4221790117384634,1.0,0.00027095092511565796,0,0.0005995039817876537,1.6437093129011926,0.05479031043003974,1,0.74,1.289081194676676
0.3,0.7,0,0,3.1021594669831707,1.3472507384947239,1.0,0.0038065357232787383,0,0.003795672584510447,0.9629363116336276,0.03209787705445425,1,0.675,1.3094454633304955
0.3,0.7,0,1,3.4200396088332408,1.4853043300068323,1.0,0.000908538330680049,0,0.0038074155385543103,0.9289502521565574,0.030965008405218573,1,0.69,1.3092007059404198
0.3,0.7,0,2,3.2529636866446574,1.4127441789414334,1.0,0.006610754404310112,0,0.003506397012954958,0.8900017264826865,0.029666724216089544,1,0.76,1.3081966929020046
0.3,0.7,0,3,3.0652908280009963,1.3312388920294822,1.0,0.0052783390328845015,0,0.004254086903259759,0.9459207500417843,0.031530691668059475,1,0.7,1.310889141154923
0.3,0.7,0,4,3.2165983318088402,1.3969509060037844,1.0,0.001776315623061242,0,0.0037780487539198007,0.9435877244738489,0.03145292414912829,1,0.655,1.3092554088982506
0.3,0.7,0,5,3.317535385817076,1.4407873115791314,1.0,0.0006446672174120061,0,0.0038066227946611415,0.9292271701799026,0.03097423900599675,1,0.64,1.3091957827294398
0.3,0.7,0,6,3.2257929050977436,1.40094405844661,1.0,0.001562137822436809,0,0.00383930400987512,0.9313909075782167,0.031046363585940553,1,0.67,1.3093533675238311
0.3,0.7,0,7,3.339693827151641,1.45041060037831,1.0,0.0021767491207911466,0,0.0038143291846152207,0.9143227772952567,0.030477425909841885,1,0.715,1.3090825808453106
0.3,0.7,0,8,3.534419681591669,1.53497896444551,1.0,0.0002853452971348122,0,0.0038072712188905525,0.9296456774453843,0.030988189248179473,1,0.655,1.3092099652102873
0.3,0.7,0,9,3.15525482367134,1.370309758919081,1.0,0.0013961220340696484,0,0.003816428290406182,0.9332272735373959,0.031107575784579858,1,0.69,1.309311475886599
0.3,0.7,0,10,3.1822043239642723,1.3820137781863513,1.0,0.0011365489364438069,0,0.0037978323158638604,0.9258914771222926,0.030863049237409748,1,0.735,1.3091583272673841
0.3,0.7,0,11,3.068866142380385,1.3327916313355201,0.9966666666666667,0.003755525535320965,0,0.004370668207881501,0.8891769016174389,0.029639230053914625,1,0.685,1.310845211354472
0.3,0.7,0,12,3.2500905591304665,1.4114963955162159,1.0,0.002568811566282116,0,0.0038454613259518745,0.9311603806714808,0.031038679355716022,1,0.73,1.3093024672099638
0.3,0.7,0,13,3.123030940468644,1.3563151042586548,1.0,0.0013603400742685364,0,0.003741592837512575,0.9339419597498344,0.03113139865832781,1,0.725,1.3090072516395892
0.3,0.7,0,14,3.1120789423488806,1.351558711909427,1.0,0.003914228666425109,0,0.003949042168476188,0.9142019345369456,0.030473397817898182,1,0.75,1.3096861838230112
0.3,0.7,0,15,3.344859195233681,1.452653891233339,1.0,0.0003696447308080561,0,0.0038018529730359414,0.9296213794900365,0.030987379316334548,1,0.71,1.3091755361715571
0.3,0.7,0,16,3.2543581202341327,1.413349773754723,1.0,0.0025988754243732176,0,0.003747230003030143,0.9240490445024729,0.030801634816749093,1,0.685,1.3089145071060477
0.3,0.7,0,17,3.112629438151433,1.3517977891987862,1.0,0.0002106365517672774,0,0.0038056313340553705,0.9295233674974646,0.030984112249915482,1,0.675,1.309203477682183
0.3,0.7,0,18,3.2760426002340286,1.4227672237616191,1.0,0.00387367986873936,0,0.003950500478238014,0.9433470934144483,0.03144490311381494,1,0.74,1.3098718607370001
0.3,0.7,0,19,3.274001599353375,1.4218808283415916,1.0,0.0007919444716422713,0,0.003778123820098865,0.9297938787957316,0.03099312929319105,1,0.725,1.3091037743809855
0.3,0.7,1,0,3.056063705578051,1.3272316036773517,1.0,0.00032249192171577467,0,0.0029589707845058487,0.26216143487234334,0.008738714495744777,1,0.45,1.2636582770271416
0.3,0.7,1,1,3.1376241465171164,1.3626528531187838,1.0,0.001855412726038167,0,0.002921397607669134,0.2641531816056364,0.008805106053521212,1,0.455,1.2636702895418976
0.3,0.7,1,2,3.49627680006159,1.518413721473107,1.0,0.0008788404947476972,0,0.002967324846581094,0.26160068540082015,0.008720022846694004,1,0.345,1.263702455580958
0.3,0.7,1,3,3.1493262704156155,1.3677350209544499,1.0,0.008685307346480486,0,0.003367681965493502,0.2501416405784218,0.008338054685947392,1,0.415,1.2584116288723783
0.3,0.7,1,4,3.0362895460634496,1.3186437953158854,0.9966666666666667,0.0031178111861562448,0,0.003139701254431993,0.2496941866738156,0.008323139555793852,1,0.45,1.2620666270063643
0.3,0.7,1,5,3.477486197837439,1.5102530666155196,1.0,0.0035551595391807717,0,0.0029397163466569126,0.2639496806237984,0.008798322687459946,1,0.445,1.2639500110615343
0.3,0.7,1,6,3.396311490223651,1.4749993390287415,1.0,0.0013626693234935203,0,0.002990777578653863,0.2602911097511984,0.008676370325039946,1,0.39,1.263681183439362
0.3,0.7,1,7,3.4126777235785237,1.4821071038643037,1.0,0.0025355958425343707,0,0.00305422376363825,0.25657321732837635,0.008552440577612544,1,0.475,1.2633901316795573
0.3,0.7,1,8,3.3912180495860316,1.4727872858659214,1.0,0.0008070711456507387,0,0.0029609356906863753,0.26189220712384276,0.008729740237461424,1,0.415,1.263711204174217
0.3,0.7,1,9,3.2118036494517175,1.394868601913607,1.0,0.0032208917192483046,0,0.0029529725591609323,0.2625763017702676,0.008752543392342252,1,0.42,1.2638894210461016
0.3,0.7,1,10,3.184469112683962,1.3829973634299892,1.0,0.00042327982768955403,0,0.0029626200702269905,0.26189827140712385,0.00872994238023746,1,0.45,1.2636543863622083
0.3,0.7,1,11,3.1071648210758886,1.349424536157163,1.0,0.0029283286620286875,0,0.0030042823729624414,0.2594545477977994,0.008648484926593312,1,0.43,1.2631319996582806
0.3,0.7,1,12,3.266022296527811,1.4184154611550144,1.0,0.00028844242699054153,0,0.0029632432866994844,0.2619182340968029,0.008730607803226762,1,0.435,1.2636188136631927
0.3,0.7,1,13,3.235419242868642,1.4051247238214482,1.0,0.0013986964565237056,0,0.0029241608331247305,0.26416848744763577,0.008805616248254525,1,0.425,1.263763428914985
0.3,0.7,1,14,3.2206103014740437,1.3986932822909455,1.0,0.0019521190453873464,0,0.0029745184628783626,0.2621135681719844,0.008737118939066145,1,0.49,1.2634550148365065
0.3,0.7,1,15,3.2199750367654754,1.398417390333466,1.0,0.0038016223257235533,0,0.003005677892306159,0.2592062380832094,0.008640207936106979,1,0.43,1.2638135750007844
0.3,0.7,1,16,3.337289601701977,1.4493664585322696,1.0,0.0006478155760032734,0,0.002969075796297048,0.2616788580304952,0.008722628601016505,1,0.4,1.2635380344112368
0.3,0.7,1,17,3.353550794097277,1.4564286046587156,0.9966666666666667,0.003384055800332401,0,0.002794810609153772,0.27614826495357403,0.009204942165119133,1,0.45,1.2654047295106572
0.3,0.7,1,18,3.2098017365655576,1.3939991821938966,1.0,0.000741055442664424,0,0.0029682600710703735,0.2615662743585212,0.008718875811950706,1,0.415,1.2636364654354966
0.3,0.7,1,19,3.1813441834695175,1.3816402239158176,1.0,0.0006869395876470466,0,0.0029693785642995007,0.2614101033119376,0.008713670110397918,1,0.43,1.2636340192051871
0.3,0.7,2,0,3.184224641594125,1.382891190984688,1.0,0.0009155378851952552,0,0.0003822175349403184,1.1080026278048938,0.03693342092682979,1,0.41,1.2791092108847688
0.3,0.7,2,1,3.2206250861965033,1.3986997032143265,1.0,0.002714433280806234,0,0.00035630204479832756,1.092329944229825,0.03641099814099417,1,0.415,1.2777738971198378
0.3,0.7,2,2,3.3315598521741716,1.446878059929656,1.0,0.0007437523820497194,0,0.0003835936965017029,1.1109923653010778,0.03703307884336925,1,0.425,1.2791236851301653
0.3,0.7,2,3,3.1516397527268514,1.3687397535562005,1.0,0.005062897558232572,0,0.0004489695689141684,1.1132003779666777,0.03710667926555592,1,0.385,1.2791967921646001
0.3,0.7,2,4,3.1867307891005745,1.3839795970175748,1.0,0.0003535003184933618,0,0.000382271097046243,1.1102688046394693,0.037008960154648975,1,0.45,1.2790841351159963
0.3,0.7,2,5,3.2494493882245368,1.4112179385298136,1.0,0.0018584980886921893,0,0.0003817094906923839,1.1071898014027637,0.036906326713425454,1,0.425,1.279098925935034
0.3,0.7,2,6,3.2346928335595795,1.4048092482669188,0.9966666666666667,0.009709736779837821,0,0.0005062678842135105,1.2855771484278466,0.04285257161426155,1,0.41,1.280417597291966
0.3,0.7,2,7,3.1938066049444456,1.3870525847935316,1.0,0.0002754117654894104,0,0.00038255750277965163,1.1106892950337122,0.03702297650112373,1,0.415,1.2791018511292265
0.3,0.7,2,8,3.256801065937195,1.4144107315931524,1.0,0.0009680879685570708,0,0.00037554082730921565,1.1123224767820739,0.03707741589273579,1,0.36,1.2790203022721707
0.3,0.7,2,9,3.3341883201625953,1.4480195890728877,1.0,0.0030137290203344257,0,0.00040977987574519845,1.1100199569658409,0.03700066523219469,1,0.495,1.2788254145455777
0.3,0.7,2,10,3.1280745143990067,1.3585055005856823,1.0,0.0010332498273150856,0,0.0003771128857427454,1.1071131487767172,0.03690377162589057,1,0.46,1.2788085850451374
0.3,0.7,2,11,3.1566020012926392,1.3708948307261546,1.0,0.003221938761080488,0,0.00040119518070489985,1.0828193747282167,0.03609397915760722,1,0.45,1.2802395555129238
0.3,0.7,2,12,3.2399614022382086,1.4070973585715758,1.0,0.00023234157701733555,0,0.00038341429816044414,1.111771312699844,0.03705904375666146,1,0.43,1.2790869519577353
0.3,0.7,2,13,3.1510837364900808,1.3684982787727227,1.0,0.0007649058551298729,0,0.0003818417468382106,1.110092173377758,0.03700307244592526,1,0.515,1.2791508431892402
0.3,0.7,2,14,3.1185634482588753,1.3543748970440068,1.0,0.0021939619317452993,0,0.00038333008760180415,1.1225747723100588,0.037419159077001954,1,0.435,1.278876724802148
0.3,0.7,2,15,3.11927940754503,1.3546858342112509,1.0,0.0009092345139814904,0,0.0003869320464639282,1.1169283687800957,0.03723094562600319,1,0.41,1.279121261554483
0.3,0.7,2,16,3.304434504133334,1.435097670955815,1.0,0.0035791653612485684,0,0.00026411653755310186,1.1097931147111495,0.03699310382370498,1,0.375,1.2780642048625799
0.3,0.7,2,17,3.2960094473239767,1.4314387152737897,1.0,0.0004894296420183162,0,0.00038145120035803885,1.1093830498319635,0.03697943499439878,1,0.505,1.2790704008293439
0.3,0.7,2,18,3.4124321065991277,1.4820004337654904,1.0,0.0012651004385022453,0,0.00038390013826338247,1.119061929928833,0.037302064330961095,1,0.4,1.279106849297349
0.3,0.7,2,19,3.419717533799931,1.4851644545971068,0.9966666666666667,0.0010304277202638776,0,0.0001977105530569824,1.0427626738561346,0.03475875579520448,1,0.445,1.2805150053070942
0.3,0.7,3,0,3.19136444577783,1.385991968543541,1.0,0.001192592891651076,0,0.002399394062026836,1.5183318110224608,0.050611060367415354,1,0.65,1.268885861345875
0.3,0.7,3,1,3.276754824188121,1.4230765386947606,1.0,0.0021396953569806604,0,0.0024244836848345257,1.5223887527789748,0.05074629175929915,1,0.68,1.2685294347065446
0.3,0.7,3,2,3.2230407024845746,1.3997487920386311,1.0,0.0006546717287987318,0,0.0024322445484622323,1.5194589049647267,0.050648630165490885,1,0.74,1.2687778529698115
0.3,0.7,3,3,3.290436554726695,1.4290184387705507,1.0,0.0021315976130652043,0,0.0024436870955013273,1.527869070716914,0.050928969023897125,1,0.75,1.268859679752025
0.3,0.7,3,4,3.2851690203852164,1.4267307776728109,1.0,0.0044236333158924335,0,0.002454173628759935,1.4984804629886272,0.049949348766287566,1,0.7,1.269130769269549
0.3,0.7,3,5,3.151102093439269,1.3685062510944594,1.0,0.0011287935158689573,0,0.0024505052470298588,1.5219141555415094,0.05073047185138364,1,0.735,1.2688044492678863
0.3,0.7,3,6,3.2065142105879847,1.3925714278027235,1.0,0.002798821922382448,0,0.002461001952815253,1.544522603197751,0.05148408677325836,1,0.68,1.2689426075886518
0.3,0.7,3,7,3.1384305723588555,1.3630030794119152,1.0,0.0012878843680355638,0,0.00241266267932007,1.5111209400094583,0.05037069800031527,1,0.65,1.268595740481653
0.3,0.7,3,8,3.267205696314318,1.4189294051521797,1.0,0.00530308502012659,0,0.0024391557509709835,1.5297112078632102,0.050990373595440334,1,0.665,1.2695180192204727
0.3,0.7,3,9,3.2504434875431447,1.4116496703783492,1.0,0.0017505525110242336,0,0.0025649392055343313,1.536238868028661,0.051207962267622024,1,0.705,1.2680084854076685
0.3,0.7,3,10,3.1711469618145673,1.3772116268203285,1.0,0.005689153764809776,0,0.0024076660962974224,1.547605944726066,0.05158686482420219,1,0.685,1.2694632072006233
0.3,0.7,3,11,3.1481947610101626,1.3672436126634402,1.0,0.000531573260009771,0,0.0024409508663285357,1.5199294849188139,0.05066431616396046,1,0.66,1.2687292166230881
0.3,0.7,3,12,3.338328135005963,1.4498174878154635,1.0,0.00017440851732442164,0,0.0024405756709988576,1.519797176375287,0.05065990587917623,1,0.71,1.2687444119035838
0.3,0.7,3,13,3.099405421480056,1.346054671729811,1.0,0.0027102214135345712,0,0.00239245842399048,1.5035147226116041,0.0501171574203868,1,0.725,1.2690723745958081
0.3,0.7,3,14,3.196641150368467,1.3882836122298883,1.0,0.0025556262409173317,0,0.002479507114597738,1.532975825660976,0.051099194188699196,1,0.695,1.2690329327976613
0.3,0.7,3,15,3.29934556269834,1.4328875717718683,1.0,0.0024817273107966146,0,0.0024195640779919696,1.5125562871595666,0.05041854290531888,1,0.745,1.2689037937434369
0.3,0.7,3,16,3.409705574733711,1.4808163160216063,1.0,0.004080097767971919,0,0.0024794257166035755,1.4878438210150002,0.049594794033833337,1,0.7,1.2692801222986287
0.3,0.7,3,17,3.144895785488378,1.3658108857983953,1.0,0.0009882011252239369,0,0.00243895946969086,1.5148316020937302,0.05049438673645767,1,0.69,1.2687453949027747
0.3,0.7,3,18,3.281145062755865,1.424983195078971,1.0,0.00174434004937848,0,0.002329020913836596,1.5037715015022712,0.05012571671674237,1,0.76,1.2694232099795266
0.3,0.7,3,19,3.291100285426056,1.4293066933507528,1.0,0.0019230520968413762,0,0.002371312720604448,1.5126593754812179,0.05042197918270726,1,0.725,1.2691288566668602
0.3,0.7,4,0,3.1301251641101286,1.3593960864395391,1.0,0.005137635461733431,0,0.0007247872604825194,1.71884097434441,0.05729469914481366,1,0.745,1.2900330766658947
0.3,0.7,4,1,3.147939411151509,1.367132715628872,1.0,0.0010392958600664627,0,0.0005935737636176197,1.6398044419665136,0.054660148065550446,1,0.685,1.2890352746404423
0.3,0.7,4,2,3.1760506082336457,1.379341253401339,1.0,0.00035232998687609947,0,0.000598745560319133,1.6436942531466936,0.05478980843822311,1,0.7,1.2890589402743702
0.3,0.7,4,3,3.3906143271353715,1.4725250925369986,1.0,0.0016350630140840971,0,0.0006096388986773882,1.6488712832130992,0.0549623761071033,1,0.73,1.2892125385551214
0.3,0.7,4,4,3.1706230606798895,1.3769840994484748,1.0,0.001125724674179213,0,0.000601828639633476,1.6434749501551327,0.05478249833850441,1,0.635,1.2891629533818467
0.3,0.7,4,5,3.2297632629249837,1.4026683629421621,1.0,0.003524275600301572,0,0.0005586748229843099,1.6178994937594393,0.053929983125314634,1,0.655,1.2886793911532477
0.3,0.7,4,6,3.186131656602735,1.3837193970798343,1.0,0.0011230639661870807,0,0.0006119669166981057,1.6528749892874117,0.055095832976247046,1,0.695,1.2891476095754004
0.3,0.7,4,7,3.1133657572238014,1.352117568508836,1.0,0.0010211023891580917,0,0.0006103015120430761,1.649716026136705,0.054990534204556824,1,0.71,1.2891933422787227
0.3,0.7,4,8,3.2181770708396686,1.3976365436532383,1.0,0.00305552842087883,0,0.0006103864522913395,1.6560085268579772,0.05520028422859923,1,0.635,1.2890085475901254
0.3,0.7,4,9,3.324375945074931,1.4437581287179504,1.0,0.001596109331902528,0,0.0006022001482148607,1.6532442881387666,0.055108142937958876,1,0.7,1.2888358268598776
0.3,0.7,4,10,3.200340574545089,1.3898902517360145,1.0,0.0007936752290107967,0,0.0005920051880355672,1.6384804068027337,0.05461601356009112,1,0.77,1.2890297724092639
0.3,0.7,4,11,3.270560572561351,1.4203864093937344,1.0,0.0008444110238767191,0,0.0006063926626740748,1.6475368484542563,0.0549178949484752,1,0.655,1.2891612008695004
0.3,0.7,4,12,3.0650401882635907,1.3311300405745816,1.0,0.0022435675292770667,0,0.000544680231673839,1.5987235106797781,0.05329078368932593,1,0.69,1.2888893900965395
0.3,0.7,4,13,3.07169403291555,1.334019768590369,1.0,0.000640755581262747,0,0.0005958146495097815,1.6425799872513414,0.05475266624171137,1,0.705,1.2890087970874546
0.3,0.7,4,14,3.351506167064094,1.4555406344206543,1.0,0.0013598231146312594,0,0.0006011090081412137,1.6473284503524699,0.05491094834508232,1,0.68,1.2890023916843676
0.3,0.7,4,15,3.2736360259808053,1.4217220618431539,1.0,0.002875787600331972,0,0.0005930965798755692,1.6493993098223358,0.054979976994077855,1,0.715,1.2879597320652707
0.3,0.7,4,16,3.0696028061124268,1.3331115603293642,1.0,0.002781851087080442,0,0.0006153961831116815,1.6625167168798027,0.05541722389599341,1,0.715,1.2889235765422955
0.3,0.7,4,17,3.166856060323409,1.375348111980328,1.0,0.0003201246612160816,0,0.000599594634464776,1.6436441109524524,0.0547881370317484,1,0.69,1.2890858858317453
0.3,0.7,4,18,3.1747040249116476,1.3787564396951721,1.0,0.0003947450191989762,0,0.0005992576621224785,1.6445039627210667,0.05481679875736888,1,0.695,1.2890453088447378
0.3,0.7,4,19,3.1839033474419867,1.3827516547073466,1.0,0.0013555503058598928,0,0.0005981825604087962,1.6398609507869866,0.05466203169289954,1,0.74,1.289154312399773
0.4,0.6,0,0,3.1078684092774806,1.3497301006306468,1.0,0.009379933692940672,0,0.004125599366023358,0.9209768418202591,0.030699228060675297,1,0.675,1.3105324756649175
0.4,0.6,0,1,3.1756089021227702,1.3791494228747627,1.0,0.005623667000518011,0,0.0039303999100833535,0.9340803407058063,0.031136011356860203,1,0.69,1.309625718076218
0.4,0.6,0,2,3.108584822655411,1.3500412350074433,1.0,0.0075214686411072115,0,0.004013358598010643,0.8776905861492268,0.029256352871640887,1,0.76,1.3095574492812325
0.4,0.6,0,3,3.3988407941867527,1.4760978017829727,1.0,0.005555376045437936,0,0.003955985363367276,0.9304672244200896,0.031015574147336314,1,0.7,1.3098150900184264
0.4,0.6,0,4,3.1026498578429367,1.347463712539096,0.9966666666666667,0.009620873389770558,0,0.0037369614858891627,1.0286918194303496,0.03428972731434498,1,0.655,1.3098386924008398
0.4,0.6,0,5,3.2646043762810635,1.417799666216073,1.0,0.007329935733493297,0,0.003814638209628681,0.9415570049197686,0.03138523349732562,1,0.64,1.3094420532247608
0.4,0.6,0,6,3.0876635504559347,1.3409552419368154,1.0,0.008919916836575887,0,0.0038417156758467803,0.94858885074805,0.03161962835826833,1,0.67,1.3098434252503046
0.4,0.6,0,7,3.145703809527886,1.3661618061799987,1.0,0.005064044161377271,0,0.003903654865216037,0.9071457353634405,0.030238191178781345,1,0.715,1.309794796418411
0.4,0.6,0,8,3.371233539337493,1.4641081233414424,1.0,0.0018673985305489211,0,0.003815619900105982,0.9281424866509347,0.030938082888364485,1,0.655,1.3092251328048932
0.4,0.6,0,9,3.12162594764705,1.3557049236291232,1.0,0.003942110070021901,0,0.003768933020679731,0.9382729039484394,0.031275763464947974,1,0.69,1.3091654825046557
0.4,0.6,0,10,3.3082892997856788,1.4367717874364931,0.9966666666666667,0.00671614007546805,0,0.005147980930644648,1.0251647831954147,0.03417215943984715,1,0.735,1.314254973420664
0.4,0.6,0,11,3.1504362534874315,1.3682170804775458,1.0,0.001761753608080292,0,0.0038126070047287478,0.9254168460548218,0.03084722820182739,1,0.685,1.3091023535656239
0.4,0.6,0,12,3.2590012265046253,1.4153662491868886,0.9966666666666667,0.01356799225591247,0,0.003911480845109904,0.9093584476624395,0.030311948255414643,1,0.73,1.3094903639507782
0.4,0.6,0,13,3.220765767855443,1.3987608004825085,1.0,0.005733594257336413,0,0.003836517684577708,0.9444712110487474,0.03148237370162491,1,0.725,1.3095322311299167
0.4,0.6,0,14,3.204839478993435,1.3918441011125413,1.0,0.004562630026403274,0,0.0037652832668026437,0.9316733980733127,0.031055779935777086,1,0.75,1.3092111575416197
0.4,0.6,0,15,3.20898242174143,1.3936433582868362,1.0,0.01128670161575689,0,0.004625788603972565,0.9833796241134951,0.032779320803783166,1,0.71,1.3123986287497722
0.4,0.6,0,16,3.3184030967416116,1.4411641536455444,0.9966666666666667,0.008129403383362384,0,0.004582798792833305,0.844212529746563,0.02814041765821876,1,0.685,1.3109163918466544
0.4,0.6,0,17,3.1417115580155945,1.3644279933778407,1.0,0.010505570598029023,0,0.004101591707833592,0.9500732279575819,0.03166910759858606,1,0.675,1.3106985286711075
0.4,0.6,0,18,3.127114268244796,1.35808847097964,1.0,0.0007588381340119159,0,0.0038134276711622693,0.9294696550885106,0.030982321836283685,1,0.74,1.3092219970652752
0.4,0.6,0,19,3.3017179106589736,1.4339178694003258,0.9966666666666667,0.005455673292245176,0,0.0027825953670065733,0.983755355328586,0.03279184517761953,1,0.725,1.305753718205355
0.4,0.6,1,0,3.2542517851573143,1.413303593017628,1.0,0.006230490508495493,0,0.0030546127168777607,0.2572405713600623,0.008574685712002076,1,0.45,1.2638212183634852
0.4,0.6,1,1,3.174547133034123,1.378688302418508,1.0,0.0028480235858657746,0,0.002971093268532329,0.26166196742451464,0.008722065580817154,1,0.455,1.2637812039289893
0.4,0.6,1,2,3.3118428796502752,1.4383150875626898,0.9966666666666667,0.003787505300060414,0,0.0030750179535933312,0.2673722576723936,0.008912408589079785,1,0.345,1.2618303249642444
0.4,0.6,1,3,3.426847960968599,1.4882611597700726,1.0,0.009308951730058425,0,0.0028642737630249506,0.26533205663258896,0.008844401887752965,1,0.415,1.2637901280633341
0.4,0.6,1,4,3.259404741232452,1.4155414934065498,1.0,0.009415422387415957,0,0.0031496298463078035,0.2519329432324302,0.008397764774414338,1,0.45,1.2635785129164032
0.4,0.6,1,5,3.0517891296151363,1.3253751789241817,1.0,0.008200154138437056,0,0.002888516027008691,0.2644683206796117,0.008815610689320389,1,0.445,1.2645313693165692
0.4,0.6,1,6,3.2628769307246124,1.417049446143118,1.0,0.006334140445053877,0,0.0030374447803533356,0.2585946053681676,0.008619820178938918,1,0.39,1.2642434344323905
0.4,0.6,1,7,3.0115697525151433,1.3079081253840683,1.0,0.0025897424853764265,0,0.0029736183281020017,0.2612552393970402,0.00870850797990134,1,0.475,1.2636270260668836
0.4,0.6,1,8,3.2416285508955105,1.4078213920339544,1.0,0.008325508847466426,0,0.0031656478421894793,0.25105615906411693,0.008368538635470563,1,0.415,1.2627493914031065
0.4,0.6,1,9,3.3347123019626976,1.4482471514772903,1.0,0.004849287203295327,0,0.0032709846043907248,0.24385272293069304,0.008128424097689766,1,0.42,1.2626003423458794
0.4,0.6,1,10,3.3677288819935676,1.462586069996014,1.0,0.002587633054803548,0,0.0029189615196204555,0.26387040475812085,0.008795680158604028,1,0.45,1.2638505155130721
0.4,0.6,1,11,3.1030833812494265,1.3476519893623107,1.0,0.0040808992491435546,0,0.00286411635469505,0.26782974194409226,0.008927658064803074,1,0.43,1.2637201018722406
0.4,0.6,1,12,3.31544415056768,1.4398790996499573,1.0,0.006447880195783833,0,0.003086245695316791,0.25679536439388584,0.008559845479796194,1,0.435,1.2639642699171416
0.4,0.6,1,13,3.19532415082676,1.3877116465962558,0.9966666666666667,0.017217250174456595,0,0.002521234677567737,0.28411157598928205,0.0094703858663094,1,0.425,1.2660819501912997
0.4,0.6,1,14,3.2108769371094263,1.3944661358570383,1.0,0.004764111044012955,0,0.0029096522511006667,0.26406769269318175,0.008802256423106057,1,0.49,1.2643311545466596
0.4,0.6,1,15,3.3680462192194938,1.462723887802136,1.0,0.00801001698570704,0,0.003094267440381011,0.252399129278047,0.00841330430926823,1,0.43,1.26204532267165
0.4,0.6,1,16,3.139089387159242,1.3632891990443192,1.0,0.0026925029712367757,0,0.0029946564006721977,0.25913103024061135,0.008637701008020377,1,0.4,1.2640201234498571
0.4,0.6,1,17,3.358895102321811,1.4587496082302207,0.9933333333333333,0.012860950177007596,0,0.0019886800227354403,0.33539137277615594,0.011179712425871863,1,0.45,1.2666705397176667
0.4,0.6,1,18,3.4786688101138346,1.5107666686013894,1.0,0.0019252843205949392,0,0.002963317813288149,0.2618519980628342,0.008728399935427806,1,0.415,1.2636157693771373
0.4,0.6,1,19,3.1771820864621003,1.3798326481523502,1.0,0.0017532162165526791,0,0.002960172164017153,0.2615118916549364,0.008717063055164545,1,0.43,1.263647193883758
0.4,0.6,2,0,3.4773606984959953,1.510198562944048,1.0,0.009970778935261885,0,0.0003513470297993827,1.093341784820634,0.03644472616068779,1,0.41,1.280598127351654
0.4,0.6,2,1,3.392260184001167,1.4732398790918164,1.0,0.00047819881921219574,0,0.00038469577301598326,1.11129197096404,0.03704306569880133,1,0.415,1.2790933787043821
0.4,0.6,2,2,3.0057427299697874,1.3053774816466943,1.0,0.007711080598519763,0,0.0004851047476713702,1.1086999587951174,0.03695666529317058,1,0.425,1.2789413407881043
0.4,0.6,2,3,3.1279060597380366,1.3584323416559725,1.0,0.005433718715267403,0,0.0004091208720349527,1.0896662631185994,0.03632220877061997,1,0.385,1.2804454483348597
0.4,0.6,2,4,3.3228284896359503,1.4430860773598098,1.0,0.0015541615925870073,0,0.00037974848302171774,1.1140469336712144,0.03713489778904048,1,0.45,1.2791512452891423
0.4,0.6,2,5,3.0992810768082495,1.346000669524991,1.0,0.0073750891545753755,0,0.00037120065500734255,1.0682202674252184,0.03560734224750727,1,0.425,1.2791983870474062
0.4,0.6,2,6,3.379863623866324,1.4678561214306725,1.0,0.0034469877315933266,0,0.0003881436380759125,1.1176441410238158,0.037254804700793856,1,0.41,1.2791466452523605
0.4,0.6,2,7,3.243771209931455,1.4087519370298656,1.0,0.0013771552792472995,0,0.00038821988745652665,1.109803810607718,0.03699346035359059,1,0.415,1.279009881415069
0.4,0.6,2,8,3.3038384944769805,1.4348388272508998,1.0,0.0030171480937609975,0,0.0003878424569585862,1.1220868397785244,0.03740289465928414,1,0.36,1.2793013374350828
0.4,0.6,2,9,3.0725922027445396,1.3344098387909111,1.0,0.004938426099679283,0,0.0003629099378423153,1.0603823973715953,0.03534607991238651,1,0.495,1.2788713387881536
0.4,0.6,2,10,3.1148232168188104,1.3527505351685454,1.0,0.008902820695367566,0,0.0003783812274182172,1.0659385720009296,0.035531285733364316,1,0.46,1.2793581299801318
0.4,0.6,2,11,3.168698931191822,1.37614846062934,1.0,0.0011779360829855345,0,0.0003815029885832484,1.102293472153354,0.036743115738445124,1,0.45,1.2791704098483645
0.4,0.6,2,12,3.056866265983243,1.32758015123272,1.0,0.001808196559078118,0,0.0003763946153189173,1.1127471456747362,0.0370915715224912,1,0.43,1.279097615690528
0.4,0.6,2,13,3.4107425549083215,1.481266670789283,1.0,0.0052812324539083496,0,0.00047771080719379196,1.1274953923174957,0.03758317974391652,1,0.515,1.2783687568735966
0.4,0.6,2,14,3.306415321436991,1.4359579289804518,1.0,0.006537545712308789,0,0.0003482018665499462,1.1164993082134256,0.03721664360711418,1,0.435,1.278200627871875
0.4,0.6,2,15,3.174876684960405,1.3788314250015927,1.0,0.002678105480232546,0,0.0004018776145958227,1.1131469118707327,0.03710489706235775,1,0.41,1.2791924216689048
0.4,0.6,2,16,3.100072063434321,1.3463441906519529,1.0,0.0033667327837137734,0,0.0003826162746121196,1.1165384042271465,0.037217946807571546,1,0.375,1.2789804455311897
0.4,0.6,2,17,3.1628941144717397,1.3736274607593484,0.9966666666666667,0.017713177378820118,0,0.0005661577292591187,1.0342556986322415,0.03447518995440805,1,0.505,1.2842022802781976
0.4,0.6,2,18,3.3063339019670424,1.4359225689539334,1.0,0.0066239465354923505,0,0.0004713586832005368,1.1152838016864064,0.03717612672288021,1,0.4,1.279508661675922
0.4,0.6,2,19,3.088294201311176,1.341229130123254,1.0,0.012789975231676671,0,0.00039156277759161244,1.0555334204894407,0.03518444734964802,1,0.445,1.2795609620470845
0.4,0.6,3,0,3.216209406609133,1.3967819979356781,1.0,0.005949863208619614,0,0.0025472968716907154,1.5445952696726328,0.051486508989087756,1,0.65,1.2694176018831387
0.4,0.6,3,1,3.211830151369967,1.394880111550463,1.0,0.0014926535052293935,0,0.002418639051900661,1.5110363966175544,0.050367879887251804,1,0.68,1.2687123197161463
0.4,0.6,3,2,3.173677604471658,1.378310670961972,1.0,0.005551123593732799,0,0.0024529626427763126,1.5457682517123483,0.051525608390411606,1,0.74,1.2690682131290882
0.4,0.6,3,3,3.2432167963433405,1.4085111582678553,1.0,0.008376581863047256,0,0.0022641127844307725,1.4742152291899457,0.04914050763966485,1,0.75,1.2699263034040993
0.4,0.6,3,4,3.2105693772761468,1.39433256431859,0.9966666666666667,0.011077769702264376,0,0.002725449168395677,1.472536545156511,0.049084551505217025,1,0.7,1.2695238512230373
0.4,0.6,3,5,3.0581354274012726,1.3281313410332152,1.0,0.0036607610488489897,0,0.0023851499679935183,1.528702642432228,0.05095675474774093,1,0.735,1.2691678565510789
0.4,0.6,3,6,3.2414451456716096,1.4077417401572625,1.0,0.03259811418960383,0,0.0029952865322949267,1.5126025651602815,0.05042008550534271,1,0.68,1.2713556525646164
0.4,0.6,3,7,3.3524488485592614,1.4559500357921975,1.0,0.007447588305904542,0,0.0023917923109247306,1.5247903146067388,0.05082634382022462,1,0.65,1.270031914144409
0.4,0.6,3,8,3.5640683411966516,1.5478552137077815,1.0,0.0028278348788089895,0,0.002417538769074622,1.5210513618565902,0.05070171206188633,1,0.665,1.2688221683896108
0.4,0.6,3,9,3.345042998226601,1.4527337158589213,1.0,0.0006728659294725942,0,0.0024314093317385453,1.5170438958406418,0.05056812986135472,1,0.705,1.2687515561347158
0.4,0.6,3,10,3.0483921372459313,1.3238998838831681,1.0,0.007544649560610976,0,0.0027461478424139867,1.5650990985796087,0.05216996995265362,1,0.685,1.2683744942716144
0.4,0.6,3,11,3.350661562117439,1.4551738271529333,1.0,0.015955784957399438,0,0.002018256666340165,1.5187984661292508,0.05062661553764169,1,0.66,1.272307346101108
0.4,0.6,3,12,3.1135188645699117,1.3521840621843906,1.0,0.005630102203123489,0,0.0021737119973678394,1.472852642400213,0.04909508808000709,1,0.71,1.2703835187228056
0.4,0.6,3,13,3.160751953426909,1.3726971320382304,1.0,0.0026243271936677148,0,0.0024529187254999155,1.5159962131772897,0.05053320710590965,1,0.725,1.2690652476840767
0.4,0.6,3,14,3.0309455026364587,1.316322906744492,0.9966666666666667,0.01278280416759281,0,0.0028277885192907123,1.6266071418470807,0.05422023806156935,1,0.695,1.2675141196633652
0.4,0.6,3,15,3.2624660679275106,1.416871010697517,1.0,0.006442293684198082,0,0.0024755350593339814,1.525315756732587,0.05084385855775289,1,0.745,1.2694193368561297
0.4,0.6,3,16,3.0977007415378615,1.3453143386375042,1.0,0.0027200724074801703,0,0.002392390850492195,1.507799513603919,0.050259983786797295,1,0.7,1.269141857013382
0.4,0.6,3,17,3.1815173799055243,1.3817154421722606,0.9966666666666667,0.008794986529158806,0,0.0021204299157231068,1.5558023944814536,0.05186007981604845,1,0.69,1.2692044260661377
0.4,0.6,3,18,3.1757447924326505,1.3792084392864876,0.9966666666666667,0.00937721193101425,0,0.0021906058378138825,1.485068693142244,0.04950228977140813,1,0.76,1.2723632929799131
0.4,0.6,3,19,3.158513566368793,1.3717250128905267,0.9966666666666667,0.011356645201089038,0,0.0020318133755596116,1.5657558269830563,0.0521918608994352,1,0.725,1.2692109875076751
0.4,0.6,4,0,3.155967572053789,1.3706193016085637,1.0,0.004045617618256239,0,0.0005923474455911924,1.636130084980042,0.05453766949933472,1,0.745,1.2891099926702696
0.4,0.6,4,1,3.1765939696377563,1.3795772322608233,1.0,0.0053534739239650886,0,0.0006143694283688291,1.6654905098538897,0.05551635032846298,1,0.685,1.288741837937459
0.4,0.6,4,2,3.0844989226298045,1.3395808615346494,1.0,0.013304723069178126,0,0.0006718299572250515,1.6682012797870072,0.055606709326233565,1,0.7,1.2862710965977657
0.4,0.6,4,3,3.300666042465747,1.4334610488483182,1.0,0.0019702915382198726,0,0.0006102826605192007,1.650339693876196,0.05501132312920653,1,0.73,1.2891901569356792
0.4,0.6,4,4,3.1227920180631155,1.356211341576331,1.0,0.005782914759832998,0,0.0005932407971919796,1.6105235557528075,0.053684118525093576,1,0.635,1.2897576110843305
0.4,0.6,4,5,3.2572705134106377,1.414614610040412,1.0,0.008517773049439565,0,0.0007011842213383267,1.6966906166957951,0.05655635388985983,1,0.655,1.2901485082028588
0.4,0.6,4,6,3.0966252069242963,1.3448472398897373,1.0,0.0014149991517924693,0,0.0006140343183605079,1.6550426041280042,0.0551680868042668,1,0.695,1.289142967019017
0.4,0.6,4,7,3.1546174288953277,1.3700329418850647,1.0,0.006988676995224034,0,0.0005255701591287548,1.6044246975108645,0.053480823250362144,1,0.71,1.288027391055425
0.4,0.6,4,8,3.079338673966065,1.3373397940147385,1.0,0.010994477147406147,0,0.000631124308889436,1.5610292004033022,0.05203430668011007,1,0.635,1.2916809163750274
0.4,0.6,4,9,3.4869337068220383,1.5143560676352623,1.0,0.0074332814663888545,0,0.000529699806524178,1.5803160592630316,0.05267720197543438,1,0.7,1.288993869572749
0.4,0.6,4,10,3.128147490027176,1.35853719349831,0.9966666666666667,0.004598009561039909,0,0.00047255355905486025,1.5564058744820364,0.05188019581606787,1,0.77,1.2873903299177554
0.4,0.6,4,11,3.3667793110708235,1.4621736765840903,1.0,0.0006655312925283979,0,0.0006007830271070927,1.6461669462769113,0.0548722315425637,1,0.655,1.2890365461407929
0.4,0.6,4,12,3.270920206128524,1.4205425962674647,1.0,0.010422291001112312,0,0.0005604907988593817,1.622078306494118,0.05406927688313726,1,0.69,1.2885837866461092
0.4,0.6,4,13,3.0102076473748176,1.307316570637853,1.0,0.01246027015908942,0,0.0004392781039915072,1.510078484096311,0.05033594946987703,1,0.705,1.2883603650829196
0.4,0.6,4,14,3.1589193628170897,1.3719012480487982,1.0,0.0041759547278958425,0,0.0006372125083745415,1.6682532651912607,0.05560844217304201,1,0.68,1.2893863244706905
0.4,0.6,4,15,3.1407221224714372,1.363998286980814,1.0,0.004033319743694694,0,0.0006114371371318322,1.6513138588364007,0.05504379529454668,1,0.715,1.2891720023433493
0.4,0.6,4,16,3.134824388583513,1.361436933697555,1.0,0.008420077389156485,0,0.0006847325944010813,1.6906064419718092,0.05635354806572696,1,0.715,1.289991872884494
0.4,0.6,4,17,3.088035120573593,1.3411166127885543,1.0,0.0024677537161381584,0,0.0006003212617619715,1.649459258288366,0.054981975276278856,1,0.69,1.2889140276394027
0.4,0.6,4,18,3.214107023701825,1.3958689446401868,1.0,0.0031862203869811906,0,0.0006559175217061564,1.6760336863225367,0.05586778954408455,1,0.695,1.289593910481637
0.4,0.6,4,19,3.2403070748914007,1.4072474822974024,0.9966666666666667,0.025050662978243744,0,0.0012393326821405967,1.8932444407728233,0.06310814802576077,1,0.74,1.2943924475665427
0.5,0.5,0,0,3.1378279042797175,1.3627413439907263,0.9966666666666667,0.013715466494014015,0,0.004340630251913724,0.8432735548111636,0.02810911849370545,1,0.675,1.3108274964385358
0.5,0.5,0,1,3.1058757446535825,1.348864697380204,1.0,0.01908817091180822,0,0.004582814854516254,0.9691787699711574,0.03230595899903858,1,0.69,1.312684793610858
0.5,0.5,0,2,3.2245679996076975,1.40041208875143,0.9966666666666667,0.009189912309673537,0,0.003962924446132152,0.8584188819281358,0.028613962730937855,1,0.76,1.309574731714618
0.5,0.5,0,3,3.0835605705429816,1.3391733404012598,1.0,0.029883982844990876,0,0.00438137199811766,1.0917540488199096,0.036391801627330314,1,0.7,1.3136575642412294
0.5,0.5,0,4,3.259816921571334,1.4157205010532758,1.0,0.010761342621430798,0,0.004050418872323904,0.9394605832351244,0.03131535277450414,1,0.655,1.3101651241791346
0.5,0.5,0,5,3.044954879780201,1.3224071019329207,0.99,0.031496139365036945,0,0.00818996758036062,1.1679458058361625,0.038931526861205414,1,0.64,1.322624367045437
0.5,0.5,0,6,3.2555733050464113,1.4138775218131883,1.0,0.023285895458959302,0,0.005095317672609508,0.9377369107786027,0.03125789702595342,1,0.67,1.311654870297101
0.5,0.5,0,7,3.213310933934562,1.395523207247165,1.0,0.009274384861559197,0,0.004193335747821037,0.9118318068202513,0.03039439356067504,1,0.715,1.3103465957125204
0.5,0.5,0,8,3.054929188883895,1.3267388893374523,1.0,0.007609519161201505,0,0.003811215302025186,0.8928932013477386,0.029763106711591283,1,0.655,1.3089392598262592
0.5,0.5,0,9,3.056033257540609,1.3272183802627058,1.0,0.024528439485311065,0,0.005768760221888367,0.7961737585415352,0.026539125284717836,1,0.69,1.314080814447435
0.5,0.5,0,10,3.2573525271531474,1.4146502281562239,1.0,0.005446570491717881,0,0.003727939162067973,0.9408644161731872,0.0313621472057729,1,0.735,1.3089647268600002
0.5,0.5,0,11,3.2367413668064735,1.4056989149520405,1.0,0.015174056857325225,0,0.004093712340677,0.9592039636566685,0.031973465455222276,1,0.685,1.310699619098659
0.5,0.5,0,12,3.2148844676395396,1.3962065842523252,1.0,0.021114187833446662,0,0.004867458750699549,0.9222784732256573,0.030742615774188572,1,0.73,1.3125935770392596
0.5,0.5,0,13,3.4591192993878153,1.5022764239691708,1.0,0.008784045825580199,0,0.0038755868510213544,0.963580351639659,0.032119345054655295,1,0.725,1.3097704485898853
0.5,0.5,0,14,3.132278972166947,1.360331473393694,1.0,0.023679372260930837,0,0.0037572179707484783,0.9684160990470481,0.032280536634901595,1,0.75,1.3084161880670835
0.5,0.5,0,15,3.448816887410352,1.4978021432970643,1.0,0.03046100506503056,0,0.003983683185157367,0.8186032250286523,0.027286774167621743,1,0.41,1.3062840660112593
0.5,0.5,0,16,3.0838987882380917,1.3393202264799282,1.0,0.009623805800430403,0,0.004005283934015818,0.9461633204898512,0.0315387773496617,1,0.685,1.309987574734035
0.5,0.5,0,17,3.055501345294683,1.3269873737094433,0.9933333333333333,0.035531417620335924,0,0.004136795746332571,0.7594808992888891,0.025316029976296298,1,0.39,1.3035518370876247
0.5,0.5,0,18,3.168698952974563,1.3761484700894642,1.0,0.013627025855193715,0,0.0038335621813324443,0.9170628160935224,0.030568760536450742,1,0.74,1.3094765450902155
0.5,0.5,0,19,3.474806724299316,1.509089386043507,0.9966666666666667,0.017082704246968537,0,0.0029306158445318864,1.0581802354434566,0.03527267451478188,1,0.725,1.3071982493230025
0.5,0.5,1,0,3.1698315948403835,1.3766403702017627,1.0,0.009648873763232401,0,0.003076556090666249,0.25859867231606826,0.00861995574386894,1,0.45,1.2623792428495089
0.5,0.5,1,1,3.0834864798438266,1.3391411632194563,1.0,0.036596694848750264,0,0.0028785566949897823,0.26656407263451753,0.00888546908781725,1,0.455,1.264671461548497
0.5,0.5,1,2,2.958287531961742,1.2847679510141743,0.9933333333333333,0.02694749792400584,0,0.004272812358604185,0.22841952255542308,0.0076139840851807685,1,0.345,1.266653393230529
0.5,0.5,1,3,3.170895001595937,1.3771022018877181,0.9933333333333333,0.02455622602625397,0,0.003010070561400416,0.2886882105734567,0.009622940352448556,1,0.415,1.2630217397887824
0.5,0.5,1,4,2.9458134662212654,1.2793505330961867,0.9933333333333333,0.05749487294146483,0,0.0030998931887897853,0.29608867465409916,0.00986962248846997,1,0.45,1.2720695894502139
0.5,0.5,1,5,3.075124891313019,1.335509771460581,0.9933333333333333,0.02231188359015043,0,0.0018842516711249566,0.34539932939146034,0.011513310979715342,1,0.445,1.2701269421407988
0.5,0.5,1,6,3.4029717632041367,1.4778918588321357,0.9966666666666667,0.024710014743564025,0,0.0038762104511672595,0.2262803583723494,0.007542678612411645,1,0.39,1.2706665046944545
0.5,0.5,1,7,3.2357172732210446,1.4052541567589358,0.9733333333333334,0.08594740469542417,0,0.0037456977783548572,0.2654421670035878,0.008848072233452926,1,0.475,1.261913893875816
0.5,0.5,1,8,3.3038640174617755,1.4348499117423577,1.0,0.010258091090989857,0,0.0031747377993938883,0.24867611182328164,0.00828920372744272,1,0.415,1.2636113192298322
0.5,0.5,1,9,2.9432913838442762,1.278255206636955,0.9966666666666667,0.04753018199123949,0,0.003652077285165339,0.23018801356093355,0.00767293378536445,1,0.42,1.2649691503622345
0.5,0.5,1,10,3.079763330847014,1.3375242201548365,1.0,0.04374689087331116,0,0.0025083073174252918,0.30126631852837593,0.01004221061761253,1,0.45,1.2680779013254344
0.5,0.5,1,11,3.087886595244641,1.3410521090577672,1.0,0.006766801526653808,0,0.0029872075642706085,0.2611986077729722,0.008706620259099072,1,0.43,1.2628438032869376
0.5,0.5,1,12,3.255790180763552,1.413971709740401,0.9966666666666667,0.007586779326778658,0,0.0025113044864488016,0.2926347116251504,0.009754490387505014,1,0.435,1.2646502870558236
0.5,0.5,1,13,3.306835587440817,1.4361404481868445,0.98,0.08549382803182091,0,0.002384890200935007,0.42078220427299584,0.014026073475766525,1,0.68,1.2890517382903954
0.5,0.5,1,14,2.947576764774738,1.2801163239279079,0.9933333333333333,0.038116597045060964,0,0.0019163722504542233,0.3416490619635226,0.011388302065450752,1,0.49,1.2643036801312408
0.5,0.5,1,15,3.150501259916155,1.3682453124108285,0.9966666666666667,0.025686049148712264,0,0.0038184115792051663,0.21989575085400448,0.007329858361800148,1,0.43,1.2637726322029583
0.5,0.5,1,16,3.121074829572891,1.3554655760906384,1.0,0.005322543324526525,0,0.0029299617587038498,0.2633148229682303,0.008777160765607675,1,0.4,1.263719077173005
0.5,0.5,1,17,3.267804289781034,1.4191893709916776,0.9966666666666667,0.01659551406801576,0,0.0024137865052453406,0.3112351726369367,0.010374505754564554,1,0.45,1.2684834371432676
0.5,0.5,1,18,3.4049025120160983,1.4787303723871124,0.9966666666666667,0.03166775343266639,0,0.002689306986037421,0.27662481815941553,0.009220827271980517,1,0.415,1.2669421944918817
0.5,0.5,1,19,3.3556241274677414,1.4573290419006542,1.0,0.01706551036019406,0,0.0035281263382397287,0.23228401923559572,0.0077428006411865225,1,0.43,1.2642787209279531
0.5,0.5,2,0,3.210402143362258,1.3942599355526006,1.0,0.014252056872691992,0,0.0002173448258073257,1.0849163343358004,0.03616387781119334,1,0.41,1.2787626136709933
0.5,0.5,2,1,3.3064291026725288,1.4359639140949998,1.0,0.006539924295298786,0,0.0002981429054433643,1.079812274019737,0.035993742467324556,1,0.415,1.2786366597361272
0.5,0.5,2,2,3.1168255782244856,1.3536201496778064,0.9833333333333333,0.0729590951555155,0,0.005881809369337503,1.7092962969206538,0.05697654323068845,1,0.67,1.3140956328155697
0.5,0.5,2,3,3.3610362105319327,1.4596794797110344,1.0,0.018268676471828022,0,0.000513171030987968,1.1654148634154315,0.038847162113847714,1,0.385,1.2806856233451793
0.5,0.5,2,4,3.014315632848539,1.309100646060829,0.9966666666666667,0.02184696372419694,0,0.00011201739816716532,0.9788601411137077,0.03262867137045692,1,0.45,1.2820344222687436
0.5,0.5,2,5,3.283005888564498,1.4257913414594434,0.99,0.017371167452133053,0,0.001405505079562606,1.4378568434790906,0.04792856144930301,1,0.425,1.2838755505173765
0.5,0.5,2,6,3.099831774936807,1.3462398346834183,1.0,0.005098528541694923,0,0.0003945975991741929,1.0938735978665792,0.0364624532622193,1,0.41,1.2797944077484196
0.5,0.5,2,7,2.94446413877257,1.2787645276309376,0.9933333333333333,0.041993213753766495,0,0.0006784263107251194,1.3570054745345062,0.045233515817816865,1,0.415,1.27021897766543
0.5,0.5,2,8,3.1542506746853123,1.3698736625554404,1.0,0.018476506472033142,0,0.0004957269021627214,1.152738422402011,0.038424614080067025,1,0.36,1.2814473141169287
0.5,0.5,2,9,3.0963647894072515,1.3447341419990932,0.9966666666666667,0.016964164397245015,0,0.00017196244007596428,1.0448217192838893,0.03482739064279631,1,0.495,1.2805098312906857
0.5,0.5,2,10,3.123405909429081,1.3564779512090575,1.0,0.01235776190686187,0,0.0005343381780245193,1.1171856581561501,0.037239521938538335,1,0.46,1.2811096371773136
0.5,0.5,2,11,3.273668990307766,1.4217363780684524,0.9933333333333333,0.03334231577333373,0,0.0006266872534634676,1.3968891166107889,0.046562970553692955,1,0.45,1.2753646791975377
0.5,0.5,2,12,3.4521507300023906,1.4992500127383201,1.0,0.019857429808005863,0,0.0006427665943044914,1.1645583592612585,0.038818611975375276,1,0.43,1.2835651431671933
0.5,0.5,2,13,3.433209547416803,1.4910239616606782,0.9866666666666667,0.018998045120042745,0,0.0006373036230229903,1.4448736754088531,0.048162455846961764,1,0.515,1.2785382607250644
0.5,0.5,2,14,3.092636614809534,1.3431150163437329,0.9966666666666667,0.014572236138819588,0,0.0005405659056498019,1.270050189495997,0.042335006316533225,1,0.435,1.278754286472579
0.5,0.5,2,15,3.212273391061001,1.3950726081024392,1.0,0.005142119287342692,0,0.00040071797182546134,1.1107411339759454,0.037024704465864845,1,0.41,1.2791149930454684
0.5,0.5,2,16,3.219431686068781,1.3981814161241535,0.9933333333333333,0.019855711908890145,0,0.0002526421065188098,1.2001389486617997,0.040004631622059986,1,0.375,1.2818190524601305
0.5,0.5,2,17,2.983417270926059,1.2956816579780464,0.9933333333333333,0.05283422738484542,0,0.000495156205257836,1.4630306370173651,0.04876768790057883,1,0.74,1.2906452112299571
0.5,0.5,2,18,2.990951708994484,1.298953822855405,0.99,0.05591570028331184,0,0.001622915728914313,2.2227451328094894,0.07409150442698297,1,0.64,1.284680638082558
0.5,0.5,2,19,3.274467845278479,1.4220833163740743,1.0,0.0067009610985377605,0,0.00042765431705635857,1.1117220912417625,0.03705740304139208,1,0.445,1.2785333030155315
0.5,0.5,3,0,3.2994692147357214,1.432941273169379,0.9966666666666667,0.005079863758590591,0,0.0019797797141970653,1.4533323365872874,0.04844441121957624,1,0.65,1.2718271417447362
0.5,0.5,3,1,3.04548212560179,1.3226360818838434,1.0,0.012130292105262506,0,0.0023453953618906755,1.3939090867943982,0.046463636226479935,1,0.68,1.2689337819978077
0.5,0.5,3,2,3.0491488958666197,1.3242285399762659,1.0,0.015843538349476667,0,0.0023026975226632853,1.539475123075501,0.051315837435850026,1,0.74,1.2695341309903856
0.5,0.5,3,3,3.123773562990108,1.3566376211218638,0.9966666666666667,0.025156625414533652,0,0.0030676093351614288,2.0870325318883056,0.06956775106294351,1,0.75,1.2716544678088477
0.5,0.5,3,4,3.205370550328883,1.3920747424630233,1.0,0.003975990500657205,0,0.0025154532944280435,1.5196290511715171,0.05065430170571723,1,0.7,1.268406156527834
0.5,0.5,3,5,3.220487856708425,1.3986401052048991,1.0,0.01216989363571359,0,0.0022071126080035735,1.4499891755908656,0.04833297251969551,1,0.735,1.271222252692561
0.5,0.5,3,6,2.9820030823171826,1.2950674836688407,1.0,0.022138542883208285,0,0.002855394855005371,1.708212734700948,0.05694042449003159,1,0.68,1.2705696848583532
0.5,0.5,3,7,2.9270794137041944,1.271214437464337,0.9966666666666667,0.08914946684660803,0,0.0027806428947639017,2.2404617735837187,0.07468205911945727,1,0.65,1.2801153465978876
0.5,0.5,3,8,3.3225468819324337,1.4429637766881112,1.0,0.022105875966963753,0,0.00192382795958548,1.511723890089961,0.050390796336332026,1,0.665,1.2697856275591262
0.5,0.5,3,9,3.050200523066013,1.3246852558659818,1.0,0.00363417965720182,0,0.002515304457226246,1.530872056231114,0.05102906854103713,1,0.705,1.2687358924834586
0.5,0.5,3,10,3.2251998374643995,1.4006864924460531,0.9966666666666667,0.02082965762372245,0,0.003260596108790051,1.5736109215998162,0.05245369738666053,1,0.685,1.2655924047097216
0.5,0.5,3,11,3.0803495395493634,1.3377788073595107,1.0,0.0133291370698373,0,0.0024816053046140697,1.640976049660725,0.05469920165535749,1,0.66,1.269955290185023
0.5,0.5,3,12,3.1571288225952623,1.3711236263108328,1.0,0.005413841234302018,0,0.0022720912417608444,1.5253047479136972,0.05084349159712323,1,0.71,1.2694765831222121
0.5,0.5,3,13,3.0060521382753724,1.305511855966465,1.0,0.015948119125572962,0,0.0028105910745218274,1.5190844134057413,0.0506361471135247,1,0.725,1.2668570451567454
0.5,0.5,3,14,3.064150766905035,1.3307437697864737,0.9966666666666667,0.03533724051624529,0,0.002359051087320407,1.5551257267423457,0.05183752422474485,1,0.695,1.2742250844079077
0.5,0.5,3,15,3.1454569606790472,1.3660546010870838,0.9966666666666667,0.01735811052370682,0,0.0021774521101005917,1.6222500641758508,0.05407500213919502,1,0.745,1.2723868059302195
0.5,0.5,3,16,3.1832075235995907,1.3824494622522172,1.0,0.007010127417087443,0,0.0023483118082392937,1.515544609389674,0.050518153646322464,1,0.7,1.2701868857114893
0.5,0.5,3,17,3.0479676606574846,1.3237155360431085,1.0,0.00868312837176205,0,0.002796145053357419,1.5538532704875374,0.05179510901625124,1,0.69,1.2667352193574213
0.5,0.5,3,18,3.101481403050691,1.3469562590704702,0.9966666666666667,0.028749299886481675,0,0.002332052205697044,1.661198782987866,0.05537329276626219,1,0.76,1.2737241581954617
0.5,0.5,3,19,3.1411842704576514,1.3641989953010496,0.9933333333333333,0.05858706396702376,0,0.001504878900923358,1.6613014001253312,0.055376713337511034,1,0.725,1.2783343557553632
0.5,0.5,4,0,3.0720256312393808,1.334163779912617,1.0,0.025323992692088168,0,0.00042406240650368857,1.429538113277462,0.047651270442582064,1,0.745,1.2875224641171723
0.5,0.5,4,1,3.2975417151840736,1.4321041707502276,0.99,0.06159562669049176,0,0.0003319489146736696,1.252621778702756,0.04175405929009186,1,0.44,1.282517550345899
0.5,0.5,4,2,3.0381622226134306,1.3194570884079317,1.0,0.022429124185699142,0,0.0007660051112789016,1.7988815875172426,0.05996271958390808,1,0.7,1.2880383676774692
0.5,0.5,4,3,3.2216688531347857,1.399153005436015,0.9933333333333333,0.024531681144666563,0,0.0011330619499396247,1.9798440031098985,0.06599480010366328,1,0.73,1.2918942685416372
0.5,0.5,4,4,3.003196834226926,1.304271813174069,1.0,0.035280323560035735,0,0.0008049154419960971,1.802890305639443,0.06009634352131476,1,0.635,1.2860311730340546
0.5,0.5,4,5,3.1932590454094574,1.3868147827089725,0.9966666666666667,0.013106282108274806,0,0.0007333952604888297,1.4931068283892512,0.04977022761297503,1,0.655,1.2939980758012282
0.5,0.5,4,6,3.286369530730162,1.4272521526910884,1.0,0.0035286326764766597,0,0.0006342050202932064,1.666901469061166,0.05556338230203886,1,0.695,1.2893309266455495
0.5,0.5,4,7,3.417606445446395,1.4842476205743562,1.0,0.009018241935732588,0,0.0006133857120370822,1.6280627175139617,0.054268757250465385,1,0.71,1.2898714467112733
0.5,0.5,4,8,3.12698120904476,1.358030684103298,0.9933333333333333,0.014343979652576049,0,0.0006902933986530609,1.6189347877597238,0.05396449292532412,1,0.635,1.2917449276080817
0.5,0.5,4,9,3.2690165904779453,1.419715866494754,1.0,0.006888556420921388,0,0.0006339438968167954,1.6817473349918455,0.056058244499728176,1,0.7,1.2888364433182442
0.5,0.5,4,10,3.14112330949339,1.3641725202906594,1.0,0.004201012028474223,0,0.000630874101023673,1.6714588232092542,0.05571529410697513,1,0.77,1.2891025465911463
0.5,0.5,4,11,3.2323010892817114,1.403770526924917,1.0,0.02635791857917286,0,0.0005881798696506122,1.6647835550925028,0.055492785169750085,1,0.655,1.2856454099057602
0.5,0.5,4,12,3.107460675356072,1.349553024038494,0.9933333333333333,0.03127063124031711,0,0.0010029351365005838,1.9528389968264115,0.06509463322754704,1,0.69,1.289625643494558
0.5,0.5,4,13,3.1001990370320174,1.3463993345847802,1.0,0.019062404732295056,0,0.000900143637896947,1.7609875251284435,0.05869958417094811,1,0.705,1.2928346268316637
0.5,0.5,4,14,3.2004452438387823,1.3899357090326903,1.0,0.018912342545495512,0,0.0004941743467028084,1.5844846093594378,0.052816153645314584,1,0.68,1.287683509715359
0.5,0.5,4,15,2.9938708607993014,1.3002215943760753,0.9933333333333333,0.01790432323670741,0,0.0006828639768826405,1.7251150434790363,0.05750383478263454,1,0.715,1.2876705662034906
0.5,0.5,4,16,3.5179081782726493,1.5278081096661325,1.0,0.011468084342531375,0,0.000648222131520887,1.6717606312660171,0.05572535437553389,1,0.715,1.2893261202487876
0.5,0.5,4,17,3.2640470573605347,1.4175576256842268,1.0,0.019573563845006237,0,0.0005356176574203906,1.5733071176836921,0.052443570589456395,1,0.69,1.2888564005860124
0.5,0.5,4,18,3.112813619834983,1.35187777828762,1.0,0.023076308821379263,0,0.0005732706903126081,1.6167164287337,0.05389054762445666,1,0.695,1.28917179605601
0.5,0.5,4,19,3.1129036868233273,1.3519168938836592,1.0,0.03373890426307538,0,0.0008443146395397845,1.6782512294495566,0.055941707648318545,1,0.74,1.293132031572877
0.6,0.4,0,0,3.1460936562087363,1.36633111444228,0.9933333333333333,0.055703467906668774,0,0.0019235776296260033,0.9454155213249771,0.03151385071083256,1,0.675,1.3018147723782223
0.6,0.4,0,1,3.1791586939314835,1.380691077869192,0.9833333333333333,0.0832332154075104,0,0.005350282950101988,1.4087347353950785,0.04695782451316928,1,0.69,1.3190827525174451
0.6,0.4,0,2,3.0350282216299553,1.3180960090745293,0.9733333333333334,0.06866167474016462,0,0.002290417419197912,1.0344766588870957,0.03448255529623652,1,0.76,1.3033536613252474
0.6,0.4,0,3,3.2987061021303785,1.432609857575808,0.9933333333333333,0.02847304352826105,0,0.006724369899593831,0.996698190412304,0.03322327301374346,1,0.7,1.3182891121378337
0.6,0.4,0,4,3.196618679562638,1.3882738532829129,0.9833333333333333,0.052400365046283544,0,0.001105860555378228,0.8521340880319639,0.02840446960106546,1,0.655,1.2963554655159557
0.6,0.4,0,5,2.9636687347305934,1.2871049776826888,0.9933333333333333,0.038951611027107425,0,0.0024056068245035464,1.0584778762096403,0.03528259587365467,1,0.64,1.3062845368327514
0.6,0.4,0,6,3.1979571831006512,1.3888551579834798,1.0,0.023752848823877314,0,0.0033796950931813015,0.9855612092871502,0.032852040309571666,1,0.67,1.3083071273690428
0.6,0.4,0,7,2.5659396152971317,1.114373415820497,0.96,0.3135312055690885,0,0.04931706546951172,8.794912810052901,0.29316376033509667,0,1.0,1.362977308088066
0.6,0.4,0,8,3.0237708661550227,1.3132070017109425,1.0,0.013510276604086296,0,0.0036078974032472608,0.9952588661810702,0.033175295539369,1,0.655,1.3097548143110442
0.6,0.4,0,9,3.1428456905939886,1.3649205408983838,0.99,0.04874289573052751,0,0.004401844915304303,1.738783103074526,0.05795943676915086,1,0.69,1.3135724863703553
0.6,0.4,0,10,3.1543672376485734,1.3699242852071787,0.9966666666666667,0.02862683727968544,0,0.003731824787872092,0.9235320111027456,0.030784400370091516,1,0.735,1.3092474665609213
0.6,0.4,0,11,3.0374355480495514,1.3191414976546996,0.9966666666666667,0.0713423343023307,0,0.00442825126574619,0.8238426885180339,0.027461422950601125,1,0.685,1.3111252749478686
0.6,0.4,0,12,2.829900348415025,1.229010105652735,0.99,0.1163604521318626,0,0.009204848889120237,1.4079519094202964,0.04693173031400987,1,0.73,1.321230461923768
0.6,0.4,0,13,2.9497159547021545,1.2810453623091278,0.9733333333333334,0.07613146670730879,0,0.002787790904349323,0.778086958143509,0.025936231938116963,1,0.42,1.2992824658695608
0.6,0.4,0,14,3.0018301899243625,1.3036782870947408,0.9666666666666667,0.10166750019524931,0,0.01857120508194813,0.7442770970007007,0.02480923656669002,1,0.485,1.3174192713645043
0.6,0.4,0,15,2.94871702564148,1.280611532930264,0.9933333333333333,0.0434641274362982,0,0.0034769393737353257,0.9008909036840429,0.030029696789468093,1,0.41,1.301130076544991
0.6,0.4,0,16,3.1258388474122643,1.357534562749967,0.9966666666666667,0.04920918542259083,0,0.0022842545458124884,0.7494399837750854,0.024981332792502843,1,0.685,1.301770582254068
0.6,0.4,0,17,3.008830638851232,1.3067185434345259,0.9766666666666667,0.09141273751284805,0,0.007286405395214659,0.527025368384676,0.017567512279489196,1,0.675,1.313342624880081
0.6,0.4,0,18,2.974360896686547,1.2917485246197755,0.9966666666666667,0.058062792719722686,0,0.004778461553766076,0.7457876916935557,0.02485958972311852,1,0.42,1.307127542427673
0.6,0.4,0,19,2.6990742985754075,1.1721930741181894,0.9766666666666667,0.201488788584291,0,0.0294005739781959,2.232753808292187,0.07442512694307289,1,1.0,1.3548641380668511
0.6,0.4,1,0,3.27648060105363,1.422957445100641,0.9966666666666667,0.0376515477656008,0,0.004595376866279101,0.19968938110513368,0.006656312703504455,1,0.45,1.2739192455938642
0.6,0.4,1,1,3.1675418561846738,1.3756459493385873,1.0,0.014267640942335144,0,0.002933234006016797,0.2610226386501546,0.00870075462167182,1,0.455,1.2638951664235953
0.6,0.4,1,2,2.471549616636024,1.0733803602551226,0.9166666666666666,0.29055227721298393,0,0.03325513976717074,9.626449421900906,0.32088164739669683,0,0.64,1.3119166304540177
0.6,0.4,1,3,3.269747122093715,1.4200331323443387,0.9966666666666667,0.04447067108062297,0,0.0034759663850017666,0.23202830897113835,0.007734276965704611,1,0.415,1.2624796195893353
0.6,0.4,1,4,3.2186253257050184,1.397831218267746,0.9866666666666667,0.061454758809714544,0,0.005831153316573974,0.15789977023993318,0.005263325674664438,1,0.45,1.2692975740234895
0.6,0.4,1,5,3.119165304443099,1.3546362798637142,0.9933333333333333,0.05036621335811889,0,0.0021139055960653075,0.35429656293639034,0.011809885431213009,1,0.445,1.27900413855416
0.6,0.4,1,6,3.330553779050102,1.4464411279234815,0.9966666666666667,0.03583697762504035,0,0.003168970934126956,0.2476881229089678,0.00825627076363226,1,0.39,1.2662330747036787
0.6,0.4,1,7,3.256506991064673,1.4142830164987497,0.9866666666666667,0.07441168792051689,0,0.002824604146371903,0.3168455262416492,0.010561517541388305,1,0.475,1.282522486037829
0.6,0.4,1,8,2.7761848516262986,1.2056817618046993,0.9866666666666667,0.27027189217978065,0,0.01527640940239617,2.7872879065635345,0.09290959688545114,1,0.645,1.3207652370574912
0.6,0.4,1,9,2.986250955556945,1.2969123115766938,0.9733333333333334,0.11993410471906822,0,0.008868624576521074,0.11266568323584636,0.0037555227745282114,1,0.42,1.2566260721920186
0.6,0.4,1,10,2.8834384890163562,1.2522614246872537,0.9866666666666667,0.1321408021305761,0,0.002879980723568402,0.28059412791835436,0.009353137597278478,1,0.45,1.270131783648806
0.6,0.4,1,11,2.9583145575649623,1.2847796880845226,0.9966666666666667,0.055751896007352905,0,0.0029547819228273185,0.26595379186478696,0.008865126395492898,1,0.43,1.266656051638457
0.6,0.4,1,12,3.241906442923296,1.407942079008187,1.0,0.0238456938563609,0,0.0026353116925236413,0.2809156403001445,0.009363854676671482,1,0.435,1.2703943039916548
0.6,0.4,1,13,2.525737417738871,1.09691382326056,0.9466666666666667,0.22677270089108845,0,0.0033399364327343344,1.6685536974361481,0.05561845658120493,1,0.425,1.2882505154410016
0.6,0.4,1,14,3.045786275889928,1.322768172675651,0.99,0.04992003100854878,0,0.0031150508639741824,0.26195084537020685,0.00873169484567356,1,0.49,1.271451214222374
0.6,0.4,1,15,2.933010257246661,1.2737901700878618,0.9933333333333333,0.06353598130377983,0,0.0035071181216115455,0.2741804587680363,0.00913934862560121,1,0.43,1.2511189052079903
0.6,0.4,1,16,3.1875535895770124,1.384336934724199,0.9966666666666667,0.03959103208911655,0,0.0038941731170285595,0.2563807217539793,0.008546024058465976,1,0.4,1.2669165353968197
0.6,0.4,1,17,2.9714520375972127,1.2904852231686432,0.99,0.03200045339782894,0,0.0022525868946776865,0.38697319356146287,0.01289910645204876,1,0.725,1.273630370322575
0.6,0.4,1,18,3.1291243082352516,1.3589614202558997,0.9966666666666667,0.10711451144560989,0,0.0024649050060692014,0.3317220766101414,0.011057402553671379,1,0.415,1.2802495232277784
0.6,0.4,1,19,3.1818950060820446,1.3818794431369457,0.9966666666666667,0.10077749888738957,0,0.00399664942130014,0.2656088316273175,0.008853627720910582,1,0.43,1.2714218452145887
0.6,0.4,2,0,2.731604546793413,1.1863207814142123,0.9633333333333334,0.19800169067957563,0,0.018038636713413207,2.4410013839058555,0.08136671279686183,1,0.685,1.341152863527165
0.6,0.4,2,1,3.1261021692071607,1.3576489219524555,0.98,0.11252515037894786,0,0.009726082905470237,0.39398773314124336,0.013132924438041444,1,0.415,1.3090858085150407
0.6,0.4,2,2,2.886137484101486,1.2534335833594092,0.9966666666666667,0.06705569786278288,0,0.0005358206103722495,0.9911168748322485,0.033037229161074946,1,0.425,1.2825893427926174
0.6,0.4,2,3,3.093740801398197,1.343594558486181,0.9833333333333333,0.03652912588334564,0,0.00013430007757701335,0.830159541888148,0.02767198472960493,1,0.715,1.2836564488028062
0.6,0.4,2,4,2.831891227792644,1.22987473358057,0.9866666666666667,0.18389805044468238,0,0.003951128914295648,0.9533153851191967,0.03177717950397322,1,0.715,1.308335741605114
0.6,0.4,2,5,3.2614806278099793,1.4164430394922272,0.9966666666666667,0.02029428027469854,0,0.0008238330111362789,1.3321179589623866,0.04440393196541288,1,0.425,1.286544421411859
0.6,0.4,2,6,2.8026314549966456,1.2171673757135248,0.9633333333333334,0.14488854885076075,0,0.0018998002366782188,0.9529389256547338,0.03176463085515779,1,0.41,1.2968896415031925
0.6,0.4,2,7,2.89915875409194,1.2590886490636357,0.9666666666666667,0.25499204906801703,0,0.005525490984163363,3.698748012986991,0.12329160043289968,1,0.685,1.308445782162776
0.6,0.4,2,8,3.0008659489771197,1.3032595225721282,0.9566666666666667,0.10765505133088771,0,0.007489509932943467,1.9423024149821666,0.06474341383273888,1,0.36,1.2773873699622387
0.6,0.4,2,9,3.262617261553837,1.4169366732551294,0.9833333333333333,0.06287696466806207,0,0.0012526210877580463,1.6212708858406255,0.05404236286135418,1,0.725,1.2969732232273283
0.6,0.4,2,10,3.1915001293305245,1.3860508951617612,0.9733333333333334,0.11226384235712478,0,0.01235253170752696,1.4377296811273088,0.04792432270424362,1,0.46,1.2906873220378203
0.6,0.4,2,11,3.2407278362440306,1.4074302166310475,0.9766666666666667,0.08670029484650947,0,0.009240343434030879,0.5293134066105598,0.01764378022035199,1,0.45,1.241200359434184
0.6,0.4,2,12,3.0652031889103957,1.3312008308560357,0.9933333333333333,0.0640598579097779,0,0.00041577392086529323,0.769572289975784,0.025652409665859462,1,0.685,1.2870593937651873
0.6,0.4,2,13,3.12944346921347,1.3591000301075788,0.9933333333333333,0.11982393361076675,0,0.0009618068658105178,1.3367615766485375,0.04455871922161791,1,0.515,1.2870222817122048
0.6,0.4,2,14,2.9699229533488913,1.2898211503172323,0.9966666666666667,0.06497464979781337,0,0.000446311868164709,0.9141247403080033,0.030470824676933437,1,0.435,1.2814340792867223
0.6,0.4,2,15,3.1939483784786566,1.3871141562571194,0.9966666666666667,0.017337670607566517,0,0.0003482065368434177,1.1525407208875293,0.03841802402958431,1,0.41,1.2763864815541317
0.6,0.4,2,16,2.5568769744939117,1.1104375609281874,0.9366666666666666,0.279882076271714,0,0.017794132253591097,5.109121356174589,0.17030404520581963,1,0.7,1.29868740380634
0.6,0.4,2,17,2.9803776654546654,1.294361574094657,0.99,0.06452476795429685,0,0.0006545471790380883,0.8506057315126825,0.028353524383756077,1,0.505,1.2872662358712894
0.6,0.4,2,18,3.083087537743468,1.3389679048666718,0.99,0.058408793185825585,0,0.002089835567832387,1.5090954136519397,0.05030318045506465,1,0.4,1.2965110653188687
0.6,0.4,2,19,2.598561241093779,1.1285408078946937,0.9166666666666666,0.24567209270766688,0,0.02240970279405543,4.54521836651759,0.15150727888391963,1,0.69,1.3478296085670247
0.6,0.4,3,0,3.035984166902827,1.318511170831539,0.97,0.12177600933404088,0,0.02059150468718151,5.8313986570433185,0.19437995523477725,1,0.65,1.2925281246164715
0.6,0.4,3,1,3.25523595622592,1.4137310130819725,0.9966666666666667,0.04176782300633993,0,0.0014336760017602274,1.7493450801595645,0.058311502671985475,1,0.68,1.2797315939889002
0.6,0.4,3,2,3.2237200324485027,1.4000438212933564,0.98,0.048957343487322016,0,0.0024911402318092447,1.1112995858915065,0.03704331952971688,1,0.74,1.2657049422761462
0.6,0.4,3,3,3.0635970384034446,1.3305032885537604,0.9966666666666667,0.055446785167231984,0,0.0015054086430190067,1.751525552552663,0.058384185085088754,1,0.75,1.284066456169623
0.6,0.4,3,4,3.061347144612256,1.329526172095379,0.9966666666666667,0.024356603319324852,0,0.0025896606873341624,1.6323585682758102,0.054411952275860334,1,0.7,1.2716526703857065
0.6,0.4,3,5,3.108895047436704,1.3501759639181088,0.9933333333333333,0.057128434107986646,0,0.0018070065095529301,1.3603002071042536,0.045343340236808444,1,0.735,1.2824221819692287
0.6,0.4,3,6,3.0801588289280843,1.3376959827890489,0.99,0.03770558170604658,0,0.008139279794215883,2.0928942300512565,0.06976314100170854,1,0.68,1.2445035963825029
0.6,0.4,3,7,2.821766229087059,1.2254775025134568,0.96,0.13539890141567498,0,0.010691210840203677,4.22598204722206,0.1408660682407353,1,0.65,1.3267267043211646
0.6,0.4,3,8,3.0070255472924545,1.3059346021312188,1.0,0.05432148775806162,0,0.0020607335075135246,1.6439024014218817,0.05479674671406271,1,0.665,1.2700799443339745
0.6,0.4,3,9,3.111522628602366,1.3513171079191086,0.99,0.046927003140752474,0,0.0008752098504801638,1.5446126677154504,0.05148708892384834,1,0.705,1.2764837245275658
0.6,0.4,3,10,3.2063541726605234,1.3925019242139316,0.99,0.03968616272072186,0,0.004560584303739037,1.7314638633038448,0.05771546211012815,1,0.685,1.2676302364851273
0.6,0.4,3,11,3.0969161963824647,1.3449736150057119,0.9933333333333333,0.050817691228008194,0,0.0013998884146626204,1.363634214139131,0.0454544738046377,1,0.66,1.2791671321581495
0.6,0.4,3,12,3.30759534375597,1.436470406162107,0.9933333333333333,0.028101536766139728,0,0.0011670144346357554,1.3175529415498377,0.043918431384994586,1,0.71,1.2788026037162117
0.6,0.4,3,13,2.9282772995218265,1.2717346726648848,0.9866666666666667,0.08470649781289843,0,0.0022319042297907106,1.4659564248014678,0.04886521416004892,1,0.725,1.2897969995566365
0.6,0.4,3,14,3.4414530543265567,1.4946040712231152,0.9966666666666667,0.010537214716905885,0,0.002135377339545967,1.5124963398217173,0.0504165446607239,1,0.695,1.2669443096525335
0.6,0.4,3,15,2.680207459670807,1.1639993100909636,0.9,0.3007251541889083,0,0.07257909002923167,15.256273808348192,0.508542460278273,0,0.745,1.318631475201613
0.6,0.4,3,16,3.199553409648269,1.389548390364978,0.9933333333333333,0.08712537266504797,0,0.0017399366660847508,0.8833552855249616,0.02944517618416538,1,0.7,1.3000029160440318
0.6,0.4,3,17,3.098135028755702,1.3455029471797735,1.0,0.015369814437141575,0,0.0018048659915789675,1.541174702262349,0.05137249007541163,1,0.69,1.2729722091323332
0.6,0.4,3,18,3.0572013882277775,1.327725692974285,0.9966666666666667,0.02006513373663703,0,0.001838046630311575,1.5766530039517779,0.05255510013172592,1,0.76,1.2754919697370521
0.6,0.4,3,19,2.9954949744825363,1.3009269379866875,0.9866666666666667,0.07641544063564733,0,0.0025180313217522134,1.8316534187571454,0.0610551139585715,1,0.725,1.2952517368124352
0.6,0.4,4,0,3.26085959203075,1.4161733270802437,0.9933333333333333,0.054947664415442625,0,0.0004839648389580557,1.256144451482305,0.041871481716076825,1,0.745,1.2923165323281691
0.6,0.4,4,1,3.234760758212501,1.4048387475688677,0.9933333333333333,0.018758382068658482,0,0.0008858230114999303,1.8148190272392395,0.06049396757464131,1,0.685,1.2909858754162196
0.6,0.4,4,2,3.3153804480662683,1.439851434005111,1.0,0.008680527181357199,0,0.0005933056150901027,1.6336988316144885,0.054456627720482945,1,0.7,1.2892244671603532
0.6,0.4,4,3,3.03687277165239,1.318897086970867,0.9933333333333333,0.08858493363387543,0,0.0020227874516880358,1.5382277704936442,0.0512742590164548,1,0.73,1.3044570145216277
0.6,0.4,4,4,3.0942438890411212,1.3438130466734166,0.9966666666666667,0.06166013683102122,0,0.0001720550125686197,0.9429442472785821,0.031431474909286064,1,0.635,1.2868161726456915
0.6,0.4,4,5,3.117390634124034,1.353865550336947,1.0,0.021091391237867803,0,0.0005235557348457136,1.5905102821035744,0.05301700940345247,1,0.655,1.288068293815202
0.6,0.4,4,6,3.173341242573005,1.3781645908454643,1.0,0.03776840866880659,0,0.000654754880697596,1.6159300686679146,0.05386433562226381,1,0.695,1.291082939570595
0.6,0.4,4,7,3.078364592156759,1.3369167556600345,1.0,0.013176192930438781,0,0.0006749012047717203,1.6604654724486578,0.055348849081621916,1,0.71,1.2903063943415907
0.6,0.4,4,8,3.230234567849567,1.402873048070202,0.99,0.04324152934704421,0,0.0014559662097363858,1.74072595646661,0.05802419854888699,1,0.635,1.2984811628336415
0.6,0.4,4,9,3.3167740255549045,1.44045665701853,0.9966666666666667,0.025008659412113863,0,0.0005583996609240785,1.6742638763286133,0.055808795877620436,1,0.7,1.2851403788782525
0.6,0.4,4,10,3.0134729689000386,1.308734681757896,1.0,0.04472165472668896,0,0.0011535135998967288,1.8400900736767367,0.061336335789224546,1,0.77,1.2953782898906119
0.6,0.4,4,11,2.6872888552914342,1.1670747211331762,0.93,0.24136967965418663,0,0.06749164708435042,0.9684798482285095,0.03228266160761698,1,1.0,1.3563442748911754
0.6,0.4,4,12,3.2883111925827286,1.4280954057193802,0.9966666666666667,0.023586966732405953,0,0.0007558480375256683,1.5842884539280067,0.052809615130933546,1,0.69,1.2929268386123138
0.6,0.4,4,13,3.1311346569666627,1.3598345036166526,0.9966666666666667,0.0386872887809587,0,0.0005019805742759844,1.4759833678056666,0.04919944559352221,1,0.705,1.2894529221142965
0.6,0.4,4,14,2.870443291439055,1.2466176820881893,0.9933333333333333,0.17607944569341274,0,0.009433963690950483,3.2935389027666186,0.1097846300922206,1,0.68,1.3197433966917882
0.6,0.4,4,15,3.07762730254412,1.336596554849701,0.9933333333333333,0.050182671880070334,0,0.0004403739920386167,1.4500322594540593,0.048334408648468635,1,0.715,1.2874862414365342
0.6,0.4,4,16,2.896686563564659,1.2580149903594242,0.9866666666666667,0.12239975274421006,0,0.0023305406327235236,2.3286962456233686,0.0776232081874456,1,0.715,1.2888994858432692
0.6,0.4,4,17,3.038274246084524,1.3195057395832712,0.9933333333333333,0.061578895841548006,0,0.00019150061588406537,1.06013160764043,0.035337720254680995,1,0.69,1.2858219838984117
0.6,0.4,4,18,3.134897050495549,1.3614684903649967,1.0,0.027937792350770773,0,0.0005140468034901288,1.6213913733309215,0.05404637911103071,1,0.695,1.2868617099611293
0.6,0.4,4,19,2.5592497542256214,1.1114680460724409,0.9466666666666667,0.29473171263832026,0,0.03692164559927602,3.9089526831762536,0.13029842277254175,1,1.0,1.3551561951283655
0.7,0.30000000000000004,0,0,2.5645946592460525,1.113789308829111,0.72,0.2909438432721205,0,0.15481736413714248,10.004421210173126,0.3334807070057708,0,0.235,1.2417492619111838
0.7,0.30000000000000004,0,1,2.3570821085312486,1.0236677531280027,0.8366666666666667,0.3339212833773378,0,0.07775183028770134,9.90408455716581,0.3301361519055269,0,0.42,1.2797183987920788
0.7,0.30000000000000004,0,2,3.0734769996599263,1.3347941012088687,0.9666666666666667,0.1328028096607399,0,0.006065410159341929,2.520117351171891,0.08400391170572968,1,0.76,1.319783778626561
0.7,0.30000000000000004,0,3,3.2645160668551014,1.4177613139196779,1.0,0.04426312262340261,0,0.0024380384034383452,0.8957433717850349,0.029858112392834493,1,0.7,1.3028932180859436
0.7,0.30000000000000004,0,4,2.945706799235342,1.279304208212799,0.9666666666666667,0.1494615473339673,0,0.01756385341770715,0.4677784168704735,0.015592613895682448,1,0.39,1.2823074996064527
0.7,0.30000000000000004,0,5,2.0236519938044126,0.8788608942017699,0.7633333333333333,0.4949497998615524,0,0.07315175405362564,4.4049665105713345,0.14683221701904445,1,0.45,1.3176385651672446
0.7,0.30000000000000004,0,6,2.7276433622070817,1.1846004608065683,0.97,0.2792432148857362,0,0.004426928626505246,0.4338839892628066,0.01446279964209355,1,0.67,1.2774978066193519
0.7,0.30000000000000004,0,7,2.8565237782385027,1.2405725143144097,0.9566666666666667,0.16137470299963874,0,0.0174194063780097,0.09515232415751584,0.003171744138583861,1,0.43,1.29231406360251
0.7,0.30000000000000004,0,8,2.970637997509801,1.290131690050632,0.9866666666666667,0.11474782985739346,0,0.002974368749263226,1.889982946606339,0.06299943155354462,1,0.655,1.3069333171888708
0.7,0.30000000000000004,0,9,2.516191687891881,1.0927681654622732,0.8666666666666667,0.26828542349678375,0,0.05996195980610905,0.6585295367498967,0.021950984558329886,1,0.765,1.323268620668893
0.7,0.30000000000000004,0,10,2.770025386599539,1.2030067401321014,0.9566666666666667,0.2403454490651227,0,0.01458030572920014,6.156211729886979,0.20520705766289926,0,0.735,1.3211331340188905
0.7,0.30000000000000004,0,11,2.645603585949765,1.1489710386814387,0.96,0.22442980685340067,0,0.009974552430210663,0.9118625139449332,0.03039541713149777,1,0.45,1.3174487220046562
0.7,0.30000000000000004,0,12,2.1897081984180797,0.9509781875512828,0.6866666666666666,0.4006481321186202,0,0.2007927968300427,9.176999355243042,0.3058999785081014,1,0.77,1.331316566244901
0.7,0.30000000000000004,0,13,2.4371320119047573,1.0584329844400062,0.6033333333333334,0.30474771922008986,0,0.27768731004322356,19.842006708079417,0.6614002236026472,0,0.53,1.232196231218931
0.7,0.30000000000000004,0,14,2.905760491208708,1.2619557470644243,0.97,0.1565784926562993,0,0.022074590760128285,1.256284710644967,0.0418761570214989,1,0.485,1.310885805810822
0.7,0.30000000000000004,0,15,2.8734464243451345,1.2479219261377217,0.96,0.16447846855673962,0,0.020788481700572715,3.6466985846690445,0.12155661948896813,1,0.71,1.3432641894601798
0.7,0.30000000000000004,0,16,2.8023235186316007,1.2170336406494084,0.9733333333333334,0.19291234469213042,0,0.013747054529679566,0.9228094381439123,0.03076031460479707,1,0.685,1.3286683275020037
0.7,0.30000000000000004,0,17,2.9056092564996874,1.2618900666648243,0.9766666666666667,0.16273044491772007,0,0.005838189045281814,1.682557912252558,0.05608526374175193,1,0.39,1.3052240692716501
0.7,0.30000000000000004,0,18,3.100923227568573,1.3467138465386528,0.9033333333333333,0.11119945749991918,0,0.009711860178783227,3.209445738920136,0.10698152463067118,1,0.74,1.240405917334861
0.7,0.30000000000000004,0,19,2.9650054191488837,1.2876854923495986,0.97,0.08935598701399838,0,0.009096511818247395,0.7087171660823122,0.02362390553607707,1,0.725,1.3133392126456476
0.7,0.30000000000000004,1,0,3.007296900885834,1.306052449499468,0.9766666666666667,0.11468875413840003,0,0.005954448552564651,0.1792073808314032,0.005973579361046772,1,0.45,1.2770492485310383
0.7,0.30000000000000004,1,1,3.0811159291147114,1.33811164611873,0.9766666666666667,0.06656638644090172,0,0.0028266494204915744,0.31959709181381135,0.01065323639379371,1,0.455,1.2687162555673068
0.7,0.30000000000000004,1,2,2.88570826626651,1.253247176422145,0.9766666666666667,0.10511886480161187,0,0.008698318382678292,0.288110105934003,0.009603670197800099,1,0.345,1.29039351864298
0.7,0.30000000000000004,1,3,2.924249218272227,1.2699852992055256,0.9833333333333333,0.07852661953460885,0,0.002594791797960158,0.368645841100379,0.012288194703345965,1,0.635,1.26778087877068
0.7,0.30000000000000004,1,4,3.123224043223604,1.3563989677195742,0.99,0.10823754332053757,0,0.0039997209679709855,0.25672053977582876,0.008557351325860958,1,0.45,1.2651137625249331
0.7,0.30000000000000004,1,5,2.8447115779470673,1.2354425409087033,0.9833333333333333,0.12522336734550807,0,0.002509379610841283,0.3402930802770876,0.011343102675902918,1,0.445,1.2830598542184486
0.7,0.30000000000000004,1,6,2.75588340753808,1.1968649566625187,0.9233333333333333,0.2850776589085738,0,0.022424642310684792,0.0242334790181431,0.0008077826339381032,1,0.195,1.2222141153484667
0.7,0.30000000000000004,1,7,2.7363709062571737,1.1883907850280908,0.9666666666666667,0.16086493175086933,0,0.005604269109465251,1.0037976383845293,0.03345992127948431,1,0.665,1.2969111118892098
0.7,0.30000000000000004,1,8,2.5581206699632957,1.110977691007709,0.8433333333333334,0.22278691000867348,0,0.07837291403426863,0.05776868386320744,0.0019256227954402476,1,0.19,1.2826704255251808
0.7,0.30000000000000004,1,9,3.098659526108521,1.3457307334858755,0.99,0.05653159538491323,0,0.0027686852164822678,0.3054501253791142,0.010181670845970471,1,0.42,1.256676400464266
0.7,0.30000000000000004,1,10,2.714978076884256,1.179099997279135,0.9566666666666667,0.2267880066898646,0,0.006681569277564747,0.7543870857695978,0.025146236192319923,1,0.45,1.2872782529166638
0.7,0.30000000000000004,1,11,2.4459905198989786,1.0622801855797925,0.8333333333333334,0.36971937232393914,0,0.09477550151178324,9.725031251771748,0.32416770839239156,1,1.0,1.3833751155874512
0.7,0.30000000000000004,1,12,3.2401722488703166,1.4071889281004286,0.9933333333333333,0.10047667102720367,0,0.001495059391545117,0.39256613673026575,0.013085537891008856,1,0.435,1.2699936269789267
0.7,0.30000000000000004,1,13,2.380862131056479,1.0339952856902457,0.7033333333333334,0.3898219279517956,0,0.029343961531888015,1.7971049779852477,0.059903499266174914,1,0.425,1.2190756095035151
0.7,0.30000000000000004,1,14,3.11704851618049,1.3537169704019056,0.9866666666666667,0.0721819748533554,0,0.00673435434293292,0.1659611677692907,0.005532038925643023,1,0.49,1.2793614966749647
0.7,0.30000000000000004,1,15,2.8066055564661414,1.2188933060522504,0.94,0.2009990379172577,0,0.010629165176043147,0.24551584360897882,0.008183861453632627,1,0.68,1.268423480428195
0.7,0.30000000000000004,1,16,2.9888860538918296,1.2980567202428068,0.9566666666666667,0.11094487759667303,0,0.01088935712658698,0.16535015802241482,0.005511671934080493,1,0.4,1.296253459477945
0.7,0.30000000000000004,1,17,3.030009570916092,1.3159164367628986,1.0,0.024777967523450028,0,0.0028272228513803108,0.2637458194059916,0.008791527313533052,1,0.45,1.2664234262629073
0.7,0.30000000000000004,1,18,2.4354632504122313,1.0577082505321898,0.92,0.39957327153166344,0,0.025332670249301942,5.031719937628798,0.1677239979209599,1,0.645,1.3494969075219991
0.7,0.30000000000000004,1,19,3.0668224789632443,1.3319040795905883,0.99,0.05204431393759569,0,0.0014728416003331433,0.4033670614431162,0.013445568714770538,1,0.43,1.2666160990129693
0.7,0.30000000000000004,2,0,2.793870706752186,1.2133626310936128,0.9733333333333334,0.14199590400036446,0,0.002663454858898672,1.3838549547750045,0.04612849849250014,1,0.41,1.2773908424548248
0.7,0.30000000000000004,2,1,2.5749488204072204,1.1182860638861432,0.9866666666666667,0.23166459268947742,0,0.026008628789671945,3.1993953292154043,0.1066465109738468,1,1.0,1.3466067098481658
0.7,0.30000000000000004,2,2,2.9448771937813185,1.27894391514196,0.9766666666666667,0.19531691691708797,0,0.0033076117491592817,1.0263879684831112,0.03421293228277037,1,0.67,1.304123155133852
0.7,0.30000000000000004,2,3,2.56513069283528,1.1140221052590271,0.9266666666666666,0.20259476610109986,0,0.002343109163945844,0.31475974286253594,0.010491991428751197,1,0.385,1.276501962181029
0.7,0.30000000000000004,2,4,2.863362123536853,1.2435423699428325,0.96,0.22357801892027696,0,0.005534586650089955,3.7111732567182476,0.12370577522394156,1,0.715,1.3057823439866856
0.7,0.30000000000000004,2,5,2.696392948522642,1.1710285785862222,0.8733333333333333,0.2045776820891035,0,0.08460823216416774,0.4811164183144756,0.01603721394381585,1,0.505,1.335462425489953
0.7,0.30000000000000004,2,6,2.487327239877964,1.0802324949666455,0.94,0.2653735201834611,0,0.035626963965020186,6.782262846258192,0.22607542820860635,0,1.0,1.3407935809961045
0.7,0.30000000000000004,2,7,2.9939873058332314,1.300272165811756,0.89,0.17452879897617543,0,0.03625368701086511,2.1728017705668954,0.07242672568556317,1,0.685,1.2910405544667918
0.7,0.30000000000000004,2,8,2.7945803564797864,1.2136708280543933,0.9166666666666666,0.21417760046405826,0,0.0036520868959213203,1.8768037351631572,0.06256012450543856,1,0.645,1.2821300244610403
0.7,0.30000000000000004,2,9,2.568336687364175,1.1154144509919381,0.7666666666666667,0.32070624135348974,0,0.0443024226188185,5.923759476968781,0.1974586492322927,1,0.725,1.250973220136134
0.7,0.30000000000000004,2,10,2.5272666355537696,1.0975779541191986,0.6866666666666666,0.3303304342518141,0,0.25618501438730296,1.8340544211956356,0.06113514737318784,1,0.775,1.2283382373565217
0.7,0.30000000000000004,2,11,3.154374410294559,1.369927400247751,0.9833333333333333,0.10647449484645963,0,0.0006979417827271892,1.4928582815437186,0.049761942718123946,1,0.66,1.2928886767669299
0.7,0.30000000000000004,2,12,2.6758670712113095,1.1621143033336876,0.96,0.2264687830043107,0,0.016234512885427148,0.05064055411770907,0.001688018470590302,1,0.195,1.2460878598315275
0.7,0.30000000000000004,2,13,2.771772073643205,1.2037653166767777,0.9833333333333333,0.1669725298641378,0,0.003343222727338629,2.92842826440895,0.09761427548029832,1,0.74,1.2972434259389873
0.7,0.30000000000000004,2,14,2.8296035211395862,1.2288811952049337,0.88,0.19980930095565985,0,0.039272653386165465,1.661963091786678,0.05539876972622259,1,0.665,1.2983090122199865
0.7,0.30000000000000004,2,15,2.6293956262973674,1.141932011241491,0.93,0.25354256387236174,0,0.03251594455558927,9.361224836329551,0.3120408278776517,0,0.715,1.3281729147312822
0.7,0.30000000000000004,2,16,2.7762218939565186,1.2056978490843107,0.9433333333333334,0.20562597647648634,0,0.02492639963366068,4.141795604786752,0.1380598534928917,1,0.7,1.341923725032546
0.7,0.30000000000000004,2,17,2.614567311005,1.1354921557340947,0.9133333333333333,0.2888050203661567,0,0.025530844844476396,8.725811396643557,0.2908603798881185,0,0.505,1.2876116703189127
0.7,0.30000000000000004,2,18,2.7983766837473567,1.2153195520381983,0.92,0.17911008166653752,0,0.01915803541473169,0.18301212593370142,0.006100404197790047,1,0.4,1.2100510276698149
0.7,0.30000000000000004,2,19,2.822014460910707,1.2255853082247001,0.96,0.09607558560177551,0,0.00012710563215732168,0.7907036018293567,0.026356786727645222,1,0.445,1.2743917386769916
0.7,0.30000000000000004,3,0,2.935740820737257,1.274976038744314,0.99,0.21535902251809796,0,0.010851619150065949,0.4178694579993314,0.013928981933311045,1,0.65,1.2321109022115873
0.7,0.30000000000000004,3,1,2.8446107007972756,1.2353987305191987,0.9633333333333334,0.13538356641256083,0,0.004143771542191307,2.106146522631258,0.0702048840877086,1,0.68,1.2726911583133027
0.7,0.30000000000000004,3,2,3.0960392781031243,1.344592774235914,0.99,0.09297776501267518,0,0.0010339020190718515,1.3871918330926047,0.046239727769753484,1,0.74,1.273711040635345
0.7,0.30000000000000004,3,3,2.577839278974369,1.1195413740920257,0.9166666666666666,0.29527318567890065,0,0.03368958405407547,6.735475203068231,0.22451584010227432,0,1.0,1.3505504613160058
0.7,0.30000000000000004,3,4,3.0297005745761756,1.3157822413575444,0.95,0.12143123640698604,0,0.017428067608116847,2.8411043715507898,0.09470347905169299,1,0.7,1.2195237850381568
0.7,0.30000000000000004,3,5,2.5110493899484982,1.0905348938411596,0.9066666666666666,0.31173724520576745,0,0.018557787408838344,0.9862310149309161,0.032874367164363864,1,0.735,1.340193486049769
0.7,0.30000000000000004,3,6,2.9041307157999396,1.2612479445976543,0.97,0.19070666020010804,0,0.0003373859485563571,0.916190840845782,0.030539694694859395,1,0.68,1.282303143506558
0.7,0.30000000000000004,3,7,2.524995215222044,1.0965914888030472,0.8733333333333333,0.33716822543954067,0,0.05306707244476079,0.01598289963146704,0.0005327633210489012,1,0.165,1.2631344409244778
0.7,0.30000000000000004,3,8,2.3528542413911295,1.0218316137588292,0.5733333333333334,0.35953284416182624,0,0.34254889603263367,24.99146721710656,0.8330489072368853,0,0.795,1.3126295054729216
0.7,0.30000000000000004,3,9,2.8156367875467465,1.2228155198753508,0.98,0.1386852829596396,0,0.006585932003637784,0.21251540835123262,0.007083846945041086,1,0.465,1.255153473859375
0.7,0.30000000000000004,3,10,2.8172707233617023,1.2235251291835698,0.99,0.10249234266453894,0,0.0020101614956141572,1.0423486011173988,0.03474495337057996,1,0.685,1.2860327505759714
0.7,0.30000000000000004,3,11,2.8800369933881047,1.2507841739056857,0.9766666666666667,0.10959737519706773,0,0.0027118957105686254,0.4474639809910086,0.014915466033033618,1,0.66,1.2662037340896197
0.7,0.30000000000000004,3,12,2.9554507742627436,1.2835359627990026,0.9966666666666667,0.08464012254734617,0,0.0028434712308227916,1.5560452027930771,0.0518681734264359,1,0.71,1.2780365043880548
0.7,0.30000000000000004,3,13,2.358688453353433,1.0243653798203114,0.8466666666666667,0.4241639413519461,0,0.00572466703036442,4.124792289694318,0.13749307632314392,1,0.725,1.303424522674501
0.7,0.30000000000000004,3,14,2.689914417114038,1.1682149881446284,0.98,0.24236017880656807,0,0.002671836499317567,0.6234588144885311,0.020781960482951035,1,0.695,1.2989849511955622
0.7,0.30000000000000004,3,15,2.7983173836531745,1.2152937983345184,0.9666666666666667,0.1820469378130775,0,0.002101763919421013,0.49573177441018523,0.016524392480339507,1,0.745,1.2865276837220154
0.7,0.30000000000000004,3,16,2.9649429180245543,1.2876583484561892,0.98,0.11814451384081993,0,0.006182818374456927,1.4147167811451145,0.04715722603817048,1,0.7,1.2613307955864888
0.7,0.30000000000000004,3,17,3.0178353516262795,1.3106292405038529,0.9766666666666667,0.1354867780679546,0,0.0026532290391747156,0.9186293351560015,0.03062097783853338,1,0.39,1.2478878058001213
0.7,0.30000000000000004,3,18,2.7044143020521005,1.1745122081614614,0.98,0.20187442828905555,0,0.0041093669749190645,2.4890682587989374,0.08296894195996457,1,0.76,1.292048915869482
0.7,0.30000000000000004,3,19,3.18958685289126,1.3852199697618328,0.9866666666666667,0.06534673741034687,0,0.0019032499264585827,1.7501633304906783,0.0583387776830226,1,0.725,1.2709172205274815
0.7,0.30000000000000004,4,0,2.6537992320379096,1.1525303625531513,0.9233333333333333,0.2393960224048812,0,0.025211190801843204,0.2841429298552356,0.009471430995174519,1,0.425,1.3271929156159126
0.7,0.30000000000000004,4,1,2.6554175354760163,1.1532331828063662,0.8633333333333333,0.25756917245176153,0,0.03769204614546844,9.57678084401074,0.3192260281336913,0,0.685,1.285352543421163
0.7,0.30000000000000004,4,2,2.721818949347853,1.1820709504414788,0.94,0.24448602524579105,0,0.02122502391779866,1.892025140703435,0.06306750469011449,1,0.7,1.3309961317501835
0.7,0.30000000000000004,4,3,2.6581809300273784,1.1544333098113444,0.9466666666666667,0.2777241392609709,0,0.00558664111012374,2.3605003193638674,0.07868334397879556,1,0.435,1.3026096130051215
0.7,0.30000000000000004,4,4,3.068794673408086,1.3327605927552235,0.9633333333333334,0.10431713615160172,0,0.00830162927392094,1.5617621458920705,0.052058738196402346,1,0.365,1.3133634748352079
0.7,0.30000000000000004,4,5,2.637681206988979,1.1455303932152225,0.98,0.20880784205385194,0,0.022950137025495983,5.225063590544071,0.174168786351469,0,0.655,1.3315141784374778
0.7,0.30000000000000004,4,6,3.0416116660499735,1.3209551626580598,0.9766666666666667,0.07722693953347239,0,0.003678758565583456,1.7736687811661767,0.05912229270553921,1,0.695,1.271399489282543
0.7,0.30000000000000004,4,7,3.1905642949929627,1.3856444674729824,0.9766666666666667,0.1319958517025611,0,0.0032946277886609834,1.7086545967771427,0.05695515322590475,1,0.71,1.280084680246684
0.7,0.30000000000000004,4,8,2.2888593511114528,0.9940389860403616,0.8966666666666666,0.3661240153642875,0,0.04527394936472697,8.651884374456548,0.2883961458152182,0,1.0,1.3538269049137153
0.7,0.30000000000000004,4,9,2.9189223889089493,1.267671886607014,0.98,0.13504275804236626,0,0.0036320291830395715,1.502004629576753,0.05006682098589176,1,0.7,1.311178678784377
0.7,0.30000000000000004,4,10,3.0130028889325113,1.3085305286219457,0.9866666666666667,0.14810234294704888,0,0.002758395103564638,2.237203384209363,0.0745734461403121,1,0.77,1.3037556366207754
0.7,0.30000000000000004,4,11,3.220433930039538,1.3986166851501742,1.0,0.04817022268410825,0,0.0007834124604121119,1.811506346338565,0.06038354487795216,1,0.655,1.2846453670626157
0.7,0.30000000000000004,4,12,2.7100119207442814,1.176943223071274,0.9166666666666666,0.19661331298953907,0,0.015242618968599901,1.8592717253206381,0.06197572417735459,1,0.69,1.3399069957176823
0.7,0.30000000000000004,4,13,2.959032638270975,1.2850915465727053,0.9966666666666667,0.1274220717356174,0,0.0008452293683189008,0.6009004410235719,0.020030014700785727,1,0.445,1.2868915808851789
0.7,0.30000000000000004,4,14,3.0235294304686886,1.313102147524633,0.9866666666666667,0.1157264936871889,0,0.0036586507517271886,2.8497652326454626,0.0949921744215154,1,0.68,1.3059496966624389
0.7,0.30000000000000004,4,15,2.719088811976885,1.1808852668464298,0.78,0.16901700438200226,0,0.15681470596345568,3.075104657432537,0.10250348858108455,1,0.72,1.242201130406714
0.7,0.30000000000000004,4,16,2.699600702337794,1.1724216883674468,0.9366666666666666,0.18312473772582905,0,0.006103101806180625,4.145423131238224,0.1381807710412741,1,0.715,1.3054199673015485
0.7,0.30000000000000004,4,17,3.2867238521091324,1.4274060325107956,0.9933333333333333,0.03627566438452832,0,0.0012197600513192408,1.8330992833727078,0.06110330944575692,1,0.69,1.2961283589580481
0.7,0.30000000000000004,4,18,2.600590846811285,1.1294222544582457,0.9633333333333334,0.22485278131940323,0,0.018834321809156992,2.4331123788189024,0.08110374596063007,1,0.335,1.2910760288864922
0.7,0.30000000000000004,4,19,3.201757491615164,1.3905056110008627,0.9966666666666667,0.016738731026862165,0,0.0008069556354046246,1.7272510797403828,0.057575035991346085,1,0.74,1.291382454836784
0.8,0.19999999999999996,0,0,2.444659229515428,1.0617020135124056,0.8366666666666667,0.3192321274440995,0,0.02532511028724991,0.3062613960653826,0.010208713202179419,1,0.675,1.3218693608153285
0.8,0.19999999999999996,0,1,3.1349246756444504,1.3614804878147262,1.0,0.038186350337710166,0,0.004429582496893982,0.8803285018684603,0.02934428339561534,1,0.69,1.310125230128767
0.8,0.19999999999999996,0,2,2.899354285847811,1.2591735674262479,0.9533333333333334,0.11372242866984782,0,0.002577935709393079,2.2635330483975205,0.07545110161325067,1,0.76,1.300963493553345
0.8,0.19999999999999996,0,3,2.3434695683593545,1.0177559020466627,0.87,0.3517778559778942,0,0.037293096718125626,0.2964785501274103,0.009882618337580341,1,0.41,1.3356595591459821
0.8,0.19999999999999996,0,4,2.4604114459947897,1.0685431142071378,0.6366666666666667,0.2529240157098451,0,0.1538408360356745,0.007492464521741127,0.00024974881739137084,1,0.18,1.0963440880128317
0.8,0.19999999999999996,0,5,2.5464703333602543,1.1059180141086928,0.87,0.2521618569560614,0,0.0035054862130044218,2.5514279440237875,0.08504759813412624,1,0.375,1.263480321543542
0.8,0.19999999999999996,0,6,1.7647983611203821,0.7664421899064842,0.24333333333333335,0.6005416423526119,0,0.3138919575352797,24.61405521536284,0.8204685071787612,0,0.785,1.334631405150092
0.8,0.19999999999999996,0,7,2.0226385889892278,0.8784207780826008,0.72,0.5003540251445684,0,0.14308065025951733,17.63940313630176,0.5879801045433919,0,1.0,1.3779512323708754
0.8,0.19999999999999996,0,8,2.2291986286074565,0.9681286634705145,0.7366666666666667,0.3686836521476597,0,0.06556994959211525,0.091557419107402,0.003051913970246733,1,0.43,1.2068552492988847
0.8,0.19999999999999996,0,9,2.5122331336524653,1.09104898719978,0.67,0.3575637035244793,0,0.03079007407857859,0.04014056655318732,0.0013380188851062438,1,0.455,1.1996954200368317
0.8,0.19999999999999996,0,10,2.680715373910618,1.1642198944425937,0.88,0.24079385003170123,0,0.005231083841057912,0.7770294552738255,0.025900981842460848,1,0.735,1.3125024964530316
0.8,0.19999999999999996,0,11,2.766638116703817,1.2015356675076725,0.95,0.15177415711236714,0,0.025080247544475798,1.118125215635729,0.037270840521190965,1,0.45,1.310532434418074
0.8,0.19999999999999996,0,12,2.5377313874304552,1.10212273811373,0.7533333333333333,0.4010485614700575,0,0.11263436886050852,10.008905416735397,0.33363018055784655,0,0.23,1.2768644232521242
0.8,0.19999999999999996,0,13,2.2473189132982765,0.9759982031222538,0.5366666666666666,0.37633298540590604,0,0.14964020912426623,7.655307883929924,0.25517692946433074,1,0.5,1.2226176787050762
0.8,0.19999999999999996,0,14,2.3796771244582366,1.03348064386361,0.7666666666666667,0.3158011203844661,0,0.008560461712791123,0.890400388624657,0.02968001295415523,1,0.75,1.3235114600822455
0.8,0.19999999999999996,0,15,2.4152500048277865,1.04892974951351,0.62,0.34793843716438755,0,0.10873901326626713,1.2104458519212158,0.04034819506404052,1,0.7,1.2700625110488657
0.8,0.19999999999999996,0,16,2.178711235467229,0.9462022672240338,0.36666666666666664,0.48464124707339795,0,0.1780707893121533,19.839059264108993,0.6613019754702997,0,0.46,1.3077768981658104
0.8,0.19999999999999996,0,17,2.4423501947823842,1.0606992124693215,0.9,0.29966059357071156,0,0.03552005795548041,0.7810112367847344,0.026033707892824477,1,0.675,1.3431683198964626
0.8,0.19999999999999996,0,18,2.6443698914179468,1.1484352519539154,0.65,0.27213038730431566,0,0.16811076741758543,0.05058913457183789,0.0016863044857279295,1,0.18,1.2085603203326352
0.8,0.19999999999999996,0,19,2.6394846311878037,1.1463136103933027,0.48333333333333334,0.2883642832831951,0,0.2066916100061882,0.0013843902826493615,4.614634275497871e-05,1,0.225,1.0398105543686302
0.8,0.19999999999999996,1,0,2.5046727173573164,1.0877655401219053,0.7833333333333333,0.27440170913348094,0,0.07270438204606731,3.234419634039826,0.1078139878013275,1,0.45,1.2214897823842614
0.8,0.19999999999999996,1,1,2.3957086839777935,1.040443061699257,0.86,0.31228498825197987,0,0.008527583670215565,5.061172357522459,0.1687057452507486,1,0.71,1.3087055271699692
0.8,0.19999999999999996,1,2,2.6329265156568122,1.143465457006509,0.33666666666666667,0.33637978428228027,0,0.01848959445421531,6.237968454801235,0.2079322818267078,0,0.64,1.3275621288701227
0.8,0.19999999999999996,1,3,2.9172980956097776,1.2669664649901913,0.9966666666666667,0.06584926164266353,0,0.0030142765259003816,0.271965173412958,0.009065505780431932,1,0.415,1.2755666286681902
0.8,0.19999999999999996,1,4,2.470341342093298,1.0728556132885925,0.8133333333333334,0.2718158804074013,0,0.0014462982907209217,1.2474683115078877,0.04158227705026292,1,0.66,1.300640215575818
0.8,0.19999999999999996,1,5,2.160545533534524,0.9383130031147608,0.6566666666666666,0.42909887329833785,0,0.25019652956910104,28.44141738338634,0.9480472461128779,0,1.0,1.3631381372624123
0.8,0.19999999999999996,1,6,2.4031819255846507,1.0436886492910447,0.35333333333333333,0.40442740296776025,0,0.2575344675236484,6.017016040789697,0.20056720135965653,1,0.805,1.2752673953197928
0.8,0.19999999999999996,1,7,2.788433982653369,1.2110014918178658,0.4766666666666667,0.3440252953835304,0,0.32035021703085825,10.000997118127442,0.333366570604248,0,0.205,1.1054966304748675
0.8,0.19999999999999996,1,8,1.9873570604299395,0.86309820491619,0.9233333333333333,0.5000467748982146,0,0.027185983707529705,0.6381193221270509,0.021270644070901693,1,0.645,1.3420322635906308
0.8,0.19999999999999996,1,9,2.8799585455753394,1.2507501044534843,0.94,0.12864611901534986,0,0.025020402963178673,0.03663306451964221,0.0012211021506547402,1,0.15,1.2199871863440808
0.8,0.19999999999999996,1,10,2.8575170257730536,1.2410038762378293,0.9666666666666667,0.12779571315225924,0,0.008526228287111963,0.20102604197335117,0.006700868065778371,1,0.45,1.2825537680083592
0.8,0.19999999999999996,1,11,2.830817104263724,1.2294082476590777,0.9766666666666667,0.1440897201507382,0,0.010438893691766853,0.23592691732526316,0.007864230577508772,1,0.43,1.2898769036231117
0.8,0.19999999999999996,1,12,2.6320763166513235,1.1430962202699058,0.8366666666666667,0.2378995093223224,0,0.01688941289511179,3.994151796954448,0.13313839323181492,1,0.68,1.317396511413681
0.8,0.19999999999999996,1,13,1.9002425561659133,0.8252648564205862,0.7133333333333334,0.4826894824590094,0,0.07070978462025072,0.30784084613186824,0.01026136153772894,1,0.43,1.211462986974405
0.8,0.19999999999999996,1,14,2.6379031076373347,1.145626763442334,0.7166666666666667,0.32007542624972374,0,0.18561572185829736,0.013909750873275506,0.0004636583624425168,1,0.23,1.1569456792085768
0.8,0.19999999999999996,1,15,2.4472533465600486,1.0628286242302953,0.82,0.2933358872234006,0,0.010701586209378933,2.9359181701108126,0.09786393900369375,1,0.68,1.2824763044063476
0.8,0.19999999999999996,1,16,2.7476875603274946,1.1933055454444397,0.96,0.187212530362282,0,0.01143648049341325,0.15956327480584065,0.005318775826861354,1,0.4,1.2431813228351305
0.8,0.19999999999999996,1,17,2.5161201105475635,1.0927370798166067,0.84,0.3116744407335909,0,0.04076022159444086,9.645118469507064,0.3215039489835687,0,0.45,1.2817739679134252
0.8,0.19999999999999996,1,18,2.3880807997486126,1.037130313669927,0.7366666666666667,0.3916339229130395,0,0.0915811264303241,10.003359994512373,0.33344533315041236,0,0.415,1.315243646590905
0.8,0.19999999999999996,1,19,2.3776688635317775,1.0326084672250269,0.8066666666666666,0.305301703327534,0,0.0349586965003124,9.232620657486018,0.30775402191620055,0,0.43,1.2494258450822096
0.8,0.19999999999999996,2,0,1.7240526885110576,0.7487465691308182,0.46,0.5997470704434535,0,0.10020275744164377,17.896614519764263,0.5965538173254753,0,0.685,1.2780143250863105
0.8,0.19999999999999996,2,1,2.989011427624598,1.2981111693631238,0.92,0.13243181799764836,0,0.01764693924598064,0.05624863904452049,0.0018749546348173494,1,0.415,1.2607676892366986
0.8,0.19999999999999996,2,2,2.53590493911089,1.101329521687061,0.9366666666666666,0.2516119576399359,0,0.002526993329295839,0.950462962244103,0.03168209874147009,1,0.425,1.299553653278431
0.8,0.19999999999999996,2,3,2.3046964632225833,1.0009169564395084,0.8833333333333333,0.3741877071297815,0,0.007643730368929659,2.643928766100329,0.08813095887001093,1,0.715,1.2425605268463085
0.8,0.19999999999999996,2,4,2.8341692927493134,1.2308640846206687,0.5633333333333334,0.26381306185554015,0,0.20087402761063428,0.21118846242323963,0.0070396154141079866,1,0.505,1.2237872907126275
0.8,0.19999999999999996,2,5,2.8368667861283137,1.2320355911101388,0.8933333333333333,0.30236959934782753,0,0.022066682734037252,8.335899456226887,0.27786331520756286,0,0.68,1.2650873712645974
0.8,0.19999999999999996,2,6,2.5665374576453854,1.1146330554533916,0.38666666666666666,0.298109519310821,0,0.00538624064199103,3.7167478553483235,0.12389159517827743,1,0.65,1.3077106217109054
0.8,0.19999999999999996,2,7,1.5829776845936416,0.6874784733950047,0.5766666666666667,0.705347507612995,0,0.06634908065909055,9.750252627783611,0.32500842092612037,0,0.415,1.2912796542292382
0.8,0.19999999999999996,2,8,2.215533281934337,0.962193878817084,0.79,0.418916225812424,0,0.05085454861017605,5.8235687394911695,0.19411895798303896,1,0.645,1.3188172165600212
0.8,0.19999999999999996,2,9,2.4854584124180934,1.0794208735131945,0.6,0.3437847763465067,0,0.46989480354106433,21.85684802326719,0.728561600775573,0,0.745,1.2189942297913092
0.8,0.19999999999999996,2,10,2.6822325684133768,1.1648788036431161,0.9333333333333333,0.20054105060055624,0,0.00016741972227621738,0.853099311460892,0.02843664371536306,1,0.46,1.28150380694024
0.8,0.19999999999999996,2,11,2.740695237059545,1.1902688180334848,0.9633333333333334,0.17876710046761646,0,0.00312133677303034,2.366299094685098,0.07887663648950326,1,0.66,1.2666977537140662
0.8,0.19999999999999996,2,12,2.0582840199811394,0.8939013920674513,0.7566666666666667,0.5133513389545922,0,0.05222087840821407,2.99311175062284,0.09977039168742799,1,1.0,1.3709487861450338
0.8,0.19999999999999996,2,13,2.463821757085853,1.0700241934955599,0.7066666666666667,0.32616931572288,0,0.03404694436356237,1.99994783959635,0.06666492798654498,1,0.775,1.3282454399876533
0.8,0.19999999999999996,2,14,3.0733867922406835,1.3347549246244643,0.9666666666666667,0.09920195972128712,0,0.00982509218665023,1.21853993318069,0.040617997772689665,1,0.435,1.2971579264325273
0.8,0.19999999999999996,2,15,1.7960425073885293,0.7800113502225187,0.45666666666666667,0.6312160405328593,0,0.0184754689665112,1.420522060383006,0.047350735346100195,1,0.715,1.3437750032831945
0.8,0.19999999999999996,2,16,2.6788053796017093,1.1633903944537678,0.5,0.284538718280733,0,0.0625401721847085,0.6152485560372067,0.02050828520124022,1,0.48,1.2899499414778917
0.8,0.19999999999999996,2,17,2.4447712968182707,1.0617506837236317,0.8766666666666667,0.440877276133636,0,0.04938856760219873,11.98654635193382,0.39955154506446056,0,0.74,1.3019409843129763
0.8,0.19999999999999996,2,18,2.5712414426384393,1.1166759701788307,0.9,0.29079938129470884,0,0.015130091418548975,0.1705452839252164,0.005684842797507212,1,0.64,1.2324782680676032
0.8,0.19999999999999996,2,19,2.350097539759511,1.0206343934519637,0.44666666666666666,0.35908997366797774,0,0.25894819620207365,10.354283821729116,0.34514279405763715,0,0.78,1.2795063705347707
0.8,0.19999999999999996,3,0,2.5396002613499777,1.1029343797443512,0.8833333333333333,0.2855143717272766,0,0.04870231252136569,11.350184060712081,0.3783394686904027,0,0.65,1.2800621769221299
0.8,0.19999999999999996,3,1,2.1955449023562936,0.9535130358641524,0.6833333333333333,0.44673882527135933,0,0.053136219993134844,3.229019334106409,0.10763397780354694,1,0.68,1.321342868734747
0.8,0.19999999999999996,3,2,2.1390260047466167,0.9289671905090148,0.15333333333333332,0.44665405065802827,0,0.2069696647870457,19.25407920581028,0.6418026401936759,0,0.71,1.3484097461974929
0.8,0.19999999999999996,3,3,2.0397576680773346,0.8858554996658309,0.64,0.5026085440462315,0,0.22042856321731835,19.42342575255975,0.6474475250853249,0,0.495,1.249264025928863
0.8,0.19999999999999996,3,4,3.3156514699671593,1.439969137321143,0.7366666666666667,0.12435514909678284,0,0.186900879600455,0.004540979837103221,0.00015136599457010733,1,0.19,1.0182748198367129
0.8,0.19999999999999996,3,5,2.8101567401352168,1.2204355655239552,0.93,0.12553768423886755,0,0.004546872336358351,1.8880844093933202,0.06293614697977733,1,0.735,1.3129764979878897
0.8,0.19999999999999996,3,6,2.37543956606959,1.0316402956386779,0.9,0.320586699640403,0,0.01912049548378455,0.5338969083486522,0.017796563611621737,1,0.68,1.3046453399339404
0.8,0.19999999999999996,3,7,2.5332754378659614,1.100187543806231,0.8333333333333334,0.26469586626549074,0,0.014889178002101058,0.3877016035635561,0.012923386785451869,1,0.65,1.3011359553214104
0.8,0.19999999999999996,3,8,2.2072157520570848,0.9585816214883277,0.8233333333333334,0.47356701342239393,0,0.07026089274438815,6.629805823536938,0.22099352745123124,1,1.0,1.3713285245244098
0.8,0.19999999999999996,3,9,2.793419450424028,1.2131666529603697,0.9566666666666667,0.21251325296369866,0,0.0008418754474380386,0.8719126687711909,0.02906375562570636,1,0.705,1.265957514175999
0.8,0.19999999999999996,3,10,2.788352432145807,1.2109660748824354,0.7366666666666667,0.2053455656615607,0,0.1733167548006681,2.9879181496304916,0.09959727165434971,1,0.705,1.2294814064717496
0.8,0.19999999999999996,3,11,2.3950378897479787,1.040151739466756,0.7966666666666666,0.3924868698350398,0,0.0800804928227797,16.559287075750536,0.5519762358583511,0,0.66,1.2917477798816963
0.8,0.19999999999999996,3,12,2.328770028172911,1.0113719728571757,0.4766666666666667,0.4631053278290716,0,0.19169822186999824,10.001189348225015,0.3333729782741671,0,0.26,1.2040694729648553
0.8,0.19999999999999996,3,13,2.923858483621937,1.2698156053030167,0.36,0.18484662704949015,0,0.35919103557834986,19.15396932837139,0.6384656442790462,0,0.78,1.2575886494348942
0.8,0.19999999999999996,3,14,2.688436334808156,1.1675730651553853,0.9066666666666666,0.2779146980566619,0,0.0059940722426941075,0.32437357977372905,0.0108124526591243,1,0.455,1.275775550325759
0.8,0.19999999999999996,3,15,3.000639902088265,1.303161351655647,0.9766666666666667,0.07772864442367242,0,0.0018307574126529775,1.5067929627089915,0.050226432090299714,1,0.745,1.2852792190001112
0.8,0.19999999999999996,3,16,2.45780919182442,1.0674129695804366,0.93,0.34706809059767463,0,0.026574088078134807,4.317438638217968,0.14391462127393226,1,0.7,1.3339863516328792
0.8,0.19999999999999996,3,17,2.850357739276126,1.237894637617849,0.8466666666666667,0.1808662522233072,0,0.08850857060421403,10.077790266371716,0.3359263422123905,0,1.0,1.373363268744991
0.8,0.19999999999999996,3,18,2.1905236181170795,0.9513323198269938,0.7733333333333333,0.3883675762502448,0,0.1693966359775016,19.72004478906443,0.6573348263021476,0,0.56,1.286761681874557
0.8,0.19999999999999996,3,19,2.9955147995602376,1.3009355479085365,0.96,0.12270046273491438,0,0.0020236864137202475,0.5262695726744482,0.01754231908914827,1,0.725,1.264729830744788
0.8,0.19999999999999996,4,0,2.712678591731319,1.178101343565996,0.9633333333333334,0.18034634520058404,0,0.01935246984768821,7.195041646615769,0.2398347215538589,0,0.745,1.324018614084535
0.8,0.19999999999999996,4,1,2.2159603818522555,0.9623793659546572,0.63,0.45396756206759553,0,0.05237998023511363,9.7798629677656,0.3259954322588533,0,0.44,1.277653125014898
0.8,0.19999999999999996,4,2,2.610792593562017,1.133852816777863,0.92,0.2678234746331439,0,0.044994257402932974,4.371856369902599,0.14572854566341994,1,1.0,1.361845180975053
0.8,0.19999999999999996,4,3,2.8950594133616003,1.2573083280050081,0.71,0.2350840367725786,0,0.1528909492953856,2.0077413365906627,0.06692471121968875,1,0.765,1.3239291572110035
0.8,0.19999999999999996,4,4,2.4765391351236956,1.0755472806016726,0.6266666666666667,0.3599254294148069,0,0.3266870271284959,19.774093110305945,0.659136437010198,0,0.475,1.2190570052038912
0.8,0.19999999999999996,4,5,2.68929790241496,1.1679472392128067,0.9166666666666666,0.21706054422498197,0,0.030661063935521603,8.64059617543067,0.2880198725143556,0,0.655,1.2895776778070343
0.8,0.19999999999999996,4,6,2.529634751929424,1.0986064139936502,0.53,0.31543585106151795,0,0.20395153430927054,7.711522850635605,0.25705076168785346,1,0.795,1.289919705353357
0.8,0.19999999999999996,4,7,2.5169031090342546,1.0930771317387151,0.6033333333333334,0.27962176660272076,0,0.26741304045310477,17.13436943184914,0.5711456477283047,0,0.495,1.0777196987569142
0.8,0.19999999999999996,4,8,2.171842919675504,0.9432193955757188,0.8366666666666667,0.48570161406301054,0,0.13552715027087603,10.108471223094739,0.33694904076982457,0,0.6,1.319095880322034
0.8,0.19999999999999996,4,9,2.4175859215160966,1.049944225241429,0.57,0.41308815850396,0,0.22292284264109138,18.73666500882303,0.6245555002941009,0,0.49,1.2200131528537153
0.8,0.19999999999999996,4,10,2.5467909579942725,1.1060572596180087,0.9266666666666666,0.23977005826164713,0,0.002476284655774876,1.320386011567365,0.04401286705224549,1,0.415,1.2533887041098397
0.8,0.19999999999999996,4,11,2.5690706650872666,1.115733213466917,0.5433333333333333,0.3340237875437166,0,0.11538723016497254,6.085149213618058,0.20283830712060189,1,0.79,1.3043859054810507
0.8,0.19999999999999996,4,12,2.490709994784372,1.08170160675613,0.48333333333333334,0.36549820713538067,0,0.15303083045544325,10.168412466293336,0.3389470822097778,0,0.53,1.2605960972979084
0.8,0.19999999999999996,4,13,3.0534670968987556,1.3261039108562713,0.9666666666666667,0.09294720934741074,0,0.001046414355068001,1.93383951765701,0.06446131725523366,1,0.705,1.2820792233254157
0.8,0.19999999999999996,4,14,2.9379141697446007,1.2759199122254536,0.9466666666666667,0.18004569491948663,0,0.010254544948587001,4.369433976607251,0.14564779922024168,1,0.68,1.3203499655486761
0.8,0.19999999999999996,4,15,2.824236037934085,1.2265501268670762,0.65,0.21645081221136261,0,0.22617308555059057,18.84255463476586,0.6280851544921953,0,0.475,1.1947758936748507
0.8,0.19999999999999996,4,16,2.7119693686226354,1.1777933318834566,0.8366666666666667,0.20912393982849692,0,0.029375518982288434,7.581276223252348,0.2527092074417449,0,0.715,1.346514089889515
0.8,0.19999999999999996,4,17,2.293992264604269,0.9962681820463782,0.7233333333333334,0.3707456972872138,0,0.11943502875836784,2.7759351150018983,0.09253117050006326,1,0.705,1.3107304141010103
0.8,0.19999999999999996,4,18,2.6355842007473758,1.1446196749759776,0.9066666666666666,0.24493845658874477,0,0.01838191877909639,0.2454091938709213,0.008180306462364043,1,0.695,1.3192585202599587
0.8,0.19999999999999996,4,19,2.657149649696317,1.1539854304542694,0.8866666666666667,0.25740099794381605,0,0.009565839528444621,4.40695045617952,0.14689834853931732,1,0.74,1.3214221189896596
0.9,0.09999999999999998,0,0,2.2111816458256333,0.9603039872678228,0.5433333333333333,0.3497863362615675,0,0.16878778061050467,0.09375493353112607,0.003125164451037535,1,0.185,1.2240985604081625
0.9,0.09999999999999998,0,1,2.146888897002112,0.9323820012273757,0.7266666666666667,0.4858308577805396,0,0.0065311427101549,1.1576935758150997,0.038589785860503316,1,0.69,1.3123931629957744
0.9,0.09999999999999998,0,2,1.910075706599944,0.8295353393938102,0.25,0.5049366422452798,0,0.2329583890911438,19.91633363815185,0.6638777879383949,0,0.5,1.2197152663564563
0.9,0.09999999999999998,0,3,1.9187903975512617,0.8333200815854597,0.18333333333333332,0.4671239801160448,0,0.23754979552130157,10.464627513275465,0.3488209171091821,0,0.5,1.27598305843734
0.9,0.09999999999999998,0,4,2.679748096336679,1.1637998111297634,0.82,0.21248894053081926,0,0.037621848929975735,1.6273844740755716,0.05424614913585238,1,0.655,1.2012516542034677
0.9,0.09999999999999998,0,5,1.8193076898595344,0.7901152905901483,0.6866666666666666,0.5755586932834975,0,0.04952267867101959,0.8531389462935635,0.028437964876452112,1,0.735,1.3362302735462266
0.9,0.09999999999999998,0,6,1.5722926575467076,0.6828380251095342,0.6566666666666666,0.6889576946948514,0,0.03900920250811307,7.958379120705317,0.2652793040235105,1,1.0,1.356996662397586
0.9,0.09999999999999998,0,7,2.551560743598655,1.1081287511858537,0.9033333333333333,0.2545857371630206,0,0.007142348757877899,0.4173902919023087,0.013913009730076954,1,0.715,1.2826103124259518
0.9,0.09999999999999998,0,8,2.465364697700906,1.0706942840905818,0.87,0.23531641565525785,0,0.032876761258392034,0.42572963040025114,0.01419098768000837,1,0.4,1.2170811167208693
0.9,0.09999999999999998,0,9,2.0222746058201317,0.8782627022007569,0.15,0.5453969134624049,0,0.295673341051621,20.008835629801272,0.6669611876600423,0,0.545,1.2899223204755847
0.9,0.09999999999999998,0,10,1.7791630501933287,0.7726806951051209,0.04,0.5696732358660872,0,0.15125865299626506,16.897472883875427,0.5632490961291808,0,0.525,1.2683515378399655
0.9,0.09999999999999998,0,11,2.7367823332141796,1.1885694654852248,0.1,0.2942328864330645,0,0.270295226639016,11.313767206411885,0.3771255735470628,0,0.765,1.2172284575547572
0.9,0.09999999999999998,0,12,2.2526047939956206,0.9782938319411092,0.8633333333333333,0.39443458261577585,0,0.0550180906431626,2.979229987979126,0.09930766626597086,1,1.0,1.3673865242300773
0.9,0.09999999999999998,0,13,2.020826239808693,0.8776336848342127,0.59,0.4907286556580518,0,0.018904332357283206,2.112689129279416,0.07042297097598052,1,0.42,1.3140950405517011
0.9,0.09999999999999998,0,14,2.6240977452415444,1.1396311707331677,0.6633333333333333,0.12722913310347436,0,0.2452860412247996,16.073951416095277,0.5357983805365092,0,0.5,1.1151973221099565
0.9,0.09999999999999998,0,15,2.646378238328738,1.1493074659350195,0.5566666666666666,0.3207910095826245,0,0.3610887465714575,10.024291059929713,0.3341430353309904,0,0.19,1.1346487371175864
0.9,0.09999999999999998,0,16,2.1525209428599,0.9348279676652392,0.5166666666666667,0.4501566756635263,0,0.06093308987695235,9.542062240958899,0.31806874136529656,0,0.44,1.2609584977634
0.9,0.09999999999999998,0,17,2.332944642674538,1.0131849848993053,0.6366666666666667,0.37773778842948863,0,0.009298160959269927,5.625067686224606,0.1875022562074868,0,0.675,1.3003783952097347
0.9,0.09999999999999998,0,18,2.5488181316369865,1.1069376499448993,0.5733333333333334,0.29048064239977256,0,0.1404344961207796,0.9715122702467549,0.03238374234155849,1,0.76,1.3155991349346008
0.9,0.09999999999999998,0,19,2.0715696106744987,0.8996712507944025,0.4266666666666667,0.44053944243160176,0,0.44471529849991137,20.389706328229604,0.6796568776076534,0,0.58,1.2398636925999793
0.9,0.09999999999999998,1,0,1.9847255496934915,0.8619553543242815,0.6166666666666667,0.5128859100588211,0,0.06455617536743968,9.82431081261243,0.32747702708708093,0,0.45,1.26487256653814
0.9,0.09999999999999998,1,1,2.2692760128598413,0.9855340503004417,0.20333333333333334,0.41737656926440875,0,0.07610974594511617,9.990448720674289,0.33301495735580955,0,0.71,1.2880521468373713
0.9,0.09999999999999998,1,2,2.701464446321728,1.1732311020953496,0.87,0.2760766808953139,0,0.011631372782258925,4.735338149758195,0.1578446049919398,1,0.64,1.3136949601740642
0.9,0.09999999999999998,1,3,2.5489690399779557,1.1070031886046552,0.38,0.21100389495606095,0,0.6851886305601106,20.010308629196654,0.6670102876398883,0,0.22,1.0274588248958927
0.9,0.09999999999999998,1,4,2.3347265797352748,1.0139588703318823,0.16333333333333333,0.4550987409767636,0,0.24375233077001818,26.746448831671444,0.8915482943890479,0,0.79,1.3311941247834007
0.9,0.09999999999999998,1,5,2.525559876869871,1.096836718240841,0.81,0.26937196356854654,0,0.06063633037812825,1.3896906469944126,0.04632302156648041,1,1.0,1.3628609162325493
0.9,0.09999999999999998,1,6,2.27139650988945,0.9864549704592931,0.2833333333333333,0.4018796069699497,0,0.0772783478479731,17.221671849571038,0.5740557283190345,0,0.68,1.2856429606157043
0.9,0.09999999999999998,1,7,2.388748700803958,1.0374203794127206,0.67,0.3619666609757569,0,0.03662411443565787,8.174580803944698,0.27248602679815653,0,0.475,1.2078567561368643
0.9,0.09999999999999998,1,8,2.4785201947561837,1.0764076438683832,0.7866666666666666,0.35120336555158416,0,0.05863429381694633,0.2813268015899817,0.009377560052999388,1,0.42,1.2928491051482045
0.9,0.09999999999999998,1,9,2.0819082025932167,0.9041612442153512,0.6166666666666667,0.459029191830766,0,0.06299833124416303,0.8612448697692343,0.028708162325641138,1,0.7,1.3479615917246535
0.9,0.09999999999999998,1,10,2.1066088133557423,0.914888583169156,0.4766666666666667,0.48421662521716274,0,0.3788990757712842,29.77517132602757,0.9925057108675855,0,0.55,1.3153695799535365
0.9,0.09999999999999998,1,11,2.375580852428699,1.031701655524807,0.7766666666666666,0.4630115922281801,0,0.04270816187088726,7.81888415894424,0.26062947196480796,1,0.71,1.309565866987145
0.9,0.09999999999999998,1,12,3.127630103815845,1.358312495521716,0.78,0.20168903851584105,0,0.06793972311980909,3.6657751582914013,0.12219250527638002,1,0.435,1.1254182588570905
0.9,0.09999999999999998,1,13,2.713017686344861,1.1782486104855001,0.69,0.28121066098987646,0,0.11586696374345881,10.935371846330105,0.3645123948776701,0,1.0,1.363457731636331
0.9,0.09999999999999998,1,14,2.186550319151116,0.9496067380111238,0.46,0.4594589068391545,0,0.35938962497228344,28.946257910010235,0.9648752636670077,0,0.495,1.2940095899326223
0.9,0.09999999999999998,1,15,2.470058150173128,1.072732624600343,0.30333333333333334,0.3076694169091839,0,0.3984115715423423,10.003248078151572,0.33344160260505235,0,0.225,1.0670568532252014
0.9,0.09999999999999998,1,16,2.1666983408710596,0.9409851333892318,0.6333333333333333,0.48946988646723155,0,0.04724925982122313,9.714354787789503,0.32381182625965005,0,0.4,1.294419828149178
0.9,0.09999999999999998,1,17,2.7511137202011393,1.1947935077716814,0.45,0.21014951743328544,0,0.4411808277111862,13.26309839060772,0.4421032796869239,1,0.475,1.1335462249927826
0.9,0.09999999999999998,1,18,1.8079290944183755,0.7851736293782435,0.43333333333333335,0.6383610844955411,0,0.08507138145887982,0.6614511678910251,0.022048372263034167,1,0.77,1.333473001324165
0.9,0.09999999999999998,1,19,1.7914382811394887,0.7780117601691262,0.35333333333333333,0.4919329246385874,0,0.200869367906371,0.06304135939869115,0.002101378646623038,1,0.25,1.1776308911847382
0.9,0.09999999999999998,2,0,2.3390420558455496,1.0158330577933599,0.5133333333333333,0.4117101994114842,0,0.03963069058300087,9.588687354684172,0.31962291182280567,0,0.41,1.285034935561381
0.9,0.09999999999999998,2,1,2.380511830091845,1.0338431519142997,0.82,0.33209828118236023,0,0.023816229798194546,1.6205475996200813,0.05401825332066937,1,0.665,1.3499129248809092
0.9,0.09999999999999998,2,2,1.6480899158571802,0.715756356137168,0.3566666666666667,0.564914240867498,0,0.2476222923145452,11.187242319713759,0.3729080773237919,0,0.47,1.1647036714736871
0.9,0.09999999999999998,2,3,2.871891315540459,1.2472465509650918,0.8766666666666667,0.18126516389052016,0,0.00362010449336261,2.790102460993743,0.09300341536645809,1,0.715,1.306495804304879
0.9,0.09999999999999998,2,4,2.221547370747979,0.9648057644025247,0.4,0.48616229907715136,0,0.03766142466647432,7.999670289301597,0.2666556763100532,0,0.45,1.1960202738134906
0.9,0.09999999999999998,2,5,2.735889502260743,1.1881817139288746,0.9233333333333333,0.26177063376631615,0,0.012863024192544807,4.482279561633762,0.14940931872112537,1,0.425,1.2859420418313627
0.9,0.09999999999999998,2,6,1.511109237530998,0.6562664034127427,0.6466666666666666,0.679154974876639,0,0.0248108139349177,4.426519234348008,0.1475506411449336,1,0.65,1.2784814699442357
0.9,0.09999999999999998,2,7,2.984797316718875,1.29628100425064,0.86,0.23254942021259345,0,0.005367560206341337,1.9221340242334906,0.06407113414111634,1,0.415,1.2479228771039543
0.9,0.09999999999999998,2,8,2.382302562058977,1.0346208569261925,0.7966666666666666,0.32202386424017304,0,0.0020626472193187055,0.6748868152065046,0.02249622717355015,1,0.36,1.267464427805278
0.9,0.09999999999999998,2,9,2.704014528454137,1.1743385886938549,0.42,0.3259592021349243,0,0.15774426223660346,9.996559880890537,0.3332186626963512,0,0.24,1.1637714898049167
0.9,0.09999999999999998,2,10,2.0982900590893023,0.9112757940949321,0.54,0.512903691451452,0,0.09687598052037667,8.260815017149131,0.2753605005716377,0,0.795,1.3540754186529134
0.9,0.09999999999999998,2,11,2.6523994700442395,1.1519224536433226,0.6566666666666666,0.3239933764705925,0,0.04162570583858565,0.0138721884044124,0.0004624062801470799,1,0.24,1.2115517356057237
0.9,0.09999999999999998,2,12,2.1580446045770683,0.9372268634689057,0.16,0.40101613991636803,0,0.2682856967950602,19.987240178244026,0.6662413392748008,0,0.255,1.2030211972497358
0.9,0.09999999999999998,2,13,2.0741052206179584,0.9007724522011062,0.06,0.4283873502374774,0,0.41087811279765274,19.99847290262248,0.6666157634207494,0,0.225,1.2010086854281619
0.9,0.09999999999999998,2,14,1.4131291179904413,0.613714178160058,0.5833333333333334,0.8259118408013756,0,0.0240426416155671,7.90869949737088,0.2636233165790293,0,0.665,1.331608611600861
0.9,0.09999999999999998,2,15,1.936083062394727,0.8408301905043792,0.43666666666666665,0.5061350140457775,0,0.13311267447736785,8.989167461298997,0.2996389153766332,1,0.45,1.280638482663219
0.9,0.09999999999999998,2,16,2.5009116273317717,1.0861321194778701,0.056666666666666664,0.3183282479302727,0,0.4720527522444583,28.740045091627636,0.9580015030542544,0,0.845,1.2608163194754267
0.9,0.09999999999999998,2,17,2.0505645676472524,0.8905488765155289,0.34,0.49317984867979836,0,0.25012640909330563,24.70228336537221,0.8234094455124069,0,1.0,1.3611328260800788
0.9,0.09999999999999998,2,18,2.7358951101413025,1.1881841494004568,0.8433333333333334,0.24857017394657538,0,0.051943337087748925,9.855185365128522,0.32850617883761735,0,0.64,1.2824005210291491
0.9,0.09999999999999998,2,19,2.1735502099119572,0.9439608623044174,0.8633333333333333,0.38006725577920863,0,0.030612445930745004,8.792778671470053,0.2930926223823351,0,0.69,1.242338232492531
0.9,0.09999999999999998,3,0,2.265642775865324,0.9839561555222762,0.57,0.33780236830769594,0,0.15382062791692963,1.921007430563615,0.06403358101878716,1,0.42,1.1382477012466796
0.9,0.09999999999999998,3,1,2.8032506492556926,1.2174362883634553,0.11,0.2155409125431432,0,0.06976494987818226,11.698610008522758,0.38995366695075856,0,0.68,1.295038987632089
0.9,0.09999999999999998,3,2,2.7804357623950158,1.2075279088946165,0.9433333333333334,0.12501566530265026,0,0.0012740478197884242,1.5229019078580153,0.050763396928600504,1,0.45,1.2673890925417934
0.9,0.09999999999999998,3,3,1.97240571730137,0.8566049190984101,0.29,0.6388496756097336,0,0.17912725825380965,5.79260216128687,0.19308673870956228,1,0.505,1.317888735858467
0.9,0.09999999999999998,3,4,2.2461529980457557,0.9754918525617171,0.22333333333333333,0.4191954563607698,0,0.47575475309922605,20.451077179695908,0.6817025726565302,0,0.57,1.2207746668769468
0.9,0.09999999999999998,3,5,2.3620674212987045,1.0258328469534705,0.46,0.322898470657532,0,0.20795506429071214,12.350539323360078,0.4116846441120025,1,0.735,1.2811742026899844
0.9,0.09999999999999998,3,6,2.5351733280059237,1.1010117870212752,0.9333333333333333,0.3331214333466227,0,0.04484532117358956,11.78313834909776,0.39277127830325864,0,0.68,1.3244939177972008
0.9,0.09999999999999998,3,7,2.4291523396504773,1.054967456812576,0.7733333333333333,0.4424481966156041,0,0.007801603625433298,0.1588606981822338,0.005295356606074459,1,0.4,1.2421458410283226
0.9,0.09999999999999998,3,8,2.0032598678192213,0.8700047064121254,0.65,0.5510031616184141,0,0.1834967455978304,22.7420120388163,0.7580670679605431,0,1.0,1.3796578874621903
0.9,0.09999999999999998,3,9,2.1441535559259473,0.9311940576918744,0.5866666666666667,0.5336362853988822,0,0.08065504526323619,5.309919048888595,0.1769973016296198,1,0.76,1.3227659934181215
0.9,0.09999999999999998,3,10,2.7970665523054006,1.2147505691823888,0.7433333333333333,0.15550765429988972,0,0.14445256261657818,2.4928255228538476,0.08309418409512824,1,0.705,1.227079357427804
0.9,0.09999999999999998,3,11,1.982305548738907,0.8609043612635047,0.31666666666666665,0.5529482120224697,0,0.09033400385475245,10.042913363401262,0.33476377878004204,0,0.66,1.3180340421719325
0.9,0.09999999999999998,3,12,2.159517876943547,0.9378666975280078,0.31333333333333335,0.4160625022670633,0,0.44113156687116445,23.45978531297445,0.7819928437658148,0,0.55,1.2286988664535197
0.9,0.09999999999999998,3,13,1.8647599029962987,0.8098549359457357,0.21,0.6649948598501382,0,0.3742027572149398,20.405087201062596,0.6801695733687532,0,0.53,1.2720385212174328
0.9,0.09999999999999998,3,14,2.110080199747739,0.9163961871237545,0.4666666666666667,0.4647747687732888,0,0.19714057663068196,25.170126882963473,0.8390042294321156,0,1.0,1.3683085582461532
0.9,0.09999999999999998,3,15,2.5521715591285155,1.108394024999933,0.6733333333333333,0.3979843174743347,0,0.019141679479125852,0.677598750292685,0.022586625009756164,1,0.51,1.2044471146243387
0.9,0.09999999999999998,3,16,2.7769017877206403,1.2059931231943493,0.4266666666666667,0.36078473339681255,0,0.11943303857266427,9.457641396070205,0.3152547132023401,0,0.48,1.081411433351192
0.9,0.09999999999999998,3,17,2.1360147970234475,0.9276594396109775,0.66,0.4880635929791089,0,0.09894073974283052,0.06715717227043783,0.0022385724090145938,1,0.18,1.2767152813504523
0.9,0.09999999999999998,3,18,2.518648349276918,1.0938350799456993,0.3566666666666667,0.28630833093129593,0,0.36170873984114105,10.013268921168022,0.3337756307056007,0,0.27,1.1307931710135743
0.9,0.09999999999999998,3,19,1.877202851212955,0.8152588396948374,0.24333333333333335,0.6372785004287488,0,0.12278351359854597,9.985760510969538,0.3328586836989845,0,0.465,1.2935503166118882
0.9,0.09999999999999998,4,0,2.8425625923194957,1.2345092483089597,0.42333333333333334,0.27949342819174966,0,0.17866142040697944,3.639884563497253,0.12132948544990842,1,0.68,1.2802817707427325
0.9,0.09999999999999998,4,1,2.4875024544122666,1.0803085896720426,0.73,0.34109143237469325,0,0.0814153300509506,5.196087602250332,0.17320292007501104,1,1.0,1.3781985325568957
0.9,0.09999999999999998,4,2,1.6907569985666653,0.7342864347168069,0.49,0.693052470760848,0,0.22273298691491267,27.547940281044426,0.918264676034814,0,1.0,1.370192293873509
0.9,0.09999999999999998,4,3,2.8303288254491177,1.2291961908642637,0.64,0.2469241508941722,0,0.0028763980036296787,1.0325077901103707,0.034416926337012356,1,0.435,1.2903202557219184
0.9,0.09999999999999998,4,4,2.358005680469016,1.0240688553242159,0.27666666666666667,0.3458932063469153,0,0.40089537028543104,29.811096717173776,0.9937032239057924,0,0.525,1.2735295474486967
0.9,0.09999999999999998,4,5,1.8663557054516888,0.8105479841463191,0.5033333333333333,0.5248763652367369,0,0.1306528570614559,0.0037485455082530983,0.00012495151694176992,1,0.125,1.074212794000838
0.9,0.09999999999999998,4,6,2.747650448607294,1.193289428029142,0.23666666666666666,0.2463665844015904,0,0.3244837178456669,29.307079944979403,0.9769026648326466,0,0.775,1.3176745184358025
0.9,0.09999999999999998,4,7,2.683086229018167,1.1652495437331944,0.9366666666666666,0.19219427803176156,0,0.012858047660076574,3.1927067774292937,0.10642355924764312,1,0.71,1.3312680714042968
0.9,0.09999999999999998,4,8,2.1787673970026664,0.9462266578689696,0.4666666666666667,0.39300666473655155,0,0.10724930510870792,9.989249130258004,0.3329749710086001,0,0.235,1.260381833515023
0.9,0.09999999999999998,4,9,2.6902712407584968,1.1683699546844295,0.6066666666666667,0.3187572703153135,0,0.34169405599958946,10.009579509198591,0.3336526503066196,0,0.21,1.1413384796499355
0.9,0.09999999999999998,4,10,2.338814423759477,1.0157341984344745,0.8433333333333334,0.41896621415511404,0,0.028612434027330658,7.546902188185323,0.25156340627284407,1,0.77,1.3145251022898348
0.9,0.09999999999999998,4,11,2.2715138426660824,0.9865059274367308,0.56,0.43122938623664764,0,0.08685638535741537,8.776933315298391,0.2925644438432797,0,0.79,1.3054284196424473
0.9,0.09999999999999998,4,12,2.419280178444259,1.0506800316762561,0.43,0.42893113820793444,0,0.11569607973332986,0.0016127322264303245,5.375774088101081e-05,1,0.16,1.1372369673678
0.9,0.09999999999999998,4,13,2.3448876684544406,1.0183717750927455,0.25,0.44951911179135473,0,0.09980098162327901,9.850192228424614,0.3283397409474871,0,0.445,1.2414481243785238
0.9,0.09999999999999998,4,14,2.331677779655989,1.0126347932810225,0.6033333333333334,0.41106982170796785,0,0.12108638870612576,1.1137259357144713,0.03712419785714904,1,0.81,1.3135804945352803
0.9,0.09999999999999998,4,15,2.7958552313674856,1.2142244991832383,0.8,0.246464006033473,0,0.04535549152391523,11.189228010702523,0.3729742670234174,0,0.715,1.3091880862129508
0.9,0.09999999999999998,4,16,2.772791062767584,1.2042078580306146,0.21666666666666667,0.2742063124107999,0,0.09983078868546144,10.013336738742517,0.3337778912914172,0,0.27,1.2988117485703983
0.9,0.09999999999999998,4,17,2.3527660449872303,1.0217933105472918,0.38666666666666666,0.4140761767306848,0,0.1684455991636039,0.2136647476623843,0.007122158255412809,1,0.49,1.2241373290366977
0.9,0.09999999999999998,4,18,2.9762826188548055,1.292583117953201,0.9433333333333334,0.18704133719826668,0,0.022066203201036028,1.1309105245470075,0.037697017484900244,1,0.335,1.322466258862707
0.9,0.09999999999999998,4,19,2.5002263291855873,1.0858344982745238,0.043333333333333335,0.24294882828079742,0,0.42569968398674585,22.5617648203994,0.7520588273466465,0,0.54,1.2747358498983248
