source,kl,regret,argmax_preserved
E6b naive,0.0002867431084529,1.2800562134589966,1.0
E6b naive,0.004184302392106,0.3883668976571053,1.0
E6b naive,0.0002113420998639,1.1665912518307953,1.0
E6b naive,0.0001378047638624,1.1606086131805415,1.0
E6b naive,0.000175626347492,1.1706492986722938,1.0
E6b naive,0.0008233620650811,0.7623191961268538,1.0
E6b naive,0.004836858551237,0.2036605665737489,1.0
E6b naive,0.0014812420449809,0.6719582779388222,1.0
E6b naive,0.0011463621226236,0.6715754378261163,1.0
E6b naive,0.0011792000211644,0.6676634141714044,1.0
E6b naive,0.0006439868000196,1.236992719420399,1.0
E6b naive,0.0043362299850842,0.4551591915624486,1.0
E6b naive,0.0002503954072109,1.0939811559239454,1.0
E6b naive,0.0004411116625241,1.124112048418474,1.0
E6b naive,0.0003597328334544,1.1021616153061131,1.0
E6b naive,0.0030257958960555,0.6295683617986658,1.0
E6b naive,0.0104250472804207,5.929910019579032,0.0
E6b naive,0.0106590669128945,2.014958583069837,1.0
E6b naive,0.0292680565007839,2.586935466889817,1.0
E6b naive,0.0079039381040631,1.796245056698048,1.0
E6b naive,0.003100348528273,0.2606012577805128,1.0
E6b naive,0.0061039643175961,4.322351160684157,1.0
E6b naive,0.0058445918386541,0.9118129267203678,1.0
E6b naive,0.0235252558525968,1.326404337804632,1.0
E6b naive,0.0030255366842543,0.8687887978434505,1.0
E6b naive,0.0040046142037219,0.5877682031180886,1.0
E6b naive,0.0086066900324816,5.4411032961193095,0.0
E6b naive,0.0122289707336755,1.874575687388541,1.0
E6b naive,0.0271443059587776,2.050095111334993,1.0
E6b naive,0.0076652675789039,1.45068237597904,1.0
E6b naive,0.0083166777927461,0.298510756121606,1.0
E6b naive,0.0523277348465009,9.807179724782856,0.0
E6b naive,0.0348014019446894,6.703973365564036,1.0
E6b naive,0.0946644882675552,7.753565429172377,1.0
E6b naive,0.0247231439617186,2.651961415471132,1.0
E6b naive,0.0103782965592194,0.176161158210969,1.0
E6b naive,0.0456211068367733,9.680789084788538,0.0
E6b naive,0.0330115824732518,4.986811588374973,1.0
E6b naive,0.0903986207376071,6.070259510326776,1.0
E6b naive,0.0171163020287849,1.897884670519434,1.0
E6b naive,0.0096313428342746,0.2795955059720578,1.0
E6b naive,0.0444885686644622,9.682741965129422,0.0
E6b naive,0.033819431130876,5.589348563213542,1.0
E6b naive,0.0852100531171063,5.947701815659256,1.0
E6b naive,0.0196922720549548,2.0733202391264527,1.0
E6b naive,0.0190347521040255,0.2265459113903856,1.0
E6b naive,0.1158780237713827,9.99325508394729,0.0
E6b naive,0.0709853718324328,14.934003962075664,0.0
E6b naive,0.1793731948546765,22.09347977653309,0.0
E6b naive,0.0524378071400785,4.624459433317823,1.0
E6b naive,0.0229634734895297,0.1876820676918411,1.0
E6b naive,0.1174039569929683,9.993172353736274,0.0
E6b naive,0.0778893774663355,15.209324246437331,0.0
E6b naive,0.1830489148011394,22.959595775828536,0.0
E6b naive,0.046555859522988,3.962743985780759,1.0
E6b naive,0.0195526485791246,0.256212747586293,1.0
E6b naive,0.1170577770850041,9.99355765467354,0.0
E6b naive,0.073873853851291,14.940813255511603,0.0
E6b naive,0.1728574377386915,21.51498022605536,0.0
E6b naive,0.0439031889855174,4.420678756739771,1.0
E6b naive,0.0389378752793386,0.2324101113775123,1.0
E6b naive,0.2136585569993905,10.000287516000494,0.0
E6b naive,0.1262756512027478,18.960922778698293,0.0
E6b naive,0.2878844057080486,28.826555782631768,0.0
E6b naive,0.0870840397043304,8.744709393743467,1.0
E6b naive,0.0404585890514332,0.2532676564886538,1.0
E6b naive,0.2164944960033998,10.000387709796616,0.0
E6b naive,0.1323366586054124,19.13438816665474,0.0
E6b naive,0.2931951728714272,28.98280980044102,0.0
E6b naive,0.0843292083267488,8.67577517741786,1.0
E6b naive,0.0388703769680786,0.2771801887085479,1.0
E6b naive,0.2266718384824298,10.00032880691938,0.0
E6b naive,0.1373718431605776,19.326932390355765,0.0
E6b naive,0.2984410794403885,29.00742549797484,0.0
E6b naive,0.0813330057681507,9.077087573952603,1.0
E6b naive,0.0009347909586549,1.292817191877288,1.0
E6b naive,0.0005935961707726,0.547506900541922,1.0
E6b naive,0.0011472524767329,1.2155973642595852,1.0
E6b naive,0.0010449331474284,1.207269704593339,1.0
E6b naive,0.0010136244924286,1.2074518656478073,1.0
E6b naive,0.0010385545362705,1.7650927606384592,1.0
E6b naive,0.0005799767284929,0.7161605476413091,1.0
E6b naive,0.0009942236700777,1.603703195405887,1.0
E6b naive,0.0010480969641065,1.5898672873649988,1.0
E6b naive,0.0009562958108825,1.5730398631127684,1.0
E6b naive,0.0008476457831137,1.0128149552819987,1.0
E6b naive,0.0038280642943664,0.3895093210983802,1.0
E6b naive,0.000863764034206,0.912906819050785,1.0
E6b naive,0.0004859470235686,0.8891635472634551,1.0
E6b naive,0.0006886034627965,0.8931205790794705,1.0
E6b naive,0.0003052551139072,0.973444383419758,1.0
E6b naive,0.0068217238776761,4.926934697981938,1.0
E6b naive,0.0039916657022403,1.8590403502170227,1.0
E6b naive,0.0154149463122785,2.677475934376755,1.0
E6b naive,0.0041368365115268,2.3430732174935907,1.0
E6b naive,0.0017310293101691,0.7418589400086439,1.0
E6b naive,0.0057363331476958,4.314990621398912,1.0
E6b naive,0.0053843505805205,1.5532207853841962,1.0
E6b naive,0.0175361540708254,2.0660478655610106,1.0
E6b naive,0.0055725262350947,1.6369754311103768,1.0
E6b naive,0.0053401803725494,0.5846117561125797,1.0
E6b naive,0.006756353924932,3.900506518017904,1.0
E6b naive,0.0092437401443769,1.2591730119602185,1.0
E6b naive,0.0235325608524424,1.8551747896020043,1.0
E6b naive,0.0101136740075682,1.320362598073932,1.0
E6b naive,0.0051106198598293,0.5015243728753227,1.0
E6b naive,0.0332358757057767,9.344720336531342,0.0
E6b naive,0.0207162821404079,3.423018836667463,1.0
E6b naive,0.0628388265192241,5.139485101488828,1.0
E6b naive,0.0199740516812821,3.00206823259781,1.0
E6b naive,0.0113378468845191,0.4794236612578328,1.0
E6b naive,0.0283733373390887,9.089386148867362,0.0
E6b naive,0.0277518527530719,3.983489586724609,1.0
E6b naive,0.067260313135952,4.554466727389833,1.0
E6b naive,0.0236502498141138,2.3622798770537856,1.0
E6b naive,0.0151674791785262,0.4391299734963716,1.0
E6b naive,0.0285743830534335,8.98278630861926,0.0
E6b naive,0.0321476789295762,3.9285958627535313,1.0
E6b naive,0.0736481611243006,4.697246808514988,1.0
E6b naive,0.0284485762227011,2.055012907272613,1.0
E6b naive,0.0183621390902172,0.433521283327265,1.0
E6b naive,0.0809221846677722,9.971613851081196,0.0
E6b naive,0.0559452711740876,11.092196592008602,0.0
E6b naive,0.1420731908890562,16.153044784228584,0.0
E6b naive,0.0503085427829604,4.77110714382461,1.0
E6b naive,0.0223796103717305,0.4845762050054547,1.0
E6b naive,0.0777114630013635,9.968775011606246,0.0
E6b naive,0.060717216343317,11.653788658751555,0.0
E6b naive,0.1417857986720713,16.548866995483184,0.0
E6b naive,0.0483057363736773,4.201672224920489,1.0
E6b naive,0.0314125811581391,0.4637917751460441,1.0
E6b naive,0.0726084836870291,9.959558604747714,0.0
E6b naive,0.0691766024087957,11.70999828481598,0.0
E6b naive,0.1499339728707594,18.578522665641003,0.0
E6b naive,0.0586787548283393,4.534087909062162,1.0
E6b naive,0.0359243764489534,0.4373591921289055,1.0
E6b naive,0.1431132580140799,10.001694630430608,0.0
E6b naive,0.0996873792535008,17.232525083996432,0.0
E6b naive,0.2328757642083641,26.76544879676224,0.0
E6b naive,0.0817900875130155,8.119727893596346,1.0
E6b naive,0.0390093215615664,0.4882481335245936,1.0
E6b naive,0.1422499271869955,10.001678952729351,0.0
E6b naive,0.103144661078268,17.484893857807783,0.0
E6b naive,0.2365536160929158,27.170896666388806,0.0
E6b naive,0.0842853290326901,8.612334425130868,1.0
E6b naive,0.0410784958470614,0.5665310995543515,1.0
E6b naive,0.1442049660920293,10.002843556383622,0.0
E6b naive,0.1071620848186173,17.772696396996864,0.0
E6b naive,0.2378800887041775,27.318479713987102,0.0
E6b naive,0.0843692797063479,8.635411398024784,1.0
E6b naive,0.0002962702122027,1.0075113603837835,1.0
E6b naive,0.0020090490032715,0.5134311354729137,1.0
E6b naive,0.0002094483015834,0.8966325803374198,1.0
E6b naive,0.0003807337291835,0.9040477141175174,1.0
E6b naive,0.0003080303594625,0.8923996464314576,1.0
E6b naive,0.0007708575531162,0.8837068929309688,1.0
E6b naive,0.003771587307211,0.4072383851021932,1.0
E6b naive,0.0005664435997581,0.7931981483396744,1.0
E6b naive,0.0005460118220009,0.7906846319442107,1.0
E6b naive,0.0006070442639436,0.7815141426082806,1.0
E6b naive,0.0015812434398924,0.9221740134352064,1.0
E6b naive,0.0049899706575899,0.4876679346492052,1.0
E6b naive,0.0014648372923191,0.8493293593290263,1.0
E6b naive,0.0011937953883157,0.8631418063847374,1.0
E6b naive,0.0014174098007765,0.8549961470086909,1.0
E6b naive,0.0041501510824016,0.7208129880852954,1.0
E6b naive,0.004948589648479,3.275717824193997,1.0
E6b naive,0.0080391426649476,1.3039989199088886,1.0
E6b naive,0.0141730834785256,1.8854808908200515,1.0
E6b naive,0.0061080472042668,1.4694882111767835,1.0
E6b naive,0.0059620334869746,0.6489260097579497,1.0
E6b naive,0.0051641113468749,2.040400924364322,1.0
E6b naive,0.0081752449087333,1.0753275512716431,1.0
E6b naive,0.0162508595517968,1.3437085018124573,1.0
E6b naive,0.0081408653980326,1.074533673030581,1.0
E6b naive,0.0072875309101321,0.9113233677834898,1.0
E6b naive,0.0080646128709182,3.0106230088773165,1.0
E6b naive,0.0106871396139105,1.4146399518884134,1.0
E6b naive,0.0191303026818182,1.8506875225462796,1.0
E6b naive,0.0103466765116847,1.4191209122610238,1.0
E6b naive,0.0140973133026886,0.5213868758874141,1.0
E6b naive,0.0193296280839881,7.606085559099962,0.0
E6b naive,0.0275237265390445,2.9770869169377043,1.0
E6b naive,0.0551936791911269,3.3709437153342403,1.0
E6b naive,0.0238169769046616,1.937248458768376,1.0
E6b naive,0.0158598153604273,0.6810142806714603,1.0
E6b naive,0.0198238655704488,7.325784113130807,0.0
E6b naive,0.0267140063723423,2.888211690500042,1.0
E6b naive,0.0545285351928703,3.4823390333532487,1.0
E6b naive,0.024801827805698,1.814644715550712,1.0
E6b naive,0.0182928111470691,0.7673749876393521,1.0
E6b naive,0.0252625891999139,7.90486644053468,0.0
E6b naive,0.0309616412274589,2.993864652655759,1.0
E6b naive,0.0636442531258592,4.352411271322648,1.0
E6b naive,0.0299684184529089,2.1111663554085505,1.0
E6b naive,0.0301671469783476,0.6973459830207529,1.0
E6b naive,0.0440900581468699,9.648528899673886,0.0
E6b naive,0.0554596150973978,7.69452637381881,1.0
E6b naive,0.1082888556453998,10.466291619897389,1.0
E6b naive,0.0505306477680548,3.554417398856552,1.0
E6b naive,0.030065649515369,1.0943077716405123,1.0
E6b naive,0.0462712539387222,9.7578174773713,0.0
E6b naive,0.0560224263060042,8.80745042314045,1.0
E6b naive,0.107771889428525,10.906460133448691,1.0
E6b naive,0.0511902932773967,4.345293648439763,1.0
E6b naive,0.0300220064929619,1.034472991358465,1.0
E6b naive,0.0575708507837023,9.882647804368755,0.0
E6b naive,0.0585111075498352,9.196976681388009,1.0
E6b naive,0.1213121931044119,13.47916414598353,0.0
E6b naive,0.0533319002532262,4.94950337872716,1.0
E6b naive,0.046061238888364,1.1775697516364814,1.0
E6b naive,0.0869241146031494,10.023110681934815,0.0
E6b naive,0.0860998306324387,14.166895470614993,0.0
E6b naive,0.1773787752053353,22.83831225115464,0.0
E6b naive,0.0826687076207402,7.815579899816455,1.0
E6b naive,0.0450315611948728,1.410046921413044,1.0
E6b naive,0.0824660604398948,10.039105000471736,0.0
E6b naive,0.0846686344958511,14.258654182279384,0.0
E6b naive,0.1687649075872848,21.947764695604384,0.0
E6b naive,0.0780496487675796,7.63505972646219,1.0
E6b naive,0.0449061925274965,1.4632859304838042,1.0
E6b naive,0.0967894621965352,10.033180392080643,0.0
E6b naive,0.0918910271700099,15.501349216720268,0.0
E6b naive,0.1856604288627544,23.398194761910133,0.0
E6b naive,0.0824836421486241,8.804446577845276,1.0
E6b naive,0.0002867431084529,1.2800562134589966,1.0
E6b naive,0.0041843023921058,0.3883668976571053,1.0
E6b naive,0.0002113420998639,1.1665912518307953,1.0
E6b naive,0.0001378047638624,1.1606086131805415,1.0
E6b naive,0.0001756263474918,1.1706492986722938,1.0
E6b naive,0.0008233620650811,0.7623191961268538,1.0
E6b naive,0.0048368585512372,0.2036605665737434,1.0
E6b naive,0.0014812420449809,0.6719582779388222,1.0
E6b naive,0.0011463621226236,0.6715754378261163,1.0
E6b naive,0.0011792000211644,0.6676634141714044,1.0
E6b naive,0.0006439868000197,1.236992719420399,1.0
E6b naive,0.0043362299850841,0.4551591915624542,1.0
E6b naive,0.0002503954072109,1.0939811559239454,1.0
E6b naive,0.0004411116625242,1.124112048418474,1.0
E6b naive,0.0003597328334545,1.1021616153061131,1.0
E6b naive,0.0030257958960555,0.6295683617986658,1.0
E6b naive,0.0104250472804208,5.929910019579044,0.0
E6b naive,0.0106590669128945,2.014958583069837,1.0
E6b naive,0.0292680565007841,2.586935466889817,1.0
E6b naive,0.0079039381040631,1.7962450566980426,1.0
E6b naive,0.003100348528273,0.2606012577805128,1.0
E6b naive,0.006103964317596,4.322351160684174,1.0
E6b naive,0.0058445918386541,0.9118129267203678,1.0
E6b naive,0.023525255852597,1.3264043378046375,1.0
E6b naive,0.0030255366842543,0.868788797843445,1.0
E6b naive,0.0040046142037218,0.5877682031180886,1.0
E6b naive,0.0086066900324817,5.4411032961193095,0.0
E6b naive,0.0122289707336755,1.874575687388541,1.0
E6b naive,0.0271443059587777,2.050095111334993,1.0
E6b naive,0.007665267578904,1.45068237597904,1.0
E6b naive,0.0083166777927461,0.298510756121606,1.0
E6b naive,0.0523277348465011,9.807179724782856,0.0
E6b naive,0.0348014019446893,6.7039733655640426,1.0
E6b naive,0.0946644882675553,7.753565429172394,1.0
E6b naive,0.0247231439617185,2.651961415471132,1.0
E6b naive,0.0103782965592193,0.176161158210969,1.0
E6b naive,0.0456211068367733,9.680789084788538,0.0
E6b naive,0.0330115824732518,4.986811588374973,1.0
E6b naive,0.0903986207376073,6.070259510326786,1.0
E6b naive,0.0171163020287849,1.8978846705194288,1.0
E6b naive,0.0096313428342746,0.2795955059720578,1.0
E6b naive,0.0444885686644624,9.682741965129422,0.0
E6b naive,0.033819431130876,5.589348563213542,1.0
E6b naive,0.0852100531171065,5.947701815659268,1.0
E6b naive,0.0196922720549549,2.0733202391264527,1.0
E6b naive,0.0190347521040255,0.22654591139038,1.0
E6b naive,0.1158780237713831,9.99325508394729,0.0
E6b naive,0.0709853718324328,14.934003962075664,0.0
E6b naive,0.1793731948546764,22.093479776533098,0.0
E6b naive,0.0524378071400786,4.6244594333178295,1.0
E6b naive,0.0229634734895296,0.1876820676918411,1.0
E6b naive,0.1174039569929684,9.993172353736274,0.0
E6b naive,0.0778893774663355,15.209324246437331,0.0
E6b naive,0.1830489148011395,22.959595775828557,0.0
E6b naive,0.0465558595229882,3.9627439857807367,1.0
E6b naive,0.0195526485791246,0.256212747586293,1.0
E6b naive,0.1170577770850042,9.99355765467354,0.0
E6b naive,0.073873853851291,14.940813255511603,0.0
E6b naive,0.1728574377386917,21.51498022605537,0.0
E6b naive,0.0439031889855176,4.420678756739766,1.0
E6b naive,0.0389378752793386,0.2324101113775123,1.0
E6b naive,0.2136585569993909,10.000287516000494,0.0
E6b naive,0.1262756512027478,18.960922778698293,0.0
E6b naive,0.2878844057080487,28.82655578263177,0.0
E6b naive,0.0870840397043304,8.744709393743472,1.0
E6b naive,0.0404585890514331,0.2532676564886538,1.0
E6b naive,0.2164944960034,10.000387709796616,0.0
E6b naive,0.1323366586054124,19.13438816665474,0.0
E6b naive,0.2931951728714272,28.98280980044102,0.0
E6b naive,0.0843292083267487,8.675775177417888,1.0
E6b naive,0.0388703769680786,0.2771801887085479,1.0
E6b naive,0.2266718384824301,10.00032880691938,0.0
E6b naive,0.1373718431605776,19.326932390355765,0.0
E6b naive,0.2984410794403884,29.00742549797484,0.0
E6b naive,0.0813330057681509,9.07708757395263,1.0
E6b naive,0.0009464731029295,1.2736189462222602,1.0
E6b naive,0.0002666700653964,0.7738308286072693,1.0
E6b naive,0.001034575305044,1.2034007303513616,1.0
E6b naive,0.0010398469656558,1.2074820919819484,1.0
E6b naive,0.0010134552869536,1.2074655205970064,1.0
E6b naive,0.0009757728391704,1.6812570197199006,1.0
E6b naive,0.0001618385644731,0.9327670025743028,1.0
E6b naive,0.0009645626966101,1.5913521931140096,1.0
E6b naive,0.0009926717360658,1.5890834139195564,1.0
E6b naive,0.0009794744228098,1.5900497772645017,1.0
E6b naive,0.0007177613144139,0.9662701954046672,1.0
E6b naive,0.0022950921523826,0.5166015797479717,1.0
E6b naive,0.0007834272536164,0.903526111692926,1.0
E6b naive,0.0005235543530438,0.8910643287976916,1.0
E6b naive,0.0006753540812646,0.8973953957083836,1.0
E6b naive,0.0005461429483952,1.1539057904536687,1.0
E6b naive,0.0064207224105921,4.713361947487793,1.0
E6b naive,0.003554735375897,1.9049640770688212,1.0
E6b naive,0.0122678437268592,2.480758367953689,1.0
E6b naive,0.0039714410197501,2.227925895793359,1.0
E6b naive,0.0019374255646128,0.8464234632668766,1.0
E6b naive,0.0049448196985842,3.814099059956972,1.0
E6b naive,0.0045224285935544,1.5128546681906383,1.0
E6b naive,0.0141858445993697,1.9804096279555368,1.0
E6b naive,0.005561735640081,1.687939503025171,1.0
E6b naive,0.0054301209816262,0.6649715480919249,1.0
E6b naive,0.0065783777993268,3.521284015109222,1.0
E6b naive,0.0089088627554239,1.2423364237994172,1.0
E6b naive,0.0204303439524217,1.7183044476035023,1.0
E6b naive,0.0098599421470836,1.335503903288121,1.0
E6b naive,0.0060494422497662,0.7166228561080124,1.0
E6b naive,0.0269496605961442,8.913767927730804,0.0
E6b naive,0.0186285457485308,3.0163231345295527,1.0
E6b naive,0.0517099764635428,4.35605390730684,1.0
E6b naive,0.0200983135891309,2.864072222282743,1.0
E6b naive,0.012185658194927,0.6413213338613277,1.0
E6b naive,0.022606718385915,8.368399143920973,0.0
E6b naive,0.0241629368155179,3.1161336617023028,1.0
E6b naive,0.055291907769766,3.733069878556605,1.0
E6b naive,0.0233710310740868,2.3050674840584264,1.0
E6b naive,0.0159879780325305,0.6029961060561584,1.0
E6b naive,0.0234116862048992,8.085758591839532,0.0
E6b naive,0.0294709323088321,3.2041623266821864,1.0
E6b naive,0.0621734772235724,3.688214019780606,1.0
E6b naive,0.028502608530595,2.1462201714572195,1.0
E6b naive,0.0205661266792662,0.7079578813268816,1.0
E6b naive,0.0630362911406796,9.908744080771188,0.0
E6b naive,0.0504103497895077,8.969118322126318,1.0
E6b naive,0.1180803906698039,12.43156344539768,0.0
E6b naive,0.0505100127399534,4.648213206698198,1.0
E6b naive,0.0240575563583019,0.7257741509115956,1.0
E6b naive,0.0606074200973318,9.899890784428472,0.0
E6b naive,0.0532873698732197,9.149964178824854,1.0
E6b naive,0.1180698463506264,12.507848758511708,0.0
E6b naive,0.0473696035464442,4.117360909635553,1.0
E6b naive,0.0325189599057849,0.693953709921008,1.0
E6b naive,0.0561659075572147,9.851268826310344,0.0
E6b naive,0.0627855525883866,9.6987341529223,1.0
E6b naive,0.1267781493884202,14.155035488946943,0.0
E6b naive,0.05842405556705,4.755133485589474,1.0
E6b naive,0.0383614117168998,0.764810392140236,1.0
E6b naive,0.1091731549577267,10.00149284247041,0.0
E6b naive,0.0888255520530937,15.597861292618658,0.0
E6b naive,0.1943779194143244,24.35143033743058,0.0
E6b naive,0.0808206994462499,7.900860009387206,1.0
E6b naive,0.0412505200660995,0.8039499344330514,1.0
E6b naive,0.110767007735733,10.001436675866016,0.0
E6b naive,0.0909365721924445,15.74351506239618,0.0
E6b naive,0.198437757844329,24.84269887858917,0.0
E6b naive,0.0829856833571882,8.332710648288948,1.0
E6b naive,0.042910765115592,0.9600931628604148,1.0
E6b naive,0.1074742346998885,10.005829475664909,0.0
E6b naive,0.0947989923199994,16.337260056576913,0.0
E6b naive,0.1983975577338053,25.11518718683391,0.0
E6b naive,0.0840280667993947,8.761719744009822,1.0
E6b naive,0.000301416540817,0.8925475094557545,1.0
E6b naive,0.0003014125874206,0.8925524943461327,1.0
E6b naive,0.0003014049213738,0.8925521217951204,1.0
E6b naive,0.0003014150773334,0.8925489603878234,1.0
E6b naive,0.0003014197425784,0.8925519613900534,1.0
E6b naive,0.0005993530135329,0.7900986716600833,1.0
E6b naive,0.0005993422457264,0.7901025248391202,1.0
E6b naive,0.0005992228831755,0.7901091967165208,1.0
E6b naive,0.0005991202694752,0.7901180526057872,1.0
E6b naive,0.0005992028909685,0.7901192083226816,1.0
E6b naive,0.0014495447671423,0.8587705563068981,1.0
E6b naive,0.0014495378113104,0.858772763464305,1.0
E6b naive,0.00144954707464,0.8587654217685758,1.0
E6b naive,0.0014495376075121,0.8587730252379022,1.0
E6b naive,0.0014495323618492,0.8587702681655651,1.0
E6b naive,0.0052376412761653,1.0101281598464074,1.0
E6b naive,0.0048096221519395,2.402190338123749,1.0
E6b naive,0.0064317023060297,1.2291984287388755,1.0
E6b naive,0.0090597081277458,1.6580066544302383,1.0
E6b naive,0.0062858659458846,1.4108973438763717,1.0
E6b naive,0.0065859591428809,0.8345190304266892,1.0
E6b naive,0.0056440985553317,1.808561574162648,1.0
E6b naive,0.0074386068987398,1.028145995165214,1.0
E6b naive,0.010989798489813,1.23703929284103,1.0
E6b naive,0.0077354446152638,1.07897062461918,1.0
E6b naive,0.0087176505623669,1.1861609413286178,1.0
E6b naive,0.0083979464491954,2.411349150497438,1.0
E6b naive,0.0099964590692919,1.3641009587864572,1.0
E6b naive,0.0140888639265877,1.7086839582353464,1.0
E6b naive,0.010301330284576,1.3783148212740903,1.0
E6b naive,0.0178694179281009,1.0561591262761127,1.0
E6b naive,0.0173052817708649,4.392457680323581,1.0
E6b naive,0.0225677489878555,1.8770208011933127,1.0
E6b naive,0.035014216193641,2.4163098932034552,1.0
E6b naive,0.0242016697139188,1.8664259661185456,1.0
E6b naive,0.019214730432287,1.1760186693144823,1.0
E6b naive,0.0192149666339591,4.407575886878617,1.0
E6b naive,0.0230749338058752,2.0167792685600148,1.0
E6b naive,0.0361087379051902,2.5604698623567232,1.0
E6b naive,0.0241900045427076,1.813173200355328,1.0
E6b naive,0.0238502922115809,1.4287501803489755,1.0
E6b naive,0.0246638590682165,5.036992567673432,1.0
E6b naive,0.0283960062856925,2.1095350159896,1.0
E6b naive,0.0438136590530712,3.076722785218683,1.0
E6b naive,0.0299134119234976,2.066106771788717,1.0
E6b naive,0.0378581764829811,1.722524103807077,1.0
E6b naive,0.0374441072925753,7.192917806798526,0.0
E6b naive,0.0467808205267241,4.019535790078788,1.0
E6b naive,0.0703385999132328,5.127322979742055,1.0
E6b naive,0.0499981695339757,3.392327888986962,1.0
E6b naive,0.0375340110436968,2.3127961669720696,1.0
E6b naive,0.0395513305898905,7.804039291331338,0.0
E6b naive,0.0470499007953538,4.983202936252306,1.0
E6b naive,0.0713306016055006,5.831982069087932,1.0
E6b naive,0.0496193237495304,4.129330217819415,1.0
E6b naive,0.0409575328539273,2.539523825128259,1.0
E6b naive,0.0472450487718631,8.64872330623121,0.0
E6b naive,0.0510036619836634,5.173777924490369,1.0
E6b naive,0.0809570291424474,7.606170098980214,1.0
E6b naive,0.0539715677369477,4.764673323448898,1.0
E6b naive,0.0601070521675845,3.5179988950011785,1.0
E6b naive,0.0667729062660962,9.850359423454048,0.0
E6b naive,0.0739677349606662,8.571557912508542,1.0
E6b naive,0.1159237295120866,13.10755152408028,0.0
E6b naive,0.0815838180541327,7.591788425303797,1.0
E6b naive,0.0579693343939732,3.8014303779220215,1.0
E6b naive,0.0632583025269236,9.860926464287022,0.0
E6b naive,0.071273365414816,8.822868004909939,1.0
E6b naive,0.1104091699615085,12.206579820137476,1.0
E6b naive,0.0772070455850526,7.547358951235694,1.0
E6b naive,0.0608326125499794,4.314368350165587,1.0
E6b naive,0.0723970117935221,10.141799723602285,0.0
E6b naive,0.0777322355847793,9.978042811567397,1.0
E6b naive,0.121992200436745,14.368228894787276,0.0
E6b naive,0.0829315481093234,8.682746676882136,1.0
E6b naive,0.0002867431084529,1.2800562134589966,1.0
E6b naive,0.0041843023921058,0.3883668976571108,1.0
E6b naive,0.0002113420998639,1.1665912518307953,1.0
E6b naive,0.0001378047638624,1.1606086131805415,1.0
E6b naive,0.0001756263474918,1.1706492986722938,1.0
E6b naive,0.0008233620650811,0.7623191961268538,1.0
E6b naive,0.0048368585512369,0.2036605665737434,1.0
E6b naive,0.0014812420449809,0.6719582779388222,1.0
E6b naive,0.0011463621226236,0.6715754378261163,1.0
E6b naive,0.0011792000211644,0.6676634141714044,1.0
E6b naive,0.0006439868000196,1.236992719420399,1.0
E6b naive,0.0043362299850843,0.4551591915624486,1.0
E6b naive,0.0002503954072109,1.0939811559239454,1.0
E6b naive,0.0004411116625242,1.124112048418474,1.0
E6b naive,0.0003597328334545,1.1021616153061131,1.0
E6b naive,0.0030257958960555,0.6295683617986658,1.0
E6b naive,0.0104250472804207,5.929910019579054,0.0
E6b naive,0.0106590669128946,2.014958583069837,1.0
E6b naive,0.029268056500784,2.5869354668898223,1.0
E6b naive,0.0079039381040632,1.796245056698048,1.0
E6b naive,0.0031003485282729,0.2606012577805128,1.0
E6b naive,0.0061039643175962,4.322351160684196,1.0
E6b naive,0.0058445918386542,0.9118129267203844,1.0
E6b naive,0.0235252558525969,1.326404337804632,1.0
E6b naive,0.0030255366842543,0.8687887978434561,1.0
E6b naive,0.0040046142037218,0.5877682031180886,1.0
E6b naive,0.0086066900324818,5.441103296119337,0.0
E6b naive,0.0122289707336757,1.874575687388552,1.0
E6b naive,0.0271443059587777,2.050095111334993,1.0
E6b naive,0.007665267578904,1.4506823759790457,1.0
E6b naive,0.0083166777927462,0.2985107561216005,1.0
E6b naive,0.0523277348465012,9.807179724782856,0.0
E6b naive,0.0348014019446895,6.703973365564075,1.0
E6b naive,0.0946644882675554,7.7535654291723874,1.0
E6b naive,0.0247231439617185,2.651961415471144,1.0
E6b naive,0.0103782965592192,0.176161158210969,1.0
E6b naive,0.0456211068367735,9.680789084788543,0.0
E6b naive,0.033011582473252,4.986811588375012,1.0
E6b naive,0.0903986207376073,6.0702595103267925,1.0
E6b naive,0.017116302028785,1.8978846705194288,1.0
E6b naive,0.0096313428342746,0.2795955059720578,1.0
E6b naive,0.0444885686644627,9.682741965129429,0.0
E6b naive,0.033819431130876,5.589348563213564,1.0
E6b naive,0.0852100531171065,5.947701815659268,1.0
E6b naive,0.0196922720549549,2.073320239126464,1.0
E6b naive,0.0190347521040254,0.22654591139038,1.0
E6b naive,0.1158780237713833,9.99325508394729,0.0
E6b naive,0.070985371832433,14.934003962075698,0.0
E6b naive,0.1793731948546766,22.093479776533105,0.0
E6b naive,0.0524378071400785,4.62445943331784,1.0
E6b naive,0.0229634734895297,0.1876820676918356,1.0
E6b naive,0.117403956992969,9.993172353736274,0.0
E6b naive,0.0778893774663357,15.209324246437356,0.0
E6b naive,0.1830489148011395,22.959595775828557,0.0
E6b naive,0.0465558595229879,3.962743985780759,1.0
E6b naive,0.0195526485791246,0.256212747586293,1.0
E6b naive,0.1170577770850046,9.99355765467354,0.0
E6b naive,0.0738738538512912,14.940813255511635,0.0
E6b naive,0.1728574377386917,21.51498022605537,0.0
E6b naive,0.0439031889855173,4.420678756739788,1.0
E6b naive,0.0389378752793386,0.2324101113775123,1.0
E6b naive,0.2136585569993909,10.000287516000494,0.0
E6b naive,0.1262756512027479,18.960922778698304,0.0
E6b naive,0.2878844057080487,28.82655578263177,0.0
E6b naive,0.0870840397043303,8.744709393743493,1.0
E6b naive,0.0404585890514333,0.2532676564886482,1.0
E6b naive,0.2164944960034005,10.000387709796616,0.0
E6b naive,0.1323366586054125,19.134388166654748,0.0
E6b naive,0.2931951728714274,28.98280980044102,0.0
E6b naive,0.0843292083267488,8.675775177417894,1.0
E6b naive,0.0388703769680786,0.2771801887085368,1.0
E6b naive,0.2266718384824305,10.00032880691938,0.0
E6b naive,0.1373718431605776,19.326932390355765,0.0
E6b naive,0.2984410794403889,29.00742549797484,0.0
E6b naive,0.0813330057681508,9.077087573952664,1.0
E6b naive,0.000946470356083,1.2736192802851265,1.0
E6b naive,0.0002666696730588,0.7738302671762676,1.0
E6b naive,0.0010345433982678,1.2033923007067904,1.0
E6b naive,0.0010398486056538,1.2074817994220055,1.0
E6b naive,0.0010134553124848,1.207465248020828,1.0
E6b naive,0.0009757728545271,1.6812570494612766,1.0
E6b naive,0.00016183876464,0.9327669583720444,1.0
E6b naive,0.0009645484069958,1.5913446176086476,1.0
E6b naive,0.000992671360257,1.5890833301465512,1.0
E6b naive,0.0009794749491749,1.5900501748305984,1.0
E6b naive,0.0007177612952548,0.9662701827363228,1.0
E6b naive,0.0022950921147645,0.5166015847858529,1.0
E6b naive,0.0007834272763266,0.9035261095453996,1.0
E6b naive,0.0005235545519095,0.8910643654716666,1.0
E6b naive,0.0006753540826155,0.89739537332853,1.0
E6b naive,0.0006802782479522,1.2169922652858878,1.0
E6b naive,0.0058806914599902,4.46729714512164,1.0
E6b naive,0.003341114369589,1.893189651483712,1.0
E6b naive,0.0113820808812471,2.4553471888278224,1.0
E6b naive,0.0039952829815038,2.210963592553305,1.0
E6b naive,0.0020840571734916,0.8973972255847895,1.0
E6b naive,0.0046621587917016,3.5922972506240045,1.0
E6b naive,0.0043022969406715,1.495376882515692,1.0
E6b naive,0.0131839689412454,1.973634478901104,1.0
E6b naive,0.0055525518452479,1.6934769756587087,1.0
E6b naive,0.0055835736865147,0.7035027691029316,1.0
E6b naive,0.0065053856318609,3.310789374431761,1.0
E6b naive,0.0087284342490519,1.224995229978865,1.0
E6b naive,0.0194625471648826,1.68951921235464,1.0
E6b naive,0.0097531309684064,1.3268881326058637,1.0
E6b naive,0.0065137121127628,0.8012325331675618,1.0
E6b naive,0.0251316928806828,8.726723127967867,0.0
E6b naive,0.0177838215966843,2.836962390748388,1.0
E6b naive,0.0484995353574479,4.225171715930931,1.0
E6b naive,0.0199290157415164,2.828802826481952,1.0
E6b naive,0.012700689424409,0.7194271571532851,1.0
E6b naive,0.0213560884608937,8.098788300054277,0.0
E6b naive,0.0232947450316336,2.904222764664516,1.0
E6b naive,0.0519179711508966,3.564814595987725,1.0
E6b naive,0.0232341263128002,2.3216828151371605,1.0
E6b naive,0.0165150950705916,0.6747649771778108,1.0
E6b naive,0.0224319792647995,7.748847186819374,0.0
E6b naive,0.0286879780366315,2.9881483877653494,1.0
E6b naive,0.0589147098029505,3.4588747546332232,1.0
E6b naive,0.0284404987575781,2.1259972802824434,1.0
E6b naive,0.0216991421892461,0.8390198190979747,1.0
E6b naive,0.0591220113707682,9.877413955926434,0.0
E6b naive,0.0487315567645798,8.239392550945052,1.0
E6b naive,0.1113404837820918,11.39410294085111,0.0
E6b naive,0.050296247877672,4.633321074777092,1.0
E6b naive,0.0250517703633783,0.8507680149531183,1.0
E6b naive,0.0570988173484375,9.868096015794867,0.0
E6b naive,0.0515456225343491,8.433436138986893,1.0
E6b naive,0.1115267710203264,11.427556241850706,0.0
E6b naive,0.0470999845258953,4.125467810776584,1.0
E6b naive,0.0334023000191351,0.8097340275268372,1.0
E6b naive,0.0531659227789183,9.797002150123411,0.0
E6b naive,0.0611599205827421,9.037567310385748,1.0
E6b naive,0.1204004423494448,12.866553429305466,1.0
E6b naive,0.0584692871945169,4.679236753955108,1.0
E6b naive,0.0399170941534376,0.9432502301394808,1.0
E6b naive,0.1023522547078543,10.000889601938844,0.0
E6b naive,0.0858971965436579,14.8940383481051,0.0
E6b naive,0.1837205833798816,23.293910261932197,0.0
E6b naive,0.0808670659259778,7.88644531334387,1.0
E6b naive,0.0426823661747829,0.984308448351212,1.0
E6b naive,0.1045045718301165,10.001209302325336,0.0
E6b naive,0.08804522518626,15.085407379799406,0.0
E6b naive,0.1880466241169565,23.880798996798664,0.0
E6b naive,0.0826516881585349,8.25981984733809,1.0
E6b naive,0.0443137561351774,1.166926418898229,1.0
E6b naive,0.1007040862081407,10.006253197331876,0.0
E6b naive,0.0917991876335959,15.741813394318072,0.0
E6b naive,0.1876960290762561,24.165216236089453,0.0
E6b naive,0.0842000192164374,8.757443483639731,1.0
E6b naive,0.0003014164476288,0.892547892925577,1.0
E6b naive,0.0003014129115635,0.8925529889034556,1.0
E6b naive,0.0003014173153803,0.892548628019435,1.0
E6b naive,0.0003014147776201,0.8925488103078583,1.0
E6b naive,0.0003014201519428,0.8925518718697234,1.0
E6b naive,0.0005993560319771,0.7900994559508934,1.0
E6b naive,0.0005993376525982,0.7901076134561924,1.0
E6b naive,0.0005992708457357,0.7901032988101409,1.0
E6b naive,0.0005994140723273,0.7900997020875766,1.0
E6b naive,0.0005993411325776,0.790110153962581,1.0
E6b naive,0.0014495384308999,0.8587696980682624,1.0
E6b naive,0.0014495352261217,0.8587761878156408,1.0
E6b naive,0.0014495474653409,0.8587626899555778,1.0
E6b naive,0.0014495382040151,0.8587733501849493,1.0
E6b naive,0.0014495327933311,0.8587705879398277,1.0
E6b naive,0.005853926054751,1.1514165009832544,1.0
E6b naive,0.0051598858804058,2.0535577614747504,1.0
E6b naive,0.0060886033936238,1.2119248770881164,1.0
E6b naive,0.0076997406085851,1.628893723143915,1.0
E6b naive,0.0065063026617153,1.4070194914695855,1.0
E6b naive,0.0070493720033108,0.9300367482850068,1.0
E6b naive,0.0061940625679866,1.5702928308883368,1.0
E6b naive,0.0073691333201403,1.0262566235223147,1.0
E6b naive,0.0096292660792159,1.2119471101808,1.0
E6b naive,0.0077937714230144,1.0938131590051248,1.0
E6b naive,0.0094264657932372,1.3135157082903304,1.0
E6b naive,0.0089432285436591,2.105649343999133,1.0
E6b naive,0.0098812125695391,1.3464835709487588,1.0
E6b naive,0.0125959483052325,1.6769186675072378,1.0
E6b naive,0.0104117976891278,1.376245313358887,1.0
E6b naive,0.0199006509396483,1.361162760459672,1.0
E6b naive,0.0185579791867575,3.4821737456399937,1.0
E6b naive,0.021792525529425,1.6723309892607452,1.0
E6b naive,0.029806215962435,2.302684499946412,1.0
E6b naive,0.0246052912559614,1.8652260995321024,1.0
E6b naive,0.0211105309498739,1.4556209207706503,1.0
E6b naive,0.0204355531066387,3.5711287061978902,1.0
E6b naive,0.0227050398575623,1.8702580359978735,1.0
E6b naive,0.0314305880171188,2.411908215676611,1.0
E6b naive,0.0242418315453222,1.8237251290122325,1.0
E6b naive,0.026284245363315,1.7729625761263024,1.0
E6b naive,0.0259650796262332,4.104457165928538,1.0
E6b naive,0.028292686906397,1.9619041269012596,1.0
E6b naive,0.0384742410454422,2.855128633709886,1.0
E6b naive,0.0301505546191631,2.057689663907741,1.0
E6b naive,0.0418470698989643,2.369538599094528,1.0
E6b naive,0.0394908703940612,6.021185736708917,1.0
E6b naive,0.0453343166049977,3.250999495355611,1.0
E6b naive,0.0604334426595809,4.4488883761557965,1.0
E6b naive,0.0502201041538962,3.371158184172857,1.0
E6b naive,0.0417438340812109,3.1140468228427034,1.0
E6b naive,0.0413659550509968,6.81578419845339,0.0
E6b naive,0.0456553089401026,4.14515481245159,1.0
E6b naive,0.0619386892943298,5.137721588508609,1.0
E6b naive,0.0497487150654773,4.057723001175306,1.0
E6b naive,0.0459234453690802,3.4400298557246964,1.0
E6b naive,0.0483636417999696,7.793010600950456,0.0
E6b naive,0.0503314787730476,4.4402067942675485,1.0
E6b naive,0.0705398288272148,6.613263631798116,1.0
E6b naive,0.0546807533191216,4.7285089684608925,1.0
E6b naive,0.0671945606337204,5.106427100573785,1.0
E6b naive,0.0683993654092859,9.579804410408832,0.0
E6b naive,0.0723209382412997,7.043940616870908,1.0
E6b naive,0.1001472644132324,10.543164866666045,1.0
E6b naive,0.0814648174954388,7.564556222728058,1.0
E6b naive,0.0647695324515291,5.377222753146138,1.0
E6b naive,0.0649897884559395,9.56380672881293,0.0
E6b naive,0.0696169127472203,7.311135399101926,1.0
E6b naive,0.0956727401262438,9.958999584475505,1.0
E6b naive,0.0773432747840956,7.460058371756944,1.0
E6b naive,0.0684487770180371,6.08847621080833,1.0
E6b naive,0.0732465805735913,10.119557358327055,0.0
E6b naive,0.0761024573887516,8.383679368037628,1.0
E6b naive,0.1058758954851382,11.863583286234231,0.0
E6b naive,0.0832202372227045,8.581916279456781,1.0
E6b provenance-weighted,0.0005822589653455,1.524628558274943,1.0
E6b provenance-weighted,0.0256719736968783,0.0978994511694142,1.0
E6b provenance-weighted,0.0003721228582657,1.1538713258180957,1.0
E6b provenance-weighted,7.16664791919465e-05,1.1682783639420935,1.0
E6b provenance-weighted,0.0001661532750972,1.145780649376582,1.0
E6b provenance-weighted,0.000609228574355,0.9449212032213772,1.0
E6b provenance-weighted,0.031759094622757,0.0336618033256852,1.0
E6b provenance-weighted,0.0023723583913571,0.6646717298750826,1.0
E6b provenance-weighted,0.0012299854244145,0.6714923096787173,1.0
E6b provenance-weighted,0.0011670460324388,0.6553640122436921,1.0
E6b provenance-weighted,0.0009803141451546,1.4862872744213884,1.0
E6b provenance-weighted,0.0251639023184,0.1575991317728176,1.0
E6b provenance-weighted,6.954150573814906e-05,1.0675847419990614,1.0
E6b provenance-weighted,0.0004998786415741,1.1224135837170912,1.0
E6b provenance-weighted,0.000345735801104,1.0969409204996616,1.0
E6b provenance-weighted,0.0013414769043612,1.7148340580736054,1.0
E6b provenance-weighted,0.016298268574201,0.1734034327158851,1.0
E6b provenance-weighted,0.0007854968199094,1.3604194510279444,1.0
E6b provenance-weighted,0.0005068845960971,1.4140161741054202,1.0
E6b provenance-weighted,0.0009469585661958,1.3584134711972895,1.0
E6b provenance-weighted,0.0009931216745097,0.7585457192899325,1.0
E6b provenance-weighted,0.0220817488498948,0.0389765510242334,1.0
E6b provenance-weighted,0.0029542078365901,0.5526196558656771,1.0
E6b provenance-weighted,0.0021352895591112,0.5741791175093935,1.0
E6b provenance-weighted,0.0014069593916724,0.5616808788289462,1.0
E6b provenance-weighted,0.0010854477472886,1.40009652258839,1.0
E6b provenance-weighted,0.0161315179463545,0.177291523362616,1.0
E6b provenance-weighted,0.0002459888298078,0.9846959650721188,1.0
E6b provenance-weighted,0.0002712841570232,1.0507070529407192,1.0
E6b provenance-weighted,0.000771129841118,1.0140814033981316,1.0
E6b provenance-weighted,0.0007516214443117,1.7873535793215267,1.0
E6b provenance-weighted,0.002587527577044,0.381311042031357,1.0
E6b provenance-weighted,0.0006867431743541,1.4673337382217488,1.0
E6b provenance-weighted,0.0006566229008359,1.5624044090551403,1.0
E6b provenance-weighted,0.0005572584933752,1.5070727483555868,1.0
E6b provenance-weighted,0.0001577502127958,0.9344068442491528,1.0
E6b provenance-weighted,0.0089682040745938,0.1185569923408902,1.0
E6b provenance-weighted,0.0014268260166365,0.6774364166292401,1.0
E6b provenance-weighted,0.0006580850580371,0.7547924633040382,1.0
E6b provenance-weighted,0.000184718217426,0.7891820576501896,1.0
E6b provenance-weighted,0.0002156128835973,1.2133393370009793,1.0
E6b provenance-weighted,0.0040193099020859,0.2836267949593407,1.0
E6b provenance-weighted,0.0002857761312084,0.8568532230944059,1.0
E6b provenance-weighted,4.5197128864139934e-05,0.9612562328434436,1.0
E6b provenance-weighted,0.0003674151173897,0.9437990975170008,1.0
E6b provenance-weighted,0.0013461064672074,2.107448873072948,1.0
E6b provenance-weighted,0.0015195496037046,2.137994015485062,1.0
E6b provenance-weighted,0.0013769377880072,1.8570044823916665,1.0
E6b provenance-weighted,0.0018842602480774,2.098134000443558,1.0
E6b provenance-weighted,0.0022521136326061,1.9925155707598785,1.0
E6b provenance-weighted,0.0001365955257214,1.1858975108417935,1.0
E6b provenance-weighted,2.700590130446691e-05,1.084775927117687,1.0
E6b provenance-weighted,0.0005894227986975,0.8706763944711038,1.0
E6b provenance-weighted,0.0001571934155166,1.0576779377065693,1.0
E6b provenance-weighted,0.0010772836355954,1.1094296707171936,1.0
E6b provenance-weighted,0.0011513452275342,1.960239335928532,1.0
E6b provenance-weighted,0.0015669343004614,2.3346183008934487,1.0
E6b provenance-weighted,0.0002026332858252,1.3434515784370438,1.0
E6b provenance-weighted,0.0005182734580175,1.6231807320467362,1.0
E6b provenance-weighted,0.0020582474294442,1.6764315123325046,1.0
E6b provenance-weighted,0.0009258748179062,1.594614972188041,1.0
E6b provenance-weighted,0.0404349187818916,9.48794578868072,0.0
E6b provenance-weighted,0.0006163819625182,1.5517358436919038,1.0
E6b provenance-weighted,0.0038577634036829,2.273754557237023,1.0
E6b provenance-weighted,0.0113618617556196,2.246825200083186,1.0
E6b provenance-weighted,0.0023713027606869,1.3469455885765036,1.0
E6b provenance-weighted,0.0355185511520257,9.270667062698434,0.0
E6b provenance-weighted,0.0006670895995329,1.0099133948079653,1.0
E6b provenance-weighted,0.0010830891577168,1.571093073899854,1.0
E6b provenance-weighted,0.0098530967841324,1.974075884539267,1.0
E6b provenance-weighted,0.006354572415025,3.2712568069314827,1.0
E6b provenance-weighted,0.0497426927968762,9.752833072442114,0.0
E6b provenance-weighted,0.0040971787401815,2.6560236556151584,1.0
E6b provenance-weighted,0.0072016031846705,3.649467468931844,1.0
E6b provenance-weighted,0.0169769418405622,3.9160698715984488,1.0
E6b provenance-weighted,0.0009980978221991,1.5323224003444325,1.0
E6b provenance-weighted,0.0119383219228984,0.1016911719356916,1.0
E6b provenance-weighted,0.0016655970660132,1.206741303224962,1.0
E6b provenance-weighted,0.0013830609621052,1.206415206074868,1.0
E6b provenance-weighted,0.0010039919957509,1.191707878561693,1.0
E6b provenance-weighted,0.001556113908637,2.149301693557981,1.0
E6b provenance-weighted,0.0097937357959057,0.1725275372336854,1.0
E6b provenance-weighted,0.0011683939364698,1.58751355897509,1.0
E6b provenance-weighted,0.0013907544459347,1.5885419733837003,1.0
E6b provenance-weighted,0.0009219086116292,1.561350982563725,1.0
E6b provenance-weighted,0.0010241538463622,1.2161716215708107,1.0
E6b provenance-weighted,0.016079986745105,0.1045124094695648,1.0
E6b provenance-weighted,0.0012654639570971,0.8976795573459595,1.0
E6b provenance-weighted,0.000254263212703,0.8901702392988153,1.0
E6b provenance-weighted,0.0006899999477541,0.9014606049915664,1.0
E6b provenance-weighted,0.002309504945003,2.111894805710368,1.0
E6b provenance-weighted,0.0075873988997766,0.1521569977367076,1.0
E6b provenance-weighted,0.002778590297669,1.6522985026829309,1.0
E6b provenance-weighted,0.0025927585848358,1.666959303143528,1.0
E6b provenance-weighted,0.0016940103335073,1.6888356381597802,1.0
E6b provenance-weighted,0.0004304159730005,1.559647559263,1.0
E6b provenance-weighted,0.0085175108307309,0.1555297271861877,1.0
E6b provenance-weighted,0.0005771392195993,1.113093573858781,1.0
E6b provenance-weighted,0.00042047338691,1.1554960215068688,1.0
E6b provenance-weighted,0.0001199687066276,1.1577968712645992,1.0
E6b provenance-weighted,0.0015701498875852,1.0968452184748625,1.0
E6b provenance-weighted,0.0142909783984946,0.1484846466230371,1.0
E6b provenance-weighted,0.0013740362819049,0.806773171756503,1.0
E6b provenance-weighted,0.0004994340581094,0.8331716601860217,1.0
E6b provenance-weighted,0.0012475228174808,0.853983493256899,1.0
E6b provenance-weighted,0.0028874916286494,2.0517245397847104,1.0
E6b provenance-weighted,0.0031347165536333,0.2530706174711572,1.0
E6b provenance-weighted,0.0038872132055032,1.6227780825629643,1.0
E6b provenance-weighted,0.0033665253515159,1.6737335602432568,1.0
E6b provenance-weighted,0.0019280545380363,1.6408608229853627,1.0
E6b provenance-weighted,0.0002446194420905,1.22799322647954,1.0
E6b provenance-weighted,0.0060677311542193,0.2379741882877817,1.0
E6b provenance-weighted,5.486846952063604e-05,0.8866188653215701,1.0
E6b provenance-weighted,6.237116011385867e-05,0.9496598261842236,1.0
E6b provenance-weighted,0.0002060617373636,0.9697838414641112,1.0
E6b provenance-weighted,0.0027985513758575,1.003550097681677,1.0
E6b provenance-weighted,0.0120535373195638,0.196339181685401,1.0
E6b provenance-weighted,0.0022720759633599,0.7119684763274126,1.0
E6b provenance-weighted,0.0012042067933564,0.7541242798113523,1.0
E6b provenance-weighted,0.0028021980652065,0.798144572282633,1.0
E6b provenance-weighted,0.0022397236801777,2.243752433293716,1.0
E6b provenance-weighted,5.533263061234767e-05,0.9754440725656344,1.0
E6b provenance-weighted,0.0030972569784793,2.039811168602579,1.0
E6b provenance-weighted,0.0025110162081193,2.173405059107508,1.0
E6b provenance-weighted,0.0016052187847858,2.0191721447886444,1.0
E6b provenance-weighted,0.0005090988906198,1.5556816837597076,1.0
E6b provenance-weighted,0.0003178010018337,1.0185064922400733,1.0
E6b provenance-weighted,0.0002572474475025,1.1714074747271486,1.0
E6b provenance-weighted,0.0002137892046244,1.353080536426815,1.0
E6b provenance-weighted,0.0008660544162235,1.3471362910918994,1.0
E6b provenance-weighted,0.0058778293858805,0.7272795765143725,1.0
E6b provenance-weighted,0.0076863866423362,0.4463538735733519,1.0
E6b provenance-weighted,0.0045415941396574,0.500787156750282,1.0
E6b provenance-weighted,0.0042022272283491,0.5907812594341866,1.0
E6b provenance-weighted,0.007335926353989,0.7102732304343273,1.0
E6b provenance-weighted,0.0014330177371068,1.5533001006165503,1.0
E6b provenance-weighted,0.0111880532492632,5.5515616914398604,0.0
E6b provenance-weighted,0.002284887355279,1.417744040568053,1.0
E6b provenance-weighted,0.0024656237659496,1.8992267401318816,1.0
E6b provenance-weighted,0.0023880427084138,1.5999197083398695,1.0
E6b provenance-weighted,0.0026600691960493,1.7882609010115846,1.0
E6b provenance-weighted,0.0153974324808028,6.694534303678751,0.0
E6b provenance-weighted,0.0030087873035269,1.4199350391425614,1.0
E6b provenance-weighted,0.0033639077182555,1.903637244016726,1.0
E6b provenance-weighted,0.0056315879664032,1.881325849476706,1.0
E6b provenance-weighted,0.0010909173265573,1.2867800567096075,1.0
E6b provenance-weighted,0.0103370447548577,6.061160916196684,0.0
E6b provenance-weighted,0.000368334938582,1.0015346466103303,1.0
E6b provenance-weighted,0.0017937848292552,1.3295281042680296,1.0
E6b provenance-weighted,0.0062762750244904,1.523489594504318,1.0
E6b provenance-weighted,0.0004436239720776,1.2031355002658284,1.0
E6b provenance-weighted,0.0098519752343625,0.195671309379819,1.0
E6b provenance-weighted,8.293598264084946e-05,0.8712926805809762,1.0
E6b provenance-weighted,0.0005497814255972,0.9000149345421815,1.0
E6b provenance-weighted,0.0002956318659581,0.8888857559722074,1.0
E6b provenance-weighted,0.000890895098278,1.0601630852545174,1.0
E6b provenance-weighted,0.0137462776890561,0.1557468117025062,1.0
E6b provenance-weighted,0.0005620768784659,0.7715114612263152,1.0
E6b provenance-weighted,0.0004030898467684,0.7909059772028271,1.0
E6b provenance-weighted,0.0006184617487903,0.7854038719094236,1.0
E6b provenance-weighted,0.0018460678236877,1.0897224502356084,1.0
E6b provenance-weighted,0.0135012655912388,0.1971358099595588,1.0
E6b provenance-weighted,0.0014042752971543,0.8378441154996308,1.0
E6b provenance-weighted,0.0009051475348333,0.8608119005977299,1.0
E6b provenance-weighted,0.0014222964551116,0.8493964327801307,1.0
E6b provenance-weighted,0.0009033382805002,1.131875471761401,1.0
E6b provenance-weighted,0.0113979870116042,0.1954196709518074,1.0
E6b provenance-weighted,0.0004619638935452,0.8027962767995667,1.0
E6b provenance-weighted,0.0014321721669016,0.8294102167737849,1.0
E6b provenance-weighted,0.0008806799163027,0.8297325437116365,1.0
E6b provenance-weighted,0.0008462978864387,0.9195029590169268,1.0
E6b provenance-weighted,0.0150844287300147,0.1488413514565245,1.0
E6b provenance-weighted,0.0005337763672344,0.669874794127634,1.0
E6b provenance-weighted,0.0005972912373559,0.6893033382722069,1.0
E6b provenance-weighted,0.0007551723639676,0.6858487814857039,1.0
E6b provenance-weighted,0.002194812890448,1.2191328172789506,1.0
E6b provenance-weighted,0.0114997118137027,0.2693548164773074,1.0
E6b provenance-weighted,0.0014607181109967,0.9462179033473128,1.0
E6b provenance-weighted,0.0010702068087582,0.976207643666238,1.0
E6b provenance-weighted,0.0016361900840664,0.9599740530334356,1.0
E6b provenance-weighted,0.0010406174608185,0.6765378795232535,1.0
E6b provenance-weighted,0.0152982617969613,0.1340938971156391,1.0
E6b provenance-weighted,0.0011728913730132,0.4766808524750365,1.0
E6b provenance-weighted,0.0017799295919609,0.4945757455071198,1.0
E6b provenance-weighted,0.0015361621342965,0.4973772809345855,1.0
E6b provenance-weighted,0.0013741755761311,0.821714197017176,1.0
E6b provenance-weighted,0.0157705824994411,0.1712170671396728,1.0
E6b provenance-weighted,0.0009445016029927,0.5921405312745931,1.0
E6b provenance-weighted,0.0012237219132816,0.627696325081023,1.0
E6b provenance-weighted,0.0014015553400673,0.6211147568174258,1.0
E6b provenance-weighted,0.0031485181188983,0.9890031508264452,1.0
E6b provenance-weighted,0.0132042402141004,0.1965551784922359,1.0
E6b provenance-weighted,0.0028445086127111,0.7554245735626797,1.0
E6b provenance-weighted,0.0016071822649627,0.7843412723543775,1.0
E6b provenance-weighted,0.0027617564637333,0.7708649955405322,1.0
E6b provenance-weighted,0.0031565500577046,0.4669286802442329,1.0
E6b provenance-weighted,0.0229278863691868,0.136019866143483,1.0
E6b provenance-weighted,0.0029598061064991,0.3165037810111182,1.0
E6b provenance-weighted,0.003833696776474,0.3453460671096864,1.0
E6b provenance-weighted,0.0037635249518391,0.347416424775937,1.0
E6b provenance-weighted,0.0052720027317581,0.865223444128771,1.0
E6b provenance-weighted,0.0236629156895038,0.3214870869843456,1.0
E6b provenance-weighted,0.0037302422496458,0.5640186056491858,1.0
E6b provenance-weighted,0.0057772443001868,0.6490162051769943,1.0
E6b provenance-weighted,0.0055513317120151,0.6506008651796791,1.0
E6b provenance-weighted,0.0023294488481062,1.404965652801643,1.0
E6b provenance-weighted,0.0101758820353663,0.2791709388604291,1.0
E6b provenance-weighted,0.0016395872073355,1.102436312840677,1.0
E6b provenance-weighted,0.0008797119783033,1.135641622361072,1.0
E6b provenance-weighted,0.0017782102105695,1.1131831035158302,1.0
E6b provenance-weighted,0.0024758676852777,0.5680468075024148,1.0
E6b provenance-weighted,0.0196316607164569,0.1496911866585737,1.0
E6b provenance-weighted,0.0018944208978952,0.375606360214592,1.0
E6b provenance-weighted,0.0030503357996377,0.4175371043769638,1.0
E6b provenance-weighted,0.0031843077772195,0.4343221986793821,1.0
E6b provenance-weighted,0.0085694421074689,0.6853327383539054,1.0
E6b provenance-weighted,0.0300786750449584,0.317773764050383,1.0
E6b provenance-weighted,0.0070500374171201,0.4560169833176142,1.0
E6b provenance-weighted,0.0109178990919448,0.5417700461589681,1.0
E6b provenance-weighted,0.0093847972096872,0.5756866628948809,1.0
E6b provenance-weighted,0.0017708380176437,1.2908899608013946,1.0
E6b provenance-weighted,0.0066729075901843,0.3779684396042759,1.0
E6b provenance-weighted,0.0012384981662323,1.0544593349949838,1.0
E6b provenance-weighted,0.0022869878985827,1.0386161215466427,1.0
E6b provenance-weighted,0.0016908506832851,1.0498240992314056,1.0
E6b provenance-weighted,0.0005822589653455,1.524628558274943,1.0
E6b provenance-weighted,0.0256719736968783,0.0978994511694142,1.0
E6b provenance-weighted,0.0003721228582657,1.1538713258180957,1.0
E6b provenance-weighted,7.16664791919465e-05,1.1682783639420935,1.0
E6b provenance-weighted,0.0001661532750972,1.145780649376582,1.0
E6b provenance-weighted,0.000609228574355,0.9449212032213772,1.0
E6b provenance-weighted,0.0317590946227569,0.0336618033256852,1.0
E6b provenance-weighted,0.0023723583913571,0.6646717298750826,1.0
E6b provenance-weighted,0.0012299854244144,0.6714923096787229,1.0
E6b provenance-weighted,0.0011670460324387,0.6553640122436977,1.0
E6b provenance-weighted,0.0009803141451546,1.4862872744213884,1.0
E6b provenance-weighted,0.0251639023183999,0.1575991317728176,1.0
E6b provenance-weighted,6.954150573814906e-05,1.0675847419990614,1.0
E6b provenance-weighted,0.0004998786415741,1.1224135837170912,1.0
E6b provenance-weighted,0.000345735801104,1.0969409204996616,1.0
E6b provenance-weighted,0.0013414769043612,1.7148340580736054,1.0
E6b provenance-weighted,0.016298268574201,0.1734034327158906,1.0
E6b provenance-weighted,0.0007854968199094,1.3604194510279444,1.0
E6b provenance-weighted,0.0005068845960971,1.4140161741054202,1.0
E6b provenance-weighted,0.0009469585661957,1.358413471197295,1.0
E6b provenance-weighted,0.0009931216745097,0.7585457192899325,1.0
E6b provenance-weighted,0.0220817488498948,0.0389765510242334,1.0
E6b provenance-weighted,0.0029542078365901,0.5526196558656771,1.0
E6b provenance-weighted,0.0021352895591112,0.5741791175093935,1.0
E6b provenance-weighted,0.0014069593916723,0.5616808788289462,1.0
E6b provenance-weighted,0.0010854477472886,1.40009652258839,1.0
E6b provenance-weighted,0.0161315179463545,0.1772915233626215,1.0
E6b provenance-weighted,0.0002459888298078,0.9846959650721188,1.0
E6b provenance-weighted,0.000271284157023,1.0507070529407192,1.0
E6b provenance-weighted,0.0007711298411182,1.0140814033981371,1.0
E6b provenance-weighted,0.0007516214443116,1.7873535793215325,1.0
E6b provenance-weighted,0.0025875275770439,0.3813110420313681,1.0
E6b provenance-weighted,0.0006867431743541,1.4673337382217488,1.0
E6b provenance-weighted,0.0006566229008359,1.5624044090551403,1.0
E6b provenance-weighted,0.0005572584933754,1.5070727483555868,1.0
E6b provenance-weighted,0.0001577502127961,0.9344068442491528,1.0
E6b provenance-weighted,0.0089682040745936,0.1185569923408957,1.0
E6b provenance-weighted,0.0014268260166365,0.6774364166292401,1.0
E6b provenance-weighted,0.0006580850580372,0.7547924633040382,1.0
E6b provenance-weighted,0.0001847182174261,0.7891820576501896,1.0
E6b provenance-weighted,0.0002156128835973,1.2133393370009793,1.0
E6b provenance-weighted,0.0040193099020861,0.2836267949593352,1.0
E6b provenance-weighted,0.0002857761312084,0.8568532230944059,1.0
E6b provenance-weighted,4.519712886415101e-05,0.9612562328434436,1.0
E6b provenance-weighted,0.0003674151173898,0.9437990975170064,1.0
E6b provenance-weighted,0.0013461064672075,2.1074488730729533,1.0
E6b provenance-weighted,0.0015195496037047,2.1379940154850785,1.0
E6b provenance-weighted,0.0013769377880072,1.8570044823916665,1.0
E6b provenance-weighted,0.0018842602480774,2.098134000443558,1.0
E6b provenance-weighted,0.0022521136326062,1.9925155707598785,1.0
E6b provenance-weighted,0.0001365955257215,1.1858975108417935,1.0
E6b provenance-weighted,2.7005901304362825e-05,1.0847759271177038,1.0
E6b provenance-weighted,0.0005894227986975,0.8706763944711038,1.0
E6b provenance-weighted,0.0001571934155167,1.0576779377065693,1.0
E6b provenance-weighted,0.0010772836355956,1.1094296707171991,1.0
E6b provenance-weighted,0.0011513452275342,1.960239335928532,1.0
E6b provenance-weighted,0.0015669343004615,2.334618300893476,1.0
E6b provenance-weighted,0.0002026332858252,1.3434515784370438,1.0
E6b provenance-weighted,0.0005182734580174,1.6231807320467362,1.0
E6b provenance-weighted,0.0020582474294442,1.676431512332499,1.0
E6b provenance-weighted,0.0009258748179062,1.594614972188041,1.0
E6b provenance-weighted,0.0404349187818921,9.48794578868073,0.0
E6b provenance-weighted,0.0006163819625182,1.5517358436919038,1.0
E6b provenance-weighted,0.0038577634036831,2.273754557237029,1.0
E6b provenance-weighted,0.0113618617556194,2.246825200083186,1.0
E6b provenance-weighted,0.0023713027606869,1.3469455885765036,1.0
E6b provenance-weighted,0.0355185511520259,9.27066706269845,0.0
E6b provenance-weighted,0.0006670895995329,1.0099133948079653,1.0
E6b provenance-weighted,0.0010830891577168,1.5710930738998483,1.0
E6b provenance-weighted,0.0098530967841323,1.974075884539267,1.0
E6b provenance-weighted,0.006354572415025,3.2712568069314827,1.0
E6b provenance-weighted,0.0497426927968767,9.752833072442114,0.0
E6b provenance-weighted,0.0040971787401815,2.6560236556151584,1.0
E6b provenance-weighted,0.0072016031846703,3.649467468931855,1.0
E6b provenance-weighted,0.0169769418405623,3.9160698715984488,1.0
E6b provenance-weighted,0.0009621066894964,1.3724972566255156,1.0
E6b provenance-weighted,0.0027206058931624,0.2849289105760821,1.0
E6b provenance-weighted,0.0012427522757861,1.199798482250497,1.0
E6b provenance-weighted,0.0012145076229671,1.2066252462933411,1.0
E6b provenance-weighted,0.0009989805775011,1.192709593771618,1.0
E6b provenance-weighted,0.0011980598480523,1.852664923290015,1.0
E6b provenance-weighted,0.0028236235473008,0.3561897408980885,1.0
E6b provenance-weighted,0.001035297488275,1.5791737790969262,1.0
E6b provenance-weighted,0.0011700550188708,1.5889530657169637,1.0
E6b provenance-weighted,0.0009694475582885,1.5888499638555986,1.0
E6b provenance-weighted,0.0007887078604928,1.061976267397119,1.0
E6b provenance-weighted,0.0072389052785306,0.1974302486588253,1.0
E6b provenance-weighted,0.0008812465912784,0.8978594560786646,1.0
E6b provenance-weighted,0.0004219385820365,0.8917077699121145,1.0
E6b provenance-weighted,0.0006669930232419,0.9039664828694394,1.0
E6b provenance-weighted,0.0021665085842605,1.9019974857571955,1.0
E6b provenance-weighted,0.0009738455262411,0.5258719802689549,1.0
E6b provenance-weighted,0.0023277651773019,1.6379247881722403,1.0
E6b provenance-weighted,0.0024091039482498,1.6666920919137906,1.0
E6b provenance-weighted,0.0016943697214897,1.6883640128764366,1.0
E6b provenance-weighted,0.0002344555857255,1.3064649605169787,1.0
E6b provenance-weighted,0.0024275733146799,0.3304108693763519,1.0
E6b provenance-weighted,0.0004224892737699,1.1181863827829763,1.0
E6b provenance-weighted,0.0002894931881766,1.1554586742007655,1.0
E6b provenance-weighted,0.0001499460649451,1.185040938992804,1.0
E6b provenance-weighted,0.0012460253555285,0.9547294298061836,1.0
E6b provenance-weighted,0.0064771389171727,0.2707725182186038,1.0
E6b provenance-weighted,0.0011511926348483,0.8116635092800084,1.0
E6b provenance-weighted,0.0008127538942585,0.8348328530183524,1.0
E6b provenance-weighted,0.0012283420003185,0.8535031034600404,1.0
E6b provenance-weighted,0.0028164197933564,1.834939401536445,1.0
E6b provenance-weighted,0.0010004471736106,0.9454420974713108,1.0
E6b provenance-weighted,0.0031381559919166,1.603893808118828,1.0
E6b provenance-weighted,0.0031416400179116,1.6734300109577105,1.0
E6b provenance-weighted,0.0019371293460587,1.6397183702221707,1.0
E6b provenance-weighted,6.787698172395986e-05,1.0179711547011638,1.0
E6b provenance-weighted,0.0016641153059466,0.4606820500054509,1.0
E6b provenance-weighted,1.8588512902044992e-05,0.8939510477971702,1.0
E6b provenance-weighted,1.2280738662576347e-05,0.9495152677619468,1.0
E6b provenance-weighted,0.0001897616830096,0.979633073302183,1.0
E6b provenance-weighted,0.0023369870320611,0.866413896257967,1.0
E6b provenance-weighted,0.0061176120582284,0.34523138919067,1.0
E6b provenance-weighted,0.0021045420956567,0.7196859867683147,1.0
E6b provenance-weighted,0.0016906617522696,0.7558145269611627,1.0
E6b provenance-weighted,0.0027704783092909,0.7995587002943283,1.0
E6b provenance-weighted,0.0020903615266373,2.0677289824364067,1.0
E6b provenance-weighted,0.0027532534929977,2.514764586458024,1.0
E6b provenance-weighted,0.0022414023480586,2.0016850573410627,1.0
E6b provenance-weighted,0.0024148844461542,2.171760026628782,1.0
E6b provenance-weighted,0.0015962509986156,2.0153968292212108,1.0
E6b provenance-weighted,0.0002330300067488,1.3394006404829184,1.0
E6b provenance-weighted,0.0009338511902921,1.931602267923416,1.0
E6b provenance-weighted,0.0001490122873791,1.181110551159581,1.0
E6b provenance-weighted,0.0002539165200298,1.351465698433818,1.0
E6b provenance-weighted,0.0008019020211026,1.3541473186173658,1.0
E6b provenance-weighted,0.0052294388213866,0.6209335865313803,1.0
E6b provenance-weighted,0.0045591733937373,0.7190330709902271,1.0
E6b provenance-weighted,0.0047336087192145,0.5306639326050966,1.0
E6b provenance-weighted,0.0045034190256877,0.5912110716521979,1.0
E6b provenance-weighted,0.0072684295045895,0.7076847942510511,1.0
E6b provenance-weighted,0.0014371070162658,1.4531341784118523,1.0
E6b provenance-weighted,0.0200088713369624,7.295106547671648,0.0
E6b provenance-weighted,0.0013713827615413,1.4297995535997088,1.0
E6b provenance-weighted,0.0025787966200421,1.895774252098248,1.0
E6b provenance-weighted,0.0023092014955107,1.585929720328738,1.0
E6b provenance-weighted,0.0022355033891583,1.4807464942468818,1.0
E6b provenance-weighted,0.0220100138936702,7.858034133007901,0.0
E6b provenance-weighted,0.0024891882058718,1.426829721700018,1.0
E6b provenance-weighted,0.0040490597895533,1.9002957203915596,1.0
E6b provenance-weighted,0.0055089726645622,1.8531274780049345,1.0
E6b provenance-weighted,0.0006821495477103,1.1527865386879554,1.0
E6b provenance-weighted,0.0130294215209296,6.758687540706565,0.0
E6b provenance-weighted,0.0004294637640008,1.0254903094538748,1.0
E6b provenance-weighted,0.0019732861340109,1.325255329123709,1.0
E6b provenance-weighted,0.0061655999156373,1.5300994872439244,1.0
E6b provenance-weighted,0.000301416451572,0.8925490455548801,1.0
E6b provenance-weighted,0.0003014137944705,0.892551111630191,1.0
E6b provenance-weighted,0.0003014044105697,0.8925520770154405,1.0
E6b provenance-weighted,0.0003014161733221,0.8925489597373826,1.0
E6b provenance-weighted,0.0003014197419047,0.8925519810850324,1.0
E6b provenance-weighted,0.0005993538627868,0.7901015345948115,1.0
E6b provenance-weighted,0.0005993450727003,0.7901012542528174,1.0
E6b provenance-weighted,0.0005992226530579,0.7901091642993907,1.0
E6b provenance-weighted,0.0005991200938414,0.7901180524712115,1.0
E6b provenance-weighted,0.0005992031941341,0.7901191168913135,1.0
E6b provenance-weighted,0.0014495455552097,0.8587711787293062,1.0
E6b provenance-weighted,0.0014495402206487,0.8587717550979868,1.0
E6b provenance-weighted,0.0014495462777322,0.8587653102190451,1.0
E6b provenance-weighted,0.0014495369780982,0.8587730247743897,1.0
E6b provenance-weighted,0.0014495324603794,0.8587702351229243,1.0
E6b provenance-weighted,0.0008632234047339,0.8200772834572378,1.0
E6b provenance-weighted,0.0008632181118582,0.8200808153499495,1.0
E6b provenance-weighted,0.000863200528956,0.8200816689539314,1.0
E6b provenance-weighted,0.0008632229409035,0.8200779188231144,1.0
E6b provenance-weighted,0.000863231789903,0.8200816722626125,1.0
E6b provenance-weighted,0.0007055564034388,0.6877992343928441,1.0
E6b provenance-weighted,0.000705536612595,0.6878010323164818,1.0
E6b provenance-weighted,0.0007055029257743,0.6878089899985174,1.0
E6b provenance-weighted,0.0007054704291345,0.687820166128833,1.0
E6b provenance-weighted,0.0007054992673209,0.6878206020868027,1.0
E6b provenance-weighted,0.0016719055685802,0.9734206347258578,1.0
E6b provenance-weighted,0.0016718966252031,0.9734214632511284,1.0
E6b provenance-weighted,0.0016719004117292,0.973418833890427,1.0
E6b provenance-weighted,0.0016718932296189,0.9734228864177852,1.0
E6b provenance-weighted,0.0016718821766449,0.9734191756650468,1.0
E6b provenance-weighted,0.0015244329316314,0.4864241353219944,1.0
E6b provenance-weighted,0.0015244100829948,0.4864273237705052,1.0
E6b provenance-weighted,0.0015243850520299,0.4864276572242643,1.0
E6b provenance-weighted,0.0015244271121112,0.4864247206269156,1.0
E6b provenance-weighted,0.0015244358066512,0.486427659181271,1.0
E6b provenance-weighted,0.0012717679477422,0.6229447496371943,1.0
E6b provenance-weighted,0.0012717372257014,0.6229466341297452,1.0
E6b provenance-weighted,0.0012718433866733,0.6229578368781352,1.0
E6b provenance-weighted,0.0012718694034777,0.6229777968412509,1.0
E6b provenance-weighted,0.0012718033365397,0.6229774548361433,1.0
E6b provenance-weighted,0.0027517066223018,0.7797203291360078,1.0
E6b provenance-weighted,0.0027516981081025,0.7797215650001299,1.0
E6b provenance-weighted,0.0027516965854886,0.7797257239293087,1.0
E6b provenance-weighted,0.0027516937927674,0.7797226425826698,1.0
E6b provenance-weighted,0.0027516897292036,0.7797195787873301,1.0
E6b provenance-weighted,0.0037768939036431,0.3374366742786017,1.0
E6b provenance-weighted,0.0037768260406755,0.3374398466175765,1.0
E6b provenance-weighted,0.0037767647782141,0.3374397813521723,1.0
E6b provenance-weighted,0.0037768756825026,0.3374378478042672,1.0
E6b provenance-weighted,0.0037769001867762,0.3374415475803083,1.0
E6b provenance-weighted,0.0050675070357358,0.6334624729561866,1.0
E6b provenance-weighted,0.0050675152729735,0.6334594474256661,1.0
E6b provenance-weighted,0.0050688060732379,0.633509608612226,1.0
E6b provenance-weighted,0.0050699862307467,0.6335546852289209,1.0
E6b provenance-weighted,0.0050690801212469,0.6335206837445095,1.0
E6b provenance-weighted,0.0017202043872671,1.1207791746663864,1.0
E6b provenance-weighted,0.0017202079844542,1.1207891204869205,1.0
E6b provenance-weighted,0.0017202055863141,1.1207873660036227,1.0
E6b provenance-weighted,0.0017202047703425,1.1207863608087676,1.0
E6b provenance-weighted,0.0017202112206029,1.1208010507243515,1.0
E6b provenance-weighted,0.0029791236841813,0.3979304356115709,1.0
E6b provenance-weighted,0.0029790037039743,0.3979393784728724,1.0
E6b provenance-weighted,0.0029788967773894,0.3979394210159193,1.0
E6b provenance-weighted,0.0029790864554629,0.3979340785523366,1.0
E6b provenance-weighted,0.0029791366114133,0.3979420577904291,1.0
E6b provenance-weighted,0.0087992753798389,0.5219698952787566,1.0
E6b provenance-weighted,0.0087992817364163,0.5219694177506506,1.0
E6b provenance-weighted,0.0087992763174671,0.5219696763415882,1.0
E6b provenance-weighted,0.008799280729912,0.5219697896081565,1.0
E6b provenance-weighted,0.0087993324694262,0.5219719815487633,1.0
E6b provenance-weighted,0.0014157489925053,1.0549374847038773,1.0
E6b provenance-weighted,0.0014157474592875,1.0549573401094636,1.0
E6b provenance-weighted,0.0014157456582549,1.0549527588282537,1.0
E6b provenance-weighted,0.0014157458640184,1.0549505740809428,1.0
E6b provenance-weighted,0.0014157422263472,1.054978299503556,1.0
E6b provenance-weighted,0.0005822589653455,1.524628558274943,1.0
E6b provenance-weighted,0.0256719736968781,0.0978994511694142,1.0
E6b provenance-weighted,0.0003721228582657,1.1538713258180957,1.0
E6b provenance-weighted,7.16664791919465e-05,1.1682783639420935,1.0
E6b provenance-weighted,0.0001661532750972,1.145780649376582,1.0
E6b provenance-weighted,0.000609228574355,0.9449212032213772,1.0
E6b provenance-weighted,0.031759094622757,0.0336618033256852,1.0
E6b provenance-weighted,0.0023723583913571,0.6646717298750826,1.0
E6b provenance-weighted,0.0012299854244145,0.6714923096787173,1.0
E6b provenance-weighted,0.0011670460324388,0.6553640122436977,1.0
E6b provenance-weighted,0.0009803141451546,1.4862872744213884,1.0
E6b provenance-weighted,0.0251639023183998,0.1575991317728176,1.0
E6b provenance-weighted,6.954150573814906e-05,1.0675847419990614,1.0
E6b provenance-weighted,0.0004998786415741,1.1224135837170912,1.0
E6b provenance-weighted,0.0003457358011039,1.0969409204996672,1.0
E6b provenance-weighted,0.0013414769043612,1.7148340580736054,1.0
E6b provenance-weighted,0.0162982685742009,0.1734034327158906,1.0
E6b provenance-weighted,0.0007854968199094,1.3604194510279444,1.0
E6b provenance-weighted,0.0005068845960971,1.4140161741054202,1.0
E6b provenance-weighted,0.0009469585661957,1.3584134711973062,1.0
E6b provenance-weighted,0.0009931216745097,0.7585457192899325,1.0
E6b provenance-weighted,0.0220817488498948,0.0389765510242334,1.0
E6b provenance-weighted,0.0029542078365901,0.5526196558656771,1.0
E6b provenance-weighted,0.0021352895591112,0.5741791175093935,1.0
E6b provenance-weighted,0.0014069593916723,0.5616808788289462,1.0
E6b provenance-weighted,0.0010854477472886,1.40009652258839,1.0
E6b provenance-weighted,0.0161315179463545,0.1772915233626215,1.0
E6b provenance-weighted,0.0002459888298078,0.9846959650721188,1.0
E6b provenance-weighted,0.000271284157023,1.0507070529407192,1.0
E6b provenance-weighted,0.000771129841118,1.0140814033981316,1.0
E6b provenance-weighted,0.0007516214443115,1.7873535793215325,1.0
E6b provenance-weighted,0.0025875275770438,0.3813110420313681,1.0
E6b provenance-weighted,0.0006867431743541,1.4673337382217488,1.0
E6b provenance-weighted,0.0006566229008359,1.5624044090551403,1.0
E6b provenance-weighted,0.0005572584933754,1.5070727483555868,1.0
E6b provenance-weighted,0.000157750212796,0.9344068442491528,1.0
E6b provenance-weighted,0.0089682040745936,0.1185569923408902,1.0
E6b provenance-weighted,0.0014268260166365,0.6774364166292401,1.0
E6b provenance-weighted,0.0006580850580371,0.7547924633040382,1.0
E6b provenance-weighted,0.000184718217426,0.789182057650184,1.0
E6b provenance-weighted,0.0002156128835974,1.2133393370009848,1.0
E6b provenance-weighted,0.0040193099020858,0.2836267949593407,1.0
E6b provenance-weighted,0.0002857761312084,0.8568532230944059,1.0
E6b provenance-weighted,4.519712886396169e-05,0.9612562328434382,1.0
E6b provenance-weighted,0.0003674151173897,0.943799097517012,1.0
E6b provenance-weighted,0.0013461064672075,2.1074488730729533,1.0
E6b provenance-weighted,0.0015195496037049,2.1379940154850896,1.0
E6b provenance-weighted,0.0013769377880072,1.8570044823916665,1.0
E6b provenance-weighted,0.0018842602480774,2.098134000443558,1.0
E6b provenance-weighted,0.0022521136326063,1.9925155707598785,1.0
E6b provenance-weighted,0.0001365955257215,1.1858975108417935,1.0
E6b provenance-weighted,2.7005901304385597e-05,1.084775927117709,1.0
E6b provenance-weighted,0.0005894227986975,0.8706763944711038,1.0
E6b provenance-weighted,0.0001571934155166,1.0576779377065693,1.0
E6b provenance-weighted,0.0010772836355956,1.1094296707171991,1.0
E6b provenance-weighted,0.0011513452275341,1.9602393359285264,1.0
E6b provenance-weighted,0.0015669343004615,2.3346183008934878,1.0
E6b provenance-weighted,0.0002026332858252,1.3434515784370438,1.0
E6b provenance-weighted,0.0005182734580175,1.6231807320467362,1.0
E6b provenance-weighted,0.0020582474294443,1.676431512332499,1.0
E6b provenance-weighted,0.0009258748179063,1.5946149721880354,1.0
E6b provenance-weighted,0.0404349187818922,9.487945788680737,0.0
E6b provenance-weighted,0.0006163819625182,1.5517358436919038,1.0
E6b provenance-weighted,0.0038577634036831,2.273754557237029,1.0
E6b provenance-weighted,0.0113618617556193,2.24682520008318,1.0
E6b provenance-weighted,0.0023713027606869,1.3469455885765036,1.0
E6b provenance-weighted,0.035518551152026,9.27066706269845,0.0
E6b provenance-weighted,0.000667089599533,1.0099133948079653,1.0
E6b provenance-weighted,0.0010830891577168,1.5710930738998483,1.0
E6b provenance-weighted,0.0098530967841323,1.974075884539267,1.0
E6b provenance-weighted,0.0063545724150249,3.2712568069314774,1.0
E6b provenance-weighted,0.0497426927968769,9.75283307244212,0.0
E6b provenance-weighted,0.0040971787401816,2.6560236556151584,1.0
E6b provenance-weighted,0.0072016031846704,3.64946746893185,1.0
E6b provenance-weighted,0.0169769418405623,3.9160698715984656,1.0
E6b provenance-weighted,0.0009621040845673,1.3724974148995206,1.0
E6b provenance-weighted,0.0027206055715599,0.2849290382620606,1.0
E6b provenance-weighted,0.0012427107486691,1.1997900411203966,1.0
E6b provenance-weighted,0.0012145093524211,1.2066249539520455,1.0
E6b provenance-weighted,0.0009989806105709,1.192709326655822,1.0
E6b provenance-weighted,0.0011980580166568,1.8526632476508764,1.0
E6b provenance-weighted,0.0028236207910009,0.3561899637369303,1.0
E6b provenance-weighted,0.0010352788199893,1.5791661333588114,1.0
E6b provenance-weighted,0.0011700542093649,1.5889529819878234,1.0
E6b provenance-weighted,0.000969448147369,1.5888504005688864,1.0
E6b provenance-weighted,0.0007887059616786,1.0619739032804163,1.0
E6b provenance-weighted,0.0072389019925707,0.1974303213891359,1.0
E6b provenance-weighted,0.00088124369589,0.8978595463395522,1.0
E6b provenance-weighted,0.0004219389566558,0.8917078067606721,1.0
E6b provenance-weighted,0.0006669930198695,0.9039664424928762,1.0
E6b provenance-weighted,0.002166504503487,1.901998052124204,1.0
E6b provenance-weighted,0.000973845687619,0.5258721378665454,1.0
E6b provenance-weighted,0.002327698311068,1.637911133285247,1.0
E6b provenance-weighted,0.00240910675466,1.6666915986089992,1.0
E6b provenance-weighted,0.0016943698292899,1.688363835033424,1.0
E6b provenance-weighted,0.0002344548098,1.3064634757262106,1.0
E6b provenance-weighted,0.0024275706923443,0.3304110495907064,1.0
E6b provenance-weighted,0.0004224884918629,1.1181849669964938,1.0
E6b provenance-weighted,0.0002894929775289,1.1554586804774003,1.0
E6b provenance-weighted,0.0001499462718002,1.185041211448984,1.0
E6b provenance-weighted,0.0012460227068379,0.9547272097202132,1.0
E6b provenance-weighted,0.0064771359014722,0.2707726160854129,1.0
E6b provenance-weighted,0.001151191155088,0.8116636627563956,1.0
E6b provenance-weighted,0.0008127546157288,0.8348328971792718,1.0
E6b provenance-weighted,0.0012283422801954,0.853502884833307,1.0
E6b provenance-weighted,0.0028164136343699,1.834940214628561,1.0
E6b provenance-weighted,0.0010004440111309,0.9454420652869222,1.0
E6b provenance-weighted,0.0031380407647718,1.6038755541450789,1.0
E6b provenance-weighted,0.0031416437245279,1.673429350747424,1.0
E6b provenance-weighted,0.0019371293752126,1.6397181691817586,1.0
E6b provenance-weighted,6.787660670076073e-05,1.017970304806376,1.0
E6b provenance-weighted,0.0016641134447994,0.4606822706001823,1.0
E6b provenance-weighted,1.8589034619547745e-05,0.8939494764216349,1.0
E6b provenance-weighted,1.2280707795886067e-05,0.949515273198831,1.0
E6b provenance-weighted,0.0001897616243226,0.979633353372128,1.0
E6b provenance-weighted,0.0023369858170818,0.8664131730453217,1.0
E6b provenance-weighted,0.0061176099372919,0.3452314902960329,1.0
E6b provenance-weighted,0.0021045410898915,0.7196862156681638,1.0
E6b provenance-weighted,0.0016906629002837,0.7558145811684958,1.0
E6b provenance-weighted,0.0027704774266079,0.7995584288606972,1.0
E6b provenance-weighted,0.0020903582852541,2.067730641059123,1.0
E6b provenance-weighted,0.0027532422160789,2.514762572373158,1.0
E6b provenance-weighted,0.0022412393749671,2.001652512080038,1.0
E6b provenance-weighted,0.0024148843922575,2.1717582828484905,1.0
E6b provenance-weighted,0.0015962496861443,2.015396427111199,1.0
E6b provenance-weighted,0.0002330283478987,1.3393990976852677,1.0
E6b provenance-weighted,0.0009338525437053,1.9316031770620576,1.0
E6b provenance-weighted,0.0001490121979321,1.181110512608563,1.0
E6b provenance-weighted,0.0002539167487985,1.3514656993474594,1.0
E6b provenance-weighted,0.000801898763476,1.354146854752103,1.0
E6b provenance-weighted,0.0052294371412717,0.6209328570830952,1.0
E6b provenance-weighted,0.0045591721976997,0.7190332504231456,1.0
E6b provenance-weighted,0.0047336136832605,0.5306644566743235,1.0
E6b provenance-weighted,0.0045034206459863,0.5912111379345497,1.0
E6b provenance-weighted,0.0072684207700558,0.7076840046654542,1.0
E6b provenance-weighted,0.0014371006310429,1.453136786283038,1.0
E6b provenance-weighted,0.020008821204129,7.29510222125972,0.0
E6b provenance-weighted,0.0013712645835573,1.4297794693972077,1.0
E6b provenance-weighted,0.0025787888489716,1.8957712898883092,1.0
E6b provenance-weighted,0.002309196832652,1.5859283452618222,1.0
E6b provenance-weighted,0.002235499705402,1.4807433545313164,1.0
E6b provenance-weighted,0.022010016674646,7.858034504523931,0.0
E6b provenance-weighted,0.0024891875691851,1.426829727595719,1.0
E6b provenance-weighted,0.0040490615859525,1.9002957296504972,1.0
E6b provenance-weighted,0.0055089731002042,1.853126534499383,1.0
E6b provenance-weighted,0.0006821494447667,1.1527864800713938,1.0
E6b provenance-weighted,0.0130294226239309,6.758687790432083,0.0
E6b provenance-weighted,0.0004294666985759,1.0254907819437609,1.0
E6b provenance-weighted,0.0019732865747713,1.3252553244604448,1.0
E6b provenance-weighted,0.0061655840960725,1.530097646498646,1.0
E6b provenance-weighted,0.0003014164476287,0.8925478929255881,1.0
E6b provenance-weighted,0.0003014129115635,0.8925529889034445,1.0
E6b provenance-weighted,0.0003014173153804,0.8925486280194406,1.0
E6b provenance-weighted,0.00030141477762,0.8925488103078583,1.0
E6b provenance-weighted,0.0003014201519428,0.8925518718697234,1.0
E6b provenance-weighted,0.000599356031977,0.7900994559509211,1.0
E6b provenance-weighted,0.0005993376525983,0.7901076134561869,1.0
E6b provenance-weighted,0.0005992708457358,0.7901032988101353,1.0
E6b provenance-weighted,0.0005994140723273,0.7900997020875766,1.0
E6b provenance-weighted,0.0005993411325776,0.790110153962581,1.0
E6b provenance-weighted,0.0014495384308999,0.8587696980682624,1.0
E6b provenance-weighted,0.0014495352261219,0.8587761878156297,1.0
E6b provenance-weighted,0.0014495474653409,0.8587626899555612,1.0
E6b provenance-weighted,0.0014495382040151,0.8587733501849493,1.0
E6b provenance-weighted,0.0014495327933311,0.8587705879398277,1.0
E6b provenance-weighted,0.0008632236380735,0.8200766866701403,1.0
E6b provenance-weighted,0.0008632173235344,0.8200826084809154,1.0
E6b provenance-weighted,0.0008632253214945,0.8200776467679582,1.0
E6b provenance-weighted,0.0008632189973172,0.8200777424284877,1.0
E6b provenance-weighted,0.00086322966118,0.8200813160759324,1.0
E6b provenance-weighted,0.0007055548324189,0.6877988557723924,1.0
E6b provenance-weighted,0.0007055192080409,0.6878077183482822,1.0
E6b provenance-weighted,0.0007055385020162,0.687802251807984,1.0
E6b provenance-weighted,0.0007055733945959,0.6877960137377126,1.0
E6b provenance-weighted,0.0007055438470561,0.6878084825458874,1.0
E6b provenance-weighted,0.0016718920132825,0.973418612550081,1.0
E6b provenance-weighted,0.0016718926697193,0.9734272825207392,1.0
E6b provenance-weighted,0.0016718997931297,0.973416477512351,1.0
E6b provenance-weighted,0.0016718943292577,0.9734233976603668,1.0
E6b provenance-weighted,0.0016718829228872,0.9734196494886048,1.0
E6b provenance-weighted,0.0015244338709331,0.4864237959023021,1.0
E6b provenance-weighted,0.0015244043235026,0.4864284957961928,1.0
E6b provenance-weighted,0.001524434047286,0.4864245549873247,1.0
E6b provenance-weighted,0.0015244267328066,0.4864245799972577,1.0
E6b provenance-weighted,0.001524431711743,0.4864274420334991,1.0
E6b provenance-weighted,0.0012717618314928,0.6229447710624503,1.0
E6b provenance-weighted,0.0012717038349647,0.6229540256887101,1.0
E6b provenance-weighted,0.0012718239328155,0.6229521703104757,1.0
E6b provenance-weighted,0.0012717152449664,0.6229389297142673,1.0
E6b provenance-weighted,0.0012717216223988,0.6229581042050403,1.0
E6b provenance-weighted,0.0027516974059255,0.7797183707685673,1.0
E6b provenance-weighted,0.0027516885106369,0.7797278769966443,1.0
E6b provenance-weighted,0.0027516958776463,0.7797242975412622,1.0
E6b provenance-weighted,0.002751695785851,0.7797231819981931,1.0
E6b provenance-weighted,0.0027516901141136,0.7797198813610129,1.0
E6b provenance-weighted,0.0037768869671898,0.3374369987184378,1.0
E6b provenance-weighted,0.0037768118101444,0.3374407218547426,1.0
E6b provenance-weighted,0.0037768874696474,0.3374379491563273,1.0
E6b provenance-weighted,0.0037768777584634,0.3374377272578777,1.0
E6b provenance-weighted,0.0037768848398325,0.3374411661788645,1.0
E6b provenance-weighted,0.0050674832142974,0.6334590290886344,1.0
E6b provenance-weighted,0.0050674813392379,0.6334590995613343,1.0
E6b provenance-weighted,0.0050684138334949,0.633494752680086,1.0
E6b provenance-weighted,0.0050667086121381,0.6334296143726603,1.0
E6b provenance-weighted,0.0050675029634402,0.6334601007053076,1.0
E6b provenance-weighted,0.0017202044007629,1.1207817493604166,1.0
E6b provenance-weighted,0.0017202066584631,1.1207911098666534,1.0
E6b provenance-weighted,0.001720205099855,1.1207861474874126,1.0
E6b provenance-weighted,0.0017202071992765,1.1207862636686217,1.0
E6b provenance-weighted,0.0017202108311208,1.1207999114353329,1.0
E6b provenance-weighted,0.0029791076077002,0.3979320959757892,1.0
E6b provenance-weighted,0.0029789897526308,0.397940848695566,1.0
E6b provenance-weighted,0.0029791096210647,0.3979343829191129,1.0
E6b provenance-weighted,0.0029790893760544,0.3979337071352895,1.0
E6b provenance-weighted,0.0029791110307769,0.3979413244829977,1.0
E6b provenance-weighted,0.0087992760491495,0.5219696758225478,1.0
E6b provenance-weighted,0.0087992755173204,0.5219697354561181,1.0
E6b provenance-weighted,0.0087992776925382,0.5219697233981857,1.0
E6b provenance-weighted,0.0087992746197984,0.5219696616269587,1.0
E6b provenance-weighted,0.0087992854250968,0.5219698535954886,1.0
E6b provenance-weighted,0.00141574868386,1.054942435995454,1.0
E6b provenance-weighted,0.0014157469852057,1.0549594147486574,1.0
E6b provenance-weighted,0.0014157460104194,1.0549504277217403,1.0
E6b provenance-weighted,0.0014157450914892,1.0549507235956102,1.0
E6b provenance-weighted,0.0014157421168514,1.0549761188816398,1.0
E10 expertise,0.0038010060379293,0.9294618761152562,1.0
E10 expertise,0.003801418514162,0.9294219033267326,1.0
E10 expertise,0.0038006508855869,0.9293468085201928,1.0
E10 expertise,0.0038019124517454,0.9294491781745572,1.0
E10 expertise,0.0038013939018353,0.9295383805425328,1.0
E10 expertise,0.0038205803439221,0.9306801382208796,1.0
E10 expertise,0.0038013536179104,0.9294490780124288,1.0
E10 expertise,0.0038021971470021,0.9267157853111608,1.0
E10 expertise,0.0038014317512287,0.9294228635677748,1.0
E10 expertise,0.0038014584106955,0.9294251456709924,1.0
E10 expertise,0.0038022491754378,0.929444861961648,1.0
E10 expertise,0.0038022781231722,0.9293592911951088,1.0
E10 expertise,0.0038014351659714,0.9294215524428884,1.0
E10 expertise,0.0038014845018072,0.9294366991625502,1.0
E10 expertise,0.0038022343944961,0.929474788988105,1.0
E10 expertise,0.0038014399547492,0.9294220169544176,1.0
E10 expertise,0.003800565498644,0.9293954737200516,1.0
E10 expertise,0.0038014866037974,0.9294560676734732,1.0
E10 expertise,0.0038014317888634,0.9294220895331606,1.0
E10 expertise,0.0038009863368979,0.9294550051661132,1.0
E10 expertise,0.0029606839441564,0.2620319265242643,1.0
E10 expertise,0.0029606795483817,0.2620320248311936,1.0
E10 expertise,0.0029606851740106,0.2620319746413801,1.0
E10 expertise,0.0029607770903345,0.2620284741928436,1.0
E10 expertise,0.0029605997488167,0.2620409373530863,1.0
E10 expertise,0.0029606671265389,0.2620327628370444,1.0
E10 expertise,0.0029608618890897,0.2620236242935059,1.0
E10 expertise,0.0029606933578669,0.2620313016895637,1.0
E10 expertise,0.0029606924919564,0.2620313405902297,1.0
E10 expertise,0.0029611482938603,0.2620063654832361,1.0
E10 expertise,0.0029603827342302,0.2620498889958411,1.0
E10 expertise,0.0029606812221551,0.262032186750738,1.0
E10 expertise,0.0029606838749279,0.2620319343218491,1.0
E10 expertise,0.0029606709580768,0.2620325687575864,1.0
E10 expertise,0.0029606877995573,0.2620318888396089,1.0
E10 expertise,0.002960843791109,0.2620224897974754,1.0
E10 expertise,0.0029606991028191,0.2620310179921481,1.0
E10 expertise,0.0029576632138202,0.2622703183440211,1.0
E10 expertise,0.0029606852065989,0.2620319775970825,1.0
E10 expertise,0.0029606870313346,0.2620317842264852,1.0
E10 expertise,0.0003827515884544,1.1105496041000196,1.0
E10 expertise,0.0003826659237126,1.1105213459002006,1.0
E10 expertise,0.0003827559347843,1.110555343725006,1.0
E10 expertise,0.0003828915682063,1.1106050062484163,1.0
E10 expertise,0.0003827538780933,1.1105540503907607,1.0
E10 expertise,0.0003841991606842,1.1137165725242648,1.0
E10 expertise,0.0003827524884162,1.1105552495057236,1.0
E10 expertise,0.0003827563675868,1.1105576408767248,1.0
E10 expertise,0.0003827363902295,1.110593206703514,1.0
E10 expertise,0.0003827752319819,1.110512706967498,1.0
E10 expertise,0.0003827537812156,1.1105540363226418,1.0
E10 expertise,0.0003827638531673,1.1105345299506852,1.0
E10 expertise,0.0003827545203307,1.1105555716012572,1.0
E10 expertise,0.000382754109059,1.1105548509869778,1.0
E10 expertise,0.0003827518060376,1.1105580513277813,1.0
E10 expertise,0.0003827551953969,1.1105569688261208,1.0
E10 expertise,0.00038275528698,1.1105540518476675,1.0
E10 expertise,0.0003826315149054,1.1106134674112034,1.0
E10 expertise,0.0003827571918323,1.1105590599588433,1.0
E10 expertise,0.00027263573403,1.073271609992299,1.0
E10 expertise,0.0024400272341105,1.5193054093358638,1.0
E10 expertise,0.002440022958396,1.5193015746711611,1.0
E10 expertise,0.0024400340937599,1.5193023516454462,1.0
E10 expertise,0.0024395625894686,1.519392656857771,1.0
E10 expertise,0.0024400305380173,1.519302365250147,1.0
E10 expertise,0.0024400213348318,1.5193025731164989,1.0
E10 expertise,0.0024401237204011,1.519332696840836,1.0
E10 expertise,0.0024400265266585,1.5192997093643357,1.0
E10 expertise,0.0024400333380969,1.519299748552333,1.0
E10 expertise,0.0024400238958192,1.5193017363531849,1.0
E10 expertise,0.0024400520548797,1.5193034452383625,1.0
E10 expertise,0.0024400140803134,1.5193016362127498,1.0
E10 expertise,0.0024400226756467,1.519302686181584,1.0
E10 expertise,0.0024396200639361,1.519340816604986,1.0
E10 expertise,0.0024400327572382,1.5192562590867098,1.0
E10 expertise,0.0024441679309056,1.5233188387024532,1.0
E10 expertise,0.0024400264324188,1.5193000162212975,1.0
E10 expertise,0.0024400273513575,1.5193021732852974,1.0
E10 expertise,0.0024396945360033,1.5194552692931074,1.0
E10 expertise,0.0024398746993004,1.5193738867361029,1.0
E10 expertise,0.0005995698767254,1.6443177649089311,1.0
E10 expertise,0.000599566374945,1.6443156783546795,1.0
E10 expertise,0.0005995660495573,1.6443156961392424,1.0
E10 expertise,0.0005995780496222,1.6443110426122287,1.0
E10 expertise,0.0005995661200309,1.6443157417700804,1.0
E10 expertise,0.0005995652821364,1.6443131021652069,1.0
E10 expertise,0.0005995634853932,1.6443126007408104,1.0
E10 expertise,0.0005995700630674,1.6443179276202091,1.0
E10 expertise,0.0005996284359636,1.644287806353084,1.0
E10 expertise,0.0005995910742001,1.6466626583524824,1.0
E10 expertise,0.0005995628596423,1.6443137753568315,1.0
E10 expertise,0.0005995660070593,1.644315699559673,1.0
E10 expertise,0.0005995063133284,1.6442659833173725,1.0
E10 expertise,0.0005995686060499,1.644317702081144,1.0
E10 expertise,0.0005995740212047,1.6443206192089277,1.0
E10 expertise,0.0005984459210395,1.6445823164985829,1.0
E10 expertise,0.0005946579773573,1.6402678118887293,1.0
E10 expertise,0.0005995621446349,1.6443141569241482,1.0
E10 expertise,0.0005996844153562,1.6443614459955511,1.0
E10 expertise,0.0005995694234259,1.6443178785106871,1.0
E10 expertise,0.0037837647566005,0.9315228485332006,1.0
E10 expertise,0.0038014051166696,0.9294131063149024,1.0
E10 expertise,0.0038002860168856,0.9312756503456532,1.0
E10 expertise,0.0038133203087747,0.9301877473659292,1.0
E10 expertise,0.0038014075495433,0.9296884973829244,1.0
E10 expertise,0.0038583124309314,0.9331957736029296,1.0
E10 expertise,0.0038008843712843,0.9295479125351114,1.0
E10 expertise,0.0038008672382671,0.926236317138468,1.0
E10 expertise,0.0038014539925633,0.9294575275085816,1.0
E10 expertise,0.0038029108431632,0.9295478549154356,1.0
E10 expertise,0.0038070388153209,0.9277601712362972,1.0
E10 expertise,0.003801820787131,0.9293614210017008,1.0
E10 expertise,0.0038016737749807,0.929428708690494,1.0
E10 expertise,0.0038018823751969,0.9293885953365832,1.0
E10 expertise,0.0039022435835843,0.9359962532615008,1.0
E10 expertise,0.0038015288548561,0.9294249810408162,1.0
E10 expertise,0.0037714632113508,0.927855680652162,1.0
E10 expertise,0.0038023313055781,0.9298647185394472,1.0
E10 expertise,0.0038011489460429,0.9295152244489068,1.0
E10 expertise,0.0037744401175524,0.9314218205991208,1.0
E10 expertise,0.0029606792117497,0.262031998229234,1.0
E10 expertise,0.0029604150381227,0.2620426092060979,1.0
E10 expertise,0.0029606889467964,0.2620313984735722,1.0
E10 expertise,0.0029587320785857,0.2622295803360153,1.0
E10 expertise,0.0029571595141178,0.2623655088054788,1.0
E10 expertise,0.002960534515336,0.2620382472154792,1.0
E10 expertise,0.0029606226875521,0.2620343416530168,1.0
E10 expertise,0.0029606621569781,0.2620333588722712,1.0
E10 expertise,0.0029606668811295,0.2620325197683293,1.0
E10 expertise,0.0029862964743859,0.2605358564830518,1.0
E10 expertise,0.0029598445620744,0.2620714088242604,1.0
E10 expertise,0.0029606141211558,0.262037468920645,1.0
E10 expertise,0.0029607277889884,0.2620296725823534,1.0
E10 expertise,0.0029604948165724,0.2620397235897964,1.0
E10 expertise,0.0029607694458051,0.2620337764622504,1.0
E10 expertise,0.0029634532796838,0.2619059287543468,1.0
E10 expertise,0.0029610202909095,0.2620123483997871,1.0
E10 expertise,0.0029565068738489,0.2623327105724382,1.0
E10 expertise,0.0029606886924831,0.2620326209101298,1.0
E10 expertise,0.0029606510631321,0.2620347728560568,1.0
E10 expertise,0.0003825830249162,1.1103719275948554,1.0
E10 expertise,0.0003821997753986,1.1102050744484226,1.0
E10 expertise,0.0003827753909263,1.1105581355804528,1.0
E10 expertise,0.0003843197610345,1.1113458640173268,1.0
E10 expertise,0.0003827606813329,1.1105574451122369,1.0
E10 expertise,0.0003898494808673,1.1243289081944052,1.0
E10 expertise,0.0003827291775029,1.110587484442549,1.0
E10 expertise,0.0003829337308237,1.1106707885212896,1.0
E10 expertise,0.0003825751749742,1.110973896618228,1.0
E10 expertise,0.0003817654176996,1.1081504318642854,1.0
E10 expertise,0.0003827508303488,1.110559267378558,1.0
E10 expertise,0.0003833000906722,1.1093853926080477,1.0
E10 expertise,0.0003821796533353,1.1108009119826068,1.0
E10 expertise,0.0003828122567707,1.1106737420342627,1.0
E10 expertise,0.0003827300197665,1.110800019282404,1.0
E10 expertise,0.0003827605907812,1.1105692678360868,1.0
E10 expertise,0.0003827398072907,1.1105834428276062,1.0
E10 expertise,0.0003815245416383,1.1115989257621306,1.0
E10 expertise,0.0003827713691592,1.1105518502891154,1.0
E10 expertise,0.0002752627128852,1.0742563404260774,1.0
E10 expertise,0.0024405711037383,1.5199648136152766,1.0
E10 expertise,0.0024402114529594,1.5194972058151843,1.0
E10 expertise,0.0024390875187871,1.519481099441139,1.0
E10 expertise,0.002425367328294,1.5216379445317951,1.0
E10 expertise,0.0024405705518034,1.5193460417940283,1.0
E10 expertise,0.0024398492620754,1.5193221010706248,1.0
E10 expertise,0.0024435393938818,1.5198999578939163,1.0
E10 expertise,0.0024399381047118,1.5192880404266362,1.0
E10 expertise,0.0024399172500833,1.5192721378579963,1.0
E10 expertise,0.0024401159224089,1.519298909446215,1.0
E10 expertise,0.0024407572432697,1.5191409307464043,1.0
E10 expertise,0.0024399869603565,1.5192993360919729,1.0
E10 expertise,0.0024396419052158,1.5193794880077771,1.0
E10 expertise,0.0024366195563581,1.516156083598652,1.0
E10 expertise,0.0024368132884293,1.5184445887735598,1.0
E10 expertise,0.0024635190527627,1.5411701018081814,1.0
E10 expertise,0.0024400379216012,1.519290749265079,1.0
E10 expertise,0.0024400310604022,1.5193028277177667,1.0
E10 expertise,0.0024295973370415,1.5194712726603443,1.0
E10 expertise,0.0024393551597933,1.519274354098854,1.0
E10 expertise,0.0005997385333314,1.6444018150943929,1.0
E10 expertise,0.0005995696091543,1.644317183539562,1.0
E10 expertise,0.0005996081768388,1.6443393545504226,1.0
E10 expertise,0.0005994942571145,1.6442460298180084,1.0
E10 expertise,0.0005995843973676,1.6443375506888902,1.0
E10 expertise,0.0005995076042187,1.6443399232190792,1.0
E10 expertise,0.0005994750948844,1.6441684591904704,1.0
E10 expertise,0.0005996386631833,1.6443519832550213,1.0
E10 expertise,0.0005996369096947,1.6443126417158005,1.0
E10 expertise,0.0006000820614191,1.6551609474393214,1.0
E10 expertise,0.0005995779661548,1.6443296521672202,1.0
E10 expertise,0.0005995439839554,1.6443054246393918,1.0
E10 expertise,0.0005992208658717,1.6440677604770082,1.0
E10 expertise,0.000599609680736,1.6443467760619834,1.0
E10 expertise,0.0006004887449686,1.645074546995673,1.0
E10 expertise,0.0005947271395628,1.6456049677164686,1.0
E10 expertise,0.0005950117446895,1.640535391911946,1.0
E10 expertise,0.0005994966564516,1.6442425031660823,1.0
E10 expertise,0.0005997328429296,1.644329739356104,1.0
E10 expertise,0.0005995813997434,1.6442857761224616,1.0
E10 expertise,0.0038172497332896,0.9311888707150716,1.0
E10 expertise,0.0038020468919265,0.9294129375763294,1.0
E10 expertise,0.0037898827898075,0.936295359996392,1.0
E10 expertise,0.0038712946646389,0.9337106078435576,1.0
E10 expertise,0.0037990546918619,0.9417812497866772,1.0
E10 expertise,0.0038210030546022,0.9310289613524204,1.0
E10 expertise,0.003798240778392,0.9277567832945088,1.0
E10 expertise,0.0038113758590647,0.907552339519957,1.0
E10 expertise,0.0038014210339281,0.9297796653375155,1.0
E10 expertise,0.0038097626824915,0.92971327860088,1.0
E10 expertise,0.0038372241800298,0.9316047468051036,1.0
E10 expertise,0.0038038938935157,0.929060394156178,1.0
E10 expertise,0.0037986554677319,0.9282696214118868,1.0
E10 expertise,0.0040078837510642,0.926911063174013,1.0
E10 expertise,0.0037904868537765,0.9292814355505664,1.0
E10 expertise,0.0038018139450444,0.9361641899978124,1.0
E10 expertise,0.0037723477769301,0.9195969633448376,1.0
E10 expertise,0.0038040593884289,0.9297362131811926,1.0
E10 expertise,0.0037964033882095,0.9297452770383796,1.0
E10 expertise,0.0038019558480118,0.9294880124223416,1.0
E10 expertise,0.0029616477592594,0.261957656023265,1.0
E10 expertise,0.0029569493883276,0.2621970578751464,1.0
E10 expertise,0.0029607316798241,0.2620322423712462,1.0
E10 expertise,0.0029677942164663,0.2618409016041045,1.0
E10 expertise,0.0028939528037089,0.2691618261763062,1.0
E10 expertise,0.0029583621037787,0.2621824357420976,1.0
E10 expertise,0.0029773556898622,0.261122718049589,1.0
E10 expertise,0.0029609953853661,0.2620066657768483,1.0
E10 expertise,0.0029665791158181,0.2617520348504043,1.0
E10 expertise,0.0029582622988358,0.2620258269856679,1.0
E10 expertise,0.0029606511634774,0.261990046920707,1.0
E10 expertise,0.0029629936047036,0.2618507373870538,1.0
E10 expertise,0.0029603246359734,0.262059135823689,1.0
E10 expertise,0.0029614441239723,0.2619679728755875,1.0
E10 expertise,0.0029584070401693,0.262241322487422,1.0
E10 expertise,0.0029607942883312,0.2620004642238271,1.0
E10 expertise,0.0029952469250207,0.2599910109135683,1.0
E10 expertise,0.0029604448306522,0.2620589954892505,1.0
E10 expertise,0.0029596500203977,0.2621213188455373,1.0
E10 expertise,0.0029029780081005,0.2655393181894838,1.0
E10 expertise,0.0003795801448865,1.1058492221261262,1.0
E10 expertise,0.0003748818521441,1.1088115710837343,1.0
E10 expertise,0.0003800235026884,1.1120973639205167,1.0
E10 expertise,0.0004109657086965,1.1112886978721814,1.0
E10 expertise,0.0003825560796985,1.1106348474487604,1.0
E10 expertise,0.0004177383199469,1.2161136214122903,1.0
E10 expertise,0.0004006010578594,1.1215208677041344,1.0
E10 expertise,0.0003827587950938,1.1105783936825209,1.0
E10 expertise,0.0003825156870243,1.1108094896045473,1.0
E10 expertise,0.0003854566645276,1.1054874334817666,1.0
E10 expertise,0.0003825720059604,1.110462025110348,1.0
E10 expertise,0.0003822156947994,1.1112465298912022,1.0
E10 expertise,0.0003828940275248,1.110607719965151,1.0
E10 expertise,0.0003846350267366,1.1111926928685512,1.0
E10 expertise,0.0003801582328852,1.1115286996564169,1.0
E10 expertise,0.0003827965382443,1.1110361543283764,1.0
E10 expertise,0.0003740148930399,1.1105651793275773,1.0
E10 expertise,0.0003502311109478,1.1068462175224505,1.0
E10 expertise,0.0003832867874509,1.1081739172262517,1.0
E10 expertise,0.0003534102009367,1.1011089719952016,1.0
E10 expertise,0.0024413962784655,1.5205135959471594,1.0
E10 expertise,0.0024414923248812,1.5210757195409597,1.0
E10 expertise,0.0024394944484964,1.5192078675682952,1.0
E10 expertise,0.0024287165518629,1.5205554136664912,1.0
E10 expertise,0.0024401819733255,1.5189295579377926,1.0
E10 expertise,0.0024439466476039,1.518348054925911,1.0
E10 expertise,0.0025403729119057,1.549372960469192,1.0
E10 expertise,0.0024339005477017,1.5180073831692675,1.0
E10 expertise,0.0024406836880045,1.518849973971126,1.0
E10 expertise,0.0024438917367838,1.520482858564837,1.0
E10 expertise,0.0024495221556573,1.5198104015935632,1.0
E10 expertise,0.0024423617786993,1.5217376705000174,1.0
E10 expertise,0.00243993134315,1.5192281309019673,1.0
E10 expertise,0.0024324398460765,1.516543086246691,1.0
E10 expertise,0.0024682580335549,1.5211918196647969,1.0
E10 expertise,0.0026502685425626,1.58675161494658,1.0
E10 expertise,0.002436761209478,1.5195318909637323,1.0
E10 expertise,0.0024437240650795,1.5197936803047818,1.0
E10 expertise,0.0024168434917701,1.5233576434461993,1.0
E10 expertise,0.0024218616392609,1.5289492717356523,1.0
E10 expertise,0.0005998844327465,1.6445042856607417,1.0
E10 expertise,0.0005998024728862,1.6442372091230228,1.0
E10 expertise,0.0005997745042902,1.6444088169156268,1.0
E10 expertise,0.0005999168363795,1.644434490300778,1.0
E10 expertise,0.0006018471867206,1.6451803684635449,1.0
E10 expertise,0.0006013599047606,1.6445709351746995,1.0
E10 expertise,0.0005890787592635,1.638353485939631,1.0
E10 expertise,0.000599882016992,1.6444584929591444,1.0
E10 expertise,0.0006000848581355,1.643802964409552,1.0
E10 expertise,0.00059934913652,1.6644092734939109,1.0
E10 expertise,0.0005995804467497,1.6451543166362217,1.0
E10 expertise,0.0005992322988224,1.6437469090899826,1.0
E10 expertise,0.0005996838216166,1.644368497790727,1.0
E10 expertise,0.0005995300795906,1.6436636448741104,1.0
E10 expertise,0.0005993028096937,1.6459473724725229,1.0
E10 expertise,0.0005917336335191,1.6501799369749603,1.0
E10 expertise,0.0006030796313874,1.642388708226189,1.0
E10 expertise,0.0005995495203553,1.6444252264770032,1.0
E10 expertise,0.0005991015910408,1.6441592128685734,1.0
E10 expertise,0.0005995039817876,1.6437093129011926,1.0
E10 expertise,0.0037956725845104,0.9629363116336276,1.0
E10 expertise,0.0038074155385543,0.9289502521565574,1.0
E10 expertise,0.0035063970129549,0.8900017264826865,1.0
E10 expertise,0.0042540869032597,0.9459207500417844,1.0
E10 expertise,0.0037780487539198,0.9435877244738488,1.0
E10 expertise,0.0038066227946611,0.9292271701799026,1.0
E10 expertise,0.0038393040098751,0.9313909075782169,1.0
E10 expertise,0.0038143291846152,0.9143227772952568,1.0
E10 expertise,0.0038072712188905,0.9296456774453844,1.0
E10 expertise,0.0038164282904061,0.933227273537396,1.0
E10 expertise,0.0037978323158638,0.9258914771222926,1.0
E10 expertise,0.0043706682078815,0.8891769016174389,1.0
E10 expertise,0.0038454613259518,0.9311603806714808,1.0
E10 expertise,0.0037415928375125,0.9339419597498344,1.0
E10 expertise,0.0039490421684761,0.9142019345369456,1.0
E10 expertise,0.0038018529730359,0.9296213794900364,1.0
E10 expertise,0.0037472300030301,0.9240490445024728,1.0
E10 expertise,0.0038056313340553,0.9295233674974646,1.0
E10 expertise,0.003950500478238,0.9433470934144484,1.0
E10 expertise,0.0037781238200988,0.9297938787957316,1.0
E10 expertise,0.0029589707845058,0.2621614348723433,1.0
E10 expertise,0.0029213976076691,0.2641531816056364,1.0
E10 expertise,0.002967324846581,0.2616006854008201,1.0
E10 expertise,0.0033676819654935,0.2501416405784218,1.0
E10 expertise,0.0031397012544319,0.2496941866738156,1.0
E10 expertise,0.0029397163466569,0.2639496806237984,1.0
E10 expertise,0.0029907775786538,0.2602911097511984,1.0
E10 expertise,0.0030542237636382,0.2565732173283763,1.0
E10 expertise,0.0029609356906863,0.2618922071238427,1.0
E10 expertise,0.0029529725591609,0.2625763017702676,1.0
E10 expertise,0.0029626200702269,0.2618982714071238,1.0
E10 expertise,0.0030042823729624,0.2594545477977994,1.0
E10 expertise,0.0029632432866994,0.2619182340968029,1.0
E10 expertise,0.0029241608331247,0.2641684874476357,1.0
E10 expertise,0.0029745184628783,0.2621135681719844,1.0
E10 expertise,0.0030056778923061,0.2592062380832094,1.0
E10 expertise,0.002969075796297,0.2616788580304952,1.0
E10 expertise,0.0027948106091537,0.276148264953574,1.0
E10 expertise,0.0029682600710703,0.2615662743585212,1.0
E10 expertise,0.0029693785642995,0.2614101033119376,1.0
E10 expertise,0.0003822175349403,1.1080026278048938,1.0
E10 expertise,0.0003563020447983,1.092329944229825,1.0
E10 expertise,0.0003835936965017,1.1109923653010778,1.0
E10 expertise,0.0004489695689141,1.1132003779666777,1.0
E10 expertise,0.0003822710970462,1.1102688046394693,1.0
E10 expertise,0.0003817094906923,1.1071898014027637,1.0
E10 expertise,0.0005062678842135,1.2855771484278466,1.0
E10 expertise,0.0003825575027796,1.1106892950337122,1.0
E10 expertise,0.0003755408273092,1.112322476782074,1.0
E10 expertise,0.0004097798757451,1.1100199569658409,1.0
E10 expertise,0.0003771128857427,1.1071131487767172,1.0
E10 expertise,0.0004011951807048,1.0828193747282169,1.0
E10 expertise,0.0003834142981604,1.111771312699844,1.0
E10 expertise,0.0003818417468382,1.110092173377758,1.0
E10 expertise,0.0003833300876018,1.1225747723100588,1.0
E10 expertise,0.0003869320464639,1.1169283687800955,1.0
E10 expertise,0.0002641165375531,1.1097931147111495,1.0
E10 expertise,0.000381451200358,1.1093830498319637,1.0
E10 expertise,0.0003839001382633,1.119061929928833,1.0
E10 expertise,0.0001977105530569,1.0427626738561346,1.0
E10 expertise,0.0023993940620268,1.5183318110224608,1.0
E10 expertise,0.0024244836848345,1.5223887527789748,1.0
E10 expertise,0.0024322445484622,1.519458904964727,1.0
E10 expertise,0.0024436870955013,1.527869070716914,1.0
E10 expertise,0.0024541736287599,1.4984804629886272,1.0
E10 expertise,0.0024505052470298,1.5219141555415094,1.0
E10 expertise,0.0024610019528152,1.544522603197751,1.0
E10 expertise,0.00241266267932,1.5111209400094583,1.0
E10 expertise,0.0024391557509709,1.5297112078632102,1.0
E10 expertise,0.0025649392055343,1.536238868028661,1.0
E10 expertise,0.0024076660962974,1.547605944726066,1.0
E10 expertise,0.0024409508663285,1.519929484918814,1.0
E10 expertise,0.0024405756709988,1.519797176375287,1.0
E10 expertise,0.0023924584239904,1.503514722611604,1.0
E10 expertise,0.0024795071145977,1.532975825660976,1.0
E10 expertise,0.0024195640779919,1.5125562871595666,1.0
E10 expertise,0.0024794257166035,1.4878438210150002,1.0
E10 expertise,0.0024389594696908,1.5148316020937302,1.0
E10 expertise,0.0023290209138365,1.5037715015022712,1.0
E10 expertise,0.0023713127206044,1.512659375481218,1.0
E10 expertise,0.0007247872604825,1.71884097434441,1.0
E10 expertise,0.0005935737636176,1.6398044419665136,1.0
E10 expertise,0.0005987455603191,1.6436942531466936,1.0
E10 expertise,0.0006096388986773,1.6488712832130992,1.0
E10 expertise,0.0006018286396334,1.643474950155133,1.0
E10 expertise,0.0005586748229843,1.617899493759439,1.0
E10 expertise,0.0006119669166981,1.6528749892874115,1.0
E10 expertise,0.000610301512043,1.649716026136705,1.0
E10 expertise,0.0006103864522913,1.6560085268579772,1.0
E10 expertise,0.0006022001482148,1.6532442881387666,1.0
E10 expertise,0.0005920051880355,1.6384804068027337,1.0
E10 expertise,0.000606392662674,1.6475368484542563,1.0
E10 expertise,0.0005446802316738,1.598723510679778,1.0
E10 expertise,0.0005958146495097,1.6425799872513414,1.0
E10 expertise,0.0006011090081412,1.64732845035247,1.0
E10 expertise,0.0005930965798755,1.6493993098223358,1.0
E10 expertise,0.0006153961831116,1.6625167168798027,1.0
E10 expertise,0.0005995946344647,1.6436441109524524,1.0
E10 expertise,0.0005992576621224,1.6445039627210667,1.0
E10 expertise,0.0005981825604087,1.6398609507869866,1.0
E10 expertise,0.0041255993660233,0.9209768418202592,1.0
E10 expertise,0.0039303999100833,0.9340803407058064,1.0
E10 expertise,0.0040133585980106,0.8776905861492268,1.0
E10 expertise,0.0039559853633672,0.9304672244200896,1.0
E10 expertise,0.0037369614858891,1.0286918194303496,1.0
E10 expertise,0.0038146382096286,0.9415570049197686,1.0
E10 expertise,0.0038417156758467,0.94858885074805,1.0
E10 expertise,0.003903654865216,0.9071457353634405,1.0
E10 expertise,0.0038156199001059,0.9281424866509348,1.0
E10 expertise,0.0037689330206797,0.9382729039484394,1.0
E10 expertise,0.0051479809306446,1.0251647831954147,1.0
E10 expertise,0.0038126070047287,0.9254168460548218,1.0
E10 expertise,0.0039114808451099,0.9093584476624396,1.0
E10 expertise,0.0038365176845777,0.9444712110487474,1.0
E10 expertise,0.0037652832668026,0.9316733980733128,1.0
E10 expertise,0.0046257886039725,0.9833796241134952,1.0
E10 expertise,0.0045827987928333,0.844212529746563,1.0
E10 expertise,0.0041015917078335,0.950073227957582,1.0
E10 expertise,0.0038134276711622,0.9294696550885106,1.0
E10 expertise,0.0027825953670065,0.983755355328586,1.0
E10 expertise,0.0030546127168777,0.2572405713600623,1.0
E10 expertise,0.0029710932685323,0.2616619674245146,1.0
E10 expertise,0.0030750179535933,0.2673722576723936,1.0
E10 expertise,0.0028642737630249,0.2653320566325889,1.0
E10 expertise,0.0031496298463078,0.2519329432324302,1.0
E10 expertise,0.0028885160270086,0.2644683206796117,1.0
E10 expertise,0.0030374447803533,0.2585946053681676,1.0
E10 expertise,0.002973618328102,0.2612552393970402,1.0
E10 expertise,0.0031656478421894,0.2510561590641169,1.0
E10 expertise,0.0032709846043907,0.243852722930693,1.0
E10 expertise,0.0029189615196204,0.2638704047581208,1.0
E10 expertise,0.002864116354695,0.2678297419440922,1.0
E10 expertise,0.0030862456953167,0.2567953643938858,1.0
E10 expertise,0.0025212346775677,0.284111575989282,1.0
E10 expertise,0.0029096522511006,0.2640676926931817,1.0
E10 expertise,0.003094267440381,0.252399129278047,1.0
E10 expertise,0.0029946564006721,0.2591310302406113,1.0
E10 expertise,0.0019886800227354,0.3353913727761559,1.0
E10 expertise,0.0029633178132881,0.2618519980628342,1.0
E10 expertise,0.0029601721640171,0.2615118916549364,1.0
E10 expertise,0.0003513470297993,1.093341784820634,1.0
E10 expertise,0.0003846957730159,1.11129197096404,1.0
E10 expertise,0.0004851047476713,1.1086999587951174,1.0
E10 expertise,0.0004091208720349,1.0896662631185994,1.0
E10 expertise,0.0003797484830217,1.1140469336712144,1.0
E10 expertise,0.0003712006550073,1.0682202674252184,1.0
E10 expertise,0.0003881436380759,1.1176441410238158,1.0
E10 expertise,0.0003882198874565,1.109803810607718,1.0
E10 expertise,0.0003878424569585,1.1220868397785244,1.0
E10 expertise,0.0003629099378423,1.0603823973715951,1.0
E10 expertise,0.0003783812274182,1.0659385720009296,1.0
E10 expertise,0.0003815029885832,1.102293472153354,1.0
E10 expertise,0.0003763946153189,1.1127471456747362,1.0
E10 expertise,0.0004777108071937,1.1274953923174955,1.0
E10 expertise,0.0003482018665499,1.1164993082134256,1.0
E10 expertise,0.0004018776145958,1.113146911870733,1.0
E10 expertise,0.0003826162746121,1.1165384042271465,1.0
E10 expertise,0.0005661577292591,1.0342556986322415,1.0
E10 expertise,0.0004713586832005,1.1152838016864064,1.0
E10 expertise,0.0003915627775916,1.0555334204894409,1.0
E10 expertise,0.0025472968716907,1.5445952696726328,1.0
E10 expertise,0.0024186390519006,1.5110363966175544,1.0
E10 expertise,0.0024529626427763,1.5457682517123483,1.0
E10 expertise,0.0022641127844307,1.4742152291899455,1.0
E10 expertise,0.0027254491683956,1.472536545156511,1.0
E10 expertise,0.0023851499679935,1.528702642432228,1.0
E10 expertise,0.0029952865322949,1.5126025651602817,1.0
E10 expertise,0.0023917923109247,1.5247903146067388,1.0
E10 expertise,0.0024175387690746,1.5210513618565902,1.0
E10 expertise,0.0024314093317385,1.5170438958406418,1.0
E10 expertise,0.0027461478424139,1.5650990985796087,1.0
E10 expertise,0.0020182566663401,1.5187984661292508,1.0
E10 expertise,0.0021737119973678,1.472852642400213,1.0
E10 expertise,0.0024529187254999,1.5159962131772895,1.0
E10 expertise,0.0028277885192907,1.6266071418470809,1.0
E10 expertise,0.0024755350593339,1.525315756732587,1.0
E10 expertise,0.0023923908504921,1.507799513603919,1.0
E10 expertise,0.0021204299157231,1.5558023944814536,1.0
E10 expertise,0.0021906058378138,1.485068693142244,1.0
E10 expertise,0.0020318133755596,1.5657558269830565,1.0
E10 expertise,0.0005923474455911,1.636130084980042,1.0
E10 expertise,0.0006143694283688,1.6654905098538897,1.0
E10 expertise,0.000671829957225,1.6682012797870072,1.0
E10 expertise,0.0006102826605192,1.650339693876196,1.0
E10 expertise,0.0005932407971919,1.6105235557528077,1.0
E10 expertise,0.0007011842213383,1.6966906166957951,1.0
E10 expertise,0.0006140343183605,1.6550426041280042,1.0
E10 expertise,0.0005255701591287,1.6044246975108645,1.0
E10 expertise,0.0006311243088894,1.5610292004033022,1.0
E10 expertise,0.0005296998065241,1.5803160592630316,1.0
E10 expertise,0.0004725535590548,1.5564058744820364,1.0
E10 expertise,0.000600783027107,1.6461669462769113,1.0
E10 expertise,0.0005604907988593,1.622078306494118,1.0
E10 expertise,0.0004392781039915,1.510078484096311,1.0
E10 expertise,0.0006372125083745,1.6682532651912607,1.0
E10 expertise,0.0006114371371318,1.6513138588364007,1.0
E10 expertise,0.000684732594401,1.6906064419718092,1.0
E10 expertise,0.0006003212617619,1.649459258288366,1.0
E10 expertise,0.0006559175217061,1.676033686322537,1.0
E10 expertise,0.0012393326821405,1.8932444407728235,1.0
E10 expertise,0.0043406302519137,0.8432735548111636,1.0
E10 expertise,0.0045828148545162,0.9691787699711574,1.0
E10 expertise,0.0039629244461321,0.8584188819281358,1.0
E10 expertise,0.0043813719981176,1.0917540488199096,1.0
E10 expertise,0.0040504188723239,0.9394605832351244,1.0
E10 expertise,0.0081899675803606,1.1679458058361625,1.0
E10 expertise,0.0050953176726095,0.9377369107786028,1.0
E10 expertise,0.004193335747821,0.9118318068202512,1.0
E10 expertise,0.0038112153020251,0.8928932013477386,1.0
E10 expertise,0.0057687602218883,0.7961737585415352,1.0
E10 expertise,0.0037279391620679,0.9408644161731872,1.0
E10 expertise,0.004093712340677,0.9592039636566684,1.0
E10 expertise,0.0048674587506995,0.9222784732256571,1.0
E10 expertise,0.0038755868510213,0.963580351639659,1.0
E10 expertise,0.0037572179707484,0.968416099047048,1.0
E10 expertise,0.0039836831851573,0.8186032250286523,1.0
E10 expertise,0.0040052839340158,0.9461633204898512,1.0
E10 expertise,0.0041367957463325,0.7594808992888891,1.0
E10 expertise,0.0038335621813324,0.9170628160935224,1.0
E10 expertise,0.0029306158445318,1.0581802354434566,1.0
E10 expertise,0.0030765560906662,0.2585986723160682,1.0
E10 expertise,0.0028785566949897,0.2665640726345175,1.0
E10 expertise,0.0042728123586041,0.228419522555423,1.0
E10 expertise,0.0030100705614004,0.2886882105734567,1.0
E10 expertise,0.0030998931887897,0.2960886746540991,1.0
E10 expertise,0.0018842516711249,0.3453993293914603,1.0
E10 expertise,0.0038762104511672,0.2262803583723494,1.0
E10 expertise,0.0037456977783548,0.2654421670035878,1.0
E10 expertise,0.0031747377993938,0.2486761118232816,1.0
E10 expertise,0.0036520772851653,0.2301880135609335,1.0
E10 expertise,0.0025083073174252,0.3012663185283759,1.0
E10 expertise,0.0029872075642706,0.2611986077729722,1.0
E10 expertise,0.0025113044864488,0.2926347116251504,1.0
E10 expertise,0.002384890200935,0.4207822042729958,1.0
E10 expertise,0.0019163722504542,0.3416490619635226,1.0
E10 expertise,0.0038184115792051,0.2198957508540044,1.0
E10 expertise,0.0029299617587038,0.2633148229682303,1.0
E10 expertise,0.0024137865052453,0.3112351726369367,1.0
E10 expertise,0.0026893069860374,0.2766248181594155,1.0
E10 expertise,0.0035281263382397,0.2322840192355957,1.0
E10 expertise,0.0002173448258073,1.0849163343358004,1.0
E10 expertise,0.0002981429054433,1.079812274019737,1.0
E10 expertise,0.0058818093693375,1.7092962969206538,1.0
E10 expertise,0.0005131710309879,1.1654148634154315,1.0
E10 expertise,0.0001120173981671,0.9788601411137076,1.0
E10 expertise,0.0014055050795626,1.4378568434790906,1.0
E10 expertise,0.0003945975991741,1.0938735978665792,1.0
E10 expertise,0.0006784263107251,1.3570054745345062,1.0
E10 expertise,0.0004957269021627,1.152738422402011,1.0
E10 expertise,0.0001719624400759,1.0448217192838891,1.0
E10 expertise,0.0005343381780245,1.11718565815615,1.0
E10 expertise,0.0006266872534634,1.3968891166107889,1.0
E10 expertise,0.0006427665943044,1.1645583592612585,1.0
E10 expertise,0.0006373036230229,1.4448736754088531,1.0
E10 expertise,0.0005405659056498,1.270050189495997,1.0
E10 expertise,0.0004007179718254,1.1107411339759454,1.0
E10 expertise,0.0002526421065188,1.2001389486617997,1.0
E10 expertise,0.0004951562052578,1.4630306370173651,1.0
E10 expertise,0.0016229157289143,2.2227451328094894,1.0
E10 expertise,0.0004276543170563,1.1117220912417625,1.0
E10 expertise,0.001979779714197,1.4533323365872874,1.0
E10 expertise,0.0023453953618906,1.3939090867943982,1.0
E10 expertise,0.0023026975226632,1.539475123075501,1.0
E10 expertise,0.0030676093351614,2.0870325318883056,1.0
E10 expertise,0.002515453294428,1.5196290511715171,1.0
E10 expertise,0.0022071126080035,1.4499891755908656,1.0
E10 expertise,0.0028553948550053,1.708212734700948,1.0
E10 expertise,0.0027806428947639,2.2404617735837187,1.0
E10 expertise,0.0019238279595854,1.511723890089961,1.0
E10 expertise,0.0025153044572262,1.530872056231114,1.0
E10 expertise,0.00326059610879,1.5736109215998162,1.0
E10 expertise,0.002481605304614,1.640976049660725,1.0
E10 expertise,0.0022720912417608,1.5253047479136972,1.0
E10 expertise,0.0028105910745218,1.5190844134057413,1.0
E10 expertise,0.0023590510873204,1.5551257267423455,1.0
E10 expertise,0.0021774521101005,1.6222500641758508,1.0
E10 expertise,0.0023483118082392,1.515544609389674,1.0
E10 expertise,0.0027961450533574,1.5538532704875374,1.0
E10 expertise,0.002332052205697,1.661198782987866,1.0
E10 expertise,0.0015048789009233,1.6613014001253312,1.0
E10 expertise,0.0004240624065036,1.429538113277462,1.0
E10 expertise,0.0003319489146736,1.252621778702756,1.0
E10 expertise,0.0007660051112789,1.7988815875172426,1.0
E10 expertise,0.0011330619499396,1.9798440031098985,1.0
E10 expertise,0.000804915441996,1.802890305639443,1.0
E10 expertise,0.0007333952604888,1.4931068283892512,1.0
E10 expertise,0.0006342050202932,1.666901469061166,1.0
E10 expertise,0.000613385712037,1.6280627175139617,1.0
E10 expertise,0.000690293398653,1.6189347877597238,1.0
E10 expertise,0.0006339438968167,1.6817473349918457,1.0
E10 expertise,0.0006308741010236,1.6714588232092542,1.0
E10 expertise,0.0005881798696506,1.6647835550925028,1.0
E10 expertise,0.0010029351365005,1.9528389968264117,1.0
E10 expertise,0.0009001436378969,1.7609875251284437,1.0
E10 expertise,0.0004941743467028,1.5844846093594378,1.0
E10 expertise,0.0006828639768826,1.7251150434790363,1.0
E10 expertise,0.0006482221315208,1.6717606312660171,1.0
E10 expertise,0.0005356176574203,1.573307117683692,1.0
E10 expertise,0.0005732706903126,1.6167164287337,1.0
E10 expertise,0.0008443146395397,1.6782512294495566,1.0
E10 expertise,0.001923577629626,0.9454155213249772,1.0
E10 expertise,0.0053502829501019,1.4087347353950783,1.0
E10 expertise,0.0022904174191979,1.0344766588870955,1.0
E10 expertise,0.0067243698995938,0.996698190412304,1.0
E10 expertise,0.0011058605553782,0.8521340880319639,1.0
E10 expertise,0.0024056068245035,1.0584778762096403,1.0
E10 expertise,0.0033796950931813,0.9855612092871502,1.0
E10 expertise,0.0493170654695117,8.794912810052901,0.0
E10 expertise,0.0036078974032472,0.9952588661810702,1.0
E10 expertise,0.0044018449153043,1.738783103074526,1.0
E10 expertise,0.003731824787872,0.9235320111027456,1.0
E10 expertise,0.0044282512657461,0.8238426885180339,1.0
E10 expertise,0.0092048488891202,1.4079519094202964,1.0
E10 expertise,0.0027877909043493,0.778086958143509,1.0
E10 expertise,0.0185712050819481,0.7442770970007007,1.0
E10 expertise,0.0034769393737353,0.9008909036840428,1.0
E10 expertise,0.0022842545458124,0.7494399837750854,1.0
E10 expertise,0.0072864053952146,0.527025368384676,1.0
E10 expertise,0.004778461553766,0.7457876916935557,1.0
E10 expertise,0.0294005739781959,2.232753808292187,1.0
E10 expertise,0.0045953768662791,0.1996893811051336,1.0
E10 expertise,0.0029332340060167,0.2610226386501546,1.0
E10 expertise,0.0332551397671707,9.626449421900906,0.0
E10 expertise,0.0034759663850017,0.2320283089711383,1.0
E10 expertise,0.0058311533165739,0.1578997702399331,1.0
E10 expertise,0.0021139055960653,0.3542965629363903,1.0
E10 expertise,0.0031689709341269,0.2476881229089678,1.0
E10 expertise,0.0028246041463719,0.3168455262416492,1.0
E10 expertise,0.0152764094023961,2.7872879065635345,1.0
E10 expertise,0.008868624576521,0.1126656832358463,1.0
E10 expertise,0.0028799807235684,0.2805941279183543,1.0
E10 expertise,0.0029547819228273,0.2659537918647869,1.0
E10 expertise,0.0026353116925236,0.2809156403001445,1.0
E10 expertise,0.0033399364327343,1.668553697436148,1.0
E10 expertise,0.0031150508639741,0.2619508453702068,1.0
E10 expertise,0.0035071181216115,0.2741804587680363,1.0
E10 expertise,0.0038941731170285,0.2563807217539793,1.0
E10 expertise,0.0022525868946776,0.3869731935614628,1.0
E10 expertise,0.0024649050060692,0.3317220766101414,1.0
E10 expertise,0.0039966494213001,0.2656088316273175,1.0
E10 expertise,0.0180386367134132,2.4410013839058555,1.0
E10 expertise,0.0097260829054702,0.3939877331412433,1.0
E10 expertise,0.0005358206103722,0.9911168748322484,1.0
E10 expertise,0.000134300077577,0.830159541888148,1.0
E10 expertise,0.0039511289142956,0.9533153851191968,1.0
E10 expertise,0.0008238330111362,1.3321179589623866,1.0
E10 expertise,0.0018998002366782,0.9529389256547338,1.0
E10 expertise,0.0055254909841633,3.698748012986991,1.0
E10 expertise,0.0074895099329434,1.9423024149821664,1.0
E10 expertise,0.001252621087758,1.6212708858406255,1.0
E10 expertise,0.0123525317075269,1.4377296811273088,1.0
E10 expertise,0.0092403434340308,0.5293134066105598,1.0
E10 expertise,0.0004157739208652,0.769572289975784,1.0
E10 expertise,0.0009618068658105,1.3367615766485377,1.0
E10 expertise,0.0004463118681647,0.9141247403080032,1.0
E10 expertise,0.0003482065368434,1.1525407208875291,1.0
E10 expertise,0.017794132253591,5.109121356174589,1.0
E10 expertise,0.000654547179038,0.8506057315126825,1.0
E10 expertise,0.0020898355678323,1.5090954136519397,1.0
E10 expertise,0.0224097027940554,4.54521836651759,1.0
E10 expertise,0.0205915046871815,5.831398657043319,1.0
E10 expertise,0.0014336760017602,1.7493450801595645,1.0
E10 expertise,0.0024911402318092,1.1112995858915065,1.0
E10 expertise,0.001505408643019,1.751525552552663,1.0
E10 expertise,0.0025896606873341,1.6323585682758102,1.0
E10 expertise,0.0018070065095529,1.3603002071042536,1.0
E10 expertise,0.0081392797942158,2.0928942300512565,1.0
E10 expertise,0.0106912108402036,4.22598204722206,1.0
E10 expertise,0.0020607335075135,1.6439024014218817,1.0
E10 expertise,0.0008752098504801,1.5446126677154504,1.0
E10 expertise,0.004560584303739,1.7314638633038448,1.0
E10 expertise,0.0013998884146626,1.363634214139131,1.0
E10 expertise,0.0011670144346357,1.3175529415498377,1.0
E10 expertise,0.0022319042297907,1.4659564248014678,1.0
E10 expertise,0.0021353773395459,1.5124963398217173,1.0
E10 expertise,0.0725790900292316,15.256273808348192,0.0
E10 expertise,0.0017399366660847,0.8833552855249616,1.0
E10 expertise,0.0018048659915789,1.541174702262349,1.0
E10 expertise,0.0018380466303115,1.576653003951778,1.0
E10 expertise,0.0025180313217522,1.8316534187571452,1.0
E10 expertise,0.000483964838958,1.256144451482305,1.0
E10 expertise,0.0008858230114999,1.8148190272392395,1.0
E10 expertise,0.0005933056150901,1.6336988316144885,1.0
E10 expertise,0.002022787451688,1.5382277704936442,1.0
E10 expertise,0.0001720550125686,0.942944247278582,1.0
E10 expertise,0.0005235557348457,1.5905102821035744,1.0
E10 expertise,0.0006547548806975,1.6159300686679146,1.0
E10 expertise,0.0006749012047717,1.6604654724486578,1.0
E10 expertise,0.0014559662097363,1.74072595646661,1.0
E10 expertise,0.000558399660924,1.6742638763286133,1.0
E10 expertise,0.0011535135998967,1.8400900736767367,1.0
E10 expertise,0.0674916470843504,0.9684798482285096,1.0
E10 expertise,0.0007558480375256,1.5842884539280069,1.0
E10 expertise,0.0005019805742759,1.4759833678056666,1.0
E10 expertise,0.0094339636909504,3.293538902766618,1.0
E10 expertise,0.0004403739920386,1.4500322594540591,1.0
E10 expertise,0.0023305406327235,2.3286962456233686,1.0
E10 expertise,0.000191500615884,1.06013160764043,1.0
E10 expertise,0.0005140468034901,1.6213913733309215,1.0
E10 expertise,0.036921645599276,3.9089526831762536,1.0
E10 expertise,0.1548173641371424,10.004421210173126,0.0
E10 expertise,0.0777518302877013,9.90408455716581,0.0
E10 expertise,0.0060654101593419,2.520117351171891,1.0
E10 expertise,0.0024380384034383,0.8957433717850349,1.0
E10 expertise,0.0175638534177071,0.4677784168704735,1.0
E10 expertise,0.0731517540536256,4.404966510571335,1.0
E10 expertise,0.0044269286265052,0.4338839892628066,1.0
E10 expertise,0.0174194063780097,0.0951523241575158,1.0
E10 expertise,0.0029743687492632,1.889982946606339,1.0
E10 expertise,0.059961959806109,0.6585295367498967,1.0
E10 expertise,0.0145803057292001,6.156211729886979,0.0
E10 expertise,0.0099745524302106,0.9118625139449332,1.0
E10 expertise,0.2007927968300427,9.176999355243042,1.0
E10 expertise,0.2776873100432235,19.842006708079417,0.0
E10 expertise,0.0220745907601282,1.256284710644967,1.0
E10 expertise,0.0207884817005727,3.646698584669045,1.0
E10 expertise,0.0137470545296795,0.9228094381439124,1.0
E10 expertise,0.0058381890452818,1.682557912252558,1.0
E10 expertise,0.0097118601787832,3.209445738920136,1.0
E10 expertise,0.0090965118182473,0.7087171660823122,1.0
E10 expertise,0.0059544485525646,0.1792073808314032,1.0
E10 expertise,0.0028266494204915,0.3195970918138113,1.0
E10 expertise,0.0086983183826782,0.288110105934003,1.0
E10 expertise,0.0025947917979601,0.368645841100379,1.0
E10 expertise,0.0039997209679709,0.2567205397758287,1.0
E10 expertise,0.0025093796108412,0.3402930802770876,1.0
E10 expertise,0.0224246423106847,0.0242334790181431,1.0
E10 expertise,0.0056042691094652,1.0037976383845293,1.0
E10 expertise,0.0783729140342686,0.0577686838632074,1.0
E10 expertise,0.0027686852164822,0.3054501253791142,1.0
E10 expertise,0.0066815692775647,0.7543870857695978,1.0
E10 expertise,0.0947755015117832,9.725031251771748,1.0
E10 expertise,0.0014950593915451,0.3925661367302657,1.0
E10 expertise,0.029343961531888,1.7971049779852477,1.0
E10 expertise,0.0067343543429329,0.1659611677692907,1.0
E10 expertise,0.0106291651760431,0.2455158436089788,1.0
E10 expertise,0.0108893571265869,0.1653501580224148,1.0
E10 expertise,0.0028272228513803,0.2637458194059916,1.0
E10 expertise,0.0253326702493019,5.031719937628798,1.0
E10 expertise,0.0014728416003331,0.4033670614431162,1.0
E10 expertise,0.0026634548588986,1.3838549547750043,1.0
E10 expertise,0.0260086287896719,3.1993953292154043,1.0
E10 expertise,0.0033076117491592,1.0263879684831112,1.0
E10 expertise,0.0023431091639458,0.3147597428625359,1.0
E10 expertise,0.0055345866500899,3.711173256718248,1.0
E10 expertise,0.0846082321641677,0.4811164183144756,1.0
E10 expertise,0.0356269639650201,6.782262846258192,0.0
E10 expertise,0.0362536870108651,2.1728017705668954,1.0
E10 expertise,0.0036520868959213,1.8768037351631568,1.0
E10 expertise,0.0443024226188185,5.923759476968781,1.0
E10 expertise,0.2561850143873029,1.834054421195636,1.0
E10 expertise,0.0006979417827271,1.4928582815437186,1.0
E10 expertise,0.0162345128854271,0.050640554117709,1.0
E10 expertise,0.0033432227273386,2.92842826440895,1.0
E10 expertise,0.0392726533861654,1.661963091786678,1.0
E10 expertise,0.0325159445555892,9.361224836329551,0.0
E10 expertise,0.0249263996336606,4.141795604786752,1.0
E10 expertise,0.0255308448444763,8.725811396643557,0.0
E10 expertise,0.0191580354147316,0.1830121259337014,1.0
E10 expertise,0.0001271056321573,0.7907036018293567,1.0
E10 expertise,0.0108516191500659,0.4178694579993314,1.0
E10 expertise,0.0041437715421913,2.106146522631258,1.0
E10 expertise,0.0010339020190718,1.3871918330926047,1.0
E10 expertise,0.0336895840540754,6.735475203068231,0.0
E10 expertise,0.0174280676081168,2.8411043715507898,1.0
E10 expertise,0.0185577874088383,0.986231014930916,1.0
E10 expertise,0.0003373859485563,0.916190840845782,1.0
E10 expertise,0.0530670724447607,0.015982899631467,1.0
E10 expertise,0.3425488960326336,24.99146721710656,0.0
E10 expertise,0.0065859320036377,0.2125154083512326,1.0
E10 expertise,0.0020101614956141,1.0423486011173988,1.0
E10 expertise,0.0027118957105686,0.4474639809910086,1.0
E10 expertise,0.0028434712308227,1.5560452027930771,1.0
E10 expertise,0.0057246670303644,4.124792289694318,1.0
E10 expertise,0.0026718364993175,0.6234588144885311,1.0
E10 expertise,0.002101763919421,0.4957317744101852,1.0
E10 expertise,0.0061828183744569,1.4147167811451145,1.0
E10 expertise,0.0026532290391747,0.9186293351560016,1.0
E10 expertise,0.004109366974919,2.489068258798937,1.0
E10 expertise,0.0019032499264585,1.7501633304906783,1.0
E10 expertise,0.0252111908018432,0.2841429298552356,1.0
E10 expertise,0.0376920461454684,9.57678084401074,0.0
E10 expertise,0.0212250239177986,1.892025140703435,1.0
E10 expertise,0.0055866411101237,2.3605003193638674,1.0
E10 expertise,0.0083016292739209,1.5617621458920703,1.0
E10 expertise,0.0229501370254959,5.225063590544071,0.0
E10 expertise,0.0036787585655834,1.7736687811661769,1.0
E10 expertise,0.0032946277886609,1.7086545967771427,1.0
E10 expertise,0.0452739493647269,8.651884374456548,0.0
E10 expertise,0.0036320291830395,1.502004629576753,1.0
E10 expertise,0.0027583951035646,2.237203384209363,1.0
E10 expertise,0.0007834124604121,1.811506346338565,1.0
E10 expertise,0.0152426189685999,1.859271725320638,1.0
E10 expertise,0.0008452293683189,0.6009004410235719,1.0
E10 expertise,0.0036586507517271,2.8497652326454626,1.0
E10 expertise,0.1568147059634556,3.075104657432537,1.0
E10 expertise,0.0061031018061806,4.145423131238224,1.0
E10 expertise,0.0012197600513192,1.833099283372708,1.0
E10 expertise,0.0188343218091569,2.4331123788189024,1.0
E10 expertise,0.0008069556354046,1.7272510797403828,1.0
E10 expertise,0.0253251102872499,0.3062613960653826,1.0
E10 expertise,0.0044295824968939,0.8803285018684603,1.0
E10 expertise,0.002577935709393,2.2635330483975205,1.0
E10 expertise,0.0372930967181256,0.2964785501274103,1.0
E10 expertise,0.1538408360356745,0.0074924645217411,1.0
E10 expertise,0.0035054862130044,2.5514279440237875,1.0
E10 expertise,0.3138919575352797,24.61405521536284,0.0
E10 expertise,0.1430806502595173,17.63940313630176,0.0
E10 expertise,0.0655699495921152,0.091557419107402,1.0
E10 expertise,0.0307900740785785,0.0401405665531873,1.0
E10 expertise,0.0052310838410579,0.7770294552738255,1.0
E10 expertise,0.0250802475444757,1.118125215635729,1.0
E10 expertise,0.1126343688605085,10.008905416735397,0.0
E10 expertise,0.1496402091242662,7.655307883929924,1.0
E10 expertise,0.0085604617127911,0.890400388624657,1.0
E10 expertise,0.1087390132662671,1.2104458519212158,1.0
E10 expertise,0.1780707893121533,19.839059264108997,0.0
E10 expertise,0.0355200579554804,0.7810112367847344,1.0
E10 expertise,0.1681107674175854,0.0505891345718378,1.0
E10 expertise,0.2066916100061882,0.0013843902826493,1.0
E10 expertise,0.0727043820460673,3.234419634039826,1.0
E10 expertise,0.0085275836702155,5.061172357522459,1.0
E10 expertise,0.0184895944542153,6.237968454801235,0.0
E10 expertise,0.0030142765259003,0.271965173412958,1.0
E10 expertise,0.0014462982907209,1.2474683115078875,1.0
E10 expertise,0.250196529569101,28.44141738338634,0.0
E10 expertise,0.2575344675236484,6.017016040789697,1.0
E10 expertise,0.3203502170308582,10.000997118127442,0.0
E10 expertise,0.0271859837075297,0.6381193221270509,1.0
E10 expertise,0.0250204029631786,0.0366330645196422,1.0
E10 expertise,0.0085262282871119,0.2010260419733511,1.0
E10 expertise,0.0104388936917668,0.2359269173252631,1.0
E10 expertise,0.0168894128951117,3.994151796954448,1.0
E10 expertise,0.0707097846202507,0.3078408461318682,1.0
E10 expertise,0.1856157218582973,0.0139097508732755,1.0
E10 expertise,0.0107015862093789,2.935918170110813,1.0
E10 expertise,0.0114364804934132,0.1595632748058406,1.0
E10 expertise,0.0407602215944408,9.645118469507064,0.0
E10 expertise,0.0915811264303241,10.003359994512373,0.0
E10 expertise,0.0349586965003124,9.232620657486018,0.0
E10 expertise,0.1002027574416437,17.896614519764263,0.0
E10 expertise,0.0176469392459806,0.0562486390445204,1.0
E10 expertise,0.0025269933292958,0.950462962244103,1.0
E10 expertise,0.0076437303689296,2.643928766100329,1.0
E10 expertise,0.2008740276106342,0.2111884624232396,1.0
E10 expertise,0.0220666827340372,8.335899456226887,0.0
E10 expertise,0.005386240641991,3.716747855348324,1.0
E10 expertise,0.0663490806590905,9.750252627783611,0.0
E10 expertise,0.050854548610176,5.8235687394911695,1.0
E10 expertise,0.4698948035410643,21.85684802326719,0.0
E10 expertise,0.0001674197222762,0.853099311460892,1.0
E10 expertise,0.0031213367730303,2.366299094685098,1.0
E10 expertise,0.052220878408214,2.99311175062284,1.0
E10 expertise,0.0340469443635623,1.99994783959635,1.0
E10 expertise,0.0098250921866502,1.21853993318069,1.0
E10 expertise,0.0184754689665112,1.420522060383006,1.0
E10 expertise,0.0625401721847085,0.6152485560372067,1.0
E10 expertise,0.0493885676021987,11.98654635193382,0.0
E10 expertise,0.0151300914185489,0.1705452839252164,1.0
E10 expertise,0.2589481962020736,10.354283821729116,0.0
E10 expertise,0.0487023125213656,11.35018406071208,0.0
E10 expertise,0.0531362199931348,3.229019334106409,1.0
E10 expertise,0.2069696647870457,19.25407920581028,0.0
E10 expertise,0.2204285632173183,19.42342575255975,0.0
E10 expertise,0.186900879600455,0.0045409798371032,1.0
E10 expertise,0.0045468723363583,1.88808440939332,1.0
E10 expertise,0.0191204954837845,0.5338969083486522,1.0
E10 expertise,0.014889178002101,0.3877016035635561,1.0
E10 expertise,0.0702608927443881,6.629805823536938,1.0
E10 expertise,0.000841875447438,0.8719126687711909,1.0
E10 expertise,0.1733167548006681,2.987918149630492,1.0
E10 expertise,0.0800804928227797,16.559287075750536,0.0
E10 expertise,0.1916982218699982,10.001189348225015,0.0
E10 expertise,0.3591910355783498,19.15396932837139,0.0
E10 expertise,0.0059940722426941,0.324373579773729,1.0
E10 expertise,0.0018307574126529,1.5067929627089915,1.0
E10 expertise,0.0265740880781348,4.317438638217968,1.0
E10 expertise,0.088508570604214,10.077790266371716,0.0
E10 expertise,0.1693966359775016,19.72004478906443,0.0
E10 expertise,0.0020236864137202,0.5262695726744482,1.0
E10 expertise,0.0193524698476882,7.195041646615769,0.0
E10 expertise,0.0523799802351136,9.7798629677656,0.0
E10 expertise,0.0449942574029329,4.371856369902599,1.0
E10 expertise,0.1528909492953856,2.0077413365906627,1.0
E10 expertise,0.3266870271284959,19.774093110305945,0.0
E10 expertise,0.0306610639355216,8.64059617543067,0.0
E10 expertise,0.2039515343092705,7.711522850635605,1.0
E10 expertise,0.2674130404531047,17.13436943184914,0.0
E10 expertise,0.135527150270876,10.10847122309474,0.0
E10 expertise,0.2229228426410913,18.73666500882303,0.0
E10 expertise,0.0024762846557748,1.320386011567365,1.0
E10 expertise,0.1153872301649725,6.085149213618058,1.0
E10 expertise,0.1530308304554432,10.168412466293336,0.0
E10 expertise,0.001046414355068,1.93383951765701,1.0
E10 expertise,0.010254544948587,4.369433976607251,1.0
E10 expertise,0.2261730855505905,18.84255463476586,0.0
E10 expertise,0.0293755189822884,7.581276223252348,0.0
E10 expertise,0.1194350287583678,2.7759351150018983,1.0
E10 expertise,0.0183819187790963,0.2454091938709213,1.0
E10 expertise,0.0095658395284446,4.40695045617952,1.0
E10 expertise,0.1687877806105046,0.093754933531126,1.0
E10 expertise,0.0065311427101549,1.1576935758150997,1.0
E10 expertise,0.2329583890911438,19.91633363815185,0.0
E10 expertise,0.2375497955213015,10.464627513275463,0.0
E10 expertise,0.0376218489299757,1.6273844740755716,1.0
E10 expertise,0.0495226786710195,0.8531389462935635,1.0
E10 expertise,0.039009202508113,7.958379120705317,1.0
E10 expertise,0.0071423487578778,0.4173902919023087,1.0
E10 expertise,0.032876761258392,0.4257296304002511,1.0
E10 expertise,0.295673341051621,20.008835629801272,0.0
E10 expertise,0.151258652996265,16.897472883875427,0.0
E10 expertise,0.270295226639016,11.313767206411883,0.0
E10 expertise,0.0550180906431626,2.979229987979126,1.0
E10 expertise,0.0189043323572832,2.112689129279416,1.0
E10 expertise,0.2452860412247996,16.073951416095277,0.0
E10 expertise,0.3610887465714575,10.024291059929713,0.0
E10 expertise,0.0609330898769523,9.5420622409589,0.0
E10 expertise,0.0092981609592699,5.625067686224606,0.0
E10 expertise,0.1404344961207796,0.9715122702467548,1.0
E10 expertise,0.4447152984999113,20.389706328229604,0.0
E10 expertise,0.0645561753674396,9.82431081261243,0.0
E10 expertise,0.0761097459451161,9.990448720674287,0.0
E10 expertise,0.0116313727822589,4.735338149758195,1.0
E10 expertise,0.6851886305601106,20.01030862919665,0.0
E10 expertise,0.2437523307700181,26.746448831671444,0.0
E10 expertise,0.0606363303781282,1.3896906469944126,1.0
E10 expertise,0.0772783478479731,17.221671849571038,0.0
E10 expertise,0.0366241144356578,8.174580803944698,0.0
E10 expertise,0.0586342938169463,0.2813268015899817,1.0
E10 expertise,0.062998331244163,0.8612448697692343,1.0
E10 expertise,0.3788990757712842,29.77517132602757,0.0
E10 expertise,0.0427081618708872,7.81888415894424,1.0
E10 expertise,0.067939723119809,3.665775158291401,1.0
E10 expertise,0.1158669637434588,10.935371846330105,0.0
E10 expertise,0.3593896249722834,28.946257910010235,0.0
E10 expertise,0.3984115715423423,10.003248078151572,0.0
E10 expertise,0.0472492598212231,9.714354787789503,0.0
E10 expertise,0.4411808277111862,13.26309839060772,1.0
E10 expertise,0.0850713814588798,0.6614511678910251,1.0
E10 expertise,0.200869367906371,0.0630413593986911,1.0
E10 expertise,0.0396306905830008,9.588687354684172,0.0
E10 expertise,0.0238162297981945,1.620547599620081,1.0
E10 expertise,0.2476222923145452,11.18724231971376,0.0
E10 expertise,0.0036201044933626,2.790102460993743,1.0
E10 expertise,0.0376614246664743,7.999670289301597,0.0
E10 expertise,0.0128630241925448,4.482279561633762,1.0
E10 expertise,0.0248108139349177,4.426519234348008,1.0
E10 expertise,0.0053675602063413,1.9221340242334903,1.0
E10 expertise,0.0020626472193187,0.6748868152065046,1.0
E10 expertise,0.1577442622366034,9.996559880890535,0.0
E10 expertise,0.0968759805203766,8.260815017149131,0.0
E10 expertise,0.0416257058385856,0.0138721884044124,1.0
E10 expertise,0.2682856967950602,19.987240178244026,0.0
E10 expertise,0.4108781127976527,19.99847290262248,0.0
E10 expertise,0.0240426416155671,7.90869949737088,0.0
E10 expertise,0.1331126744773678,8.989167461298997,1.0
E10 expertise,0.4720527522444583,28.74004509162764,0.0
E10 expertise,0.2501264090933056,24.70228336537221,0.0
E10 expertise,0.0519433370877489,9.855185365128522,0.0
E10 expertise,0.030612445930745,8.792778671470053,0.0
E10 expertise,0.1538206279169296,1.921007430563615,1.0
E10 expertise,0.0697649498781822,11.698610008522758,0.0
E10 expertise,0.0012740478197884,1.5229019078580153,1.0
E10 expertise,0.1791272582538096,5.79260216128687,1.0
E10 expertise,0.475754753099226,20.451077179695908,0.0
E10 expertise,0.2079550642907121,12.350539323360078,1.0
E10 expertise,0.0448453211735895,11.78313834909776,0.0
E10 expertise,0.0078016036254332,0.1588606981822338,1.0
E10 expertise,0.1834967455978304,22.7420120388163,0.0
E10 expertise,0.0806550452632361,5.309919048888595,1.0
E10 expertise,0.1444525626165781,2.492825522853848,1.0
E10 expertise,0.0903340038547524,10.042913363401262,0.0
E10 expertise,0.4411315668711644,23.45978531297445,0.0
E10 expertise,0.3742027572149398,20.4050872010626,0.0
E10 expertise,0.1971405766306819,25.170126882963476,0.0
E10 expertise,0.0191416794791258,0.677598750292685,1.0
E10 expertise,0.1194330385726642,9.457641396070205,0.0
E10 expertise,0.0989407397428305,0.0671571722704378,1.0
E10 expertise,0.361708739841141,10.013268921168022,0.0
E10 expertise,0.1227835135985459,9.985760510969538,0.0
E10 expertise,0.1786614204069794,3.639884563497253,1.0
E10 expertise,0.0814153300509506,5.196087602250332,1.0
E10 expertise,0.2227329869149126,27.547940281044426,0.0
E10 expertise,0.0028763980036296,1.0325077901103707,1.0
E10 expertise,0.400895370285431,29.811096717173776,0.0
E10 expertise,0.1306528570614559,0.003748545508253,1.0
E10 expertise,0.3244837178456669,29.307079944979403,0.0
E10 expertise,0.0128580476600765,3.1927067774292937,1.0
E10 expertise,0.1072493051087079,9.989249130258004,0.0
E10 expertise,0.3416940559995894,10.009579509198591,0.0
E10 expertise,0.0286124340273306,7.546902188185323,1.0
E10 expertise,0.0868563853574153,8.776933315298391,0.0
E10 expertise,0.1156960797333298,0.0016127322264303,1.0
E10 expertise,0.099800981623279,9.850192228424614,0.0
E10 expertise,0.1210863887061257,1.113725935714471,1.0
E10 expertise,0.0453554915239152,11.189228010702523,0.0
E10 expertise,0.0998307886854614,10.013336738742517,0.0
E10 expertise,0.1684455991636039,0.2136647476623843,1.0
E10 expertise,0.022066203201036,1.1309105245470077,1.0
E10 expertise,0.4256996839867458,22.5617648203994,0.0
