half,arm,contamination,seed_rep,observer,artifact_index,eff_sample_count,creator_col_kl,col_change_rate,deep_per_genuine,generation,deep_per_artifact
starvation,starvation_only,0.0,0,0,25,11.98870157835332,0.10630894814832122,0.03596033524938013,1.92,,
starvation,starvation_only,0.0,0,0,50,22.980648089238606,0.14524135466723015,0.031974186572820494,1.84,,
starvation,starvation_only,0.0,0,0,75,34.471541305909966,0.12761997648718626,0.017010668782896924,1.84,,
starvation,starvation_only,0.0,0,0,100,45.71341486938227,0.1468662938713344,0.011042210313279066,1.83,,
starvation,starvation_only,0.0,0,0,125,60.206540247068396,0.2041444533493205,0.010573363937630961,1.928,,
starvation,starvation_only,0.0,0,0,150,72.69798627732547,0.20398170437650154,0.010042012085957498,1.94,,
starvation,starvation_only,0.0,0,0,175,85.18921219746771,0.19515949644311362,0.008695409556132261,1.9485714285714286,,
starvation,starvation_only,0.0,0,0,200,95.93070669485995,0.1697107678950623,0.007350490175645148,1.92,,
starvation,starvation_only,0.0,0,0,225,111.17368926437412,0.2031097140346486,0.0068664320369563,1.9777777777777779,,
starvation,starvation_only,0.0,0,0,250,123.91545719722497,0.20040936778847598,0.005235782349365986,1.984,,
starvation,starvation_only,0.0,0,0,275,138.33696990614558,0.21594950689464337,0.006919050934511166,2.0145454545454546,,
starvation,starvation_only,0.0,0,0,300,151.58039277749313,0.23289530888334056,0.0046763256450983596,2.0233333333333334,,
starvation,starvation_only,0.0,0,0,325,167.07260692073498,0.24892759218070706,0.005573763861462333,2.0584615384615383,,
starvation,starvation_only,0.0,0,0,350,180.31426848980956,0.2527824736913032,0.002489841013844781,2.0628571428571427,,
starvation,starvation_only,0.0,0,0,375,193.55684377352662,0.26107333644916136,0.004410338993420163,2.066666666666667,,
starvation,starvation_only,0.0,0,0,400,205.5475503556245,0.2593807410025612,0.0024737229984580747,2.0575,,
starvation,starvation_only,0.0,0,1,25,11.491363547204696,0.17975566995960274,0.06455849806971689,1.84,,
starvation,starvation_only,0.0,0,1,50,22.231662145951905,0.1474015739106867,0.028454712191758335,1.78,,
starvation,starvation_only,0.0,0,1,75,32.72327808397332,0.16837080541483526,0.01909096723809832,1.7466666666666666,,
starvation,starvation_only,0.0,0,1,100,42.964271176869694,0.1619881588588869,0.016134196815107714,1.72,,
starvation,starvation_only,0.0,0,1,125,53.45703722568901,0.19821491915068407,0.008047062950753364,1.712,,
starvation,starvation_only,0.0,0,1,150,63.198903713558025,0.21522002048585206,0.004941513598784345,1.6866666666666668,,
starvation,starvation_only,0.0,0,1,175,73.19073439956965,0.21892203765873625,0.004876870958637208,1.6742857142857144,,
starvation,starvation_only,0.0,0,1,200,82.43175898876599,0.2038327720410315,0.005104949168373205,1.65,,
starvation,starvation_only,0.0,0,1,225,93.42469634744207,0.2346986750032607,0.005459076194637407,1.6622222222222223,,
starvation,starvation_only,0.0,0,1,250,103.91670578334708,0.2431247449271082,0.0031359866884703913,1.664,,
starvation,starvation_only,0.0,0,1,275,115.90868397855394,0.25451242485441705,0.005024260917404322,1.6872727272727273,,
starvation,starvation_only,0.0,0,1,300,127.40170760584878,0.2779843397873767,0.003804763740818493,1.7,,
starvation,starvation_only,0.0,0,1,325,138.64457791782675,0.300540975813844,0.00514877674997265,1.7076923076923076,,
starvation,starvation_only,0.0,0,1,350,150.3870393223398,0.3181255452360451,0.003959811594854651,1.72,,
starvation,starvation_only,0.0,0,1,375,162.1292607175968,0.3254847919189055,0.0029934967566461962,1.7306666666666666,,
starvation,starvation_only,0.0,0,1,400,174.12085578958633,0.3410562856950437,0.0034217072465259546,1.7425,,
starvation,starvation_only,0.0,0,2,25,11.239306087456105,0.24184335746157448,0.055126489807376305,1.8,,
starvation,starvation_only,0.0,0,2,50,21.480612364002546,0.2531819489178509,0.0246933270499321,1.72,,
starvation,starvation_only,0.0,0,2,75,29.97105665167915,0.19950036554309783,0.013420668133822785,1.6,,
starvation,starvation_only,0.0,0,2,100,40.46303911035278,0.20361322556778416,0.007971860524168796,1.62,,
starvation,starvation_only,0.0,0,2,125,49.95479074919009,0.23200457427051505,0.011809771038901679,1.6,,
starvation,starvation_only,0.0,0,2,150,59.445892406928344,0.22278981638944637,0.009573985681000919,1.5866666666666667,,
starvation,starvation_only,0.0,0,2,175,68.68677045386158,0.2136191877916801,0.007557035992827565,1.5714285714285714,,
starvation,starvation_only,0.0,0,2,200,78.9278870733913,0.19537038217613356,0.005711426855324094,1.58,,
starvation,starvation_only,0.0,0,2,225,92.67049408592139,0.22096684937904373,0.008934405829464946,1.6488888888888888,,
starvation,starvation_only,0.0,0,2,250,105.66194625145333,0.23736995655537071,0.004830512066885,1.692,,
starvation,starvation_only,0.0,0,2,275,119.40417280209238,0.2486541729568659,0.0038840056029868335,1.7381818181818183,,
starvation,starvation_only,0.0,0,2,300,131.39695995153315,0.2605159894151643,0.0038033213163651447,1.7533333333333334,,
starvation,starvation_only,0.0,0,2,325,144.07172213714938,0.26530329041775824,0.004460739243082721,1.7753846153846153,,
starvation,starvation_only,0.0,0,2,350,156.06295853571578,0.260126472605984,0.0042299768361477195,1.7857142857142858,,
starvation,starvation_only,0.0,0,2,375,169.05558059616772,0.2646557738025176,0.0028501383957888603,1.8053333333333332,,
starvation,starvation_only,0.0,0,2,400,181.5472870489952,0.26032632192225513,0.003175460756245627,1.8175,,
starvation,starvation_only,0.0,0,3,25,9.73797838651542,0.1715463582028217,0.048610003448008074,1.56,,
starvation,starvation_only,0.0,0,3,50,18.729039041559236,0.11781513890326924,0.03709259483449211,1.5,,
starvation,starvation_only,0.0,0,3,75,26.969933014162088,0.09564901059876621,0.015308644987610759,1.44,,
starvation,starvation_only,0.0,0,3,100,35.461057401750345,0.09767380673802079,0.008717998876262524,1.42,,
starvation,starvation_only,0.0,0,3,125,45.952669564834494,0.10964054429161016,0.006907803241126778,1.472,,
starvation,starvation_only,0.0,0,3,150,57.19461303095443,0.13904798732448095,0.01166899083844668,1.5266666666666666,,
starvation,starvation_only,0.0,0,3,175,67.68644492570846,0.1316241416283031,0.006875009134921593,1.5485714285714285,,
starvation,starvation_only,0.0,0,3,200,77.17751697010576,0.12295484559360201,0.008068081460208145,1.545,,
starvation,starvation_only,0.0,0,3,225,87.66954797793267,0.13311035538130803,0.009600814701391413,1.56,,
starvation,starvation_only,0.0,0,3,250,100.91245331217891,0.16277503247641764,0.00785227481727601,1.616,,
starvation,starvation_only,0.0,0,3,275,112.90439215351627,0.17608270875615742,0.003101639635777258,1.6436363636363636,,
starvation,starvation_only,0.0,0,3,300,122.89599259221373,0.1742943075525978,0.0049743607348604725,1.64,,
starvation,starvation_only,0.0,0,3,325,134.13741000483395,0.1733960579932198,0.0032580351218473246,1.6523076923076923,,
starvation,starvation_only,0.0,0,3,350,144.37876327068605,0.17197775245285352,0.0031854437600222912,1.6514285714285715,,
starvation,starvation_only,0.0,0,3,375,154.87107451470968,0.18693082938166022,0.0030789121953418317,1.6533333333333333,,
starvation,starvation_only,0.0,0,3,400,166.61335178788096,0.19173874552836406,0.0031210159370458506,1.6675,,
starvation,starvation_only,0.0,0,4,25,11.734245201429385,0.28601221914554165,0.06440815028664403,1.88,,
starvation,starvation_only,0.0,0,4,50,21.975915511209532,0.3106392754007401,0.02171892597746551,1.76,,
starvation,starvation_only,0.0,0,4,75,33.96688322628725,0.22709364765141182,0.019159666429662655,1.8133333333333332,,
starvation,starvation_only,0.0,0,4,100,47.45764903049012,0.2058787770812297,0.0144132346897706,1.9,,
starvation,starvation_only,0.0,0,4,125,58.69942986525349,0.21076473407753016,0.006119009837919245,1.88,,
starvation,starvation_only,0.0,0,4,150,70.44106797656913,0.2069667789251184,0.010134894386395229,1.88,,
starvation,starvation_only,0.0,0,4,175,83.68294874582602,0.22649808189648252,0.011255346324147647,1.9142857142857144,,
starvation,starvation_only,0.0,0,4,200,94.62429273641305,0.2088005244995207,0.00885515608026297,1.895,,
starvation,starvation_only,0.0,0,4,225,106.36684141443715,0.22759667768885966,0.006076743642294222,1.8933333333333333,,
starvation,starvation_only,0.0,0,4,250,118.85908140663004,0.236667310773588,0.003298949018403248,1.904,,
starvation,starvation_only,0.0,0,4,275,131.2532232160381,0.24224406809378574,0.003728243758804051,1.9127272727272728,,
starvation,starvation_only,0.0,0,4,300,142.7454671246834,0.2432242283303637,0.003685717879677746,1.9066666666666667,,
starvation,starvation_only,0.0,0,4,325,155.23776269261478,0.2441723313071157,0.003351935686826631,1.9138461538461538,,
starvation,starvation_only,0.0,0,4,350,169.2290131589128,0.24901476344089407,0.005171958448532502,1.937142857142857,,
starvation,starvation_only,0.0,0,4,375,181.2206726936888,0.2512383501205238,0.0034217160769597884,1.936,,
starvation,starvation_only,0.0,0,4,400,192.9623454320021,0.2441689784687823,0.003078936558358913,1.9325,,
starvation,starvation_only,0.0,0,5,25,8.738275863006272,0.0867036908328906,0.0503318949105962,1.4,,
starvation,starvation_only,0.0,0,5,50,17.728279230350946,0.05318495662053341,0.052273906482804965,1.42,,
starvation,starvation_only,0.0,0,5,75,29.72002439927345,0.12506751832321594,0.030400063484047193,1.5866666666666667,,
starvation,starvation_only,0.0,0,5,100,41.21277710575227,0.16405681182682255,0.014519028522982506,1.65,,
starvation,starvation_only,0.0,0,5,125,50.70487237938467,0.16731228307477575,0.010697609079572646,1.624,,
starvation,starvation_only,0.0,0,5,150,61.19646239004903,0.17687503053401077,0.006304047853618426,1.6333333333333333,,
starvation,starvation_only,0.0,0,5,175,70.68824901765352,0.17899932729754445,0.0034512275190573673,1.6171428571428572,,
starvation,starvation_only,0.0,0,5,200,80.42977257783161,0.17216199290444667,0.005546709602787219,1.61,,
starvation,starvation_only,0.0,0,5,225,90.42214511434096,0.19079633298683685,0.005109694100892197,1.6088888888888888,,
starvation,starvation_only,0.0,0,5,250,101.16483516076244,0.2081730930132936,0.004515372340301077,1.62,,
starvation,starvation_only,0.0,0,5,275,111.90695269823863,0.2189804879663072,0.00361062433255815,1.6290909090909091,,
starvation,starvation_only,0.0,0,5,300,126.39959642080925,0.2551977131861047,0.005970342779095043,1.6866666666666668,,
starvation,starvation_only,0.0,0,5,325,140.14301037085394,0.30917333187011065,0.009744300813758544,1.7261538461538461,,
starvation,starvation_only,0.0,0,5,350,153.38458009004646,0.3206248842720081,0.006043851631308301,1.7542857142857142,,
starvation,starvation_only,0.0,0,5,375,163.37585952758104,0.31857784361421,0.004160914929772079,1.744,,
starvation,starvation_only,0.0,0,5,400,174.61792323744146,0.3265299049720848,0.00410452336986526,1.7475,,
starvation,starvation_only,0.0,0,6,25,9.737239326250272,0.10553598863407426,0.03406878639220437,1.56,,
starvation,starvation_only,0.0,0,6,50,20.97858027125512,0.13673124804204428,0.02152908900672507,1.68,,
starvation,starvation_only,0.0,0,6,75,31.969137599934957,0.11535776746123588,0.012172714435337535,1.7066666666666668,,
starvation,starvation_only,0.0,0,6,100,42.210774100774714,0.13199740503751026,0.011271868255561715,1.69,,
starvation,starvation_only,0.0,0,6,125,54.203280947727315,0.1688544636617767,0.011255302281877332,1.736,,
starvation,starvation_only,0.0,0,6,150,63.69529640072301,0.1760449255365466,0.00832315611088881,1.7,,
starvation,starvation_only,0.0,0,6,175,73.93660500813726,0.1757051000286415,0.005472978751943472,1.6914285714285715,,
starvation,starvation_only,0.0,0,6,200,84.9276489127,0.16497344792970356,0.004524901345585533,1.7,,
starvation,starvation_only,0.0,0,6,225,95.42014688358879,0.1821097762511452,0.007206167564189046,1.6977777777777778,,
starvation,starvation_only,0.0,0,6,250,107.41272622719039,0.19780020503521525,0.006887865609187181,1.72,,
starvation,starvation_only,0.0,0,6,275,117.90500248589618,0.20302735684287015,0.0053794556267915735,1.7163636363636363,,
starvation,starvation_only,0.0,0,6,300,128.14733197294154,0.2074201531094085,0.003798813993779765,1.71,,
starvation,starvation_only,0.0,0,6,325,140.14007096525907,0.21974896567103613,0.004509339353875831,1.7261538461538461,,
starvation,starvation_only,0.0,0,6,350,151.88250654102802,0.23108244201975814,0.003239611063592688,1.737142857142857,,
starvation,starvation_only,0.0,0,6,375,163.87571992898867,0.24935609372873285,0.0030210851841069074,1.7493333333333334,,
starvation,starvation_only,0.0,0,6,400,175.86706026730116,0.2509617800728016,0.0032828167961443592,1.76,,
starvation,starvation_only,0.0,0,7,25,9.237950636485538,0.14371658336484056,0.044317701972518275,1.48,,
starvation,starvation_only,0.0,0,7,50,18.978623888211622,0.16316399518436947,0.03242458472861101,1.52,,
starvation,starvation_only,0.0,0,7,75,27.452618645371043,0.1243591698467793,0.013711884626091918,1.4666666666666666,,
starvation,starvation_only,0.0,0,7,100,38.69452282666997,0.15927308319786387,0.01437864179015266,1.55,,
starvation,starvation_only,0.0,0,7,125,49.15709160777472,0.15606730067945065,0.014247326472594267,1.576,,
starvation,starvation_only,0.0,0,7,150,60.397848871132155,0.15616321590236779,0.010082147743202825,1.6133333333333333,,
starvation,starvation_only,0.0,0,7,175,72.13937474431322,0.15242162628898404,0.007753945835174596,1.6514285714285715,,
starvation,starvation_only,0.0,0,7,200,82.13029629527236,0.14082937537513462,0.004779619269796016,1.645,,
starvation,starvation_only,0.0,0,7,225,95.37274569264908,0.15699274355079623,0.00891759613073688,1.6977777777777778,,
starvation,starvation_only,0.0,0,7,250,107.86442741796918,0.16901899741062876,0.006525249551791068,1.728,,
starvation,starvation_only,0.0,0,7,275,119.60671180028307,0.17286227692250603,0.0030802728493735856,1.7418181818181817,,
starvation,starvation_only,0.0,0,7,300,133.09956257863203,0.19800255621088997,0.004200853607144829,1.7766666666666666,,
starvation,starvation_only,0.0,0,7,325,146.84123821041652,0.2084579160641144,0.004014218322809649,1.8092307692307692,,
starvation,starvation_only,0.0,0,7,350,158.58192018535544,0.20389792024233244,0.004880931757514238,1.8142857142857143,,
starvation,starvation_only,0.0,0,7,375,172.3241905072615,0.21224735281075544,0.0026517098800322493,1.84,,
starvation,starvation_only,0.0,0,7,400,184.81693986015,0.21115406979341847,0.0029104992301158426,1.85,,
starvation,starvation_only,0.0,1,0,25,8.739167088073346,0.11156358674018231,0.04773244642007496,1.4,,
starvation,starvation_only,0.0,1,0,50,19.231521396243455,0.18800695292357267,0.03229169781098322,1.54,,
starvation,starvation_only,0.0,1,0,75,29.21883565253459,0.15640828574013507,0.020383603119630528,1.56,,
starvation,starvation_only,0.0,1,0,100,42.710976348421944,0.23169645991098092,0.01969099871574595,1.71,,
starvation,starvation_only,0.0,1,0,125,53.953514631524534,0.27292297950760375,0.014514181341180694,1.728,,
starvation,starvation_only,0.0,1,0,150,65.94631163997438,0.2941784615783294,0.006197552632940131,1.76,,
starvation,starvation_only,0.0,1,0,175,79.43931416517768,0.31988205784061696,0.010546828764640491,1.8171428571428572,,
starvation,starvation_only,0.0,1,0,200,90.93123938792758,0.33450139172836646,0.004605079143624463,1.82,,
starvation,starvation_only,0.0,1,0,225,102.92460634550754,0.35209929237129267,0.004523008713023804,1.8311111111111111,,
starvation,starvation_only,0.0,1,0,250,113.16567050510008,0.34301096995070346,0.006468721608227466,1.812,,
starvation,starvation_only,0.0,1,0,275,124.15859918092576,0.36696698392120064,0.00657937409193627,1.8072727272727274,,
starvation,starvation_only,0.0,1,0,300,135.15232578598142,0.38255999522567086,0.005049412020032038,1.8033333333333332,,
starvation,starvation_only,0.0,1,0,325,147.1468422986006,0.40419448675366326,0.0036475665660988077,1.8123076923076924,,
starvation,starvation_only,0.0,1,0,350,157.13841795383217,0.4006929328123641,0.003980533867941331,1.7971428571428572,,
starvation,starvation_only,0.0,1,0,375,167.32815606211457,0.4070248193669857,0.002271663129335294,1.7866666666666666,,
starvation,starvation_only,0.0,1,0,400,178.07290898348845,0.42486906618624115,0.0032297575543122434,1.7825,,
starvation,starvation_only,0.0,1,1,25,10.239733621626263,0.2016816113935619,0.07437316644811053,1.64,,
starvation,starvation_only,0.0,1,1,50,21.478890854108062,0.1443855652674888,0.054596401686742874,1.72,,
starvation,starvation_only,0.0,1,1,75,31.92374906435254,0.15229338677318918,0.016180599349389133,1.7066666666666668,,
starvation,starvation_only,0.0,1,1,100,43.915923614025004,0.2057089285721601,0.01087298070979541,1.76,,
starvation,starvation_only,0.0,1,1,125,58.909608671813366,0.30193940963280796,0.014128182109835076,1.888,,
starvation,starvation_only,0.0,1,1,150,71.3739766934874,0.3069621853667819,0.007999540334346487,1.9066666666666667,,
starvation,starvation_only,0.0,1,1,175,83.36635659927501,0.3034514800824723,0.0052964597515108534,1.9085714285714286,,
starvation,starvation_only,0.0,1,1,200,95.60757986760545,0.28997469284168154,0.0064834384766009785,1.915,,
starvation,starvation_only,0.0,1,1,225,109.60001856750148,0.31725103635704244,0.006745865393015302,1.951111111111111,,
starvation,starvation_only,0.0,1,1,250,121.59153649033101,0.31230936216407157,0.0046726918866864245,1.948,,
starvation,starvation_only,0.0,1,1,275,134.08475222358732,0.32210919752926737,0.004296763056710391,1.9527272727272726,,
starvation,starvation_only,0.0,1,1,300,148.57826603403555,0.3402317505339871,0.003939172590355616,1.9833333333333334,,
starvation,starvation_only,0.0,1,1,325,162.0706386098004,0.35105884582744834,0.0032126964037796613,1.996923076923077,,
starvation,starvation_only,0.0,1,1,350,174.56161480088673,0.3495419825891631,0.005556910141749302,1.997142857142857,,
starvation,starvation_only,0.0,1,1,375,188.803055976841,0.3585274211451801,0.0028859406353780614,2.016,,
starvation,starvation_only,0.0,1,1,400,202.29744880631057,0.3712806960470604,0.003333099275140269,2.025,,
starvation,starvation_only,0.0,1,2,25,9.989155798581677,0.21944379491769123,0.06502486344251455,1.6,,
starvation,starvation_only,0.0,1,2,50,22.476582491345837,0.2858326304573646,0.0360092482831961,1.8,,
starvation,starvation_only,0.0,1,2,75,34.70554721446936,0.33184652195747694,0.021659424715145707,1.8533333333333333,,
starvation,starvation_only,0.0,1,2,100,46.448002326560676,0.36193680741336365,0.014202582244846074,1.86,,
starvation,starvation_only,0.0,1,2,125,58.6919206446872,0.4113079973545637,0.011231643516341917,1.88,,
starvation,starvation_only,0.0,1,2,150,71.93479644210633,0.4552861716466679,0.009192448162064978,1.92,,
starvation,starvation_only,0.0,1,2,175,87.17548093864397,0.46315064531041866,0.00814264165454732,1.9942857142857142,,
starvation,starvation_only,0.0,1,2,200,100.16518062597306,0.4430974484198538,0.007924252697272666,2.005,,
starvation,starvation_only,0.0,1,2,225,114.40755226754139,0.47369421915433946,0.005522666753211942,2.0355555555555553,,
starvation,starvation_only,0.0,1,2,250,126.64786757247136,0.4630502885706511,0.005536733441755585,2.028,,
starvation,starvation_only,0.0,1,2,275,138.14020151125175,0.46988882199814286,0.004471763664668301,2.0109090909090908,,
starvation,starvation_only,0.0,1,2,300,150.63257085579946,0.47456277041949213,0.004230626505099149,2.01,,
starvation,starvation_only,0.0,1,2,325,163.62691659133668,0.497358486109403,0.0038917268977397405,2.0153846153846153,,
starvation,starvation_only,0.0,1,2,350,175.11658424147902,0.4879301049684871,0.00199370664630833,2.0028571428571427,,
starvation,starvation_only,0.0,1,2,375,186.10785157365103,0.4794816444498901,0.003606153495241874,1.9866666666666666,,
starvation,starvation_only,0.0,1,2,400,198.35240410832174,0.495618526999931,0.002342212928517735,1.985,,
starvation,starvation_only,0.0,1,3,25,10.239736503712907,0.21213746992000393,0.06154025301226961,1.64,,
starvation,starvation_only,0.0,1,3,50,23.72726696527822,0.30552542563177215,0.04953600665269882,1.9,,
starvation,starvation_only,0.0,1,3,75,34.89300353921794,0.2524488475490815,0.011221477642923661,1.8666666666666667,,
starvation,starvation_only,0.0,1,3,100,48.10775758969047,0.32012229661503866,0.01841744465479344,1.93,,
starvation,starvation_only,0.0,1,3,125,61.84985519152669,0.37464149886249354,0.013197801792454684,1.984,,
starvation,starvation_only,0.0,1,3,150,72.59113213291674,0.3576593882527222,0.010077232543713073,1.94,,
starvation,starvation_only,0.0,1,3,175,85.33117806238343,0.3408532414087833,0.003850494782637366,1.9542857142857142,,
starvation,starvation_only,0.0,1,3,200,97.57149577767852,0.3345724220237197,0.0054716422515811505,1.955,,
starvation,starvation_only,0.0,1,3,225,110.0658443270739,0.34779077062838554,0.00444668420371126,1.96,,
starvation,starvation_only,0.0,1,3,250,121.55667398621915,0.3454433960600752,0.005840352514427017,1.948,,
starvation,starvation_only,0.0,1,3,275,132.29929998037002,0.3549656199913172,0.002207064574659422,1.9272727272727272,,
starvation,starvation_only,0.0,1,3,300,143.79140870494965,0.3582813520101617,0.004139077118527064,1.92,,
starvation,starvation_only,0.0,1,3,325,156.5358189023733,0.3841268698451672,0.003234965581548286,1.9292307692307693,,
starvation,starvation_only,0.0,1,3,350,167.27703940077117,0.3898243944274958,0.0016202275076035349,1.9142857142857144,,
starvation,starvation_only,0.0,1,3,375,179.51921482193563,0.4023286647385865,0.004836652805659465,1.9173333333333333,,
starvation,starvation_only,0.0,1,3,400,191.51376104578097,0.42286614682305723,0.004159192241540832,1.9175,,
starvation,starvation_only,0.0,1,4,25,11.990875143134412,0.26230599594419074,0.0494827664344418,1.92,,
starvation,starvation_only,0.0,1,4,50,23.73101263597979,0.2796167892913044,0.032244891060658365,1.9,,
starvation,starvation_only,0.0,1,4,75,32.47251949146055,0.2801029104722949,0.019014377152656033,1.7333333333333334,,
starvation,starvation_only,0.0,1,4,100,43.71570328920433,0.35217330073027087,0.013542855780175595,1.75,,
starvation,starvation_only,0.0,1,4,125,55.4598169254797,0.41204551686045304,0.01058045486029356,1.776,,
starvation,starvation_only,0.0,1,4,150,66.70315532643325,0.43068221266827983,0.008848923382245093,1.78,,
starvation,starvation_only,0.0,1,4,175,77.9443074821886,0.4362089409621745,0.006872331120956972,1.782857142857143,,
starvation,starvation_only,0.0,1,4,200,88.93149359225825,0.4297302092102709,0.007941727925728961,1.78,,
starvation,starvation_only,0.0,1,4,225,98.92386283567734,0.44597611907505375,0.002804865740613398,1.76,,
starvation,starvation_only,0.0,1,4,250,108.91518891126809,0.4349589269022845,0.005065322617168739,1.744,,
starvation,starvation_only,0.0,1,4,275,119.40802455485695,0.44935754968868696,0.0033238714402479275,1.7381818181818183,,
starvation,starvation_only,0.0,1,4,300,129.14957181662726,0.4583797040081703,0.0048777862114061194,1.7233333333333334,,
starvation,starvation_only,0.0,1,4,325,140.14482754271947,0.4911836309425369,0.0031535801202388215,1.7261538461538461,,
starvation,starvation_only,0.0,1,4,350,149.6358838450422,0.48534497831165047,0.00325425711137971,1.7114285714285715,,
starvation,starvation_only,0.0,1,4,375,159.6280207263131,0.4887838444757788,0.0033955599673212472,1.704,,
starvation,starvation_only,0.0,1,4,400,171.12270107527468,0.503348057116387,0.002426791011928424,1.7125,,
starvation,starvation_only,0.0,1,5,25,11.488590301249676,0.1966617344661943,0.053578376339256974,1.84,,
starvation,starvation_only,0.0,1,5,50,23.23019845986024,0.2549696759005139,0.045586490252873785,1.86,,
starvation,starvation_only,0.0,1,5,75,34.72156780643431,0.2183070329326431,0.025254042698547856,1.8533333333333333,,
starvation,starvation_only,0.0,1,5,100,48.67669493052069,0.2717375764918751,0.014457772009383647,1.95,,
starvation,starvation_only,0.0,1,5,125,62.89630081089268,0.36818771240645054,0.013057804576737296,2.016,,
starvation,starvation_only,0.0,1,5,150,75.88809743094757,0.3822306903862022,0.008220811518370992,2.026666666666667,,
starvation,starvation_only,0.0,1,5,175,89.38113892659489,0.4122410853077597,0.004347941937555257,2.045714285714286,,
starvation,starvation_only,0.0,1,5,200,101.62302483602461,0.4095085966780109,0.006287477050259113,2.035,,
starvation,starvation_only,0.0,1,5,225,115.36589166610851,0.42847862309634066,0.006970625466450611,2.0533333333333332,,
starvation,starvation_only,0.0,1,5,250,127.85657167012477,0.4276898415774645,0.0034539161187896483,2.048,,
starvation,starvation_only,0.0,1,5,275,141.84854784171972,0.43998440368374014,0.006150285400559132,2.0654545454545454,,
starvation,starvation_only,0.0,1,5,300,155.34134058064706,0.4603663341251,0.004529966923005845,2.0733333333333333,,
starvation,starvation_only,0.0,1,5,325,169.83585467839046,0.49692839057009935,0.005058947515164555,2.0923076923076924,,
starvation,starvation_only,0.0,1,5,350,184.0774097201417,0.490782828068412,0.004114873753658873,2.105714285714286,,
starvation,starvation_only,0.0,1,5,375,198.81925010181772,0.5116567162782615,0.0050410096627843855,2.1226666666666665,,
starvation,starvation_only,0.0,1,5,400,214.81400684902246,0.5339282071507498,0.003299180936735574,2.15,,
starvation,starvation_only,0.0,1,6,25,10.738737162203693,0.3270340048114895,0.05965123777631472,1.72,,
starvation,starvation_only,0.0,1,6,50,22.973977121005827,0.573903024728995,0.03729853634586553,1.84,,
starvation,starvation_only,0.0,1,6,75,31.711958099575607,0.47772857203895525,0.014030399195009542,1.6933333333333334,,
starvation,starvation_only,0.0,1,6,100,43.20412429062294,0.5408860877759737,0.016164246617692318,1.73,,
starvation,starvation_only,0.0,1,6,125,53.69589094468013,0.5528898234442069,0.009107342004670805,1.72,,
starvation,starvation_only,0.0,1,6,150,62.18794618312478,0.5349404459996947,0.012120216170149658,1.66,,
starvation,starvation_only,0.0,1,6,175,72.13038633169758,0.545199883956033,0.006025475809728553,1.6514285714285715,,
starvation,starvation_only,0.0,1,6,200,83.8694945275281,0.5267749380138387,0.004197107393309829,1.68,,
starvation,starvation_only,0.0,1,6,225,95.11310536122036,0.5277624648659953,0.005756427893218909,1.6933333333333334,,
starvation,starvation_only,0.0,1,6,250,105.08790986279527,0.48630088579995084,0.006199731532236936,1.684,,
starvation,starvation_only,0.0,1,6,275,116.83104796814598,0.5032041781185281,0.008354374577463736,1.701818181818182,,
starvation,starvation_only,0.0,1,6,300,130.07141309285507,0.5151146519515674,0.004140208275031479,1.7366666666666666,,
starvation,starvation_only,0.0,1,6,325,143.31518113394006,0.543582872499109,0.00429408018527375,1.7661538461538462,,
starvation,starvation_only,0.0,1,6,350,155.3045931874823,0.5291301290273938,0.004169498348606004,1.7771428571428571,,
starvation,starvation_only,0.0,1,6,375,167.04705283648963,0.5386373137551244,0.0036209928247231656,1.784,,
starvation,starvation_only,0.0,1,6,400,180.54172429628102,0.566824248582859,0.004374836171779125,1.8075,,
starvation,starvation_only,0.0,1,7,25,8.740010881899423,0.16201931156225446,0.07711341740459125,1.4,,
starvation,starvation_only,0.0,1,7,50,18.962296656727972,0.07604704004670484,0.03449419325484427,1.52,,
starvation,starvation_only,0.0,1,7,75,28.45238769147081,0.07291529994239054,0.020292652968080995,1.52,,
starvation,starvation_only,0.0,1,7,100,39.44458917569646,0.09344819114707793,0.01945805823809013,1.58,,
starvation,starvation_only,0.0,1,7,125,50.936383817782286,0.11387303231014444,0.011936437127649868,1.632,,
starvation,starvation_only,0.0,1,7,150,64.17932569270012,0.15617222223501698,0.01517622270386286,1.7133333333333334,,
starvation,starvation_only,0.0,1,7,175,75.67175685172255,0.17959146035545231,0.007772782670503215,1.7314285714285715,,
starvation,starvation_only,0.0,1,7,200,86.41298972164955,0.17663879771608204,0.00929724712407863,1.73,,
starvation,starvation_only,0.0,1,7,225,99.65613419815477,0.2244681235748229,0.007480534684911122,1.7733333333333334,,
starvation,starvation_only,0.0,1,7,250,112.14775603644338,0.23873642459839373,0.005661763516974825,1.796,,
starvation,starvation_only,0.0,1,7,275,123.13958443225853,0.2555062358156662,0.005106373524314848,1.7927272727272727,,
starvation,starvation_only,0.0,1,7,300,135.38339568989312,0.2869076115909608,0.006471865619561451,1.8066666666666666,,
starvation,starvation_only,0.0,1,7,325,148.6268934007436,0.317914433661549,0.005308727910278568,1.8307692307692307,,
starvation,starvation_only,0.0,1,7,350,159.61833360065685,0.31273766149470705,0.009017888076330157,1.8257142857142856,,
starvation,starvation_only,0.0,1,7,375,169.86061888677705,0.32314281603594613,0.0027540718647645897,1.8133333333333332,,
starvation,starvation_only,0.0,1,7,400,182.35522192584997,0.34596920592989167,0.004492325531026802,1.825,,
starvation,starvation_only,0.0,2,0,25,10.234997990195936,0.10477796384601978,0.04340064167445015,1.64,,
starvation,starvation_only,0.0,2,0,50,21.718248546883828,0.15508617369672886,0.026629082396268853,1.74,,
starvation,starvation_only,0.0,2,0,75,34.68816803965986,0.20310087593787657,0.021480442166107325,1.8533333333333333,,
starvation,starvation_only,0.0,2,0,100,45.68048532633922,0.2345089977488378,0.01967428004035688,1.83,,
starvation,starvation_only,0.0,2,0,125,58.90483545793366,0.29174614756280326,0.013295336158886974,1.888,,
starvation,starvation_only,0.0,2,0,150,70.14611171305279,0.2897229557111532,0.009279726402347123,1.8733333333333333,,
starvation,starvation_only,0.0,2,0,175,82.88901044445764,0.31485075296878684,0.0065148533120385,1.8971428571428572,,
starvation,starvation_only,0.0,2,0,200,93.87996563395795,0.29867333290476095,0.005725591291689683,1.88,,
starvation,starvation_only,0.0,2,0,225,107.12294548956788,0.30589158117973164,0.004388807017639084,1.9066666666666667,,
starvation,starvation_only,0.0,2,0,250,118.61452197365372,0.30001961498776264,0.0069248954489762905,1.9,,
starvation,starvation_only,0.0,2,0,275,131.8582326876835,0.33375993075398513,0.005735251094365414,1.92,,
starvation,starvation_only,0.0,2,0,300,144.6011069625133,0.35949388713884,0.004676723749823659,1.93,,
starvation,starvation_only,0.0,2,0,325,158.09427073186913,0.3757121771072681,0.006828371299886741,1.9476923076923076,,
starvation,starvation_only,0.0,2,0,350,172.58559222843832,0.41800237201252355,0.005309857791508566,1.9742857142857142,,
starvation,starvation_only,0.0,2,0,375,184.57730234440783,0.41889066263203417,0.0022305051183404913,1.9706666666666666,,
starvation,starvation_only,0.0,2,0,400,196.31795703315214,0.4109175262508611,0.0021774301623706943,1.965,,
starvation,starvation_only,0.0,2,1,25,10.737929889507432,0.10182755959841418,0.03502284236768715,1.72,,
starvation,starvation_only,0.0,2,1,50,22.479936560813023,0.09004837376073009,0.029977299600816066,1.8,,
starvation,starvation_only,0.0,2,1,75,32.72132268641801,0.1048196426675439,0.010714420195912018,1.7466666666666666,,
starvation,starvation_only,0.0,2,1,100,43.46391679387492,0.15657334147900612,0.019579919973841627,1.74,,
starvation,starvation_only,0.0,2,1,125,55.45718924942023,0.21411835514943617,0.015007055460010986,1.776,,
starvation,starvation_only,0.0,2,1,150,64.94906348666336,0.22616003550957503,0.008408374080907192,1.7333333333333334,,
starvation,starvation_only,0.0,2,1,175,75.6913622108361,0.2594614513846409,0.009704732740423865,1.7314285714285715,,
starvation,starvation_only,0.0,2,1,200,88.18416122727857,0.2570116811529361,0.007349658230074045,1.765,,
starvation,starvation_only,0.0,2,1,225,100.17698535702557,0.27692193934404424,0.005073266678225075,1.7822222222222222,,
starvation,starvation_only,0.0,2,1,250,111.91831475452985,0.2769599483558708,0.005027336507993256,1.792,,
starvation,starvation_only,0.0,2,1,275,122.91119848424572,0.2923101919127283,0.0058475586730726906,1.789090909090909,,
starvation,starvation_only,0.0,2,1,300,138.40370489062983,0.33078403614629015,0.006533158396861203,1.8466666666666667,,
starvation,starvation_only,0.0,2,1,325,153.6471132142903,0.3476201328991092,0.004645341029699957,1.8923076923076922,,
starvation,starvation_only,0.0,2,1,350,165.88784176182338,0.3419009302637407,0.004677519000446254,1.8971428571428572,,
starvation,starvation_only,0.0,2,1,375,179.37921731276919,0.33977554264504695,0.003070449787714491,1.9146666666666667,,
starvation,starvation_only,0.0,2,1,400,192.87046496684113,0.34074245106596507,0.0035883877292745077,1.93,,
starvation,starvation_only,0.0,2,2,25,11.490599805224456,0.34332721487394785,0.08093391574103709,1.84,,
starvation,starvation_only,0.0,2,2,50,23.73222124200874,0.3850718566301515,0.035436839345388195,1.9,,
starvation,starvation_only,0.0,2,2,75,37.22502078989743,0.47230547048946186,0.02161437167642379,1.9866666666666666,,
starvation,starvation_only,0.0,2,2,100,49.96808741601571,0.5050271457478072,0.017214664228833842,2.0,,
starvation,starvation_only,0.0,2,2,125,64.21131750690455,0.5940986509174313,0.010830617761005489,2.056,,
starvation,starvation_only,0.0,2,2,150,77.2034516608705,0.5997022123737497,0.010000080002230693,2.06,,
starvation,starvation_only,0.0,2,2,175,92.69505213789017,0.6309689672390066,0.011365378949696098,2.12,,
starvation,starvation_only,0.0,2,2,200,104.18534936588593,0.6146006887293056,0.002579050738122638,2.085,,
starvation,starvation_only,0.0,2,2,225,117.4274858647771,0.6241142293412498,0.0027335464204125927,2.088888888888889,,
starvation,starvation_only,0.0,2,2,250,129.4176682998217,0.6098239411157808,0.003296157363479796,2.072,,
starvation,starvation_only,0.0,2,2,275,141.41050812355812,0.5972223444734018,0.003460032989158448,2.058181818181818,,
starvation,starvation_only,0.0,2,2,300,154.40308910450446,0.5992014286246115,0.004810128230047564,2.06,,
starvation,starvation_only,0.0,2,2,325,168.89484903369492,0.6007713676506706,0.0028524929362375357,2.08,,
starvation,starvation_only,0.0,2,2,350,181.13455018205246,0.5923031204882981,0.004248592527021105,2.0714285714285716,,
starvation,starvation_only,0.0,2,2,375,193.37597562410312,0.592255026124669,0.0015967277675955915,2.064,,
starvation,starvation_only,0.0,2,2,400,206.8658988273455,0.5878781441042237,0.0037165763968392963,2.07,,
starvation,starvation_only,0.0,2,3,25,11.700925971935018,0.11973331668869071,0.05483821325700514,1.88,,
starvation,starvation_only,0.0,2,3,50,22.44199393741166,0.09615291419181249,0.034172593295316814,1.8,,
starvation,starvation_only,0.0,2,3,75,32.68333848672433,0.09522901129553317,0.013947388417512063,1.7466666666666666,,
starvation,starvation_only,0.0,2,3,100,42.92472342212812,0.10065305760619689,0.013452144586751112,1.72,,
starvation,starvation_only,0.0,2,3,125,53.66692841672385,0.12203114975365432,0.01001324336202317,1.72,,
starvation,starvation_only,0.0,2,3,150,64.62395784290612,0.12571859275576985,0.005683777419380217,1.7266666666666666,,
starvation,starvation_only,0.0,2,3,175,75.3202262127123,0.1422255674017362,0.004242169401876146,1.7257142857142858,,
starvation,starvation_only,0.0,2,3,200,87.31131078212711,0.13651342051398846,0.0066860107230053804,1.75,,
starvation,starvation_only,0.0,2,3,225,98.55333216201237,0.14472162518728077,0.005136047588139372,1.7555555555555555,,
starvation,starvation_only,0.0,2,3,250,110.29509066998314,0.14612930389298534,0.0075847720599203925,1.768,,
starvation,starvation_only,0.0,2,3,275,121.78738852499436,0.1609731834935839,0.003791760444861849,1.7745454545454546,,
starvation,starvation_only,0.0,2,3,300,135.0302205349255,0.18314166880681237,0.007024235303851362,1.8033333333333332,,
starvation,starvation_only,0.0,2,3,325,146.52277894123924,0.19457616555713814,0.003677675636256137,1.8061538461538462,,
starvation,starvation_only,0.0,2,3,350,156.76346640839674,0.18314158819158563,0.004489191935937737,1.7942857142857143,,
starvation,starvation_only,0.0,2,3,375,167.75578058047108,0.1838043220365158,0.0029053189192132694,1.792,,
starvation,starvation_only,0.0,2,3,400,179.24821110471157,0.1866806108842869,0.00276035084480683,1.795,,
starvation,starvation_only,0.0,2,4,25,10.990473220973179,0.19513826389009387,0.047804359362062794,1.76,,
starvation,starvation_only,0.0,2,4,50,21.482441446202895,0.2361096019590137,0.03272392414204406,1.72,,
starvation,starvation_only,0.0,2,4,75,31.723992233018045,0.24689036831772362,0.013602621255398364,1.6933333333333334,,
starvation,starvation_only,0.0,2,4,100,43.216390118755506,0.3259366374261947,0.01782331086061447,1.73,,
starvation,starvation_only,0.0,2,4,125,56.70975261357431,0.4410995710515123,0.01576214238544165,1.816,,
starvation,starvation_only,0.0,2,4,150,67.95045093035799,0.4045201053446492,0.014216178565121317,1.8133333333333332,,
starvation,starvation_only,0.0,2,4,175,79.69302663145994,0.4070961530590368,0.005982473036393435,1.822857142857143,,
starvation,starvation_only,0.0,2,4,200,89.93476600804588,0.39330755010102886,0.007022577767809773,1.8,,
starvation,starvation_only,0.0,2,4,225,99.92606096602577,0.3819384983658112,0.0032058803202654183,1.7777777777777777,,
starvation,starvation_only,0.0,2,4,250,111.16734717186642,0.38402956870861576,0.005695816533039705,1.78,,
starvation,starvation_only,0.0,2,4,275,121.90965026732434,0.37262060478778586,0.0048409236476153585,1.7745454545454546,,
starvation,starvation_only,0.0,2,4,300,133.54648995514503,0.3941750673319445,0.0040444114082423144,1.7833333333333334,,
starvation,starvation_only,0.0,2,4,325,147.2064679479468,0.4107626847087048,0.005956398952895365,1.8153846153846154,,
starvation,starvation_only,0.0,2,4,350,159.44847579767008,0.41764074782500066,0.0021198842115235953,1.8257142857142856,,
starvation,starvation_only,0.0,2,4,375,171.19033018370277,0.4239057350256875,0.002569518493969334,1.8293333333333333,,
starvation,starvation_only,0.0,2,4,400,183.6814605742906,0.4339998309865312,0.0042542613699971385,1.84,,
starvation,starvation_only,0.0,2,5,25,10.73870866387411,0.19059380861349318,0.08003587858750105,1.72,,
starvation,starvation_only,0.0,2,5,50,21.97990721007155,0.15813072815017293,0.04051372624015972,1.76,,
starvation,starvation_only,0.0,2,5,75,33.4717608168361,0.19214054894348429,0.016260728928306812,1.7866666666666666,,
starvation,starvation_only,0.0,2,5,100,45.71480108733026,0.26875757984586957,0.01641486016823481,1.83,,
starvation,starvation_only,0.0,2,5,125,60.957584641640025,0.326883378568915,0.01516331530884684,1.952,,
starvation,starvation_only,0.0,2,5,150,72.90408084794683,0.3306421247324703,0.013268542481687953,1.9466666666666668,,
starvation,starvation_only,0.0,2,5,175,86.12046196444025,0.3533909976071308,0.008893736096539349,1.9714285714285715,,
starvation,starvation_only,0.0,2,5,200,97.86043956477351,0.33070218480276514,0.008560614017335417,1.96,,
starvation,starvation_only,0.0,2,5,225,112.10240542818813,0.3533411338717718,0.0056527578839897785,1.9955555555555555,,
starvation,starvation_only,0.0,2,5,250,123.34309555081562,0.3374153172618618,0.006388265479614011,1.976,,
starvation,starvation_only,0.0,2,5,275,136.08545261487905,0.3493144133014455,0.004988151251203828,1.981818181818182,,
starvation,starvation_only,0.0,2,5,300,150.57883131618533,0.385943184347983,0.004968982975315383,2.01,,
starvation,starvation_only,0.0,2,5,325,164.0193786326709,0.40707088447665873,0.003931651312689981,2.0215384615384617,,
starvation,starvation_only,0.0,2,5,350,176.2609474041264,0.4098803916937105,0.0032526269866523082,2.0171428571428573,,
starvation,starvation_only,0.0,2,5,375,188.50203318567503,0.4037711995104375,0.0022739229624476128,2.013333333333333,,
starvation,starvation_only,0.0,2,5,400,199.9923278763771,0.3962068051471689,0.001768515775360453,2.0025,,
starvation,starvation_only,0.0,2,6,25,8.989045008441257,0.04146193541170663,0.03604508556473022,1.44,,
starvation,starvation_only,0.0,2,6,50,17.73017246237723,0.04073569668770226,0.035030920163921606,1.42,,
starvation,starvation_only,0.0,2,6,75,27.972050932144036,0.08200271133328899,0.02194418981396516,1.4933333333333334,,
starvation,starvation_only,0.0,2,6,100,38.46351532334384,0.11597383705780648,0.019425988429767976,1.54,,
starvation,starvation_only,0.0,2,6,125,50.206430930658925,0.1891151232532959,0.01533282488747446,1.608,,
starvation,starvation_only,0.0,2,6,150,60.44805151694139,0.21101930852278186,0.010545227788039258,1.6133333333333333,,
starvation,starvation_only,0.0,2,6,175,73.68960847624683,0.2668700883828339,0.011622611768342492,1.6857142857142857,,
starvation,starvation_only,0.0,2,6,200,86.18093005046367,0.2825850593115169,0.008474648524478396,1.725,,
starvation,starvation_only,0.0,2,6,225,99.17326012092684,0.2998982594084335,0.007701489468449987,1.7644444444444445,,
starvation,starvation_only,0.0,2,6,250,111.41384713303322,0.3017095978013169,0.004302165189967764,1.784,,
starvation,starvation_only,0.0,2,6,275,124.65618127141266,0.3087293389806618,0.005749943058795353,1.8145454545454545,,
starvation,starvation_only,0.0,2,6,300,139.39973655051028,0.3666328592609663,0.007557332772218529,1.86,,
starvation,starvation_only,0.0,2,6,325,152.8921941811842,0.38815169035587105,0.0035074306247845377,1.883076923076923,,
starvation,starvation_only,0.0,2,6,350,164.29580907828026,0.3856042887749692,0.0019492164190630914,1.88,,
starvation,starvation_only,0.0,2,6,375,177.78624941627967,0.38580792082859283,0.0033834073645661973,1.9013333333333333,,
starvation,starvation_only,0.0,2,6,400,190.5282646908156,0.39791080374702253,0.0033135726148337307,1.91,,
starvation,starvation_only,0.0,2,7,25,10.240696800539292,0.2213540040055908,0.06387750512933621,1.64,,
starvation,starvation_only,0.0,2,7,50,18.480294185344984,0.12800428284026386,0.05271214561749253,1.48,,
starvation,starvation_only,0.0,2,7,75,28.453863311413382,0.14091326347811378,0.012971245282689621,1.52,,
starvation,starvation_only,0.0,2,7,100,43.447072389482834,0.2251696311689927,0.022513747895679722,1.74,,
starvation,starvation_only,0.0,2,7,125,58.44049844744804,0.2973873044147438,0.018254979980391706,1.872,,
starvation,starvation_only,0.0,2,7,150,71.93282989740315,0.3243336683497532,0.010951959645526595,1.92,,
starvation,starvation_only,0.0,2,7,175,84.42454457141112,0.33190562305060817,0.008766764754052527,1.9314285714285715,,
starvation,starvation_only,0.0,2,7,200,96.16629662617957,0.3230685862266107,0.00855812589043534,1.925,,
starvation,starvation_only,0.0,2,7,225,108.90892332404023,0.3367220660921232,0.006319170659233173,1.9377777777777778,,
starvation,starvation_only,0.0,2,7,250,122.1500269471082,0.34126571217976515,0.005623509336702437,1.956,,
starvation,starvation_only,0.0,2,7,275,136.14337516680882,0.36561495819029516,0.00346836909194186,1.981818181818182,,
starvation,starvation_only,0.0,2,7,300,149.38729102990217,0.37791696886402637,0.0036486777486034573,1.9933333333333334,,
starvation,starvation_only,0.0,2,7,325,161.88011764713326,0.37400851014310094,0.004076957540571761,1.9938461538461538,,
starvation,starvation_only,0.0,2,7,350,173.3711379761621,0.36631099156992064,0.0029192153907334367,1.9828571428571429,,
starvation,starvation_only,0.0,2,7,375,187.61377674882925,0.36914272063912534,0.0037545038938501395,2.002666666666667,,
starvation,starvation_only,0.0,2,7,400,199.85590135108305,0.3582950744091714,0.002843811052420534,2.0,,
starvation,starvation_only,0.3,0,0,25,5.994408014628398,0.13493894855577285,0.05030227659261142,1.6,,
starvation,starvation_only,0.3,0,0,50,12.488637845091127,0.11673681957550594,0.032737538552681286,1.5151515151515151,,
starvation,starvation_only,0.3,0,0,75,21.48317701081166,0.09464261935932075,0.02482375765177529,1.6862745098039216,,
starvation,starvation_only,0.3,0,0,100,29.727730004739165,0.09996843911791058,0.016768231691258864,1.7246376811594204,,
starvation,starvation_only,0.3,0,0,125,34.97491361773777,0.09940693477220347,0.014172008774393497,1.75,,
starvation,starvation_only,0.3,0,0,150,42.22031968084138,0.08964879953295044,0.007757381126594825,1.7604166666666667,,
starvation,starvation_only,0.3,0,0,175,48.215123140068236,0.08531918116179082,0.00764943369012141,1.7232142857142858,,
starvation,starvation_only,0.3,0,0,200,54.96061238594025,0.08066309229995798,0.006759452181295969,1.7054263565891472,,
starvation,starvation_only,0.3,0,0,225,62.4562098863003,0.09108173357189102,0.00587413222435634,1.7361111111111112,,
starvation,starvation_only,0.3,0,0,250,71.69927910407225,0.0888402437314146,0.007105546561483078,1.7393939393939395,,
starvation,starvation_only,0.3,0,0,275,78.91239197529153,0.09057464544921859,0.006764960424512367,1.76536312849162,,
starvation,starvation_only,0.3,0,0,300,85.90863117048872,0.0979853681389511,0.0039278910419909266,1.7731958762886597,,
starvation,starvation_only,0.3,0,0,325,94.40477904746798,0.110212394188558,0.0061095842656798535,1.8,,
starvation,starvation_only,0.3,0,0,350,103.39952929356052,0.11791551399499639,0.002611967766058264,1.8078602620087336,,
starvation,starvation_only,0.3,0,0,375,113.39484520499565,0.12652899352864982,0.006339974837681715,1.823293172690763,,
starvation,starvation_only,0.3,0,0,400,119.14559417411508,0.12342048942875064,0.001940398242842608,1.8136882129277567,,
starvation,starvation_only,0.3,0,1,25,5.9945890194391795,0.11601019817103453,0.06702364338497532,1.6,,
starvation,starvation_only,0.3,0,1,50,11.988308686862199,0.10776356798086953,0.032522909311882474,1.4545454545454546,,
starvation,starvation_only,0.3,0,1,75,18.232736459283075,0.09499029688818064,0.01294021389321059,1.4313725490196079,,
starvation,starvation_only,0.3,0,1,100,25.47514465858637,0.039705940897024,0.030772101384069238,1.4782608695652173,,
starvation,starvation_only,0.3,0,1,125,29.471951696596008,0.04769462318840132,0.005891613617224304,1.475,,
starvation,starvation_only,0.3,0,1,150,35.46707413079048,0.045726834475529346,0.01057298475483697,1.4791666666666667,,
starvation,starvation_only,0.3,0,1,175,41.21451862465936,0.05506433728338214,0.012319784758264183,1.4732142857142858,,
starvation,starvation_only,0.3,0,1,200,47.71063353706573,0.053842821888091086,0.006719135497057446,1.4806201550387597,,
starvation,starvation_only,0.3,0,1,225,54.705770909972024,0.06098607185449255,0.006292597306681951,1.5208333333333333,,
starvation,starvation_only,0.3,0,1,250,62.9492424358106,0.07199392446286262,0.0034526184923037782,1.5272727272727273,,
starvation,starvation_only,0.3,0,1,275,68.94552268081134,0.06657375552317979,0.005545325970234897,1.541899441340782,,
starvation,starvation_only,0.3,0,1,300,75.69117238221122,0.07035265089112311,0.005955003376692123,1.5618556701030928,,
starvation,starvation_only,0.3,0,1,325,82.43680993688471,0.07890238645627246,0.0030132196702110804,1.5714285714285714,,
starvation,starvation_only,0.3,0,1,350,91.43703314865284,0.09359523666160505,0.005697524741195367,1.5982532751091703,,
starvation,starvation_only,0.3,0,1,375,99.43207658918318,0.09817559026496109,0.004340467737371404,1.5983935742971886,,
starvation,starvation_only,0.3,0,1,400,104.67818179504003,0.09601662063180065,0.003867592047947002,1.5931558935361216,,
starvation,starvation_only,0.3,0,2,25,7.7455265266598,0.410619534381618,0.1043493820131388,2.066666666666667,,
starvation,starvation_only,0.3,0,2,50,16.738481551461806,0.29250838738715323,0.06329684055377123,2.0303030303030303,,
starvation,starvation_only,0.3,0,2,75,24.231399144517624,0.23532972836767446,0.015343966360755832,1.9019607843137254,,
starvation,starvation_only,0.3,0,2,100,33.22590016116847,0.26534808219255407,0.0226524552304941,1.9275362318840579,,
starvation,starvation_only,0.3,0,2,125,38.22158589389993,0.2697187126437713,0.007652234966987557,1.9125,,
starvation,starvation_only,0.3,0,2,150,45.21814705427515,0.26066687911022657,0.009019502670461388,1.8854166666666667,,
starvation,starvation_only,0.3,0,2,175,51.713591996581236,0.239781014662472,0.00797511373097931,1.8482142857142858,,
starvation,starvation_only,0.3,0,2,200,59.209419492514456,0.22412795199778052,0.006442801740346573,1.8372093023255813,,
starvation,starvation_only,0.3,0,2,225,67.70629124152924,0.25596790447224543,0.006297982425467184,1.8819444444444444,,
starvation,starvation_only,0.3,0,2,250,78.95091823950736,0.2845497560196258,0.007008575961766216,1.915151515151515,,
starvation,starvation_only,0.3,0,2,275,85.69730271020306,0.27688900025458596,0.0036461521736334368,1.9162011173184357,,
starvation,starvation_only,0.3,0,2,300,93.94465948555037,0.29182458609790396,0.005495303566296282,1.9381443298969072,,
starvation,starvation_only,0.3,0,2,325,102.6529133566716,0.3047461581870454,0.0038943632858894615,1.957142857142857,,
starvation,starvation_only,0.3,0,2,350,111.89719837705414,0.30235987064434217,0.0057387653320305,1.9563318777292575,,
starvation,starvation_only,0.3,0,2,375,122.09733956564835,0.2978540057430449,0.003290581786100297,1.963855421686747,,
starvation,starvation_only,0.3,0,2,400,129.59275790947402,0.2918589069118274,0.003658251389351602,1.973384030418251,,
starvation,starvation_only,0.3,0,3,25,6.243152328655213,0.25334106827283925,0.08082962789758934,1.6666666666666667,,
starvation,starvation_only,0.3,0,3,50,13.23681389376753,0.22497847607065746,0.043218278989056176,1.606060606060606,,
starvation,starvation_only,0.3,0,3,75,21.731089120510486,0.18041339892337957,0.01832365492870967,1.7058823529411764,,
starvation,starvation_only,0.3,0,3,100,30.475550994569996,0.1640726439217548,0.013189381346317619,1.7681159420289856,,
starvation,starvation_only,0.3,0,3,125,35.471507424691204,0.16646044098499668,0.004007483850682527,1.775,,
starvation,starvation_only,0.3,0,3,150,41.21726575490966,0.1486255532782553,0.010110697681297012,1.71875,,
starvation,starvation_only,0.3,0,3,175,48.463064443658006,0.13974838121269534,0.006248027515467205,1.7321428571428572,,
starvation,starvation_only,0.3,0,3,200,54.95735540034384,0.1288411554554257,0.007024005250360922,1.7054263565891472,,
starvation,starvation_only,0.3,0,3,225,62.2041668852172,0.15344135296982866,0.010474758017203567,1.7291666666666667,,
starvation,starvation_only,0.3,0,3,250,72.4482245238244,0.17247446332378502,0.005558534272345272,1.7575757575757576,,
starvation,starvation_only,0.3,0,3,275,77.94338993857224,0.1698313403117918,0.004407416373869677,1.7430167597765363,,
starvation,starvation_only,0.3,0,3,300,85.1894174996218,0.1823890278554025,0.005087077453091033,1.7577319587628866,,
starvation,starvation_only,0.3,0,3,325,92.18434891225004,0.1852435082366346,0.005145170842032007,1.7571428571428571,,
starvation,starvation_only,0.3,0,3,350,101.67888052709411,0.20030319888303044,0.004692736744726921,1.777292576419214,,
starvation,starvation_only,0.3,0,3,375,110.42713650527202,0.21158330704515776,0.005304366178570797,1.7751004016064258,,
starvation,starvation_only,0.3,0,3,400,117.13735057350326,0.20582400465308787,0.0015525375414610614,1.7832699619771863,,
starvation,starvation_only,0.3,0,4,25,5.743941753771468,0.18428218369339533,0.06486297363422228,1.5333333333333334,,
starvation,starvation_only,0.3,0,4,50,12.986642872022879,0.12848967803386524,0.04337615331832212,1.5757575757575757,,
starvation,starvation_only,0.3,0,4,75,20.48071366475707,0.09031266443825482,0.030295537556203827,1.607843137254902,,
starvation,starvation_only,0.3,0,4,100,28.72473806395152,0.09004123687948565,0.019662305881985306,1.6666666666666667,,
starvation,starvation_only,0.3,0,4,125,33.721521074520446,0.09539660882689247,0.010089959254291604,1.6875,,
starvation,starvation_only,0.3,0,4,150,40.716682321887305,0.09896543652472042,0.010766056407777896,1.6979166666666667,,
starvation,starvation_only,0.3,0,4,175,47.46231051281397,0.09133613976275938,0.014383617947993617,1.6964285714285714,,
starvation,starvation_only,0.3,0,4,200,54.68168238148867,0.08761617711967286,0.009348676157961455,1.697674418604651,,
starvation,starvation_only,0.3,0,4,225,61.42772908023187,0.09717532448054628,0.006700362100396875,1.7083333333333333,,
starvation,starvation_only,0.3,0,4,250,71.17152714353718,0.10335702700125964,0.004375888291487092,1.7272727272727273,,
starvation,starvation_only,0.3,0,4,275,77.66731067352056,0.11028369728691091,0.004721505290774331,1.7374301675977655,,
starvation,starvation_only,0.3,0,4,300,83.91904218189151,0.11240982744690503,0.006129043890943131,1.731958762886598,,
starvation,starvation_only,0.3,0,4,325,92.66860815028464,0.12989966404716982,0.006344126098187122,1.7666666666666666,,
starvation,starvation_only,0.3,0,4,350,102.41277477460602,0.1417981448157563,0.005568307401390712,1.7903930131004366,,
starvation,starvation_only,0.3,0,4,375,111.15699965362444,0.14443967336675756,0.004063248443550169,1.78714859437751,,
starvation,starvation_only,0.3,0,4,400,117.91027555559418,0.1467623478293727,0.005018467436608312,1.7946768060836502,,
starvation,starvation_only,0.3,0,5,25,5.242119269361535,0.12397267244270324,0.07079120635096076,1.4,,
starvation,starvation_only,0.3,0,5,50,12.734459819764583,0.03890401419387981,0.06523023057639273,1.5454545454545454,,
starvation,starvation_only,0.3,0,5,75,21.979744690949115,0.07728178061294096,0.025274306513617444,1.7254901960784315,,
starvation,starvation_only,0.3,0,5,100,32.22498076015981,0.10187096011018798,0.019935867958302753,1.8695652173913044,,
starvation,starvation_only,0.3,0,5,125,37.977308726515574,0.11917095334187681,0.018129544558955147,1.9,,
starvation,starvation_only,0.3,0,5,150,45.22246433140681,0.10426315778011283,0.01424369444098497,1.8854166666666667,,
starvation,starvation_only,0.3,0,5,175,52.46799629959143,0.0893823536553191,0.008820587370408754,1.875,,
starvation,starvation_only,0.3,0,5,200,60.713447055873345,0.0848123710359418,0.00848407864692518,1.8837209302325582,,
starvation,starvation_only,0.3,0,5,225,69.20887165200774,0.10612141479377857,0.008708871701271636,1.9236111111111112,,
starvation,starvation_only,0.3,0,5,250,79.20627956491539,0.12422515698079964,0.004183337296070216,1.9212121212121211,,
starvation,starvation_only,0.3,0,5,275,84.95264272543179,0.12902337977513337,0.005184042211436663,1.899441340782123,,
starvation,starvation_only,0.3,0,5,300,92.94904179102929,0.1516923388257967,0.006383080120835042,1.9175257731958764,,
starvation,starvation_only,0.3,0,5,325,100.44546216196376,0.16413547220043134,0.0051771262901825835,1.9142857142857144,,
starvation,starvation_only,0.3,0,5,350,108.6907872249972,0.1706178436460796,0.006276861879298972,1.8995633187772927,,
starvation,starvation_only,0.3,0,5,375,115.93498975314441,0.16946858788213745,0.004808203945645547,1.8634538152610443,,
starvation,starvation_only,0.3,0,5,400,122.18210497128626,0.17545435984871172,0.0027794755443966324,1.8593155893536122,,
starvation,starvation_only,0.3,0,6,25,6.493242408520846,0.07982392462716845,0.03693969927660478,1.7333333333333334,,
starvation,starvation_only,0.3,0,6,50,13.986824435305815,0.10764114143298084,0.03442002704875081,1.696969696969697,,
starvation,starvation_only,0.3,0,6,75,22.48099360285017,0.10694384792202982,0.01769387357095925,1.7647058823529411,,
starvation,starvation_only,0.3,0,6,100,29.975081891511095,0.12561734372271177,0.015377109441469371,1.7391304347826086,,
starvation,starvation_only,0.3,0,6,125,34.471641424828874,0.1270277700039361,0.008121582751718764,1.725,,
starvation,starvation_only,0.3,0,6,150,40.216948970744994,0.1263187111041265,0.006026082190607613,1.6770833333333333,,
starvation,starvation_only,0.3,0,6,175,46.71254594060229,0.11979660600208719,0.0069702041730979125,1.6696428571428572,,
starvation,starvation_only,0.3,0,6,200,53.95792672070491,0.10919626566898141,0.006892463348031595,1.6744186046511629,,
starvation,starvation_only,0.3,0,6,225,60.45390528918569,0.11766245462557637,0.010188325986950488,1.6805555555555556,,
starvation,starvation_only,0.3,0,6,250,70.44767473172303,0.1457062039406159,0.008324251037843441,1.709090909090909,,
starvation,starvation_only,0.3,0,6,275,75.94513888203355,0.1423013201261077,0.007572684210347756,1.6983240223463687,,
starvation,starvation_only,0.3,0,6,300,82.6921360644336,0.15505389457334975,0.004116959393414682,1.7061855670103092,,
starvation,starvation_only,0.3,0,6,325,90.18847368959807,0.16674502621457352,0.004210260285598791,1.7190476190476192,,
starvation,starvation_only,0.3,0,6,350,99.18363141357005,0.18998271812690565,0.005684520664102934,1.7336244541484715,,
starvation,starvation_only,0.3,0,6,375,108.64979271048568,0.20802075203450374,0.003771787724034833,1.7469879518072289,,
starvation,starvation_only,0.3,0,6,400,115.14549723762894,0.20695802862147455,0.003552292776443658,1.752851711026616,,
starvation,starvation_only,0.3,0,7,25,5.743475166962266,0.10205886376027636,0.043029936793637764,1.5333333333333334,,
starvation,starvation_only,0.3,0,7,50,13.23864364610285,0.11367415170630948,0.04028245079772523,1.606060606060606,,
starvation,starvation_only,0.3,0,7,75,20.22607993341142,0.10154293858548209,0.01720741531526936,1.588235294117647,,
starvation,starvation_only,0.3,0,7,100,28.221058755865457,0.13844092932925972,0.0157769340422163,1.6376811594202898,,
starvation,starvation_only,0.3,0,7,125,32.96658519826775,0.13989675962066792,0.013963248175357412,1.65,,
starvation,starvation_only,0.3,0,7,150,39.9613227938101,0.14814856634695628,0.008752429957885034,1.6666666666666667,,
starvation,starvation_only,0.3,0,7,175,47.206476694284916,0.1452280283913251,0.0035069402005552894,1.6875,,
starvation,starvation_only,0.3,0,7,200,54.7008593320094,0.14811508872146936,0.005680516126381195,1.697674418604651,,
starvation,starvation_only,0.3,0,7,225,63.19549132590978,0.17262381766902463,0.009093365450416538,1.7569444444444444,,
starvation,starvation_only,0.3,0,7,250,73.18833798241194,0.16902723688640578,0.007255482509266515,1.7757575757575759,,
starvation,starvation_only,0.3,0,7,275,79.68433353793853,0.1709885904909952,0.004258769534297625,1.782122905027933,,
starvation,starvation_only,0.3,0,7,300,87.67966499533736,0.19011140726357983,0.0065661090329853814,1.809278350515464,,
starvation,starvation_only,0.3,0,7,325,95.67492936508562,0.20151932414785412,0.003377139677522142,1.8238095238095238,,
starvation,starvation_only,0.3,0,7,350,105.12691374712185,0.19882561800153056,0.00438981280182176,1.8384279475982532,,
starvation,starvation_only,0.3,0,7,375,115.87133371266654,0.2046976427706186,0.004545847263512532,1.8634538152610443,,
starvation,starvation_only,0.3,0,7,400,122.11695422906067,0.19542619285023183,0.0027820242158051907,1.8593155893536122,,
starvation,starvation_only,0.3,1,0,25,9.739617883078918,0.258225059923235,0.05198672034021296,1.8571428571428572,,
starvation,starvation_only,0.3,1,0,50,17.485157294168214,0.3803037231870393,0.03375979850154019,1.8421052631578947,,
starvation,starvation_only,0.3,1,0,75,23.480228130112906,0.29396729775615393,0.011429556059978925,1.7407407407407407,,
starvation,starvation_only,0.3,1,0,100,34.724309879072926,0.3217279037939023,0.021969745544548672,1.8533333333333333,,
starvation,starvation_only,0.3,1,0,125,43.218493288228885,0.34513099223401617,0.013377551360122551,1.8210526315789475,,
starvation,starvation_only,0.3,1,0,150,52.71375538031366,0.3573538218233587,0.007508827835149324,1.8508771929824561,,
starvation,starvation_only,0.3,1,0,175,62.708007766524275,0.3686910375212497,0.0066324970394578435,1.887218045112782,,
starvation,starvation_only,0.3,1,0,200,73.70154774853293,0.4111279681611328,0.009009496253427627,1.9407894736842106,,
starvation,starvation_only,0.3,1,0,225,81.19709052771145,0.43371349506473134,0.005508642002031517,1.9345238095238095,,
starvation,starvation_only,0.3,1,0,250,88.44195245778764,0.4257448099060729,0.006282695041518407,1.9344262295081966,,
starvation,starvation_only,0.3,1,0,275,99.18646384588602,0.455407272246866,0.006161369311838717,1.9751243781094527,,
starvation,starvation_only,0.3,1,0,300,108.68231206526497,0.4805752349765168,0.004910730464513479,1.9954128440366972,,
starvation,starvation_only,0.3,1,0,325,117.67864221757412,0.510404197421859,0.004779523347087754,2.0214592274678114,,
starvation,starvation_only,0.3,1,0,350,127.17443903784356,0.5121121312401467,0.0037388618652645015,2.0198412698412698,,
starvation,starvation_only,0.3,1,0,375,137.16912728057778,0.5205180119695356,0.0024252381031683824,2.033333333333333,,
starvation,starvation_only,0.3,1,0,400,144.4161237353197,0.5299893873118066,0.0034248588563605452,2.035211267605634,,
starvation,starvation_only,0.3,1,1,25,9.741937299784501,0.17752838659115563,0.06463348972644481,1.8571428571428572,,
starvation,starvation_only,0.3,1,1,50,17.486015765799095,0.11513599247843954,0.0428217255916894,1.8421052631578947,,
starvation,starvation_only,0.3,1,1,75,23.713166592152575,0.10524170859146013,0.016741249981038844,1.7592592592592593,,
starvation,starvation_only,0.3,1,1,100,33.20736317078947,0.12381057055392303,0.008055464406738256,1.7733333333333334,,
starvation,starvation_only,0.3,1,1,125,42.95139470154698,0.17906431614261742,0.01116777579813639,1.8105263157894738,,
starvation,starvation_only,0.3,1,1,150,51.67588468022567,0.19542869056701676,0.010855610329782595,1.8157894736842106,,
starvation,starvation_only,0.3,1,1,175,60.67017062089141,0.195623428983894,0.005726158674376039,1.8270676691729324,,
starvation,starvation_only,0.3,1,1,200,69.91416822695267,0.19321497774658503,0.004880043480916547,1.8421052631578947,,
starvation,starvation_only,0.3,1,1,225,78.65990325245349,0.2062232563314958,0.007604185063720657,1.875,,
starvation,starvation_only,0.3,1,1,250,85.15621761046444,0.20183038443526652,0.0032346107694302384,1.8633879781420766,,
starvation,starvation_only,0.3,1,1,275,92.650336164915,0.21177793766133995,0.004088282337384529,1.845771144278607,,
starvation,starvation_only,0.3,1,1,300,101.64530844893821,0.22575199127422169,0.006657498801805221,1.8669724770642202,,
starvation,starvation_only,0.3,1,1,325,110.39127091692473,0.24534280832431962,0.004977658501566562,1.8969957081545064,,
starvation,starvation_only,0.3,1,1,350,120.38699301340412,0.2582832251372148,0.006592957509018129,1.9126984126984128,,
starvation,starvation_only,0.3,1,1,375,131.132170732417,0.26940790629049455,0.005208176213291398,1.9444444444444444,,
starvation,starvation_only,0.3,1,1,400,138.87970792090164,0.27899284647789985,0.0031956227109547404,1.9577464788732395,,
starvation,starvation_only,0.3,1,2,25,7.742013216381828,0.11775094708643509,0.04432938072249607,1.4761904761904763,,
starvation,starvation_only,0.3,1,2,50,15.484758103608483,0.18062044498313723,0.033854610578668475,1.631578947368421,,
starvation,starvation_only,0.3,1,2,75,23.220876771398608,0.1809706435490999,0.02408120912769786,1.7222222222222223,,
starvation,starvation_only,0.3,1,2,100,32.71538884473978,0.2114493774403709,0.011246593904661897,1.7466666666666666,,
starvation,starvation_only,0.3,1,2,125,43.21028352610273,0.2891364424754385,0.018306827566164224,1.8210526315789475,,
starvation,starvation_only,0.3,1,2,150,53.70595345150197,0.3502806575881812,0.011040731182415315,1.8859649122807018,,
starvation,starvation_only,0.3,1,2,175,65.19970523732026,0.36161586068045204,0.010067236947712863,1.962406015037594,,
starvation,starvation_only,0.3,1,2,200,74.94408455037365,0.3607618814585963,0.008369322532955558,1.9736842105263157,,
starvation,starvation_only,0.3,1,2,225,84.19017790546513,0.4023524385792313,0.007812689295790537,2.005952380952381,,
starvation,starvation_only,0.3,1,2,250,90.68485237401147,0.3840522368592896,0.005299980082698744,1.9836065573770492,,
starvation,starvation_only,0.3,1,2,275,99.17990610901323,0.40746273339124156,0.0033429480455265583,1.9751243781094527,,
starvation,starvation_only,0.3,1,2,300,106.92451720265599,0.4120758432600481,0.004697040111659321,1.963302752293578,,
starvation,starvation_only,0.3,1,2,325,115.67211981040788,0.4421485515211612,0.005182193085268556,1.9871244635193133,,
starvation,starvation_only,0.3,1,2,350,124.16662525006183,0.43014090893365287,0.002590570022439773,1.9722222222222223,,
starvation,starvation_only,0.3,1,2,375,132.66043739629046,0.42821961389544533,0.004129905817388826,1.9666666666666666,,
starvation,starvation_only,0.3,1,2,400,139.65705113027272,0.4420783787196954,0.004083459362832011,1.9683098591549295,,
starvation,starvation_only,0.3,1,3,25,8.991349167804096,0.17879846368742605,0.06514523271831643,1.7142857142857142,,
starvation,starvation_only,0.3,1,3,50,17.236090475542245,0.2710150279944365,0.04567752375499274,1.8157894736842106,,
starvation,starvation_only,0.3,1,3,75,23.665873144903987,0.16336255485601708,0.021163690411018007,1.7592592592592593,,
starvation,starvation_only,0.3,1,3,100,34.395332986960874,0.24072610723052684,0.01631221798775639,1.84,,
starvation,starvation_only,0.3,1,3,125,46.13964013429401,0.315237433244701,0.01516843220992399,1.9473684210526316,,
starvation,starvation_only,0.3,1,3,150,55.63427954125726,0.32906422415125497,0.011728825681548507,1.956140350877193,,
starvation,starvation_only,0.3,1,3,175,63.87710078974868,0.30824865480721425,0.003995032101445866,1.9248120300751879,,
starvation,starvation_only,0.3,1,3,200,74.37156750650357,0.33205518328764455,0.0055674524407729135,1.9605263157894737,,
starvation,starvation_only,0.3,1,3,225,81.86802151699939,0.343556674055401,0.0039960582152230055,1.9523809523809523,,
starvation,starvation_only,0.3,1,3,250,89.61372397144643,0.34615392268887146,0.0050143472353847566,1.9617486338797814,,
starvation,starvation_only,0.3,1,3,275,97.10932688698364,0.3563441434737459,0.004984279625413771,1.935323383084577,,
starvation,starvation_only,0.3,1,3,300,105.10492089484539,0.36851342047225105,0.004988319146418614,1.9311926605504588,,
starvation,starvation_only,0.3,1,3,325,112.85205972889744,0.39710119664543636,0.005325467899059546,1.9399141630901287,,
starvation,starvation_only,0.3,1,3,350,119.85226401062397,0.39446345011258865,0.002200810539228496,1.9047619047619047,,
starvation,starvation_only,0.3,1,3,375,128.3471659406777,0.4096952340454556,0.005184318773587306,1.9037037037037037,,
starvation,starvation_only,0.3,1,3,400,135.09487760505507,0.42750748549511924,0.00453548248146109,1.9049295774647887,,
starvation,starvation_only,0.3,1,4,25,8.992217922230592,0.1805227135950022,0.06268350810489935,1.7142857142857142,,
starvation,starvation_only,0.3,1,4,50,16.23623567947431,0.17751322242243456,0.02685434797489818,1.7105263157894737,,
starvation,starvation_only,0.3,1,4,75,23.740387317751196,0.17958572816466378,0.029745853830431095,1.7592592592592593,,
starvation,starvation_only,0.3,1,4,100,34.23561498069149,0.2663532599659014,0.017521462147349877,1.8266666666666667,,
starvation,starvation_only,0.3,1,4,125,44.22948215541686,0.3073583735814406,0.014863658757690645,1.8631578947368421,,
starvation,starvation_only,0.3,1,4,150,52.47436234297744,0.32143420668416567,0.008695702607708458,1.8421052631578947,,
starvation,starvation_only,0.3,1,4,175,61.46923834938571,0.3420618949610609,0.0070762580653894736,1.849624060150376,,
starvation,starvation_only,0.3,1,4,200,72.21348214488971,0.39275573573476885,0.009783770971061471,1.9013157894736843,,
starvation,starvation_only,0.3,1,4,225,80.45918696429628,0.4187522271161986,0.006865245481450154,1.9166666666666667,,
starvation,starvation_only,0.3,1,4,250,87.45511249050291,0.41054013191220284,0.005231582604112528,1.9125683060109289,,
starvation,starvation_only,0.3,1,4,275,96.4503549509366,0.4263756856795727,0.004969783443140152,1.9203980099502487,,
starvation,starvation_only,0.3,1,4,300,103.94573654937633,0.4465315480814358,0.005332429098399644,1.908256880733945,,
starvation,starvation_only,0.3,1,4,325,111.69271056598535,0.47747898457483434,0.0034395181430460255,1.9184549356223175,,
starvation,starvation_only,0.3,1,4,350,119.1868978002931,0.4645508558882857,0.0035569314926396332,1.8928571428571428,,
starvation,starvation_only,0.3,1,4,375,126.93130976126935,0.44892173162825494,0.003924778344024104,1.8814814814814815,,
starvation,starvation_only,0.3,1,4,400,133.17843632544003,0.4563362560850846,0.0029114264550678926,1.8767605633802817,,
starvation,starvation_only,0.3,1,5,25,8.742227490825803,0.24028265125200607,0.058531034553733485,1.6666666666666667,,
starvation,starvation_only,0.3,1,5,50,15.23768691361772,0.1993681558153962,0.047718249629476545,1.605263157894737,,
starvation,starvation_only,0.3,1,5,75,21.9828779548603,0.18832387299580006,0.017870759732814597,1.6296296296296295,,
starvation,starvation_only,0.3,1,5,100,33.95913406007109,0.24097454507824986,0.02518631663707308,1.8133333333333332,,
starvation,starvation_only,0.3,1,5,125,43.93900089675835,0.3063889664900588,0.013665973158093932,1.8526315789473684,,
starvation,starvation_only,0.3,1,5,150,54.18433754147761,0.3240000512908258,0.006066147107268744,1.9035087719298245,,
starvation,starvation_only,0.3,1,5,175,64.178916644281,0.3384506440193803,0.0048804444361176666,1.9323308270676691,,
starvation,starvation_only,0.3,1,5,200,73.423968115769,0.34779748331902305,0.005206947723776683,1.9342105263157894,,
starvation,starvation_only,0.3,1,5,225,83.66934533585906,0.38930286375578044,0.007924021975450224,1.994047619047619,,
starvation,starvation_only,0.3,1,5,250,91.16487720786289,0.3864936034709482,0.002333462206911747,1.994535519125683,,
starvation,starvation_only,0.3,1,5,275,99.40993424723587,0.39234725806457715,0.004220357747701699,1.9800995024875623,,
starvation,starvation_only,0.3,1,5,300,107.90509688761222,0.401248211010759,0.004478990492471101,1.981651376146789,,
starvation,starvation_only,0.3,1,5,325,116.90110442700775,0.4406022912121839,0.005644177056390559,2.0085836909871246,,
starvation,starvation_only,0.3,1,5,350,128.14593051769447,0.4592395808591405,0.005449677471021075,2.0357142857142856,,
starvation,starvation_only,0.3,1,5,375,138.1400608222387,0.47320533293911404,0.004925617517055539,2.0481481481481483,,
starvation,starvation_only,0.3,1,5,400,146.63639538568745,0.491751744520083,0.0028369381135916662,2.066901408450704,,
starvation,starvation_only,0.3,1,6,25,8.740171139182266,0.2220931878939553,0.050625991558150354,1.6666666666666667,,
starvation,starvation_only,0.3,1,6,50,15.986445705270766,0.40174221427752477,0.03131577648535349,1.6842105263157894,,
starvation,starvation_only,0.3,1,6,75,22.72877438665325,0.2638575886622743,0.018163887739220275,1.6851851851851851,,
starvation,starvation_only,0.3,1,6,100,32.97362730390407,0.38189878173697867,0.020498704752244593,1.76,,
starvation,starvation_only,0.3,1,6,125,41.45503450013317,0.4054461532078041,0.01567814383003637,1.7473684210526317,,
starvation,starvation_only,0.3,1,6,150,48.44947901809704,0.4116424543505047,0.011182533618093215,1.7017543859649122,,
starvation,starvation_only,0.3,1,6,175,57.19414766945777,0.4211120053471478,0.010874611040151949,1.7218045112781954,,
starvation,starvation_only,0.3,1,6,200,65.93902467021638,0.4454056005691538,0.006938190135961614,1.736842105263158,,
starvation,starvation_only,0.3,1,6,225,72.43573274124083,0.47018355199643064,0.006371457109834147,1.7261904761904763,,
starvation,starvation_only,0.3,1,6,250,78.43098032250994,0.4485465479712873,0.00747652310533386,1.715846994535519,,
starvation,starvation_only,0.3,1,6,275,87.92593825804853,0.46885075612768284,0.006422027640235053,1.7512437810945274,,
starvation,starvation_only,0.3,1,6,300,98.17026840175241,0.48705618070103257,0.004470981198757885,1.8027522935779816,,
starvation,starvation_only,0.3,1,6,325,105.6672094813945,0.5149352212905098,0.003979209468209694,1.815450643776824,,
starvation,starvation_only,0.3,1,6,350,113.41086223174807,0.49636597884646017,0.004419051362864681,1.8015873015873016,,
starvation,starvation_only,0.3,1,6,375,122.65665615157806,0.5062031833526878,0.0036292890836409795,1.8185185185185184,,
starvation,starvation_only,0.3,1,6,400,131.6540508310478,0.5277966941102922,0.005258286354149743,1.8556338028169015,,
starvation,starvation_only,0.3,1,7,25,8.49290258688206,0.30432217878101864,0.0700011859859301,1.619047619047619,,
starvation,starvation_only,0.3,1,7,50,16.73612576579736,0.3458619393159565,0.02349078462445999,1.763157894736842,,
starvation,starvation_only,0.3,1,7,75,22.73088331762288,0.2960968938513087,0.010420211415507467,1.6851851851851851,,
starvation,starvation_only,0.3,1,7,100,33.475334534717774,0.35906806732710095,0.021152844008119075,1.7866666666666666,,
starvation,starvation_only,0.3,1,7,125,42.96986286304236,0.38478276348183993,0.012807314844337567,1.8105263157894738,,
starvation,starvation_only,0.3,1,7,150,53.71556650422967,0.44929913801786797,0.020179660793350766,1.8859649122807018,,
starvation,starvation_only,0.3,1,7,175,62.7099229892711,0.4574941032457822,0.008465540404780219,1.887218045112782,,
starvation,starvation_only,0.3,1,7,200,72.20419028116847,0.4780646501103486,0.008636104200898652,1.9013157894736843,,
starvation,starvation_only,0.3,1,7,225,80.69991442100755,0.5114522255757483,0.007663417734024937,1.9226190476190477,,
starvation,starvation_only,0.3,1,7,250,86.94512367687621,0.46971912553709555,0.005374609461954167,1.901639344262295,,
starvation,starvation_only,0.3,1,7,275,96.68891206640603,0.47306540691630566,0.006178067756932939,1.9253731343283582,,
starvation,starvation_only,0.3,1,7,300,104.93522738388359,0.48339210677004524,0.003760630389379339,1.926605504587156,,
starvation,starvation_only,0.3,1,7,325,113.1818279202593,0.49049572594699353,0.004829773455514236,1.944206008583691,,
starvation,starvation_only,0.3,1,7,350,120.92671038321755,0.47390808861033684,0.006639194445716696,1.9206349206349207,,
starvation,starvation_only,0.3,1,7,375,130.17426492290645,0.4796424075077591,0.002903600973792787,1.9296296296296296,,
starvation,starvation_only,0.3,1,7,400,136.4220570039272,0.49891351606415846,0.0036915012605319704,1.9225352112676057,,
starvation,starvation_only,0.3,2,0,25,6.494374311003943,0.21064966425549325,0.08955133734625136,1.4444444444444444,,
starvation,starvation_only,0.3,2,0,50,14.485071485950337,0.22550387348677636,0.06105736606911415,1.6571428571428573,,
starvation,starvation_only,0.3,2,0,75,22.22182690360281,0.23658168314167333,0.03135307378795895,1.7115384615384615,,
starvation,starvation_only,0.3,2,0,100,29.716624928250752,0.28879469500875976,0.017220705111462467,1.7761194029850746,,
starvation,starvation_only,0.3,2,0,125,39.96158803332471,0.38523689154784124,0.022632264042123547,1.8823529411764706,,
starvation,starvation_only,0.3,2,0,150,44.20974373302259,0.3696729808064636,0.012210851568258695,1.8829787234042554,,
starvation,starvation_only,0.3,2,0,175,53.454097690382724,0.3554036579390557,0.011746403677276005,1.8771929824561404,,
starvation,starvation_only,0.3,2,0,200,62.19657393970506,0.32025294096392876,0.012348917069210975,1.8444444444444446,,
starvation,starvation_only,0.3,2,0,225,71.69211489135772,0.3435231702358451,0.006527747471988812,1.8758169934640523,,
starvation,starvation_only,0.3,2,0,250,78.1878347108076,0.34416104196811137,0.007326039498739347,1.8630952380952381,,
starvation,starvation_only,0.3,2,0,275,86.93384375438458,0.370959045486855,0.003919200675399494,1.8810810810810812,,
starvation,starvation_only,0.3,2,0,300,96.42976537377045,0.41151091609682533,0.006483514779002537,1.9014778325123152,,
starvation,starvation_only,0.3,2,0,325,105.17507640257745,0.4340544833781529,0.006799012324169336,1.9136363636363636,,
starvation,starvation_only,0.3,2,0,350,114.91907503981712,0.44648829523335654,0.005113392172239288,1.9166666666666667,,
starvation,starvation_only,0.3,2,0,375,123.41291967799495,0.43075753530616967,0.002664028933391375,1.89272030651341,,
starvation,starvation_only,0.3,2,0,400,131.15687740196284,0.43072102170045906,0.003329528892800603,1.881720430107527,,
starvation,starvation_only,0.3,2,1,25,7.242597306053001,0.0783124600172356,0.05129759954809038,1.6111111111111112,,
starvation,starvation_only,0.3,2,1,50,15.987190169915662,0.09045649202893287,0.03223687258939003,1.8285714285714285,,
starvation,starvation_only,0.3,2,1,75,23.981594206126537,0.14687553132651096,0.015452329210610993,1.8461538461538463,,
starvation,starvation_only,0.3,2,1,100,30.72666531309106,0.19358462165754978,0.024695372859795103,1.835820895522388,,
starvation,starvation_only,0.3,2,1,125,39.97173927051725,0.23156485132315308,0.015745800390032573,1.8823529411764706,,
starvation,starvation_only,0.3,2,1,150,43.96956377953806,0.20317961097033765,0.009832583242849562,1.872340425531915,,
starvation,starvation_only,0.3,2,1,175,52.214411438768,0.16508696322103944,0.010960651602521812,1.8333333333333333,,
starvation,starvation_only,0.3,2,1,200,63.16249562774574,0.14942307507857153,0.008480710476720358,1.874074074074074,,
starvation,starvation_only,0.3,2,1,225,71.90901666423977,0.15351074434775347,0.007367235743290005,1.8823529411764706,,
starvation,starvation_only,0.3,2,1,250,80.15424019357476,0.17389649096099796,0.007057619968351089,1.9107142857142858,,
starvation,starvation_only,0.3,2,1,275,88.62111032029189,0.18597415799996567,0.005597289826997864,1.9189189189189189,,
starvation,starvation_only,0.3,2,1,300,97.36499329683049,0.20972295054030976,0.007009314535422077,1.9211822660098523,,
starvation,starvation_only,0.3,2,1,325,107.3608389041965,0.24820397116144022,0.005496987244311472,1.9545454545454546,,
starvation,starvation_only,0.3,2,1,350,118.60498475851334,0.2467135939535108,0.005767604591676285,1.9791666666666667,,
starvation,starvation_only,0.3,2,1,375,130.59820099210808,0.2575507735619262,0.0036683903594405586,2.003831417624521,,
starvation,starvation_only,0.3,2,1,400,140.3427769514439,0.2717064254086479,0.0035641595496189327,2.014336917562724,,
starvation,starvation_only,0.3,2,2,25,7.99297130771272,0.19635350918292188,0.056322875963382785,1.7777777777777777,,
starvation,starvation_only,0.3,2,2,50,16.73750109419042,0.278556793479028,0.04826678125016143,1.9142857142857144,,
starvation,starvation_only,0.3,2,2,75,25.231566949536777,0.30730995025423224,0.025073396038914293,1.9423076923076923,,
starvation,starvation_only,0.3,2,2,100,33.46716697701603,0.36009337348252396,0.020784699938981546,2.0,,
starvation,starvation_only,0.3,2,2,125,42.46170212866549,0.3824864055715573,0.006128593903704103,2.0,,
starvation,starvation_only,0.3,2,2,150,46.46397207218329,0.40724881666027773,0.003919260706633505,1.9787234042553192,,
starvation,starvation_only,0.3,2,2,175,59.94482335306956,0.4683163058720641,0.01823845542282111,2.1052631578947367,,
starvation,starvation_only,0.3,2,2,200,70.68857790520143,0.4574788931359974,0.0050757163144059215,2.096296296296296,,
starvation,starvation_only,0.3,2,2,225,79.4343388044165,0.46450617895095075,0.005033945123761735,2.0784313725490198,,
starvation,starvation_only,0.3,2,2,250,86.93003124724335,0.4635269243857413,0.0030716001782127513,2.0714285714285716,,
starvation,starvation_only,0.3,2,2,275,95.17549454066582,0.4567381590850472,0.004731576378468157,2.0594594594594593,,
starvation,starvation_only,0.3,2,2,300,104.67342430602227,0.48087053072111796,0.007479640302360996,2.064039408866995,,
starvation,starvation_only,0.3,2,2,325,113.9176414656516,0.48664094722364065,0.0034764329739207654,2.0727272727272728,,
starvation,starvation_only,0.3,2,2,350,121.91147299484562,0.4669735492691169,0.0036573654834806237,2.033333333333333,,
starvation,starvation_only,0.3,2,2,375,132.1571021007996,0.4682962792018016,0.002402375821212936,2.0268199233716473,,
starvation,starvation_only,0.3,2,2,400,141.40118598871464,0.47496327836495705,0.0034149538309300996,2.028673835125448,,
starvation,starvation_only,0.3,2,3,25,8.994557826952335,0.2562217608802429,0.08275827560373662,2.0,,
starvation,starvation_only,0.3,2,3,50,15.239963674078787,0.1450907745042181,0.03848253766789909,1.7428571428571429,,
starvation,starvation_only,0.3,2,3,75,22.73453162012136,0.14236548564573054,0.01759209604009051,1.75,,
starvation,starvation_only,0.3,2,3,100,29.97874155821414,0.17825732364670654,0.017603061833542544,1.791044776119403,,
starvation,starvation_only,0.3,2,3,125,36.973953789823994,0.20079429231063772,0.01492102556308503,1.7411764705882353,,
starvation,starvation_only,0.3,2,3,150,40.70268102195824,0.1915450561035193,0.004966985588500503,1.7340425531914894,,
starvation,starvation_only,0.3,2,3,175,49.69678818401903,0.21870496068761663,0.006871024012497448,1.7456140350877194,,
starvation,starvation_only,0.3,2,3,200,59.19024122572347,0.1834410449352481,0.011105316735569302,1.7555555555555555,,
starvation,starvation_only,0.3,2,3,225,66.68527489989016,0.1851156392425778,0.005432442469625527,1.7450980392156863,,
starvation,starvation_only,0.3,2,3,250,73.93156942602877,0.18006412447203,0.010825435069357528,1.7619047619047619,,
starvation,starvation_only,0.3,2,3,275,80.67677508591404,0.175376164188912,0.004782913783834215,1.7459459459459459,,
starvation,starvation_only,0.3,2,3,300,91.42099084375785,0.2028598735113727,0.007050667896199041,1.8029556650246306,,
starvation,starvation_only,0.3,2,3,325,100.16416178285394,0.23565025620503682,0.005418604091981938,1.8227272727272728,,
starvation,starvation_only,0.3,2,3,350,109.40798668516494,0.22605325235283474,0.006527716169399717,1.825,,
starvation,starvation_only,0.3,2,3,375,119.9010676681949,0.22865992797773077,0.0046980379837581075,1.839080459770115,,
starvation,starvation_only,0.3,2,3,400,128.14479538763513,0.23948893224277357,0.0037952030382177354,1.8387096774193548,,
starvation,starvation_only,0.3,2,4,25,7.7428102204962475,0.12999297403689064,0.060857211389514346,1.7222222222222223,,
starvation,starvation_only,0.3,2,4,50,15.237310726809204,0.1324584745429795,0.03606483532392952,1.7428571428571429,,
starvation,starvation_only,0.3,2,4,75,22.7323557414851,0.114562316096241,0.023990322033264466,1.75,,
starvation,starvation_only,0.3,2,4,100,30.227703123352327,0.16411629072877815,0.013473780869300445,1.8059701492537314,,
starvation,starvation_only,0.3,2,4,125,39.222772744671055,0.2119664372190498,0.015445186219314198,1.8470588235294119,,
starvation,starvation_only,0.3,2,4,150,43.72076230904622,0.21259785369690362,0.005450336563376507,1.8617021276595744,,
starvation,starvation_only,0.3,2,4,175,54.46480397025104,0.24577690927584395,0.008687413003571875,1.912280701754386,,
starvation,starvation_only,0.3,2,4,200,62.70850674775226,0.23335386594213317,0.008590878695586267,1.8592592592592592,,
starvation,starvation_only,0.3,2,4,225,70.45343461232295,0.23954629769385427,0.003144941702755759,1.8431372549019607,,
starvation,starvation_only,0.3,2,4,250,77.19876111071045,0.2559966456649132,0.004412258430420795,1.8392857142857142,,
starvation,starvation_only,0.3,2,4,275,84.94538249591082,0.2604395214342464,0.008210480659789148,1.837837837837838,,
starvation,starvation_only,0.3,2,4,300,94.42231615050397,0.2974326643010561,0.00465274548872145,1.8620689655172413,,
starvation,starvation_only,0.3,2,4,325,103.37931898831387,0.3124728036348864,0.004631406170371146,1.8818181818181818,,
starvation,starvation_only,0.3,2,4,350,111.87460259059168,0.3120597462042313,0.002213220682329887,1.8666666666666667,,
starvation,starvation_only,0.3,2,4,375,120.86884280652635,0.32413891933287226,0.003344723866625604,1.8544061302681993,,
starvation,starvation_only,0.3,2,4,400,129.8638697506541,0.34383555265040117,0.004236269862011587,1.863799283154122,,
starvation,starvation_only,0.3,2,5,25,7.744620723202031,0.24578730043272845,0.08220530430335214,1.7222222222222223,,
starvation,starvation_only,0.3,2,5,50,15.488694043134771,0.2267053946232552,0.04253628819196283,1.7714285714285714,,
starvation,starvation_only,0.3,2,5,75,22.982589628019056,0.25246445632941084,0.022849326970432557,1.7692307692307692,,
starvation,starvation_only,0.3,2,5,100,30.47904830125904,0.3301145965866023,0.01327159294078816,1.8208955223880596,,
starvation,starvation_only,0.3,2,5,125,38.222618560684325,0.33642228537603014,0.010861712136095613,1.8,,
starvation,starvation_only,0.3,2,5,150,42.46977387960706,0.3130006330705817,0.008631795072731896,1.8085106382978724,,
starvation,starvation_only,0.3,2,5,175,52.19866591812384,0.3045773365708867,0.017808604589919487,1.8333333333333333,,
starvation,starvation_only,0.3,2,5,200,62.69172955190219,0.2863142158743596,0.011716543195146012,1.8592592592592592,,
starvation,starvation_only,0.3,2,5,225,72.68764947914067,0.31097160443486555,0.006021407665992138,1.9019607843137254,,
starvation,starvation_only,0.3,2,5,250,79.43349113272768,0.3014755150340116,0.007218335634106774,1.8928571428571428,,
starvation,starvation_only,0.3,2,5,275,88.17974228594811,0.321053148962334,0.008079029929680114,1.9081081081081082,,
starvation,starvation_only,0.3,2,5,300,98.92537249356505,0.36907479902795753,0.005155721480408995,1.9507389162561577,,
starvation,starvation_only,0.3,2,5,325,108.89117631593157,0.3984395724511365,0.004703406589302842,1.981818181818182,,
starvation,starvation_only,0.3,2,5,350,118.63547199111949,0.404778272608879,0.004587269045812139,1.9791666666666667,,
starvation,starvation_only,0.3,2,5,375,129.5925328943427,0.4015798977583676,0.0033896179706165573,1.9885057471264367,,
starvation,starvation_only,0.3,2,5,400,137.58665051754832,0.39271582976874575,0.003146507734692092,1.974910394265233,,
starvation,starvation_only,0.3,2,6,25,5.992345514234048,0.045562442736849354,0.03295584684995487,1.3333333333333333,,
starvation,starvation_only,0.3,2,6,50,11.986679338654005,0.05271291862394129,0.03873425638609727,1.3714285714285714,,
starvation,starvation_only,0.3,2,6,75,19.480861748987557,0.1042018541038473,0.015846586513894242,1.5,,
starvation,starvation_only,0.3,2,6,100,25.725889274562324,0.09274432415858344,0.02457043377487107,1.537313432835821,,
starvation,starvation_only,0.3,2,6,125,33.47146734027604,0.10259438020599118,0.0113371747658163,1.576470588235294,,
starvation,starvation_only,0.3,2,6,150,38.71831478689633,0.1248342351924103,0.013465917300310916,1.648936170212766,,
starvation,starvation_only,0.3,2,6,175,47.21156809644473,0.1310425956400807,0.011741727248185618,1.6578947368421053,,
starvation,starvation_only,0.3,2,6,200,56.45560940646742,0.1309960267650072,0.009550116748901664,1.674074074074074,,
starvation,starvation_only,0.3,2,6,225,64.9508987957675,0.13683670731106773,0.005049173912831397,1.6993464052287581,,
starvation,starvation_only,0.3,2,6,250,71.94537464556775,0.1554309406286384,0.008066467919530392,1.7142857142857142,,
starvation,starvation_only,0.3,2,6,275,79.44067548145144,0.16619197579147932,0.0071984976262396486,1.718918918918919,,
starvation,starvation_only,0.3,2,6,300,89.68590658844214,0.2126980482397366,0.007498059152182907,1.7684729064039408,,
starvation,starvation_only,0.3,2,6,325,98.43082699985739,0.23936989615139453,0.005833930658860603,1.790909090909091,,
starvation,starvation_only,0.3,2,6,350,106.37852111197458,0.2427838412763265,0.0032774840185936017,1.775,,
starvation,starvation_only,0.3,2,6,375,116.81997479139093,0.2587897205321765,0.004267891726233184,1.793103448275862,,
starvation,starvation_only,0.3,2,6,400,126.06583716734416,0.28785080981744604,0.005319079406629001,1.810035842293907,,
starvation,starvation_only,0.3,2,7,25,6.740781442569308,0.0976541320068366,0.05008031842101144,1.5,,
starvation,starvation_only,0.3,2,7,50,12.733904648499974,0.11951329174338482,0.039140933887115426,1.457142857142857,,
starvation,starvation_only,0.3,2,7,75,20.227244288958644,0.18072358463758265,0.017014052886195313,1.5576923076923077,,
starvation,starvation_only,0.3,2,7,100,28.972120985925578,0.2887437225565499,0.02130250051056956,1.7313432835820894,,
starvation,starvation_only,0.3,2,7,125,38.46668354113045,0.36470672063607024,0.017825104868532775,1.811764705882353,,
starvation,starvation_only,0.3,2,7,150,42.21463802741469,0.37827731318692254,0.0067519147307313595,1.797872340425532,,
starvation,starvation_only,0.3,2,7,175,51.45709492856573,0.35707251064718437,0.009767685422504679,1.8070175438596492,,
starvation,starvation_only,0.3,2,7,200,62.20136298621147,0.383105679362387,0.014061476559254332,1.8444444444444446,,
starvation,starvation_only,0.3,2,7,225,71.44627163704567,0.40145298899378135,0.006552031474168845,1.869281045751634,,
starvation,starvation_only,0.3,2,7,250,78.69170111202445,0.4089570644010969,0.00688067212229705,1.875,,
starvation,starvation_only,0.3,2,7,275,88.43883698304145,0.4531495457880489,0.00750094188224675,1.9135135135135135,,
starvation,starvation_only,0.3,2,7,300,97.43414468360612,0.46784049055668187,0.0050595232117699954,1.9211822660098523,,
starvation,starvation_only,0.3,2,7,325,106.17805823443791,0.4730359737192958,0.004572379396674455,1.9318181818181819,,
starvation,starvation_only,0.3,2,7,350,116.17173424234096,0.4815697016001226,0.0065578312233547775,1.9375,,
starvation,starvation_only,0.3,2,7,375,128.66714477225545,0.47047511150270754,0.0072826191384378755,1.9731800766283525,,
starvation,starvation_only,0.3,2,7,400,138.4115464358952,0.4683206377337301,0.0024162753666556614,1.985663082437276,,
starvation,starvation_only,0.6,0,0,25,1.7490232354299147,0.1686590280304258,0.07592752128026711,1.75,,
starvation,starvation_only,0.6,0,0,50,5.996994541896364,0.16777072809511837,0.054217595422880606,1.6,,
starvation,starvation_only,0.6,0,0,75,9.996092105881758,0.1121014779412772,0.054139343298781235,1.6666666666666667,,
starvation,starvation_only,0.6,0,0,100,13.993553625313893,0.10619444833107138,0.023563219303316504,1.6470588235294117,,
starvation,starvation_only,0.6,0,0,125,17.74175576807882,0.12622266027545398,0.013792087114120919,1.7317073170731707,,
starvation,starvation_only,0.6,0,0,150,20.490069642071035,0.09961166236102462,0.015421215770583308,1.7083333333333333,,
starvation,starvation_only,0.6,0,0,175,22.2384539276541,0.07689992622406182,0.00656389707946812,1.6481481481481481,,
starvation,starvation_only,0.6,0,0,200,25.723377913009884,0.0763142368051235,0.014145837417291305,1.5846153846153845,,
starvation,starvation_only,0.6,0,0,225,28.721671368989316,0.07856419779534736,0.008867009770158276,1.5753424657534247,,
starvation,starvation_only,0.6,0,0,250,33.46752900367452,0.08190312183096976,0.01147810704398736,1.5952380952380953,,
starvation,starvation_only,0.6,0,0,275,36.46522226146466,0.0756107752470864,0.008798533405972291,1.6043956043956045,,
starvation,starvation_only,0.6,0,0,300,39.96351489684785,0.07028934242754656,0.004783950617581809,1.6161616161616161,,
starvation,starvation_only,0.6,0,0,325,43.46097335470528,0.058576829359821864,0.009727519737441223,1.6111111111111112,,
starvation,starvation_only,0.6,0,0,350,48.458409043111445,0.05486746400408597,0.00703251250919243,1.6302521008403361,,
starvation,starvation_only,0.6,0,0,375,51.95656986833354,0.05276266604349287,0.0051189870232685175,1.6377952755905512,,
starvation,starvation_only,0.6,0,0,400,55.71023999873508,0.04638657641106585,0.0029649444866462304,1.6397058823529411,,
starvation,starvation_only,0.6,0,1,25,1.4991951626464928,0.07263499937706286,0.04516361678820607,1.5,,
starvation,starvation_only,0.6,0,1,50,4.995725097912995,0.12478068171989708,0.03178243473685816,1.3333333333333333,,
starvation,starvation_only,0.6,0,1,75,8.242769680581027,0.0492082270173335,0.031794327970934906,1.375,,
starvation,starvation_only,0.6,0,1,100,11.739284540228123,0.04655468097065303,0.02665168851044415,1.3823529411764706,,
starvation,starvation_only,0.6,0,1,125,14.987241233147154,0.05344779465293517,0.016804669756557762,1.4634146341463414,,
starvation,starvation_only,0.6,0,1,150,17.73884836985665,0.04723742032762855,0.008853899193748927,1.4791666666666667,,
starvation,starvation_only,0.6,0,1,175,19.49028691635866,0.04691724772424636,0.011706870870123209,1.4444444444444444,,
starvation,starvation_only,0.6,0,1,200,22.261605334425475,0.03665033879706965,0.008428969956574833,1.3692307692307693,,
starvation,starvation_only,0.6,0,1,225,25.258890669081183,0.04255168144850967,0.007569512620447332,1.3835616438356164,,
starvation,starvation_only,0.6,0,1,250,29.50493171065252,0.0538757000163098,0.011279441047400876,1.4047619047619047,,
starvation,starvation_only,0.6,0,1,275,32.003352856936694,0.05861378101349466,0.006261392606079589,1.4065934065934067,,
starvation,starvation_only,0.6,0,1,300,35.75143498508243,0.06134247797513345,0.009829717156066899,1.4444444444444444,,
starvation,starvation_only,0.6,0,1,325,39.49890324016885,0.06891628606566064,0.006651635098381594,1.462962962962963,,
starvation,starvation_only,0.6,0,1,350,44.003824425474534,0.07953048762224206,0.008822529069059601,1.4789915966386555,,
starvation,starvation_only,0.6,0,1,375,47.751649718072564,0.0734783565118883,0.0076279690583938575,1.5039370078740157,,
starvation,starvation_only,0.6,0,1,400,51.74950166129969,0.06609191959625392,0.010568299881954814,1.5220588235294117,,
starvation,starvation_only,0.6,0,2,25,1.9999500475049834,0.14980084401294194,0.05597515851112242,2.0,,
starvation,starvation_only,0.6,0,2,50,5.995312242377095,0.07683223682733674,0.0549359425050006,1.6,,
starvation,starvation_only,0.6,0,2,75,8.992720880848346,0.05401076482305529,0.020305024795589283,1.5,,
starvation,starvation_only,0.6,0,2,100,11.489242375996445,0.02986689589218752,0.0191629766672497,1.3529411764705883,,
starvation,starvation_only,0.6,0,2,125,13.486530853631534,0.030805674945968496,0.01663584483870103,1.3170731707317074,,
starvation,starvation_only,0.6,0,2,150,15.488598420368158,0.033313293982764045,0.02050500489947356,1.2916666666666667,,
starvation,starvation_only,0.6,0,2,175,16.98735666056258,0.028488446144310356,0.005713118533269552,1.2592592592592593,,
starvation,starvation_only,0.6,0,2,200,20.98538847710688,0.04122610071253875,0.010216346527524137,1.2923076923076924,,
starvation,starvation_only,0.6,0,2,225,23.733325561183115,0.04019464117755441,0.005733769890299449,1.3013698630136987,,
starvation,starvation_only,0.6,0,2,250,26.730002523754393,0.03559474215729438,0.008269293960502924,1.2738095238095237,,
starvation,starvation_only,0.6,0,2,275,29.228382670500125,0.03559576094361442,0.009660373276957363,1.2857142857142858,,
starvation,starvation_only,0.6,0,2,300,31.72650892920838,0.03920593421239499,0.005217049885026157,1.2828282828282829,,
starvation,starvation_only,0.6,0,2,325,34.69817467265011,0.03821200990511987,0.006515552574984911,1.287037037037037,,
starvation,starvation_only,0.6,0,2,350,38.69484135795985,0.03659061653116571,0.008010585469438152,1.3025210084033614,,
starvation,starvation_only,0.6,0,2,375,40.665044863270325,0.034996252785769,0.004774564990522897,1.2834645669291338,,
starvation,starvation_only,0.6,0,2,400,43.16247839668972,0.031206457873273745,0.005752768515581199,1.2720588235294117,,
starvation,starvation_only,0.6,0,3,25,1.2493948904093986,0.18092603640255495,0.08180952961149764,1.25,,
starvation,starvation_only,0.6,0,3,50,4.995142709360762,0.154181799823213,0.07714654169875812,1.3333333333333333,,
starvation,starvation_only,0.6,0,3,75,8.491540684345553,0.05046185984219664,0.03609088258877029,1.4166666666666667,,
starvation,starvation_only,0.6,0,3,100,11.988332841103,0.02584564834547507,0.024991541444845014,1.411764705882353,,
starvation,starvation_only,0.6,0,3,125,14.235682164173449,0.02072643702562974,0.01164867168438795,1.3902439024390243,,
starvation,starvation_only,0.6,0,3,150,16.4838291045459,0.021878497638611917,0.014553027095900535,1.375,,
starvation,starvation_only,0.6,0,3,175,18.73475046131211,0.01550507130898953,0.012149972798030994,1.3888888888888888,,
starvation,starvation_only,0.6,0,3,200,22.481640700944162,0.025211035805715265,0.016033278493441556,1.3846153846153846,,
starvation,starvation_only,0.6,0,3,225,26.229496610174472,0.020708350281181863,0.012906772886977183,1.4383561643835616,,
starvation,starvation_only,0.6,0,3,250,30.725665338768245,0.022889153866997296,0.00919792704649969,1.4642857142857142,,
starvation,starvation_only,0.6,0,3,275,32.97352662730916,0.02467997435120124,0.005021702031323475,1.4505494505494505,,
starvation,starvation_only,0.6,0,3,300,36.72148710221182,0.028224427544731666,0.0062871451076887104,1.4848484848484849,,
starvation,starvation_only,0.6,0,3,325,39.96911313567884,0.029048805014664243,0.004983038726018725,1.4814814814814814,,
starvation,starvation_only,0.6,0,3,350,43.966027486744736,0.030529924387677057,0.0056107534325437,1.4789915966386555,,
starvation,starvation_only,0.6,0,3,375,47.96889650990725,0.033064450203952975,0.005116699978817736,1.5118110236220472,,
starvation,starvation_only,0.6,0,3,400,51.46654738262875,0.03184119077861655,0.0033634268678653504,1.5147058823529411,,
starvation,starvation_only,0.6,0,4,25,2.2492592892107997,0.09533477595230254,0.04103431117672719,2.25,,
starvation,starvation_only,0.6,0,4,50,6.248280109497623,0.06805112071847974,0.04003443697564716,1.6666666666666667,,
starvation,starvation_only,0.6,0,4,75,9.24526311410417,0.07177746994863314,0.032172361590941445,1.5416666666666667,,
starvation,starvation_only,0.6,0,4,100,11.991870949569364,0.04760932756177565,0.01884296347044812,1.411764705882353,,
starvation,starvation_only,0.6,0,4,125,13.989620716292958,0.04529202526671032,0.009059886549544397,1.3658536585365855,,
starvation,starvation_only,0.6,0,4,150,16.987564533712145,0.03535920537410019,0.018919134498090615,1.4166666666666667,,
starvation,starvation_only,0.6,0,4,175,18.985987638834043,0.04382150390468927,0.009080571417389969,1.4074074074074074,,
starvation,starvation_only,0.6,0,4,200,22.2161655374658,0.037349890056695895,0.012070946540194381,1.3692307692307693,,
starvation,starvation_only,0.6,0,4,225,24.46455664585095,0.03916420768921665,0.0030911406643255785,1.3424657534246576,,
starvation,starvation_only,0.6,0,4,250,28.212149113587465,0.045214895793536686,0.008314125179441675,1.3452380952380953,,
starvation,starvation_only,0.6,0,4,275,30.70997318419541,0.04605596439608269,0.007212829520820395,1.3516483516483517,,
starvation,starvation_only,0.6,0,4,300,33.21495792832357,0.04601601342167251,0.007816683246885442,1.3434343434343434,,
starvation,starvation_only,0.6,0,4,325,37.21930656394765,0.04709967950009511,0.007388782873058786,1.3796296296296295,,
starvation,starvation_only,0.6,0,4,350,42.21659508098928,0.04815495108285983,0.008872001963306229,1.4201680672268908,,
starvation,starvation_only,0.6,0,4,375,44.71561212077315,0.0500592268719516,0.004218433280726936,1.4094488188976377,,
starvation,starvation_only,0.6,0,4,400,47.71338762875344,0.05540093016359823,0.006554022473418663,1.4044117647058822,,
starvation,starvation_only,0.6,0,5,25,1.7492384280334223,0.13880278282004055,0.07195875038023339,1.75,,
starvation,starvation_only,0.6,0,5,50,5.744965430225021,0.19448104981267855,0.08548200713941348,1.5333333333333334,,
starvation,starvation_only,0.6,0,5,75,9.740931885896124,0.13125813427516456,0.040392502849062505,1.625,,
starvation,starvation_only,0.6,0,5,100,14.737790226902856,0.07251949865245487,0.035949707586874075,1.7352941176470589,,
starvation,starvation_only,0.6,0,5,125,18.235769745840035,0.07473235925688546,0.015893569150146936,1.7804878048780488,,
starvation,starvation_only,0.6,0,5,150,20.98361622782941,0.064800411019518,0.017504269326365587,1.75,,
starvation,starvation_only,0.6,0,5,175,24.23227054149573,0.06923918525681627,0.015819809372135535,1.7962962962962963,,
starvation,starvation_only,0.6,0,5,200,28.22980690618361,0.07074405540560993,0.012710084751917561,1.7384615384615385,,
starvation,starvation_only,0.6,0,5,225,31.227847925001775,0.07032895939886177,0.004849348257431599,1.7123287671232876,,
starvation,starvation_only,0.6,0,5,250,35.726469170495314,0.0766218075210054,0.00676086996656909,1.7023809523809523,,
starvation,starvation_only,0.6,0,5,275,38.97486482986691,0.07090846437629725,0.0060974604635869265,1.7142857142857142,,
starvation,starvation_only,0.6,0,5,300,43.22337810948292,0.07718737357845794,0.005624175229564852,1.7474747474747474,,
starvation,starvation_only,0.6,0,5,325,46.971126230244565,0.07894764137573995,0.008035490488697844,1.7407407407407407,,
starvation,starvation_only,0.6,0,5,350,51.96868633498441,0.0818784785698653,0.007801282887442966,1.7478991596638656,,
starvation,starvation_only,0.6,0,5,375,55.467130130835486,0.08123671000070244,0.006051639983055725,1.7480314960629921,,
starvation,starvation_only,0.6,0,5,400,59.71557558327204,0.07946818543709913,0.004137592366706962,1.7573529411764706,,
starvation,starvation_only,0.6,0,6,25,1.4992763667724724,0.07297827807585403,0.04529281911508825,1.5,,
starvation,starvation_only,0.6,0,6,50,6.49254740334339,0.09168300154354977,0.06367606823531338,1.7333333333333334,,
starvation,starvation_only,0.6,0,6,75,10.239867219035048,0.11178576009380368,0.02832992672758737,1.7083333333333333,,
starvation,starvation_only,0.6,0,6,100,14.987016138914443,0.1775451738572602,0.01620313302815067,1.7647058823529411,,
starvation,starvation_only,0.6,0,6,125,18.235158688147365,0.23782520090267117,0.013008203925555345,1.7804878048780488,,
starvation,starvation_only,0.6,0,6,150,20.986708863662024,0.21598688132111998,0.004681194390075857,1.75,,
starvation,starvation_only,0.6,0,6,175,23.985194635761722,0.17932348576569324,0.014450416090032338,1.7777777777777777,,
starvation,starvation_only,0.6,0,6,200,26.982336994747214,0.14698904465087986,0.0074388488829887885,1.6615384615384616,,
starvation,starvation_only,0.6,0,6,225,30.230646535050685,0.16569038639081932,0.011411463505343633,1.6575342465753424,,
starvation,starvation_only,0.6,0,6,250,36.22780588370584,0.1932371145144855,0.009916552756813935,1.7261904761904763,,
starvation,starvation_only,0.6,0,6,275,39.726538923352265,0.21329630966106214,0.01014430661168634,1.7472527472527473,,
starvation,starvation_only,0.6,0,6,300,43.22541623435664,0.22085390575264802,0.005342423876620133,1.7474747474747474,,
starvation,starvation_only,0.6,0,6,325,46.97360962949392,0.23011808154159474,0.0038492263989322053,1.7407407407407407,,
starvation,starvation_only,0.6,0,6,350,52.470819224991715,0.2213232300496464,0.006309896141558789,1.7647058823529411,,
starvation,starvation_only,0.6,0,6,375,55.226844329403434,0.21347107689861675,0.005243380707433984,1.7401574803149606,,
starvation,starvation_only,0.6,0,6,400,58.224815221715886,0.1967137782803789,0.007779539367141588,1.713235294117647,,
starvation,starvation_only,0.6,0,7,25,1.4993215971064897,0.06560147064660606,0.0413582014935674,1.5,,
starvation,starvation_only,0.6,0,7,50,4.743287842189347,0.03273716555436387,0.03799568658092592,1.2666666666666666,,
starvation,starvation_only,0.6,0,7,75,7.240947149469333,0.055303517357900185,0.018794824894025952,1.2083333333333333,,
starvation,starvation_only,0.6,0,7,100,11.487665765686605,0.04004640894952488,0.030839868751777494,1.3529411764705883,,
starvation,starvation_only,0.6,0,7,125,13.985315381981778,0.05632045923828498,0.013705177396138074,1.3658536585365855,,
starvation,starvation_only,0.6,0,7,150,15.982377054789787,0.04176170809154148,0.011217788954219344,1.3333333333333333,,
starvation,starvation_only,0.6,0,7,175,17.735970915298523,0.05094483125950211,0.009074726114714361,1.3148148148148149,,
starvation,starvation_only,0.6,0,7,200,20.483023870710664,0.03563270898407533,0.013938803049399144,1.2615384615384615,,
starvation,starvation_only,0.6,0,7,225,23.23014145680627,0.033833688757864494,0.006907530739558361,1.273972602739726,,
starvation,starvation_only,0.6,0,7,250,28.476260191145297,0.04256920928948467,0.009577523050989873,1.3571428571428572,,
starvation,starvation_only,0.6,0,7,275,31.229446490271282,0.044446591778563,0.009675259373738292,1.3736263736263736,,
starvation,starvation_only,0.6,0,7,300,34.72683875793995,0.04773717372367445,0.006944316961390986,1.404040404040404,,
starvation,starvation_only,0.6,0,7,325,38.474966925770616,0.05409534366873811,0.004619095823747906,1.4259259259259258,,
starvation,starvation_only,0.6,0,7,350,42.72227750964936,0.058863919126712065,0.006301194043636299,1.4369747899159664,,
starvation,starvation_only,0.6,0,7,375,46.72002357702258,0.060050794987805176,0.003516178427342268,1.4724409448818898,,
starvation,starvation_only,0.6,0,7,400,51.217875247681896,0.06739018066990111,0.006318386770957096,1.5073529411764706,,
starvation,starvation_only,0.6,1,0,25,6.744384900229299,0.4882427591261368,0.08759726902056056,1.9285714285714286,,
starvation,starvation_only,0.6,1,0,50,10.24432881099624,0.6292883590927837,0.03052176203122089,1.7826086956521738,,
starvation,starvation_only,0.6,1,0,75,12.990284591278428,0.3159549933441806,0.040908706086309546,1.6774193548387097,,
starvation,starvation_only,0.6,1,0,100,24.23504827722271,0.4897794392993259,0.03214466416594994,2.0208333333333335,,
starvation,starvation_only,0.6,1,0,125,31.73154389751472,0.5165307222650942,0.012903727313205311,2.081967213114754,,
starvation,starvation_only,0.6,1,0,150,37.47844282816291,0.5023448645562396,0.01366007277330352,2.027027027027027,,
starvation,starvation_only,0.6,1,0,175,42.47606649944725,0.500412415167978,0.006888884836935516,2.0481927710843375,,
starvation,starvation_only,0.6,1,0,200,44.48005268589294,0.49059209861897535,0.0028067318820460298,2.045977011494253,,
starvation,starvation_only,0.6,1,0,225,49.228683351899264,0.5193404426111584,0.00593461382311915,2.0736842105263156,,
starvation,starvation_only,0.6,1,0,250,54.224121934047034,0.48267240977897596,0.006513891845910014,2.02803738317757,,
starvation,starvation_only,0.6,1,0,275,60.721112747166465,0.47827811166477946,0.006663883909908416,2.059322033898305,,
starvation,starvation_only,0.6,1,0,300,67.21683172492028,0.49327161059870356,0.0059769770944300225,2.053435114503817,,
starvation,starvation_only,0.6,1,0,325,71.21489985611274,0.49300851644851484,0.00289741847427761,2.0357142857142856,,
starvation,starvation_only,0.6,1,0,350,74.71475188629583,0.4864206511544642,0.002616403368361142,2.02027027027027,,
starvation,starvation_only,0.6,1,0,375,80.46875880022374,0.48619851279153375,0.00564051675288866,2.0251572327044025,,
starvation,starvation_only,0.6,1,0,400,85.96681836761664,0.48819382411786527,0.0032072112907052543,2.035502958579882,,
starvation,starvation_only,0.6,1,1,25,7.743988536284059,0.22923985796446616,0.06425085088673349,2.2142857142857144,,
starvation,starvation_only,0.6,1,1,50,12.741730717500186,0.35476505759819355,0.0442608711103707,2.217391304347826,,
starvation,starvation_only,0.6,1,1,75,16.222038355176103,0.271593037933791,0.023233589040553414,2.096774193548387,,
starvation,starvation_only,0.6,1,1,100,24.967241177723558,0.31477253453226434,0.01857201646546641,2.0833333333333335,,
starvation,starvation_only,0.6,1,1,125,32.21291679411834,0.3626197705691495,0.013187879003552696,2.1147540983606556,,
starvation,starvation_only,0.6,1,1,150,38.448061427168426,0.36616674999083776,0.011833920454085274,2.081081081081081,,
starvation,starvation_only,0.6,1,1,175,42.945367266958534,0.3663197992476094,0.005027829145105964,2.072289156626506,,
starvation,starvation_only,0.6,1,1,200,44.694525796988906,0.3577116803206579,0.002067297389462333,2.057471264367816,,
starvation,starvation_only,0.6,1,1,225,48.943206728003176,0.37742670255009647,0.0036830258673859017,2.0631578947368423,,
starvation,starvation_only,0.6,1,1,250,54.68954361917614,0.3617159425004839,0.004998696741120535,2.046728971962617,,
starvation,starvation_only,0.6,1,1,275,60.68564227039821,0.3780411210617173,0.007259380530034509,2.059322033898305,,
starvation,starvation_only,0.6,1,1,300,67.93158311712908,0.38336413636919,0.0061083015500956695,2.0763358778625953,,
starvation,starvation_only,0.6,1,1,325,73.43982523772716,0.39872422674528263,0.003905763532666725,2.1,,
starvation,starvation_only,0.6,1,1,350,77.18748118354036,0.38539458367288326,0.0033551174655935324,2.0878378378378377,,
starvation,starvation_only,0.6,1,1,375,83.18430602473211,0.3899703382331784,0.005117075021981336,2.0943396226415096,,
starvation,starvation_only,0.6,1,1,400,88.6828109643646,0.388690217273711,0.005036842064732439,2.100591715976331,,
starvation,starvation_only,0.6,1,2,25,6.493061844703901,0.27007082242981845,0.06799626411435275,1.8571428571428572,,
starvation,starvation_only,0.6,1,2,50,12.241588650174014,0.507572661106778,0.0731622770785818,2.130434782608696,,
starvation,starvation_only,0.6,1,2,75,15.486299718038657,0.3961806291368052,0.021818677356478276,2.0,,
starvation,starvation_only,0.6,1,2,100,24.231083773149635,0.4149677400854713,0.012268602789791907,2.0208333333333335,,
starvation,starvation_only,0.6,1,2,125,30.97862356431643,0.4400103020104509,0.010334142144460356,2.0327868852459017,,
starvation,starvation_only,0.6,1,2,150,37.22505418654268,0.4523522894309171,0.009459487394892645,2.0135135135135136,,
starvation,starvation_only,0.6,1,2,175,41.97276489701434,0.441895696841465,0.007991923798387576,2.0240963855421685,,
starvation,starvation_only,0.6,1,2,200,44.22071459117029,0.4225534036444251,0.007455385512667168,2.0344827586206895,,
starvation,starvation_only,0.6,1,2,225,48.96865658767198,0.47078273428154743,0.00940864088672498,2.0631578947368423,,
starvation,starvation_only,0.6,1,2,250,54.96287558871278,0.43296785632779156,0.007228724713138425,2.05607476635514,,
starvation,starvation_only,0.6,1,2,275,59.96038849052166,0.4345471583126531,0.004184431514032777,2.0338983050847457,,
starvation,starvation_only,0.6,1,2,300,67.20581655085545,0.4259268192039047,0.007598796827919367,2.053435114503817,,
starvation,starvation_only,0.6,1,2,325,73.20389011284973,0.4431825098262891,0.003946232234035823,2.092857142857143,,
starvation,starvation_only,0.6,1,2,350,77.20140891785887,0.42110346875723237,0.005096566442017266,2.0878378378378377,,
starvation,starvation_only,0.6,1,2,375,83.19771810867871,0.4197772770921952,0.004212536955225137,2.0943396226415096,,
starvation,starvation_only,0.6,1,2,400,89.44539954430917,0.4453522736535066,0.0063040239323120684,2.1183431952662723,,
starvation,starvation_only,0.6,1,3,25,4.995488785610385,0.13398822012442516,0.054900646937241594,1.4285714285714286,,
starvation,starvation_only,0.6,1,3,50,9.744208206737675,0.41567033135720477,0.058431308499670036,1.6956521739130435,,
starvation,starvation_only,0.6,1,3,75,13.991826074652227,0.2993375144754333,0.02069006136895271,1.8064516129032258,,
starvation,starvation_only,0.6,1,3,100,23.978120041909502,0.35564132014473304,0.03379024017510482,2.0,,
starvation,starvation_only,0.6,1,3,125,32.47463585757949,0.4570219553171003,0.020639227042558637,2.1311475409836067,,
starvation,starvation_only,0.6,1,3,150,38.46989026280492,0.4157207627056896,0.014280630143952946,2.081081081081081,,
starvation,starvation_only,0.6,1,3,175,42.71683387196034,0.3688797720415393,0.009961775387994148,2.0602409638554215,,
starvation,starvation_only,0.6,1,3,200,44.965971983653944,0.3507401915951865,0.005268618711619192,2.0689655172413794,,
starvation,starvation_only,0.6,1,3,225,49.21502356406236,0.3715232681362205,0.006249324981837213,2.0736842105263156,,
starvation,starvation_only,0.6,1,3,250,55.46130709057837,0.3499808855639573,0.007927703113273177,2.074766355140187,,
starvation,starvation_only,0.6,1,3,275,59.70822296480265,0.3459387044823133,0.0056266133648422275,2.0254237288135593,,
starvation,starvation_only,0.6,1,3,300,67.20417205672086,0.3631360074894655,0.009746910450211083,2.053435114503817,,
starvation,starvation_only,0.6,1,3,325,72.7032872742974,0.38743943205522763,0.00629960436461656,2.0785714285714287,,
starvation,starvation_only,0.6,1,3,350,76.70984444739364,0.3865125266239123,0.003367933233082963,2.074324324324324,,
starvation,starvation_only,0.6,1,3,375,83.20675304326289,0.3984176438003991,0.006591814853486682,2.0943396226415096,,
starvation,starvation_only,0.6,1,3,400,89.95526126195891,0.4269331107424802,0.0065840116156318995,2.1301775147928996,,
starvation,starvation_only,0.6,1,4,25,6.74455745059575,0.2310685848707153,0.05342702726881114,1.9285714285714286,,
starvation,starvation_only,0.6,1,4,50,10.492535696944591,0.24843288725496213,0.0325603411847048,1.826086956521739,,
starvation,starvation_only,0.6,1,4,75,13.4907679532086,0.20554814349577963,0.025655862692819772,1.7419354838709677,,
starvation,starvation_only,0.6,1,4,100,21.737161135490798,0.3230545128874961,0.03338768563107395,1.8125,,
starvation,starvation_only,0.6,1,4,125,27.48376746108994,0.3660159253277865,0.013889984654936707,1.8032786885245902,,
starvation,starvation_only,0.6,1,4,150,33.23047718457114,0.3812432792958109,0.011568711665067552,1.7972972972972974,,
starvation,starvation_only,0.6,1,4,175,37.47857500424869,0.40548809000451835,0.008947575481688761,1.8072289156626506,,
starvation,starvation_only,0.6,1,4,200,39.22853039270369,0.40891638899646376,0.004277518136982021,1.8045977011494252,,
starvation,starvation_only,0.6,1,4,225,42.727243853605444,0.4423653419588526,0.006942204100788201,1.8,,
starvation,starvation_only,0.6,1,4,250,48.472704877456565,0.41131360062364936,0.01108002121061825,1.8130841121495327,,
starvation,starvation_only,0.6,1,4,275,53.21935021417192,0.4117968035689236,0.007725422330390343,1.805084745762712,,
starvation,starvation_only,0.6,1,4,300,58.96588991690822,0.4351644145404178,0.005520614628417058,1.8015267175572518,,
starvation,starvation_only,0.6,1,4,325,63.2140813487523,0.46446934934600015,0.004049592694715506,1.8071428571428572,,
starvation,starvation_only,0.6,1,4,350,66.21128614309798,0.4523770358555671,0.0026881944716434535,1.7905405405405406,,
starvation,starvation_only,0.6,1,4,375,71.20798870597305,0.46029314911386654,0.004521854193759651,1.7924528301886793,,
starvation,starvation_only,0.6,1,4,400,75.45630254436617,0.48250238052512795,0.00451629310318039,1.78698224852071,,
starvation,starvation_only,0.6,1,5,25,4.496039445064656,0.2797073432872978,0.10057807515748202,1.2857142857142858,,
starvation,starvation_only,0.6,1,5,50,8.493928365712941,0.2560651644679758,0.03889253497461885,1.4782608695652173,,
starvation,starvation_only,0.6,1,5,75,10.740359625948031,0.16170098460525914,0.02152015221121946,1.3870967741935485,,
starvation,starvation_only,0.6,1,5,100,19.479929070318153,0.3891650925519818,0.038338338224121714,1.625,,
starvation,starvation_only,0.6,1,5,125,25.719705610583897,0.48405605968944937,0.01585234766572905,1.6885245901639345,,
starvation,starvation_only,0.6,1,5,150,31.71697434710391,0.4839235899867793,0.009473955937179222,1.7162162162162162,,
starvation,starvation_only,0.6,1,5,175,36.21448487770486,0.46314219550411695,0.00879689534469856,1.7469879518072289,,
starvation,starvation_only,0.6,1,5,200,37.96358901929542,0.44861253059024275,0.004657485914835801,1.7471264367816093,,
starvation,starvation_only,0.6,1,5,225,42.21487000353204,0.5014458466598254,0.008483891691226387,1.7789473684210526,,
starvation,starvation_only,0.6,1,5,250,48.21052772472728,0.5073984320031576,0.004252813379773799,1.8037383177570094,,
starvation,starvation_only,0.6,1,5,275,52.958242616243425,0.5193641313392325,0.0029372933982064735,1.7966101694915255,,
starvation,starvation_only,0.6,1,5,300,59.45543500313469,0.5546515584128172,0.0044303127205467694,1.816793893129771,,
starvation,starvation_only,0.6,1,5,325,64.4542685092791,0.5885418989827594,0.005554268231829118,1.8428571428571427,,
starvation,starvation_only,0.6,1,5,350,68.20164991837207,0.5859274516236841,0.0038841650215674776,1.8445945945945945,,
starvation,starvation_only,0.6,1,5,375,73.19758458449422,0.6107698616107307,0.006682215320828435,1.8427672955974843,,
starvation,starvation_only,0.6,1,5,400,77.69537417355257,0.6395164408158183,0.0035997217103507432,1.8402366863905326,,
starvation,starvation_only,0.6,1,6,25,5.495352785486322,0.703231466613248,0.09917896889612005,1.5714285714285714,,
starvation,starvation_only,0.6,1,6,50,8.4951718896464,0.7112125110902391,0.03370171330349439,1.4782608695652173,,
starvation,starvation_only,0.6,1,6,75,12.242381931709915,0.4431228569343725,0.027139424705966943,1.5806451612903225,,
starvation,starvation_only,0.6,1,6,100,17.98750347608013,0.5481017511388441,0.02977601644023509,1.5,,
starvation,starvation_only,0.6,1,6,125,22.971212608053122,0.5911016508559845,0.01310154203870242,1.5081967213114753,,
starvation,starvation_only,0.6,1,6,150,26.46672809320167,0.5588138432618068,0.01367508385117846,1.4324324324324325,,
starvation,starvation_only,0.6,1,6,175,29.71489865533917,0.5671189504610259,0.006634924898572301,1.4337349397590362,,
starvation,starvation_only,0.6,1,6,200,30.96390237762838,0.5637295009308589,0.003773501873458876,1.4252873563218391,,
starvation,starvation_only,0.6,1,6,225,33.96260623291614,0.5886915978254853,0.009037620344592346,1.431578947368421,,
starvation,starvation_only,0.6,1,6,250,37.9591601557298,0.5455921364682378,0.01059947080435391,1.4205607476635513,,
starvation,starvation_only,0.6,1,6,275,42.70635202186253,0.5468254734594165,0.004027315714283578,1.4491525423728813,,
starvation,starvation_only,0.6,1,6,300,47.20164203218278,0.528237106204561,0.0037883845817272372,1.4427480916030535,,
starvation,starvation_only,0.6,1,6,325,51.95036933519371,0.5886748108011228,0.008868053968106894,1.4857142857142858,,
starvation,starvation_only,0.6,1,6,350,55.197691922194885,0.577070422558831,0.002550041520985866,1.4932432432432432,,
starvation,starvation_only,0.6,1,6,375,60.945839688484426,0.6078482116355789,0.003740771107191355,1.5345911949685536,,
starvation,starvation_only,0.6,1,6,400,66.19448610262961,0.6433044084767235,0.007441311559796788,1.5680473372781065,,
starvation,starvation_only,0.6,1,7,25,6.745581185933119,0.38485071846304175,0.07774349285085162,1.9285714285714286,,
starvation,starvation_only,0.6,1,7,50,9.991820224010178,0.33642186275966457,0.022293147557631877,1.7391304347826086,,
starvation,starvation_only,0.6,1,7,75,13.489523698254338,0.2641090807236356,0.033146973945622916,1.7419354838709677,,
starvation,starvation_only,0.6,1,7,100,20.485299496686906,0.3067825258562536,0.02413297377150985,1.7083333333333333,,
starvation,starvation_only,0.6,1,7,125,26.231687411985632,0.3390259334008039,0.009635679905508539,1.721311475409836,,
starvation,starvation_only,0.6,1,7,150,32.72835644665233,0.37848390736619225,0.01355005856634138,1.7702702702702702,,
starvation,starvation_only,0.6,1,7,175,37.2296626770614,0.4078971357782621,0.005344689467916226,1.7951807228915662,,
starvation,starvation_only,0.6,1,7,200,39.22760304588356,0.4130127305070088,0.0049832831886262715,1.8045977011494252,,
starvation,starvation_only,0.6,1,7,225,43.22586579928684,0.4560279770389026,0.00815311518218539,1.8210526315789475,,
starvation,starvation_only,0.6,1,7,250,46.47271641653602,0.4025877190348664,0.008364234106379204,1.7383177570093458,,
starvation,starvation_only,0.6,1,7,275,50.71912594311346,0.37901743819141176,0.006409308033967016,1.7203389830508475,,
starvation,starvation_only,0.6,1,7,300,54.71599231606591,0.38565870037390987,0.005521647605131399,1.6717557251908397,,
starvation,starvation_only,0.6,1,7,325,58.21430571410228,0.4086479329913599,0.004822431377257481,1.6642857142857144,,
starvation,starvation_only,0.6,1,7,350,60.46221278275096,0.38623387100726697,0.005924706363350776,1.635135135135135,,
starvation,starvation_only,0.6,1,7,375,66.9636577558734,0.42976139810085856,0.007854655824491335,1.6855345911949686,,
starvation,starvation_only,0.6,1,7,400,71.43726206334618,0.4478103750940326,0.0036391754448412005,1.6923076923076923,,
starvation,starvation_only,0.6,2,0,25,3.247218070529163,0.2731762738288779,0.08847981626531025,1.625,,
starvation,starvation_only,0.6,2,0,50,7.741561503344099,0.3245287366220135,0.06361656967927237,1.7222222222222223,,
starvation,starvation_only,0.6,2,0,75,12.234499634429476,0.22876039264687095,0.04057354446423925,1.8846153846153846,,
starvation,starvation_only,0.6,2,0,100,16.48140991861001,0.22197919442799596,0.01301513421939171,1.8857142857142857,,
starvation,starvation_only,0.6,2,0,125,23.476662000888723,0.20887655542192726,0.02635576397278583,1.9183673469387754,,
starvation,starvation_only,0.6,2,0,150,27.975716732820647,0.27400146755837185,0.01565836206550833,2.0,,
starvation,starvation_only,0.6,2,0,175,31.97502264653839,0.320901970033156,0.012697118945531594,2.0,,
starvation,starvation_only,0.6,2,0,200,37.722735943773806,0.39689630333424786,0.015889078740387138,2.0684931506849313,,
starvation,starvation_only,0.6,2,0,225,42.720769579906616,0.43349729404138704,0.008065881336505992,2.0602409638554215,,
starvation,starvation_only,0.6,2,0,250,45.96929671852339,0.42518324586250006,0.006552992902724275,2.021978021978022,,
starvation,starvation_only,0.6,2,0,275,50.467327153896676,0.4446964127870764,0.009656210524139647,2.0,,
starvation,starvation_only,0.6,2,0,300,54.46713351170827,0.4861807109749013,0.008227952301569813,2.0185185185185186,,
starvation,starvation_only,0.6,2,0,325,58.963858073572716,0.4699095981989932,0.006621419748425312,2.0,,
starvation,starvation_only,0.6,2,0,350,65.9584254705798,0.48657859745526294,0.0047898548390850615,2.0,,
starvation,starvation_only,0.6,2,0,375,71.70620664101676,0.4734754452600072,0.004070245110788425,2.006993006993007,,
starvation,starvation_only,0.6,2,0,400,77.45326640337794,0.4800509543017868,0.0030947680742966976,2.012987012987013,,
starvation,starvation_only,0.6,2,1,25,2.996583989389803,0.24684521204706816,0.06645315468311322,1.5,,
starvation,starvation_only,0.6,2,1,50,7.492854204474608,0.15085723928902434,0.03711438191154221,1.6666666666666667,,
starvation,starvation_only,0.6,2,1,75,10.74004584736491,0.16702852305119886,0.021822363246958697,1.6538461538461537,,
starvation,starvation_only,0.6,2,1,100,15.511768346602521,0.2402323514900045,0.03567213149197504,1.7714285714285714,,
starvation,starvation_only,0.6,2,1,125,22.508080586776856,0.28016730353294017,0.028896768457818904,1.836734693877551,,
starvation,starvation_only,0.6,2,1,150,25.75687868674693,0.3019869734553368,0.013020348851215047,1.8392857142857142,,
starvation,starvation_only,0.6,2,1,175,29.50495055808082,0.3293630014196786,0.010288544719285505,1.84375,,
starvation,starvation_only,0.6,2,1,200,33.50245019964406,0.30706087165881757,0.00872506537989343,1.8356164383561644,,
starvation,starvation_only,0.6,2,1,225,38.25072305312917,0.29841268568955354,0.01105920630723972,1.8433734939759037,,
starvation,starvation_only,0.6,2,1,250,42.50133706206649,0.32080431521542807,0.010277284944925526,1.8681318681318682,,
starvation,starvation_only,0.6,2,1,275,47.236001716318924,0.349097670800419,0.006258721121158861,1.8712871287128714,,
starvation,starvation_only,0.6,2,1,300,51.48422581436061,0.39766650764180755,0.006218578091367341,1.9074074074074074,,
starvation,starvation_only,0.6,2,1,325,55.98201771479472,0.3954964815301584,0.00552558922002514,1.8983050847457628,,
starvation,starvation_only,0.6,2,1,350,63.726971207105905,0.4236657137552084,0.011090840811770657,1.9318181818181819,,
starvation,starvation_only,0.6,2,1,375,67.72371184362187,0.4151938749808095,0.005938683630513159,1.8951048951048952,,
starvation,starvation_only,0.6,2,1,400,73.47120806805334,0.4470454959395323,0.007711466162206431,1.9090909090909092,,
starvation,starvation_only,0.6,2,2,25,3.4968762115259655,0.34214740570572894,0.0722429479634134,1.75,,
starvation,starvation_only,0.6,2,2,50,7.244516529618591,0.37236029213796196,0.03581338110321985,1.6111111111111112,,
starvation,starvation_only,0.6,2,2,75,11.492242392436049,0.4527078075677779,0.029039257791330066,1.7692307692307692,,
starvation,starvation_only,0.6,2,2,100,16.98666026920249,0.5011476389494011,0.019048784157681572,1.9428571428571428,,
starvation,starvation_only,0.6,2,2,125,24.23180383374246,0.49967582765846663,0.014349376161009673,1.9795918367346939,,
starvation,starvation_only,0.6,2,2,150,27.480465370492887,0.5259149645768993,0.006796448945737471,1.9642857142857142,,
starvation,starvation_only,0.6,2,2,175,31.728802909908907,0.5427620057493021,0.015545455746300644,1.984375,,
starvation,starvation_only,0.6,2,2,200,35.976061668411404,0.5056868075619001,0.00686889258736422,1.9726027397260273,,
starvation,starvation_only,0.6,2,2,225,41.47784975742869,0.5015516569717209,0.010684364696739397,2.0,,
starvation,starvation_only,0.6,2,2,250,45.226142703672124,0.5107402643449381,0.004217167544319673,1.989010989010989,,
starvation,starvation_only,0.6,2,2,275,49.973190078153976,0.46434476996509355,0.010582761756781451,1.9801980198019802,,
starvation,starvation_only,0.6,2,2,300,54.47233976180742,0.4861278154270864,0.0081798228089185,2.0185185185185186,,
starvation,starvation_only,0.6,2,2,325,58.968310451406175,0.4646893217573149,0.004782300758197649,2.0,,
starvation,starvation_only,0.6,2,2,350,65.96413656367557,0.456799165273468,0.008066563839333235,2.0,,
starvation,starvation_only,0.6,2,2,375,70.71193601502213,0.4582029208592335,0.0028840952145845057,1.979020979020979,,
starvation,starvation_only,0.6,2,2,400,75.70913368692581,0.46830511396192176,0.0045533849762485765,1.9675324675324675,,
starvation,starvation_only,0.6,2,3,25,4.242806391646025,0.198228554415771,0.057164270166279584,2.125,,
starvation,starvation_only,0.6,2,3,50,7.741020810987736,0.27514167440043996,0.038851588024182045,1.7222222222222223,,
starvation,starvation_only,0.6,2,3,75,11.238395292205274,0.3009340215902668,0.03410013193885063,1.7307692307692308,,
starvation,starvation_only,0.6,2,3,100,15.735465116285734,0.3647451071038671,0.02061864837364129,1.8,,
starvation,starvation_only,0.6,2,3,125,23.23177709390788,0.42199629210034256,0.020132490062876464,1.8979591836734695,,
starvation,starvation_only,0.6,2,3,150,26.470173265996067,0.4039529543736766,0.009656253779636734,1.8928571428571428,,
starvation,starvation_only,0.6,2,3,175,29.96788257360221,0.43401415140915534,0.008655107005586847,1.875,,
starvation,starvation_only,0.6,2,3,200,34.965914982935026,0.3951055721977704,0.018273965937878497,1.917808219178082,,
starvation,starvation_only,0.6,2,3,225,39.46370318033058,0.37929721426581264,0.008057532099024193,1.9036144578313252,,
starvation,starvation_only,0.6,2,3,250,43.46154681177897,0.39439946310123974,0.01150434499556257,1.9120879120879122,,
starvation,starvation_only,0.6,2,3,275,48.2090641974675,0.40358130628864863,0.005985661073008199,1.9108910891089108,,
starvation,starvation_only,0.6,2,3,300,52.707651612400284,0.43946688097354114,0.008689622034752107,1.9537037037037037,,
starvation,starvation_only,0.6,2,3,325,57.95390968090243,0.4510904963092455,0.004641092740050215,1.9661016949152543,,
starvation,starvation_only,0.6,2,3,350,64.19926386370899,0.4178782017555863,0.009202445620976808,1.946969696969697,,
starvation,starvation_only,0.6,2,3,375,68.69659994750975,0.4266433526292175,0.005336408922078246,1.9230769230769231,,
starvation,starvation_only,0.6,2,3,400,73.44377214464322,0.43365336022001755,0.003597755439152143,1.9090909090909092,,
starvation,starvation_only,0.6,2,4,25,2.9962073117491537,0.2222505900190181,0.07566636620139663,1.5,,
starvation,starvation_only,0.6,2,4,50,7.494023153487138,0.35760416574288717,0.042023661881427525,1.6666666666666667,,
starvation,starvation_only,0.6,2,4,75,11.492063037044392,0.26673099757237606,0.04617809861438513,1.7692307692307692,,
starvation,starvation_only,0.6,2,4,100,15.489559564399775,0.298397215504155,0.011578952076597255,1.7714285714285714,,
starvation,starvation_only,0.6,2,4,125,22.735940697555076,0.41203531997622933,0.02674174415329251,1.8571428571428572,,
starvation,starvation_only,0.6,2,4,150,26.48390023063864,0.38339101771829187,0.015197683855055105,1.8928571428571428,,
starvation,starvation_only,0.6,2,4,175,30.981856305206644,0.39167233696255377,0.008696240352463658,1.9375,,
starvation,starvation_only,0.6,2,4,200,34.97963558526216,0.342764884252611,0.006885384755760073,1.917808219178082,,
starvation,starvation_only,0.6,2,4,225,39.22702412404605,0.3202731913977201,0.010404759514765924,1.891566265060241,,
starvation,starvation_only,0.6,2,4,250,42.474429225890944,0.3094879903992833,0.012870981618201428,1.8681318681318682,,
starvation,starvation_only,0.6,2,4,275,47.22281902084383,0.33112219858397013,0.006842899502866846,1.8712871287128714,,
starvation,starvation_only,0.6,2,4,300,50.95671092003902,0.3610006229166806,0.004221331780821327,1.8888888888888888,,
starvation,starvation_only,0.6,2,4,325,55.95367768494693,0.35621690148281165,0.006011365368204586,1.8983050847457628,,
starvation,starvation_only,0.6,2,4,350,63.45056725033918,0.36471943061072426,0.006834285127575731,1.9242424242424243,,
starvation,starvation_only,0.6,2,4,375,67.9476483794438,0.3669504229708184,0.005236747187491927,1.902097902097902,,
starvation,starvation_only,0.6,2,4,400,73.19507805696416,0.3832269821420908,0.006556267939326752,1.9025974025974026,,
starvation,starvation_only,0.6,2,5,25,2.998106487539294,0.15732275574824017,0.06146675184953346,1.5,,
starvation,starvation_only,0.6,2,5,50,6.494984932496374,0.21183072292906174,0.034033467851910484,1.4444444444444444,,
starvation,starvation_only,0.6,2,5,75,9.492224107316073,0.17420174399104246,0.03893183747670737,1.4615384615384615,,
starvation,starvation_only,0.6,2,5,100,13.492619329824562,0.2026646339679387,0.013933449795971976,1.542857142857143,,
starvation,starvation_only,0.6,2,5,125,19.48869429697903,0.21768034873999376,0.011226351117690601,1.5918367346938775,,
starvation,starvation_only,0.6,2,5,150,23.48740248542707,0.2844124638008797,0.010276006860523974,1.6785714285714286,,
starvation,starvation_only,0.6,2,5,175,27.48895089831802,0.36262097579865493,0.01600383545118732,1.71875,,
starvation,starvation_only,0.6,2,5,200,31.737670314527595,0.3297324124382641,0.01181663911440956,1.7397260273972603,,
starvation,starvation_only,0.6,2,5,225,37.48592367639738,0.393930550823966,0.016653904962249055,1.8072289156626506,,
starvation,starvation_only,0.6,2,5,250,40.73436081512591,0.3974808427390319,0.00841188362221441,1.7912087912087913,,
starvation,starvation_only,0.6,2,5,275,45.232893678236536,0.4140762557081491,0.008086567935640478,1.7920792079207921,,
starvation,starvation_only,0.6,2,5,300,48.98189566348079,0.43621394594092444,0.004464897357470304,1.8148148148148149,,
starvation,starvation_only,0.6,2,5,325,53.210409292448375,0.41634345113777854,0.007024021463788333,1.805084745762712,,
starvation,starvation_only,0.6,2,5,350,59.45647305940966,0.41615602929669687,0.008656979431447298,1.803030303030303,,
starvation,starvation_only,0.6,2,5,375,64.18916747373919,0.41787780920902895,0.005257935814727825,1.7972027972027973,,
starvation,starvation_only,0.6,2,5,400,68.93677727979671,0.40807456980865997,0.003953634330177179,1.7922077922077921,,
starvation,starvation_only,0.6,2,6,25,2.497791109291128,0.11353958208101103,0.059934531565548184,1.25,,
starvation,starvation_only,0.6,2,6,50,6.49455100554218,0.14426289652551016,0.05194183195275252,1.4444444444444444,,
starvation,starvation_only,0.6,2,6,75,9.991760684083731,0.14678672863218478,0.0314814274377967,1.5384615384615385,,
starvation,starvation_only,0.6,2,6,100,13.488651765526628,0.13244391387797774,0.020317296309217817,1.542857142857143,,
starvation,starvation_only,0.6,2,6,125,19.985442280662767,0.14055608250547885,0.012146631159510693,1.6326530612244898,,
starvation,starvation_only,0.6,2,6,150,23.73299220351939,0.21955413137493474,0.017081875861646806,1.6964285714285714,,
starvation,starvation_only,0.6,2,6,175,27.23039782223585,0.25166819775423743,0.012453224653782966,1.703125,,
starvation,starvation_only,0.6,2,6,200,32.47852312743091,0.2780600492172521,0.018090509158976614,1.7808219178082192,,
starvation,starvation_only,0.6,2,6,225,37.47629373116307,0.2951902627409286,0.011208075522886654,1.8072289156626506,,
starvation,starvation_only,0.6,2,6,250,40.7235664497918,0.30025527968751425,0.008599142164444361,1.7912087912087913,,
starvation,starvation_only,0.6,2,6,275,46.72164566673288,0.33364681391712214,0.005983862197788646,1.8514851485148516,,
starvation,starvation_only,0.6,2,6,300,51.72027294225282,0.3883577548745898,0.011335549185220551,1.9166666666666667,,
starvation,starvation_only,0.6,2,6,325,56.46741489009617,0.3800847973942396,0.0055534235118666845,1.9152542372881356,,
starvation,starvation_only,0.6,2,6,350,62.71290327315421,0.3665813270860073,0.004188068365596252,1.9015151515151516,,
starvation,starvation_only,0.6,2,6,375,68.45947581061506,0.36324451617181724,0.0072191613907088255,1.916083916083916,,
starvation,starvation_only,0.6,2,6,400,74.20746883265319,0.38308509993401363,0.003527704823623725,1.9285714285714286,,
starvation,starvation_only,0.6,2,7,25,3.249972889887511,0.3143394767197805,0.08434612151479044,1.625,,
starvation,starvation_only,0.6,2,7,50,6.7469981043296405,0.37626563176236344,0.042008474898435566,1.5,,
starvation,starvation_only,0.6,2,7,75,10.493765150958712,0.29193919577123856,0.0319324972866767,1.6153846153846154,,
starvation,starvation_only,0.6,2,7,100,15.489973265842725,0.394539599621234,0.020066930726616358,1.7714285714285714,,
starvation,starvation_only,0.6,2,7,125,22.48426544246909,0.4123022966106671,0.020449475825193818,1.836734693877551,,
starvation,starvation_only,0.6,2,7,150,25.982603127070703,0.3902859291661172,0.01563171594365609,1.8571428571428572,,
starvation,starvation_only,0.6,2,7,175,29.480164356195175,0.39650138314937866,0.011349029466199813,1.84375,,
starvation,starvation_only,0.6,2,7,200,33.47718333580912,0.32783752765154806,0.015042580608410547,1.8356164383561644,,
starvation,starvation_only,0.6,2,7,225,38.22454302647187,0.3234014595223242,0.013208173065751637,1.8433734939759037,,
starvation,starvation_only,0.6,2,7,250,41.722071307959276,0.3074856195503096,0.007216490611359776,1.835164835164835,,
starvation,starvation_only,0.6,2,7,275,47.971568097569616,0.34206176587430936,0.0073989523796692816,1.900990099009901,,
starvation,starvation_only,0.6,2,7,300,51.469836240241094,0.3590822513712205,0.004202068424322629,1.9074074074074074,,
starvation,starvation_only,0.6,2,7,325,56.466751460868146,0.34662376456463106,0.0058828448680970594,1.9152542372881356,,
starvation,starvation_only,0.6,2,7,350,61.962091431143975,0.3466531481406767,0.010141683781420486,1.878787878787879,,
starvation,starvation_only,0.6,2,7,375,68.71678678166187,0.35966930357986954,0.009799106587766507,1.9230769230769231,,
starvation,starvation_only,0.6,2,7,400,75.7144803456998,0.3769530765892796,0.005853560330067089,1.9675324675324675,,
starvation,control,0.0,0,0,25,37.49165856545457,0.1256144044963337,0.04161340803888775,6.0,,
starvation,control,0.0,0,0,50,74.98310193856389,0.0726263865914552,0.014483193373316307,6.0,,
starvation,control,0.0,0,0,75,112.47401191017708,0.053517658496903014,0.011234219658097759,6.0,,
starvation,control,0.0,0,0,100,149.96558959109205,0.04734881517363325,0.009366269355251288,6.0,,
starvation,control,0.0,0,0,125,187.4574049764134,0.04529066387015891,0.008950604353415232,6.0,,
starvation,control,0.0,0,0,150,224.9492050601775,0.048050048744172985,0.004723698440763793,6.0,,
starvation,control,0.0,0,0,175,262.44072159970415,0.037697774261398975,0.0033363617164944587,6.0,,
starvation,control,0.0,0,0,200,299.93231978930123,0.03323991667835146,0.002638298174817675,6.0,,
starvation,control,0.0,0,0,225,337.4239652756374,0.032287939656692737,0.003389056375642822,6.0,,
starvation,control,0.0,0,0,250,374.915322002265,0.030910143765150035,0.004189034945044237,6.0,,
starvation,control,0.0,0,0,275,412.40703794188914,0.028036246045575818,0.005167702317696343,6.0,,
starvation,control,0.0,0,0,300,449.89867524666795,0.026174974152024647,0.0026131082492151132,6.0,,
starvation,control,0.0,0,0,325,487.3900649291578,0.02385930064510588,0.0027818592880959813,6.0,,
starvation,control,0.0,0,0,350,524.881356044383,0.02119653956466343,0.002616910640264257,6.0,,
starvation,control,0.0,0,0,375,562.3728782792217,0.02095371196750168,0.002693057425732318,6.0,,
starvation,control,0.0,0,0,400,599.8639393963784,0.019226501641933125,0.0018889272960326223,6.0,,
starvation,control,0.0,0,1,25,37.49048852070082,0.1169733735919112,0.03741255592642215,6.0,,
starvation,control,0.0,0,1,50,74.98203281689548,0.09156210032684692,0.020116044442996753,6.0,,
starvation,control,0.0,0,1,75,112.47344426250595,0.07265856624306719,0.013280779662841294,6.0,,
starvation,control,0.0,0,1,100,149.96432624984675,0.05672077310100125,0.010707158131454238,6.0,,
starvation,control,0.0,0,1,125,187.4553729131498,0.04618893239647891,0.007717618327484713,6.0,,
starvation,control,0.0,0,1,150,224.94644793347666,0.03621258400013446,0.007129013538277678,6.0,,
starvation,control,0.0,0,1,175,262.43777016994693,0.030390221571223036,0.0036958204425450504,6.0,,
starvation,control,0.0,0,1,200,299.92880752067026,0.024761492219009345,0.006118292904358094,6.0,,
starvation,control,0.0,0,1,225,337.4199811034802,0.02598173218057543,0.0029792144544151062,6.0,,
starvation,control,0.0,0,1,250,374.9112570580606,0.028254612736526782,0.002746439770722554,6.0,,
starvation,control,0.0,0,1,275,412.40255961020523,0.027488100224514873,0.00228119847686408,6.0,,
starvation,control,0.0,0,1,300,449.89387782441906,0.029124249550996083,0.0014515824836133545,6.0,,
starvation,control,0.0,0,1,325,487.3850798907366,0.027993920662115312,0.002577562732984488,6.0,,
starvation,control,0.0,0,1,350,524.8764259494922,0.029759502497681632,0.0023778758253068864,6.0,,
starvation,control,0.0,0,1,375,562.3679327644833,0.02834318768843505,0.0027700726539122977,6.0,,
starvation,control,0.0,0,1,400,599.8594654454018,0.025757949724774208,0.002536563950373445,6.0,,
starvation,control,0.0,0,2,25,37.49053526050015,0.1109414680285124,0.035252226639894295,6.0,,
starvation,control,0.0,0,2,50,74.981851627378,0.09109264604905636,0.02018667517490954,6.0,,
starvation,control,0.0,0,2,75,112.47295493421564,0.07407815965232586,0.01147148543956645,6.0,,
starvation,control,0.0,0,2,100,149.96461413421122,0.07002201821253187,0.007053894353768551,6.0,,
starvation,control,0.0,0,2,125,187.45631177818856,0.07460131768661903,0.008549926885603737,6.0,,
starvation,control,0.0,0,2,150,224.94746452297173,0.07409224635469727,0.00595138624782585,6.0,,
starvation,control,0.0,0,2,175,262.43887704224295,0.06178180958179405,0.006662641905937181,6.0,,
starvation,control,0.0,0,2,200,299.92998315200066,0.0492922304850866,0.0042820657924303,6.0,,
starvation,control,0.0,0,2,225,337.42139700389095,0.049084725294220755,0.003557922893137294,6.0,,
starvation,control,0.0,0,2,250,374.9127918771121,0.05011046182626374,0.0022538841333939654,6.0,,
starvation,control,0.0,0,2,275,412.40416774521,0.05798931420080719,0.005050317612944551,6.0,,
starvation,control,0.0,0,2,300,449.89571161809477,0.06163702279104842,0.003163390983687174,6.0,,
starvation,control,0.0,0,2,325,487.3869768264302,0.05634763416052761,0.002868210536760092,6.0,,
starvation,control,0.0,0,2,350,524.8782178515058,0.0552282372469015,0.0018072699519748698,6.0,,
starvation,control,0.0,0,2,375,562.369938696765,0.056030617684302765,0.001810136186806441,6.0,,
starvation,control,0.0,0,2,400,599.8611783734824,0.05351172694286208,0.001426546918121946,6.0,,
starvation,control,0.0,0,3,25,37.48804318401262,0.14304975758632,0.03628963052462483,6.0,,
starvation,control,0.0,0,3,50,74.9802988044135,0.10664087042392897,0.026455954600954793,6.0,,
starvation,control,0.0,0,3,75,112.47162776776834,0.06457199217088076,0.0158614914784801,6.0,,
starvation,control,0.0,0,3,100,149.9630255112176,0.051212945275648666,0.008747501274158232,6.0,,
starvation,control,0.0,0,3,125,187.45472411180694,0.04821783843036921,0.004792568645019979,6.0,,
starvation,control,0.0,0,3,150,224.94590116359402,0.04226016770434775,0.00686645282713205,6.0,,
starvation,control,0.0,0,3,175,262.43736466432136,0.04060768739110586,0.0035044146456741578,6.0,,
starvation,control,0.0,0,3,200,299.92894978325165,0.032825090677723066,0.004374212826055701,6.0,,
starvation,control,0.0,0,3,225,337.42032107305016,0.03325654184326453,0.0034875833170425253,6.0,,
starvation,control,0.0,0,3,250,374.9120627402127,0.03708506031887239,0.004337274943746603,6.0,,
starvation,control,0.0,0,3,275,412.4037403234796,0.04111190227832679,0.0027055828367965155,6.0,,
starvation,control,0.0,0,3,300,449.8955700315638,0.04027130245213795,0.002078439488812097,6.0,,
starvation,control,0.0,0,3,325,487.386925586093,0.04186895622147842,0.0024455281039711357,6.0,,
starvation,control,0.0,0,3,350,524.8784487210969,0.04183449369081305,0.002284834354102868,6.0,,
starvation,control,0.0,0,3,375,562.3700666688829,0.04172887535090711,0.002535770061526003,6.0,,
starvation,control,0.0,0,3,400,599.8615619866213,0.03771529561488557,0.0019954907619408623,6.0,,
starvation,control,0.0,0,4,25,37.4886067921021,0.2199294055763178,0.05396883420671709,6.0,,
starvation,control,0.0,0,4,50,74.98068510215552,0.1672720220961872,0.024955486918953405,6.0,,
starvation,control,0.0,0,4,75,112.47159507362585,0.11706936688135561,0.016639065396388198,6.0,,
starvation,control,0.0,0,4,100,149.96296537449234,0.10925821253092088,0.006527703631236925,6.0,,
starvation,control,0.0,0,4,125,187.45440267915504,0.10248788236631207,0.007662034045294887,6.0,,
starvation,control,0.0,0,4,150,224.9457018104708,0.09521553375722158,0.006294548095000612,6.0,,
starvation,control,0.0,0,4,175,262.43719818578194,0.08155670603195661,0.006983819113741365,6.0,,
starvation,control,0.0,0,4,200,299.92828907841863,0.0681704885362517,0.006270972590498199,6.0,,
starvation,control,0.0,0,4,225,337.4199220078974,0.06972081048236473,0.00404804955959067,6.0,,
starvation,control,0.0,0,4,250,374.9115551194251,0.06710045649039682,0.0017080994770447438,6.0,,
starvation,control,0.0,0,4,275,412.40309536707355,0.06863391374945232,0.0023727164395686896,6.0,,
starvation,control,0.0,0,4,300,449.89468006137145,0.06928264533639712,0.002265905040970257,6.0,,
starvation,control,0.0,0,4,325,487.3861692717504,0.06998030037755645,0.002163748093578127,6.0,,
starvation,control,0.0,0,4,350,524.8775150025739,0.06658528377100544,0.0028309493851856903,6.0,,
starvation,control,0.0,0,4,375,562.369020497736,0.06791633303301353,0.0026536455001119315,6.0,,
starvation,control,0.0,0,4,400,599.8603428127249,0.06254292833865757,0.002312846318209092,6.0,,
starvation,control,0.0,0,5,25,37.49082953641417,0.21877007846333446,0.05150779025955001,6.0,,
starvation,control,0.0,0,5,50,74.98184414387342,0.14833096294620945,0.024417140448821897,6.0,,
starvation,control,0.0,0,5,75,112.47124379672528,0.10983353411560763,0.01678894551639464,6.0,,
starvation,control,0.0,0,5,100,149.9629097536577,0.09105283826252011,0.011631976577876653,6.0,,
starvation,control,0.0,0,5,125,187.45499454988254,0.08449727245256701,0.007604653208724694,6.0,,
starvation,control,0.0,0,5,150,224.9465110174262,0.06306496694948344,0.006305296607566224,6.0,,
starvation,control,0.0,0,5,175,262.4382306421048,0.061779512848419316,0.0036275794705427945,6.0,,
starvation,control,0.0,0,5,200,299.9299089283294,0.05512195511161916,0.00449190799943287,6.0,,
starvation,control,0.0,0,5,225,337.4215755504879,0.05351586882495032,0.0043688483715042,6.0,,
starvation,control,0.0,0,5,250,374.91429136396675,0.05714701678062551,0.004581329482678082,6.0,,
starvation,control,0.0,0,5,275,412.4060655640219,0.05633073094792028,0.002494971147807728,6.0,,
starvation,control,0.0,0,5,300,449.8976366331577,0.053669212103120686,0.0036025681719910017,6.0,,
starvation,control,0.0,0,5,325,487.38981711990067,0.05460032359389015,0.0029952177874530026,6.0,,
starvation,control,0.0,0,5,350,524.8814386088035,0.052125328441315316,0.0038990632415669916,6.0,,
starvation,control,0.0,0,5,375,562.373121134608,0.05231322300806533,0.0023369502427165742,6.0,,
starvation,control,0.0,0,5,400,599.8651496435123,0.05036216314362871,0.0029047685144480053,6.0,,
starvation,control,0.0,0,6,25,37.491262921869854,0.0979820482667884,0.024661054519455064,6.0,,
starvation,control,0.0,0,6,50,74.98252902771671,0.07678486772425806,0.020852395385811517,6.0,,
starvation,control,0.0,0,6,75,112.47336784265335,0.04972890441929246,0.014882614027452416,6.0,,
starvation,control,0.0,0,6,100,149.96445881082275,0.04636257290591663,0.008097277561248261,6.0,,
starvation,control,0.0,0,6,125,187.45561229535363,0.05020099317340766,0.009526921796269149,6.0,,
starvation,control,0.0,0,6,150,224.94713717256303,0.046804399509912706,0.006379291489049294,6.0,,
starvation,control,0.0,0,6,175,262.4382593699052,0.0357483763641568,0.007723026585109074,6.0,,
starvation,control,0.0,0,6,200,299.929182578752,0.02400304908098888,0.004277901840908859,6.0,,
starvation,control,0.0,0,6,225,337.42028275517845,0.024224883688026125,0.0033977440748886255,6.0,,
starvation,control,0.0,0,6,250,374.91115198152556,0.02097647311193417,0.0028399343486733225,6.0,,
starvation,control,0.0,0,6,275,412.40223620313145,0.019643903668616045,0.0027314881332214723,6.0,,
starvation,control,0.0,0,6,300,449.8932970651793,0.018364732332242673,0.0031933225224110152,6.0,,
starvation,control,0.0,0,6,325,487.3844829744502,0.017693414313573085,0.002196511952057227,6.0,,
starvation,control,0.0,0,6,350,524.875487310256,0.015593270672164558,0.0027068246206120848,6.0,,
starvation,control,0.0,0,6,375,562.3666593297445,0.015715153746536772,0.0015813478584359162,6.0,,
starvation,control,0.0,0,6,400,599.8575279074455,0.01309830118668271,0.0034310991446662186,6.0,,
starvation,control,0.0,0,7,25,37.49090557338738,0.09252913102019994,0.026568132024060036,6.0,,
starvation,control,0.0,0,7,50,74.98213586462751,0.09615006037695494,0.01591659576859288,6.0,,
starvation,control,0.0,0,7,75,112.47368925720517,0.0700379319832285,0.012657108246109243,6.0,,
starvation,control,0.0,0,7,100,149.96506333369925,0.05556277910035724,0.008988971300393998,6.0,,
starvation,control,0.0,0,7,125,187.4558406054075,0.05116225356872295,0.00617255952609817,6.0,,
starvation,control,0.0,0,7,150,224.94674232360438,0.04273562938199341,0.007564599321036942,6.0,,
starvation,control,0.0,0,7,175,262.43804665431014,0.039904471401327676,0.004970953611057654,6.0,,
starvation,control,0.0,0,7,200,299.9291296156032,0.03478235518341986,0.005190969370464031,6.0,,
starvation,control,0.0,0,7,225,337.42034173448315,0.03224435251380193,0.0032141659305073072,6.0,,
starvation,control,0.0,0,7,250,374.91144460169494,0.029510319186961537,0.0016627398492494627,6.0,,
starvation,control,0.0,0,7,275,412.4024766193567,0.026963088974770292,0.0029522711938049073,6.0,,
starvation,control,0.0,0,7,300,449.8936098300885,0.024823037103049443,0.0020748521771169304,6.0,,
starvation,control,0.0,0,7,325,487.3847185273913,0.02329003279314753,0.0021689500734971825,6.0,,
starvation,control,0.0,0,7,350,524.8759653740353,0.021917964551492974,0.003853174001449836,6.0,,
starvation,control,0.0,0,7,375,562.3670943535044,0.01972773789610642,0.0017626651233695909,6.0,,
starvation,control,0.0,0,7,400,599.8584283272618,0.020494167516997366,0.0034121280627434636,6.0,,
starvation,control,0.0,1,0,25,37.49109003586527,0.1461793644180815,0.04006193946523518,6.0,,
starvation,control,0.0,1,0,50,74.98200634352224,0.058005113356263203,0.02456942183710464,6.0,,
starvation,control,0.0,1,0,75,112.4732219028612,0.03773708746427997,0.020210226259867597,6.0,,
starvation,control,0.0,1,0,100,149.96454944182415,0.03764206903413629,0.0034854852428417666,6.0,,
starvation,control,0.0,1,0,125,187.4557484969889,0.038645116083430145,0.005298168790595509,6.0,,
starvation,control,0.0,1,0,150,224.9469091016859,0.035562520512598374,0.007584984869459046,6.0,,
starvation,control,0.0,1,0,175,262.4382942896105,0.03743958762758247,0.005070801924745393,6.0,,
starvation,control,0.0,1,0,200,299.9292315924091,0.02811313280271202,0.00453166765569031,6.0,,
starvation,control,0.0,1,0,225,337.4204865355653,0.027268235904500823,0.003293265288238199,6.0,,
starvation,control,0.0,1,0,250,374.91131215972797,0.02519031981449559,0.004933962055619775,6.0,,
starvation,control,0.0,1,0,275,412.40240990346393,0.02333663073770091,0.004351486279649415,6.0,,
starvation,control,0.0,1,0,300,449.89381606366493,0.02409689645856751,0.001816932582773408,6.0,,
starvation,control,0.0,1,0,325,487.38500779771294,0.027006322584114343,0.002456013921319589,6.0,,
starvation,control,0.0,1,0,350,524.8761703598417,0.026438383108280363,0.0023553614573970203,6.0,,
starvation,control,0.0,1,0,375,562.3670549182928,0.023603839561959758,0.0024944583600150683,6.0,,
starvation,control,0.0,1,0,400,599.8582210673644,0.023359929470169745,0.0013947998271388934,6.0,,
starvation,control,0.0,1,1,25,37.48996927951977,0.0626339745313379,0.027516341897353302,6.0,,
starvation,control,0.0,1,1,50,74.981746703068,0.062475617287213875,0.020688701663500283,6.0,,
starvation,control,0.0,1,1,75,112.47298200502041,0.035064177836678256,0.011765010538852821,6.0,,
starvation,control,0.0,1,1,100,149.96447107119852,0.04653024792694295,0.01205645918927515,6.0,,
starvation,control,0.0,1,1,125,187.45672546900863,0.061314481323229086,0.007124654158715105,6.0,,
starvation,control,0.0,1,1,150,224.94902256366106,0.0739466523251924,0.0061133227146243745,6.0,,
starvation,control,0.0,1,1,175,262.44141313399905,0.07443711477435479,0.005270749036935307,6.0,,
starvation,control,0.0,1,1,200,299.9336648983486,0.06441115881423345,0.004488857109023859,6.0,,
starvation,control,0.0,1,1,225,337.4258523065154,0.0610257356449293,0.003891332204489696,6.0,,
starvation,control,0.0,1,1,250,374.91767803808074,0.05314044084877906,0.0034366967100625378,6.0,,
starvation,control,0.0,1,1,275,412.4098522100586,0.0555256623145214,0.003534382030199827,6.0,,
starvation,control,0.0,1,1,300,449.90227014709177,0.05742165739157241,0.0020523854540198897,6.0,,
starvation,control,0.0,1,1,325,487.3945608569593,0.06331263557826383,0.00320794017598486,6.0,,
starvation,control,0.0,1,1,350,524.8863270678169,0.05936456504186846,0.0031629144496176063,6.0,,
starvation,control,0.0,1,1,375,562.3786685132604,0.06311752497508503,0.002189360100926701,6.0,,
starvation,control,0.0,1,1,400,599.8712688071357,0.0689974780406021,0.00196363922323861,6.0,,
starvation,control,0.0,1,2,25,37.490010851073514,0.05613294404130567,0.020050470896738525,6.0,,
starvation,control,0.0,1,2,50,74.98160867016415,0.0698298102821638,0.018041932739180967,6.0,,
starvation,control,0.0,1,2,75,112.47314175097718,0.09860855769680107,0.01629793221914673,6.0,,
starvation,control,0.0,1,2,100,149.96510008935522,0.10092731083677618,0.010675567609153037,6.0,,
starvation,control,0.0,1,2,125,187.45745048738704,0.10029438895898915,0.005837631546832003,6.0,,
starvation,control,0.0,1,2,150,224.9491262172046,0.09199574177816801,0.004312310489167152,6.0,,
starvation,control,0.0,1,2,175,262.44106643424954,0.08037152098120828,0.006053992520662866,6.0,,
starvation,control,0.0,1,2,200,299.9324420908956,0.06399503502894323,0.005715837526136411,6.0,,
starvation,control,0.0,1,2,225,337.4240452697898,0.06032931107170053,0.003645598268267582,6.0,,
starvation,control,0.0,1,2,250,374.915400474229,0.05969522442641495,0.005213162910121741,6.0,,
starvation,control,0.0,1,2,275,412.40682899904436,0.05997458688891076,0.0023768017369000627,6.0,,
starvation,control,0.0,1,2,300,449.89882727281423,0.06061186856646925,0.00201490490800746,6.0,,
starvation,control,0.0,1,2,325,487.3907663133186,0.061736185964127,0.0018346703394351966,6.0,,
starvation,control,0.0,1,2,350,524.8822650622466,0.06046959705839992,0.004446017691155662,6.0,,
starvation,control,0.0,1,2,375,562.3742261427201,0.0621224276541748,0.0028653492853616524,6.0,,
starvation,control,0.0,1,2,400,599.8664810048913,0.06309453166198198,0.0014236262823781709,6.0,,
starvation,control,0.0,1,3,25,37.491080228050805,0.10710762940254248,0.02724425827882345,6.0,,
starvation,control,0.0,1,3,50,74.9828885442611,0.08483487589081717,0.02694489560484162,6.0,,
starvation,control,0.0,1,3,75,112.4740145738799,0.11141256323437232,0.01835393052274505,6.0,,
starvation,control,0.0,1,3,100,149.96635267731304,0.1095389625136118,0.006330472554917468,6.0,,
starvation,control,0.0,1,3,125,187.45842055958553,0.13084925657804297,0.010311101382572603,6.0,,
starvation,control,0.0,1,3,150,224.95010270364335,0.1560561260830279,0.00733290423423922,6.0,,
starvation,control,0.0,1,3,175,262.4423853625808,0.15172909151950376,0.005449068657800633,6.0,,
starvation,control,0.0,1,3,200,299.934259444205,0.144168087406921,0.00417494701273321,6.0,,
starvation,control,0.0,1,3,225,337.42761873853897,0.14540667341324426,0.0019789704607324713,6.0,,
starvation,control,0.0,1,3,250,374.9195501152761,0.13837915056754024,0.0033305982847413084,6.0,,
starvation,control,0.0,1,3,275,412.41148531487784,0.14339309852282198,0.0037357856873177007,6.0,,
starvation,control,0.0,1,3,300,449.90386738852555,0.15167727368885517,0.0037603030969797567,6.0,,
starvation,control,0.0,1,3,325,487.3971102700266,0.15396197058674246,0.0020719208506723807,6.0,,
starvation,control,0.0,1,3,350,524.8887778140246,0.1512027375198347,0.00222488490389375,6.0,,
starvation,control,0.0,1,3,375,562.3811362504697,0.14755805071523537,0.0020754675276855065,6.0,,
starvation,control,0.0,1,3,400,599.8745261742978,0.15614568171744395,0.0027384424476692725,6.0,,
starvation,control,0.0,1,4,25,37.490958137350695,0.0521226951251923,0.02205330369848226,6.0,,
starvation,control,0.0,1,4,50,74.9828457742306,0.05362788500300353,0.02403098542667552,6.0,,
starvation,control,0.0,1,4,75,112.47458472658901,0.0516543286697196,0.007197789706925794,6.0,,
starvation,control,0.0,1,4,100,149.96638028942155,0.04864942640819224,0.007263805727668188,6.0,,
starvation,control,0.0,1,4,125,187.45836108612636,0.04536536744639846,0.0035852343905478355,6.0,,
starvation,control,0.0,1,4,150,224.95019985334704,0.04073311438137424,0.005740892974447259,6.0,,
starvation,control,0.0,1,4,175,262.44187599511963,0.03840976439228199,0.004301470880181224,6.0,,
starvation,control,0.0,1,4,200,299.9334516858154,0.033829610475190064,0.006948501311629739,6.0,,
starvation,control,0.0,1,4,225,337.4250746676586,0.031206724119550937,0.003101696638346176,6.0,,
starvation,control,0.0,1,4,250,374.9169429262018,0.032262490148853774,0.0028170899823457803,6.0,,
starvation,control,0.0,1,4,275,412.40886857075805,0.03092369926923246,0.00162598553978194,6.0,,
starvation,control,0.0,1,4,300,449.900538678795,0.031343946914740274,0.0016741653393895076,6.0,,
starvation,control,0.0,1,4,325,487.3925290677306,0.03104813114450211,0.002957332868590598,6.0,,
starvation,control,0.0,1,4,350,524.8843331556625,0.030379188789333687,0.0020331351573565923,6.0,,
starvation,control,0.0,1,4,375,562.3761383381712,0.02907495275350128,0.001458265820839109,6.0,,
starvation,control,0.0,1,4,400,599.8679048153358,0.03000350602169609,0.0012788325365376658,6.0,,
starvation,control,0.0,1,5,25,37.48961691222802,0.24745707665841296,0.052644168867522906,6.0,,
starvation,control,0.0,1,5,50,74.98150590859619,0.13150587436320077,0.030960100471810255,6.0,,
starvation,control,0.0,1,5,75,112.47348428875561,0.12388608458050976,0.015081078215264686,6.0,,
starvation,control,0.0,1,5,100,149.96562382962313,0.1247874000249859,0.006871775757730138,6.0,,
starvation,control,0.0,1,5,125,187.45685819421783,0.12273934060739,0.007286979071787641,6.0,,
starvation,control,0.0,1,5,150,224.94837109976962,0.1165608066480201,0.007015505652334455,6.0,,
starvation,control,0.0,1,5,175,262.4403014168563,0.1025334367214723,0.003497356947373693,6.0,,
starvation,control,0.0,1,5,200,299.9316437149473,0.09073492066502091,0.0034986542239814956,6.0,,
starvation,control,0.0,1,5,225,337.4234707389986,0.09614033119620115,0.004346040137183902,6.0,,
starvation,control,0.0,1,5,250,374.9148779658964,0.08365652714572837,0.003983412826772594,6.0,,
starvation,control,0.0,1,5,275,412.4068053829888,0.09449077081504453,0.0065721839139808915,6.0,,
starvation,control,0.0,1,5,300,449.89894418390827,0.10368137208949782,0.0033304021503850877,6.0,,
starvation,control,0.0,1,5,325,487.39171721986213,0.1162899927241543,0.003420376873004503,6.0,,
starvation,control,0.0,1,5,350,524.8837237600904,0.10917688239359598,0.0021633244602480696,6.0,,
starvation,control,0.0,1,5,375,562.375636083144,0.1033128011976927,0.002745580391390888,6.0,,
starvation,control,0.0,1,5,400,599.8685399797739,0.10793643216474597,0.0023547994607003887,6.0,,
starvation,control,0.0,1,6,25,37.49065440667052,0.05986304887316643,0.041736174218084274,6.0,,
starvation,control,0.0,1,6,50,74.98240605143859,0.10345157811366426,0.03144954802290671,6.0,,
starvation,control,0.0,1,6,75,112.47382053619452,0.05452013298504053,0.013817156744546057,6.0,,
starvation,control,0.0,1,6,100,149.96502022266873,0.04531648620639358,0.010406654625530112,6.0,,
starvation,control,0.0,1,6,125,187.45636964178297,0.036245009183862746,0.004496672174682772,6.0,,
starvation,control,0.0,1,6,150,224.9475305844976,0.029672695639538692,0.005447477691133224,6.0,,
starvation,control,0.0,1,6,175,262.43866502120864,0.026192019644577,0.004501990826898834,6.0,,
starvation,control,0.0,1,6,200,299.9297853887921,0.020910912244421067,0.004132661276030183,6.0,,
starvation,control,0.0,1,6,225,337.42109435263353,0.019248289226804487,0.003495495710791461,6.0,,
starvation,control,0.0,1,6,250,374.91234272150206,0.021230883478482766,0.003904035524017254,6.0,,
starvation,control,0.0,1,6,275,412.4039388585827,0.018407994896762245,0.0031763508413135055,6.0,,
starvation,control,0.0,1,6,300,449.89502643343184,0.020224114550377842,0.004406779266296792,6.0,,
starvation,control,0.0,1,6,325,487.38645076570384,0.0223972520187294,0.0026823136344859178,6.0,,
starvation,control,0.0,1,6,350,524.8776312396304,0.019337439098177367,0.004041126251896372,6.0,,
starvation,control,0.0,1,6,375,562.3686248383239,0.01653050975739393,0.002749238201168161,6.0,,
starvation,control,0.0,1,6,400,599.8605336646582,0.018194334050485844,0.001819198290061486,6.0,,
starvation,control,0.0,1,7,25,37.49149491450902,0.2469808263031918,0.060167076448787056,6.0,,
starvation,control,0.0,1,7,50,74.9807482895769,0.13151831852547322,0.027848457009379303,6.0,,
starvation,control,0.0,1,7,75,112.4723173638198,0.11019035071633537,0.018265192126804605,6.0,,
starvation,control,0.0,1,7,100,149.96503411608833,0.141087857128037,0.008683898135333294,6.0,,
starvation,control,0.0,1,7,125,187.45854975742282,0.16726789376417467,0.010923840107815668,6.0,,
starvation,control,0.0,1,7,150,224.95160732248456,0.19071866666241502,0.004821852785935643,6.0,,
starvation,control,0.0,1,7,175,262.4446645279986,0.18199990101713026,0.004647602180078153,6.0,,
starvation,control,0.0,1,7,200,299.9370945593486,0.15437215730621093,0.0053615388572742905,6.0,,
starvation,control,0.0,1,7,225,337.4300957961285,0.15314771873520658,0.0018015850114238333,6.0,,
starvation,control,0.0,1,7,250,374.9220010249094,0.138277503185539,0.003606925181951491,6.0,,
starvation,control,0.0,1,7,275,412.4140907327194,0.13646063128459013,0.002862648850953138,6.0,,
starvation,control,0.0,1,7,300,449.90742420064976,0.14012579597357305,0.0021505338276307526,6.0,,
starvation,control,0.0,1,7,325,487.40073250952304,0.14720508387660583,0.0040969131818014036,6.0,,
starvation,control,0.0,1,7,350,524.893374882974,0.1422822462096494,0.003254512088717405,6.0,,
starvation,control,0.0,1,7,375,562.3860727074638,0.14006262323424015,0.002361672763240306,6.0,,
starvation,control,0.0,1,7,400,599.8791773170758,0.1475094039300853,0.0027778365451706687,6.0,,
starvation,control,0.0,2,0,25,37.49356735266603,0.30352452986365996,0.06114975851934714,6.0,,
starvation,control,0.0,2,0,50,74.98278834170783,0.20846348612056617,0.025296632521434218,6.0,,
starvation,control,0.0,2,0,75,112.475166732194,0.1512969547770992,0.020048706329666183,6.0,,
starvation,control,0.0,2,0,100,149.96731888835114,0.13832982111712708,0.011764819401322391,6.0,,
starvation,control,0.0,2,0,125,187.45971699531407,0.14220276664280998,0.007792311618098342,6.0,,
starvation,control,0.0,2,0,150,224.95160431796322,0.13814564573384924,0.008113526505619676,6.0,,
starvation,control,0.0,2,0,175,262.44420795140854,0.12935160985287764,0.0060166672554693105,6.0,,
starvation,control,0.0,2,0,200,299.93548134973963,0.11482393461383186,0.00434462283775515,6.0,,
starvation,control,0.0,2,0,225,337.427768500883,0.1105190038337717,0.002875528805591431,6.0,,
starvation,control,0.0,2,0,250,374.9196352755305,0.09903472537208557,0.004415765317311359,6.0,,
starvation,control,0.0,2,0,275,412.4119414196575,0.09295289225789582,0.0024097651777862127,6.0,,
starvation,control,0.0,2,0,300,449.9044616781606,0.0996190585270816,0.004243941037312518,6.0,,
starvation,control,0.0,2,0,325,487.39698191505767,0.09784362566071943,0.0026056986887029944,6.0,,
starvation,control,0.0,2,0,350,524.8887382897426,0.08871820062258651,0.0031875045777518605,6.0,,
starvation,control,0.0,2,0,375,562.3805987175622,0.08391601960693505,0.002295664015446347,6.0,,
starvation,control,0.0,2,0,400,599.8723766584876,0.08016538664592551,0.002633905137201073,6.0,,
starvation,control,0.0,2,1,25,37.49051523158626,0.2100067955191902,0.05689647672928988,6.0,,
starvation,control,0.0,2,1,50,74.98348734828338,0.136166107595615,0.034589466065137235,6.0,,
starvation,control,0.0,2,1,75,112.47581762851532,0.12294163947304376,0.014693860907542504,6.0,,
starvation,control,0.0,2,1,100,149.96746012628992,0.10767981630473394,0.01183766128498493,6.0,,
starvation,control,0.0,2,1,125,187.45971455387513,0.10460668277121918,0.008293435675318152,6.0,,
starvation,control,0.0,2,1,150,224.95188380394794,0.08378169861115006,0.0077430594930089905,6.0,,
starvation,control,0.0,2,1,175,262.4437228416847,0.07692935996492978,0.0037147747772702405,6.0,,
starvation,control,0.0,2,1,200,299.93588950424385,0.07078366983679693,0.004530909069214071,6.0,,
starvation,control,0.0,2,1,225,337.4277437216965,0.06569208984994784,0.0035560994733372965,6.0,,
starvation,control,0.0,2,1,250,374.91944645163426,0.057509725307782936,0.0031167362048191384,6.0,,
starvation,control,0.0,2,1,275,412.41076084895735,0.05504410127532762,0.001572944781765513,6.0,,
starvation,control,0.0,2,1,300,449.9027459077577,0.05622917456251794,0.0023059655818830514,6.0,,
starvation,control,0.0,2,1,325,487.39451114891926,0.052398289534340954,0.0017439116635581287,6.0,,
starvation,control,0.0,2,1,350,524.8856623848576,0.048177792007356085,0.0018528069258414751,6.0,,
starvation,control,0.0,2,1,375,562.3771277007253,0.04557727560258776,0.0017566976269673684,6.0,,
starvation,control,0.0,2,1,400,599.8683703985968,0.042843026594238734,0.00215740124047912,6.0,,
starvation,control,0.0,2,2,25,37.493000232732804,0.3182267615847835,0.07111265489041203,6.0,,
starvation,control,0.0,2,2,50,74.9852098383338,0.21344761183968752,0.03169088583600229,6.0,,
starvation,control,0.0,2,2,75,112.47761011791167,0.1549487759745776,0.018752223570536186,6.0,,
starvation,control,0.0,2,2,100,149.96951311130726,0.14017335863428027,0.0114582594556762,6.0,,
starvation,control,0.0,2,2,125,187.4622347747731,0.14421226314920735,0.006984587967183484,6.0,,
starvation,control,0.0,2,2,150,224.9543269669624,0.13630898102579925,0.008899729231801894,6.0,,
starvation,control,0.0,2,2,175,262.446850337493,0.13285334914982724,0.004305181558900046,6.0,,
starvation,control,0.0,2,2,200,299.9388699338585,0.11117067928757056,0.007937193677011359,6.0,,
starvation,control,0.0,2,2,225,337.43210765437703,0.11043170006796191,0.0037120700044526046,6.0,,
starvation,control,0.0,2,2,250,374.9240474916013,0.09554894370354867,0.003863249795110146,6.0,,
starvation,control,0.0,2,2,275,412.41604080509774,0.09141547820598833,0.002891794286443275,6.0,,
starvation,control,0.0,2,2,300,449.9078117986675,0.09106177618304544,0.001994075632412254,6.0,,
starvation,control,0.0,2,2,325,487.39994425551765,0.0874423659016772,0.002921288584443428,6.0,,
starvation,control,0.0,2,2,350,524.8912424291982,0.08302485167864868,0.0035821794973762613,6.0,,
starvation,control,0.0,2,2,375,562.3832334990296,0.0777325946595798,0.0017595703053802198,6.0,,
starvation,control,0.0,2,2,400,599.8748272782609,0.07124170050433795,0.0021787650234442475,6.0,,
starvation,control,0.0,2,3,25,37.48910863341392,0.16820036248132667,0.04769614904171775,6.0,,
starvation,control,0.0,2,3,50,74.98017865016759,0.11510395672926615,0.0216503065191164,6.0,,
starvation,control,0.0,2,3,75,112.47200232750177,0.08524558910277845,0.009790272359750071,6.0,,
starvation,control,0.0,2,3,100,149.96390891836955,0.06881526643750263,0.009240297185189268,6.0,,
starvation,control,0.0,2,3,125,187.456018944958,0.06241356217445265,0.006316842467047102,6.0,,
starvation,control,0.0,2,3,150,224.9480916747723,0.05782865289830246,0.007659469208112866,6.0,,
starvation,control,0.0,2,3,175,262.44020375793855,0.060362954708458275,0.0029625973861543576,6.0,,
starvation,control,0.0,2,3,200,299.9317616642978,0.05182783435431423,0.0037803211085113875,6.0,,
starvation,control,0.0,2,3,225,337.4235172539609,0.04877431045242903,0.004280671349911033,6.0,,
starvation,control,0.0,2,3,250,374.91532009258066,0.04539020283467659,0.004940046689839576,6.0,,
starvation,control,0.0,2,3,275,412.4070223250168,0.044383995306195655,0.0025384073376038757,6.0,,
starvation,control,0.0,2,3,300,449.89866492723155,0.044134951989478415,0.00268613133936237,6.0,,
starvation,control,0.0,2,3,325,487.38998238476,0.0441644047407487,0.0017085405287499177,6.0,,
starvation,control,0.0,2,3,350,524.8808287770963,0.03670650211602465,0.0035804659319305355,6.0,,
starvation,control,0.0,2,3,375,562.3724014231551,0.034820131377981685,0.0023330755644759517,6.0,,
starvation,control,0.0,2,3,400,599.8639555826212,0.03137052428358924,0.0016040224956921751,6.0,,
starvation,control,0.0,2,4,25,37.491488042813785,0.11014725918176754,0.04454158634255651,6.0,,
starvation,control,0.0,2,4,50,74.98267868172616,0.07991585593525602,0.03408622606800491,6.0,,
starvation,control,0.0,2,4,75,112.47432210338445,0.05859095976711946,0.007366578973187079,6.0,,
starvation,control,0.0,2,4,100,149.96577424097555,0.04737846120303399,0.008499252682934567,6.0,,
starvation,control,0.0,2,4,125,187.4578762002829,0.05670157210940216,0.008371772638639377,6.0,,
starvation,control,0.0,2,4,150,224.94984066125642,0.05617825705869128,0.006373910766684372,6.0,,
starvation,control,0.0,2,4,175,262.4416695773059,0.053604154726494574,0.006740093951502029,6.0,,
starvation,control,0.0,2,4,200,299.93283207337055,0.04252344122557272,0.005805477101226184,6.0,,
starvation,control,0.0,2,4,225,337.4244277342638,0.04090033162834988,0.0026199179435189178,6.0,,
starvation,control,0.0,2,4,250,374.9158418437762,0.03950727698584393,0.002827624971354824,6.0,,
starvation,control,0.0,2,4,275,412.40739570812843,0.04051461200469784,0.003259193769583347,6.0,,
starvation,control,0.0,2,4,300,449.8992015154809,0.04269694433229823,0.0027416390403433325,6.0,,
starvation,control,0.0,2,4,325,487.3909117950727,0.03956138846585286,0.002034568397393863,6.0,,
starvation,control,0.0,2,4,350,524.8822473928502,0.035175500573519404,0.003079574541655835,6.0,,
starvation,control,0.0,2,4,375,562.3737927773103,0.03099228983779014,0.0026661291262864194,6.0,,
starvation,control,0.0,2,4,400,599.8652795000364,0.03042298385356288,0.003032242251247237,6.0,,
starvation,control,0.0,2,5,25,37.490137787151575,0.07245766398884883,0.03859998406263075,6.0,,
starvation,control,0.0,2,5,50,74.98179978349789,0.07783839926756432,0.024240641797700215,6.0,,
starvation,control,0.0,2,5,75,112.47338047509473,0.06550693492849227,0.008914589961520707,6.0,,
starvation,control,0.0,2,5,100,149.96470027036776,0.050859882340578054,0.005001331388471755,6.0,,
starvation,control,0.0,2,5,125,187.45650355361767,0.055483565855730124,0.005897687843615621,6.0,,
starvation,control,0.0,2,5,150,224.94831371113997,0.05253769567882943,0.010314319110602387,6.0,,
starvation,control,0.0,2,5,175,262.44067629024005,0.054381331692798365,0.0038545320061078784,6.0,,
starvation,control,0.0,2,5,200,299.93227096033854,0.05507293706529277,0.007896684802807108,6.0,,
starvation,control,0.0,2,5,225,337.4238251524246,0.052056795616935096,0.0031465801341925104,6.0,,
starvation,control,0.0,2,5,250,374.9149731417561,0.042175439302251594,0.004331828059911138,6.0,,
starvation,control,0.0,2,5,275,412.4064121272052,0.042351213043021904,0.0021908594940462,6.0,,
starvation,control,0.0,2,5,300,449.8978534030403,0.039590471893432184,0.0028519116776282074,6.0,,
starvation,control,0.0,2,5,325,487.3890984720945,0.036211806649440736,0.0024514333405139927,6.0,,
starvation,control,0.0,2,5,350,524.8802456082544,0.035891159657623274,0.002901113659626888,6.0,,
starvation,control,0.0,2,5,375,562.3719264399904,0.03312385170308145,0.0025178614228905396,6.0,,
starvation,control,0.0,2,5,400,599.8628478788323,0.030202444120735014,0.002455153876648956,6.0,,
starvation,control,0.0,2,6,25,37.491463784701224,0.11860743613293076,0.047173654672632494,6.0,,
starvation,control,0.0,2,6,50,74.98221144281263,0.07401502061355911,0.030124858094265385,6.0,,
starvation,control,0.0,2,6,75,112.47367426806403,0.06531057461653256,0.01204275690808408,6.0,,
starvation,control,0.0,2,6,100,149.96471486562245,0.05145623843872634,0.009100088534182588,6.0,,
starvation,control,0.0,2,6,125,187.45594662538193,0.05679099799514528,0.008820236616173071,6.0,,
starvation,control,0.0,2,6,150,224.94762347404594,0.04685861657979702,0.005244517625734599,6.0,,
starvation,control,0.0,2,6,175,262.43935380429446,0.05180272145429518,0.005530060886301578,6.0,,
starvation,control,0.0,2,6,200,299.9305505133614,0.04377836370281088,0.004666786880059839,6.0,,
starvation,control,0.0,2,6,225,337.42175887668,0.04291531248627325,0.004299321359396161,6.0,,
starvation,control,0.0,2,6,250,374.9131340225438,0.04036830475285623,0.003935777538249672,6.0,,
starvation,control,0.0,2,6,275,412.40453042448956,0.03985702818832586,0.0037882514517591013,6.0,,
starvation,control,0.0,2,6,300,449.8959816229086,0.03734417485122135,0.0022839756924805388,6.0,,
starvation,control,0.0,2,6,325,487.3875210342164,0.037312682698853586,0.002904955952971773,6.0,,
starvation,control,0.0,2,6,350,524.8789833197942,0.03184769271207519,0.0025644620640704117,6.0,,
starvation,control,0.0,2,6,375,562.3705635417026,0.03084624839030263,0.003127848031351682,6.0,,
starvation,control,0.0,2,6,400,599.8619103785697,0.028818191203790065,0.0026350009878658306,6.0,,
starvation,control,0.0,2,7,25,37.489873539230565,0.08635037496125299,0.04390661868887154,6.0,,
starvation,control,0.0,2,7,50,74.98100035426742,0.0511425916700728,0.02892194179909069,6.0,,
starvation,control,0.0,2,7,75,112.47212908305568,0.05067898392430508,0.009889320253189424,6.0,,
starvation,control,0.0,2,7,100,149.9634147001222,0.04970998108323764,0.010222597910215743,6.0,,
starvation,control,0.0,2,7,125,187.45472250996113,0.05593774821432401,0.007874346922784322,6.0,,
starvation,control,0.0,2,7,150,224.9460959299193,0.04919950439496825,0.00703815459391542,6.0,,
starvation,control,0.0,2,7,175,262.43722909363254,0.05321769964314902,0.007149387310606246,6.0,,
starvation,control,0.0,2,7,200,299.92880912582154,0.05543116974298129,0.005863320615899198,6.0,,
starvation,control,0.0,2,7,225,337.4202722620475,0.050662634637359046,0.003734535336073723,6.0,,
starvation,control,0.0,2,7,250,374.9113582072668,0.05177038111342383,0.004248558891360662,6.0,,
starvation,control,0.0,2,7,275,412.4030321076814,0.053037545383069463,0.0030029900718915726,6.0,,
starvation,control,0.0,2,7,300,449.89440886670235,0.04922812672615963,0.0023613561682486457,6.0,,
starvation,control,0.0,2,7,325,487.3857856526223,0.04869773674999676,0.00262979275565123,6.0,,
starvation,control,0.0,2,7,350,524.8768583635728,0.04616225508020343,0.003768353671856195,6.0,,
starvation,control,0.0,2,7,375,562.368478553156,0.04900234025492665,0.002850323133932188,6.0,,
starvation,control,0.0,2,7,400,599.8595752607407,0.04541184134122561,0.002041063289650314,6.0,,
starvation,control,0.3,0,0,25,22.494707906215048,0.13437058023192877,0.04606710248605049,6.0,,
starvation,control,0.3,0,0,50,49.48888057841398,0.06925199591310746,0.024769461246168318,6.0,,
starvation,control,0.3,0,0,75,76.48356975130599,0.05345356476655255,0.011744469219171267,6.0,,
starvation,control,0.3,0,0,100,103.4785951260171,0.04613602531431968,0.0110313579063769,6.0,,
starvation,control,0.3,0,0,125,119.97559717369852,0.04092371831324593,0.009282866643035752,6.0,,
starvation,control,0.3,0,0,150,143.9709637522043,0.04596850232863381,0.00521819941709033,6.0,,
starvation,control,0.3,0,0,175,167.96554706890572,0.039001133499811845,0.004449763633877186,6.0,,
starvation,control,0.3,0,0,200,193.46032060249524,0.03589967491720548,0.0038759206848243987,6.0,,
starvation,control,0.3,0,0,225,215.95553938249364,0.03838069729705159,0.0028196176657626615,6.0,,
starvation,control,0.3,0,0,250,247.44806127885968,0.03425940951394978,0.005244653796396202,6.0,,
starvation,control,0.3,0,0,275,268.443942536711,0.029442364253861555,0.004867860381561234,6.0,,
starvation,control,0.3,0,0,300,290.9395875402244,0.027089613231078183,0.00304082841303842,6.0,,
starvation,control,0.3,0,0,325,314.935371663765,0.0260130190734124,0.00374138008412379,6.0,,
starvation,control,0.3,0,0,350,343.42962812182316,0.023493622502232987,0.0036198113198649628,6.0,,
starvation,control,0.3,0,0,375,373.4243505696073,0.022237968373596338,0.00328239909017922,6.0,,
starvation,control,0.3,0,0,400,394.4216542794532,0.021465900241062215,0.0026984206926533917,6.0,,
starvation,control,0.3,0,1,25,22.494796402094526,0.09260471035816709,0.027926413344148762,6.0,,
starvation,control,0.3,0,1,50,49.48942636382759,0.08987451714963521,0.027081813214020853,6.0,,
starvation,control,0.3,0,1,75,76.48454348883655,0.08244044199664041,0.015033684927106342,6.0,,
starvation,control,0.3,0,1,100,103.47850665171752,0.07907503065552579,0.011475377596575728,6.0,,
starvation,control,0.3,0,1,125,119.97532113738302,0.06788461906289002,0.004297721397435592,6.0,,
starvation,control,0.3,0,1,150,143.97059396859436,0.057447966127463404,0.007564762293123854,6.0,,
starvation,control,0.3,0,1,175,167.9667977835393,0.04768361348218724,0.0031765082588247305,6.0,,
starvation,control,0.3,0,1,200,193.46290852929874,0.03721737736319959,0.005618239997445007,6.0,,
starvation,control,0.3,0,1,225,215.9581030620439,0.03835602818107719,0.004098977095196542,6.0,,
starvation,control,0.3,0,1,250,247.45109670554353,0.03685358783227835,0.004250354280498494,6.0,,
starvation,control,0.3,0,1,275,268.4471488582931,0.03466233172199813,0.0033794312531886406,6.0,,
starvation,control,0.3,0,1,300,290.94281596290534,0.038547375957603554,0.002588731424756804,6.0,,
starvation,control,0.3,0,1,325,314.9382420155579,0.038600804657329214,0.0015720607902649768,6.0,,
starvation,control,0.3,0,1,350,343.43382459548525,0.03997265096032181,0.0022894789586973847,6.0,,
starvation,control,0.3,0,1,375,373.42840896986985,0.03815536768481681,0.003140699236989082,6.0,,
starvation,control,0.3,0,1,400,394.42426125338363,0.036311822942845774,0.0027171147330161643,6.0,,
starvation,control,0.3,0,2,25,22.495092347293834,0.14342029132209005,0.0376868837639317,6.0,,
starvation,control,0.3,0,2,50,49.48917175542378,0.12396351438248057,0.030479358198752173,6.0,,
starvation,control,0.3,0,2,75,76.48295055492528,0.10103960143162799,0.017421527874324026,6.0,,
starvation,control,0.3,0,2,100,103.47708808617897,0.09549815614656229,0.00987938292036901,6.0,,
starvation,control,0.3,0,2,125,119.97240883207883,0.08964123105269584,0.0076104541633796405,6.0,,
starvation,control,0.3,0,2,150,143.96869165546335,0.07094544802659805,0.007092334205888804,6.0,,
starvation,control,0.3,0,2,175,167.9645845191035,0.05629051017347908,0.0087388708453333,6.0,,
starvation,control,0.3,0,2,200,193.4596702865363,0.04577486580525891,0.009038587777842392,6.0,,
starvation,control,0.3,0,2,225,215.9549510299974,0.044616658532451885,0.00487945440768261,6.0,,
starvation,control,0.3,0,2,250,247.4486900271732,0.04192822204964372,0.0046875591221096575,6.0,,
starvation,control,0.3,0,2,275,268.44443421156353,0.04947771884900019,0.005603578115464735,6.0,,
starvation,control,0.3,0,2,300,290.94071285921814,0.055662659818613264,0.0036604203382437596,6.0,,
starvation,control,0.3,0,2,325,314.935111621586,0.05231528457361871,0.0032539341763874506,6.0,,
starvation,control,0.3,0,2,350,343.4284604299071,0.053878342225115464,0.0032784161056670976,6.0,,
starvation,control,0.3,0,2,375,373.4234962489593,0.053430634869024926,0.0024871309113575005,6.0,,
starvation,control,0.3,0,2,400,394.41911136218835,0.05167742550535244,0.0015964170271528572,6.0,,
starvation,control,0.3,0,3,25,22.49241989652358,0.1926201441205457,0.04379404254769906,6.0,,
starvation,control,0.3,0,3,50,49.487396301184184,0.12142669564986036,0.0295547434692023,6.0,,
starvation,control,0.3,0,3,75,76.4822094919454,0.0834720808052957,0.019910070733541226,6.0,,
starvation,control,0.3,0,3,100,103.47706539266596,0.06599849462775258,0.010299848198482932,6.0,,
starvation,control,0.3,0,3,125,119.9731959852621,0.05992696314688836,0.005800557748388791,6.0,,
starvation,control,0.3,0,3,150,143.96902208006435,0.052932587779904616,0.008005324563642845,6.0,,
starvation,control,0.3,0,3,175,167.9649013016134,0.05038590344763337,0.0038747062893060404,6.0,,
starvation,control,0.3,0,3,200,193.4595782776451,0.0438841682858178,0.004689432060284906,6.0,,
starvation,control,0.3,0,3,225,215.95569457251554,0.04689910328506381,0.003431709427989988,6.0,,
starvation,control,0.3,0,3,250,247.4496609680594,0.052561809969935924,0.0060841152753135,6.0,,
starvation,control,0.3,0,3,275,268.4449924976444,0.05016227455619116,0.0019304967665944208,6.0,,
starvation,control,0.3,0,3,300,290.9407176511794,0.050283290489146745,0.003483698320449208,6.0,,
starvation,control,0.3,0,3,325,314.9351981603429,0.05750225927332266,0.0046990863010698495,6.0,,
starvation,control,0.3,0,3,350,343.42903068015215,0.05755060582081762,0.0032263653311894696,6.0,,
starvation,control,0.3,0,3,375,373.428272142458,0.05572479683190899,0.003774876989860204,6.0,,
starvation,control,0.3,0,3,400,394.42617660957194,0.050190638891887206,0.0016914544723377512,6.0,,
starvation,control,0.3,0,4,25,22.49270584644872,0.16754974533730185,0.0626160397006372,6.0,,
starvation,control,0.3,0,4,50,49.48724813839419,0.13736365809607617,0.03535882869402246,6.0,,
starvation,control,0.3,0,4,75,76.48174765598971,0.12540673635558802,0.024120322774638613,6.0,,
starvation,control,0.3,0,4,100,103.47638695840034,0.11918253306357629,0.011499985480441042,6.0,,
starvation,control,0.3,0,4,125,119.97320810773164,0.10615897805247265,0.009417325850036903,6.0,,
starvation,control,0.3,0,4,150,143.96802330436634,0.08197776184408985,0.007680827116168802,6.0,,
starvation,control,0.3,0,4,175,167.96380624833068,0.07119113220684263,0.00745760788498568,6.0,,
starvation,control,0.3,0,4,200,193.45987752222018,0.06278262062576528,0.007003773437368574,6.0,,
starvation,control,0.3,0,4,225,215.95562384700344,0.06551488212431891,0.004064582450148286,6.0,,
starvation,control,0.3,0,4,250,247.4492888324171,0.060701073994941984,0.002488563206544102,6.0,,
starvation,control,0.3,0,4,275,268.4449627043581,0.0572703566626359,0.0024913723039347315,6.0,,
starvation,control,0.3,0,4,300,290.9557296781842,0.05752436130185968,0.002962980100527751,6.0,,
starvation,control,0.3,0,4,325,314.95452157676897,0.06154478432136063,0.0033878993254484358,6.0,,
starvation,control,0.3,0,4,350,343.44869569470507,0.06130052762137866,0.0030927692214751923,6.0,,
starvation,control,0.3,0,4,375,373.44293118660477,0.06663078482595869,0.0031666828425174647,6.0,,
starvation,control,0.3,0,4,400,394.4393994893125,0.06524697634112137,0.003361479977650299,6.0,,
starvation,control,0.3,0,5,25,22.494940735254715,0.17669355418630797,0.0460545096041613,6.0,,
starvation,control,0.3,0,5,50,49.48940058330235,0.15706069376230325,0.025766158110360385,6.0,,
starvation,control,0.3,0,5,75,76.48456473869813,0.126643751757073,0.016388282834179927,6.0,,
starvation,control,0.3,0,5,100,103.47959534526639,0.11615185391083674,0.011844759898838058,6.0,,
starvation,control,0.3,0,5,125,119.97505319585146,0.11131261478585279,0.010055953619995698,6.0,,
starvation,control,0.3,0,5,150,143.97062353016213,0.08898714935861336,0.006447788614780279,6.0,,
starvation,control,0.3,0,5,175,167.9662031887567,0.08381477529817073,0.004361007567193874,6.0,,
starvation,control,0.3,0,5,200,193.46165958227482,0.0763062966134816,0.007884028884311561,6.0,,
starvation,control,0.3,0,5,225,215.95691490437332,0.08083271262028498,0.004016127130728685,6.0,,
starvation,control,0.3,0,5,250,247.45515593355128,0.07538918508302,0.0064826686611120675,6.0,,
starvation,control,0.3,0,5,275,268.4512722657825,0.07413621364594376,0.003021352307969188,6.0,,
starvation,control,0.3,0,5,300,290.94725690871843,0.07398030248790777,0.0035918965476639236,6.0,,
starvation,control,0.3,0,5,325,314.94386314585927,0.08007881358843089,0.005023080568558634,6.0,,
starvation,control,0.3,0,5,350,343.4388080378644,0.07835818461997307,0.005068148732883135,6.0,,
starvation,control,0.3,0,5,375,373.43327295254545,0.07964578817527859,0.002839695075157941,6.0,,
starvation,control,0.3,0,5,400,394.4302560634971,0.07217220288540115,0.0028562444769909233,6.0,,
starvation,control,0.3,0,6,25,22.4950509550294,0.13353367201566574,0.04171439489912067,6.0,,
starvation,control,0.3,0,6,50,49.484802542057565,0.10885511382483357,0.026404333330606242,6.0,,
starvation,control,0.3,0,6,75,76.4790751903412,0.06392971882650383,0.021007926585392314,6.0,,
starvation,control,0.3,0,6,100,103.47246978571505,0.05983408147068098,0.007031683824882761,6.0,,
starvation,control,0.3,0,6,125,119.96919816965593,0.06446974977745722,0.007538549587535729,6.0,,
starvation,control,0.3,0,6,150,143.96471251305266,0.04511791632315043,0.00957481083248662,6.0,,
starvation,control,0.3,0,6,175,167.96030505188702,0.03519582155444537,0.00923934101743889,6.0,,
starvation,control,0.3,0,6,200,193.45580988659952,0.02718460850251254,0.005572742849695123,6.0,,
starvation,control,0.3,0,6,225,215.95146132495245,0.02578918442371229,0.004416460191139837,6.0,,
starvation,control,0.3,0,6,250,247.44431379144206,0.02365429816468191,0.00343672893407733,6.0,,
starvation,control,0.3,0,6,275,268.4404969882556,0.021756620936218583,0.003555643505199637,6.0,,
starvation,control,0.3,0,6,300,290.9357910980882,0.02309756031148492,0.002194469097377064,6.0,,
starvation,control,0.3,0,6,325,314.93133780094365,0.021034993191294732,0.003068142872503541,6.0,,
starvation,control,0.3,0,6,350,343.42556420015904,0.02092744916422674,0.0033634782802621234,6.0,,
starvation,control,0.3,0,6,375,373.4215887091523,0.021552444043884837,0.003061647681844459,6.0,,
starvation,control,0.3,0,6,400,394.4171396967713,0.018787500265264802,0.003935730912417956,6.0,,
starvation,control,0.3,0,7,25,22.4951949831389,0.12110277585798218,0.042497174561455485,6.0,,
starvation,control,0.3,0,7,50,49.48937231582192,0.11870758927613889,0.03315590546454855,6.0,,
starvation,control,0.3,0,7,75,76.48484933425948,0.09413655167653306,0.01446700523659878,6.0,,
starvation,control,0.3,0,7,100,103.47987670985123,0.08795399487556439,0.007679823162611379,6.0,,
starvation,control,0.3,0,7,125,119.97583555982261,0.07636902408012528,0.00765262848123224,6.0,,
starvation,control,0.3,0,7,150,143.97081560998404,0.05319044205229707,0.012780273787539037,6.0,,
starvation,control,0.3,0,7,175,167.96628714880262,0.04808594526920908,0.005310999830080048,6.0,,
starvation,control,0.3,0,7,200,193.4610352282566,0.03992326668302731,0.005868063999156825,6.0,,
starvation,control,0.3,0,7,225,215.9558071456888,0.03802408859289071,0.005125658412075867,6.0,,
starvation,control,0.3,0,7,250,247.44760559973733,0.031911155873347904,0.0030904176578515218,6.0,,
starvation,control,0.3,0,7,275,268.4427829403637,0.030414201518268118,0.0037550733433829313,6.0,,
starvation,control,0.3,0,7,300,290.9375735292094,0.028824793693848848,0.002176841560941609,6.0,,
starvation,control,0.3,0,7,325,314.93239334631795,0.02861210014917603,0.001753168093113892,6.0,,
starvation,control,0.3,0,7,350,343.42721239521603,0.026932569221382256,0.004362380983172466,6.0,,
starvation,control,0.3,0,7,375,373.4215532572018,0.025673729940391334,0.0026715303086366103,6.0,,
starvation,control,0.3,0,7,400,394.41710621651237,0.0224387281959839,0.003857518805290799,6.0,,
starvation,control,0.3,1,0,25,31.49201863014514,0.08327935896912178,0.03868770812949129,6.0,,
starvation,control,0.3,1,0,50,56.98604560755901,0.046693252688340535,0.02318858620166959,6.0,,
starvation,control,0.3,1,0,75,80.9814693458325,0.04117149447007211,0.016190791661256154,6.0,,
starvation,control,0.3,1,0,100,112.47508958773001,0.04471849562115872,0.006514342314513591,6.0,,
starvation,control,0.3,1,0,125,142.46907146405567,0.04330415338223706,0.005237918848948111,6.0,,
starvation,control,0.3,1,0,150,170.9637202545107,0.042058602926572555,0.005916044758220165,6.0,,
starvation,control,0.3,1,0,175,199.4576600632689,0.04467427669040423,0.005425167280452452,6.0,,
starvation,control,0.3,1,0,200,227.95079030884068,0.04025382450262639,0.005193384338885704,6.0,,
starvation,control,0.3,1,0,225,251.94540931628939,0.045112249322948036,0.0050379205477310875,6.0,,
starvation,control,0.3,1,0,250,274.4407265855864,0.04230384230004094,0.007996506242950407,6.0,,
starvation,control,0.3,1,0,275,301.4346307289963,0.03542501881276561,0.004345004989433037,6.0,,
starvation,control,0.3,1,0,300,326.92914619119904,0.034551904266277945,0.0022756936328074003,6.0,,
starvation,control,0.3,1,0,325,349.4240356170176,0.035211893550719756,0.0015663544556306045,6.0,,
starvation,control,0.3,1,0,350,377.9195501580777,0.034242798614666434,0.002583416234020897,6.0,,
starvation,control,0.3,1,0,375,404.9141892330906,0.035473866406475256,0.0027296036658863714,6.0,,
starvation,control,0.3,1,0,400,425.9247355094394,0.03781227645007987,0.0016811017676632333,6.0,,
starvation,control,0.3,1,1,25,31.491631902056227,0.0683165034330458,0.024185908821391912,6.0,,
starvation,control,0.3,1,1,50,56.98655887339044,0.08231069635032814,0.016972949232694413,6.0,,
starvation,control,0.3,1,1,75,80.9821437115459,0.04536983747294185,0.013338189200031355,6.0,,
starvation,control,0.3,1,1,100,112.47608545676728,0.07460781373261458,0.013519918737465195,6.0,,
starvation,control,0.3,1,1,125,142.46846322098398,0.10329166719790026,0.008553899875574021,6.0,,
starvation,control,0.3,1,1,150,170.9624400363879,0.13943428876273678,0.008431715856288335,6.0,,
starvation,control,0.3,1,1,175,199.456512055527,0.12495241679991653,0.005176652638058652,6.0,,
starvation,control,0.3,1,1,200,227.95005698906664,0.12898135335751446,0.0029267809406824797,6.0,,
starvation,control,0.3,1,1,225,251.9452864120629,0.1296849092264635,0.00531083467522305,6.0,,
starvation,control,0.3,1,1,250,274.44135496443084,0.11454643975137338,0.004286822783051373,6.0,,
starvation,control,0.3,1,1,275,301.4348246303767,0.11786393861897364,0.004978318732260832,6.0,,
starvation,control,0.3,1,1,300,326.92928621493917,0.12304800583563252,0.0019636434867386842,6.0,,
starvation,control,0.3,1,1,325,349.4258223405926,0.12818549814192917,0.0018460623321823494,6.0,,
starvation,control,0.3,1,1,350,377.92134282101074,0.11754733628828437,0.003742984870273094,6.0,,
starvation,control,0.3,1,1,375,404.91649012916946,0.12684909761033517,0.0031535052227513486,6.0,,
starvation,control,0.3,1,1,400,425.91359376521007,0.13797129806965333,0.0022788979026481964,6.0,,
starvation,control,0.3,1,2,25,31.491511230705328,0.06255624120315104,0.02372516918041085,6.0,,
starvation,control,0.3,1,2,50,56.98639391752722,0.06431910487744766,0.017534806144973786,6.0,,
starvation,control,0.3,1,2,75,80.98173507345717,0.07184994684159057,0.02111165843742301,6.0,,
starvation,control,0.3,1,2,100,112.47606130390885,0.07088246712664353,0.013918830864498535,6.0,,
starvation,control,0.3,1,2,125,142.46741151348857,0.0687548684039446,0.00908438632891231,6.0,,
starvation,control,0.3,1,2,150,170.96213274901564,0.06609148143762998,0.004223710106378784,6.0,,
starvation,control,0.3,1,2,175,199.45648705531522,0.0593554807737339,0.005921754684653442,6.0,,
starvation,control,0.3,1,2,200,227.9501606316044,0.05668984408471959,0.005534310943608867,6.0,,
starvation,control,0.3,1,2,225,251.94553662668818,0.05420999442585456,0.0037934418711941904,6.0,,
starvation,control,0.3,1,2,250,274.440838081327,0.053013156749924586,0.005557161700064384,6.0,,
starvation,control,0.3,1,2,275,301.4346624041321,0.054785929307952355,0.0028955245125162287,6.0,,
starvation,control,0.3,1,2,300,326.9286132644569,0.05750973031964399,0.0023808778116974198,6.0,,
starvation,control,0.3,1,2,325,349.4247274883383,0.061070514438519796,0.0021776721847413744,6.0,,
starvation,control,0.3,1,2,350,377.91922827732765,0.06081062855709659,0.005676005791039201,6.0,,
starvation,control,0.3,1,2,375,404.9127628427521,0.06393677743259074,0.003066537458951456,6.0,,
starvation,control,0.3,1,2,400,425.90822750068196,0.06252293758626992,0.0016646463404327166,6.0,,
starvation,control,0.3,1,3,25,31.49312436675525,0.12322523645059635,0.034166464424593306,6.0,,
starvation,control,0.3,1,3,50,56.98735262279975,0.12122790882457998,0.02174611852738232,6.0,,
starvation,control,0.3,1,3,75,80.98327291102218,0.11749370620265867,0.009471970958330108,6.0,,
starvation,control,0.3,1,3,100,112.47517633583453,0.11444046476550289,0.006868752641628395,6.0,,
starvation,control,0.3,1,3,125,142.46940835568276,0.13542918312307892,0.010630890188395819,6.0,,
starvation,control,0.3,1,3,150,170.9634537269003,0.14641717028136023,0.0075630744695999,6.0,,
starvation,control,0.3,1,3,175,199.45780308709638,0.13209696329211734,0.006434576620093779,6.0,,
starvation,control,0.3,1,3,200,227.95091217253602,0.13268150791710198,0.005072045761053536,6.0,,
starvation,control,0.3,1,3,225,251.94623694910334,0.13482069941270058,0.002638133280087728,6.0,,
starvation,control,0.3,1,3,250,274.4415640448534,0.13019546589584785,0.004369928051770627,6.0,,
starvation,control,0.3,1,3,275,301.4358824062159,0.13628055546680942,0.0049162460561588215,6.0,,
starvation,control,0.3,1,3,300,326.93023177070955,0.14337184044593754,0.0041182272772577,6.0,,
starvation,control,0.3,1,3,325,349.4256154476232,0.1494118387205695,0.0030895022691609575,6.0,,
starvation,control,0.3,1,3,350,377.9258450469385,0.14681641254903205,0.0034670831833142346,6.0,,
starvation,control,0.3,1,3,375,404.9208149187659,0.13961373445783634,0.0022049637058604056,6.0,,
starvation,control,0.3,1,3,400,425.9179565426074,0.14470652562014638,0.0017890192180173264,6.0,,
starvation,control,0.3,1,4,25,31.492393468921343,0.06509088847896984,0.030428583957028375,6.0,,
starvation,control,0.3,1,4,50,56.986935323001894,0.041453718136841664,0.020801513552407242,6.0,,
starvation,control,0.3,1,4,75,80.99501341791166,0.0378006383729504,0.009604102850418931,6.0,,
starvation,control,0.3,1,4,100,112.48905736434814,0.03987646041520657,0.01043447068309376,6.0,,
starvation,control,0.3,1,4,125,142.48184593923003,0.036571319537097136,0.005007630210715895,6.0,,
starvation,control,0.3,1,4,150,170.97552977529276,0.032636907577180053,0.0029930750033634337,6.0,,
starvation,control,0.3,1,4,175,199.47030712047015,0.03216273249159062,0.004760418073406091,6.0,,
starvation,control,0.3,1,4,200,227.9634423950147,0.03289717354449946,0.005499822571941586,6.0,,
starvation,control,0.3,1,4,225,251.9583039552832,0.030338619134261002,0.0039906180293410275,6.0,,
starvation,control,0.3,1,4,250,274.45352727568724,0.03148166798956649,0.0023410606930441267,6.0,,
starvation,control,0.3,1,4,275,301.4476266000425,0.030102617935837093,0.002162177379561562,6.0,,
starvation,control,0.3,1,4,300,326.94203818985125,0.029845635789673135,0.0015995785622634486,6.0,,
starvation,control,0.3,1,4,325,349.43699889003005,0.02931395347780287,0.0018900091363327639,6.0,,
starvation,control,0.3,1,4,350,377.93080371873737,0.029819743367428625,0.002800001100230102,6.0,,
starvation,control,0.3,1,4,375,404.92414557559783,0.027235346604721683,0.0016477723201964944,6.0,,
starvation,control,0.3,1,4,400,425.9195844124723,0.02664195720185413,0.0017444555853960248,6.0,,
starvation,control,0.3,1,5,25,31.49132081272934,0.19195632200922152,0.05082007209069454,6.0,,
starvation,control,0.3,1,5,50,56.98661297562722,0.08958428158334103,0.030086760266263415,6.0,,
starvation,control,0.3,1,5,75,80.98238603123305,0.09757682486035049,0.01583662062206046,6.0,,
starvation,control,0.3,1,5,100,112.4754733923963,0.08286973505798259,0.008076472177015657,6.0,,
starvation,control,0.3,1,5,125,142.46904575702447,0.0810417582513267,0.009750408139592586,6.0,,
starvation,control,0.3,1,5,150,170.96382288033277,0.07742337772344383,0.006491740784460056,6.0,,
starvation,control,0.3,1,5,175,199.45836862928843,0.060817536934077564,0.005200250986034205,6.0,,
starvation,control,0.3,1,5,200,227.95252256503812,0.05865585812086942,0.0031903420730955757,6.0,,
starvation,control,0.3,1,5,225,251.94708457846264,0.06257714399982486,0.003957453463436942,6.0,,
starvation,control,0.3,1,5,250,274.44282929513747,0.05178304215575005,0.002708278773086036,6.0,,
starvation,control,0.3,1,5,275,301.43770202055646,0.05349813103671934,0.005772361021876812,6.0,,
starvation,control,0.3,1,5,300,326.9320819109341,0.05672843773168697,0.0025332287613348205,6.0,,
starvation,control,0.3,1,5,325,349.426442803841,0.06209223940835524,0.002707729712388248,6.0,,
starvation,control,0.3,1,5,350,377.92098049314575,0.05728267636491009,0.0037042464329410207,6.0,,
starvation,control,0.3,1,5,375,404.91510880889814,0.05476790630925848,0.0033389076511740282,6.0,,
starvation,control,0.3,1,5,400,425.9100838337391,0.056456665817253865,0.0016844247565843335,6.0,,
starvation,control,0.3,1,6,25,31.49248636119383,0.06293201350296564,0.041468432041482435,6.0,,
starvation,control,0.3,1,6,50,56.987143467689094,0.06484978195230182,0.02417774386275397,6.0,,
starvation,control,0.3,1,6,75,80.9825485667501,0.03841805553217271,0.014099948750416003,6.0,,
starvation,control,0.3,1,6,100,112.47605148191796,0.03736433812358639,0.012506888362584925,6.0,,
starvation,control,0.3,1,6,125,142.46916029960835,0.030858805089694276,0.003499005699484047,6.0,,
starvation,control,0.3,1,6,150,170.96223216784423,0.028928474810879734,0.00484919182398059,6.0,,
starvation,control,0.3,1,6,175,199.45768980202405,0.023158517283977963,0.0053712297453487046,6.0,,
starvation,control,0.3,1,6,200,227.95201489099145,0.02064631841070763,0.0037757883649755745,6.0,,
starvation,control,0.3,1,6,225,251.94675455420634,0.021695425802196744,0.004544003589086644,6.0,,
starvation,control,0.3,1,6,250,274.442426975938,0.021956034060907573,0.005286852098897194,6.0,,
starvation,control,0.3,1,6,275,301.43649904074834,0.01737828266382555,0.0034731921969167433,6.0,,
starvation,control,0.3,1,6,300,326.9311429491286,0.01678115099952812,0.003942980175265651,6.0,,
starvation,control,0.3,1,6,325,349.42605282765993,0.018240643161474543,0.002375555977252719,6.0,,
starvation,control,0.3,1,6,350,377.92016045622665,0.018908716718678237,0.0044074233244188795,6.0,,
starvation,control,0.3,1,6,375,404.91470860553216,0.015973886686321596,0.0034420448245973713,6.0,,
starvation,control,0.3,1,6,400,425.9107026119558,0.01613746726382217,0.0016796801433422216,6.0,,
starvation,control,0.3,1,7,25,31.4920833959024,0.18717134644403827,0.06080406648497296,6.0,,
starvation,control,0.3,1,7,50,56.98610183508605,0.11361557295199165,0.031067007845692326,6.0,,
starvation,control,0.3,1,7,75,80.9814199229398,0.09224859240866634,0.016870168610302737,6.0,,
starvation,control,0.3,1,7,100,112.4744722685305,0.11418061589052117,0.008994670494420048,6.0,,
starvation,control,0.3,1,7,125,142.46884217941803,0.11357983140727775,0.011784290716272414,6.0,,
starvation,control,0.3,1,7,150,170.96347317263297,0.12483865500286478,0.004230325009222357,6.0,,
starvation,control,0.3,1,7,175,199.45606707898688,0.11692771311111985,0.0057744520025415965,6.0,,
starvation,control,0.3,1,7,200,227.9509689057515,0.10850734979202784,0.004912985224989906,6.0,,
starvation,control,0.3,1,7,225,251.94555320863105,0.10866565262218893,0.002733498462845317,6.0,,
starvation,control,0.3,1,7,250,274.44154024852725,0.0959469707630095,0.003114961122912338,6.0,,
starvation,control,0.3,1,7,275,301.435246801827,0.0921441026185071,0.003353185698804587,6.0,,
starvation,control,0.3,1,7,300,326.9303901519627,0.093261066481751,0.0019061518642959083,6.0,,
starvation,control,0.3,1,7,325,349.4258206264038,0.09628816893944461,0.002824773579961423,6.0,,
starvation,control,0.3,1,7,350,377.9218286192959,0.09165050427546317,0.004873742128602132,6.0,,
starvation,control,0.3,1,7,375,404.920923389551,0.08812181731223215,0.0030962403132778478,6.0,,
starvation,control,0.3,1,7,400,425.9168243853863,0.09339163636234774,0.002829535891354803,6.0,,
starvation,control,0.3,2,0,25,26.995511660534298,0.21109531533510562,0.054500105341132504,6.0,,
starvation,control,0.3,2,0,50,52.48885422532108,0.19632414896388262,0.030616229665322337,6.0,,
starvation,control,0.3,2,0,75,77.98392988907682,0.12227670790107997,0.023933289988600174,6.0,,
starvation,control,0.3,2,0,100,100.47909357319145,0.10926375017090445,0.009474878435726681,6.0,,
starvation,control,0.3,2,0,125,127.47390394927473,0.10410676291721661,0.010772666904697581,6.0,,
starvation,control,0.3,2,0,150,140.97192287547892,0.09165373428057877,0.00475131138602112,6.0,,
starvation,control,0.3,2,0,175,170.9665954387051,0.08973624134123362,0.008117794623424277,6.0,,
starvation,control,0.3,2,0,200,202.45973080427603,0.06838011536176568,0.007607679166542785,6.0,,
starvation,control,0.3,2,0,225,229.45502569154687,0.07052093321068897,0.0031682652765153817,6.0,,
starvation,control,0.3,2,0,250,251.9503323088528,0.06647717855318813,0.0038520013148886935,6.0,,
starvation,control,0.3,2,0,275,277.4454621136129,0.06294604046166691,0.0018638207045563154,6.0,,
starvation,control,0.3,2,0,300,304.4396569551286,0.06268376926998243,0.0028133183124200377,6.0,,
starvation,control,0.3,2,0,325,329.93377808362004,0.060033241708379495,0.003671956931393159,6.0,,
starvation,control,0.3,2,0,350,359.92766183230066,0.05291328634390909,0.004404693112971535,6.0,,
starvation,control,0.3,2,0,375,391.42161967064305,0.04891402716797154,0.0025337602244159454,6.0,,
starvation,control,0.3,2,0,400,418.4158890453569,0.048431812865060056,0.0023759533338025295,6.0,,
starvation,control,0.3,2,1,25,26.992694823618887,0.1425088122538095,0.039091791810235074,6.0,,
starvation,control,0.3,2,1,50,52.48773468600583,0.09714673483864864,0.02701552912276422,6.0,,
starvation,control,0.3,2,1,75,77.98202414968956,0.09964809620180394,0.011101951097296963,6.0,,
starvation,control,0.3,2,1,100,100.47692925048742,0.0933363132101695,0.010479873442658825,6.0,,
starvation,control,0.3,2,1,125,127.47142588211842,0.08447763279131562,0.010193284807853526,6.0,,
starvation,control,0.3,2,1,150,140.96915822344263,0.07338669806492709,0.006646065289618601,6.0,,
starvation,control,0.3,2,1,175,170.96404244728194,0.06810450234488383,0.003749784731983551,6.0,,
starvation,control,0.3,2,1,200,202.45826722603334,0.055822222512943456,0.0058418865566693175,6.0,,
starvation,control,0.3,2,1,225,229.45386000158152,0.057065694188119354,0.003214936149571276,6.0,,
starvation,control,0.3,2,1,250,251.94955928888015,0.05406280226298575,0.003246699221609497,6.0,,
starvation,control,0.3,2,1,275,277.4451696287765,0.05147051066740638,0.0024705729008472053,6.0,,
starvation,control,0.3,2,1,300,304.4394014279312,0.05221975817981011,0.002693964296878747,6.0,,
starvation,control,0.3,2,1,325,329.9341445291554,0.04829573851875846,0.002522032332963711,6.0,,
starvation,control,0.3,2,1,350,359.9282618922187,0.044766349977111514,0.0024767148161118782,6.0,,
starvation,control,0.3,2,1,375,391.42150000091954,0.04487208128076048,0.002492697438702774,6.0,,
starvation,control,0.3,2,1,400,418.4157141563798,0.04327555046273851,0.002235481166434516,6.0,,
starvation,control,0.3,2,2,25,26.99442508963651,0.36189507923570174,0.08062005447039411,6.0,,
starvation,control,0.3,2,2,50,52.48887839222522,0.28841728235994546,0.030739619414235954,6.0,,
starvation,control,0.3,2,2,75,77.9836882630743,0.1776244235797178,0.031066980194300823,6.0,,
starvation,control,0.3,2,2,100,100.47960095459646,0.17358391686331517,0.010940923862110765,6.0,,
starvation,control,0.3,2,2,125,127.47419393158279,0.17213620145472516,0.011179288738094982,6.0,,
starvation,control,0.3,2,2,150,140.97181837545426,0.1525577773264367,0.006093473660483422,6.0,,
starvation,control,0.3,2,2,175,170.9660651385998,0.15820316071863647,0.007845097933148313,6.0,,
starvation,control,0.3,2,2,200,202.46023274750493,0.12364538044887322,0.01148943782650178,6.0,,
starvation,control,0.3,2,2,225,229.45587133674405,0.1269983237047101,0.006369062485924551,6.0,,
starvation,control,0.3,2,2,250,251.95128144044108,0.11278913425103942,0.0030879323853809327,6.0,,
starvation,control,0.3,2,2,275,277.44620041268143,0.11262415487458495,0.0045836161121315085,6.0,,
starvation,control,0.3,2,2,300,304.4408740922929,0.11669571073634485,0.002866406788714993,6.0,,
starvation,control,0.3,2,2,325,329.93529347341143,0.11437266951157621,0.0025488184298717172,6.0,,
starvation,control,0.3,2,2,350,359.92981044378445,0.11278851198757261,0.004453523272041473,6.0,,
starvation,control,0.3,2,2,375,391.4243190546504,0.10252115871226279,0.0025266650207214957,6.0,,
starvation,control,0.3,2,2,400,418.4184599478733,0.0986405505760221,0.0019775309752469434,6.0,,
starvation,control,0.3,2,3,25,26.991860658409372,0.1754063265034297,0.05729209525969274,6.0,,
starvation,control,0.3,2,3,50,52.487091446429325,0.12311094206690074,0.032272497067086355,6.0,,
starvation,control,0.3,2,3,75,77.98193155463012,0.08985061530743207,0.011543045026024166,6.0,,
starvation,control,0.3,2,3,100,100.47541607493838,0.08704972218547023,0.009061846682970031,6.0,,
starvation,control,0.3,2,3,125,127.47041966137657,0.07523939503076439,0.010113147706485956,6.0,,
starvation,control,0.3,2,3,150,140.96808285789044,0.07288095777784707,0.011033223739626803,6.0,,
starvation,control,0.3,2,3,175,170.96228852789304,0.07511792292684061,0.006097901257479537,6.0,,
starvation,control,0.3,2,3,200,202.4563415962004,0.05961308662662315,0.005205820904810735,6.0,,
starvation,control,0.3,2,3,225,229.45159000431528,0.05324418294274338,0.005800346696791716,6.0,,
starvation,control,0.3,2,3,250,251.94817444243427,0.04782311272429011,0.006022414466260317,6.0,,
starvation,control,0.3,2,3,275,277.44328126282164,0.04790984422882958,0.002737193774873968,6.0,,
starvation,control,0.3,2,3,300,304.4372192657192,0.048497412557750474,0.0021365778353302713,6.0,,
starvation,control,0.3,2,3,325,329.9297617001969,0.04665156699784762,0.002018798877047665,6.0,,
starvation,control,0.3,2,3,350,359.9237168646646,0.0384193524661109,0.004447146728962671,6.0,,
starvation,control,0.3,2,3,375,391.4163693507169,0.035940162707155734,0.0030088190104242026,6.0,,
starvation,control,0.3,2,3,400,418.4088842026753,0.03087138111337415,0.0021663568553116196,6.0,,
starvation,control,0.3,2,4,25,26.993232326115805,0.06859679379706446,0.033132568149045395,6.0,,
starvation,control,0.3,2,4,50,52.48347687472732,0.04661588177003366,0.024503748723389382,6.0,,
starvation,control,0.3,2,4,75,77.97858569164603,0.03540036321882874,0.009513084392674032,6.0,,
starvation,control,0.3,2,4,100,100.47358868638078,0.029419730447611522,0.007356108768921874,6.0,,
starvation,control,0.3,2,4,125,127.46829816324781,0.03588675514582833,0.006224923942306719,6.0,,
starvation,control,0.3,2,4,150,140.96582837086885,0.031051343815728837,0.00583839376344218,6.0,,
starvation,control,0.3,2,4,175,170.95928592883803,0.028182638244512927,0.009643342548500853,6.0,,
starvation,control,0.3,2,4,200,202.45280899434835,0.023800041356130168,0.0063082150795179155,6.0,,
starvation,control,0.3,2,4,225,229.44745996183113,0.022331026037510655,0.003367678388160733,6.0,,
starvation,control,0.3,2,4,250,251.942059705812,0.019455116607515286,0.003326462654435849,6.0,,
starvation,control,0.3,2,4,275,277.4379630428668,0.01842563851189207,0.003482803825848661,6.0,,
starvation,control,0.3,2,4,300,304.432505234502,0.017733998704054184,0.0042026928964788764,6.0,,
starvation,control,0.3,2,4,325,329.92642152369757,0.017568239363227475,0.0022505782108582393,6.0,,
starvation,control,0.3,2,4,350,359.9205304106223,0.014631585849403717,0.0032563317905939682,6.0,,
starvation,control,0.3,2,4,375,391.4140527752347,0.014885497912774295,0.0026046210590772983,6.0,,
starvation,control,0.3,2,4,400,418.40796705894263,0.016530105818485363,0.003184754768727148,6.0,,
starvation,control,0.3,2,5,25,26.99401462481814,0.06617635380347758,0.032480246829617566,6.0,,
starvation,control,0.3,2,5,50,52.48835994228132,0.05306334868145948,0.02050019614528189,6.0,,
starvation,control,0.3,2,5,75,77.98337253991298,0.059723899563090904,0.013096083870393693,6.0,,
starvation,control,0.3,2,5,100,100.4789019637634,0.06943515607739423,0.005376386502996073,6.0,,
starvation,control,0.3,2,5,125,127.47356549075484,0.0977316643263133,0.010325315448721117,6.0,,
starvation,control,0.3,2,5,150,140.9713328179056,0.09091145034884021,0.00879544289124829,6.0,,
starvation,control,0.3,2,5,175,170.9662441805075,0.11143320148897914,0.0073932066253009675,6.0,,
starvation,control,0.3,2,5,200,202.46037500801464,0.10722874694906719,0.01018865177406552,6.0,,
starvation,control,0.3,2,5,225,229.45605601322836,0.10331637441802216,0.004248561310638567,6.0,,
starvation,control,0.3,2,5,250,251.95170869667587,0.08792913445210501,0.003255403906278995,6.0,,
starvation,control,0.3,2,5,275,277.4471875190537,0.08499018484954603,0.0022924034809779304,6.0,,
starvation,control,0.3,2,5,300,304.4417096851338,0.08152728096467646,0.002428075234536749,6.0,,
starvation,control,0.3,2,5,325,329.93722247545236,0.07984894358115967,0.0025479575761083785,6.0,,
starvation,control,0.3,2,5,350,359.9314659828547,0.07394900179703479,0.003180477994398856,6.0,,
starvation,control,0.3,2,5,375,391.4257997786976,0.0670613630329235,0.003566342948542539,6.0,,
starvation,control,0.3,2,5,400,418.42018316430136,0.06176976003141691,0.003611821572594523,6.0,,
starvation,control,0.3,2,6,25,26.993925834838734,0.09631743208729227,0.04558794415978999,6.0,,
starvation,control,0.3,2,6,50,52.4883704334644,0.09549450837080237,0.031405909910283365,6.0,,
starvation,control,0.3,2,6,75,77.98310192577205,0.0992180299768616,0.012128591341047152,6.0,,
starvation,control,0.3,2,6,100,100.4784808208496,0.09184196816020174,0.009621691628216855,6.0,,
starvation,control,0.3,2,6,125,127.47390571252721,0.08376672621322624,0.008696429957075742,6.0,,
starvation,control,0.3,2,6,150,140.97104007497234,0.0747599066939612,0.00509228822179561,6.0,,
starvation,control,0.3,2,6,175,170.96474102134596,0.07530015920404917,0.00909247534640857,6.0,,
starvation,control,0.3,2,6,200,202.45897750131144,0.06167147831414347,0.005978364460192895,6.0,,
starvation,control,0.3,2,6,225,229.45446864576968,0.05660046650810713,0.003750471238331375,6.0,,
starvation,control,0.3,2,6,250,251.94921195598187,0.0523267792983023,0.0036154902686039714,6.0,,
starvation,control,0.3,2,6,275,277.444376606924,0.05755619723490246,0.003674261619937683,6.0,,
starvation,control,0.3,2,6,300,304.4392598208376,0.05977654705836997,0.002221569435641479,6.0,,
starvation,control,0.3,2,6,325,329.9339812277028,0.06383625878419852,0.0028788122515446056,6.0,,
starvation,control,0.3,2,6,350,359.92743108955506,0.05640004218098782,0.0034439096420457093,6.0,,
starvation,control,0.3,2,6,375,391.420740761001,0.05216631451241177,0.0038628740529671585,6.0,,
starvation,control,0.3,2,6,400,418.4157970003951,0.048692153402433797,0.001865838340364205,6.0,,
starvation,control,0.3,2,7,25,26.994319030929837,0.11587656276724988,0.04374129510796662,6.0,,
starvation,control,0.3,2,7,50,52.489014019438656,0.05834681803848481,0.03652857763378985,6.0,,
starvation,control,0.3,2,7,75,77.98325179705564,0.04444802089530135,0.008850627558280645,6.0,,
starvation,control,0.3,2,7,100,100.47796175200546,0.035600898914776566,0.008255017019134427,6.0,,
starvation,control,0.3,2,7,125,127.4719969771751,0.04145601944500572,0.008250416703078212,6.0,,
starvation,control,0.3,2,7,150,140.96980517903756,0.0343504986122121,0.005667197646789976,6.0,,
starvation,control,0.3,2,7,175,170.9633015348948,0.04387933317977296,0.010364251393043571,6.0,,
starvation,control,0.3,2,7,200,202.45800428392943,0.04478124317093764,0.00842610029759919,6.0,,
starvation,control,0.3,2,7,225,229.45258477576635,0.03949652722164451,0.006084526246881117,6.0,,
starvation,control,0.3,2,7,250,251.94814674186645,0.032119873702704305,0.00430286287632268,6.0,,
starvation,control,0.3,2,7,275,277.4436188451969,0.03287774807455081,0.0030062631161709573,6.0,,
starvation,control,0.3,2,7,300,304.4379177594305,0.03107192850292135,0.00176109780943974,6.0,,
starvation,control,0.3,2,7,325,329.93166615660374,0.028383780868908727,0.0020058799930593326,6.0,,
starvation,control,0.3,2,7,350,359.9258825521819,0.02698548321747412,0.0031701185578375947,6.0,,
starvation,control,0.3,2,7,375,391.42064123470857,0.030236976170699707,0.003022535654478995,6.0,,
starvation,control,0.3,2,7,400,418.4149864875701,0.027030938014481195,0.0022355412068021134,6.0,,
starvation,control,0.6,0,0,25,5.998768553546334,0.12561089779784385,0.06374725890847073,6.0,,
starvation,control,0.6,0,0,50,22.49603523612245,0.10421031335920825,0.04817085734379236,6.0,,
starvation,control,0.6,0,0,75,35.99388193049797,0.07509782449798974,0.02350637599579735,6.0,,
starvation,control,0.6,0,0,100,50.99124361399363,0.06040403243117591,0.012567499216221063,6.0,,
starvation,control,0.6,0,0,125,61.489378421715415,0.06343148357640563,0.011892200353764384,6.0,,
starvation,control,0.6,0,0,150,71.9877456932107,0.0619741723339208,0.009999339534882176,6.0,,
starvation,control,0.6,0,0,175,80.986046216018,0.04713355324726774,0.005191846917913205,6.0,,
starvation,control,0.6,0,0,200,97.48332605548794,0.03974638558364918,0.00630400082598304,6.0,,
starvation,control,0.6,0,0,225,109.48117886472053,0.04588185667347533,0.007308383267848341,6.0,,
starvation,control,0.6,0,0,250,125.97727596497126,0.04519259042320057,0.006013643680870004,6.0,,
starvation,control,0.6,0,0,275,136.47628899343886,0.041846369347354556,0.005864926726201127,6.0,,
starvation,control,0.6,0,0,300,148.4744725753958,0.03956621008594267,0.002223063709329416,6.0,,
starvation,control,0.6,0,0,325,161.97233230548775,0.04268956271868436,0.0048289925080644905,6.0,,
starvation,control,0.6,0,0,350,178.46939222819276,0.04726244478694817,0.006001523032614786,6.0,,
starvation,control,0.6,0,0,375,190.4674585351653,0.04438043817645133,0.005171734612142605,6.0,,
starvation,control,0.6,0,0,400,203.96701597632125,0.03672331378558152,0.003989567905265095,6.0,,
starvation,control,0.6,0,1,25,5.9990825085343005,0.21073838920280374,0.04657034653221788,6.0,,
starvation,control,0.6,0,1,50,22.49597076613952,0.11325701459148435,0.050895891361273676,6.0,,
starvation,control,0.6,0,1,75,35.99311635336596,0.09386326270977566,0.0224186836393911,6.0,,
starvation,control,0.6,0,1,100,50.98963175069436,0.07772167209905556,0.014864379605106177,6.0,,
starvation,control,0.6,0,1,125,61.48719476882226,0.062473197032161115,0.004600545575749154,6.0,,
starvation,control,0.6,0,1,150,71.99876175688821,0.05841252309011834,0.011697197567847357,6.0,,
starvation,control,0.6,0,1,175,80.99890020921873,0.05525999233396353,0.007358958285669819,6.0,,
starvation,control,0.6,0,1,200,97.49828560694664,0.044947670061815506,0.0064637746967078245,6.0,,
starvation,control,0.6,0,1,225,109.49534596146367,0.04465949920763464,0.002717166916628334,6.0,,
starvation,control,0.6,0,1,250,125.99066339658013,0.03901596761726222,0.004359326817493263,6.0,,
starvation,control,0.6,0,1,275,136.48863497662262,0.03609217996736853,0.0023737223257527668,6.0,,
starvation,control,0.6,0,1,300,148.48673491161725,0.03798391062651996,0.003882617151644409,6.0,,
starvation,control,0.6,0,1,325,161.98396652928614,0.03677894800752532,0.004339091950368799,6.0,,
starvation,control,0.6,0,1,350,178.48114282616237,0.03649779837739233,0.0031569149926918005,6.0,,
starvation,control,0.6,0,1,375,190.47900968535816,0.03408679815119564,0.0039622705061886886,6.0,,
starvation,control,0.6,0,1,400,203.9765519158172,0.0318400849424255,0.003893399679701408,6.0,,
starvation,control,0.6,0,2,25,5.998969772037379,0.22819851459542223,0.061757006810483246,6.0,,
starvation,control,0.6,0,2,50,22.495212516499905,0.14805612479620592,0.056048513209621544,6.0,,
starvation,control,0.6,0,2,75,35.992733283068596,0.12193015437022713,0.02020707924506003,6.0,,
starvation,control,0.6,0,2,100,50.989259076033015,0.09860797466778541,0.017446262483219132,6.0,,
starvation,control,0.6,0,2,125,61.48641709287918,0.1344867064596084,0.014305771910717824,6.0,,
starvation,control,0.6,0,2,150,71.98503249826241,0.11805906892192038,0.013852673332785321,6.0,,
starvation,control,0.6,0,2,175,80.98354567438724,0.08844997831630777,0.005694625230140734,6.0,,
starvation,control,0.6,0,2,200,97.48074622850523,0.06369026723142712,0.010558076751864421,6.0,,
starvation,control,0.6,0,2,225,109.4781293438922,0.058998929512174544,0.006830716300603187,6.0,,
starvation,control,0.6,0,2,250,125.97477575318429,0.05766098890089573,0.004862068949236038,6.0,,
starvation,control,0.6,0,2,275,136.47312044421594,0.059979096580889756,0.006623912740243003,6.0,,
starvation,control,0.6,0,2,300,148.47131457950903,0.06851818183588713,0.005213392101162662,6.0,,
starvation,control,0.6,0,2,325,161.96828553872695,0.06005385320877816,0.0059838583572079055,6.0,,
starvation,control,0.6,0,2,350,178.46466800194264,0.06422677801763488,0.005171390332695076,6.0,,
starvation,control,0.6,0,2,375,190.4630827292773,0.0678524898115099,0.002510231408693358,6.0,,
starvation,control,0.6,0,2,400,203.96081417322102,0.06286432555545157,0.003615767171102317,6.0,,
starvation,control,0.6,0,3,25,5.999142056085974,0.07705305975663579,0.03962784624421417,6.0,,
starvation,control,0.6,0,3,50,22.495845743201045,0.0617034866925852,0.05210830842535122,6.0,,
starvation,control,0.6,0,3,75,35.99267407281859,0.0625486341013185,0.01697367524279396,6.0,,
starvation,control,0.6,0,3,100,50.989661453255835,0.04844727007502613,0.01692535290129213,6.0,,
starvation,control,0.6,0,3,125,61.48683774705872,0.05156497664739744,0.00778243098239299,6.0,,
starvation,control,0.6,0,3,150,71.98480329837815,0.05429458515939834,0.006230000671208884,6.0,,
starvation,control,0.6,0,3,175,80.98381677894065,0.05027387299022168,0.005222852532623786,6.0,,
starvation,control,0.6,0,3,200,97.48042864340202,0.04393099763618818,0.0077442868498678345,6.0,,
starvation,control,0.6,0,3,225,109.47831884999397,0.03854294771326786,0.004229869770282378,6.0,,
starvation,control,0.6,0,3,250,125.9751168983535,0.04175019152813075,0.005588396141570482,6.0,,
starvation,control,0.6,0,3,275,136.4727702743846,0.036569550565601266,0.0038481119368647355,6.0,,
starvation,control,0.6,0,3,300,148.47099017025008,0.042634331042311416,0.003722859389700057,6.0,,
starvation,control,0.6,0,3,325,161.96822748856016,0.04749911310477248,0.004341113365731262,6.0,,
starvation,control,0.6,0,3,350,178.46469513412288,0.04329347000628378,0.004660730652021031,6.0,,
starvation,control,0.6,0,3,375,190.46543954934944,0.04417330588382,0.0026412267901953957,6.0,,
starvation,control,0.6,0,3,400,203.9637873326396,0.043900575872280995,0.002019516433127422,6.0,,
starvation,control,0.6,0,4,25,5.998887025671048,0.12061960901741717,0.05759498908423856,6.0,,
starvation,control,0.6,0,4,50,22.496368397381886,0.07514097320480709,0.06411690341848442,6.0,,
starvation,control,0.6,0,4,75,35.99333915125129,0.04742675494161118,0.020741261886383963,6.0,,
starvation,control,0.6,0,4,100,50.99015190611978,0.04726177654287563,0.01782059765276537,6.0,,
starvation,control,0.6,0,4,125,61.488026113294964,0.04250524054484049,0.00788311323860997,6.0,,
starvation,control,0.6,0,4,150,71.9861001755485,0.0403043672192561,0.003973892555285234,6.0,,
starvation,control,0.6,0,4,175,80.98447129473962,0.03728101721047315,0.0028570642044935734,6.0,,
starvation,control,0.6,0,4,200,97.48105024670672,0.024361508337126553,0.007700739142979391,6.0,,
starvation,control,0.6,0,4,225,109.47860536558598,0.026116904693511182,0.003622297457653686,6.0,,
starvation,control,0.6,0,4,250,125.97549413671439,0.0269061295330391,0.003001370443867141,6.0,,
starvation,control,0.6,0,4,275,136.47321781029302,0.02280681220880015,0.003379930357487363,6.0,,
starvation,control,0.6,0,4,300,148.47402812135982,0.020295618267803236,0.0033162391736228703,6.0,,
starvation,control,0.6,0,4,325,161.97412012702782,0.025177838410818963,0.003893991544336305,6.0,,
starvation,control,0.6,0,4,350,178.47109314582542,0.0271206334932119,0.004803493184115861,6.0,,
starvation,control,0.6,0,4,375,190.4692099377486,0.02597952115728901,0.0023928077527475707,6.0,,
starvation,control,0.6,0,4,400,203.96773787910823,0.024600511880673415,0.004288450729742989,6.0,,
starvation,control,0.6,0,5,25,5.999074136620351,0.05410549127033187,0.032455450083722276,6.0,,
starvation,control,0.6,0,5,50,22.49523706050544,0.10499895690304799,0.04108880419979481,6.0,,
starvation,control,0.6,0,5,75,35.992759470445435,0.0737079824121849,0.01581859858339338,6.0,,
starvation,control,0.6,0,5,100,50.989999091896806,0.07842287770881198,0.014859773909189916,6.0,,
starvation,control,0.6,0,5,125,61.48748726571669,0.09337114771646851,0.011691497821911671,6.0,,
starvation,control,0.6,0,5,150,71.98553352050305,0.09779046056520714,0.008073847978901953,6.0,,
starvation,control,0.6,0,5,175,80.98369833249612,0.08538439994939426,0.006011510654906069,6.0,,
starvation,control,0.6,0,5,200,97.48116469808461,0.07781187719223301,0.015072502122077622,6.0,,
starvation,control,0.6,0,5,225,109.47814757720275,0.07960124930552638,0.0036368500498560334,6.0,,
starvation,control,0.6,0,5,250,125.98409201091141,0.06697551074631482,0.006136598112919472,6.0,,
starvation,control,0.6,0,5,275,136.4823192746361,0.06393938724054864,0.003904489474801987,6.0,,
starvation,control,0.6,0,5,300,148.48053880190028,0.05657124455689676,0.004490626072638825,6.0,,
starvation,control,0.6,0,5,325,161.97817325814026,0.054685820928537826,0.006849169362735999,6.0,,
starvation,control,0.6,0,5,350,178.4752914618266,0.04596088089370665,0.004859059371905682,6.0,,
starvation,control,0.6,0,5,375,190.473510219069,0.04289067244330966,0.0037493254430627436,6.0,,
starvation,control,0.6,0,5,400,203.97147287902482,0.041953438608050724,0.0024424147647826035,6.0,,
starvation,control,0.6,0,6,25,5.9991641572128405,0.3911929494390479,0.08459497620974518,6.0,,
starvation,control,0.6,0,6,50,22.493484828886096,0.10104310190910715,0.06302222642998812,6.0,,
starvation,control,0.6,0,6,75,35.99045487090008,0.0699036700355948,0.025906235485295772,6.0,,
starvation,control,0.6,0,6,100,50.98652089945102,0.05774903232223828,0.005644286727788237,6.0,,
starvation,control,0.6,0,6,125,61.48416664388229,0.060824928353348524,0.006830244073091612,6.0,,
starvation,control,0.6,0,6,150,71.98264978437804,0.05073061568978965,0.011868064053536269,6.0,,
starvation,control,0.6,0,6,175,80.98113462614438,0.0658240326358515,0.015086946620028217,6.0,,
starvation,control,0.6,0,6,200,97.47845241992707,0.05009625854771972,0.009649852068539898,6.0,,
starvation,control,0.6,0,6,225,109.47599421497227,0.04695636083650321,0.005922718803490568,6.0,,
starvation,control,0.6,0,6,250,125.97266640459605,0.04576085208103729,0.0020496719435084978,6.0,,
starvation,control,0.6,0,6,275,136.47096724967727,0.0376431012167739,0.004831469120204755,6.0,,
starvation,control,0.6,0,6,300,148.46889954625073,0.04110881390728072,0.003026126672965378,6.0,,
starvation,control,0.6,0,6,325,161.96643213158578,0.044889648670069185,0.005094569926162858,6.0,,
starvation,control,0.6,0,6,350,178.46302869664777,0.04593152933564169,0.004323510735341021,6.0,,
starvation,control,0.6,0,6,375,190.46818028266384,0.0454938273955238,0.0033444365928546756,6.0,,
starvation,control,0.6,0,6,400,203.9660249977961,0.03944811014892717,0.007590558341155973,6.0,,
starvation,control,0.6,0,7,25,5.99935871248144,0.18414859847229428,0.04966639808093786,6.0,,
starvation,control,0.6,0,7,50,22.49611916178078,0.1661634745529624,0.04451717025550875,6.0,,
starvation,control,0.6,0,7,75,35.9939289610874,0.1301644396567331,0.019396220365542137,6.0,,
starvation,control,0.6,0,7,100,50.99108629249264,0.10967019985864002,0.011349440711960805,6.0,,
starvation,control,0.6,0,7,125,61.48880182927087,0.09760232505722614,0.008071044663632043,6.0,,
starvation,control,0.6,0,7,150,71.98637524590404,0.07254400651841454,0.01040620295887651,6.0,,
starvation,control,0.6,0,7,175,80.98647076490062,0.06930047130092545,0.004025740133667948,6.0,,
starvation,control,0.6,0,7,200,97.48371349967998,0.05514358695623517,0.008195798214549993,6.0,,
starvation,control,0.6,0,7,225,109.48115537175752,0.05090922947395818,0.007386764190059895,6.0,,
starvation,control,0.6,0,7,250,125.97537482645579,0.04925803592395725,0.0033730185021030087,6.0,,
starvation,control,0.6,0,7,275,136.47417394435075,0.043230403290886565,0.004499991176090328,6.0,,
starvation,control,0.6,0,7,300,148.4713920220909,0.040892089436177156,0.0028027298237760824,6.0,,
starvation,control,0.6,0,7,325,161.9690120023721,0.04138998656494451,0.003576483752125952,6.0,,
starvation,control,0.6,0,7,350,178.46604063694926,0.03872676233484329,0.004873366171155528,6.0,,
starvation,control,0.6,0,7,375,190.46373446105446,0.04121984811722518,0.003227497339407204,6.0,,
starvation,control,0.6,0,7,400,203.96132489951577,0.03844497983267005,0.005863305540078909,6.0,,
starvation,control,0.6,1,0,25,20.993213813024575,0.6058817109642657,0.08733970233030103,6.0,,
starvation,control,0.6,1,0,50,34.492356576385006,0.8238855380991549,0.03575914281629469,6.0,,
starvation,control,0.6,1,0,75,46.48733073563422,0.4165976521807368,0.03986551304472194,6.0,,
starvation,control,0.6,1,0,100,71.98241681575054,0.3365221596316541,0.018625830885417815,6.0,,
starvation,control,0.6,1,0,125,91.47866028923826,0.32185096517210476,0.011680940656370407,6.0,,
starvation,control,0.6,1,0,150,110.97534363321361,0.27293249064798836,0.009279618457265987,6.0,,
starvation,control,0.6,1,0,175,124.47288885213273,0.26079538585673284,0.009135364949896524,6.0,,
starvation,control,0.6,1,0,200,130.47265340001334,0.23217196948894103,0.004786438283736196,6.0,,
starvation,control,0.6,1,0,225,142.47057011494405,0.26010517252764664,0.0071376677720130025,6.0,,
starvation,control,0.6,1,0,250,160.4667258846647,0.2131417597095179,0.010088197124567015,6.0,,
starvation,control,0.6,1,0,275,176.96506308016387,0.20527135767584123,0.005032695914085767,6.0,,
starvation,control,0.6,1,0,300,196.46080508726916,0.18920720808450067,0.00414895892575146,6.0,,
starvation,control,0.6,1,0,325,209.9580845671981,0.19120089350500538,0.0014477261681813758,6.0,,
starvation,control,0.6,1,0,350,221.95715773314004,0.17910822919859098,0.003435601769893245,6.0,,
starvation,control,0.6,1,0,375,238.45536277643748,0.1743477050849971,0.002079516479869839,6.0,,
starvation,control,0.6,1,0,400,253.46292657497514,0.17627982616751392,0.0022796142688446285,6.0,,
starvation,control,0.6,1,1,25,20.995413770779948,0.4261135148788902,0.05898432910544358,6.0,,
starvation,control,0.6,1,1,50,34.49325141601691,0.5056547737261622,0.02801516013136383,6.0,,
starvation,control,0.6,1,1,75,46.49089648235447,0.1888422716467858,0.03558707789677364,6.0,,
starvation,control,0.6,1,1,100,71.98634169804338,0.23105503246257536,0.01994676414522845,6.0,,
starvation,control,0.6,1,1,125,91.48214579507949,0.23834940023744167,0.006792302728594406,6.0,,
starvation,control,0.6,1,1,150,110.97796414666615,0.2651346546697573,0.00760894293688235,6.0,,
starvation,control,0.6,1,1,175,124.47531505407113,0.25125016359605545,0.004775917551470176,6.0,,
starvation,control,0.6,1,1,200,130.4740736416138,0.2285169205180085,0.004150759149446327,6.0,,
starvation,control,0.6,1,1,225,142.47172512427005,0.24507312946031584,0.005242855908702682,6.0,,
starvation,control,0.6,1,1,250,160.4682286495571,0.19904408367149837,0.0076477987869596475,6.0,,
starvation,control,0.6,1,1,275,176.9645288890997,0.1934330668758664,0.007366684980296554,6.0,,
starvation,control,0.6,1,1,300,196.46019927379135,0.20979929595893554,0.005444399127862847,6.0,,
starvation,control,0.6,1,1,325,209.95980949095494,0.22262012987673843,0.0026020428608883937,6.0,,
starvation,control,0.6,1,1,350,221.95767717509239,0.205431731829745,0.0046414357292500616,6.0,,
starvation,control,0.6,1,1,375,238.4547901078968,0.2254627022035437,0.004908386116310275,6.0,,
starvation,control,0.6,1,1,400,253.4529184205174,0.23991059669153944,0.003093959922837669,6.0,,
starvation,control,0.6,1,2,25,20.995371378083902,0.5504501290717843,0.07753606635603277,6.0,,
starvation,control,0.6,1,2,50,34.4937068412413,0.7419089112067606,0.04873960558553767,6.0,,
starvation,control,0.6,1,2,75,46.48543809864798,0.38648293867121714,0.031585818163310415,6.0,,
starvation,control,0.6,1,2,100,71.98144488654813,0.3278499774778705,0.02191217610839299,6.0,,
starvation,control,0.6,1,2,125,91.47551981129405,0.2937597710708023,0.013419957739626669,6.0,,
starvation,control,0.6,1,2,150,110.9720604280612,0.280603421528383,0.005965325864213731,6.0,,
starvation,control,0.6,1,2,175,124.4694780965461,0.2561594555286935,0.0050590685410501005,6.0,,
starvation,control,0.6,1,2,200,130.46845997280536,0.2419822559570378,0.004640922505949318,6.0,,
starvation,control,0.6,1,2,225,142.46605456218697,0.25155019447284466,0.004122106236277742,6.0,,
starvation,control,0.6,1,2,250,160.46236158350922,0.22170110783188318,0.008055391902075331,6.0,,
starvation,control,0.6,1,2,275,176.95933244426317,0.20597489206200664,0.003348083688958553,6.0,,
starvation,control,0.6,1,2,300,196.45386395710142,0.21029507028515862,0.00415579329717847,6.0,,
starvation,control,0.6,1,2,325,209.95169330933604,0.2192907046268275,0.003326327567881323,6.0,,
starvation,control,0.6,1,2,350,221.9498210858922,0.20568470759476315,0.006208893119094696,6.0,,
starvation,control,0.6,1,2,375,238.44589131950357,0.20403948281763862,0.003279399345544322,6.0,,
starvation,control,0.6,1,2,400,253.4429329593883,0.2064456485957614,0.0027139486891557207,6.0,,
starvation,control,0.6,1,3,25,20.99656004271233,0.8150053655395607,0.08965380255956835,6.0,,
starvation,control,0.6,1,3,50,34.49523864882442,0.8586802810970684,0.022313699132710214,6.0,,
starvation,control,0.6,1,3,75,46.49185150238782,0.4991601716636006,0.026173895134230005,6.0,,
starvation,control,0.6,1,3,100,71.98749504616235,0.479895722638091,0.013449329600662443,6.0,,
starvation,control,0.6,1,3,125,91.48409345245746,0.4327219561979034,0.010120922634800618,6.0,,
starvation,control,0.6,1,3,150,110.97973056363652,0.4047675438924827,0.009682676165797379,6.0,,
starvation,control,0.6,1,3,175,124.47682353367102,0.36878552341223275,0.005997704750373437,6.0,,
starvation,control,0.6,1,3,200,130.47579120780557,0.3477845069570771,0.0035437251676926807,6.0,,
starvation,control,0.6,1,3,225,142.47416528309338,0.35093770821978243,0.0029297382013295376,6.0,,
starvation,control,0.6,1,3,250,160.4705266574717,0.295837170646498,0.007732119883967852,6.0,,
starvation,control,0.6,1,3,275,176.96665568146364,0.27789053181782075,0.005249086087443867,6.0,,
starvation,control,0.6,1,3,300,196.46229021309978,0.2750292003854408,0.005279227162252728,6.0,,
starvation,control,0.6,1,3,325,209.95982574686855,0.28188465703391313,0.0034482077956261873,6.0,,
starvation,control,0.6,1,3,350,221.96558009385583,0.2624242119842887,0.0038885094637296173,6.0,,
starvation,control,0.6,1,3,375,238.46255004074638,0.25267797077286447,0.0033645487323477443,6.0,,
starvation,control,0.6,1,3,400,253.4604415381688,0.2568625928289694,0.0021473075232833305,6.0,,
starvation,control,0.6,1,4,25,20.995124738256003,0.5804032979448648,0.08458060819967393,6.0,,
starvation,control,0.6,1,4,50,34.493267856043325,0.5780365773622008,0.019836711892057952,6.0,,
starvation,control,0.6,1,4,75,46.530381265481665,0.2363594994338726,0.0345134294005258,6.0,,
starvation,control,0.6,1,4,100,72.02603635562056,0.20960899523795243,0.017032811225179766,6.0,,
starvation,control,0.6,1,4,125,91.52237382257499,0.2041115233712633,0.007332585348737564,6.0,,
starvation,control,0.6,1,4,150,111.01854475304536,0.1877982820147413,0.004323928145332064,6.0,,
starvation,control,0.6,1,4,175,124.51642885237197,0.19561302637688224,0.006670262756223444,6.0,,
starvation,control,0.6,1,4,200,130.51585821611425,0.17372023590291588,0.00420664885616427,6.0,,
starvation,control,0.6,1,4,225,142.5140280778745,0.178180273482625,0.004646683590589281,6.0,,
starvation,control,0.6,1,4,250,160.51096970013208,0.16591630048192096,0.003473099144456281,6.0,,
starvation,control,0.6,1,4,275,177.00840487740487,0.16304168189693946,0.0023976118688088677,6.0,,
starvation,control,0.6,1,4,300,196.50504527147532,0.15751201665054398,0.00344709087446308,6.0,,
starvation,control,0.6,1,4,325,210.00207880974028,0.16942392984248517,0.0027810797152623967,6.0,,
starvation,control,0.6,1,4,350,221.99978147021812,0.16150570616662632,0.00225873140019829,6.0,,
starvation,control,0.6,1,4,375,238.4959651900756,0.15971096487699404,0.0016287250894509078,6.0,,
starvation,control,0.6,1,4,400,253.4934346190674,0.16700150259842833,0.00207232198367332,6.0,,
starvation,control,0.6,1,5,25,20.996536001298605,0.4151822646565986,0.0764593528234875,6.0,,
starvation,control,0.6,1,5,50,34.494652272932065,0.4708976907676375,0.0310294708173798,6.0,,
starvation,control,0.6,1,5,75,46.49230700123782,0.31967547795724816,0.022240523978613105,6.0,,
starvation,control,0.6,1,5,100,71.98727475600043,0.2787681296240803,0.015943318621675008,6.0,,
starvation,control,0.6,1,5,125,91.48404526919838,0.2981301859647319,0.012671029858756512,6.0,,
starvation,control,0.6,1,5,150,110.98123244568782,0.2930764683470314,0.01001395014989352,6.0,,
starvation,control,0.6,1,5,175,124.47936921212707,0.2666470326350958,0.005138829214015741,6.0,,
starvation,control,0.6,1,5,200,130.47844921471895,0.25706440518537826,0.004613779464454084,6.0,,
starvation,control,0.6,1,5,225,142.47641463427433,0.2622322290771976,0.003940360496781916,6.0,,
starvation,control,0.6,1,5,250,160.4729712153778,0.19450524915362638,0.008378069619608318,6.0,,
starvation,control,0.6,1,5,275,176.97090803179134,0.19204251338125145,0.006121435074100628,6.0,,
starvation,control,0.6,1,5,300,196.46684896918316,0.1906606503362682,0.0032320157752293065,6.0,,
starvation,control,0.6,1,5,325,209.9635112051448,0.20029721263389313,0.0032323279393855543,6.0,,
starvation,control,0.6,1,5,350,221.96072224341,0.18480085140309313,0.004165440336988003,6.0,,
starvation,control,0.6,1,5,375,238.45706633544472,0.1799655908212226,0.00396897715267519,6.0,,
starvation,control,0.6,1,5,400,253.45362771661846,0.18439624761727122,0.0027641451742425726,6.0,,
starvation,control,0.6,1,6,25,20.996307788922522,0.399770225438629,0.07585659843142159,6.0,,
starvation,control,0.6,1,6,50,34.4947945316113,0.5397683121238694,0.022502438554303603,6.0,,
starvation,control,0.6,1,6,75,46.49254517540787,0.1611813201796018,0.03929750289113243,6.0,,
starvation,control,0.6,1,6,100,71.98803811770411,0.16845547450591708,0.017241734057772202,6.0,,
starvation,control,0.6,1,6,125,91.48416629776384,0.15279652704891317,0.008817932628457233,6.0,,
starvation,control,0.6,1,6,150,110.97914344076987,0.13340648911943898,0.007811974208619819,6.0,,
starvation,control,0.6,1,6,175,124.47934291231685,0.11827945885297778,0.005373576083092757,6.0,,
starvation,control,0.6,1,6,200,130.478668033926,0.1172983061120809,0.004078875929684875,6.0,,
starvation,control,0.6,1,6,225,142.476646168702,0.12446612865673903,0.0050500420804901495,6.0,,
starvation,control,0.6,1,6,250,160.47339905761427,0.10495860469759925,0.007580519931493544,6.0,,
starvation,control,0.6,1,6,275,176.97034013956568,0.0929379904383118,0.005134873453100642,6.0,,
starvation,control,0.6,1,6,300,196.4662251102956,0.1159896013447132,0.007163516388910092,6.0,,
starvation,control,0.6,1,6,325,209.9641523446084,0.12349752857580261,0.002913030314481117,6.0,,
starvation,control,0.6,1,6,350,221.96188595683537,0.11332299872078147,0.005110019113127012,6.0,,
starvation,control,0.6,1,6,375,238.45890345626896,0.11246509669709683,0.003272518432621516,6.0,,
starvation,control,0.6,1,6,400,253.45662153027087,0.11802811288362913,0.002534160975593944,6.0,,
starvation,control,0.6,1,7,25,20.99624975969921,0.39130178748095557,0.06058761569263518,6.0,,
starvation,control,0.6,1,7,50,34.49363999079482,0.4228689401391609,0.02411186777265735,6.0,,
starvation,control,0.6,1,7,75,46.491497744757005,0.23502860932476685,0.0349828530633019,6.0,,
starvation,control,0.6,1,7,100,71.9869309433101,0.28016572404845047,0.016157245295715737,6.0,,
starvation,control,0.6,1,7,125,91.48367702257833,0.31159270036170184,0.01245178987294864,6.0,,
starvation,control,0.6,1,7,150,110.98034530376928,0.31310533658605355,0.005548265819599334,6.0,,
starvation,control,0.6,1,7,175,124.4775265537252,0.29457812398830274,0.005188551798261699,6.0,,
starvation,control,0.6,1,7,200,130.47584572762293,0.27199857342815414,0.004101443921802951,6.0,,
starvation,control,0.6,1,7,225,142.47359265330286,0.2798833753200966,0.004038734251427642,6.0,,
starvation,control,0.6,1,7,250,160.47041247748018,0.22422893185787585,0.008450931206869839,6.0,,
starvation,control,0.6,1,7,275,176.96670500299825,0.20745648887486495,0.004785179059085419,6.0,,
starvation,control,0.6,1,7,300,196.46384504978874,0.20876606831895217,0.002746168445870142,6.0,,
starvation,control,0.6,1,7,325,209.9614791313081,0.21697910650369584,0.0021501282731426702,6.0,,
starvation,control,0.6,1,7,350,221.9597161790978,0.20379432171775205,0.0042654087560873065,6.0,,
starvation,control,0.6,1,7,375,238.4582650794237,0.2107031904801686,0.003450042926374398,6.0,,
starvation,control,0.6,1,7,400,253.45552812507134,0.2289601148426552,0.002942001230192273,6.0,,
starvation,control,0.6,2,0,25,11.997998508483098,0.2572869750877205,0.06573394102968107,6.0,,
starvation,control,0.6,2,0,50,26.99403184626282,0.2914288623521162,0.0564132372885609,6.0,,
starvation,control,0.6,2,0,75,38.98969199993471,0.20145539896838172,0.0348261488415901,6.0,,
starvation,control,0.6,2,0,100,52.48699792999541,0.16612562970558054,0.015244818661010384,6.0,,
starvation,control,0.6,2,0,125,73.48278096799277,0.13629719548536354,0.01778028616454037,6.0,,
starvation,control,0.6,2,0,150,83.98159947817278,0.15088629056975753,0.009602420228335238,6.0,,
starvation,control,0.6,2,0,175,95.98031484110821,0.17244501440542137,0.008585962234719127,6.0,,
starvation,control,0.6,2,0,200,109.47747956159084,0.13804214642085122,0.0072398642182331585,6.0,,
starvation,control,0.6,2,0,225,124.47510321826479,0.1270453532910234,0.006007357946983534,6.0,,
starvation,control,0.6,2,0,250,136.47350166547125,0.12265241386867087,0.0040552806355290075,6.0,,
starvation,control,0.6,2,0,275,151.47074900633154,0.12487738384935272,0.0041532845609855654,6.0,,
starvation,control,0.6,2,0,300,161.96913605089523,0.13580318828868987,0.003976323810366431,6.0,,
starvation,control,0.6,2,0,325,176.96563819096448,0.11597410263874988,0.006489577745933479,6.0,,
starvation,control,0.6,2,0,350,197.96068984630784,0.10466775261328043,0.004423928090770999,6.0,,
starvation,control,0.6,2,0,375,214.45862949923364,0.09916559787433259,0.0036466547536985884,6.0,,
starvation,control,0.6,2,0,400,230.95604449004458,0.09850915287325901,0.0027359278598492044,6.0,,
starvation,control,0.6,2,1,25,11.997170790577863,0.24733016206402073,0.05257007428291453,6.0,,
starvation,control,0.6,2,1,50,26.99482566591439,0.14032533623980173,0.03945840222716513,6.0,,
starvation,control,0.6,2,1,75,38.992296913711854,0.13845499775201497,0.021539882945019295,6.0,,
starvation,control,0.6,2,1,100,52.489079748139574,0.09934199813911704,0.02046983417947641,6.0,,
starvation,control,0.6,2,1,125,73.48476489797875,0.0734509127053147,0.021931084737834873,6.0,,
starvation,control,0.6,2,1,150,83.98330800732714,0.07450631043955797,0.004478345496332376,6.0,,
starvation,control,0.6,2,1,175,95.98416458041567,0.07418316626705958,0.0054695533463578645,6.0,,
starvation,control,0.6,2,1,200,109.48200148775337,0.0770317138417502,0.004418185917367482,6.0,,
starvation,control,0.6,2,1,225,124.4798096090214,0.07647814969990435,0.005251948027325006,6.0,,
starvation,control,0.6,2,1,250,136.48070891845796,0.07744791487906025,0.0029309713952864512,6.0,,
starvation,control,0.6,2,1,275,151.47818774926535,0.07733111227421902,0.002799805640494849,6.0,,
starvation,control,0.6,2,1,300,161.97589179661117,0.0806333878376349,0.0018604082381383086,6.0,,
starvation,control,0.6,2,1,325,176.97302050015415,0.06162806910683935,0.006279653776800818,6.0,,
starvation,control,0.6,2,1,350,197.96871650381496,0.05413821202368077,0.0033101693629388634,6.0,,
starvation,control,0.6,2,1,375,214.46574545320533,0.053905458168650194,0.005397822457962653,6.0,,
starvation,control,0.6,2,1,400,230.96258073523737,0.05640090585989549,0.0034384287010952763,6.0,,
starvation,control,0.6,2,2,25,11.996520138761724,0.3122089793854864,0.0842009144267439,6.0,,
starvation,control,0.6,2,2,50,26.994064683320698,0.39780310535633767,0.06874469338054487,6.0,,
starvation,control,0.6,2,2,75,38.991649127361065,0.2772687534992344,0.03147443881726695,6.0,,
starvation,control,0.6,2,2,100,52.489897700195044,0.2525494904277129,0.02409265673689284,6.0,,
starvation,control,0.6,2,2,125,73.48600047376148,0.2628954133281981,0.022884640501718855,6.0,,
starvation,control,0.6,2,2,150,83.9845410627846,0.2493945851093301,0.005611468050860039,6.0,,
starvation,control,0.6,2,2,175,95.98245429755923,0.24102903532329556,0.009381393043171071,6.0,,
starvation,control,0.6,2,2,200,109.48028665348183,0.23195203037660053,0.009146714754241097,6.0,,
starvation,control,0.6,2,2,225,124.48051735884171,0.24034662378699334,0.007274006798808574,6.0,,
starvation,control,0.6,2,2,250,136.47826837230878,0.21313553103513724,0.0057112326106352525,6.0,,
starvation,control,0.6,2,2,275,151.47513858776404,0.22249790848633882,0.0070634347292480295,6.0,,
starvation,control,0.6,2,2,300,161.97327149355897,0.2477594368832576,0.005463299163378487,6.0,,
starvation,control,0.6,2,2,325,176.97005534307488,0.22704873918956645,0.004710819767320105,6.0,,
starvation,control,0.6,2,2,350,197.96631454610045,0.21884726695311724,0.005501740223002403,6.0,,
starvation,control,0.6,2,2,375,214.46379802261612,0.1974423912437352,0.003793833179653069,6.0,,
starvation,control,0.6,2,2,400,230.96065827331745,0.20042548912827463,0.0020352243765469043,6.0,,
starvation,control,0.6,2,3,25,11.996102236994082,0.15236551608565319,0.05238717759304699,6.0,,
starvation,control,0.6,2,3,50,26.99425853643015,0.2413402854213749,0.03596903697249064,6.0,,
starvation,control,0.6,2,3,75,38.99177391168311,0.13079368628606036,0.021038938472467086,6.0,,
starvation,control,0.6,2,3,100,52.48868214587518,0.14906905966342898,0.011600167872035412,6.0,,
starvation,control,0.6,2,3,125,73.48530145011483,0.16387317532996995,0.018849841643409117,6.0,,
starvation,control,0.6,2,3,150,83.98377632122457,0.18234589974221926,0.011308496123092114,6.0,,
starvation,control,0.6,2,3,175,95.98093197604798,0.2094066949613257,0.0093499661564284,6.0,,
starvation,control,0.6,2,3,200,109.4790961219819,0.17205956223239516,0.008334896362851485,6.0,,
starvation,control,0.6,2,3,225,124.47675577501752,0.1646836975385204,0.00644710336675938,6.0,,
starvation,control,0.6,2,3,250,136.47519526736392,0.16854009176829288,0.00967024148130946,6.0,,
starvation,control,0.6,2,3,275,151.47251173042952,0.18804954927499373,0.0049812342144547024,6.0,,
starvation,control,0.6,2,3,300,161.97064215976758,0.2031043332437066,0.005607776930631161,6.0,,
starvation,control,0.6,2,3,325,176.96669671013458,0.1838219891244054,0.004461523290720892,6.0,,
starvation,control,0.6,2,3,350,197.96304317967906,0.16976136564451783,0.0075991606830348125,6.0,,
starvation,control,0.6,2,3,375,214.45983724123528,0.16355562934359102,0.004608200944939795,6.0,,
starvation,control,0.6,2,3,400,230.95633300137388,0.17008167387838977,0.0028137570687511992,6.0,,
starvation,control,0.6,2,4,25,11.997110830381665,0.2404655013312787,0.04181501950606606,6.0,,
starvation,control,0.6,2,4,50,26.993033231731204,0.1239509657221424,0.03477857573676226,6.0,,
starvation,control,0.6,2,4,75,38.99111371313093,0.07021375409197755,0.01699519313461673,6.0,,
starvation,control,0.6,2,4,100,52.48854225684619,0.10163359986829401,0.012711791010960085,6.0,,
starvation,control,0.6,2,4,125,73.48463954634951,0.08106232751526293,0.009924617574200427,6.0,,
starvation,control,0.6,2,4,150,83.98261029878938,0.08406017868030216,0.005923481004116502,6.0,,
starvation,control,0.6,2,4,175,95.98011624894043,0.07946353305036516,0.006468430156779115,6.0,,
starvation,control,0.6,2,4,200,109.47758411835275,0.06076589552851836,0.004893523792912314,6.0,,
starvation,control,0.6,2,4,225,124.47518132329748,0.057376921291263316,0.007164314064218818,6.0,,
starvation,control,0.6,2,4,250,136.47265267033828,0.05699831061052381,0.003934596702802242,6.0,,
starvation,control,0.6,2,4,275,151.47038506030609,0.06140046213771876,0.004142617069521238,6.0,,
starvation,control,0.6,2,4,300,161.96868242518616,0.06420900459505943,0.003241779885584196,6.0,,
starvation,control,0.6,2,4,325,176.96583451312262,0.05823760115488683,0.0039798914649750595,6.0,,
starvation,control,0.6,2,4,350,197.96180722701905,0.061969469219538977,0.006289200650368223,6.0,,
starvation,control,0.6,2,4,375,214.45864216854395,0.05810272123680206,0.0027146360993988037,6.0,,
starvation,control,0.6,2,4,400,230.9549934273862,0.06154510858591397,0.0032735953464702316,6.0,,
starvation,control,0.6,2,5,25,11.997963158567089,0.33877011870242124,0.06979871572472553,6.0,,
starvation,control,0.6,2,5,50,26.994773536991953,0.1272589749572966,0.04334120570911766,6.0,,
starvation,control,0.6,2,5,75,38.9922895056885,0.08867257904176173,0.015442468299532558,6.0,,
starvation,control,0.6,2,5,100,52.49039903271776,0.09454605887424293,0.010883757130990625,6.0,,
starvation,control,0.6,2,5,125,73.48574043072816,0.13838170275427236,0.01949571982140877,6.0,,
starvation,control,0.6,2,5,150,83.98430962401171,0.13096104018969668,0.009633341124167522,6.0,,
starvation,control,0.6,2,5,175,95.98730181483941,0.12366032134879258,0.008550769012582535,6.0,,
starvation,control,0.6,2,5,200,109.48741661134846,0.14952248378026922,0.011872436155978378,6.0,,
starvation,control,0.6,2,5,225,124.48573468562363,0.15905226426902136,0.0046676693373311545,6.0,,
starvation,control,0.6,2,5,250,136.48381819123568,0.1491467937803648,0.004707896139000275,6.0,,
starvation,control,0.6,2,5,275,151.48141221280952,0.14636899335752074,0.002691806607233066,6.0,,
starvation,control,0.6,2,5,300,161.97955958386606,0.15374269784166658,0.002371613132537536,6.0,,
starvation,control,0.6,2,5,325,176.97718817266673,0.145451363333338,0.006119104526603735,6.0,,
starvation,control,0.6,2,5,350,197.97307859297518,0.1257176086400699,0.006784001659304837,6.0,,
starvation,control,0.6,2,5,375,214.4698799796478,0.11075029279214876,0.004177333300486529,6.0,,
starvation,control,0.6,2,5,400,230.96691638773797,0.1067071314420621,0.004628027919938903,6.0,,
starvation,control,0.6,2,6,25,11.996974831149572,0.5799433104594326,0.08082534899816635,6.0,,
starvation,control,0.6,2,6,50,26.993318217660054,0.23581685372579103,0.056708386693753284,6.0,,
starvation,control,0.6,2,6,75,38.99075499899412,0.17386579553432346,0.01538347153695069,6.0,,
starvation,control,0.6,2,6,100,52.488177790367494,0.15589020039918905,0.01277285237372579,6.0,,
starvation,control,0.6,2,6,125,73.48452977734945,0.1325659711978644,0.012284001122137945,6.0,,
starvation,control,0.6,2,6,150,83.98234324907722,0.13968291768808289,0.006433443614978421,6.0,,
starvation,control,0.6,2,6,175,95.97962190674656,0.14790256150436476,0.008741197303865921,6.0,,
starvation,control,0.6,2,6,200,109.47734829363685,0.11567391631113155,0.013808375835130584,6.0,,
starvation,control,0.6,2,6,225,124.47496986808399,0.12089520279726909,0.0038258040789741167,6.0,,
starvation,control,0.6,2,6,250,136.47250574306162,0.1254562207499872,0.005164399993890524,6.0,,
starvation,control,0.6,2,6,275,151.46993252141374,0.12051861768266416,0.003790640996022253,6.0,,
starvation,control,0.6,2,6,300,161.96817843599385,0.13114895313024916,0.003897728343511373,6.0,,
starvation,control,0.6,2,6,325,176.96551059766685,0.13741222784651697,0.005388536405751621,6.0,,
starvation,control,0.6,2,6,350,197.96127398692272,0.1156839402888323,0.00729484291442335,6.0,,
starvation,control,0.6,2,6,375,214.4581516096412,0.11271448026816366,0.0038531960459873803,6.0,,
starvation,control,0.6,2,6,400,230.95535788972603,0.11302311962296296,0.0022676813249245266,6.0,,
starvation,control,0.6,2,7,25,11.9983767045507,0.23531235094809766,0.0609091902334138,6.0,,
starvation,control,0.6,2,7,50,26.995424577404496,0.17545936328342324,0.03680805039299544,6.0,,
starvation,control,0.6,2,7,75,38.992704168219156,0.14040644625683396,0.013446880957534985,6.0,,
starvation,control,0.6,2,7,100,52.48954703905453,0.1417749149582023,0.013738453109400132,6.0,,
starvation,control,0.6,2,7,125,73.48452339852811,0.11222557849807457,0.012366249566274466,6.0,,
starvation,control,0.6,2,7,150,83.98299764179572,0.1395204619105838,0.00874609553257595,6.0,,
starvation,control,0.6,2,7,175,95.9805130425182,0.1446969306585008,0.012903924805098534,6.0,,
starvation,control,0.6,2,7,200,109.478581613339,0.11827600996967036,0.008591224715811656,6.0,,
starvation,control,0.6,2,7,225,124.4756076839117,0.10730786885413031,0.009744100968388849,6.0,,
starvation,control,0.6,2,7,250,136.47349083971756,0.10299431750331742,0.003959955659988013,6.0,,
starvation,control,0.6,2,7,275,151.47178884283696,0.11407906355249142,0.005231489214702947,6.0,,
starvation,control,0.6,2,7,300,161.96968754306505,0.11914617769792063,0.0027138264017334446,6.0,,
starvation,control,0.6,2,7,325,176.9665471488395,0.10552184709004286,0.005031159422257351,6.0,,
starvation,control,0.6,2,7,350,197.9623190481111,0.0970473328541262,0.005566784922276048,6.0,,
starvation,control,0.6,2,7,375,214.46513677003247,0.10521043570879687,0.0039869905936114995,6.0,,
starvation,control,0.6,2,7,400,230.9621608473432,0.1063348395114304,0.0022311370328055515,6.0,,
recursion,honest_f0,0.0,0,0,25,11.48927577053591,0.518637602533362,0.07178612516075414,,0.0,0.16666666666666666
recursion,honest_f0,0.0,0,0,50,21.479891087975272,0.5036286519216282,0.029922482556421253,,0.0,0.3333333333333333
recursion,honest_f0,0.0,0,0,75,32.21156167794994,0.5434412980379927,0.010194847430594173,,0.0,0.5
recursion,honest_f0,0.0,0,0,100,45.45471772912433,0.6845093470092093,0.017631196710993793,,0.0,0.8333333333333334
recursion,honest_f0,0.0,0,0,125,57.696944335606354,0.702266399790668,0.006389136801822316,,0.0,0.3333333333333333
recursion,honest_f0,0.0,0,0,150,69.18542106409124,0.6973734070755689,0.003499041201951111,,0.0,0.16666666666666666
recursion,honest_f0,0.0,0,0,175,82.17869016208012,0.7237195236850719,0.00695614612621758,,0.0,0.16666666666666666
recursion,honest_f0,0.0,0,0,200,92.41466731323513,0.6406721377870932,0.008827963214000516,,0.0,0.16666666666666666
recursion,honest_f0,0.0,0,0,225,102.40611833597319,0.6361355494676387,0.005716542662308991,,0.0,0.3333333333333333
recursion,honest_f0,0.0,0,0,250,114.85099741116038,0.6222505841186059,0.003064654231445246,,0.0,0.3333333333333333
recursion,honest_f0,0.0,0,0,275,125.5895508123283,0.6008270931644032,0.004148869034870868,,0.0,0.16666666666666666
recursion,honest_f0,0.0,0,0,300,141.08334234198094,0.6385823907744523,0.005740560865622801,,0.0,0.3333333333333333
recursion,honest_f0,0.0,0,0,325,152.57074422256235,0.6083148509645957,0.002943068153431574,,0.0,0.3333333333333333
recursion,honest_f0,0.0,0,0,350,166.56234039232413,0.6078357025630636,0.00433418848106151,,0.0,0.5
recursion,honest_f0,0.0,0,0,375,181.05212389795213,0.6086930992028718,0.002115066789976597,,0.0,0.16666666666666666
recursion,honest_f0,0.0,0,0,400,193.04056167534617,0.5793327873752266,0.004300021191754921,,0.0,0.16666666666666666
recursion,honest_f0,0.0,0,0,425,208.7844999678277,0.6119431815048861,0.0055238460128998025,,0.0,0.3333333333333333
recursion,honest_f0,0.0,0,0,450,221.27496370691205,0.6105215038879217,0.0021809054447399653,,0.0,0.16666666666666666
recursion,honest_f0,0.0,0,0,475,232.2657166081517,0.60267023017123,0.002786916055498281,,0.0,1.0
recursion,honest_f0,0.0,0,0,500,245.50379369116678,0.5911716656953556,0.00276798793776068,,0.0,0.16666666666666666
recursion,honest_f0,0.0,0,0,525,261.824408587989,0.6039742935088594,0.002230150857944504,,0.0,0.3333333333333333
recursion,honest_f0,0.0,0,0,550,274.5646149382352,0.59518022590326,0.003448356032535645,,0.0,0.5
recursion,honest_f0,0.0,0,0,575,288.0524230126127,0.5836107519085056,0.001640796919897441,,0.0,0.3333333333333333
recursion,honest_f0,0.0,0,0,600,304.04525699112946,0.5982182518148179,0.0031144417203272877,,0.0,0.0
recursion,honest_f0,0.0,0,0,625,318.78609350023856,0.6033958015639331,0.0019141146993439018,,0.0,0.3333333333333333
recursion,honest_f0,0.0,0,0,650,330.77873477687183,0.6065872403308348,0.0015617080498336066,,0.0,0.3333333333333333
recursion,honest_f0,0.0,0,0,675,342.2704067012536,0.60316783636288,0.002074804142625833,,0.0,0.3333333333333333
recursion,honest_f0,0.0,0,0,700,354.00932762675683,0.5962832366736883,0.0018535664632734665,,0.0,0.3333333333333333
recursion,honest_f0,0.0,0,0,725,363.74765179897383,0.5834001489782559,0.0023047806576861458,,0.0,0.6666666666666666
recursion,honest_f0,0.0,0,0,750,375.9893207501616,0.5877947627671946,0.0010834725080359053,,0.0,0.3333333333333333
recursion,honest_f0,0.0,0,0,775,388.9817312969283,0.5933737953760687,0.0011772820922731555,,0.0,0.3333333333333333
recursion,honest_f0,0.0,0,0,800,400.4745948520339,0.5965294159857187,0.0009118152210159345,,0.0,0.3333333333333333
recursion,honest_f0,0.0,0,0,825,413.96653702618875,0.6037354132243716,0.0011740689251583825,,0.0,0.3333333333333333
recursion,honest_f0,0.0,0,0,850,423.70681646291837,0.5982684765855109,0.0013123129485037486,,0.0,0.16666666666666666
recursion,honest_f0,0.0,0,0,875,433.6936916705082,0.588775777026016,0.0021427748938969964,,0.0,0.3333333333333333
recursion,honest_f0,0.0,0,0,900,446.68637744674515,0.592724270337072,0.0012955965031244904,,0.0,0.16666666666666666
recursion,honest_f0,0.0,0,0,925,459.67984287109414,0.596598438132086,0.0012238164719661096,,0.0,0.3333333333333333
recursion,honest_f0,0.0,0,0,950,472.9231331952382,0.6033612970521463,0.0013788197326637158,,0.0,0.3333333333333333
recursion,honest_f0,0.0,0,0,975,486.41614228623695,0.607378002772941,0.000817238976440621,,0.0,0.16666666666666666
recursion,honest_f0,0.0,0,0,1000,497.4085458611551,0.6055619031369264,0.0012199862818376916,,0.0,0.3333333333333333
recursion,honest_f0,0.0,0,1,25,9.990524017004306,0.25475203716407047,0.05997941223971367,,0.0,0.16666666666666666
recursion,honest_f0,0.0,0,1,50,21.48390984612693,0.5117888794141963,0.05125554414610503,,0.0,0.3333333333333333
recursion,honest_f0,0.0,0,1,75,32.96880792337165,0.41965746686635164,0.028457901074966534,,0.0,0.3333333333333333
recursion,honest_f0,0.0,0,1,100,44.7114713363277,0.3858017579940458,0.015218683247177065,,0.0,0.3333333333333333
recursion,honest_f0,0.0,0,1,125,56.45345145457608,0.4092926538000017,0.013716655973640633,,0.0,0.3333333333333333
recursion,honest_f0,0.0,0,1,150,68.44462008991772,0.40969837112485624,0.010459755245337482,,0.0,0.16666666666666666
recursion,honest_f0,0.0,0,1,175,80.6884759704738,0.44253827941739043,0.005773569325414613,,0.0,0.3333333333333333
recursion,honest_f0,0.0,0,1,200,90.67736930150167,0.4099067614248961,0.006798414303248987,,0.0,0.16666666666666666
recursion,honest_f0,0.0,0,1,225,101.66987508747322,0.41654722191306004,0.01046125795989077,,0.0,0.3333333333333333
recursion,honest_f0,0.0,0,1,250,113.11270996802308,0.4151245240561734,0.005589525036565659,,0.0,0.16666666666666666
recursion,honest_f0,0.0,0,1,275,124.1027053690706,0.3932444049991918,0.005408047896696117,,0.0,0.16666666666666666
recursion,honest_f0,0.0,0,1,300,137.5970009292389,0.4084054119421411,0.005148151786696867,,0.0,0.3333333333333333
recursion,honest_f0,0.0,0,1,325,148.0886721273513,0.4088882841913042,0.0017461951829549282,,0.0,0.3333333333333333
recursion,honest_f0,0.0,0,1,350,160.5797014804474,0.4030870189656776,0.003864033650378236,,0.0,0.3333333333333333
recursion,honest_f0,0.0,0,1,375,172.5723883216472,0.41048996511621477,0.003238212874665891,,0.0,0.16666666666666666
recursion,honest_f0,0.0,0,1,400,182.31071250036015,0.39121312449062284,0.004114205199705191,,0.0,0.16666666666666666
recursion,honest_f0,0.0,0,1,425,195.3049691569833,0.40010761113727306,0.0019252616611224321,,0.0,0.3333333333333333
recursion,honest_f0,0.0,0,1,450,207.04579309045937,0.3980021475407602,0.0018844611113511525,,0.0,0.16666666666666666
recursion,honest_f0,0.0,0,1,475,219.28717490114042,0.4008018953350423,0.002979815983298193,,0.0,0.3333333333333333
recursion,honest_f0,0.0,0,1,500,230.27761152674083,0.3947248870139972,0.0028315561624750896,,0.0,0.16666666666666666
recursion,honest_f0,0.0,0,1,525,242.01965769136672,0.4015791497107119,0.0017394716925555112,,0.0,0.3333333333333333
recursion,honest_f0,0.0,0,1,550,253.51153783448817,0.39518966716246934,0.00171436743626878,,0.0,0.5
recursion,honest_f0,0.0,0,1,575,265.25093712812486,0.3849619976796538,0.0026111640384995083,,0.0,0.3333333333333333
recursion,honest_f0,0.0,0,1,600,277.99375759443757,0.38561542667121423,0.0027338389845616585,,0.0,0.3333333333333333
recursion,honest_f0,0.0,0,1,625,290.48523376928637,0.38642250140764084,0.002880921899403172,,0.0,0.3333333333333333
recursion,honest_f0,0.0,0,1,650,301.97762883512036,0.38458558664590053,0.0012110056120832183,,0.0,0.3333333333333333
recursion,honest_f0,0.0,0,1,675,312.71963380203124,0.3855959304850784,0.0016020453952230165,,0.0,0.5
recursion,honest_f0,0.0,0,1,700,323.96129179490316,0.3862906503718738,0.002352552367101274,,0.0,0.3333333333333333
recursion,honest_f0,0.0,0,1,725,334.9517027363823,0.3828461717233509,0.0020122223905496475,,0.0,0.5
recursion,honest_f0,0.0,0,1,750,345.9443286463643,0.3864730643651574,0.0017086085082739294,,0.0,0.16666666666666666
recursion,honest_f0,0.0,0,1,775,357.6872821807156,0.39142549513945035,0.0014001665036865796,,0.0,0.5
recursion,honest_f0,0.0,0,1,800,370.429987769455,0.385839295831822,0.0016866674747110393,,0.0,0.3333333333333333
recursion,honest_f0,0.0,0,1,825,381.6714181734236,0.3853556964523185,0.0007080779729692441,,0.0,0.16666666666666666
recursion,honest_f0,0.0,0,1,850,392.9126821075637,0.38458131664676115,0.0014432549230469311,,0.0,0.16666666666666666
recursion,honest_f0,0.0,0,1,875,404.1529105440357,0.3739494607099568,0.0028387086563085905,,0.0,0.5
recursion,honest_f0,0.0,0,1,900,416.64502934729876,0.3771254273068095,0.001102813154706283,,0.0,0.16666666666666666
recursion,honest_f0,0.0,0,1,925,430.388095414615,0.3810732320066892,0.001282005291899059,,0.0,0.3333333333333333
recursion,honest_f0,0.0,0,1,950,445.13163425521105,0.3860077928474109,0.0013006485956067709,,0.0,0.5
recursion,honest_f0,0.0,0,1,975,459.6251887440659,0.39296335890629897,0.0011180086493726823,,0.0,0.16666666666666666
recursion,honest_f0,0.0,0,1,1000,472.86830074680705,0.3972529574276255,0.0011114908277126973,,0.0,0.5
recursion,honest_f0,0.0,0,2,25,9.240281233648842,0.168728924830865,0.048579029439635484,,0.0,0.3333333333333333
recursion,honest_f0,0.0,0,2,50,21.48179508558706,0.3695496634323751,0.04985593153091592,,0.0,0.16666666666666666
recursion,honest_f0,0.0,0,2,75,32.221030859870176,0.39362088372628035,0.014068952379051546,,0.0,0.16666666666666666
recursion,honest_f0,0.0,0,2,100,45.712286717750736,0.4437038195323381,0.021932470018122378,,0.0,0.3333333333333333
recursion,honest_f0,0.0,0,2,125,57.95416903426688,0.45378220026310684,0.008822806604638288,,0.0,0.3333333333333333
recursion,honest_f0,0.0,0,2,150,69.9456609142161,0.4607998461145515,0.0038843032260547474,,0.0,0.16666666666666666
recursion,honest_f0,0.0,0,2,175,81.93851942851333,0.4591835262725681,0.007160190277395859,,0.0,0.3333333333333333
recursion,honest_f0,0.0,0,2,200,92.42759207778003,0.41695687120773567,0.007459657832242046,,0.0,0.16666666666666666
recursion,honest_f0,0.0,0,2,225,105.41930864511193,0.4139749303019242,0.005823486879076158,,0.0,0.3333333333333333
recursion,honest_f0,0.0,0,2,250,117.41060217509626,0.4182242083444888,0.005207836371951284,,0.0,0.16666666666666666
recursion,honest_f0,0.0,0,2,275,128.6519531112577,0.4212979004802225,0.003074992233433248,,0.0,0.16666666666666666
recursion,honest_f0,0.0,0,2,300,141.64556387654045,0.4419742652787364,0.0026564147938149853,,0.0,0.5
recursion,honest_f0,0.0,0,2,325,153.13634248865486,0.4345048475991709,0.0033207580636547018,,0.0,0.3333333333333333
recursion,honest_f0,0.0,0,2,350,164.12655827503002,0.4283200941362637,0.0016895006448818322,,0.0,0.3333333333333333
recursion,honest_f0,0.0,0,2,375,176.11821858791123,0.43499549477496513,0.0034998386248189313,,0.0,0.16666666666666666
recursion,honest_f0,0.0,0,2,400,187.8567640861037,0.42273615852848934,0.003463226143227457,,0.0,0.16666666666666666
recursion,honest_f0,0.0,0,2,425,199.34841001574125,0.41778582576254236,0.001570268867054159,,0.0,0.3333333333333333
recursion,honest_f0,0.0,0,2,450,211.84035072583396,0.4206677895992981,0.0016877487808790743,,0.0,0.5
recursion,honest_f0,0.0,0,2,475,224.5818607219066,0.4257678041472197,0.003727837893090424,,0.0,0.3333333333333333
recursion,honest_f0,0.0,0,2,500,235.82227263627868,0.4234951458911552,0.0024837870236120575,,0.0,0.16666666666666666
recursion,honest_f0,0.0,0,2,525,249.56538301447017,0.43570651677401656,0.0038252618836393092,,0.0,0.3333333333333333
recursion,honest_f0,0.0,0,2,550,261.0560451541018,0.4324463494981852,0.0016608926178868105,,0.0,0.5
recursion,honest_f0,0.0,0,2,575,271.7958068869008,0.42285946618735354,0.002379761329837872,,0.0,0.3333333333333333
recursion,honest_f0,0.0,0,2,600,285.28846202872035,0.43638030544836204,0.0028971639026094107,,0.0,0.6666666666666666
recursion,honest_f0,0.0,0,2,625,300.03161236443367,0.4483666830814208,0.002056427758201611,,0.0,0.6666666666666666
recursion,honest_f0,0.0,0,2,650,312.27357253237744,0.452645917910991,0.0010493002499257673,,0.0,0.3333333333333333
recursion,honest_f0,0.0,0,2,675,322.51423585310965,0.4499813371631576,0.0009717281226751237,,0.0,0.16666666666666666
recursion,honest_f0,0.0,0,2,700,333.5062007198462,0.45151408354360845,0.0009576558075127336,,0.0,0.3333333333333333
recursion,honest_f0,0.0,0,2,725,345.4959442850252,0.4512747114490215,0.0011983778782361037,,0.0,0.3333333333333333
recursion,honest_f0,0.0,0,2,750,357.48850447685334,0.45796495735440185,0.0011895971435038261,,0.0,0.16666666666666666
recursion,honest_f0,0.0,0,2,775,369.23078141039565,0.46105931142069273,0.0010421995377613987,,0.0,0.3333333333333333
recursion,honest_f0,0.0,0,2,800,380.72159988131455,0.45920279252438523,0.0012166366251704784,,0.0,0.16666666666666666
recursion,honest_f0,0.0,0,2,825,394.46368285283245,0.46794093312616186,0.001891760813932653,,0.0,0.6666666666666666
recursion,honest_f0,0.0,0,2,850,404.45437918009566,0.46386593209373156,0.0018849059776830624,,0.0,0.16666666666666666
recursion,honest_f0,0.0,0,2,875,414.1923124863819,0.45594667894857893,0.001869434490416107,,0.0,0.3333333333333333
recursion,honest_f0,0.0,0,2,900,426.18496828514265,0.4616349045160703,0.001130844689450754,,0.0,0.16666666666666666
recursion,honest_f0,0.0,0,2,925,439.1787074024643,0.4679151330640967,0.001692333743202044,,0.0,0.3333333333333333
recursion,honest_f0,0.0,0,2,950,450.9204065736038,0.4703532679388546,0.0016191902304238254,,0.0,0.3333333333333333
recursion,honest_f0,0.0,0,2,975,464.6640185379402,0.4781664696871024,0.0009278218789748383,,0.0,0.16666666666666666
recursion,honest_f0,0.0,0,2,1000,477.6579060093959,0.4854012645915076,0.001281692565433005,,0.0,0.3333333333333333
recursion,honest_f0,0.0,0,3,25,9.489879916100218,0.07660891697552005,0.038314146256816096,,0.0,0.16666666666666666
recursion,honest_f0,0.0,0,3,50,18.981590000576453,0.15588172574899412,0.025480531411957462,,0.0,0.3333333333333333
recursion,honest_f0,0.0,0,3,75,30.722420199246013,0.16615768767371245,0.030462538520014557,,0.0,0.16666666666666666
recursion,honest_f0,0.0,0,3,100,42.71429835509012,0.21233278585786083,0.017511591522088754,,0.0,0.3333333333333333
recursion,honest_f0,0.0,0,3,125,53.45731895964278,0.2704665701249187,0.014114809687512237,,0.0,0.3333333333333333
recursion,honest_f0,0.0,0,3,150,66.19965459577925,0.3101186799352557,0.013146898731700359,,0.0,0.3333333333333333
recursion,honest_f0,0.0,0,3,175,78.94300317575508,0.36520975996316707,0.012820946979913882,,0.0,0.3333333333333333
recursion,honest_f0,0.0,0,3,200,90.18388136027826,0.35544628512526855,0.0058265851154615115,,0.0,0.16666666666666666
recursion,honest_f0,0.0,0,3,225,103.17696933254737,0.3764952253115653,0.008528248790661408,,0.0,0.3333333333333333
recursion,honest_f0,0.0,0,3,250,115.66921188198307,0.39056591934706886,0.004539887141237818,,0.0,0.16666666666666666
recursion,honest_f0,0.0,0,3,275,127.91173030143173,0.4015606925064715,0.001824966750709915,,0.0,0.16666666666666666
recursion,honest_f0,0.0,0,3,300,139.90470998723686,0.41737490292776924,0.004202921017918489,,0.0,0.3333333333333333
recursion,honest_f0,0.0,0,3,325,151.6456274606125,0.4068348643072194,0.0033856339095661003,,0.0,0.3333333333333333
recursion,honest_f0,0.0,0,3,350,163.6379155753411,0.4106824845999647,0.0038673631528286217,,0.0,0.3333333333333333
recursion,honest_f0,0.0,0,3,375,175.88156559215656,0.41236884361022436,0.0048978891014720425,,0.0,0.16666666666666666
recursion,honest_f0,0.0,0,3,400,187.87183077603572,0.403002471129689,0.004791635345411803,,0.0,0.16666666666666666
recursion,honest_f0,0.0,0,3,425,202.3662584465934,0.4357374305723023,0.005091876564398896,,0.0,0.3333333333333333
recursion,honest_f0,0.0,0,3,450,217.78099049245975,0.45775465722851205,0.004043946796009539,,0.0,0.16666666666666666
recursion,honest_f0,0.0,0,3,475,231.02266162288953,0.45536293034290043,0.0034929248778027434,,0.0,0.3333333333333333
recursion,honest_f0,0.0,0,3,500,241.7641108255129,0.4455625356240802,0.0023453102373383176,,0.0,0.16666666666666666
recursion,honest_f0,0.0,0,3,525,254.2553761097099,0.44826263491709994,0.0035324744125911412,,0.0,0.3333333333333333
recursion,honest_f0,0.0,0,3,550,266.4970445001247,0.4500423409377504,0.0024065277906275342,,0.0,0.3333333333333333
recursion,honest_f0,0.0,0,3,575,279.23895791419045,0.4506170502252224,0.0028380165918222926,,0.0,0.3333333333333333
recursion,honest_f0,0.0,0,3,600,296.23272415811823,0.47914300879937066,0.003393739653824368,,0.0,0.3333333333333333
recursion,honest_f0,0.0,0,3,625,311.22519967746103,0.4854843198612562,0.004170488342509008,,0.0,0.5
recursion,honest_f0,0.0,0,3,650,326.4673041977666,0.4878671893370263,0.002360938327615328,,0.0,0.5
recursion,honest_f0,0.0,0,3,675,340.2091612846626,0.49374608705976364,0.002135925507981958,,0.0,0.6666666666666666
recursion,honest_f0,0.0,0,3,700,353.4509351515178,0.49645944760660016,0.0012374478197631615,,0.0,0.3333333333333333
recursion,honest_f0,0.0,0,3,725,363.9397696223384,0.4830678270967519,0.0014958170690550496,,0.0,0.3333333333333333
recursion,honest_f0,0.0,0,3,750,377.9324049084681,0.4836941449509662,0.0010331091553642568,,0.0,0.5
recursion,honest_f0,0.0,0,3,775,390.42362953183857,0.48118232184187254,0.0013604257981319747,,0.0,0.3333333333333333
recursion,honest_f0,0.0,0,3,800,402.91683218984707,0.486142708027953,0.0012298821030697694,,0.0,0.3333333333333333
recursion,honest_f0,0.0,0,3,825,416.65974831304936,0.49034961677147343,0.001080324099287328,,0.0,0.5
recursion,honest_f0,0.0,0,3,850,428.1502902100168,0.48200062499366525,0.00137014228094039,,0.0,0.16666666666666666
recursion,honest_f0,0.0,0,3,875,438.63966275117303,0.4736802524802457,0.0014217701696551878,,0.0,0.5
recursion,honest_f0,0.0,0,3,900,452.88246417747143,0.4770216636969272,0.0017748390467419034,,0.0,0.16666666666666666
recursion,honest_f0,0.0,0,3,925,467.3765151574514,0.48596512930074676,0.001585061138816784,,0.0,0.3333333333333333
recursion,honest_f0,0.0,0,3,950,481.8702814931095,0.4943190966039277,0.0011919414614438414,,0.0,0.3333333333333333
recursion,honest_f0,0.0,0,3,975,497.1133483845233,0.5025376595801261,0.0015401099307238786,,0.0,0.16666666666666666
recursion,honest_f0,0.0,0,3,1000,511.3562483161745,0.5074384762437286,0.0011618754707390907,,0.0,0.5
recursion,honest_f0,0.0,0,4,25,10.233778725012588,0.386342945717925,0.07559524663905366,,0.0,0.16666666666666666
recursion,honest_f0,0.0,0,4,50,22.22433276060188,0.5255433697645102,0.06124111900031534,,0.0,0.3333333333333333
recursion,honest_f0,0.0,0,4,75,33.465779171786714,0.5104342068322107,0.021400636200406026,,0.0,0.3333333333333333
recursion,honest_f0,0.0,0,4,100,44.45742992632164,0.5429497786422025,0.014522459813125284,,0.0,0.3333333333333333
recursion,honest_f0,0.0,0,4,125,55.44659279959455,0.5123619781998738,0.009071030103941453,,0.0,0.16666666666666666
recursion,honest_f0,0.0,0,4,150,65.93753888716313,0.5127635157394008,0.010566520550046527,,0.0,0.16666666666666666
recursion,honest_f0,0.0,0,4,175,78.05410572322197,0.5541299382758634,0.006962304256652627,,0.0,0.6666666666666666
recursion,honest_f0,0.0,0,4,200,89.54145187618366,0.5348902185427927,0.0067433672083777076,,0.0,0.16666666666666666
recursion,honest_f0,0.0,0,4,225,102.03326720755365,0.534909963319944,0.0042255202502910335,,0.0,0.3333333333333333
recursion,honest_f0,0.0,0,4,250,113.77347691300125,0.5284103729099109,0.0034127505632010947,,0.0,0.16666666666666666
recursion,honest_f0,0.0,0,4,275,125.51530184721747,0.5264897891594659,0.006592890505786735,,0.0,0.16666666666666666
recursion,honest_f0,0.0,0,4,300,139.50974404289067,0.5569432577172481,0.00474871325281429,,0.0,0.3333333333333333
recursion,honest_f0,0.0,0,4,325,151.00009415904225,0.5566911262388853,0.00350477298075074,,0.0,0.3333333333333333
recursion,honest_f0,0.0,0,4,350,162.7392332063739,0.54802653506918,0.002968596600278836,,0.0,0.3333333333333333
recursion,honest_f0,0.0,0,4,375,174.73097920483804,0.5469961703888296,0.0030851655153986577,,0.0,0.16666666666666666
recursion,honest_f0,0.0,0,4,400,184.7189446609632,0.5183306218828453,0.0035212718093948904,,0.0,0.16666666666666666
recursion,honest_f0,0.0,0,4,425,199.21282592152568,0.524507092194523,0.0035968074480757463,,0.0,0.3333333333333333
recursion,honest_f0,0.0,0,4,450,210.95449770065426,0.524017599168112,0.001558526636726926,,0.0,0.16666666666666666
recursion,honest_f0,0.0,0,4,475,226.44581506566277,0.5148883120715273,0.0024006340672954023,,0.0,0.3333333333333333
recursion,honest_f0,0.0,0,4,500,240.43650882008376,0.5050681699828212,0.0025396872030556783,,0.0,0.3333333333333333
recursion,honest_f0,0.0,0,4,525,253.6792792244845,0.512764728195713,0.0025912731976339204,,0.0,0.3333333333333333
recursion,honest_f0,0.0,0,4,550,267.91885241520765,0.5026663434927211,0.0020374075058094037,,0.0,0.3333333333333333
recursion,honest_f0,0.0,0,4,575,280.90935793153574,0.4931812220853498,0.001826561994024514,,0.0,0.3333333333333333
recursion,honest_f0,0.0,0,4,600,295.6531108002623,0.5049328323181039,0.0025081443621139386,,0.0,0.3333333333333333
recursion,honest_f0,0.0,0,4,625,308.14659865611236,0.5124278452469395,0.0016003115679086516,,0.0,0.6666666666666666
recursion,honest_f0,0.0,0,4,650,319.3882400252975,0.5069054477909672,0.0015679581889621963,,0.0,0.3333333333333333
recursion,honest_f0,0.0,0,4,675,331.3799595792703,0.5057811852669586,0.0014203282585325719,,0.0,0.16666666666666666
recursion,honest_f0,0.0,0,4,700,342.8714646384322,0.506750946359178,0.0011040371693807557,,0.0,0.3333333333333333
recursion,honest_f0,0.0,0,4,725,354.11125722438015,0.5003931633991888,0.0017282519932128515,,0.0,0.3333333333333333
recursion,honest_f0,0.0,0,4,750,367.8541091045639,0.5067862196189319,0.0017169159572160398,,0.0,0.16666666666666666
recursion,honest_f0,0.0,0,4,775,379.0972753674358,0.5098381179879155,0.0009990217312600606,,0.0,0.3333333333333333
recursion,honest_f0,0.0,0,4,800,393.08939804566654,0.5146480579434629,0.0010112324484115249,,0.0,0.3333333333333333
recursion,honest_f0,0.0,0,4,825,404.58212710686416,0.5111870590266933,0.0023059052505332383,,0.0,0.5
recursion,honest_f0,0.0,0,4,850,416.07386772593753,0.5093131311335866,0.0012373268926394068,,0.0,0.16666666666666666
recursion,honest_f0,0.0,0,4,875,428.3120186739095,0.5003167367074437,0.001230443807329811,,0.0,0.8333333333333334
recursion,honest_f0,0.0,0,4,900,440.55618653675646,0.5037462648179806,0.0010041990513514995,,0.0,0.16666666666666666
recursion,honest_f0,0.0,0,4,925,453.5500587946973,0.510754980658874,0.0017818409450189871,,0.0,0.3333333333333333
recursion,honest_f0,0.0,0,4,950,466.54131535983277,0.5127005393514507,0.0009360720364185984,,0.0,0.8333333333333334
recursion,honest_f0,0.0,0,4,975,479.53343260815996,0.5140130332517996,0.0014350520351707225,,0.0,0.3333333333333333
recursion,honest_f0,0.0,0,4,1000,490.77585680182233,0.516979287149714,0.0013203582649605255,,0.0,0.3333333333333333
recursion,honest_f0,0.0,0,0,25,10.491424341359817,0.3809862131424835,0.06893584037762922,,1.0,0.3333333333333333
recursion,honest_f0,0.0,0,0,50,20.472242932969582,0.6145274552544425,0.03420283103095346,,1.0,0.16666666666666666
recursion,honest_f0,0.0,0,0,75,30.215726048796594,0.7123179307766071,0.030539494920555185,,1.0,0.3333333333333333
recursion,honest_f0,0.0,0,0,100,38.95719776069977,0.6523919867990267,0.011947676453817899,,1.0,0.16666666666666666
recursion,honest_f0,0.0,0,0,125,49.19946941612596,0.6450067485432645,0.011414444482691445,,1.0,0.3333333333333333
recursion,honest_f0,0.0,0,0,150,59.655027759101614,0.6158640679472377,0.005141625055076191,,1.0,0.6666666666666666
recursion,honest_f0,0.0,0,0,175,71.64958100269445,0.5900339552932562,0.0058930217146016765,,1.0,0.3333333333333333
recursion,honest_f0,0.0,0,0,200,83.88845925686432,0.5620486077531208,0.007424055014352739,,1.0,0.16666666666666666
recursion,honest_f0,0.0,0,0,225,94.37800189526064,0.5633745531740618,0.00799875993394173,,1.0,0.16666666666666666
recursion,honest_f0,0.0,0,0,250,106.62100951599335,0.5692437425588224,0.004652320821014776,,1.0,0.3333333333333333
recursion,honest_f0,0.0,0,0,275,117.11139389482406,0.5542010655000085,0.004897907066520968,,1.0,0.16666666666666666
recursion,honest_f0,0.0,0,0,300,128.10637033817991,0.5435806731839745,0.0035747161255385734,,1.0,0.16666666666666666
recursion,honest_f0,0.0,0,0,325,139.84861945381138,0.5561431183524441,0.0036349646233569894,,1.0,0.3333333333333333
recursion,honest_f0,0.0,0,0,350,151.09278352199306,0.5592071511814256,0.004644617336929499,,1.0,0.3333333333333333
recursion,honest_f0,0.0,0,0,375,163.33647444431588,0.5584553485336166,0.0017692720924370263,,1.0,0.3333333333333333
recursion,honest_f0,0.0,0,0,400,174.57817348499003,0.5437786649968169,0.0030334564306509987,,1.0,0.3333333333333333
recursion,honest_f0,0.0,0,0,425,185.57224880447205,0.5573106656773784,0.001599281105476327,,1.0,0.3333333333333333
recursion,honest_f0,0.0,0,0,450,196.5636709484151,0.5561176667759724,0.0030865935162795854,,1.0,0.3333333333333333
recursion,honest_f0,0.0,0,0,475,208.05429262651347,0.5535133663986275,0.0027798903565749845,,1.0,0.16666666666666666
recursion,honest_f0,0.0,0,0,500,219.0445723865908,0.5519061989709046,0.002644973850493466,,1.0,0.16666666666666666
recursion,honest_f0,0.0,0,0,525,230.78713791706244,0.5602163783373079,0.003453472451867933,,1.0,0.3333333333333333
recursion,honest_f0,0.0,0,0,550,243.5279063285828,0.5645777653872506,0.0020357123921179126,,1.0,0.3333333333333333
recursion,honest_f0,0.0,0,0,575,256.2714503719376,0.5666933771642914,0.0023404203352632266,,1.0,0.3333333333333333
recursion,honest_f0,0.0,0,0,600,268.7654942787078,0.5718170252200776,0.003350231325742527,,1.0,0.3333333333333333
recursion,honest_f0,0.0,0,0,625,280.007059867042,0.5698686188450339,0.001957497515402637,,1.0,0.16666666666666666
recursion,honest_f0,0.0,0,0,650,290.75125736635215,0.5784775732316041,0.0013710019133735957,,1.0,0.3333333333333333
recursion,honest_f0,0.0,0,0,675,302.24342368212865,0.5810089103750247,0.0017850005761112487,,1.0,0.16666666666666666
recursion,honest_f0,0.0,0,0,700,315.2345097160014,0.5725679461731393,0.0020794138942797774,,1.0,0.3333333333333333
recursion,honest_f0,0.0,0,0,725,326.97490318405903,0.5734160178411647,0.0013382404325869462,,1.0,0.3333333333333333
recursion,honest_f0,0.0,0,0,750,339.4676809587421,0.5648316126165317,0.00134442150151375,,1.0,0.16666666666666666
recursion,honest_f0,0.0,0,0,775,351.46098386959966,0.5644545400823837,0.0012470707246673418,,1.0,0.3333333333333333
recursion,honest_f0,0.0,0,0,800,363.45187092397987,0.565894238362126,0.0014464060929984229,,1.0,0.3333333333333333
recursion,honest_f0,0.0,0,0,825,374.1947454679828,0.5663668868322945,0.0011381327834319068,,1.0,0.3333333333333333
recursion,honest_f0,0.0,0,0,850,386.4372545778332,0.5659152754473803,0.0015456768122780204,,1.0,0.3333333333333333
recursion,honest_f0,0.0,0,0,875,398.92913133432626,0.5585191142665932,0.002227147827540698,,1.0,0.5
recursion,honest_f0,0.0,0,0,900,413.6730328280978,0.5666131684987209,0.002344564807959257,,1.0,0.3333333333333333
recursion,honest_f0,0.0,0,0,925,427.1655482160843,0.5646666780355293,0.0012943240163762987,,1.0,0.3333333333333333
recursion,honest_f0,0.0,0,0,950,437.40507956798876,0.5620590966638206,0.000996603941614876,,1.0,0.16666666666666666
recursion,honest_f0,0.0,0,0,975,448.1464490177143,0.5622055752249564,0.001061804705071251,,1.0,0.3333333333333333
recursion,honest_f0,0.0,0,0,1000,460.14096180694105,0.5656253106802585,0.0009766833129141415,,1.0,0.3333333333333333
recursion,honest_f0,0.0,0,1,25,11.488994738168259,0.4212851790442662,0.08595635105586673,,1.0,0.16666666666666666
recursion,honest_f0,0.0,0,1,50,25.229535163839635,0.4004471131148471,0.03545477890880404,,1.0,0.16666666666666666
recursion,honest_f0,0.0,0,1,75,38.970552164398015,0.44512621397425345,0.027884580591202354,,1.0,0.6666666666666666
recursion,honest_f0,0.0,0,1,100,51.71374906312407,0.47390747142708245,0.01621892131957643,,1.0,0.3333333333333333
recursion,honest_f0,0.0,0,1,125,64.70579221679766,0.4678278572050819,0.01191728786548164,,1.0,0.5
recursion,honest_f0,0.0,0,1,150,77.44888434612211,0.5079125609386272,0.007233575990793375,,1.0,0.5
recursion,honest_f0,0.0,0,1,175,87.18989240474119,0.4945191075112053,0.008798776058847779,,1.0,0.16666666666666666
recursion,honest_f0,0.0,0,1,200,102.18432264641837,0.5186339445778614,0.00971951643890968,,1.0,0.16666666666666666
recursion,honest_f0,0.0,0,1,225,115.9277326521697,0.5373532062428833,0.004098846691396523,,1.0,0.16666666666666666
recursion,honest_f0,0.0,0,1,250,127.91941134823666,0.5419907870862017,0.004442451936683908,,1.0,0.3333333333333333
recursion,honest_f0,0.0,0,1,275,140.91164060116571,0.545418733870408,0.007795490031704644,,1.0,0.3333333333333333
recursion,honest_f0,0.0,0,1,300,155.6556141494705,0.5645291231736662,0.005808390680572064,,1.0,0.5
recursion,honest_f0,0.0,0,1,325,169.3994586110985,0.5853591499158153,0.004225477774184192,,1.0,0.5
recursion,honest_f0,0.0,0,1,350,184.89353533101834,0.6067229423097181,0.005194936728721342,,1.0,0.3333333333333333
recursion,honest_f0,0.0,0,1,375,196.63616203152225,0.6082264578169989,0.002477039413521468,,1.0,0.3333333333333333
recursion,honest_f0,0.0,0,1,400,211.62951634467873,0.591853772345718,0.0037461348661262696,,1.0,0.3333333333333333
recursion,honest_f0,0.0,0,1,425,226.12316860794863,0.6065017910011634,0.0029236572130500156,,1.0,0.5
recursion,honest_f0,0.0,0,1,450,239.86681769614358,0.6139458232954205,0.003741194333959816,,1.0,0.3333333333333333
recursion,honest_f0,0.0,0,1,475,253.86014930344737,0.6139599896006549,0.002098573328845912,,1.0,0.3333333333333333
recursion,honest_f0,0.0,0,1,500,267.8541267663748,0.6183498147532611,0.0021667862310771305,,1.0,0.3333333333333333
recursion,honest_f0,0.0,0,1,525,282.59880101226184,0.6172355254249566,0.002761929781641238,,1.0,0.3333333333333333
recursion,honest_f0,0.0,0,1,550,296.3404012377239,0.6150859985384567,0.0017295968197666334,,1.0,0.3333333333333333
recursion,honest_f0,0.0,0,1,575,311.3345132699427,0.621072289967363,0.0026008888462977935,,1.0,0.3333333333333333
recursion,honest_f0,0.0,0,1,600,324.5755062601463,0.6114376680087477,0.002120122839907255,,1.0,0.3333333333333333
recursion,honest_f0,0.0,0,1,625,338.8184015327519,0.6113056693285337,0.0013222181029297854,,1.0,0.3333333333333333
recursion,honest_f0,0.0,0,1,650,352.3129825896377,0.6188017578147293,0.002372771273428548,,1.0,0.3333333333333333
recursion,honest_f0,0.0,0,1,675,363.8040641044017,0.6057136643329799,0.0014767287557401487,,1.0,0.16666666666666666
recursion,honest_f0,0.0,0,1,700,377.0454910666795,0.6013396019215574,0.0023597744042351317,,1.0,0.16666666666666666
recursion,honest_f0,0.0,0,1,725,393.2888398709942,0.6079935799465737,0.0016882859417104701,,1.0,0.3333333333333333
recursion,honest_f0,0.0,0,1,750,406.53197277952836,0.6007757157266725,0.0012219481577116597,,1.0,0.16666666666666666
recursion,honest_f0,0.0,0,1,775,421.5248531990395,0.6075511542114751,0.0017064615787791065,,1.0,0.5
recursion,honest_f0,0.0,0,1,800,434.7680184116025,0.608353978001928,0.0012694181578468261,,1.0,0.16666666666666666
recursion,honest_f0,0.0,0,1,825,446.7608391365964,0.6066294600207044,0.0017105573722083806,,1.0,0.3333333333333333
recursion,honest_f0,0.0,0,1,850,458.75269889880923,0.6066320056638453,0.001047722737513302,,1.0,0.3333333333333333
recursion,honest_f0,0.0,0,1,875,470.49486069363525,0.600573663422542,0.0013964755995982347,,1.0,0.16666666666666666
recursion,honest_f0,0.0,0,1,900,483.2383185699742,0.6026930994602386,0.0010107824126668703,,1.0,0.3333333333333333
recursion,honest_f0,0.0,0,1,925,498.48281280519046,0.6099338112389305,0.0015324406351828644,,1.0,0.5
recursion,honest_f0,0.0,0,1,950,509.9756715420202,0.6094856689491506,0.0013860700753792218,,1.0,0.16666666666666666
recursion,honest_f0,0.0,0,1,975,521.9681270877461,0.6127236959891341,0.0006270250384595766,,1.0,0.3333333333333333
recursion,honest_f0,0.0,0,1,1000,535.7118698301042,0.6194858593077477,0.0011981626507262624,,1.0,0.3333333333333333
recursion,honest_f0,0.0,0,2,25,13.741403197929491,0.4535656741651184,0.08280088103787353,,1.0,0.3333333333333333
recursion,honest_f0,0.0,0,2,50,26.230014147953284,0.4926007493343608,0.0523728809058264,,1.0,0.16666666666666666
recursion,honest_f0,0.0,0,2,75,39.4744112875477,0.5855730811267722,0.017769305054539476,,1.0,0.5
recursion,honest_f0,0.0,0,2,100,52.21407539959398,0.5270728271212145,0.014567782937828266,,1.0,0.16666666666666666
recursion,honest_f0,0.0,0,2,125,66.17077960732409,0.5471408325845404,0.016468001088335266,,1.0,0.5
recursion,honest_f0,0.0,0,2,150,78.41446156616445,0.5432631987808616,0.010800031667011547,,1.0,0.16666666666666666
recursion,honest_f0,0.0,0,2,175,91.90785714267926,0.5223378835617967,0.0036891952462467987,,1.0,0.3333333333333333
recursion,honest_f0,0.0,0,2,200,105.15200602272944,0.5100791522769345,0.006044017621791484,,1.0,0.16666666666666666
recursion,honest_f0,0.0,0,2,225,120.1452349192517,0.5260410196946587,0.0046205094457976905,,1.0,0.3333333333333333
recursion,honest_f0,0.0,0,2,250,132.63885323187995,0.523346298993057,0.0031185989225318515,,1.0,0.16666666666666666
recursion,honest_f0,0.0,0,2,275,146.38211749607035,0.5053605267476194,0.007456248332799981,,1.0,0.16666666666666666
recursion,honest_f0,0.0,0,2,300,161.62483343829155,0.5090449173968277,0.0044827527392072245,,1.0,0.16666666666666666
recursion,honest_f0,0.0,0,2,325,172.8671099703272,0.5036598206894443,0.004986434676468087,,1.0,0.5
recursion,honest_f0,0.0,0,2,350,185.2828392847786,0.5129722571947246,0.004234386040740934,,1.0,0.3333333333333333
recursion,honest_f0,0.0,0,2,375,198.0251473853499,0.5097169808116452,0.0011755284332259116,,1.0,0.3333333333333333
recursion,honest_f0,0.0,0,2,400,211.26664539435296,0.4945018543632759,0.0031599331192449275,,1.0,0.3333333333333333
recursion,honest_f0,0.0,0,2,425,223.5106158094236,0.5036994859990132,0.003687667568917563,,1.0,0.5
recursion,honest_f0,0.0,0,2,450,238.25531399447274,0.5111787471556422,0.0035019218995034386,,1.0,0.3333333333333333
recursion,honest_f0,0.0,0,2,475,251.24681855364167,0.5157085162525398,0.0013910405215833172,,1.0,0.16666666666666666
recursion,honest_f0,0.0,0,2,500,266.4910597317848,0.524574495293413,0.0034576857719061395,,1.0,0.3333333333333333
recursion,honest_f0,0.0,0,2,525,282.48445184546426,0.5383262559489885,0.00290188897578314,,1.0,0.5
recursion,honest_f0,0.0,0,2,550,297.9795365692506,0.5510486219144038,0.0016220319534647459,,1.0,0.3333333333333333
recursion,honest_f0,0.0,0,2,575,311.22012405282044,0.5431091956443742,0.002237903646959589,,1.0,0.3333333333333333
recursion,honest_f0,0.0,0,2,600,324.96202965433673,0.5407862824773492,0.0027007685908889776,,1.0,0.5
recursion,honest_f0,0.0,0,2,625,340.95460938887743,0.5463613437110544,0.0019526620979998554,,1.0,0.16666666666666666
recursion,honest_f0,0.0,0,2,650,353.69748885144344,0.5491024954325817,0.0014885776866508415,,1.0,0.5
recursion,honest_f0,0.0,0,2,675,368.691129873304,0.5488730773932015,0.0012072771239938357,,1.0,0.16666666666666666
recursion,honest_f0,0.0,0,2,700,382.683385110906,0.5437884877760581,0.00241079842052191,,1.0,0.16666666666666666
recursion,honest_f0,0.0,0,2,725,398.42856801819005,0.5487387831366269,0.0019372351775234626,,1.0,0.3333333333333333
recursion,honest_f0,0.0,0,2,750,410.91765162177535,0.5357327994493881,0.0023389240213881547,,1.0,0.16666666666666666
recursion,honest_f0,0.0,0,2,775,425.15905110741096,0.5350470275954186,0.0015086162764668292,,1.0,0.3333333333333333
recursion,honest_f0,0.0,0,2,800,438.6531977536823,0.5380140421891154,0.0012985577657450475,,1.0,0.3333333333333333
recursion,honest_f0,0.0,0,2,825,452.3964898149243,0.5378850401360358,0.001415742985354738,,1.0,0.3333333333333333
recursion,honest_f0,0.0,0,2,850,466.1395854808447,0.5398699953020987,0.0007725454967310616,,1.0,0.3333333333333333
recursion,honest_f0,0.0,0,2,875,477.1301042807945,0.5343238217414228,0.0009102297843036435,,1.0,0.16666666666666666
recursion,honest_f0,0.0,0,2,900,492.1211123244891,0.5356009359224256,0.0008903935150413725,,1.0,0.16666666666666666
recursion,honest_f0,0.0,0,2,925,507.6140964494248,0.541213898212633,0.001154227079338246,,1.0,0.3333333333333333
recursion,honest_f0,0.0,0,2,950,521.8583153363841,0.5461767303763573,0.0010688172898192232,,1.0,0.16666666666666666
recursion,honest_f0,0.0,0,2,975,537.6013836521938,0.5479279148215828,0.0010605271200427773,,1.0,0.3333333333333333
recursion,honest_f0,0.0,0,2,1000,551.8441802406599,0.5520314383531033,0.0015881303258557331,,1.0,0.3333333333333333
recursion,honest_f0,0.0,0,3,25,14.738523153847815,0.7637750476028725,0.10190183032354744,,1.0,0.5
recursion,honest_f0,0.0,0,3,50,28.481928100312082,0.7339182050765352,0.022190748092566562,,1.0,0.3333333333333333
recursion,honest_f0,0.0,0,3,75,41.7247361563478,0.7329375214904965,0.019885179361002824,,1.0,0.3333333333333333
recursion,honest_f0,0.0,0,3,100,54.96597117401946,0.7051649829306301,0.012394662768476934,,1.0,0.5
recursion,honest_f0,0.0,0,3,125,66.45960251950814,0.6967191333676176,0.009707208267081801,,1.0,0.3333333333333333
recursion,honest_f0,0.0,0,3,150,77.94519741205767,0.7052669999925231,0.009094434078384433,,1.0,0.16666666666666666
recursion,honest_f0,0.0,0,3,175,90.1884077262489,0.6989420486267759,0.006336373676509779,,1.0,0.5
recursion,honest_f0,0.0,0,3,200,101.92998695133569,0.7019808066765781,0.006570225811489564,,1.0,0.16666666666666666
recursion,honest_f0,0.0,0,3,225,113.10633099328645,0.6932674074717564,0.005120435985414779,,1.0,0.16666666666666666
recursion,honest_f0,0.0,0,3,250,123.5996192443886,0.7153339540030278,0.004976833004745152,,1.0,0.5
recursion,honest_f0,0.0,0,3,275,133.84257594262104,0.7002376917185137,0.004355298910464724,,1.0,0.5
recursion,honest_f0,0.0,0,3,300,145.5844370571492,0.6744562970671886,0.00459194367768943,,1.0,0.3333333333333333
recursion,honest_f0,0.0,0,3,325,156.32865740895406,0.6939723626804881,0.004986717609146546,,1.0,0.3333333333333333
recursion,honest_f0,0.0,0,3,350,167.32303968288852,0.7032465782673881,0.002092118918699268,,1.0,0.16666666666666666
recursion,honest_f0,0.0,0,3,375,179.56579694995762,0.7008838357682569,0.0026333390495626376,,1.0,0.3333333333333333
recursion,honest_f0,0.0,0,3,400,192.80806528140897,0.7046255146232283,0.0038299777785948965,,1.0,0.16666666666666666
recursion,honest_f0,0.0,0,3,425,204.55234596649217,0.7161096266532679,0.0025457378375292046,,1.0,0.3333333333333333
recursion,honest_f0,0.0,0,3,450,215.5461537636417,0.7146305478017532,0.003321061776533845,,1.0,0.3333333333333333
recursion,honest_f0,0.0,0,3,475,228.53764965947528,0.7188548427746853,0.0028077574463621145,,1.0,0.8333333333333334
recursion,honest_f0,0.0,0,3,500,241.5309782866692,0.7303692177602332,0.00331463351334087,,1.0,0.5
recursion,honest_f0,0.0,0,3,525,255.52230046806312,0.722546303022576,0.0023091099548933746,,1.0,0.3333333333333333
recursion,honest_f0,0.0,0,3,550,267.0155196650532,0.7182430581807513,0.00213588163691151,,1.0,0.3333333333333333
recursion,honest_f0,0.0,0,3,575,282.00691806379643,0.7225073536090314,0.0035233125914999937,,1.0,0.16666666666666666
recursion,honest_f0,0.0,0,3,600,294.2452761175789,0.6986325019103041,0.0032825717090150986,,1.0,0.3333333333333333
recursion,honest_f0,0.0,0,3,625,305.98749803007826,0.6911324885562123,0.0021787272139034723,,1.0,0.3333333333333333
recursion,honest_f0,0.0,0,3,650,317.4814612920591,0.696698919021834,0.0019963095904908866,,1.0,0.3333333333333333
recursion,honest_f0,0.0,0,3,675,328.726268004105,0.700144050978903,0.0012848752137656723,,1.0,0.3333333333333333
recursion,honest_f0,0.0,0,3,700,341.7198007452611,0.7019174173601965,0.0023959315129440766,,1.0,0.6666666666666666
recursion,honest_f0,0.0,0,3,725,353.7138284694303,0.7108888532969782,0.001419493364244797,,1.0,0.8333333333333334
recursion,honest_f0,0.0,0,3,750,366.45574306943786,0.7039658185051192,0.002232246453120518,,1.0,0.16666666666666666
recursion,honest_f0,0.0,0,3,775,379.69851821488237,0.71295255908573,0.0018903360675309672,,1.0,0.6666666666666666
recursion,honest_f0,0.0,0,3,800,392.19147809589583,0.718690073375702,0.0018825323356964018,,1.0,0.5
recursion,honest_f0,0.0,0,3,825,403.43470732718504,0.7218625092053914,0.0011130303590872912,,1.0,0.5
recursion,honest_f0,0.0,0,3,850,415.92741548594915,0.7234461841822006,0.0012883352575152297,,1.0,0.3333333333333333
recursion,honest_f0,0.0,0,3,875,425.919113513073,0.7206570979028758,0.001961543887287817,,1.0,0.16666666666666666
recursion,honest_f0,0.0,0,3,900,440.16233879731016,0.7278544384580306,0.001300770858114285,,1.0,0.3333333333333333
recursion,honest_f0,0.0,0,3,925,452.6574200029004,0.7421112276805295,0.0016147531981958374,,1.0,0.6666666666666666
recursion,honest_f0,0.0,0,3,950,466.39973125418913,0.7435033415483523,0.001837608366658565,,1.0,0.16666666666666666
recursion,honest_f0,0.0,0,3,975,477.39395425368923,0.7453410639412454,0.0012084214601001896,,1.0,0.16666666666666666
recursion,honest_f0,0.0,0,3,1000,488.8880487250042,0.75228765724729,0.0012588398621091494,,1.0,0.3333333333333333
recursion,honest_f0,0.0,0,4,25,11.739061025620234,0.31010922399371066,0.06293360143705277,,1.0,0.16666666666666666
recursion,honest_f0,0.0,0,4,50,23.479568766277524,0.4500007016502292,0.034858686173846916,,1.0,0.3333333333333333
recursion,honest_f0,0.0,0,4,75,36.473789175538,0.63492078056569,0.026284265588019093,,1.0,0.5
recursion,honest_f0,0.0,0,4,100,47.21573940611694,0.6212985482457078,0.013847470874821228,,1.0,0.16666666666666666
recursion,honest_f0,0.0,0,4,125,59.206327981326794,0.6125672121987175,0.009539823967037816,,1.0,0.3333333333333333
recursion,honest_f0,0.0,0,4,150,70.9120996874538,0.610885428459446,0.00601296070152504,,1.0,0.3333333333333333
recursion,honest_f0,0.0,0,4,175,83.4026567500654,0.613961138182362,0.006692372508825844,,1.0,0.3333333333333333
recursion,honest_f0,0.0,0,4,200,96.64493788370929,0.612340957603578,0.003935274361368418,,1.0,0.16666666666666666
recursion,honest_f0,0.0,0,4,225,109.63869425728805,0.6450282766048837,0.004400235026640873,,1.0,0.3333333333333333
recursion,honest_f0,0.0,0,4,250,121.6311672012533,0.643597448582652,0.004725092309357019,,1.0,0.3333333333333333
recursion,honest_f0,0.0,0,4,275,133.87368279100022,0.6445132159436734,0.0037718015540255394,,1.0,0.16666666666666666
recursion,honest_f0,0.0,0,4,300,146.36195135760659,0.5916727829122793,0.005203183312256325,,1.0,0.8333333333333334
recursion,honest_f0,0.0,0,4,325,159.35295426811325,0.584546274633506,0.005575470250031821,,1.0,0.3333333333333333
recursion,honest_f0,0.0,0,4,350,172.34458690146417,0.5813349100869949,0.002671590430458331,,1.0,0.3333333333333333
recursion,honest_f0,0.0,0,4,375,185.337390361654,0.5718340963275895,0.002256286470089029,,1.0,0.3333333333333333
recursion,honest_f0,0.0,0,4,400,198.07871505221874,0.5284804571679328,0.004260141758070752,,1.0,0.3333333333333333
recursion,honest_f0,0.0,0,4,425,212.82182514976716,0.5403165681440546,0.003142808956536448,,1.0,0.5
recursion,honest_f0,0.0,0,4,450,225.5646413559262,0.5502746560799149,0.0022564407812281154,,1.0,0.3333333333333333
recursion,honest_f0,0.0,0,4,475,240.30729516004027,0.5595111388900681,0.002197473431786441,,1.0,0.3333333333333333
recursion,honest_f0,0.0,0,4,500,253.0489057011094,0.5434673839135054,0.0026810818840892043,,1.0,0.3333333333333333
recursion,honest_f0,0.0,0,4,525,268.79131709883666,0.5343559314568216,0.0023121243674681016,,1.0,0.3333333333333333
recursion,honest_f0,0.0,0,4,550,282.0336273048519,0.534754279680345,0.0021894159009807285,,1.0,0.3333333333333333
recursion,honest_f0,0.0,0,4,575,295.7765994158152,0.5359098628884194,0.0016744176916067652,,1.0,0.3333333333333333
recursion,honest_f0,0.0,0,4,600,308.26680284905274,0.5219794007340928,0.001487920742426925,,1.0,0.3333333333333333
recursion,honest_f0,0.0,0,4,625,322.7609648173562,0.5273146254751238,0.0021741999853031636,,1.0,0.3333333333333333
recursion,honest_f0,0.0,0,4,650,336.7545520389851,0.5323776796775805,0.0019638342199006535,,1.0,0.3333333333333333
recursion,honest_f0,0.0,0,4,675,349.7474993500159,0.5296532669168943,0.0008715248931167273,,1.0,0.16666666666666666
recursion,honest_f0,0.0,0,4,700,363.2402116643916,0.5337135902264354,0.0013303094750275152,,1.0,0.3333333333333333
recursion,honest_f0,0.0,0,4,725,376.2341560449084,0.5372058137526374,0.0009511695245534038,,1.0,0.3333333333333333
recursion,honest_f0,0.0,0,4,750,389.9757195920246,0.5438667726430909,0.0014604684409198743,,1.0,0.3333333333333333
recursion,honest_f0,0.0,0,4,775,403.4678177377279,0.5448848470546014,0.001058492586708944,,1.0,0.3333333333333333
recursion,honest_f0,0.0,0,4,800,416.2103260210356,0.5436658810784655,0.0008623889154755059,,1.0,0.3333333333333333
recursion,honest_f0,0.0,0,4,825,429.9528383475571,0.5449186624586423,0.000974242420981032,,1.0,0.3333333333333333
recursion,honest_f0,0.0,0,4,850,444.6971198548865,0.5499099756676006,0.0015140980519828934,,1.0,0.6666666666666666
recursion,honest_f0,0.0,0,4,875,457.6884535331791,0.5429667930270747,0.001922536439574175,,1.0,0.16666666666666666
recursion,honest_f0,0.0,0,4,900,473.18084295508567,0.544249070884914,0.0018106607458405102,,1.0,0.8333333333333334
recursion,honest_f0,0.0,0,4,925,485.6738362114387,0.5437702829131159,0.0011648130754026206,,1.0,0.3333333333333333
recursion,honest_f0,0.0,0,4,950,498.4135460679464,0.5360485223967867,0.0013064377313718833,,1.0,0.5
recursion,honest_f0,0.0,0,4,975,510.656268440149,0.537331819092637,0.0009798830304458867,,1.0,0.3333333333333333
recursion,honest_f0,0.0,0,4,1000,524.6501382525755,0.5389341694360802,0.001142016362831425,,1.0,0.3333333333333333
recursion,honest_f0,0.0,0,0,25,9.739034356146275,0.10185428398901003,0.04474448890071235,,2.0,0.16666666666666666
recursion,honest_f0,0.0,0,0,50,21.48115611183158,0.20565726027656342,0.03152327578108105,,2.0,0.3333333333333333
recursion,honest_f0,0.0,0,0,75,33.47366661872071,0.2578588653215221,0.015736374322572088,,2.0,0.8333333333333334
recursion,honest_f0,0.0,0,0,100,46.71664812556285,0.295643516178107,0.015072951726509293,,2.0,0.3333333333333333
recursion,honest_f0,0.0,0,0,125,61.71025889551669,0.373918020805241,0.012995539673441171,,2.0,0.6666666666666666
recursion,honest_f0,0.0,0,0,150,75.20327943510564,0.4076830435285283,0.005633189178241844,,2.0,0.16666666666666666
recursion,honest_f0,0.0,0,0,175,88.69570879442057,0.44398674963919316,0.005150856855489832,,2.0,0.16666666666666666
recursion,honest_f0,0.0,0,0,200,102.43850510055428,0.45915000314093185,0.006641120935448686,,2.0,0.5
recursion,honest_f0,0.0,0,0,225,116.93117791141881,0.4665112063234501,0.006447519500565499,,2.0,0.16666666666666666
recursion,honest_f0,0.0,0,0,250,130.08809929643223,0.4722914948761715,0.005815793206244298,,2.0,0.5
recursion,honest_f0,0.0,0,0,275,144.3304042660019,0.4709322697814766,0.006064869584058563,,2.0,0.3333333333333333
recursion,honest_f0,0.0,0,0,300,155.82138113851968,0.4500372235472807,0.003443617633648843,,2.0,0.3333333333333333
recursion,honest_f0,0.0,0,0,325,169.3147566585463,0.45693987534650626,0.003358232766981115,,2.0,0.5
recursion,honest_f0,0.0,0,0,350,182.55685967064483,0.45709728170007374,0.003776708606388977,,2.0,0.3333333333333333
recursion,honest_f0,0.0,0,0,375,195.04863239529996,0.450398352353204,0.0030339687466232183,,2.0,0.6666666666666666
recursion,honest_f0,0.0,0,0,400,208.79188006132716,0.4550080736789258,0.0030347129806168422,,2.0,0.3333333333333333
recursion,honest_f0,0.0,0,0,425,223.5342852741481,0.45656603351988273,0.0031370331426868975,,2.0,0.3333333333333333
recursion,honest_f0,0.0,0,0,450,236.27612187017036,0.44614262135541766,0.003395772443607772,,2.0,0.3333333333333333
recursion,honest_f0,0.0,0,0,475,251.51976184232598,0.463257231852337,0.0034152410188661576,,2.0,0.5
recursion,honest_f0,0.0,0,0,500,263.7626386730766,0.46134908044537953,0.0012010990098993164,,2.0,0.5
recursion,honest_f0,0.0,0,0,525,277.2559349176994,0.464183050285824,0.0020181519022741306,,2.0,0.5
recursion,honest_f0,0.0,0,0,550,290.7488397227248,0.46528503604193794,0.003316864767851182,,2.0,0.3333333333333333
recursion,honest_f0,0.0,0,0,575,304.7426196874561,0.47203340000339256,0.001126273650053585,,2.0,0.3333333333333333
recursion,honest_f0,0.0,0,0,600,319.73650778222486,0.4795881467735908,0.0020554514645724875,,2.0,0.5
recursion,honest_f0,0.0,0,0,625,332.9794096862442,0.4768859292933918,0.0023528829018819152,,2.0,0.3333333333333333
recursion,honest_f0,0.0,0,0,650,346.97116740411246,0.47904452626685623,0.0015994747420833891,,2.0,0.5
recursion,honest_f0,0.0,0,0,675,364.2153539958765,0.49178173120825897,0.0017202827513154348,,2.0,0.8333333333333334
recursion,honest_f0,0.0,0,0,700,378.959161261593,0.49738195078824515,0.0016716386969850697,,2.0,0.3333333333333333
recursion,honest_f0,0.0,0,0,725,391.19933547746746,0.49129060133876196,0.0009782839885206832,,2.0,0.3333333333333333
recursion,honest_f0,0.0,0,0,750,404.4415256678353,0.4865802964271887,0.0011066427848886195,,2.0,0.5
recursion,honest_f0,0.0,0,0,775,415.93311198227434,0.4846704841736953,0.0018656838983053714,,2.0,0.3333333333333333
recursion,honest_f0,0.0,0,0,800,429.67528726700334,0.4887154015444768,0.0013129977630198656,,2.0,0.5
recursion,honest_f0,0.0,0,0,825,443.91940345766466,0.490883155894065,0.0008723333099409997,,2.0,0.3333333333333333
recursion,honest_f0,0.0,0,0,850,458.41136462698705,0.4918078673227784,0.0016314487407002082,,2.0,0.5
recursion,honest_f0,0.0,0,0,875,470.9021198478626,0.49007053536358747,0.0014939386597446146,,2.0,0.3333333333333333
recursion,honest_f0,0.0,0,0,900,484.89289596045273,0.48857194448284325,0.0012800887850748042,,2.0,0.16666666666666666
recursion,honest_f0,0.0,0,0,925,498.134886195506,0.4878073245876495,0.0010158391693918822,,2.0,0.3333333333333333
recursion,honest_f0,0.0,0,0,950,512.6278147945245,0.48794064627566447,0.0014473640283942902,,2.0,0.6666666666666666
recursion,honest_f0,0.0,0,0,975,524.8698010738605,0.4867492722483893,0.0010690921397600347,,2.0,0.5
recursion,honest_f0,0.0,0,0,1000,542.2504826884738,0.49395922551653726,0.0018331619172416585,,2.0,0.5
recursion,honest_f0,0.0,0,1,25,14.741156248140268,0.2322956179600471,0.06408443549597259,,2.0,0.5
recursion,honest_f0,0.0,0,1,50,30.73443160860012,0.4192254457338797,0.040787613879132885,,2.0,0.5
recursion,honest_f0,0.0,0,1,75,41.72507544280232,0.37905767304127147,0.022593975639538227,,2.0,0.3333333333333333
recursion,honest_f0,0.0,0,1,100,55.9688310744512,0.43687874849984315,0.011877600195359297,,2.0,0.3333333333333333
recursion,honest_f0,0.0,0,1,125,72.44945584990255,0.49440287439774944,0.01066749386061241,,2.0,0.5
recursion,honest_f0,0.0,0,1,150,86.94304252812287,0.5349301648567798,0.01056344254826243,,2.0,0.3333333333333333
recursion,honest_f0,0.0,0,1,175,101.43688515797868,0.5488501778598381,0.005627360509729228,,2.0,0.5
recursion,honest_f0,0.0,0,1,200,115.42759907048926,0.5350681808247228,0.008619716400422474,,2.0,0.5
recursion,honest_f0,0.0,0,1,225,130.92269945678007,0.57418697687681,0.006846462049612305,,2.0,0.5
recursion,honest_f0,0.0,0,1,250,143.6642460198778,0.5530946355726233,0.0050379555839545655,,2.0,0.16666666666666666
recursion,honest_f0,0.0,0,1,275,158.65799757373568,0.551471633482409,0.004296122845808412,,2.0,0.5
recursion,honest_f0,0.0,0,1,300,174.40068591106518,0.5521707220376777,0.0053645558252573035,,2.0,0.5
recursion,honest_f0,0.0,0,1,325,188.64429860047466,0.5422348872766491,0.002741360735564689,,2.0,0.5
recursion,honest_f0,0.0,0,1,350,203.38745382489466,0.5419772159960379,0.0021014307907386547,,2.0,0.3333333333333333
recursion,honest_f0,0.0,0,1,375,215.62930411313909,0.5342380915967169,0.003854326661963394,,2.0,0.3333333333333333
recursion,honest_f0,0.0,0,1,400,230.87349358819066,0.5494681490375528,0.002854515225165759,,2.0,0.5
recursion,honest_f0,0.0,0,1,425,245.6162676475689,0.5554252056375902,0.0016034605985574993,,2.0,0.16666666666666666
recursion,honest_f0,0.0,0,1,450,257.6086470407258,0.5359525883995718,0.0029140942100861255,,2.0,0.3333333333333333
recursion,honest_f0,0.0,0,1,475,271.85178067462783,0.5412074841089967,0.0026744100813905717,,2.0,0.5
recursion,honest_f0,0.0,0,1,500,285.5939636982152,0.5371228276478079,0.0018191850613845902,,2.0,0.3333333333333333
recursion,honest_f0,0.0,0,1,525,300.08608053646844,0.541025253032472,0.001576954041217507,,2.0,0.5
recursion,honest_f0,0.0,0,1,550,312.82712678946496,0.5382213391347449,0.0019148313736455965,,2.0,0.16666666666666666
recursion,honest_f0,0.0,0,1,575,328.8207871989566,0.5453035824076184,0.0015181911494907994,,2.0,0.5
recursion,honest_f0,0.0,0,1,600,345.81440695507763,0.5478870248784764,0.0011916135498753094,,2.0,0.5
recursion,honest_f0,0.0,0,1,625,360.55811076352256,0.5437725031397524,0.0019360979073362453,,2.0,0.3333333333333333
recursion,honest_f0,0.0,0,1,650,374.0509269262926,0.5434063275168857,0.002228015670238386,,2.0,0.5
recursion,honest_f0,0.0,0,1,675,391.54612397301355,0.5556152646342827,0.002478662214002392,,2.0,0.3333333333333333
recursion,honest_f0,0.0,0,1,700,405.2886349135606,0.5483844681027696,0.0011689181000437096,,2.0,0.6666666666666666
recursion,honest_f0,0.0,0,1,725,420.5320907688076,0.5435134486496143,0.0018423421526151179,,2.0,0.6666666666666666
recursion,honest_f0,0.0,0,1,750,434.2741216928554,0.5399466920120239,0.0013718995005200778,,2.0,0.16666666666666666
recursion,honest_f0,0.0,0,1,775,451.5185933925251,0.546174723641116,0.0017810738101738486,,2.0,0.3333333333333333
recursion,honest_f0,0.0,0,1,800,467.2620400890854,0.5563339976584847,0.0021736022518905863,,2.0,0.5
recursion,honest_f0,0.0,0,1,825,481.0044495418052,0.5541623760994501,0.0008500265581079192,,2.0,0.3333333333333333
recursion,honest_f0,0.0,0,1,850,495.99736623153854,0.557762051069273,0.001106284992105944,,2.0,0.5
recursion,honest_f0,0.0,0,1,875,509.2388964594993,0.5536045144152746,0.0016735752302316465,,2.0,0.3333333333333333
recursion,honest_f0,0.0,0,1,900,520.7315006793876,0.5477933930275963,0.001260327771547184,,2.0,0.16666666666666666
recursion,honest_f0,0.0,0,1,925,535.2250510505951,0.5478292030388854,0.0019359038199271738,,2.0,0.5
recursion,honest_f0,0.0,0,1,950,550.2175923738521,0.5500846006476692,0.0011616418377354075,,2.0,0.5
recursion,honest_f0,0.0,0,1,975,565.2119640192195,0.5526452500058054,0.0013634018872327974,,2.0,0.5
recursion,honest_f0,0.0,0,1,1000,581.705528689218,0.5558617983871021,0.001308349778444439,,2.0,0.5
recursion,honest_f0,0.0,0,2,25,12.740565331170915,0.2578401182766694,0.06141594608451731,,2.0,0.16666666666666666
recursion,honest_f0,0.0,0,2,50,25.483480382438493,0.37919613531389396,0.02866212891349201,,2.0,0.3333333333333333
recursion,honest_f0,0.0,0,2,75,38.97455566919198,0.37238467164851485,0.013497305298345424,,2.0,0.3333333333333333
recursion,honest_f0,0.0,0,2,100,53.21725526057568,0.38996447991596817,0.014791722198585483,,2.0,0.6666666666666666
recursion,honest_f0,0.0,0,2,125,67.71096079816591,0.4051690745852824,0.007350423305267153,,2.0,0.5
recursion,honest_f0,0.0,0,2,150,84.70498906817812,0.4879061899917547,0.009692238275558372,,2.0,0.16666666666666666
recursion,honest_f0,0.0,0,2,175,98.69772152606475,0.49466579038000036,0.0049629688638156725,,2.0,0.16666666666666666
recursion,honest_f0,0.0,0,2,200,114.69164352881312,0.52385688036644,0.008164398218254383,,2.0,0.3333333333333333
recursion,honest_f0,0.0,0,2,225,130.43615662360452,0.5777747887376774,0.007980310995667768,,2.0,1.0
recursion,honest_f0,0.0,0,2,250,142.9268103043164,0.5508163219583886,0.005913930388726613,,2.0,0.3333333333333333
recursion,honest_f0,0.0,0,2,275,158.16854235025292,0.5554013761229049,0.004898925965815603,,2.0,0.3333333333333333
recursion,honest_f0,0.0,0,2,300,171.65995455205046,0.55947902127995,0.0040942605600627876,,2.0,0.5
recursion,honest_f0,0.0,0,2,325,187.61916773331717,0.567301585876967,0.0018170894461763771,,2.0,0.5
recursion,honest_f0,0.0,0,2,350,202.36258617471555,0.5699965228227626,0.0035959654058224572,,2.0,0.3333333333333333
recursion,honest_f0,0.0,0,2,375,218.10330496578555,0.5800173373424311,0.0026822862472243936,,2.0,0.6666666666666666
recursion,honest_f0,0.0,0,2,400,233.34672359593006,0.5946548431791221,0.0032281057118409982,,2.0,0.3333333333333333
recursion,honest_f0,0.0,0,2,425,247.33783355758266,0.6003020870284974,0.0026213448116812355,,2.0,0.3333333333333333
recursion,honest_f0,0.0,0,2,450,258.07793462608356,0.577730295836961,0.0025213886925316955,,2.0,0.3333333333333333
recursion,honest_f0,0.0,0,2,475,273.0708280992897,0.5888588280381195,0.0015843749251132227,,2.0,0.5
recursion,honest_f0,0.0,0,2,500,288.0626606236832,0.5927404367747353,0.0025226379714251386,,2.0,0.8333333333333334
recursion,honest_f0,0.0,0,2,525,302.3051993429276,0.5981663620763782,0.001554213071799311,,2.0,0.5
recursion,honest_f0,0.0,0,2,550,317.5483194751724,0.6044847649300047,0.0017345827666096483,,2.0,0.3333333333333333
recursion,honest_f0,0.0,0,2,575,332.29086964030773,0.6068205083065645,0.0009855423849301661,,2.0,0.3333333333333333
recursion,honest_f0,0.0,0,2,600,346.78449136092183,0.6052431025265713,0.0010815200301174891,,2.0,0.5
recursion,honest_f0,0.0,0,2,625,360.7747916527851,0.5951927733277591,0.002450125971295318,,2.0,0.3333333333333333
recursion,honest_f0,0.0,0,2,650,373.51696193980916,0.5925600613937863,0.0015015277411768713,,2.0,0.6666666666666666
recursion,honest_f0,0.0,0,2,675,388.2595756876125,0.5970065923803883,0.0017177358674779746,,2.0,0.5
recursion,honest_f0,0.0,0,2,700,404.7536821931802,0.605271743656666,0.0013272922865232867,,2.0,0.3333333333333333
recursion,honest_f0,0.0,0,2,725,417.4929835664202,0.5981658206083695,0.0012593018678821435,,2.0,1.0
recursion,honest_f0,0.0,0,2,750,432.4863879276303,0.5925488349546767,0.0013164115968753109,,2.0,0.5
recursion,honest_f0,0.0,0,2,775,448.7299451928523,0.6020694447539031,0.0017908491193499281,,2.0,0.3333333333333333
recursion,honest_f0,0.0,0,2,800,464.47421320545294,0.6063574921398487,0.0009642391445399343,,2.0,0.5
recursion,honest_f0,0.0,0,2,825,478.71664380798387,0.6067381026998675,0.0017823868712896864,,2.0,0.3333333333333333
recursion,honest_f0,0.0,0,2,850,492.45894478896014,0.6030420176904961,0.0013100369453348138,,2.0,0.5
recursion,honest_f0,0.0,0,2,875,505.1983475422211,0.5975431205906585,0.001698318062830507,,2.0,0.16666666666666666
recursion,honest_f0,0.0,0,2,900,518.6905508707105,0.5927475153915173,0.0007012845040510257,,2.0,0.16666666666666666
recursion,honest_f0,0.0,0,2,925,532.4338236759673,0.594380446254556,0.00135704653499128,,2.0,0.3333333333333333
recursion,honest_f0,0.0,0,2,950,546.176508590966,0.5970231632454308,0.0011532521208586699,,2.0,0.5
recursion,honest_f0,0.0,0,2,975,557.6669001908571,0.5934585383302879,0.0008657866730546812,,2.0,0.5
recursion,honest_f0,0.0,0,2,1000,572.9103449489738,0.5948604106628678,0.0008694333281403393,,2.0,0.5
recursion,honest_f0,0.0,0,3,25,13.991598062140815,0.34266352594077115,0.07330911065471227,,2.0,0.3333333333333333
recursion,honest_f0,0.0,0,3,50,26.98484721750984,0.37711437176338425,0.02667166232488785,,2.0,0.3333333333333333
recursion,honest_f0,0.0,0,3,75,40.47924391906446,0.4181346996499259,0.02055130812239833,,2.0,0.3333333333333333
recursion,honest_f0,0.0,0,3,100,54.22224630992204,0.45268179352154975,0.01572073303233617,,2.0,0.3333333333333333
recursion,honest_f0,0.0,0,3,125,68.71749811634658,0.4935064628186822,0.006921289540109511,,2.0,0.3333333333333333
recursion,honest_f0,0.0,0,3,150,83.21005096093047,0.534256585404164,0.010027088111465118,,2.0,0.5
recursion,honest_f0,0.0,0,3,175,97.45335445515539,0.5500151620800204,0.008154473557693522,,2.0,0.16666666666666666
recursion,honest_f0,0.0,0,3,200,110.19464503619483,0.5420243531075286,0.003079552576405792,,2.0,0.5
recursion,honest_f0,0.0,0,3,225,124.18715773818454,0.5363037621206164,0.005595915946322796,,2.0,0.16666666666666666
recursion,honest_f0,0.0,0,3,250,138.42864595275748,0.5122043504026266,0.007268052232999788,,2.0,0.5
recursion,honest_f0,0.0,0,3,275,154.1731939641009,0.5163605426252046,0.004436180293969778,,2.0,0.5
recursion,honest_f0,0.0,0,3,300,167.4173961703774,0.5148376736882094,0.0026626290170429423,,2.0,0.3333333333333333
recursion,honest_f0,0.0,0,3,325,183.4117816151267,0.5114002296257405,0.0019917853584421833,,2.0,0.5
recursion,honest_f0,0.0,0,3,350,195.40274563426016,0.4926271762409903,0.0031619825482270963,,2.0,0.16666666666666666
recursion,honest_f0,0.0,0,3,375,210.64620676232664,0.4892678437065996,0.0065434612451512894,,2.0,0.3333333333333333
recursion,honest_f0,0.0,0,3,400,224.38959813548644,0.4937412610757874,0.0016462203956914762,,2.0,0.3333333333333333
recursion,honest_f0,0.0,0,3,425,237.63089682442921,0.49167243528052207,0.0026616643147933604,,2.0,0.5
recursion,honest_f0,0.0,0,3,450,253.6230692135695,0.47937770077260816,0.0027274242661513774,,2.0,0.3333333333333333
recursion,honest_f0,0.0,0,3,475,266.6164633864687,0.4853062966124293,0.002295764880552781,,2.0,0.3333333333333333
recursion,honest_f0,0.0,0,3,500,278.61030513820924,0.48894589570171465,0.002338894071559645,,2.0,0.3333333333333333
recursion,honest_f0,0.0,0,3,525,292.85219318864716,0.4866174721394238,0.0018454365450304216,,2.0,0.5
recursion,honest_f0,0.0,0,3,550,305.5953991250049,0.49431032518033424,0.0015132722718795245,,2.0,0.3333333333333333
recursion,honest_f0,0.0,0,3,575,317.83801631166403,0.4994990062178296,0.0019519703176523581,,2.0,0.3333333333333333
recursion,honest_f0,0.0,0,3,600,333.0817910718248,0.5063269773668109,0.001987403449547443,,2.0,0.3333333333333333
recursion,honest_f0,0.0,0,3,625,346.57333985711455,0.507255607247738,0.002161924721250058,,2.0,0.8333333333333334
recursion,honest_f0,0.0,0,3,650,361.81686236008744,0.5082159773739223,0.0024665003917038585,,2.0,0.3333333333333333
recursion,honest_f0,0.0,0,3,675,374.0612773893584,0.5122880138289968,0.00185045424499385,,2.0,0.16666666666666666
recursion,honest_f0,0.0,0,3,700,386.804530309159,0.509998040155189,0.0011870097182897317,,2.0,0.3333333333333333
recursion,honest_f0,0.0,0,3,725,401.29865357181075,0.5071393959773746,0.0011661507975782644,,2.0,0.3333333333333333
recursion,honest_f0,0.0,0,3,750,412.78858273746937,0.5004977740439559,0.0013526230047645196,,2.0,0.3333333333333333
recursion,honest_f0,0.0,0,3,775,425.5312334200844,0.502337016518125,0.0016930220428313025,,2.0,0.5
recursion,honest_f0,0.0,0,3,800,437.5244262277424,0.5046359361871741,0.0014953623614762511,,2.0,0.3333333333333333
recursion,honest_f0,0.0,0,3,825,450.7684394658136,0.508334395213059,0.0013032461168291504,,2.0,0.3333333333333333
recursion,honest_f0,0.0,0,3,850,462.76095978817966,0.5101825866697904,0.0006824086340972009,,2.0,0.3333333333333333
recursion,honest_f0,0.0,0,3,875,475.0035589542442,0.5103721278718022,0.0011534250730061907,,2.0,0.3333333333333333
recursion,honest_f0,0.0,0,3,900,486.9962547132133,0.5083070910684948,0.0011745420717545218,,2.0,0.16666666666666666
recursion,honest_f0,0.0,0,3,925,501.48918994155883,0.510403810368319,0.001151524044931529,,2.0,0.8333333333333334
recursion,honest_f0,0.0,0,3,950,512.9825073091838,0.5104718964623274,0.0006240752539291543,,2.0,0.3333333333333333
recursion,honest_f0,0.0,0,3,975,526.7247356520477,0.5119558929369108,0.0007983967394216704,,2.0,0.3333333333333333
recursion,honest_f0,0.0,0,3,1000,539.7164496494684,0.5122991305333815,0.0008292865229886609,,2.0,0.16666666666666666
recursion,honest_f0,0.0,0,4,25,11.740788998134782,0.5911369214241238,0.09787583645922805,,2.0,0.5
recursion,honest_f0,0.0,0,4,50,26.985158448622563,0.7064173158166882,0.03507954708876601,,2.0,0.5
recursion,honest_f0,0.0,0,4,75,40.97772145639807,0.6519634826704633,0.013845219189916493,,2.0,0.3333333333333333
recursion,honest_f0,0.0,0,4,100,52.96052356126531,0.5871591152900351,0.009927370072355753,,2.0,0.3333333333333333
recursion,honest_f0,0.0,0,4,125,67.70543238773682,0.6215794385078512,0.010498908308749402,,2.0,0.3333333333333333
recursion,honest_f0,0.0,0,4,150,81.20051612869221,0.6513556166777286,0.008180864607685336,,2.0,0.0
recursion,honest_f0,0.0,0,4,175,96.19568026671061,0.6683758258159891,0.004070061733962425,,2.0,0.8333333333333334
recursion,honest_f0,0.0,0,4,200,110.43897456247268,0.6653927892219568,0.005272338387949397,,2.0,0.6666666666666666
recursion,honest_f0,0.0,0,4,225,129.93429121196164,0.6991464716204188,0.014219821561638346,,2.0,0.3333333333333333
recursion,honest_f0,0.0,0,4,250,144.92617506782756,0.6863607659136279,0.005145168638485305,,2.0,0.5
recursion,honest_f0,0.0,0,4,275,157.91968321751133,0.6819473104995464,0.004484956420003977,,2.0,0.16666666666666666
recursion,honest_f0,0.0,0,4,300,171.90886142312073,0.656940883681739,0.0032886805223892707,,2.0,0.3333333333333333
recursion,honest_f0,0.0,0,4,325,186.65049152720914,0.6530414299450903,0.003240749623029175,,2.0,0.6666666666666666
recursion,honest_f0,0.0,0,4,350,201.393874685102,0.6541656874541744,0.003407324310324178,,2.0,0.8333333333333334
recursion,honest_f0,0.0,0,4,375,215.63832022633636,0.6605674788951656,0.0030107348471211724,,2.0,0.8333333333333334
recursion,honest_f0,0.0,0,4,400,227.12918236166254,0.657097580340646,0.0021111699516535016,,2.0,0.16666666666666666
recursion,honest_f0,0.0,0,4,425,242.12219001562175,0.6642265885440515,0.0016842299974757446,,2.0,0.16666666666666666
recursion,honest_f0,0.0,0,4,450,255.86258202439402,0.6350153238997382,0.004839433748427883,,2.0,0.5
recursion,honest_f0,0.0,0,4,475,271.1054374647398,0.6371625536181178,0.0015738105751332992,,2.0,0.8333333333333334
recursion,honest_f0,0.0,0,4,500,284.09618201549097,0.6326409783868793,0.0009396209068973771,,2.0,0.3333333333333333
recursion,honest_f0,0.0,0,4,525,300.8380817355427,0.6386479180742515,0.0024952958122457197,,2.0,0.6666666666666666
recursion,honest_f0,0.0,0,4,550,316.8295271645103,0.6348226668424524,0.002647145600775964,,2.0,0.16666666666666666
recursion,honest_f0,0.0,0,4,575,333.32542214237037,0.6449704953800162,0.0014634204519264587,,2.0,0.3333333333333333
recursion,honest_f0,0.0,0,4,600,352.070524406108,0.6474858780749395,0.0021239947249885294,,2.0,0.5
recursion,honest_f0,0.0,0,4,625,368.813422365618,0.6483634943361484,0.0024142374053219093,,2.0,0.3333333333333333
recursion,honest_f0,0.0,0,4,650,385.3071327575188,0.6457296395060106,0.0023513630780219777,,2.0,0.5
recursion,honest_f0,0.0,0,4,675,402.55071917746875,0.650477379645739,0.0015222914004113103,,2.0,0.5
recursion,honest_f0,0.0,0,4,700,419.04373588838246,0.6519776280966111,0.0009487451062595128,,2.0,0.16666666666666666
recursion,honest_f0,0.0,0,4,725,435.28427307349,0.6489727683839597,0.002508764368401618,,2.0,0.3333333333333333
recursion,honest_f0,0.0,0,4,750,448.5255781011696,0.6455359550193158,0.001301917738704183,,2.0,0.3333333333333333
recursion,honest_f0,0.0,0,4,775,463.2687272830332,0.6462794132703465,0.0010784717023098651,,2.0,0.3333333333333333
recursion,honest_f0,0.0,0,4,800,479.51209829310983,0.6497300722732571,0.0015785214926004787,,2.0,0.5
recursion,honest_f0,0.0,0,4,825,494.5023354749951,0.6472250997525901,0.0017600489505255645,,2.0,0.5
recursion,honest_f0,0.0,0,4,850,508.9954605453032,0.646110375286888,0.001038143743778673,,2.0,0.3333333333333333
recursion,honest_f0,0.0,0,4,875,523.7386581097567,0.6453643364756726,0.0012901098781419756,,2.0,0.5
recursion,honest_f0,0.0,0,4,900,536.2295474405963,0.6405417461263408,0.0011309845709618154,,2.0,0.16666666666666666
recursion,honest_f0,0.0,0,4,925,551.722664315793,0.6376483678136593,0.0015967770686287003,,2.0,0.3333333333333333
recursion,honest_f0,0.0,0,4,950,566.9656741674348,0.63880639800501,0.0008591801635997809,,2.0,0.5
recursion,honest_f0,0.0,0,4,975,583.958606303748,0.638265529772162,0.001052635303923812,,2.0,0.5
recursion,honest_f0,0.0,0,4,1000,598.7002723815251,0.6380838315852014,0.0015110637349993845,,2.0,0.3333333333333333
recursion,honest_f0,0.0,0,0,25,11.489297830072054,0.20330377848996745,0.06823635071637148,,3.0,0.3333333333333333
recursion,honest_f0,0.0,0,0,50,25.23062225501082,0.41330179931946553,0.049436652777423123,,3.0,0.3333333333333333
recursion,honest_f0,0.0,0,0,75,42.97626601873955,0.49914183423735325,0.03500367419820963,,3.0,0.3333333333333333
recursion,honest_f0,0.0,0,0,100,54.966170088844166,0.4630733122881468,0.011460413118732766,,3.0,0.3333333333333333
recursion,honest_f0,0.0,0,0,125,70.20952050060397,0.4798362018659132,0.010832629497187647,,3.0,0.3333333333333333
recursion,honest_f0,0.0,0,0,150,85.20393004564053,0.45368919241354344,0.008295950851154164,,3.0,0.16666666666666666
recursion,honest_f0,0.0,0,0,175,99.69579634772256,0.4542135221429751,0.007036730757213557,,3.0,0.8333333333333334
recursion,honest_f0,0.0,0,0,200,113.40951549027511,0.46395724439022046,0.004221255778632959,,3.0,0.0
recursion,honest_f0,0.0,0,0,225,128.65291333602326,0.47027443694997145,0.005380844757493924,,3.0,0.3333333333333333
recursion,honest_f0,0.0,0,0,250,145.646452755919,0.4776622719183949,0.003951677546441586,,3.0,0.3333333333333333
recursion,honest_f0,0.0,0,0,275,162.88976884838365,0.49491338091063836,0.0046258881165287605,,3.0,0.3333333333333333
recursion,honest_f0,0.0,0,0,300,177.88245823444194,0.49880090153294476,0.003342558012506285,,3.0,0.5
recursion,honest_f0,0.0,0,0,325,191.12714688135696,0.5054123548186847,0.0030332303301834618,,3.0,0.3333333333333333
recursion,honest_f0,0.0,0,0,350,204.1185343710482,0.5080190192085152,0.003984379027385264,,3.0,0.3333333333333333
recursion,honest_f0,0.0,0,0,375,218.61221139208575,0.5090318498875377,0.0018712610045630784,,3.0,0.5
recursion,honest_f0,0.0,0,0,400,232.8568512964927,0.5226487093251301,0.002154085136385138,,3.0,0.3333333333333333
recursion,honest_f0,0.0,0,0,425,246.84911848963094,0.524586056226941,0.0025927253409747013,,3.0,0.5
recursion,honest_f0,0.0,0,0,450,262.33953624762034,0.5226172086808822,0.003198634130425198,,3.0,0.3333333333333333
recursion,honest_f0,0.0,0,0,475,279.0841615842087,0.5345848918795107,0.0026367007986180403,,3.0,0.3333333333333333
recursion,honest_f0,0.0,0,0,500,291.82607766564445,0.540262688393002,0.00195941138349999,,3.0,0.3333333333333333
recursion,honest_f0,0.0,0,0,525,306.57025219857263,0.5495243813715474,0.0019564080308140676,,3.0,0.3333333333333333
recursion,honest_f0,0.0,0,0,550,320.8101872211627,0.539460612688656,0.0025922963342486973,,3.0,0.3333333333333333
recursion,honest_f0,0.0,0,0,575,334.3013173115048,0.531247746037367,0.0021072223076513976,,3.0,0.3333333333333333
recursion,honest_f0,0.0,0,0,600,348.54585456266835,0.5356567179480425,0.0014626674603753958,,3.0,0.3333333333333333
recursion,honest_f0,0.0,0,0,625,361.78681703204444,0.5360526287774505,0.0018850455838463136,,3.0,0.6666666666666666
recursion,honest_f0,0.0,0,0,650,376.53090286853234,0.5470816865028699,0.001899383495066214,,3.0,0.3333333333333333
recursion,honest_f0,0.0,0,0,675,392.0230138256311,0.5539941737894648,0.0036299193486015757,,3.0,0.16666666666666666
recursion,honest_f0,0.0,0,0,700,407.016559541436,0.5584501116627127,0.00167333801328866,,3.0,0.16666666666666666
recursion,honest_f0,0.0,0,0,725,422.25876143774815,0.5637527737328187,0.0023529090827559,,3.0,0.5
recursion,honest_f0,0.0,0,0,750,438.5032062243838,0.5713773344620847,0.002024286184692461,,3.0,0.3333333333333333
recursion,honest_f0,0.0,0,0,775,454.99608177997914,0.5777773655919465,0.0018635320220614189,,3.0,0.3333333333333333
recursion,honest_f0,0.0,0,0,800,468.73823074361366,0.5779102132535797,0.0018549675338074296,,3.0,0.16666666666666666
recursion,honest_f0,0.0,0,0,825,481.9797086940938,0.5810322857042263,0.0013382950865237946,,3.0,0.16666666666666666
recursion,honest_f0,0.0,0,0,850,496.7208976340071,0.580816428054789,0.0017488600831444135,,3.0,0.5
recursion,honest_f0,0.0,0,0,875,509.4632375706856,0.5779248133851874,0.0008882468999560508,,3.0,0.3333333333333333
recursion,honest_f0,0.0,0,0,900,521.4541063644664,0.5730317724261322,0.0015230284457782778,,3.0,0.3333333333333333
recursion,honest_f0,0.0,0,0,925,537.1984066887871,0.5754979297475001,0.0010556892651522416,,3.0,0.3333333333333333
recursion,honest_f0,0.0,0,0,950,550.6893907800924,0.571577409806864,0.0009528565752433324,,3.0,0.5
recursion,honest_f0,0.0,0,0,975,566.4339712612743,0.5729775429580453,0.001450990003674172,,3.0,0.3333333333333333
recursion,honest_f0,0.0,0,0,1000,579.42693876412,0.5741153431215453,0.0011015918983090544,,3.0,0.16666666666666666
recursion,honest_f0,0.0,0,1,25,11.490598148263262,0.20895112348580516,0.06429942874815216,,3.0,0.3333333333333333
recursion,honest_f0,0.0,0,1,50,23.98257214745168,0.23906918246461925,0.03212082230335924,,3.0,0.16666666666666666
recursion,honest_f0,0.0,0,1,75,40.976824189680386,0.44708198698211915,0.03373409232025903,,3.0,0.3333333333333333
recursion,honest_f0,0.0,0,1,100,53.96564276333369,0.44337881813559976,0.013943379030637817,,3.0,0.5
recursion,honest_f0,0.0,0,1,125,66.7069894678487,0.43462907344572516,0.005624586726041048,,3.0,0.16666666666666666
recursion,honest_f0,0.0,0,1,150,81.44937243336862,0.43152557761935073,0.016917140987645893,,3.0,0.16666666666666666
recursion,honest_f0,0.0,0,1,175,97.94121697865282,0.45785043043731094,0.009864650834210923,,3.0,1.0
recursion,honest_f0,0.0,0,1,200,112.93461758748222,0.4776184780103159,0.006154978737241988,,3.0,0.3333333333333333
recursion,honest_f0,0.0,0,1,225,127.17846879042989,0.5013976450148168,0.004854776286817012,,3.0,0.3333333333333333
recursion,honest_f0,0.0,0,1,250,140.9217399637416,0.4923194810289695,0.0031487577666351007,,3.0,0.5
recursion,honest_f0,0.0,0,1,275,153.9139210656075,0.49845192269934924,0.0035908845937784495,,3.0,0.16666666666666666
recursion,honest_f0,0.0,0,1,300,170.15794542902054,0.5174123899987801,0.003799933004150542,,3.0,0.3333333333333333
recursion,honest_f0,0.0,0,1,325,186.15206768885895,0.5290329593814913,0.004614221355543231,,3.0,0.5
recursion,honest_f0,0.0,0,1,350,198.89201335779,0.5174613847720032,0.0020031074421149545,,3.0,0.16666666666666666
recursion,honest_f0,0.0,0,1,375,213.63452010301984,0.52248083295855,0.002286520387710202,,3.0,0.16666666666666666
recursion,honest_f0,0.0,0,1,400,231.37933605277104,0.5575817756437746,0.004862309326700802,,3.0,0.5
recursion,honest_f0,0.0,0,1,425,246.8739571456403,0.5615971390853352,0.0027923430931652547,,3.0,0.3333333333333333
recursion,honest_f0,0.0,0,1,450,259.6156195588203,0.5541332236934239,0.0038342399152088754,,3.0,0.5
recursion,honest_f0,0.0,0,1,475,278.1102037127619,0.5793515235228415,0.004445588075748626,,3.0,0.3333333333333333
recursion,honest_f0,0.0,0,1,500,293.8522341497155,0.5875872721176016,0.002357539481222305,,3.0,0.3333333333333333
recursion,honest_f0,0.0,0,1,525,307.8456480736288,0.5883883474198356,0.0012166588922852995,,3.0,0.5
recursion,honest_f0,0.0,0,1,550,320.8368684819594,0.5740024313339058,0.001740475634725263,,3.0,0.5
recursion,honest_f0,0.0,0,1,575,334.078305171208,0.575699070578285,0.001854694981165311,,3.0,0.3333333333333333
recursion,honest_f0,0.0,0,1,600,351.8213287748275,0.5867913964616218,0.0019637289603031366,,3.0,0.3333333333333333
recursion,honest_f0,0.0,0,1,625,366.3136678155477,0.5896328792523059,0.0013171634404514285,,3.0,0.3333333333333333
recursion,honest_f0,0.0,0,1,650,379.3065495705257,0.5929459776015701,0.0015950023473161273,,3.0,0.5
recursion,honest_f0,0.0,0,1,675,395.05054570271767,0.593122968796689,0.001434177176009908,,3.0,0.3333333333333333
recursion,honest_f0,0.0,0,1,700,410.0433993010605,0.5904575229441772,0.001639144871117617,,3.0,0.3333333333333333
recursion,honest_f0,0.0,0,1,725,426.0370498327566,0.6022921448813368,0.0015420958540458946,,3.0,0.6666666666666666
recursion,honest_f0,0.0,0,1,750,442.5307998724426,0.6061558854819837,0.0016243619053281707,,3.0,0.5
recursion,honest_f0,0.0,0,1,775,459.7757234363931,0.6116957924574082,0.0015186327393557583,,3.0,0.3333333333333333
recursion,honest_f0,0.0,0,1,800,476.51906790949477,0.6187666972957819,0.002150253510193675,,3.0,0.16666666666666666
recursion,honest_f0,0.0,0,1,825,490.7609496942491,0.6191569370361651,0.0011856771586016936,,3.0,0.3333333333333333
recursion,honest_f0,0.0,0,1,850,506.2548727688928,0.6283749210035352,0.001427712149711574,,3.0,0.5
recursion,honest_f0,0.0,0,1,875,521.4978972636775,0.6288601022862734,0.0014745342028882808,,3.0,0.16666666666666666
recursion,honest_f0,0.0,0,1,900,539.4919685492449,0.6353828394889538,0.0011958251189268187,,3.0,0.5
recursion,honest_f0,0.0,0,1,925,555.7362026640458,0.633307800909382,0.0013201245229866466,,3.0,0.3333333333333333
recursion,honest_f0,0.0,0,1,950,568.4769074750732,0.6317743763682231,0.0009390208049143387,,3.0,0.3333333333333333
recursion,honest_f0,0.0,0,1,975,585.2197410520242,0.6372454662272031,0.000964361334310631,,3.0,0.3333333333333333
recursion,honest_f0,0.0,0,1,1000,599.2108145659367,0.6388072240231235,0.0004631569807380159,,3.0,0.16666666666666666
recursion,honest_f0,0.0,0,2,25,16.738656410908597,0.5515530845747734,0.09651061698529491,,3.0,0.3333333333333333
recursion,honest_f0,0.0,0,2,50,33.48513137723793,0.7082470198613762,0.046408532748469164,,3.0,0.3333333333333333
recursion,honest_f0,0.0,0,2,75,46.72894154751121,0.7979839511431939,0.019836994686710966,,3.0,0.3333333333333333
recursion,honest_f0,0.0,0,2,100,61.22405570978305,0.7925633697471951,0.009545065926639246,,3.0,0.3333333333333333
recursion,honest_f0,0.0,0,2,125,74.20628811723708,0.7676672013378263,0.007589428323454321,,3.0,0.16666666666666666
recursion,honest_f0,0.0,0,2,150,87.44790544647984,0.7429121407239574,0.005943509560845559,,3.0,0.16666666666666666
recursion,honest_f0,0.0,0,2,175,102.69085997126426,0.7225191338586281,0.007193091115366565,,3.0,0.3333333333333333
recursion,honest_f0,0.0,0,2,200,115.6830711465537,0.7120081947957746,0.004342698323402017,,3.0,0.16666666666666666
recursion,honest_f0,0.0,0,2,225,133.928503559876,0.7273488542817029,0.004756739704189598,,3.0,0.8333333333333334
recursion,honest_f0,0.0,0,2,250,149.92347353441295,0.7308425359565994,0.0028495084078978584,,3.0,0.3333333333333333
recursion,honest_f0,0.0,0,2,275,164.16889280258897,0.7194071234536701,0.003965291639428806,,3.0,0.5
recursion,honest_f0,0.0,0,2,300,181.4118927799732,0.7380553628422933,0.003970333090021391,,3.0,0.3333333333333333
recursion,honest_f0,0.0,0,2,325,193.40456866358468,0.7271085082440447,0.002904136155119349,,3.0,0.16666666666666666
recursion,honest_f0,0.0,0,2,350,207.64687145847512,0.7162172847314264,0.003282443763394714,,3.0,0.16666666666666666
recursion,honest_f0,0.0,0,2,375,221.89054445242087,0.724830478309064,0.002117495280315307,,3.0,0.3333333333333333
recursion,honest_f0,0.0,0,2,400,236.38584403334954,0.7386794832916368,0.0023678876591560222,,3.0,0.3333333333333333
recursion,honest_f0,0.0,0,2,425,252.13219875980334,0.7554812385573411,0.0023885747959087643,,3.0,0.5
recursion,honest_f0,0.0,0,2,450,266.8759006579328,0.756388290834302,0.0017614265368155152,,3.0,0.3333333333333333
recursion,honest_f0,0.0,0,2,475,282.37021032604525,0.7684708110930871,0.0028873437506868804,,3.0,0.3333333333333333
recursion,honest_f0,0.0,0,2,500,296.6123763505466,0.7694786964871989,0.0014502008546278516,,3.0,0.3333333333333333
recursion,honest_f0,0.0,0,2,525,311.35596543662,0.7700591019603962,0.0015328272929714722,,3.0,0.3333333333333333
recursion,honest_f0,0.0,0,2,550,327.3494396933358,0.7639747762096314,0.0019892861735117864,,3.0,0.3333333333333333
recursion,honest_f0,0.0,0,2,575,345.09429899881127,0.76895493346704,0.002192450601867022,,3.0,0.3333333333333333
recursion,honest_f0,0.0,0,2,600,359.83732244898965,0.777639929820267,0.002093586491063177,,3.0,0.3333333333333333
recursion,honest_f0,0.0,0,2,625,374.3303816215028,0.7734159739318276,0.0014356344969513742,,3.0,0.3333333333333333
recursion,honest_f0,0.0,0,2,650,388.5753348630801,0.7796238510859284,0.0014377948620907855,,3.0,0.3333333333333333
recursion,honest_f0,0.0,0,2,675,402.82052029857005,0.7815479970549819,0.0010814513151685794,,3.0,0.3333333333333333
recursion,honest_f0,0.0,0,2,700,415.31371795649363,0.7767438354159425,0.002235904149748253,,3.0,0.3333333333333333
recursion,honest_f0,0.0,0,2,725,429.05773978908655,0.7789451098659108,0.001455297955494408,,3.0,0.3333333333333333
recursion,honest_f0,0.0,0,2,750,446.30324977845817,0.791775686399016,0.0016588263413531016,,3.0,0.8333333333333334
recursion,honest_f0,0.0,0,2,775,460.04775652816915,0.7960159601546266,0.0012872647667737421,,3.0,0.3333333333333333
recursion,honest_f0,0.0,0,2,800,476.5426873496947,0.8013262744160575,0.0016908133001840337,,3.0,0.3333333333333333
recursion,honest_f0,0.0,0,2,825,487.784445957822,0.7974551486312946,0.0013547738460371118,,3.0,0.16666666666666666
recursion,honest_f0,0.0,0,2,850,501.0250572189578,0.7988913262025635,0.0010101535803472143,,3.0,0.3333333333333333
recursion,honest_f0,0.0,0,2,875,516.2676357328705,0.7996959601237652,0.000876532673948121,,3.0,0.6666666666666666
recursion,honest_f0,0.0,0,2,900,532.0117702722189,0.7983268911088732,0.0018078114871218798,,3.0,0.16666666666666666
recursion,honest_f0,0.0,0,2,925,546.5052780487965,0.7985873825168193,0.0008682562279642787,,3.0,0.3333333333333333
recursion,honest_f0,0.0,0,2,950,559.7484837513301,0.7904329664018146,0.001672452340814227,,3.0,0.3333333333333333
recursion,honest_f0,0.0,0,2,975,576.7415157753261,0.790456351961955,0.0012508625057011825,,3.0,0.6666666666666666
recursion,honest_f0,0.0,0,2,1000,590.2336631057816,0.7882866476087098,0.0010405356850520361,,3.0,0.16666666666666666
recursion,honest_f0,0.0,0,3,25,15.489462371760116,0.5133767631295902,0.09522299289303966,,3.0,0.6666666666666666
recursion,honest_f0,0.0,0,3,50,30.48382667389104,0.5874236187998503,0.04039401019978277,,3.0,0.8333333333333334
recursion,honest_f0,0.0,0,3,75,46.72796376892719,0.5968806646846391,0.01467433970447424,,3.0,0.5
recursion,honest_f0,0.0,0,3,100,63.72186843975845,0.5668829653076498,0.008195429786932723,,3.0,0.3333333333333333
recursion,honest_f0,0.0,0,3,125,77.7126984239418,0.5109290057531287,0.01405371781316266,,3.0,0.6666666666666666
recursion,honest_f0,0.0,0,3,150,96.4554952755891,0.52411993732203,0.009471705510518102,,3.0,0.6666666666666666
recursion,honest_f0,0.0,0,3,175,112.9493374449236,0.5038946656887596,0.0036402292478851283,,3.0,0.3333333333333333
recursion,honest_f0,0.0,0,3,200,129.6938538710702,0.529243799434227,0.006444801706431922,,3.0,0.16666666666666666
recursion,honest_f0,0.0,0,3,225,145.43830209504523,0.548396616662759,0.004860781269024964,,3.0,0.3333333333333333
recursion,honest_f0,0.0,0,3,250,161.4312361528035,0.5503284922153194,0.0069306591494905125,,3.0,0.3333333333333333
recursion,honest_f0,0.0,0,3,275,174.92378812180044,0.5485444881968246,0.002435563521264061,,3.0,0.16666666666666666
recursion,honest_f0,0.0,0,3,300,188.66809802881534,0.549099520015484,0.0029730072695722492,,3.0,0.8333333333333334
recursion,honest_f0,0.0,0,3,325,204.4123415933007,0.5479454235989446,0.0033264446878321563,,3.0,0.16666666666666666
recursion,honest_f0,0.0,0,3,350,218.15519297162928,0.5539111541805757,0.002200211181665398,,3.0,0.5
recursion,honest_f0,0.0,0,3,375,233.89836492189357,0.5611693934941046,0.0023727151321147827,,3.0,0.3333333333333333
recursion,honest_f0,0.0,0,3,400,249.14220041359826,0.5643545107715581,0.003912953732022376,,3.0,0.3333333333333333
recursion,honest_f0,0.0,0,3,425,263.8868768749145,0.5721881444537847,0.002692080784783364,,3.0,0.3333333333333333
recursion,honest_f0,0.0,0,3,450,280.8816428848015,0.5770858054579919,0.0028404952685066676,,3.0,0.5
recursion,honest_f0,0.0,0,3,475,294.3756498043805,0.5774123168949234,0.0035679963944681885,,3.0,0.3333333333333333
recursion,honest_f0,0.0,0,3,500,309.1193396886151,0.5791639515443338,0.0019224185745975548,,3.0,0.6666666666666666
recursion,honest_f0,0.0,0,3,525,323.86362703829747,0.5794145181283556,0.0018355517274141714,,3.0,0.3333333333333333
recursion,honest_f0,0.0,0,3,550,337.60397923459385,0.5676991865857446,0.0014462397510252014,,3.0,0.6666666666666666
recursion,honest_f0,0.0,0,3,575,352.59802422085414,0.5706845111920469,0.001762556980695581,,3.0,0.8333333333333334
recursion,honest_f0,0.0,0,3,600,369.5898107598467,0.5684701531314378,0.0018836611916022965,,3.0,0.8333333333333334
recursion,honest_f0,0.0,0,3,625,385.33308424007,0.5631743147451417,0.0015124773457286659,,3.0,0.3333333333333333
recursion,honest_f0,0.0,0,3,650,398.07587182930945,0.567943704955081,0.001282269284721573,,3.0,0.5
recursion,honest_f0,0.0,0,3,675,415.81982492367166,0.5710142386557485,0.002063187288678851,,3.0,0.8333333333333334
recursion,honest_f0,0.0,0,3,700,434.062633877908,0.569486391723143,0.0018957039419817097,,3.0,0.6666666666666666
recursion,honest_f0,0.0,0,3,725,448.05570146182515,0.5691390928804703,0.0020376511198510507,,3.0,0.5
recursion,honest_f0,0.0,0,3,750,464.7997688137801,0.5702457381234637,0.0015547399178085551,,3.0,0.5
recursion,honest_f0,0.0,0,3,775,480.7945468613393,0.5725132334028739,0.001987453027823039,,3.0,0.3333333333333333
recursion,honest_f0,0.0,0,3,800,496.78926601871507,0.5782891092218068,0.0014244969941257415,,3.0,0.5
recursion,honest_f0,0.0,0,3,825,512.5330353424766,0.5794243209808914,0.0012534390847222005,,3.0,0.3333333333333333
recursion,honest_f0,0.0,0,3,850,528.2757628024782,0.5773982988139799,0.001519400193014523,,3.0,0.3333333333333333
recursion,honest_f0,0.0,0,3,875,542.0191366015064,0.5734600646023165,0.001452904238108642,,3.0,0.3333333333333333
recursion,honest_f0,0.0,0,3,900,556.7637057775631,0.5676196295214886,0.0012537681949590764,,3.0,0.3333333333333333
recursion,honest_f0,0.0,0,3,925,570.256101463983,0.5670762861976211,0.0009528256217045002,,3.0,0.3333333333333333
recursion,honest_f0,0.0,0,3,950,588.2502912281122,0.5659451393726147,0.0011948364065103732,,3.0,0.5
recursion,honest_f0,0.0,0,3,975,601.9913879743171,0.564785000747817,0.0010176723284899666,,3.0,0.3333333333333333
recursion,honest_f0,0.0,0,3,1000,617.2353104926183,0.5686509776243054,0.0014781066390577775,,3.0,0.3333333333333333
recursion,honest_f0,0.0,0,4,25,14.992638797855475,0.39327022970751474,0.07770756026523208,,3.0,0.3333333333333333
recursion,honest_f0,0.0,0,4,50,31.48086565089155,0.49330940258152534,0.03508210165594509,,3.0,0.5
recursion,honest_f0,0.0,0,4,75,45.45791819122789,0.500973139971677,0.01840597422408138,,3.0,0.3333333333333333
recursion,honest_f0,0.0,0,4,100,62.45318441690759,0.5636431128901449,0.021159399839518277,,3.0,0.3333333333333333
recursion,honest_f0,0.0,0,4,125,78.19409670880049,0.5267184007165997,0.007874069671215204,,3.0,0.3333333333333333
recursion,honest_f0,0.0,0,4,150,92.43724360298411,0.5251436146170095,0.007864589594725635,,3.0,0.5
recursion,honest_f0,0.0,0,4,175,108.43165666367607,0.5341332182645551,0.006873592334480838,,3.0,0.3333333333333333
recursion,honest_f0,0.0,0,4,200,122.92487920549722,0.5327632562872522,0.006520813266502173,,3.0,0.16666666666666666
recursion,honest_f0,0.0,0,4,225,138.9197244178718,0.5453389730443701,0.006262561177169679,,3.0,0.3333333333333333
recursion,honest_f0,0.0,0,4,250,153.66339803498306,0.5477054734522719,0.00304328656856107,,3.0,0.5
recursion,honest_f0,0.0,0,4,275,169.15596631311084,0.5494650079828245,0.004185454589233934,,3.0,0.16666666666666666
recursion,honest_f0,0.0,0,4,300,185.14751968604835,0.5592494407664539,0.004340327020497022,,3.0,0.3333333333333333
recursion,honest_f0,0.0,0,4,325,202.39154006757443,0.5532641644163361,0.004149428307728071,,3.0,0.3333333333333333
recursion,honest_f0,0.0,0,4,350,218.8837590054947,0.5639865335539118,0.00320831481467816,,3.0,0.16666666666666666
recursion,honest_f0,0.0,0,4,375,234.62682917581387,0.571006698753411,0.0028939345203241066,,3.0,0.16666666666666666
recursion,honest_f0,0.0,0,4,400,250.12065733815655,0.5755635881940335,0.0030953309770737096,,3.0,0.5
recursion,honest_f0,0.0,0,4,425,264.6148873654513,0.5744096610289116,0.0032603849130391667,,3.0,0.3333333333333333
recursion,honest_f0,0.0,0,4,450,278.6087877899087,0.5685162351384095,0.002707354133322102,,3.0,0.5
recursion,honest_f0,0.0,0,4,475,294.6018452549223,0.5748680548852417,0.0020016767562223195,,3.0,0.5
recursion,honest_f0,0.0,0,4,500,309.345085964315,0.5804742697474726,0.0016175863707057014,,3.0,0.5
recursion,honest_f0,0.0,0,4,525,325.0873643582696,0.575811471304195,0.002069107599971337,,3.0,0.3333333333333333
recursion,honest_f0,0.0,0,4,550,338.57949842484675,0.5677629631446286,0.0018570558645573713,,3.0,0.3333333333333333
recursion,honest_f0,0.0,0,4,575,356.3232945251468,0.5876258109456007,0.002671046838835463,,3.0,0.3333333333333333
recursion,honest_f0,0.0,0,4,600,369.0637080663695,0.5858244177977129,0.0017768074273427845,,3.0,0.16666666666666666
recursion,honest_f0,0.0,0,4,625,381.3048700964089,0.5831304018697352,0.0021582270164934676,,3.0,0.5
recursion,honest_f0,0.0,0,4,650,397.8003556430003,0.5921826826110296,0.002415598078279735,,3.0,0.3333333333333333
recursion,honest_f0,0.0,0,4,675,412.7925144132085,0.5933550616055911,0.0011115130855374705,,3.0,0.16666666666666666
recursion,honest_f0,0.0,0,4,700,428.53662744417875,0.5969796510989063,0.0014985821251044915,,3.0,0.8333333333333334
recursion,honest_f0,0.0,0,4,725,444.02892991112003,0.6023485842241862,0.0019705187885550807,,3.0,0.3333333333333333
recursion,honest_f0,0.0,0,4,750,457.7702506446918,0.6033473127511685,0.0011019302338876442,,3.0,0.16666666666666666
recursion,honest_f0,0.0,0,4,775,471.7641698487439,0.6065196611680239,0.0017984559294923902,,3.0,0.3333333333333333
recursion,honest_f0,0.0,0,4,800,485.75746842685174,0.6054606335687853,0.001252415108771985,,3.0,0.6666666666666666
recursion,honest_f0,0.0,0,4,825,499.4991701162104,0.6012558153971039,0.0012617616717690268,,3.0,0.16666666666666666
recursion,honest_f0,0.0,0,4,850,513.4903497054911,0.5969600174606113,0.001777301679726872,,3.0,0.5
recursion,honest_f0,0.0,0,4,875,527.4835129612304,0.5963614765239502,0.0008840960504829747,,3.0,0.8333333333333334
recursion,honest_f0,0.0,0,4,900,539.2243422933018,0.5874853064554504,0.0015193325761234777,,3.0,0.3333333333333333
recursion,honest_f0,0.0,0,4,925,553.9670445359908,0.5871646487532651,0.0012696587567803646,,3.0,0.3333333333333333
recursion,honest_f0,0.0,0,4,950,566.4594959338712,0.5840861343058359,0.0007626981254334246,,3.0,0.5
recursion,honest_f0,0.0,0,4,975,579.9502405233839,0.5812582330883402,0.0006438297759205866,,3.0,0.6666666666666666
recursion,honest_f0,0.0,0,4,1000,594.693942258917,0.582240827261449,0.0014879229213642404,,3.0,0.16666666666666666
recursion,honest_f0,0.0,1,0,25,12.7411366177192,0.652029143260117,0.09472393854909669,,0.0,0.3333333333333333
recursion,honest_f0,0.0,1,0,50,22.974776801034245,0.5034054354147874,0.023908342181639338,,0.0,0.16666666666666666
recursion,honest_f0,0.0,1,0,75,35.4659400242964,0.5795979967218123,0.021015214299797823,,0.0,0.3333333333333333
recursion,honest_f0,0.0,1,0,100,45.70571417288047,0.5553730714163815,0.01434487133239239,,0.0,0.3333333333333333
recursion,honest_f0,0.0,1,0,125,56.66342431285221,0.5425411870185327,0.0049644788257947985,,0.0,0.16666666666666666
recursion,honest_f0,0.0,1,0,150,66.15612151423528,0.5401416732132805,0.010679469113070175,,0.0,0.16666666666666666
recursion,honest_f0,0.0,1,0,175,76.89831303731367,0.5374687443284173,0.01127888998514988,,0.0,0.5
recursion,honest_f0,0.0,1,0,200,89.39116369348163,0.5285459278334423,0.004866101416820909,,0.0,0.3333333333333333
recursion,honest_f0,0.0,1,0,225,102.13087411982715,0.519605914379531,0.004443437547298816,,0.0,0.6666666666666666
recursion,honest_f0,0.0,1,0,250,115.87416064244826,0.5485337989437664,0.005733964600360781,,0.0,0.3333333333333333
recursion,honest_f0,0.0,1,0,275,128.36589970565402,0.551393418590617,0.0032589522942484926,,0.0,0.5
recursion,honest_f0,0.0,1,0,300,140.60561880734699,0.5445812509905273,0.0036741670237597107,,0.0,0.3333333333333333
recursion,honest_f0,0.0,1,0,325,153.84748496318505,0.5517285281300828,0.0031764995798949573,,0.0,0.3333333333333333
recursion,honest_f0,0.0,1,0,350,166.08704381275749,0.5371346118747963,0.0040579810420545495,,0.0,0.3333333333333333
recursion,honest_f0,0.0,1,0,375,178.83061768471728,0.5532126904852277,0.003378040031900308,,0.0,0.3333333333333333
recursion,honest_f0,0.0,1,0,400,189.8203726690444,0.5396219659309224,0.002777883811368669,,0.0,0.3333333333333333
recursion,honest_f0,0.0,1,0,425,202.81183444827187,0.5459407057167724,0.003945703988357173,,0.0,0.3333333333333333
recursion,honest_f0,0.0,1,0,450,213.30215667180374,0.5419465151348289,0.0022316062136282493,,0.0,0.5
recursion,honest_f0,0.0,1,0,475,224.95473956704964,0.5450340084462841,0.00226195483746741,,0.0,0.16666666666666666
recursion,honest_f0,0.0,1,0,500,236.69657576398487,0.5441611296961238,0.0014852809819711566,,0.0,0.3333333333333333
recursion,honest_f0,0.0,1,0,525,247.9377809069148,0.5402843831327334,0.0017526838888199414,,0.0,0.16666666666666666
recursion,honest_f0,0.0,1,0,550,257.86170997711645,0.5305549747820519,0.0020700358724981996,,0.0,0.3333333333333333
recursion,honest_f0,0.0,1,0,575,270.6029058176107,0.5319652911427395,0.002899026188593744,,0.0,0.6666666666666666
recursion,honest_f0,0.0,1,0,600,281.8406864172452,0.5221659504665846,0.0021884101921981706,,0.0,0.8333333333333334
recursion,honest_f0,0.0,1,0,625,294.08453547458555,0.5198071696757668,0.001736838585983977,,0.0,0.16666666666666666
recursion,honest_f0,0.0,1,0,650,305.3258091864798,0.5171079470087286,0.0021248633797180936,,0.0,0.16666666666666666
recursion,honest_f0,0.0,1,0,675,317.0701503647817,0.51963705471937,0.0012841240673908472,,0.0,0.16666666666666666
recursion,honest_f0,0.0,1,0,700,328.31222272468176,0.5186057345842378,0.0014548156098044352,,0.0,0.16666666666666666
recursion,honest_f0,0.0,1,0,725,339.5499003916072,0.5058002278362059,0.0016909044000396956,,0.0,0.3333333333333333
recursion,honest_f0,0.0,1,0,750,352.5407699479526,0.5105406786369833,0.002075750413715154,,0.0,0.16666666666666666
recursion,honest_f0,0.0,1,0,775,363.03249277029045,0.5087571968320861,0.0009269266261590323,,0.0,0.3333333333333333
recursion,honest_f0,0.0,1,0,800,376.0251197723244,0.5108875571913033,0.0013624900657806486,,0.0,0.16666666666666666
recursion,honest_f0,0.0,1,0,825,388.51743959409634,0.509908754556119,0.0016150179711685734,,0.0,0.16666666666666666
recursion,honest_f0,0.0,1,0,850,400.26023291346695,0.5117765005064656,0.0014298386174579905,,0.0,0.16666666666666666
recursion,honest_f0,0.0,1,0,875,412.25295123235037,0.5089138730936004,0.0010013684134593107,,0.0,0.16666666666666666
recursion,honest_f0,0.0,1,0,900,423.995069233574,0.5116215739219148,0.0012770863933287352,,0.0,0.3333333333333333
recursion,honest_f0,0.0,1,0,925,436.98712365951286,0.5118906701284165,0.0014940027915726739,,0.0,0.3333333333333333
recursion,honest_f0,0.0,1,0,950,449.4793657453308,0.5136919063669828,0.0012484221359206917,,0.0,0.16666666666666666
recursion,honest_f0,0.0,1,0,975,459.72174391484685,0.5147671535546327,0.0019076202848641822,,0.0,0.3333333333333333
recursion,honest_f0,0.0,1,0,1000,470.46234799920603,0.5127153672096911,0.000865122935128998,,0.0,0.3333333333333333
recursion,honest_f0,0.0,1,1,25,11.24148708697856,0.6484917073063848,0.10018536948503926,,0.0,0.3333333333333333
recursion,honest_f0,0.0,1,1,50,21.445612793710566,0.5326669705270185,0.029579631652358173,,0.0,0.3333333333333333
recursion,honest_f0,0.0,1,1,75,31.932653809286183,0.5254581291868424,0.021614200223290657,,0.0,0.3333333333333333
recursion,honest_f0,0.0,1,1,100,42.42565527475135,0.5644648169473867,0.023567548101858585,,0.0,0.3333333333333333
recursion,honest_f0,0.0,1,1,125,53.16388192205635,0.477811479423773,0.0149678026564496,,0.0,0.3333333333333333
recursion,honest_f0,0.0,1,1,150,64.65796545197426,0.5095269690962339,0.010352950276172453,,0.0,0.16666666666666666
recursion,honest_f0,0.0,1,1,175,74.14794092543927,0.48695581706447144,0.007608159851715252,,0.0,0.3333333333333333
recursion,honest_f0,0.0,1,1,200,85.89084846825693,0.4957057758783646,0.0047441562368777225,,0.0,0.3333333333333333
recursion,honest_f0,0.0,1,1,225,95.37839865493972,0.460188421751925,0.0077186749641258105,,0.0,0.3333333333333333
recursion,honest_f0,0.0,1,1,250,107.37097387828163,0.475446817512915,0.00530510227439798,,0.0,0.3333333333333333
recursion,honest_f0,0.0,1,1,275,118.61225345960636,0.47121596905594976,0.005820090367341678,,0.0,0.3333333333333333
recursion,honest_f0,0.0,1,1,300,129.85410905772824,0.4645697286402453,0.0026083750704359396,,0.0,0.3333333333333333
recursion,honest_f0,0.0,1,1,325,141.59748916298668,0.47558633429862635,0.00395861173128486,,0.0,0.3333333333333333
recursion,honest_f0,0.0,1,1,350,152.08702819024214,0.45128804730821215,0.003991383186068946,,0.0,0.3333333333333333
recursion,honest_f0,0.0,1,1,375,163.83110631027796,0.4714959146747869,0.004085400585588113,,0.0,0.3333333333333333
recursion,honest_f0,0.0,1,1,400,174.0704919400071,0.4648394469430784,0.0023814068418159594,,0.0,0.16666666666666666
recursion,honest_f0,0.0,1,1,425,184.81221954945667,0.4661466414831725,0.0044042862214824586,,0.0,0.3333333333333333
recursion,honest_f0,0.0,1,1,450,196.80314890752305,0.47048948057891643,0.0037298802293260487,,0.0,0.6666666666666666
recursion,honest_f0,0.0,1,1,475,208.2953564250048,0.47601946768348785,0.002709545521706245,,0.0,0.16666666666666666
recursion,honest_f0,0.0,1,1,500,219.03662297234564,0.47596088748963206,0.0019869198858077667,,0.0,0.3333333333333333
recursion,honest_f0,0.0,1,1,525,229.5272351472605,0.4652395921134046,0.0022793555785310116,,0.0,0.16666666666666666
recursion,honest_f0,0.0,1,1,550,241.01765662581704,0.4616287375461957,0.002029785488716662,,0.0,0.3333333333333333
recursion,honest_f0,0.0,1,1,575,252.0092832630397,0.4580694737645287,0.002502593216056256,,0.0,0.5
recursion,honest_f0,0.0,1,1,600,262.7492752815559,0.44956243537426865,0.003059887425336919,,0.0,0.3333333333333333
recursion,honest_f0,0.0,1,1,625,272.73933634469614,0.44042179473209747,0.002827970085023497,,0.0,0.16666666666666666
recursion,honest_f0,0.0,1,1,650,284.7320420970284,0.4483378703910582,0.0020944985870403215,,0.0,0.16666666666666666
recursion,honest_f0,0.0,1,1,675,295.97559393004826,0.4528932084786128,0.0021580481439143536,,0.0,0.16666666666666666
recursion,honest_f0,0.0,1,1,700,306.9682505281689,0.4559669621045222,0.0012813865151537302,,0.0,0.16666666666666666
recursion,honest_f0,0.0,1,1,725,317.7069464949879,0.447296849812592,0.0016527591519771877,,0.0,0.3333333333333333
recursion,honest_f0,0.0,1,1,750,328.44919503557213,0.44923573714887055,0.0015768351190543794,,0.0,0.16666666666666666
recursion,honest_f0,0.0,1,1,775,340.6919772012551,0.4529362208939468,0.001730380491937972,,0.0,0.3333333333333333
recursion,honest_f0,0.0,1,1,800,352.93496197389254,0.4581074296198251,0.0014226028135545948,,0.0,0.16666666666666666
recursion,honest_f0,0.0,1,1,825,363.9273063605957,0.45877710423323587,0.0018204894591849388,,0.0,0.5
recursion,honest_f0,0.0,1,1,850,376.17056495055385,0.4621342785346257,0.0017366443720782509,,0.0,0.16666666666666666
recursion,honest_f0,0.0,1,1,875,386.9102294946101,0.4596716836515656,0.002559024299608643,,0.0,0.16666666666666666
recursion,honest_f0,0.0,1,1,900,399.15290704109475,0.46248619744034386,0.0014083639553381447,,0.0,0.3333333333333333
recursion,honest_f0,0.0,1,1,925,410.64593726052,0.46498684921229455,0.0015118746007357442,,0.0,0.3333333333333333
recursion,honest_f0,0.0,1,1,950,422.88923978190127,0.4697044259630364,0.0013281318337120534,,0.0,0.16666666666666666
recursion,honest_f0,0.0,1,1,975,433.6321675633997,0.4726278808839597,0.0014866905924129303,,0.0,0.3333333333333333
recursion,honest_f0,0.0,1,1,1000,443.1217576566022,0.46815688566177216,0.0013420553151407,,0.0,0.3333333333333333
recursion,honest_f0,0.0,1,2,25,11.739168269453472,0.5819944003349588,0.08547266448592823,,0.0,0.3333333333333333
recursion,honest_f0,0.0,1,2,50,24.225280690873007,0.44007218764963385,0.03136407556919739,,0.0,0.3333333333333333
recursion,honest_f0,0.0,1,2,75,36.467021873836096,0.43342807124503313,0.009966395912004534,,0.0,0.3333333333333333
recursion,honest_f0,0.0,1,2,100,47.959790302226345,0.4278232467721397,0.006176404176496831,,0.0,0.3333333333333333
recursion,honest_f0,0.0,1,2,125,60.952519673083074,0.44072723509828715,0.01221964678233558,,0.0,0.16666666666666666
recursion,honest_f0,0.0,1,2,150,74.19666149318728,0.4547962046805277,0.010965686782083343,,0.0,0.16666666666666666
recursion,honest_f0,0.0,1,2,175,85.18942402334751,0.46923431873187377,0.0069254676122326875,,0.0,0.3333333333333333
recursion,honest_f0,0.0,1,2,200,99.4315374432023,0.48657697168583264,0.005389435112598614,,0.0,0.3333333333333333
recursion,honest_f0,0.0,1,2,225,110.42033912212784,0.47271236701616526,0.0035719495577118637,,0.0,0.3333333333333333
recursion,honest_f0,0.0,1,2,250,121.66186334551459,0.4637036528459742,0.005085264151041558,,0.0,0.3333333333333333
recursion,honest_f0,0.0,1,2,275,133.90413757590932,0.47199109774518333,0.003272961780500726,,0.0,0.16666666666666666
recursion,honest_f0,0.0,1,2,300,145.89468210410814,0.4710897471801678,0.003268363458066947,,0.0,0.3333333333333333
recursion,honest_f0,0.0,1,2,325,157.88730290167447,0.4696522951260651,0.0033962539395649915,,0.0,0.5
recursion,honest_f0,0.0,1,2,350,170.12492775947447,0.4667371162445394,0.0043774982425581095,,0.0,0.5
recursion,honest_f0,0.0,1,2,375,182.61801177243842,0.4714429668321732,0.00311920704413138,,0.0,0.3333333333333333
recursion,honest_f0,0.0,1,2,400,195.11127052383645,0.47610326179486145,0.0028032507001544715,,0.0,0.3333333333333333
recursion,honest_f0,0.0,1,2,425,208.10180883051663,0.4664068018092691,0.003664661487252462,,0.0,0.5
recursion,honest_f0,0.0,1,2,450,218.59215319676767,0.4526679780948337,0.002192051606092443,,0.0,0.3333333333333333
recursion,honest_f0,0.0,1,2,475,230.33489229063196,0.4481015611988704,0.0016896034560877743,,0.0,0.16666666666666666
recursion,honest_f0,0.0,1,2,500,241.82707498274812,0.4512836592600917,0.0027463816265942643,,0.0,0.5
recursion,honest_f0,0.0,1,2,525,253.5684312258848,0.44315745912108867,0.001931974523392502,,0.0,0.16666666666666666
recursion,honest_f0,0.0,1,2,550,264.5590581271389,0.43910473728824545,0.0019374967730344755,,0.0,0.5
recursion,honest_f0,0.0,1,2,575,276.80129476004754,0.4414570543311736,0.001042957063756955,,0.0,0.3333333333333333
recursion,honest_f0,0.0,1,2,600,289.0401462824196,0.430429517573792,0.002571211141962802,,0.0,0.3333333333333333
recursion,honest_f0,0.0,1,2,625,300.5302561640018,0.42248294330227587,0.0014962027672868947,,0.0,0.16666666666666666
recursion,honest_f0,0.0,1,2,650,312.77226298677226,0.4202339585944493,0.00186723025421534,,0.0,0.16666666666666666
recursion,honest_f0,0.0,1,2,675,325.26474545595715,0.421893554193388,0.0016965125947675324,,0.0,0.16666666666666666
recursion,honest_f0,0.0,1,2,700,338.00711760914544,0.4245933764572475,0.001384680607291815,,0.0,0.16666666666666666
recursion,honest_f0,0.0,1,2,725,350.2488397108193,0.42215161592246,0.0006284685410006566,,0.0,0.5
recursion,honest_f0,0.0,1,2,750,363.74166237142083,0.42943248322110933,0.0017555998353225397,,0.0,0.3333333333333333
recursion,honest_f0,0.0,1,2,775,374.73278477616066,0.4260248163566431,0.0015257928588491695,,0.0,0.5
recursion,honest_f0,0.0,1,2,800,388.22586210168237,0.4288087653634353,0.0020171128790017357,,0.0,0.16666666666666666
recursion,honest_f0,0.0,1,2,825,402.46859185034873,0.4314457606845189,0.0015878095852323614,,0.0,0.5
recursion,honest_f0,0.0,1,2,850,415.9617202390773,0.4322805195217607,0.0008487962335775598,,0.0,0.16666666666666666
recursion,honest_f0,0.0,1,2,875,427.95413048019157,0.43173153220706645,0.0008685688064707419,,0.0,0.16666666666666666
recursion,honest_f0,0.0,1,2,900,440.4466287677523,0.4349418035233918,0.001284034114617572,,0.0,0.5
recursion,honest_f0,0.0,1,2,925,453.6884154447173,0.43881429881108514,0.00173774473035604,,0.0,0.5
recursion,honest_f0,0.0,1,2,950,468.18175203693244,0.4437856826026651,0.0011388109073632879,,0.0,0.16666666666666666
recursion,honest_f0,0.0,1,2,975,479.9243659691533,0.4425729597757015,0.000673005872627896,,0.0,0.3333333333333333
recursion,honest_f0,0.0,1,2,1000,491.41515391883905,0.44012094687857517,0.0008770533230825135,,0.0,0.3333333333333333
recursion,honest_f0,0.0,1,3,25,10.239076094560147,0.3202486588796183,0.06696123019964025,,0.0,0.3333333333333333
recursion,honest_f0,0.0,1,3,50,22.479455720758203,0.24762043920992843,0.025232557975662605,,0.0,0.3333333333333333
recursion,honest_f0,0.0,1,3,75,33.97094390111249,0.25110013124597763,0.026005343964498908,,0.0,0.3333333333333333
recursion,honest_f0,0.0,1,3,100,46.21410699085149,0.28646980840355507,0.006047439721305741,,0.0,0.3333333333333333
recursion,honest_f0,0.0,1,3,125,57.95495244469806,0.25621718546957156,0.009492254143326339,,0.0,0.16666666666666666
recursion,honest_f0,0.0,1,3,150,69.69704519572453,0.26360149721785403,0.009146343186328001,,0.0,0.3333333333333333
recursion,honest_f0,0.0,1,3,175,79.93987069710222,0.28210808996888487,0.006291025409802729,,0.0,0.3333333333333333
recursion,honest_f0,0.0,1,3,200,93.93294565882769,0.3160266406554798,0.006931158740356709,,0.0,0.5
recursion,honest_f0,0.0,1,3,225,105.17498716139755,0.3233033353481787,0.006009799706099911,,0.0,0.3333333333333333
recursion,honest_f0,0.0,1,3,250,116.66851781089238,0.3423620989869919,0.0036311721969908535,,0.0,0.3333333333333333
recursion,honest_f0,0.0,1,3,275,129.1604807015335,0.3580134987589415,0.003660947610987151,,0.0,0.3333333333333333
recursion,honest_f0,0.0,1,3,300,143.15385094330642,0.38667736673839787,0.005146866343718138,,0.0,0.5
recursion,honest_f0,0.0,1,3,325,155.14615683162526,0.3769770912348516,0.003012958723869982,,0.0,0.16666666666666666
recursion,honest_f0,0.0,1,3,350,166.6363151163942,0.37102207675138954,0.002328694188165785,,0.0,0.3333333333333333
recursion,honest_f0,0.0,1,3,375,180.3807192840051,0.39125487155180333,0.005225482431508075,,0.0,0.3333333333333333
recursion,honest_f0,0.0,1,3,400,191.1214710351622,0.3850975829052043,0.0020846049868151317,,0.0,0.16666666666666666
recursion,honest_f0,0.0,1,3,425,201.79619434406317,0.3858049305083614,0.0013279308378005414,,0.0,0.3333333333333333
recursion,honest_f0,0.0,1,3,450,214.28819045084484,0.38972895251665196,0.00349618275147214,,0.0,0.3333333333333333
recursion,honest_f0,0.0,1,3,475,226.27827327101022,0.38727365221127513,0.0035136174037199265,,0.0,0.16666666666666666
recursion,honest_f0,0.0,1,3,500,237.770887689857,0.38991581614374254,0.003265732547280451,,0.0,0.3333333333333333
recursion,honest_f0,0.0,1,3,525,250.7625086994188,0.39530901170776933,0.0029038668627759945,,0.0,0.16666666666666666
recursion,honest_f0,0.0,1,3,550,263.5042764784571,0.39554130681208277,0.0028073188750269065,,0.0,0.6666666666666666
recursion,honest_f0,0.0,1,3,575,274.49495972677187,0.38553506392928083,0.001618492427563248,,0.0,0.3333333333333333
recursion,honest_f0,0.0,1,3,600,285.7348461959157,0.37929700625708745,0.002155393013677102,,0.0,0.3333333333333333
recursion,honest_f0,0.0,1,3,625,297.9757528203888,0.38343866078450617,0.0017798629691816578,,0.0,0.16666666666666666
recursion,honest_f0,0.0,1,3,650,309.46846428973186,0.38697820361522006,0.0017103915473861136,,0.0,0.16666666666666666
recursion,honest_f0,0.0,1,3,675,322.4614890822088,0.3931395624839743,0.001434591119296928,,0.0,0.16666666666666666
recursion,honest_f0,0.0,1,3,700,333.95295021387983,0.3903857877667014,0.0021976783806292913,,0.0,0.16666666666666666
recursion,honest_f0,0.0,1,3,725,344.9430176142098,0.3846674649657467,0.0016038516997694124,,0.0,0.3333333333333333
recursion,honest_f0,0.0,1,3,750,357.4365205241898,0.38852835390708845,0.0018251697408763184,,0.0,0.3333333333333333
recursion,honest_f0,0.0,1,3,775,371.17895934834144,0.3927464881931094,0.0013421012632916607,,0.0,0.3333333333333333
recursion,honest_f0,0.0,1,3,800,382.6703846027377,0.38979860995930254,0.0017211881202719673,,0.0,0.16666666666666666
recursion,honest_f0,0.0,1,3,825,393.91284934918974,0.3938483162152081,0.001201704340534224,,0.0,0.3333333333333333
recursion,honest_f0,0.0,1,3,850,407.1551554678488,0.3996043970468623,0.0012846340723249622,,0.0,0.3333333333333333
recursion,honest_f0,0.0,1,3,875,418.14608949052075,0.3966865789023302,0.0015061065683840363,,0.0,0.16666666666666666
recursion,honest_f0,0.0,1,3,900,429.13790689237845,0.39642534529017076,0.001073754186248962,,0.0,0.3333333333333333
recursion,honest_f0,0.0,1,3,925,441.3816072595881,0.40054150214682577,0.0013687855425203999,,0.0,0.3333333333333333
recursion,honest_f0,0.0,1,3,950,453.37507135880776,0.40768276057417396,0.0016824707875485116,,0.0,0.3333333333333333
recursion,honest_f0,0.0,1,3,975,465.11735616950165,0.4118522815157683,0.0010660051505268218,,0.0,0.3333333333333333
recursion,honest_f0,0.0,1,3,1000,476.8585935869179,0.4115103300092364,0.0010302160158285327,,0.0,0.3333333333333333
recursion,honest_f0,0.0,1,4,25,11.239570352689606,0.6359293043826943,0.10206202602868153,,0.0,0.3333333333333333
recursion,honest_f0,0.0,1,4,50,21.229203681320055,0.4560299343954558,0.030777083018567276,,0.0,0.3333333333333333
recursion,honest_f0,0.0,1,4,75,30.96905700597877,0.43568458192517995,0.020126206126954118,,0.0,0.6666666666666666
recursion,honest_f0,0.0,1,4,100,40.46152613982781,0.47422663354000033,0.007960033007211587,,0.0,0.3333333333333333
recursion,honest_f0,0.0,1,4,125,49.952278446785726,0.4659347153434959,0.01216982838213933,,0.0,0.16666666666666666
recursion,honest_f0,0.0,1,4,150,61.19340330267861,0.4573766252231744,0.012697331691668782,,0.0,0.16666666666666666
recursion,honest_f0,0.0,1,4,175,70.6863400082354,0.47946140657507264,0.010101057173631108,,0.0,0.3333333333333333
recursion,honest_f0,0.0,1,4,200,85.17901527307231,0.4963867080913105,0.011961657904829788,,0.0,0.3333333333333333
recursion,honest_f0,0.0,1,4,225,97.42003129859508,0.48663160241998027,0.005075119751579098,,0.0,0.3333333333333333
recursion,honest_f0,0.0,1,4,250,109.66418377815751,0.5083383732812804,0.00539931913760294,,0.0,0.3333333333333333
recursion,honest_f0,0.0,1,4,275,121.90772984276992,0.5184715207492423,0.002863375403246039,,0.0,0.3333333333333333
recursion,honest_f0,0.0,1,4,300,132.8969661750038,0.5126968349203341,0.0030919709727666622,,0.0,0.3333333333333333
recursion,honest_f0,0.0,1,4,325,144.13772822175414,0.519862008040848,0.004208352434221667,,0.0,0.3333333333333333
recursion,honest_f0,0.0,1,4,350,155.88001638262136,0.5177689315634415,0.0026677276250101035,,0.0,0.5
recursion,honest_f0,0.0,1,4,375,167.87339163707972,0.5270785018989333,0.002530208330295354,,0.0,0.16666666666666666
recursion,honest_f0,0.0,1,4,400,178.86480991732265,0.5255697159235546,0.0033644673867948044,,0.0,0.3333333333333333
recursion,honest_f0,0.0,1,4,425,190.6067726493029,0.5257991846005534,0.0019572926551236517,,0.0,0.3333333333333333
recursion,honest_f0,0.0,1,4,450,201.09744440663465,0.5230529804254475,0.0017619434076228103,,0.0,0.3333333333333333
recursion,honest_f0,0.0,1,4,475,211.5895816417225,0.5258751481956423,0.0009407532664510071,,0.0,0.16666666666666666
recursion,honest_f0,0.0,1,4,500,222.83196683592024,0.5348167653981399,0.0031999274934570643,,0.0,0.3333333333333333
recursion,honest_f0,0.0,1,4,525,234.07247995375909,0.5226225404214393,0.0023362469295584044,,0.0,0.16666666666666666
recursion,honest_f0,0.0,1,4,550,244.55936675430104,0.5145583993009726,0.002889791947147137,,0.0,0.3333333333333333
recursion,honest_f0,0.0,1,4,575,255.29871412488302,0.5082193838243799,0.0019224490204287669,,0.0,0.3333333333333333
recursion,honest_f0,0.0,1,4,600,267.79059790317933,0.5087190945430332,0.0024862223576683313,,0.0,0.3333333333333333
recursion,honest_f0,0.0,1,4,625,278.27993702643386,0.5005129828654247,0.0022214853176120556,,0.0,0.16666666666666666
recursion,honest_f0,0.0,1,4,650,289.52237131814564,0.5042768180359887,0.001388776854584727,,0.0,0.16666666666666666
recursion,honest_f0,0.0,1,4,675,301.5128289477864,0.5023358058849606,0.00184394574602863,,0.0,0.5
recursion,honest_f0,0.0,1,4,700,313.50626705025525,0.504796381727123,0.0009987669129326035,,0.0,0.3333333333333333
recursion,honest_f0,0.0,1,4,725,324.74437137010966,0.49894371403453364,0.001852953503942305,,0.0,0.3333333333333333
recursion,honest_f0,0.0,1,4,750,335.7357247567105,0.49979887312747656,0.001359916336483686,,0.0,0.16666666666666666
recursion,honest_f0,0.0,1,4,775,346.4765185385332,0.5005077270485612,0.0018509756395826101,,0.0,0.5
recursion,honest_f0,0.0,1,4,800,359.46916563029106,0.5044018256481548,0.001454606234038404,,0.0,0.16666666666666666
recursion,honest_f0,0.0,1,4,825,371.46051281424155,0.5073879137742107,0.0007800273617846244,,0.0,0.3333333333333333
recursion,honest_f0,0.0,1,4,850,383.4506056212797,0.5038868101169437,0.0011270383729113872,,0.0,0.3333333333333333
recursion,honest_f0,0.0,1,4,875,394.69129984289793,0.5018176338399052,0.000799706101469653,,0.0,0.16666666666666666
recursion,honest_f0,0.0,1,4,900,405.433377432432,0.504157322286631,0.0007457580486330515,,0.0,0.3333333333333333
recursion,honest_f0,0.0,1,4,925,418.1771661888527,0.5102551375764286,0.0008419722281778092,,0.0,0.3333333333333333
recursion,honest_f0,0.0,1,4,950,429.92118394762315,0.5143189942729486,0.0010888889541572583,,0.0,0.5
recursion,honest_f0,0.0,1,4,975,440.16252774371594,0.5137809086428679,0.0007685430870124541,,0.0,0.3333333333333333
recursion,honest_f0,0.0,1,4,1000,450.90353821873737,0.5147122624919958,0.0011123076456185626,,0.0,0.3333333333333333
recursion,honest_f0,0.0,1,0,25,9.98963644136187,0.10773685334839056,0.0496889961988415,,1.0,0.3333333333333333
recursion,honest_f0,0.0,1,0,50,22.982251770359845,0.2815766107760027,0.04988030350230698,,1.0,0.3333333333333333
recursion,honest_f0,0.0,1,0,75,36.47438132868633,0.3365697100392161,0.010622219570826732,,1.0,0.16666666666666666
recursion,honest_f0,0.0,1,0,100,47.96665756321296,0.37163107279508856,0.010872960757736168,,1.0,0.3333333333333333
recursion,honest_f0,0.0,1,0,125,62.91756884119269,0.4377913372652484,0.010317071133643281,,1.0,0.3333333333333333
recursion,honest_f0,0.0,1,0,150,77.41009723402854,0.45977756754648286,0.011818892951819633,,1.0,0.16666666666666666
recursion,honest_f0,0.0,1,0,175,89.8739852310984,0.43708746154982175,0.009000006507113184,,1.0,0.16666666666666666
recursion,honest_f0,0.0,1,0,200,102.81115402024852,0.4505032349727545,0.006316710677658155,,1.0,0.16666666666666666
recursion,honest_f0,0.0,1,0,225,117.05524949323981,0.45616279605347515,0.0056114944920502,,1.0,0.5
recursion,honest_f0,0.0,1,0,250,128.79867316998005,0.47005014924615074,0.005193951203173236,,1.0,0.3333333333333333
recursion,honest_f0,0.0,1,0,275,143.04203112041677,0.49778557092784254,0.003162936706592877,,1.0,0.3333333333333333
recursion,honest_f0,0.0,1,0,300,154.03286924030968,0.4824768380445018,0.005457732370945885,,1.0,0.3333333333333333
recursion,honest_f0,0.0,1,0,325,168.02676119602086,0.49777666167427437,0.0052904884095244286,,1.0,0.3333333333333333
recursion,honest_f0,0.0,1,0,350,180.7698207128724,0.49508745215856476,0.0026823127268071918,,1.0,0.16666666666666666
recursion,honest_f0,0.0,1,0,375,192.7607867709018,0.48870473978659346,0.0032694610575068174,,1.0,0.3333333333333333
recursion,honest_f0,0.0,1,0,400,203.50408519442422,0.4885921491171222,0.0030161464812259943,,1.0,0.3333333333333333
recursion,honest_f0,0.0,1,0,425,215.49541963326698,0.4899831744400751,0.0031930265525798762,,1.0,0.3333333333333333
recursion,honest_f0,0.0,1,0,450,228.2383053443091,0.49572138490737366,0.0025054678473827073,,1.0,0.16666666666666666
recursion,honest_f0,0.0,1,0,475,239.9816284575942,0.4963751686425021,0.0013327257930993539,,1.0,0.3333333333333333
recursion,honest_f0,0.0,1,0,500,252.97267492859712,0.49897805245529314,0.003064083415208532,,1.0,0.16666666666666666
recursion,honest_f0,0.0,1,0,525,266.2163740911413,0.4874569347865767,0.0023902144943293486,,1.0,0.3333333333333333
recursion,honest_f0,0.0,1,0,550,276.4579405277686,0.4874113106374287,0.001288098425857419,,1.0,0.16666666666666666
recursion,honest_f0,0.0,1,0,575,288.20141503442414,0.4879916093203879,0.002199152645948071,,1.0,0.3333333333333333
recursion,honest_f0,0.0,1,0,600,299.94410058234223,0.49097498327604366,0.0007173352310865897,,1.0,0.5
recursion,honest_f0,0.0,1,0,625,311.6855544992711,0.493458840081165,0.0007926577573458906,,1.0,0.3333333333333333
recursion,honest_f0,0.0,1,0,650,324.92880156814147,0.49387112767670827,0.0015220392320912613,,1.0,0.3333333333333333
recursion,honest_f0,0.0,1,0,675,334.6698732297865,0.4909670890589156,0.001614941080082794,,1.0,0.5
recursion,honest_f0,0.0,1,0,700,345.6604864141261,0.4864244826834054,0.0014862884188459823,,1.0,0.3333333333333333
recursion,honest_f0,0.0,1,0,725,359.1529537587091,0.49137652540411175,0.001677721410027942,,1.0,0.16666666666666666
recursion,honest_f0,0.0,1,0,750,370.39364044136494,0.4851043152108799,0.000948998348609813,,1.0,0.16666666666666666
recursion,honest_f0,0.0,1,0,775,381.63410416276923,0.48184833869876675,0.0007121177165182959,,1.0,0.5
recursion,honest_f0,0.0,1,0,800,394.87814865399656,0.48332017076007355,0.0009943861203411159,,1.0,0.3333333333333333
recursion,honest_f0,0.0,1,0,825,407.6220432404442,0.48775715990945023,0.0013931981861194855,,1.0,0.3333333333333333
recursion,honest_f0,0.0,1,0,850,420.1148402959367,0.49104589336281623,0.0010125205418963258,,1.0,0.3333333333333333
recursion,honest_f0,0.0,1,0,875,431.8575587434715,0.4942988873998705,0.001193402569645577,,1.0,0.16666666666666666
recursion,honest_f0,0.0,1,0,900,444.3490229794893,0.4935067816434452,0.001402629016872372,,1.0,0.3333333333333333
recursion,honest_f0,0.0,1,0,925,457.09046482679565,0.4887495017146747,0.001510478703774868,,1.0,0.5
recursion,honest_f0,0.0,1,0,950,468.8338649564297,0.48726506094740635,0.0016125102455796139,,1.0,0.3333333333333333
recursion,honest_f0,0.0,1,0,975,480.32428961454525,0.4849014180144547,0.000822744611495525,,1.0,0.3333333333333333
recursion,honest_f0,0.0,1,0,1000,492.81733473443285,0.48656920286154093,0.0010871870629120413,,1.0,0.16666666666666666
recursion,honest_f0,0.0,1,1,25,11.988000043398435,0.38780841612544786,0.07786717206795714,,1.0,0.3333333333333333
recursion,honest_f0,0.0,1,1,50,24.72956259580144,0.40922538134145897,0.0479662913930364,,1.0,0.6666666666666666
recursion,honest_f0,0.0,1,1,75,36.9699973175572,0.41895307420489436,0.01330544089396235,,1.0,0.16666666666666666
recursion,honest_f0,0.0,1,1,100,49.71195610906052,0.3884025146848383,0.010657370536666906,,1.0,0.3333333333333333
recursion,honest_f0,0.0,1,1,125,61.45400577034619,0.3991493387663945,0.010810723729558496,,1.0,0.3333333333333333
recursion,honest_f0,0.0,1,1,150,73.44762851625478,0.41679934827151494,0.01064053213941326,,1.0,0.3333333333333333
recursion,honest_f0,0.0,1,1,175,84.94104333205861,0.41702694316371436,0.007783660371225271,,1.0,0.3333333333333333
recursion,honest_f0,0.0,1,1,200,96.39756523654418,0.4075790343466158,0.004169924959829079,,1.0,0.16666666666666666
recursion,honest_f0,0.0,1,1,225,107.3911194740218,0.41792469399715,0.004061215971813086,,1.0,0.3333333333333333
recursion,honest_f0,0.0,1,1,250,120.13363226309934,0.4326236806995834,0.003721008398507406,,1.0,0.5
recursion,honest_f0,0.0,1,1,275,133.62647549461195,0.4576349223555467,0.004928007046266858,,1.0,0.3333333333333333
recursion,honest_f0,0.0,1,1,300,145.61945669470566,0.4525965613424725,0.004352252328332193,,1.0,0.16666666666666666
recursion,honest_f0,0.0,1,1,325,157.61384218033405,0.4641165412964795,0.0039124723199484394,,1.0,0.3333333333333333
recursion,honest_f0,0.0,1,1,350,170.85746611247492,0.4691900667279083,0.003023301934019062,,1.0,0.3333333333333333
recursion,honest_f0,0.0,1,1,375,182.3493999633098,0.46954194326535076,0.005194002351419809,,1.0,0.16666666666666666
recursion,honest_f0,0.0,1,1,400,193.34326879045173,0.47167597202740985,0.001986105275520346,,1.0,0.3333333333333333
recursion,honest_f0,0.0,1,1,425,204.83649767363752,0.4733395873388739,0.0016794977784889101,,1.0,0.3333333333333333
recursion,honest_f0,0.0,1,1,450,216.32833687025183,0.47589237673193785,0.0014557751014814657,,1.0,0.3333333333333333
recursion,honest_f0,0.0,1,1,475,228.07028218285504,0.47643927105914835,0.003056272925103881,,1.0,0.5
recursion,honest_f0,0.0,1,1,500,239.8117373076346,0.47306673020950674,0.0026816559854038547,,1.0,0.3333333333333333
recursion,honest_f0,0.0,1,1,525,251.55368814248834,0.46190289064217727,0.0015518695343654956,,1.0,0.3333333333333333
recursion,honest_f0,0.0,1,1,550,263.04636279992957,0.46544901969261815,0.0014126180742598039,,1.0,0.3333333333333333
recursion,honest_f0,0.0,1,1,575,273.03954283352545,0.47270741619373136,0.002770667561828176,,1.0,0.16666666666666666
recursion,honest_f0,0.0,1,1,600,285.531321921822,0.47047842914642946,0.0017585602570490432,,1.0,0.5
recursion,honest_f0,0.0,1,1,625,296.02344039711306,0.4679080804544695,0.0014573827594357325,,1.0,0.3333333333333333
recursion,honest_f0,0.0,1,1,650,309.0154769736672,0.4743709049847243,0.0021509694203960764,,1.0,0.16666666666666666
recursion,honest_f0,0.0,1,1,675,320.2583624909097,0.47374056655291025,0.001834387806056509,,1.0,0.3333333333333333
recursion,honest_f0,0.0,1,1,700,332.75146619816985,0.4740437619119131,0.0025206801577690387,,1.0,0.3333333333333333
recursion,honest_f0,0.0,1,1,725,345.9951965034062,0.47441882723712925,0.0017076071864882292,,1.0,0.5
recursion,honest_f0,0.0,1,1,750,358.4854626182225,0.46328293654306396,0.0018340856115579085,,1.0,0.3333333333333333
recursion,honest_f0,0.0,1,1,775,370.9774749547086,0.46243016170888396,0.0018282577135012074,,1.0,0.3333333333333333
recursion,honest_f0,0.0,1,1,800,383.468654588063,0.4585302435902951,0.001603799603314578,,1.0,0.16666666666666666
recursion,honest_f0,0.0,1,1,825,397.2120882565868,0.46777638817006567,0.001925852786314618,,1.0,0.3333333333333333
recursion,honest_f0,0.0,1,1,850,409.2043577932474,0.4684709226691526,0.0004905091307166403,,1.0,0.3333333333333333
recursion,honest_f0,0.0,1,1,875,421.94852152408436,0.4700731751512145,0.0015653892705782475,,1.0,0.3333333333333333
recursion,honest_f0,0.0,1,1,900,431.93827535769907,0.46520052691745145,0.0009256802680445342,,1.0,0.5
recursion,honest_f0,0.0,1,1,925,443.6814057993661,0.4673159791338518,0.0011284019768718738,,1.0,0.3333333333333333
recursion,honest_f0,0.0,1,1,950,456.9221562865705,0.4675486952201471,0.0013892828464883028,,1.0,0.3333333333333333
recursion,honest_f0,0.0,1,1,975,466.91466570796706,0.46888814803771206,0.0011424015529517878,,1.0,0.3333333333333333
recursion,honest_f0,0.0,1,1,1000,480.1580845812066,0.4694874616252238,0.0010740784972540368,,1.0,0.3333333333333333
recursion,honest_f0,0.0,1,2,25,10.488555326927694,0.23607158330904587,0.0705373612661462,,1.0,0.3333333333333333
recursion,honest_f0,0.0,1,2,50,21.21808360532524,0.26980244029056555,0.024954042923481152,,1.0,0.3333333333333333
recursion,honest_f0,0.0,1,2,75,33.71101140975119,0.38340619951893007,0.020028330264471074,,1.0,0.16666666666666666
recursion,honest_f0,0.0,1,2,100,43.20261967082111,0.37274963803800465,0.010951955747999316,,1.0,0.16666666666666666
recursion,honest_f0,0.0,1,2,125,53.44466548845802,0.38957844277814235,0.01101383545376871,,1.0,0.3333333333333333
recursion,honest_f0,0.0,1,2,150,65.18631130463805,0.4459004415317419,0.008239166547095372,,1.0,0.3333333333333333
recursion,honest_f0,0.0,1,2,175,75.67736333900646,0.45539919938107204,0.004800935046361166,,1.0,0.16666666666666666
recursion,honest_f0,0.0,1,2,200,86.36409174897302,0.4511974398971677,0.008901403155421279,,1.0,0.16666666666666666
recursion,honest_f0,0.0,1,2,225,98.10813529903427,0.465212169708483,0.005267702892977315,,1.0,0.3333333333333333
recursion,honest_f0,0.0,1,2,250,109.10179847567805,0.4652933841209914,0.00449624439386457,,1.0,0.16666666666666666
recursion,honest_f0,0.0,1,2,275,122.3444413733485,0.4731039096524846,0.0064835130096011565,,1.0,0.3333333333333333
recursion,honest_f0,0.0,1,2,300,131.83681434406006,0.47177100527398264,0.004892202836341537,,1.0,0.16666666666666666
recursion,honest_f0,0.0,1,2,325,142.58031805506016,0.49181189258419367,0.0039478326771691325,,1.0,0.16666666666666666
recursion,honest_f0,0.0,1,2,350,154.5728863754149,0.4907251405967086,0.003241787203562535,,1.0,0.16666666666666666
recursion,honest_f0,0.0,1,2,375,166.31471298522268,0.49428713645862493,0.003394338965030941,,1.0,0.3333333333333333
recursion,honest_f0,0.0,1,2,400,177.0554065718342,0.48425748981771355,0.002478643003811712,,1.0,0.3333333333333333
recursion,honest_f0,0.0,1,2,425,190.29916800161743,0.48688703751090473,0.003054898458854822,,1.0,0.3333333333333333
recursion,honest_f0,0.0,1,2,450,201.29074784094774,0.48299554455945226,0.002812568865226636,,1.0,0.5
recursion,honest_f0,0.0,1,2,475,213.5348617794485,0.48947682472336435,0.0027603541860207388,,1.0,0.3333333333333333
recursion,honest_f0,0.0,1,2,500,225.7763316049954,0.48224080710234307,0.001873457606238971,,1.0,0.3333333333333333
recursion,honest_f0,0.0,1,2,525,237.0175565089549,0.47511791091836325,0.002270853627875629,,1.0,0.3333333333333333
recursion,honest_f0,0.0,1,2,550,248.5093759896425,0.48399270230503455,0.002091624859083889,,1.0,0.16666666666666666
recursion,honest_f0,0.0,1,2,575,259.502352036933,0.4855562175888642,0.0020899592991671357,,1.0,0.3333333333333333
recursion,honest_f0,0.0,1,2,600,271.2455885310071,0.49389295336377825,0.0018477927883452925,,1.0,0.3333333333333333
recursion,honest_f0,0.0,1,2,625,282.73901274145305,0.4891912092487015,0.0017878114538415852,,1.0,0.3333333333333333
recursion,honest_f0,0.0,1,2,650,293.47788015366615,0.48122987850416094,0.0017952914496105932,,1.0,0.6666666666666666
recursion,honest_f0,0.0,1,2,675,305.22117477395045,0.47823054354529776,0.0023028394116849536,,1.0,0.3333333333333333
recursion,honest_f0,0.0,1,2,700,315.2134670816573,0.47565523499345375,0.0012369053416373184,,1.0,0.3333333333333333
recursion,honest_f0,0.0,1,2,725,326.70615677156457,0.47191155597957535,0.002021025177814199,,1.0,0.16666666666666666
recursion,honest_f0,0.0,1,2,750,338.6997994385691,0.4766835410208887,0.0015551393094892624,,1.0,0.16666666666666666
recursion,honest_f0,0.0,1,2,775,350.1923172667005,0.4799737017852936,0.0015743191576465853,,1.0,0.3333333333333333
recursion,honest_f0,0.0,1,2,800,362.1839991292245,0.47806844690513534,0.0018754141460906237,,1.0,0.16666666666666666
recursion,honest_f0,0.0,1,2,825,373.92772089130506,0.4858507281419949,0.0015161479741153793,,1.0,0.3333333333333333
recursion,honest_f0,0.0,1,2,850,383.41949179348126,0.4883106203728442,0.0012301607585132057,,1.0,0.3333333333333333
recursion,honest_f0,0.0,1,2,875,394.9137021400604,0.4926960576403597,0.0010792686239201952,,1.0,0.16666666666666666
recursion,honest_f0,0.0,1,2,900,405.6556430005969,0.4894409616886921,0.0015898313612132415,,1.0,0.3333333333333333
recursion,honest_f0,0.0,1,2,925,415.89864404165445,0.4890194428928237,0.0006841772495230641,,1.0,0.3333333333333333
recursion,honest_f0,0.0,1,2,950,428.6418817915488,0.4868931600892683,0.0013133542087338712,,1.0,0.16666666666666666
recursion,honest_f0,0.0,1,2,975,439.13488721716135,0.4865645986451161,0.0012970402888599502,,1.0,0.3333333333333333
recursion,honest_f0,0.0,1,2,1000,452.1278321390403,0.49177685406050353,0.00171577245468646,,1.0,0.16666666666666666
recursion,honest_f0,0.0,1,3,25,10.489489085984559,0.10825835539722942,0.040864036440143886,,1.0,0.3333333333333333
recursion,honest_f0,0.0,1,3,50,23.981935437579626,0.31001086791014076,0.04659839806845142,,1.0,0.5
recursion,honest_f0,0.0,1,3,75,39.224371873813,0.41549562963490216,0.02388125285191193,,1.0,0.5
recursion,honest_f0,0.0,1,3,100,51.46657664498075,0.40825015013037896,0.01381614655348723,,1.0,0.16666666666666666
recursion,honest_f0,0.0,1,3,125,63.95975830420265,0.4189597158335843,0.01014083101571351,,1.0,0.16666666666666666
recursion,honest_f0,0.0,1,3,150,77.95276288840893,0.44439288820306216,0.010682501882993968,,1.0,0.16666666666666666
recursion,honest_f0,0.0,1,3,175,90.44610699984014,0.47299788413498156,0.00599114449388489,,1.0,0.16666666666666666
recursion,honest_f0,0.0,1,3,200,103.69015668128591,0.4966833173940837,0.01085613649130197,,1.0,0.3333333333333333
recursion,honest_f0,0.0,1,3,225,114.68216522731352,0.49784076102892727,0.005441285492830135,,1.0,0.3333333333333333
recursion,honest_f0,0.0,1,3,250,128.17593100796427,0.5041991062049993,0.0031428863897433462,,1.0,0.3333333333333333
recursion,honest_f0,0.0,1,3,275,142.16869900882222,0.5163060586668585,0.005083521399262827,,1.0,0.3333333333333333
recursion,honest_f0,0.0,1,3,300,157.16100945264614,0.5152371841567448,0.0033249084244582243,,1.0,0.3333333333333333
recursion,honest_f0,0.0,1,3,325,169.40489871545694,0.5245309241497524,0.002632244270400749,,1.0,0.16666666666666666
recursion,honest_f0,0.0,1,3,350,180.46243521727388,0.5075829343175036,0.0028451534359125795,,1.0,0.3333333333333333
recursion,honest_f0,0.0,1,3,375,192.20462001928303,0.5103953702275963,0.0037813551238671246,,1.0,0.3333333333333333
recursion,honest_f0,0.0,1,3,400,204.44691740805575,0.4929001832570151,0.0023049391430312667,,1.0,0.3333333333333333
recursion,honest_f0,0.0,1,3,425,217.4404209454446,0.5012521933205011,0.0033467536852485836,,1.0,0.3333333333333333
recursion,honest_f0,0.0,1,3,450,229.68383856970317,0.5056679116530717,0.001539022014550026,,1.0,0.3333333333333333
recursion,honest_f0,0.0,1,3,475,241.6759404355357,0.5035356972982368,0.0013468564255419663,,1.0,0.3333333333333333
recursion,honest_f0,0.0,1,3,500,253.92044014527306,0.5095688234324478,0.0038523993369963517,,1.0,0.16666666666666666
recursion,honest_f0,0.0,1,3,525,266.1618615682218,0.5046412270860445,0.001651670047052451,,1.0,0.3333333333333333
recursion,honest_f0,0.0,1,3,550,280.65521829684144,0.5116512727751431,0.0028992462566714465,,1.0,0.3333333333333333
recursion,honest_f0,0.0,1,3,575,293.39813600531033,0.5150931979039238,0.0018785409848676659,,1.0,0.16666666666666666
recursion,honest_f0,0.0,1,3,600,306.1425028747475,0.5224978427454647,0.0020922479196937576,,1.0,0.3333333333333333
recursion,honest_f0,0.0,1,3,625,317.38430432425594,0.5196498331867151,0.0010643076262938785,,1.0,0.3333333333333333
recursion,honest_f0,0.0,1,3,650,329.3770078661389,0.5153897858965193,0.0012539967875677739,,1.0,0.16666666666666666
recursion,honest_f0,0.0,1,3,675,340.11942647202204,0.5128062521197099,0.0015881066094609996,,1.0,0.16666666666666666
recursion,honest_f0,0.0,1,3,700,353.1122012898562,0.5070998717944015,0.002670888016403494,,1.0,0.3333333333333333
recursion,honest_f0,0.0,1,3,725,365.8544660519755,0.5040546790512986,0.0016249414563822263,,1.0,0.3333333333333333
recursion,honest_f0,0.0,1,3,750,376.84486901816786,0.4983014507370177,0.0013511364080478147,,1.0,0.16666666666666666
recursion,honest_f0,0.0,1,3,775,388.83701379182367,0.49263266091193697,0.00113400577523204,,1.0,0.3333333333333333
recursion,honest_f0,0.0,1,3,800,401.8299554005406,0.49370888171744454,0.0011311705644609664,,1.0,0.5
recursion,honest_f0,0.0,1,3,825,415.0754781505871,0.49922072769175935,0.0019921793350660705,,1.0,0.3333333333333333
recursion,honest_f0,0.0,1,3,850,428.5687900885738,0.5001548777752501,0.0015334528679041314,,1.0,0.3333333333333333
recursion,honest_f0,0.0,1,3,875,440.8115873562425,0.501408268586214,0.0010494991077281241,,1.0,0.5
recursion,honest_f0,0.0,1,3,900,452.55402255077877,0.49902891320241044,0.001332011596884431,,1.0,0.3333333333333333
recursion,honest_f0,0.0,1,3,925,466.0465761471727,0.5021425330516063,0.0012167727296510129,,1.0,0.3333333333333333
recursion,honest_f0,0.0,1,3,950,477.0390027896419,0.5001555260098905,0.0013488812911986914,,1.0,0.16666666666666666
recursion,honest_f0,0.0,1,3,975,490.5311122992303,0.49497185657214865,0.001342805821007752,,1.0,0.3333333333333333
recursion,honest_f0,0.0,1,3,1000,503.2748770038656,0.4982627854257886,0.0006178076476355572,,1.0,0.16666666666666666
recursion,honest_f0,0.0,1,4,25,11.23551399709456,0.37160327252221304,0.08111752307268294,,1.0,0.3333333333333333
recursion,honest_f0,0.0,1,4,50,21.7281824450737,0.5309853727976637,0.03750382580156104,,1.0,0.3333333333333333
recursion,honest_f0,0.0,1,4,75,32.97169877033873,0.5818422144694857,0.029837526251608213,,1.0,0.16666666666666666
recursion,honest_f0,0.0,1,4,100,43.96568446583089,0.6244709437645095,0.015569149507006249,,1.0,0.3333333333333333
recursion,honest_f0,0.0,1,4,125,55.69576757482932,0.58594193001075,0.0157579830445533,,1.0,0.3333333333333333
recursion,honest_f0,0.0,1,4,150,66.93965553590371,0.6050672037540289,0.00663992952848273,,1.0,0.6666666666666666
recursion,honest_f0,0.0,1,4,175,77.18403340605394,0.583119829547219,0.003498362983040863,,1.0,0.3333333333333333
recursion,honest_f0,0.0,1,4,200,89.42871188912625,0.5834989942548305,0.008858219242433296,,1.0,0.3333333333333333
recursion,honest_f0,0.0,1,4,225,100.91943173911858,0.5628907371887949,0.008549742657635123,,1.0,0.3333333333333333
recursion,honest_f0,0.0,1,4,250,112.65832052748857,0.5310182009292614,0.003860968773545359,,1.0,0.3333333333333333
recursion,honest_f0,0.0,1,4,275,123.14911465827332,0.5199277827386282,0.0028740704848377414,,1.0,0.3333333333333333
recursion,honest_f0,0.0,1,4,300,134.6402661544236,0.515465075892714,0.003260052949592595,,1.0,0.3333333333333333
recursion,honest_f0,0.0,1,4,325,146.3830197321492,0.5218424093382366,0.002659687906199699,,1.0,0.3333333333333333
recursion,honest_f0,0.0,1,4,350,158.12206394365128,0.5065828149548474,0.00330133831924554,,1.0,0.5
recursion,honest_f0,0.0,1,4,375,169.36470877077886,0.5062758040347675,0.003253382772880616,,1.0,0.16666666666666666
recursion,honest_f0,0.0,1,4,400,181.60910332422787,0.4986351920644453,0.003585973932629547,,1.0,0.3333333333333333
recursion,honest_f0,0.0,1,4,425,193.60272657448334,0.5041498501180612,0.002727649186370778,,1.0,0.3333333333333333
recursion,honest_f0,0.0,1,4,450,203.34421123374278,0.4986999873198233,0.00392195116566857,,1.0,0.16666666666666666
recursion,honest_f0,0.0,1,4,475,214.58797177839682,0.5071963778271545,0.0017429478127960823,,1.0,0.3333333333333333
recursion,honest_f0,0.0,1,4,500,225.33206618962325,0.5097708244305471,0.0013331587072191794,,1.0,0.3333333333333333
recursion,honest_f0,0.0,1,4,525,238.32448282630702,0.5095490764303989,0.0010866796231236398,,1.0,0.3333333333333333
recursion,honest_f0,0.0,1,4,550,249.06842574742475,0.5108086603789371,0.0019899056736918013,,1.0,0.16666666666666666
recursion,honest_f0,0.0,1,4,575,260.5618526550164,0.5158969546433303,0.0023069108314155446,,1.0,0.8333333333333334
recursion,honest_f0,0.0,1,4,600,271.0549373969498,0.5167539890497046,0.0010471306238170387,,1.0,0.3333333333333333
recursion,honest_f0,0.0,1,4,625,281.54454902188013,0.5072166740839972,0.0018055798192857652,,1.0,0.3333333333333333
recursion,honest_f0,0.0,1,4,650,292.0368571398624,0.5106997864936176,0.0015234657465016538,,1.0,0.16666666666666666
recursion,honest_f0,0.0,1,4,675,302.2767540303278,0.5047187553783842,0.0020665924370236806,,1.0,0.3333333333333333
recursion,honest_f0,0.0,1,4,700,312.5157920191874,0.5005434998081527,0.0015635483169965955,,1.0,0.3333333333333333
recursion,honest_f0,0.0,1,4,725,323.2552037665391,0.49505211550089806,0.00149866430953835,,1.0,0.3333333333333333
recursion,honest_f0,0.0,1,4,750,334.4957601081613,0.48813206677995946,0.0012689028007420952,,1.0,0.16666666666666666
recursion,honest_f0,0.0,1,4,775,345.73542722361327,0.48206047816653286,0.0010422486037074167,,1.0,0.16666666666666666
recursion,honest_f0,0.0,1,4,800,356.97941779766137,0.4825564653511969,0.0014674832976674956,,1.0,0.3333333333333333
recursion,honest_f0,0.0,1,4,825,367.7205489788187,0.4811258816383639,0.0013597749690149653,,1.0,0.3333333333333333
recursion,honest_f0,0.0,1,4,850,381.71385707240614,0.4879610330637342,0.001708851698800113,,1.0,0.3333333333333333
recursion,honest_f0,0.0,1,4,875,393.2079234872291,0.49181015279763,0.000884063893771751,,1.0,0.5
recursion,honest_f0,0.0,1,4,900,404.45135883659526,0.4922179380418931,0.0013149032615324102,,1.0,0.3333333333333333
recursion,honest_f0,0.0,1,4,925,414.44245305388733,0.4927554066122808,0.0010087528900164955,,1.0,0.3333333333333333
recursion,honest_f0,0.0,1,4,950,425.43432509899543,0.49089517768487667,0.0010423209616539613,,1.0,0.16666666666666666
recursion,honest_f0,0.0,1,4,975,436.9230196657358,0.4850552059004649,0.001107485330074544,,1.0,0.3333333333333333
recursion,honest_f0,0.0,1,4,1000,447.9152621515667,0.4866516715762797,0.0007933480960515316,,1.0,0.3333333333333333
recursion,honest_f0,0.0,1,0,25,10.990673705162244,0.3755748301651688,0.07772013698495263,,2.0,0.16666666666666666
recursion,honest_f0,0.0,1,0,50,23.982508449178287,0.21368567293755628,0.03850481184457405,,2.0,0.3333333333333333
recursion,honest_f0,0.0,1,0,75,36.97612749137681,0.2516459075294605,0.021024655535515368,,2.0,0.16666666666666666
recursion,honest_f0,0.0,1,0,100,51.468562457553865,0.28292645161038393,0.016419469985538858,,2.0,0.3333333333333333
recursion,honest_f0,0.0,1,0,125,64.96183537567323,0.3102457372601092,0.012156236231278603,,2.0,0.3333333333333333
recursion,honest_f0,0.0,1,0,150,78.70442613341436,0.32934415134961414,0.012041705182856657,,2.0,0.3333333333333333
recursion,honest_f0,0.0,1,0,175,92.19655457850398,0.3589046612753101,0.005514161396989634,,2.0,0.3333333333333333
recursion,honest_f0,0.0,1,0,200,104.68970906141328,0.36735443433758436,0.006518960946692489,,2.0,0.3333333333333333
recursion,honest_f0,0.0,1,0,225,117.4323412420563,0.36819237814049277,0.004915443754525845,,2.0,0.3333333333333333
recursion,honest_f0,0.0,1,0,250,130.92340123866373,0.34559803578882947,0.004632798583044892,,2.0,0.3333333333333333
recursion,honest_f0,0.0,1,0,275,144.91581924721942,0.3599718601107119,0.004343619192435442,,2.0,0.3333333333333333
recursion,honest_f0,0.0,1,0,300,159.658152730462,0.36355347672237054,0.005433021135039685,,2.0,0.3333333333333333
recursion,honest_f0,0.0,1,0,325,173.40246099697032,0.371636900177727,0.004395928120286207,,2.0,0.3333333333333333
recursion,honest_f0,0.0,1,0,350,189.39615038133633,0.3907533586137398,0.0029842880580544986,,2.0,0.3333333333333333
recursion,honest_f0,0.0,1,0,375,203.63940660172779,0.3983535154497674,0.0026406581557971175,,2.0,0.3333333333333333
recursion,honest_f0,0.0,1,0,400,216.87899483145293,0.3890048650608584,0.002055586015339212,,2.0,0.3333333333333333
recursion,honest_f0,0.0,1,0,425,232.62327242324534,0.40643271696773475,0.003148698472863269,,2.0,0.3333333333333333
recursion,honest_f0,0.0,1,0,450,245.3664127488504,0.4096848104790147,0.002525477933211976,,2.0,0.3333333333333333
recursion,honest_f0,0.0,1,0,475,259.10955591395907,0.4130178576073327,0.001921354728238351,,2.0,0.3333333333333333
recursion,honest_f0,0.0,1,0,500,272.8536845297067,0.4222399354326595,0.003484133872749001,,2.0,0.3333333333333333
recursion,honest_f0,0.0,1,0,525,285.3470379297657,0.4233697210445298,0.0011762095119845683,,2.0,0.3333333333333333
recursion,honest_f0,0.0,1,0,550,297.3390278462616,0.4191694846786671,0.0016167205712707758,,2.0,0.3333333333333333
recursion,honest_f0,0.0,1,0,575,310.0819873652259,0.41967665593805636,0.0018492091659674924,,2.0,0.3333333333333333
recursion,honest_f0,0.0,1,0,600,324.07625852795604,0.42732152708977933,0.0021266772996272046,,2.0,0.3333333333333333
recursion,honest_f0,0.0,1,0,625,337.5684255609634,0.4275322063652546,0.0015911494303553176,,2.0,0.16666666666666666
recursion,honest_f0,0.0,1,0,650,353.0615353590289,0.4355369652362634,0.001355149854275302,,2.0,0.3333333333333333
recursion,honest_f0,0.0,1,0,675,366.8047621615942,0.4406678598749858,0.0012127777382574144,,2.0,0.3333333333333333
recursion,honest_f0,0.0,1,0,700,380.545584787185,0.4407093897406384,0.0013085705001838774,,2.0,0.3333333333333333
recursion,honest_f0,0.0,1,0,725,393.285829829853,0.43995761946979606,0.0017417105038486191,,2.0,0.3333333333333333
recursion,honest_f0,0.0,1,0,750,405.5277483252936,0.44020745805400263,0.0015869892781773453,,2.0,0.3333333333333333
recursion,honest_f0,0.0,1,0,775,421.77215905075195,0.4456716946717997,0.001501560730144731,,2.0,0.3333333333333333
recursion,honest_f0,0.0,1,0,800,436.7664166751999,0.4509499158312752,0.0016192288090538286,,2.0,0.3333333333333333
recursion,honest_f0,0.0,1,0,825,449.25823073255265,0.4497161109140585,0.0011106860158468558,,2.0,0.3333333333333333
recursion,honest_f0,0.0,1,0,850,463.0024590246354,0.45205371903549474,0.0014912504103353186,,2.0,0.3333333333333333
recursion,honest_f0,0.0,1,0,875,477.9944484825978,0.45566649479090654,0.0014284550739668727,,2.0,0.8333333333333334
recursion,honest_f0,0.0,1,0,900,490.9875615722761,0.45791950151161326,0.0010121762908556816,,2.0,0.3333333333333333
recursion,honest_f0,0.0,1,0,925,504.9790681661134,0.45458226222372144,0.0012775571367942002,,2.0,0.3333333333333333
recursion,honest_f0,0.0,1,0,950,516.7181438520141,0.45135912376968923,0.00077285227081767,,2.0,0.3333333333333333
recursion,honest_f0,0.0,1,0,975,528.9613136142123,0.44858904450476034,0.0015460430408408155,,2.0,0.3333333333333333
recursion,honest_f0,0.0,1,0,1000,541.7030623647178,0.44746364788849063,0.001015616558282425,,2.0,0.3333333333333333
recursion,honest_f0,0.0,1,1,25,10.489965922651251,0.37667300573708445,0.07220363974433942,,2.0,0.16666666666666666
recursion,honest_f0,0.0,1,1,50,22.22961461273816,0.3916211917544268,0.034325972837195726,,2.0,0.5
recursion,honest_f0,0.0,1,1,75,32.9728628365242,0.41212176299252296,0.016869149210650115,,2.0,0.3333333333333333
recursion,honest_f0,0.0,1,1,100,45.21738610611922,0.4562896566776752,0.01642744551020696,,2.0,0.3333333333333333
recursion,honest_f0,0.0,1,1,125,56.71056957167202,0.48006940254446206,0.010919690577333559,,2.0,0.3333333333333333
recursion,honest_f0,0.0,1,1,150,68.70531072593971,0.5088176233664259,0.00594200061021299,,2.0,0.16666666666666666
recursion,honest_f0,0.0,1,1,175,82.19793070946426,0.49358207271301613,0.009990013787811426,,2.0,0.3333333333333333
recursion,honest_f0,0.0,1,1,200,95.441216046838,0.5089496936899403,0.004395016726069608,,2.0,0.3333333333333333
recursion,honest_f0,0.0,1,1,225,107.43459211451524,0.524644104421132,0.0037569679768397445,,2.0,0.3333333333333333
recursion,honest_f0,0.0,1,1,250,118.42095589786011,0.4941070535338402,0.0036630669026419737,,2.0,0.3333333333333333
recursion,honest_f0,0.0,1,1,275,129.66004294167706,0.4790196017759718,0.0043090680842049825,,2.0,0.3333333333333333
recursion,honest_f0,0.0,1,1,300,142.90495074755637,0.4758744080256056,0.0031359086604887997,,2.0,0.3333333333333333
recursion,honest_f0,0.0,1,1,325,153.3989070685397,0.48910278233257254,0.003651838159702595,,2.0,0.16666666666666666
recursion,honest_f0,0.0,1,1,350,165.39185612878265,0.49919219049579266,0.0023638438127719023,,2.0,0.3333333333333333
recursion,honest_f0,0.0,1,1,375,178.38481504935234,0.489874408916225,0.003804528547725361,,2.0,0.8333333333333334
recursion,honest_f0,0.0,1,1,400,191.6283222672911,0.49262416878076193,0.0029887323959565905,,2.0,0.3333333333333333
recursion,honest_f0,0.0,1,1,425,204.53083983794366,0.4890561424182744,0.0020660563625512513,,2.0,0.3333333333333333
recursion,honest_f0,0.0,1,1,450,215.27537635737377,0.49419433133193447,0.0023076919985122223,,2.0,0.3333333333333333
recursion,honest_f0,0.0,1,1,475,228.26866820920367,0.5000768001987315,0.003114399295851445,,2.0,0.5
recursion,honest_f0,0.0,1,1,500,240.41353000533724,0.49989517178002985,0.002777601920196181,,2.0,0.3333333333333333
recursion,honest_f0,0.0,1,1,525,252.6574883321187,0.49900098491769745,0.0013295008609358122,,2.0,0.3333333333333333
recursion,honest_f0,0.0,1,1,550,264.6505266039931,0.498415371513265,0.0019984711982289544,,2.0,0.16666666666666666
recursion,honest_f0,0.0,1,1,575,276.6446262414262,0.49875815853969224,0.001793052734612488,,2.0,0.3333333333333333
recursion,honest_f0,0.0,1,1,600,288.63936865622975,0.5070416176105187,0.0010424600326130048,,2.0,0.3333333333333333
recursion,honest_f0,0.0,1,1,625,300.38115863781377,0.509057849473277,0.0016133368637453883,,2.0,0.3333333333333333
recursion,honest_f0,0.0,1,1,650,312.8756383727464,0.511551736975679,0.0013518981545745895,,2.0,0.3333333333333333
recursion,honest_f0,0.0,1,1,675,324.36993369669267,0.5192367490053478,0.0012688777275176252,,2.0,0.16666666666666666
recursion,honest_f0,0.0,1,1,700,335.8624472401161,0.522688537034975,0.0015755933116062342,,2.0,0.3333333333333333
recursion,honest_f0,0.0,1,1,725,347.1034405667211,0.510436953983376,0.0013399965742175194,,2.0,0.3333333333333333
recursion,honest_f0,0.0,1,1,750,359.3453142889794,0.5107655451007518,0.0027716980412714133,,2.0,0.3333333333333333
recursion,honest_f0,0.0,1,1,775,370.5874763039859,0.5060142046359489,0.0011341882102825678,,2.0,0.3333333333333333
recursion,honest_f0,0.0,1,1,800,382.83018495286217,0.5093603847437423,0.001190254375281038,,2.0,0.3333333333333333
recursion,honest_f0,0.0,1,1,825,395.3190368419074,0.5053783376665242,0.0012848688337902302,,2.0,0.3333333333333333
recursion,honest_f0,0.0,1,1,850,407.5601301939839,0.5004211339930634,0.0019427306438615372,,2.0,0.3333333333333333
recursion,honest_f0,0.0,1,1,875,420.5516642633086,0.49651595840558005,0.0016903620229655075,,2.0,0.16666666666666666
recursion,honest_f0,0.0,1,1,900,432.29593597635306,0.49489202149045297,0.0011070523108418686,,2.0,0.3333333333333333
recursion,honest_f0,0.0,1,1,925,443.03893232378834,0.49430618478656424,0.001571297926840347,,2.0,0.16666666666666666
recursion,honest_f0,0.0,1,1,950,456.77811010444987,0.4926434860649233,0.0014333530999670024,,2.0,0.3333333333333333
recursion,honest_f0,0.0,1,1,975,468.5143580556226,0.4840234951869744,0.001411101382618768,,2.0,0.16666666666666666
recursion,honest_f0,0.0,1,1,1000,481.25437090152496,0.483150992112734,0.0010240432543070653,,2.0,0.3333333333333333
recursion,honest_f0,0.0,1,2,25,15.740024295162875,0.4885045044414723,0.07859769413361972,,2.0,0.3333333333333333
recursion,honest_f0,0.0,1,2,50,30.232103296120172,0.3658587464944165,0.0318325820367419,,2.0,0.3333333333333333
recursion,honest_f0,0.0,1,2,75,44.47315583263722,0.35582547258631103,0.014023532410903554,,2.0,0.3333333333333333
recursion,honest_f0,0.0,1,2,100,58.71519561248419,0.37206538089378194,0.014351501967273013,,2.0,0.3333333333333333
recursion,honest_f0,0.0,1,2,125,74.20923810319104,0.4227282367210494,0.00925304127871458,,2.0,0.3333333333333333
recursion,honest_f0,0.0,1,2,150,88.20272231707126,0.426602398462199,0.011913424932669319,,2.0,0.3333333333333333
recursion,honest_f0,0.0,1,2,175,104.44627477369994,0.4564388490462454,0.0054724429227666115,,2.0,0.3333333333333333
recursion,honest_f0,0.0,1,2,200,119.9413151113767,0.4915945597280067,0.006569278281450673,,2.0,0.3333333333333333
recursion,honest_f0,0.0,1,2,225,133.9354888476436,0.5157323858155443,0.00550442202883318,,2.0,0.3333333333333333
recursion,honest_f0,0.0,1,2,250,149.17745650876515,0.5263321628907115,0.004427397934586605,,2.0,0.6666666666666666
recursion,honest_f0,0.0,1,2,275,166.6707948167825,0.529028345551572,0.005036592075509575,,2.0,1.0
recursion,honest_f0,0.0,1,2,300,181.1649121601694,0.513919406737797,0.004121595361036551,,2.0,0.3333333333333333
recursion,honest_f0,0.0,1,2,325,194.90734903693073,0.5182128006408969,0.004583759737813522,,2.0,0.3333333333333333
recursion,honest_f0,0.0,1,2,350,208.39960475124073,0.5129533806928995,0.0018551026041077922,,2.0,0.5
recursion,honest_f0,0.0,1,2,375,224.14419856486663,0.521029140621511,0.0032491627543485297,,2.0,0.6666666666666666
recursion,honest_f0,0.0,1,2,400,238.13695020064267,0.5133639062497871,0.0027514568035685687,,2.0,0.5
recursion,honest_f0,0.0,1,2,425,251.62833526553527,0.507590577397473,0.0017952409336470404,,2.0,0.3333333333333333
recursion,honest_f0,0.0,1,2,450,264.6204604041569,0.5048550141860579,0.003004006360449539,,2.0,0.3333333333333333
recursion,honest_f0,0.0,1,2,475,279.36445596944344,0.5168133616025304,0.0022088167785829908,,2.0,0.3333333333333333
recursion,honest_f0,0.0,1,2,500,295.1060221348079,0.5208904556914428,0.002291129181936622,,2.0,0.16666666666666666
recursion,honest_f0,0.0,1,2,525,309.53436793703264,0.5225569051774156,0.0011588682365882175,,2.0,0.3333333333333333
recursion,honest_f0,0.0,1,2,550,324.7784962701262,0.5224664525099133,0.0019313222690765799,,2.0,0.3333333333333333
recursion,honest_f0,0.0,1,2,575,339.77315845499544,0.5289574433297148,0.0017005260846303723,,2.0,0.6666666666666666
recursion,honest_f0,0.0,1,2,600,356.01757193293287,0.5377666307894582,0.001852043897936898,,2.0,1.0
recursion,honest_f0,0.0,1,2,625,372.2624975391617,0.5442767854429095,0.002191624613842277,,2.0,0.8333333333333334
recursion,honest_f0,0.0,1,2,650,386.15051434511224,0.5489753242833088,0.0016266015145686061,,2.0,0.3333333333333333
recursion,honest_f0,0.0,1,2,675,400.14336517805094,0.5462496192008232,0.0012912244897078891,,2.0,0.3333333333333333
recursion,honest_f0,0.0,1,2,700,414.6371147147023,0.5475322012257818,0.002038397169650718,,2.0,0.6666666666666666
recursion,honest_f0,0.0,1,2,725,426.7664554153123,0.5338732243554499,0.0014793455566837954,,2.0,0.3333333333333333
recursion,honest_f0,0.0,1,2,750,442.26040871594745,0.5350187687082176,0.0021871790408885695,,2.0,0.3333333333333333
recursion,honest_f0,0.0,1,2,775,455.5023471696059,0.5316678945630635,0.0015109443557996868,,2.0,0.3333333333333333
recursion,honest_f0,0.0,1,2,800,468.4934741830842,0.5272606745039845,0.0007518353264078157,,2.0,0.16666666666666666
recursion,honest_f0,0.0,1,2,825,484.9864583632375,0.5302823558664362,0.002011643470306636,,2.0,0.3333333333333333
recursion,honest_f0,0.0,1,2,850,498.72950200958553,0.5288262746322767,0.0008251602303106882,,2.0,0.3333333333333333
recursion,honest_f0,0.0,1,2,875,512.9723099423281,0.5295902023796002,0.0006829533078011427,,2.0,0.3333333333333333
recursion,honest_f0,0.0,1,2,900,526.9632822821807,0.528185580779287,0.0011555519242170916,,2.0,0.3333333333333333
recursion,honest_f0,0.0,1,2,925,542.3205846155477,0.525044284048743,0.0010067211310572132,,2.0,0.3333333333333333
recursion,honest_f0,0.0,1,2,950,555.3091602005745,0.5198975392451406,0.0012826196171656134,,2.0,0.5
recursion,honest_f0,0.0,1,2,975,571.8015625037822,0.5200748759849758,0.0011839927886917406,,2.0,0.3333333333333333
recursion,honest_f0,0.0,1,2,1000,588.5430561467074,0.5213050652954396,0.001030811895623058,,2.0,0.3333333333333333
recursion,honest_f0,0.0,1,3,25,11.490550679676325,0.5365764943355937,0.09102668800623928,,2.0,0.16666666666666666
recursion,honest_f0,0.0,1,3,50,21.731148308597344,0.43659950763860067,0.030373586396519308,,2.0,0.3333333333333333
recursion,honest_f0,0.0,1,3,75,36.97046078393533,0.54365795679573,0.032444783682051434,,2.0,0.3333333333333333
recursion,honest_f0,0.0,1,3,100,47.45947284196473,0.526705080557879,0.009451666902765506,,2.0,0.16666666666666666
recursion,honest_f0,0.0,1,3,125,65.20409937052275,0.5866426466369219,0.008342526108711173,,2.0,0.3333333333333333
recursion,honest_f0,0.0,1,3,150,77.94374446420014,0.5582218549677436,0.00507915126459264,,2.0,0.5
recursion,honest_f0,0.0,1,3,175,92.43548767854364,0.5697748310247022,0.009036126498031757,,2.0,0.6666666666666666
recursion,honest_f0,0.0,1,3,200,105.67552038970985,0.5658724813831708,0.006128986885235438,,2.0,0.3333333333333333
recursion,honest_f0,0.0,1,3,225,121.16995550786874,0.5879463203238224,0.0050029226019562105,,2.0,0.6666666666666666
recursion,honest_f0,0.0,1,3,250,133.91134560893906,0.5901189081812899,0.004134442356308438,,2.0,0.16666666666666666
recursion,honest_f0,0.0,1,3,275,147.9011591643553,0.5756113152155709,0.003159434516832119,,2.0,0.3333333333333333
recursion,honest_f0,0.0,1,3,300,161.63952906177897,0.556447906449949,0.004471845358779759,,2.0,0.3333333333333333
recursion,honest_f0,0.0,1,3,325,174.88015748526036,0.5576271502238848,0.003741278937294021,,2.0,0.3333333333333333
recursion,honest_f0,0.0,1,3,350,188.62295034747729,0.5560752454554228,0.0028725930824523072,,2.0,0.3333333333333333
recursion,honest_f0,0.0,1,3,375,203.8643846993815,0.5553917158833834,0.003660633555198348,,2.0,0.3333333333333333
recursion,honest_f0,0.0,1,3,400,217.35473001851648,0.5415350633607399,0.003486710187580648,,2.0,0.5
recursion,honest_f0,0.0,1,3,425,230.5945562348649,0.5429225439216354,0.0027586528492223395,,2.0,0.16666666666666666
recursion,honest_f0,0.0,1,3,450,246.08946798846344,0.5558771242341272,0.0033222421440729454,,2.0,0.6666666666666666
recursion,honest_f0,0.0,1,3,475,258.83263461423934,0.5596518945226361,0.001731939278615638,,2.0,0.3333333333333333
recursion,honest_f0,0.0,1,3,500,271.57358500981707,0.5501258546212568,0.003356149097821781,,2.0,0.5
recursion,honest_f0,0.0,1,3,525,286.0633968081053,0.5558182045280341,0.002304003934490982,,2.0,0.3333333333333333
recursion,honest_f0,0.0,1,3,550,299.3052888529196,0.5548129223102607,0.0018793665485952926,,2.0,0.3333333333333333
recursion,honest_f0,0.0,1,3,575,314.05007933859645,0.5603050517085496,0.0023594107216967698,,2.0,0.3333333333333333
recursion,honest_f0,0.0,1,3,600,327.04425476969726,0.5567875951223669,0.0013652861853789904,,2.0,0.5
recursion,honest_f0,0.0,1,3,625,341.7871732831079,0.5612903048761919,0.0023883250549188197,,2.0,0.5
recursion,honest_f0,0.0,1,3,650,355.28036286808253,0.5615309364288938,0.0008702043122264058,,2.0,0.3333333333333333
recursion,honest_f0,0.0,1,3,675,368.0250560408518,0.5670151532154447,0.0014865751630715456,,2.0,0.16666666666666666
recursion,honest_f0,0.0,1,3,700,383.0163282749247,0.5615265287584196,0.0011017791865402396,,2.0,0.6666666666666666
recursion,honest_f0,0.0,1,3,725,395.50341081259154,0.5515727644065408,0.0015603830338482808,,2.0,0.3333333333333333
recursion,honest_f0,0.0,1,3,750,410.2480082079711,0.5579662201157087,0.0018362819878102136,,2.0,0.5
recursion,honest_f0,0.0,1,3,775,425.99179856833547,0.5583237339484282,0.0014205722555653217,,2.0,0.3333333333333333
recursion,honest_f0,0.0,1,3,800,440.48475017107364,0.5530460823468458,0.0010712604531553027,,2.0,0.16666666666666666
recursion,honest_f0,0.0,1,3,825,454.72707122276546,0.5556564804061035,0.0013156341223415008,,2.0,0.3333333333333333
recursion,honest_f0,0.0,1,3,850,470.71655863561944,0.5557629453684952,0.0007466039422844992,,2.0,0.3333333333333333
recursion,honest_f0,0.0,1,3,875,485.9592358189919,0.5522228419773835,0.001352321704006639,,2.0,0.16666666666666666
recursion,honest_f0,0.0,1,3,900,500.94980639520566,0.5539955752460417,0.0014407899199252972,,2.0,0.3333333333333333
recursion,honest_f0,0.0,1,3,925,514.4417055110907,0.5489165610109922,0.0009450579163462208,,2.0,0.3333333333333333
recursion,honest_f0,0.0,1,3,950,526.6791780673263,0.5432222290784272,0.001098110719296123,,2.0,0.3333333333333333
recursion,honest_f0,0.0,1,3,975,542.170809177117,0.5403372040137695,0.0011764534399277577,,2.0,0.6666666666666666
recursion,honest_f0,0.0,1,3,1000,556.413514422528,0.5381621133829704,0.0010520281242842383,,2.0,0.3333333333333333
recursion,honest_f0,0.0,1,4,25,10.99066815007393,0.569779404938539,0.0941657442018229,,2.0,0.16666666666666666
recursion,honest_f0,0.0,1,4,50,23.731417508107704,0.3790122868033115,0.05057036226873948,,2.0,0.3333333333333333
recursion,honest_f0,0.0,1,4,75,37.97448012434449,0.3857048377040226,0.02014590296418592,,2.0,0.3333333333333333
recursion,honest_f0,0.0,1,4,100,51.21499001446758,0.41229698567101514,0.013074176987533447,,2.0,0.3333333333333333
recursion,honest_f0,0.0,1,4,125,63.45919155885571,0.46934105243317237,0.01078978443331801,,2.0,0.3333333333333333
recursion,honest_f0,0.0,1,4,150,76.45342550430595,0.4695192001939059,0.010490255499411476,,2.0,0.16666666666666666
recursion,honest_f0,0.0,1,4,175,87.69399646004251,0.46234051048270974,0.0023919316917273424,,2.0,0.3333333333333333
recursion,honest_f0,0.0,1,4,200,101.18755098536026,0.4551455048871532,0.00735771604863947,,2.0,0.3333333333333333
recursion,honest_f0,0.0,1,4,225,114.9312658846047,0.4526370475170908,0.008601020145634576,,2.0,0.3333333333333333
recursion,honest_f0,0.0,1,4,250,128.42334611237627,0.46368187698209506,0.003611953509216944,,2.0,0.3333333333333333
recursion,honest_f0,0.0,1,4,275,141.91788865271542,0.4738466322814276,0.004664141762336416,,2.0,0.3333333333333333
recursion,honest_f0,0.0,1,4,300,155.9113894155724,0.4583341992839518,0.003770895179556756,,2.0,0.3333333333333333
recursion,honest_f0,0.0,1,4,325,169.40543497362745,0.47474783390261976,0.003934419550446785,,2.0,0.3333333333333333
recursion,honest_f0,0.0,1,4,350,181.64845635475962,0.4837231875427653,0.0024061660057471275,,2.0,0.3333333333333333
recursion,honest_f0,0.0,1,4,375,194.14306450722688,0.4945973606817095,0.0037479904396480602,,2.0,0.3333333333333333
recursion,honest_f0,0.0,1,4,400,206.13179930593142,0.4851568038137932,0.002972958638607314,,2.0,0.3333333333333333
recursion,honest_f0,0.0,1,4,425,219.3734173949273,0.48542787213387073,0.0027562976005296507,,2.0,0.8333333333333334
recursion,honest_f0,0.0,1,4,450,231.36377983269543,0.48313790860243033,0.0009216314210409839,,2.0,0.3333333333333333
recursion,honest_f0,0.0,1,4,475,244.60697307029565,0.48334287741585413,0.0024382154361726376,,2.0,0.3333333333333333
recursion,honest_f0,0.0,1,4,500,258.85178883714457,0.48988124757121604,0.0030449804784693376,,2.0,0.16666666666666666
recursion,honest_f0,0.0,1,4,525,270.594950211992,0.4924530212210144,0.0022050576767209873,,2.0,0.3333333333333333
recursion,honest_f0,0.0,1,4,550,282.83826805644645,0.4922843012249788,0.0010571317001406403,,2.0,0.16666666666666666
recursion,honest_f0,0.0,1,4,575,295.8290707421546,0.4894930184659565,0.0011973662353263704,,2.0,0.16666666666666666
recursion,honest_f0,0.0,1,4,600,308.0724327368431,0.49001711395132846,0.0013826039375821263,,2.0,0.3333333333333333
recursion,honest_f0,0.0,1,4,625,320.06721853651334,0.4969025281381079,0.0018627223195202263,,2.0,0.3333333333333333
recursion,honest_f0,0.0,1,4,650,331.06146794353293,0.5003419786434951,0.002310173358814812,,2.0,0.3333333333333333
recursion,honest_f0,0.0,1,4,675,343.8047584261771,0.4993789314590538,0.0008399970810715294,,2.0,0.3333333333333333
recursion,honest_f0,0.0,1,4,700,355.29747122708187,0.4993426238017806,0.001740520405796252,,2.0,0.3333333333333333
recursion,honest_f0,0.0,1,4,725,368.2898021876177,0.49731724069178157,0.0021511157751614263,,2.0,0.3333333333333333
recursion,honest_f0,0.0,1,4,750,382.78429214527836,0.5037708766348138,0.001640161441769267,,2.0,0.3333333333333333
recursion,honest_f0,0.0,1,4,775,397.02851677479345,0.5068544475899128,0.0017279083473431816,,2.0,0.3333333333333333
recursion,honest_f0,0.0,1,4,800,409.77277502810887,0.5095775069563967,0.0011390977140903983,,2.0,0.3333333333333333
recursion,honest_f0,0.0,1,4,825,422.2637416927907,0.5070931400838684,0.0014987081346900528,,2.0,0.3333333333333333
recursion,honest_f0,0.0,1,4,850,436.0054266294163,0.5081978497724372,0.0008060912082217192,,2.0,0.3333333333333333
recursion,honest_f0,0.0,1,4,875,449.7485186724546,0.507716085987429,0.0014820897922102128,,2.0,0.3333333333333333
recursion,honest_f0,0.0,1,4,900,464.9896353968844,0.5074771523644128,0.0013708889902488619,,2.0,0.3333333333333333
recursion,honest_f0,0.0,1,4,925,476.729458345225,0.5039975802781578,0.0011508410524152034,,2.0,0.3333333333333333
recursion,honest_f0,0.0,1,4,950,488.972194697673,0.5017399251281818,0.0007612310533482916,,2.0,0.3333333333333333
recursion,honest_f0,0.0,1,4,975,500.96220502520765,0.49414726389915387,0.0011618145786467693,,2.0,0.16666666666666666
recursion,honest_f0,0.0,1,4,1000,515.2054110541094,0.4915464874207674,0.001776282977541831,,2.0,0.3333333333333333
recursion,honest_f0,0.0,1,0,25,14.489826529899501,0.4968422727213327,0.08187719055357506,,3.0,0.3333333333333333
recursion,honest_f0,0.0,1,0,50,27.984535422050065,0.6312287617889827,0.02099916792522235,,3.0,0.3333333333333333
recursion,honest_f0,0.0,1,0,75,39.2120058227316,0.6833567583124436,0.02627046624206358,,3.0,0.16666666666666666
recursion,honest_f0,0.0,1,0,100,50.95101746593051,0.6482074864743996,0.01087288602745332,,3.0,0.6666666666666666
recursion,honest_f0,0.0,1,0,125,62.69365009338079,0.6440166368538839,0.01321690384965545,,3.0,0.3333333333333333
recursion,honest_f0,0.0,1,0,150,74.68880934020483,0.6703617531622795,0.006413247360395816,,3.0,0.5
recursion,honest_f0,0.0,1,0,175,86.43221613922502,0.6515327017900723,0.008095105498310625,,3.0,0.3333333333333333
recursion,honest_f0,0.0,1,0,200,99.42465662876612,0.6571119812599735,0.0076503870678295074,,3.0,0.3333333333333333
recursion,honest_f0,0.0,1,0,225,113.1670219604353,0.6356994079891993,0.005598041219160841,,3.0,1.0
recursion,honest_f0,0.0,1,0,250,125.65622814882401,0.6147040996127591,0.00554761039137402,,3.0,0.16666666666666666
recursion,honest_f0,0.0,1,0,275,138.89978455818562,0.6235729361893386,0.005386542858285319,,3.0,0.5
recursion,honest_f0,0.0,1,0,300,152.1427311539933,0.6090861398602346,0.0027851819437499786,,3.0,0.3333333333333333
recursion,honest_f0,0.0,1,0,325,165.88787096574114,0.6133690433753058,0.0038996398624203087,,3.0,0.3333333333333333
recursion,honest_f0,0.0,1,0,350,178.87908670541788,0.6117166158857527,0.0030661763061183263,,3.0,0.3333333333333333
recursion,honest_f0,0.0,1,0,375,192.6243245680912,0.626056710268527,0.002649825210866341,,3.0,0.3333333333333333
recursion,honest_f0,0.0,1,0,400,205.11359153483843,0.6161497570277651,0.002346052673534487,,3.0,0.3333333333333333
recursion,honest_f0,0.0,1,0,425,218.8568573135574,0.6173612257911723,0.0019470118245170226,,3.0,0.3333333333333333
recursion,honest_f0,0.0,1,0,450,232.59568917446114,0.6124736930981565,0.0014028936043766948,,3.0,0.5
recursion,honest_f0,0.0,1,0,475,244.58426104448978,0.608071976719485,0.0035491021369938704,,3.0,0.16666666666666666
recursion,honest_f0,0.0,1,0,500,256.82901877577854,0.5976815797175765,0.001991074556486233,,3.0,0.3333333333333333
recursion,honest_f0,0.0,1,0,525,270.06867178447465,0.5888737304360562,0.0029959522267582776,,3.0,0.6666666666666666
recursion,honest_f0,0.0,1,0,550,284.061302021039,0.5842955720278159,0.0013090353070279747,,3.0,0.3333333333333333
recursion,honest_f0,0.0,1,0,575,296.803788340358,0.58631390063863,0.0019885409713674175,,3.0,0.3333333333333333
recursion,honest_f0,0.0,1,0,600,310.2963800126248,0.5826496776705028,0.0022389922955463985,,3.0,0.5
recursion,honest_f0,0.0,1,0,625,323.788851096004,0.5821952971259049,0.001572757127210825,,3.0,0.3333333333333333
recursion,honest_f0,0.0,1,0,650,338.5339666610141,0.5877303311578445,0.0015984011872281036,,3.0,0.5
recursion,honest_f0,0.0,1,0,675,353.0267228797645,0.5900036961270431,0.0019958249076314767,,3.0,0.3333333333333333
recursion,honest_f0,0.0,1,0,700,367.02179867199806,0.5873316281779268,0.0018953600142113712,,3.0,0.3333333333333333
recursion,honest_f0,0.0,1,0,725,382.0164493269298,0.5934848868394855,0.0025134918566979457,,3.0,0.3333333333333333
recursion,honest_f0,0.0,1,0,750,396.76125768536804,0.5909148238482389,0.0013385239360581525,,3.0,0.3333333333333333
recursion,honest_f0,0.0,1,0,775,410.7564668182807,0.5966081680523577,0.0017365886986660168,,3.0,0.3333333333333333
recursion,honest_f0,0.0,1,0,800,424.0013989147451,0.5962183003933773,0.0010855552977598608,,3.0,0.3333333333333333
recursion,honest_f0,0.0,1,0,825,438.9910916159799,0.5872313360499546,0.0017282769958864973,,3.0,0.3333333333333333
recursion,honest_f0,0.0,1,0,850,451.73349911872043,0.5873221344791788,0.0015463477244630468,,3.0,0.3333333333333333
recursion,honest_f0,0.0,1,0,875,465.72587248617714,0.5891342010846082,0.002033932942484222,,3.0,0.3333333333333333
recursion,honest_f0,0.0,1,0,900,478.96813464914675,0.5865876663481671,0.0013039538485073699,,3.0,0.3333333333333333
recursion,honest_f0,0.0,1,0,925,491.96061165632693,0.5846565452190577,0.0011430563893945049,,3.0,0.3333333333333333
recursion,honest_f0,0.0,1,0,950,506.45141237485825,0.5801327142579604,0.0016609759245943274,,3.0,0.5
recursion,honest_f0,0.0,1,0,975,521.1937540270408,0.578855729667236,0.001252978574992721,,3.0,0.3333333333333333
recursion,honest_f0,0.0,1,0,1000,533.4356235135551,0.5706444390764336,0.0019016470155261362,,3.0,0.3333333333333333
recursion,honest_f0,0.0,1,1,25,11.491243130419257,0.7614119420178942,0.08645956054875854,,3.0,0.3333333333333333
recursion,honest_f0,0.0,1,1,50,22.73173804535005,0.7299944269922741,0.02293095671861713,,3.0,0.3333333333333333
recursion,honest_f0,0.0,1,1,75,34.96663057981621,0.6515523877681312,0.01824045780775787,,3.0,0.16666666666666666
recursion,honest_f0,0.0,1,1,100,47.95695409139341,0.6157405530852001,0.014022887901219553,,3.0,0.5
recursion,honest_f0,0.0,1,1,125,62.19977206781876,0.6381015623692913,0.009651633485502378,,3.0,0.5
recursion,honest_f0,0.0,1,1,150,74.4382321828643,0.5998928781316182,0.00574463970261438,,3.0,0.3333333333333333
recursion,honest_f0,0.0,1,1,175,90.43030802496966,0.5753843665069518,0.00680879603183679,,3.0,0.3333333333333333
recursion,honest_f0,0.0,1,1,200,103.67428621123861,0.6007261711235329,0.006440925950803263,,3.0,0.3333333333333333
recursion,honest_f0,0.0,1,1,225,118.61637156385306,0.5637949310895661,0.008133505159977567,,3.0,0.3333333333333333
recursion,honest_f0,0.0,1,1,250,132.61009727568822,0.5835852100465848,0.008135782150797695,,3.0,0.3333333333333333
recursion,honest_f0,0.0,1,1,275,146.10234156779538,0.5675598042782038,0.004072631002310519,,3.0,0.3333333333333333
recursion,honest_f0,0.0,1,1,300,160.54429334106965,0.5615090291010919,0.005086072394074944,,3.0,0.16666666666666666
recursion,honest_f0,0.0,1,1,325,175.03723536299069,0.5573522526291722,0.004117894148776263,,3.0,0.3333333333333333
recursion,honest_f0,0.0,1,1,350,191.03121573945077,0.5568752427643818,0.004901645904372243,,3.0,0.8333333333333334
recursion,honest_f0,0.0,1,1,375,207.2409915941756,0.5569570019591573,0.0024598535625866384,,3.0,0.3333333333333333
recursion,honest_f0,0.0,1,1,400,219.9840241088625,0.5484022926977126,0.0026285503903095454,,3.0,0.3333333333333333
recursion,honest_f0,0.0,1,1,425,234.47813187158397,0.5541959818172687,0.0025278020489904462,,3.0,0.3333333333333333
recursion,honest_f0,0.0,1,1,450,250.7207265268238,0.5590884137816314,0.0028852638725878487,,3.0,0.8333333333333334
recursion,honest_f0,0.0,1,1,475,265.21200532599175,0.5490726634396516,0.0030638041774981866,,3.0,0.3333333333333333
recursion,honest_f0,0.0,1,1,500,280.4506687534242,0.5388304161306092,0.004007264816652892,,3.0,0.5
recursion,honest_f0,0.0,1,1,525,295.4447739388161,0.5410652475027842,0.0028424052305782003,,3.0,0.3333333333333333
recursion,honest_f0,0.0,1,1,550,308.4358157313892,0.5343278436305186,0.0015022205858382604,,3.0,0.3333333333333333
recursion,honest_f0,0.0,1,1,575,322.1786533661004,0.5248507253680481,0.002272395488644851,,3.0,0.6666666666666666
recursion,honest_f0,0.0,1,1,600,338.1730359926946,0.533839971126796,0.002967829115253553,,3.0,0.5
recursion,honest_f0,0.0,1,1,625,352.16634059170644,0.539580633738346,0.0014709270129827784,,3.0,0.3333333333333333
recursion,honest_f0,0.0,1,1,650,365.1584058382522,0.5399507709564388,0.00206304569399446,,3.0,0.3333333333333333
recursion,honest_f0,0.0,1,1,675,378.4009987336501,0.535052615144423,0.0014102197716721662,,3.0,0.3333333333333333
recursion,honest_f0,0.0,1,1,700,391.89498058140936,0.5310058587997846,0.0018785645799638123,,3.0,0.3333333333333333
recursion,honest_f0,0.0,1,1,725,406.38909425213825,0.5338591796571007,0.0014558198335176426,,3.0,0.3333333333333333
recursion,honest_f0,0.0,1,1,750,421.6331774829267,0.5360431144801941,0.0011475168784860776,,3.0,0.3333333333333333
recursion,honest_f0,0.0,1,1,775,436.1272102500771,0.5351533568910335,0.0005878786054132308,,3.0,0.3333333333333333
recursion,honest_f0,0.0,1,1,800,450.62128423337566,0.5359658225440258,0.0009654943076970998,,3.0,0.3333333333333333
recursion,honest_f0,0.0,1,1,825,467.6139516787233,0.5343852205381869,0.002364161350810251,,3.0,0.3333333333333333
recursion,honest_f0,0.0,1,1,850,481.10597804735534,0.5344490044852808,0.0013695262957438587,,3.0,0.8333333333333334
recursion,honest_f0,0.0,1,1,875,496.5985931128881,0.5351569079411258,0.0012571245544363155,,3.0,0.5
recursion,honest_f0,0.0,1,1,900,509.8411746770938,0.5331909216130916,0.0006390828249283639,,3.0,0.5
recursion,honest_f0,0.0,1,1,925,524.3350267118835,0.5310853663537218,0.000957063283567216,,3.0,0.3333333333333333
recursion,honest_f0,0.0,1,1,950,538.0778060018524,0.5338964717571723,0.0014916553832049206,,3.0,0.3333333333333333
recursion,honest_f0,0.0,1,1,975,553.8204787693728,0.5330585227874997,0.001110118692370338,,3.0,0.5
recursion,honest_f0,0.0,1,1,1000,569.3118640866214,0.5328606590017417,0.0013615694070534352,,3.0,0.3333333333333333
recursion,honest_f0,0.0,1,2,25,10.74024536704821,0.3931385517174161,0.08300507018908072,,3.0,0.5
recursion,honest_f0,0.0,1,2,50,20.482250088491384,0.547108960632699,0.040758607578411946,,3.0,0.16666666666666666
recursion,honest_f0,0.0,1,2,75,31.223577439158475,0.44397364614860607,0.020344270726750026,,3.0,0.8333333333333334
recursion,honest_f0,0.0,1,2,100,43.96639753080111,0.5036259224353187,0.021648280896751766,,3.0,0.3333333333333333
recursion,honest_f0,0.0,1,2,125,59.210798766999396,0.5158816232879996,0.014398700555084578,,3.0,0.3333333333333333
recursion,honest_f0,0.0,1,2,150,72.45364510650934,0.5286539525193996,0.00934969230862541,,3.0,0.8333333333333334
recursion,honest_f0,0.0,1,2,175,85.44098188938041,0.4897506270700048,0.008258257506332483,,3.0,0.5
recursion,honest_f0,0.0,1,2,200,100.18443476534009,0.5018492479214189,0.007751165186444331,,3.0,0.3333333333333333
recursion,honest_f0,0.0,1,2,225,115.42709482154672,0.4860447789605107,0.005292328143934437,,3.0,0.5
recursion,honest_f0,0.0,1,2,250,129.17035981770047,0.48780929804667184,0.004487302664454027,,3.0,0.3333333333333333
recursion,honest_f0,0.0,1,2,275,144.91321694156,0.4931244253668185,0.005128461964568215,,3.0,0.3333333333333333
recursion,honest_f0,0.0,1,2,300,157.65767724794227,0.4963984964014671,0.0026072096227179576,,3.0,0.3333333333333333
recursion,honest_f0,0.0,1,2,325,172.90063860015124,0.49667950869391586,0.006108540731280432,,3.0,0.3333333333333333
recursion,honest_f0,0.0,1,2,350,185.64515520771192,0.5049405398834599,0.0028978574742734896,,3.0,0.3333333333333333
recursion,honest_f0,0.0,1,2,375,198.6356752263711,0.48831591709745886,0.003860386113816656,,3.0,0.5
recursion,honest_f0,0.0,1,2,400,213.6289361091337,0.48220145881774534,0.0023115887282585505,,3.0,0.3333333333333333
recursion,honest_f0,0.0,1,2,425,227.87287521306507,0.4844075006869433,0.0029779706328285226,,3.0,0.3333333333333333
recursion,honest_f0,0.0,1,2,450,241.36597425338,0.486931520952218,0.0019811004730339527,,3.0,0.3333333333333333
recursion,honest_f0,0.0,1,2,475,253.6062334654008,0.4851061518942345,0.0015362063847310392,,3.0,0.3333333333333333
recursion,honest_f0,0.0,1,2,500,266.846463692672,0.4825386151365784,0.002311415132575025,,3.0,0.3333333333333333
recursion,honest_f0,0.0,1,2,525,282.5895672456985,0.4764840540786442,0.002995752799160823,,3.0,0.3333333333333333
recursion,honest_f0,0.0,1,2,550,297.0824258573454,0.4783235040746366,0.001700320469989607,,3.0,0.3333333333333333
recursion,honest_f0,0.0,1,2,575,311.3251005774262,0.4796547002112005,0.001960428560928863,,3.0,0.3333333333333333
recursion,honest_f0,0.0,1,2,600,324.3178628162053,0.4812280566341938,0.0016679331614165758,,3.0,0.3333333333333333
recursion,honest_f0,0.0,1,2,625,338.0597990362648,0.4810459082149932,0.0013262313048460312,,3.0,0.3333333333333333
recursion,honest_f0,0.0,1,2,650,350.55275735871896,0.48408439495966865,0.0023927382115020547,,3.0,0.3333333333333333
recursion,honest_f0,0.0,1,2,675,364.29545021580907,0.481274216397919,0.0021536419351006167,,3.0,0.3333333333333333
recursion,honest_f0,0.0,1,2,700,378.03679727584114,0.4782440945273524,0.0017113135158642904,,3.0,0.3333333333333333
recursion,honest_f0,0.0,1,2,725,390.0284153126539,0.4778467914658731,0.0009661567561923628,,3.0,0.3333333333333333
recursion,honest_f0,0.0,1,2,750,403.52296511966296,0.4796026453760587,0.0016712373102426847,,3.0,0.3333333333333333
recursion,honest_f0,0.0,1,2,775,418.5158462254699,0.48213215438510515,0.0012825725130326943,,3.0,0.3333333333333333
recursion,honest_f0,0.0,1,2,800,430.7591121510997,0.4834139614176186,0.0006405606232056638,,3.0,0.3333333333333333
recursion,honest_f0,0.0,1,2,825,443.7478431619896,0.4793567420714096,0.0011159909736340385,,3.0,0.3333333333333333
recursion,honest_f0,0.0,1,2,850,457.492385459605,0.48482826782426697,0.0023332641495240865,,3.0,0.3333333333333333
recursion,honest_f0,0.0,1,2,875,473.48670857026985,0.4865335674965573,0.0016884717322665562,,3.0,0.6666666666666666
recursion,honest_f0,0.0,1,2,900,485.979608189481,0.4865453945511802,0.0006209019207734097,,3.0,0.3333333333333333
recursion,honest_f0,0.0,1,2,925,497.9741093898498,0.4862415521363263,0.0006571479912703521,,3.0,0.3333333333333333
recursion,honest_f0,0.0,1,2,950,511.9683416794054,0.48694722193777473,0.0010965520636924168,,3.0,0.3333333333333333
recursion,honest_f0,0.0,1,2,975,525.7082827154663,0.48717240523165306,0.0010679909879818838,,3.0,0.3333333333333333
recursion,honest_f0,0.0,1,2,1000,542.9525680103238,0.49129717539432005,0.0011917121936040477,,3.0,0.3333333333333333
recursion,honest_f0,0.0,1,3,25,13.239358414564421,0.5239902615225372,0.08487203806729188,,3.0,0.8333333333333334
recursion,honest_f0,0.0,1,3,50,23.73319104268888,0.5822884586739747,0.03223199194510756,,3.0,0.3333333333333333
recursion,honest_f0,0.0,1,3,75,33.22348566537532,0.5722483937514742,0.014059962003663768,,3.0,0.5
recursion,honest_f0,0.0,1,3,100,43.464439197942816,0.5739358447674089,0.005785438440226264,,3.0,0.16666666666666666
recursion,honest_f0,0.0,1,3,125,53.45857427858703,0.5601937266703534,0.008425670645253814,,3.0,0.5
recursion,honest_f0,0.0,1,3,150,63.20042756331291,0.5174039706619851,0.013953587650578962,,3.0,0.16666666666666666
recursion,honest_f0,0.0,1,3,175,73.19347186599923,0.49235143020801686,0.00762637516530291,,3.0,0.16666666666666666
recursion,honest_f0,0.0,1,3,200,84.1877754045816,0.519057538687825,0.004921125330794922,,3.0,0.16666666666666666
recursion,honest_f0,0.0,1,3,225,93.68089280178987,0.5188954059963121,0.004398479622875465,,3.0,0.5
recursion,honest_f0,0.0,1,3,250,105.42361577560959,0.51346857867984,0.007085320647019195,,3.0,0.3333333333333333
recursion,honest_f0,0.0,1,3,275,114.66885534391604,0.5366641604440495,0.0049116833909698615,,3.0,0.3333333333333333
recursion,honest_f0,0.0,1,3,300,125.91272203416429,0.5438373130829836,0.00419907533716935,,3.0,0.16666666666666666
recursion,honest_f0,0.0,1,3,325,136.40306851947568,0.5363348423205634,0.00447882169958126,,3.0,0.5
recursion,honest_f0,0.0,1,3,350,145.89793382981696,0.5488800287546179,0.0018329772627008317,,3.0,0.3333333333333333
recursion,honest_f0,0.0,1,3,375,156.63845420171563,0.5340151584070024,0.0026258790905208545,,3.0,0.16666666666666666
recursion,honest_f0,0.0,1,3,400,165.3812652578905,0.528096651953137,0.0019204631152679621,,3.0,0.5
recursion,honest_f0,0.0,1,3,425,173.37563410504336,0.5298823139869666,0.0020325514245244348,,3.0,0.16666666666666666
recursion,honest_f0,0.0,1,3,450,184.3657219344469,0.5207399955698566,0.003629679651380121,,3.0,0.3333333333333333
recursion,honest_f0,0.0,1,3,475,197.10940601954178,0.5279389923290616,0.004506259198613356,,3.0,0.3333333333333333
recursion,honest_f0,0.0,1,3,500,209.1010360292044,0.523221863622372,0.002086885218076566,,3.0,0.16666666666666666
recursion,honest_f0,0.0,1,3,525,221.09468073939126,0.5247816258881608,0.00286213585575179,,3.0,0.3333333333333333
recursion,honest_f0,0.0,1,3,550,234.33773139287464,0.5192395958644065,0.0017409705709725194,,3.0,0.3333333333333333
recursion,honest_f0,0.0,1,3,575,246.08154352514924,0.5233311835116472,0.0011044156642990557,,3.0,0.16666666666666666
recursion,honest_f0,0.0,1,3,600,258.3249093573089,0.5246969698958817,0.0015763140980442692,,3.0,0.3333333333333333
recursion,honest_f0,0.0,1,3,625,270.8199011379355,0.5306454590385571,0.002360865243702838,,3.0,0.3333333333333333
recursion,honest_f0,0.0,1,3,650,283.56139894369056,0.5325263279065757,0.0011477409912038308,,3.0,0.5
recursion,honest_f0,0.0,1,3,675,294.555039334882,0.5339626031230743,0.0018164995180301956,,3.0,0.3333333333333333
recursion,honest_f0,0.0,1,3,700,305.54507006039046,0.5344121909286684,0.0029342782621230913,,3.0,0.3333333333333333
recursion,honest_f0,0.0,1,3,725,317.78951582293615,0.5385965679715672,0.001172135905110126,,3.0,0.3333333333333333
recursion,honest_f0,0.0,1,3,750,328.7838762974696,0.5436392419483127,0.0010876268749687417,,3.0,0.3333333333333333
recursion,honest_f0,0.0,1,3,775,342.27644624062924,0.5472210970067386,0.0012161629749594797,,3.0,0.3333333333333333
recursion,honest_f0,0.0,1,3,800,355.27099043844777,0.5499308200203014,0.0016105990784781104,,3.0,0.16666666666666666
recursion,honest_f0,0.0,1,3,825,366.0100777326885,0.5432664430822356,0.001707566870766845,,3.0,0.3333333333333333
recursion,honest_f0,0.0,1,3,850,378.5050719773386,0.548075142932094,0.0021030236370037352,,3.0,0.5
recursion,honest_f0,0.0,1,3,875,391.99750455345,0.5460960305788941,0.0010607231013388355,,3.0,0.16666666666666666
recursion,honest_f0,0.0,1,3,900,403.74051252694437,0.5490682271928613,0.0007635159432781774,,3.0,0.16666666666666666
recursion,honest_f0,0.0,1,3,925,416.23399821828167,0.5505287037406973,0.0019017019378456412,,3.0,0.6666666666666666
recursion,honest_f0,0.0,1,3,950,427.97713024233735,0.5509991171625709,0.0007945751724296132,,3.0,0.3333333333333333
recursion,honest_f0,0.0,1,3,975,440.72181285156523,0.5534117756771713,0.0012931201890210308,,3.0,0.16666666666666666
recursion,honest_f0,0.0,1,3,1000,453.2164534085226,0.5519650718759502,0.0013619628730352315,,3.0,0.5
recursion,honest_f0,0.0,1,4,25,12.49116468113876,0.6271019225414292,0.0909580847955655,,3.0,0.3333333333333333
recursion,honest_f0,0.0,1,4,50,23.484929570232357,0.685906359083154,0.026727618014990417,,3.0,0.16666666666666666
recursion,honest_f0,0.0,1,4,75,36.96420652260312,0.6033409226733665,0.020431458001928582,,3.0,0.3333333333333333
recursion,honest_f0,0.0,1,4,100,48.451039753096495,0.5806556045819042,0.007248045186169882,,3.0,0.3333333333333333
recursion,honest_f0,0.0,1,4,125,60.9460050692445,0.6088185981505864,0.013124128933503463,,3.0,0.5
recursion,honest_f0,0.0,1,4,150,74.18918181906328,0.5962685989098764,0.0053599707165901435,,3.0,0.16666666666666666
recursion,honest_f0,0.0,1,4,175,85.42358966418762,0.5554335119495453,0.007687310656842298,,3.0,0.5
recursion,honest_f0,0.0,1,4,200,99.16668512003291,0.5580201785811477,0.004379218441506313,,3.0,0.3333333333333333
recursion,honest_f0,0.0,1,4,225,111.65705603092475,0.5414172559547922,0.006213580780572703,,3.0,0.3333333333333333
recursion,honest_f0,0.0,1,4,250,124.14985241354294,0.5485327322084738,0.00276575664359977,,3.0,0.5
recursion,honest_f0,0.0,1,4,275,136.14232552030376,0.5460437765377715,0.006023171984447197,,3.0,0.3333333333333333
recursion,honest_f0,0.0,1,4,300,148.38666752390915,0.554484121287732,0.005918820673968659,,3.0,0.3333333333333333
recursion,honest_f0,0.0,1,4,325,160.63123993961605,0.5587777944970379,0.002584593215645856,,3.0,0.3333333333333333
recursion,honest_f0,0.0,1,4,350,173.37364562379832,0.553130819788521,0.0030252215242225853,,3.0,0.3333333333333333
recursion,honest_f0,0.0,1,4,375,187.3635217210442,0.5527878793694287,0.0035898459365324457,,3.0,0.5
recursion,honest_f0,0.0,1,4,400,199.60399521286269,0.5290000245666072,0.0030038362739008852,,3.0,0.5
recursion,honest_f0,0.0,1,4,425,213.34641727968778,0.5165056690476286,0.00437142996683009,,3.0,0.3333333333333333
recursion,honest_f0,0.0,1,4,450,227.83886388685133,0.5128353827932257,0.0025713604111538536,,3.0,0.3333333333333333
recursion,honest_f0,0.0,1,4,475,242.33036221452403,0.5088649721041789,0.003068756528677491,,3.0,0.3333333333333333
recursion,honest_f0,0.0,1,4,500,256.8229563766595,0.5065422856712887,0.0029601181381617337,,3.0,0.3333333333333333
recursion,honest_f0,0.0,1,4,525,270.81418817339824,0.5022713470601076,0.0020861838891916033,,3.0,0.5
recursion,honest_f0,0.0,1,4,550,285.3073265138458,0.5013857246628385,0.0027918086998461778,,3.0,0.5
recursion,honest_f0,0.0,1,4,575,299.302047114779,0.506794093236574,0.0010483976613779788,,3.0,0.3333333333333333
recursion,honest_f0,0.0,1,4,600,313.04338699845266,0.49979523994907793,0.0017512321605329705,,3.0,0.16666666666666666
recursion,honest_f0,0.0,1,4,625,327.5344405298483,0.49496229668092884,0.002575629665830091,,3.0,0.3333333333333333
recursion,honest_f0,0.0,1,4,650,342.77888650045793,0.49934854954156593,0.0016664766771823955,,3.0,0.8333333333333334
recursion,honest_f0,0.0,1,4,675,357.5233208887311,0.5065521247368924,0.0018523160827059995,,3.0,0.5
recursion,honest_f0,0.0,1,4,700,374.2677137262021,0.5078297509953753,0.0018424892401436282,,3.0,0.3333333333333333
recursion,honest_f0,0.0,1,4,725,387.5109078445821,0.511733905731098,0.0014432613490278567,,3.0,0.3333333333333333
recursion,honest_f0,0.0,1,4,750,401.7554696047728,0.5168959670863856,0.001218957767778704,,3.0,0.6666666666666666
recursion,honest_f0,0.0,1,4,775,416.24827249182647,0.5178252874418481,0.0014926404745096793,,3.0,0.3333333333333333
recursion,honest_f0,0.0,1,4,800,430.4903151523702,0.5193008104196534,0.0022741156780226295,,3.0,0.5
recursion,honest_f0,0.0,1,4,825,446.7301069077405,0.5179054349461951,0.0015591065429232524,,3.0,0.8333333333333334
recursion,honest_f0,0.0,1,4,850,459.72223463402224,0.5169998127798611,0.0017045209947099435,,3.0,0.3333333333333333
recursion,honest_f0,0.0,1,4,875,475.2154785381195,0.5173745369373884,0.0017451919851108916,,3.0,0.5
recursion,honest_f0,0.0,1,4,900,490.7102210924928,0.520143966469257,0.0011219366368156562,,3.0,0.3333333333333333
recursion,honest_f0,0.0,1,4,925,505.7046878888958,0.5192869789954969,0.001992310804794393,,3.0,0.5
recursion,honest_f0,0.0,1,4,950,519.1948770746085,0.5157681302087624,0.0009664603840938532,,3.0,0.3333333333333333
recursion,honest_f0,0.0,1,4,975,533.6894746359576,0.5186930202039494,0.0008519296492667871,,3.0,0.3333333333333333
recursion,honest_f0,0.0,1,4,1000,549.9291180261393,0.517180277799964,0.0010314470842671412,,3.0,0.5
recursion,honest_f0,0.0,2,0,25,10.239808367073186,0.3436271519882993,0.09040279505322307,,0.0,0.5
recursion,honest_f0,0.0,2,0,50,24.48105093377671,0.46826811465348545,0.05473214644971909,,0.0,0.16666666666666666
recursion,honest_f0,0.0,2,0,75,38.975290889823405,0.5401642943266478,0.03255141619095234,,0.0,0.3333333333333333
recursion,honest_f0,0.0,2,0,100,48.45949002968089,0.41479495029868135,0.016623439545541085,,0.0,0.3333333333333333
recursion,honest_f0,0.0,2,0,125,61.15486644521954,0.46342978672397617,0.010746463666501236,,0.0,0.3333333333333333
recursion,honest_f0,0.0,2,0,150,73.39754176257338,0.4879165693278933,0.010350984017749348,,0.0,0.3333333333333333
recursion,honest_f0,0.0,2,0,175,85.14090270985542,0.49666606706132843,0.00924146916246424,,0.0,0.16666666666666666
recursion,honest_f0,0.0,2,0,200,98.38220958720748,0.5071835497285466,0.004931020080976289,,0.0,0.5
recursion,honest_f0,0.0,2,0,225,108.36938893973529,0.4840888970507791,0.00401333260861224,,0.0,0.3333333333333333
recursion,honest_f0,0.0,2,0,250,121.86438660955186,0.5265005544004737,0.007534696945749233,,0.0,0.16666666666666666
recursion,honest_f0,0.0,2,0,275,133.10748170814787,0.5454155476129667,0.0029551187679511762,,0.0,0.3333333333333333
recursion,honest_f0,0.0,2,0,300,144.5941071099814,0.5202063786576588,0.0040638370374694475,,0.0,0.16666666666666666
recursion,honest_f0,0.0,2,0,325,156.33101132949113,0.49444183534102587,0.004288337856892533,,0.0,0.5
recursion,honest_f0,0.0,2,0,350,169.0703067204563,0.49160635521720014,0.004722048265486393,,0.0,1.0
recursion,honest_f0,0.0,2,0,375,182.31124118581585,0.4927440741655451,0.0033060516223912804,,0.0,0.16666666666666666
recursion,honest_f0,0.0,2,0,400,194.3048687460566,0.5021643901820393,0.0027946025350563865,,0.0,0.3333333333333333
recursion,honest_f0,0.0,2,0,425,205.79668652633094,0.503484382428172,0.0031411901619163396,,0.0,0.6666666666666666
recursion,honest_f0,0.0,2,0,450,218.54055787863388,0.509704281533087,0.005160063480842094,,0.0,0.5
recursion,honest_f0,0.0,2,0,475,230.279642036341,0.501818292035725,0.001799946152172927,,0.0,0.16666666666666666
recursion,honest_f0,0.0,2,0,500,243.27039601520156,0.5005948362818174,0.002364225073835499,,0.0,0.16666666666666666
recursion,honest_f0,0.0,2,0,525,256.01510578531474,0.5081522214250425,0.0023287854296263418,,0.0,0.3333333333333333
recursion,honest_f0,0.0,2,0,550,267.9496085632139,0.5092394959214586,0.0014277683761525972,,0.0,0.16666666666666666
recursion,honest_f0,0.0,2,0,575,281.44423636177635,0.519249669093012,0.0017753166536509115,,0.0,0.3333333333333333
recursion,honest_f0,0.0,2,0,600,293.435297141621,0.5148592913553451,0.0019345542866130458,,0.0,0.6666666666666666
recursion,honest_f0,0.0,2,0,625,305.92640592423254,0.511573162650001,0.0013021738001048905,,0.0,0.3333333333333333
recursion,honest_f0,0.0,2,0,650,317.91571925665545,0.5007978127338375,0.0013913335524090022,,0.0,0.3333333333333333
recursion,honest_f0,0.0,2,0,675,330.6587317201798,0.5023599977428872,0.0009352399473988762,,0.0,0.16666666666666666
recursion,honest_f0,0.0,2,0,700,343.54755380695457,0.5082416396160756,0.0012186736087252137,,0.0,0.16666666666666666
recursion,honest_f0,0.0,2,0,725,356.78926120543247,0.5137682649989971,0.0017276968978399195,,0.0,0.3333333333333333
recursion,honest_f0,0.0,2,0,750,367.5293907840509,0.5073574290845339,0.0016557609722167679,,0.0,0.3333333333333333
recursion,honest_f0,0.0,2,0,775,383.5220965794209,0.5138912739578939,0.0012845000802681036,,0.0,0.6666666666666666
recursion,honest_f0,0.0,2,0,800,395.7638732426933,0.5171808606303775,0.001595662929400144,,0.0,0.16666666666666666
recursion,honest_f0,0.0,2,0,825,411.2563047068143,0.5197983378596543,0.0015638993525563505,,0.0,0.3333333333333333
recursion,honest_f0,0.0,2,0,850,424.49803217755755,0.5196669210490056,0.0011795812349408585,,0.0,0.3333333333333333
recursion,honest_f0,0.0,2,0,875,437.990320970338,0.5246451044667627,0.0009531343103541999,,0.0,0.3333333333333333
recursion,honest_f0,0.0,2,0,900,450.2315784633789,0.5257482719571597,0.0015765864966456845,,0.0,0.5
recursion,honest_f0,0.0,2,0,925,464.47325523016514,0.5282153591045788,0.0008289463662104986,,0.0,0.3333333333333333
recursion,honest_f0,0.0,2,0,950,476.7121366914101,0.522633694931012,0.0017847781058375485,,0.0,0.3333333333333333
recursion,honest_f0,0.0,2,0,975,488.70320328357536,0.5187655049307037,0.0018809251681865774,,0.0,0.3333333333333333
recursion,honest_f0,0.0,2,0,1000,500.6929028216372,0.5123937889448255,0.0009070004093476124,,0.0,0.3333333333333333
recursion,honest_f0,0.0,2,1,25,9.4894528698175,0.33476223962982676,0.055627156979722744,,0.0,0.16666666666666666
recursion,honest_f0,0.0,2,1,50,19.977610425250944,0.28427146840333006,0.031042079990128753,,0.0,0.16666666666666666
recursion,honest_f0,0.0,2,1,75,32.47162588359405,0.4079084613616386,0.018465443564034695,,0.0,0.16666666666666666
recursion,honest_f0,0.0,2,1,100,42.9604087142699,0.2899060883520566,0.019284815138402238,,0.0,0.3333333333333333
recursion,honest_f0,0.0,2,1,125,55.70383468539782,0.3457493836529246,0.014717749947996048,,0.0,0.3333333333333333
recursion,honest_f0,0.0,2,1,150,70.19593230243413,0.38567259775741425,0.009642357760044849,,0.0,0.16666666666666666
recursion,honest_f0,0.0,2,1,175,83.18911714391525,0.4024206297663414,0.006325928930483957,,0.0,0.5
recursion,honest_f0,0.0,2,1,200,95.430697171232,0.42296580781949344,0.007367539045043975,,0.0,0.6666666666666666
recursion,honest_f0,0.0,2,1,225,107.92296010756888,0.43852967230224993,0.0036030403068674464,,0.0,0.3333333333333333
recursion,honest_f0,0.0,2,1,250,122.16750980515764,0.4775132696876217,0.004913767016581226,,0.0,0.16666666666666666
recursion,honest_f0,0.0,2,1,275,135.15988706788505,0.4982735263529229,0.004813030794726004,,0.0,0.5
recursion,honest_f0,0.0,2,1,300,147.65177404295534,0.49989938237742876,0.005621171584739333,,0.0,0.5
recursion,honest_f0,0.0,2,1,325,159.38930672365456,0.4778851635881537,0.004729667738539396,,0.0,0.8333333333333334
recursion,honest_f0,0.0,2,1,350,170.37870943059355,0.452708648135446,0.004384178390453683,,0.0,0.5
recursion,honest_f0,0.0,2,1,375,182.12207866392555,0.4621704178771881,0.0029818670165221934,,0.0,0.16666666666666666
recursion,honest_f0,0.0,2,1,400,194.61524226907284,0.47574964976748024,0.0026330709834099636,,0.0,0.5
recursion,honest_f0,0.0,2,1,425,206.18830577093914,0.47638170280712366,0.0019220969147596223,,0.0,0.16666666666666666
recursion,honest_f0,0.0,2,1,450,216.93072056930325,0.47691013646764185,0.001171445833733476,,0.0,0.16666666666666666
recursion,honest_f0,0.0,2,1,475,229.92199289149121,0.4827401799465356,0.0033681773384031666,,0.0,0.16666666666666666
recursion,honest_f0,0.0,2,1,500,241.6624117997847,0.48193756370364615,0.002330882935589667,,0.0,0.16666666666666666
recursion,honest_f0,0.0,2,1,525,254.90699770899687,0.4969439726215707,0.0025119137309236985,,0.0,0.5
recursion,honest_f0,0.0,2,1,550,268.3986269835779,0.5021167840765094,0.002031269930541324,,0.0,0.8333333333333334
recursion,honest_f0,0.0,2,1,575,280.39229960510426,0.5052124528648884,0.0023588870052776018,,0.0,0.3333333333333333
recursion,honest_f0,0.0,2,1,600,291.6328654728115,0.5019189544870356,0.001898564504329446,,0.0,0.3333333333333333
recursion,honest_f0,0.0,2,1,625,302.8735979966487,0.502968140524557,0.0008802936679802127,,0.0,0.16666666666666666
recursion,honest_f0,0.0,2,1,650,313.3616026755478,0.48842980711893086,0.002475371713922166,,0.0,0.3333333333333333
recursion,honest_f0,0.0,2,1,675,324.85239585178533,0.4833299178959382,0.002093169180710317,,0.0,0.16666666666666666
recursion,honest_f0,0.0,2,1,700,337.8471768129824,0.4977430718984806,0.0015894803676538836,,0.0,0.16666666666666666
recursion,honest_f0,0.0,2,1,725,350.5892652469557,0.4983977812644689,0.0009088862666389134,,0.0,0.3333333333333333
recursion,honest_f0,0.0,2,1,750,363.33032209589635,0.4989148255188789,0.0014178969512689996,,0.0,0.3333333333333333
recursion,honest_f0,0.0,2,1,775,376.32279869464475,0.5026447732697363,0.0015899596880970485,,0.0,0.3333333333333333
recursion,honest_f0,0.0,2,1,800,388.3153161184723,0.5087345645210072,0.0018637386262539937,,0.0,0.16666666666666666
recursion,honest_f0,0.0,2,1,825,401.3095065868226,0.5168974249021294,0.0013089525176019736,,0.0,0.3333333333333333
recursion,honest_f0,0.0,2,1,850,412.8011646038615,0.5132594628202614,0.001206066700452293,,0.0,0.3333333333333333
recursion,honest_f0,0.0,2,1,875,426.29455759194207,0.5166180714890312,0.0009137533891336952,,0.0,0.5
recursion,honest_f0,0.0,2,1,900,438.53755073490663,0.5192909963373495,0.0016009304682682364,,0.0,0.3333333333333333
recursion,honest_f0,0.0,2,1,925,449.52994604506705,0.521108914921849,0.0012259219534893557,,0.0,0.3333333333333333
recursion,honest_f0,0.0,2,1,950,460.7728893080497,0.5221985676766877,0.0011627733492423104,,0.0,0.3333333333333333
recursion,honest_f0,0.0,2,1,975,471.76287311064226,0.5189004602730609,0.0015493159649387128,,0.0,0.3333333333333333
recursion,honest_f0,0.0,2,1,1000,483.00380317285686,0.5176063180198026,0.001791548711866624,,0.0,0.16666666666666666
recursion,honest_f0,0.0,2,2,25,10.74116518280701,0.24781808015781726,0.057742850487797696,,0.0,0.16666666666666666
recursion,honest_f0,0.0,2,2,50,23.483281630443788,0.21601934303430498,0.04546819897821346,,0.0,0.3333333333333333
recursion,honest_f0,0.0,2,2,75,35.22658560780075,0.3204610357598551,0.014266261492423533,,0.0,0.16666666666666666
recursion,honest_f0,0.0,2,2,100,45.21666477640362,0.26041616076214014,0.009167606793134454,,0.0,0.3333333333333333
recursion,honest_f0,0.0,2,2,125,58.710927374618464,0.3718141038972674,0.01451066630220785,,0.0,0.3333333333333333
recursion,honest_f0,0.0,2,2,150,68.9534937427093,0.3923791426952673,0.006039103277265522,,0.0,0.16666666666666666
recursion,honest_f0,0.0,2,2,175,78.94670643571686,0.41804858031110614,0.004250146807077107,,0.0,0.3333333333333333
recursion,honest_f0,0.0,2,2,200,87.93906094654889,0.4178125732515352,0.010469596785291625,,0.0,0.3333333333333333
recursion,honest_f0,0.0,2,2,225,98.679830850542,0.41902595204808124,0.005125197226359737,,0.0,0.3333333333333333
recursion,honest_f0,0.0,2,2,250,111.67523954147305,0.4729981804634056,0.007588879426717112,,0.0,0.16666666666666666
recursion,honest_f0,0.0,2,2,275,121.91747798875403,0.4830259773484782,0.004783685410522346,,0.0,0.3333333333333333
recursion,honest_f0,0.0,2,2,300,132.65990360368508,0.473219327464508,0.0024711120143691575,,0.0,0.16666666666666666
recursion,honest_f0,0.0,2,2,325,143.39686313515324,0.43707066205831047,0.004966901768892722,,0.0,0.3333333333333333
recursion,honest_f0,0.0,2,2,350,153.3879544557147,0.4274929190988335,0.0014776340703652952,,0.0,0.3333333333333333
recursion,honest_f0,0.0,2,2,375,164.88131447514152,0.44142068162018766,0.0018569625865493611,,0.0,0.16666666666666666
recursion,honest_f0,0.0,2,2,400,178.37519338608178,0.4505402291348991,0.002674645109960401,,0.0,0.5
recursion,honest_f0,0.0,2,2,425,191.11805055847182,0.4576604716046858,0.0014886028534686984,,0.0,0.5
recursion,honest_f0,0.0,2,2,450,201.2749300923835,0.4516754101821726,0.0026607048818685906,,0.0,0.16666666666666666
recursion,honest_f0,0.0,2,2,475,214.01488207070003,0.4521456817641635,0.0021461090814740074,,0.0,0.16666666666666666
recursion,honest_f0,0.0,2,2,500,226.2569167836196,0.4441743751343457,0.002896986076517116,,0.0,0.16666666666666666
recursion,honest_f0,0.0,2,2,525,239.0007559539037,0.45869613606606774,0.001833801534295948,,0.0,0.3333333333333333
recursion,honest_f0,0.0,2,2,550,250.49284251041306,0.4529049104898337,0.0021005254339313537,,0.0,0.3333333333333333
recursion,honest_f0,0.0,2,2,575,262.7372507370519,0.46151994878014857,0.0014581543190912872,,0.0,0.3333333333333333
recursion,honest_f0,0.0,2,2,600,274.4797461504862,0.46258362828880967,0.001474522089940647,,0.0,0.3333333333333333
recursion,honest_f0,0.0,2,2,625,286.7216568887724,0.4587036644599296,0.0018241337790326306,,0.0,0.3333333333333333
recursion,honest_f0,0.0,2,2,650,298.96319356702134,0.447850272205267,0.0021373065940995073,,0.0,0.3333333333333333
recursion,honest_f0,0.0,2,2,675,310.4553614300198,0.4507711539290128,0.002266183836743646,,0.0,0.16666666666666666
recursion,honest_f0,0.0,2,2,700,321.9496957075782,0.45729814218852616,0.0014809077280734404,,0.0,0.16666666666666666
recursion,honest_f0,0.0,2,2,725,333.1908313874363,0.450324498500245,0.0026754295853135047,,0.0,0.16666666666666666
recursion,honest_f0,0.0,2,2,750,344.68219020359464,0.43941879045731297,0.0016231270516933656,,0.0,0.3333333333333333
recursion,honest_f0,0.0,2,2,775,357.1742785143184,0.4459197623619461,0.00194492903619222,,0.0,0.3333333333333333
recursion,honest_f0,0.0,2,2,800,369.16702153792426,0.4519409470049708,0.001730887312104677,,0.0,0.16666666666666666
recursion,honest_f0,0.0,2,2,825,382.4106862428943,0.46128955318590226,0.0020784958578957263,,0.0,0.8333333333333334
recursion,honest_f0,0.0,2,2,850,394.65247396653933,0.4579975187776849,0.0012534593734825317,,0.0,0.3333333333333333
recursion,honest_f0,0.0,2,2,875,407.64531146698516,0.4635684245152057,0.0014350222368907295,,0.0,0.16666666666666666
recursion,honest_f0,0.0,2,2,900,420.887355830559,0.4669982709201377,0.0015733457816209946,,0.0,0.3333333333333333
recursion,honest_f0,0.0,2,2,925,434.3800385699649,0.4690746038010387,0.000501796872368016,,0.0,0.5
recursion,honest_f0,0.0,2,2,950,446.6215253251588,0.46577160310865384,0.0013914755626114508,,0.0,0.5
recursion,honest_f0,0.0,2,2,975,458.6121075122926,0.4661133365122542,0.0009757510330736771,,0.0,0.3333333333333333
recursion,honest_f0,0.0,2,2,1000,470.3528527832232,0.45883831968263467,0.0014119955424695514,,0.0,0.3333333333333333
recursion,honest_f0,0.0,2,3,25,12.737578094017605,0.4884841580063506,0.0912670655875856,,0.0,0.3333333333333333
recursion,honest_f0,0.0,2,3,50,23.47734125754474,0.530048904653023,0.03678248750477986,,0.0,0.3333333333333333
recursion,honest_f0,0.0,2,3,75,34.97041554137996,0.5661454322544905,0.014985852838738822,,0.0,0.3333333333333333
recursion,honest_f0,0.0,2,3,100,45.20641172602184,0.4575518973893669,0.013894576038318627,,0.0,0.3333333333333333
recursion,honest_f0,0.0,2,3,125,58.20090427565334,0.526918638598128,0.012274252018030887,,0.0,0.3333333333333333
recursion,honest_f0,0.0,2,3,150,70.44270454396762,0.5413998646603568,0.005114474987809045,,0.0,0.3333333333333333
recursion,honest_f0,0.0,2,3,175,80.43615158410276,0.5468811767611524,0.005510722600746887,,0.0,0.3333333333333333
recursion,honest_f0,0.0,2,3,200,90.17882825086967,0.5561198051400479,0.005265141422109496,,0.0,0.16666666666666666
recursion,honest_f0,0.0,2,3,225,99.66983611023085,0.5514951973630204,0.005247181410020309,,0.0,0.16666666666666666
recursion,honest_f0,0.0,2,3,250,110.41491574707315,0.5894685629153137,0.005187048375447626,,0.0,0.16666666666666666
recursion,honest_f0,0.0,2,3,275,120.65763984743838,0.6020836225248379,0.0029251746425467784,,0.0,0.3333333333333333
recursion,honest_f0,0.0,2,3,300,129.6455528696485,0.5916012524904882,0.005213894230616416,,0.0,0.16666666666666666
recursion,honest_f0,0.0,2,3,325,138.63253854146097,0.5642897271192282,0.004125434222614799,,0.0,0.3333333333333333
recursion,honest_f0,0.0,2,3,350,147.3725781310023,0.5483167973083102,0.0029455921685643473,,0.0,0.3333333333333333
recursion,honest_f0,0.0,2,3,375,157.11539109996443,0.5527204166783566,0.002051457791366894,,0.0,0.16666666666666666
recursion,honest_f0,0.0,2,3,400,165.607420154992,0.5531002951390724,0.0028648071500511686,,0.0,0.16666666666666666
recursion,honest_f0,0.0,2,3,425,175.59966618777472,0.5611042932394263,0.0023834648744499067,,0.0,0.3333333333333333
recursion,honest_f0,0.0,2,3,450,185.09155055468847,0.5594339888277579,0.0017586590352711962,,0.0,0.16666666666666666
recursion,honest_f0,0.0,2,3,475,195.8312316857007,0.5387270702261634,0.0027480167931941057,,0.0,0.3333333333333333
recursion,honest_f0,0.0,2,3,500,205.57215288766213,0.5290972617241062,0.0020812769474391306,,0.0,0.16666666666666666
recursion,honest_f0,0.0,2,3,525,214.56650842484325,0.5410843212200468,0.0017414193449673831,,0.0,0.16666666666666666
recursion,honest_f0,0.0,2,3,550,224.3078124420079,0.5442833823859833,0.002343767196139199,,0.0,0.3333333333333333
recursion,honest_f0,0.0,2,3,575,233.55196421466525,0.5528574735553407,0.0021706219022971434,,0.0,0.16666666666666666
recursion,honest_f0,0.0,2,3,600,242.79325273686035,0.5485321936181013,0.0013849463138568142,,0.0,0.16666666666666666
recursion,honest_f0,0.0,2,3,625,252.03428940982766,0.5462785084304098,0.002301868454756905,,0.0,0.3333333333333333
recursion,honest_f0,0.0,2,3,650,262.52359622361666,0.5328655053929415,0.002096103036299559,,0.0,0.16666666666666666
recursion,honest_f0,0.0,2,3,675,273.2651806759745,0.5311540218076347,0.0013700136000720678,,0.0,0.16666666666666666
recursion,honest_f0,0.0,2,3,700,283.0099760540393,0.5449243221911698,0.0015945011662165727,,0.0,0.16666666666666666
recursion,honest_f0,0.0,2,3,725,291.501847758801,0.5421642310906054,0.0008576201140534459,,0.0,0.16666666666666666
recursion,honest_f0,0.0,2,3,750,301.2425504665517,0.5350526998696548,0.0019048064872365295,,0.0,0.3333333333333333
recursion,honest_f0,0.0,2,3,775,310.73511963762604,0.533442670148063,0.0013810993946176318,,0.0,0.3333333333333333
recursion,honest_f0,0.0,2,3,800,319.47844936324674,0.5394785328231223,0.0010502830361357367,,0.0,0.16666666666666666
recursion,honest_f0,0.0,2,3,825,329.2213507032376,0.5437826093675514,0.0015596010649735915,,0.0,0.3333333333333333
recursion,honest_f0,0.0,2,3,850,339.21313164201854,0.5422232851958504,0.0007662101426844703,,0.0,0.3333333333333333
recursion,honest_f0,0.0,2,3,875,349.20614516653245,0.5489209377195228,0.00122122094097274,,0.0,0.3333333333333333
recursion,honest_f0,0.0,2,3,900,358.44755241658095,0.5506485281597528,0.0014347592730310783,,0.0,0.3333333333333333
recursion,honest_f0,0.0,2,3,925,369.9379945952532,0.5451014756593517,0.0015665906854602754,,0.0,0.3333333333333333
recursion,honest_f0,0.0,2,3,950,379.42926257306533,0.5426740399022714,0.000959031740926819,,0.0,0.3333333333333333
recursion,honest_f0,0.0,2,3,975,388.9196788509865,0.5354795661645615,0.0010827986550676232,,0.0,0.16666666666666666
recursion,honest_f0,0.0,2,3,1000,398.15999365628096,0.530415488776021,0.0012318219092055875,,0.0,0.3333333333333333
recursion,honest_f0,0.0,2,4,25,13.236409954056196,0.547149801718178,0.07164264055036738,,0.0,0.3333333333333333
recursion,honest_f0,0.0,2,4,50,24.229985123865124,0.5751075686922521,0.015888301242550855,,0.0,0.16666666666666666
recursion,honest_f0,0.0,2,4,75,34.69342430831601,0.5597493869864294,0.016388327951606618,,0.0,0.16666666666666666
recursion,honest_f0,0.0,2,4,100,44.39456233286802,0.4589199222992071,0.010770949088598039,,0.0,0.16666666666666666
recursion,honest_f0,0.0,2,4,125,56.13971483581864,0.5547188393388699,0.01086688392370463,,0.0,0.3333333333333333
recursion,honest_f0,0.0,2,4,150,68.38147780189723,0.5740074288855386,0.006726805167854497,,0.0,0.16666666666666666
recursion,honest_f0,0.0,2,4,175,80.62505040957765,0.6266456985583537,0.005837534952436347,,0.0,0.16666666666666666
recursion,honest_f0,0.0,2,4,200,89.61543532366929,0.6062952888138025,0.005924728988442825,,0.0,0.3333333333333333
recursion,honest_f0,0.0,2,4,225,101.0636607560348,0.6127986559912685,0.004439399717934815,,0.0,0.3333333333333333
recursion,honest_f0,0.0,2,4,250,112.55862721807517,0.644724712988531,0.006094606475030463,,0.0,0.16666666666666666
recursion,honest_f0,0.0,2,4,275,122.55007925582235,0.6384095209484518,0.004078310692831003,,0.0,0.5
recursion,honest_f0,0.0,2,4,300,132.2878980710782,0.6210417275555169,0.0032604843091458163,,0.0,0.16666666666666666
recursion,honest_f0,0.0,2,4,325,141.7741617843178,0.5949155344803254,0.004198342144733057,,0.0,0.16666666666666666
recursion,honest_f0,0.0,2,4,350,150.51392352458268,0.5816295106708498,0.002996759040478776,,0.0,0.16666666666666666
recursion,honest_f0,0.0,2,4,375,164.25691193196909,0.6002163735006896,0.004115678038143033,,0.0,0.16666666666666666
recursion,honest_f0,0.0,2,4,400,173.74888636641592,0.6016939184308565,0.002828816599027532,,0.0,0.16666666666666666
recursion,honest_f0,0.0,2,4,425,185.74233376981587,0.610504454124889,0.0020047992207055275,,0.0,0.3333333333333333
recursion,honest_f0,0.0,2,4,450,196.48473251189893,0.6127216221395524,0.0014488336157364601,,0.0,0.16666666666666666
recursion,honest_f0,0.0,2,4,475,206.22450700567225,0.6025024617793239,0.002325539074045669,,0.0,0.16666666666666666
recursion,honest_f0,0.0,2,4,500,216.21561681232208,0.5983631005891803,0.0015417422711227102,,0.0,0.16666666666666666
recursion,honest_f0,0.0,2,4,525,227.95889133328373,0.6072187098139651,0.002250360763947691,,0.0,0.16666666666666666
recursion,honest_f0,0.0,2,4,550,238.70077168674337,0.6148567223403238,0.002138216607363898,,0.0,0.3333333333333333
recursion,honest_f0,0.0,2,4,575,249.69430964279502,0.6199704847760044,0.002854499738884311,,0.0,0.5
recursion,honest_f0,0.0,2,4,600,260.43454486238113,0.6063536695280911,0.001252009816262344,,0.0,1.0
recursion,honest_f0,0.0,2,4,625,271.3642446052912,0.607788321000328,0.0014467859788022644,,0.0,0.3333333333333333
recursion,honest_f0,0.0,2,4,650,284.6063367374535,0.6119620564692468,0.001934774285702995,,0.0,0.3333333333333333
recursion,honest_f0,0.0,2,4,675,296.34809938508323,0.613647820375055,0.0014899824328741778,,0.0,0.16666666666666666
recursion,honest_f0,0.0,2,4,700,307.34210958629893,0.6244392022682554,0.0014982721651032765,,0.0,0.16666666666666666
recursion,honest_f0,0.0,2,4,725,319.83378054451475,0.6246107176916484,0.0016782434864611468,,0.0,0.16666666666666666
recursion,honest_f0,0.0,2,4,750,331.3259545830475,0.625877390869948,0.0011414842268664335,,0.0,0.16666666666666666
recursion,honest_f0,0.0,2,4,775,345.56888587821203,0.6346985104635836,0.002217086755976529,,0.0,0.3333333333333333
recursion,honest_f0,0.0,2,4,800,357.3122816853921,0.6413558565965343,0.0017675378669325668,,0.0,0.16666666666666666
recursion,honest_f0,0.0,2,4,825,370.30644518500173,0.6520838213607012,0.0018356928573836123,,0.0,0.5
recursion,honest_f0,0.0,2,4,850,381.54763183300446,0.6539410408205606,0.0014619158889940345,,0.0,0.3333333333333333
recursion,honest_f0,0.0,2,4,875,394.290922209715,0.6604001797557673,0.0014539074750975968,,0.0,0.5
recursion,honest_f0,0.0,2,4,900,406.78404892488425,0.6655224320939012,0.0023027350785642256,,0.0,0.16666666666666666
recursion,honest_f0,0.0,2,4,925,418.77736292273806,0.6677154473792705,0.0014957777581262781,,0.0,0.3333333333333333
recursion,honest_f0,0.0,2,4,950,429.7679543727715,0.6702344299269843,0.0016293763625328857,,0.0,0.16666666666666666
recursion,honest_f0,0.0,2,4,975,442.0077977675398,0.6693717005228337,0.0008426930211219209,,0.0,0.16666666666666666
recursion,honest_f0,0.0,2,4,1000,456.74734031509087,0.6639626661760972,0.0017891476605355861,,0.0,0.3333333333333333
recursion,honest_f0,0.0,2,0,25,10.24073724649704,0.31649025346987625,0.05666622340916533,,1.0,0.3333333333333333
recursion,honest_f0,0.0,2,0,50,22.977587566399826,0.4869811806611692,0.0313440890886826,,1.0,0.3333333333333333
recursion,honest_f0,0.0,2,0,75,32.46762206027517,0.4486967815209645,0.014665367026812082,,1.0,0.3333333333333333
recursion,honest_f0,0.0,2,0,100,44.46152812746367,0.48063311295532324,0.014369714482587106,,1.0,0.3333333333333333
recursion,honest_f0,0.0,2,0,125,57.70648507076521,0.5574657773179356,0.015309348208849367,,1.0,0.16666666666666666
recursion,honest_f0,0.0,2,0,150,69.70062029761722,0.5865440633363775,0.005174198021842887,,1.0,0.16666666666666666
recursion,honest_f0,0.0,2,0,175,81.19378209966436,0.6045724443284479,0.00787304461131848,,1.0,0.3333333333333333
recursion,honest_f0,0.0,2,0,200,91.68573067156238,0.5920502831668435,0.006359977961212693,,1.0,0.16666666666666666
recursion,honest_f0,0.0,2,0,225,103.42513268804521,0.556721146146633,0.005653292214082796,,1.0,0.6666666666666666
recursion,honest_f0,0.0,2,0,250,115.91683600301675,0.5780115726668886,0.004615754429398253,,1.0,0.3333333333333333
recursion,honest_f0,0.0,2,0,275,127.66024238489504,0.590413918907709,0.004148914149060524,,1.0,0.3333333333333333
recursion,honest_f0,0.0,2,0,300,139.90162748028555,0.5887186999222902,0.004772349515411029,,1.0,0.16666666666666666
recursion,honest_f0,0.0,2,0,325,151.39312841054107,0.5840293541428797,0.002929674035316802,,1.0,0.5
recursion,honest_f0,0.0,2,0,350,162.3820669087025,0.5695336366886917,0.0023241634988020194,,1.0,0.3333333333333333
recursion,honest_f0,0.0,2,0,375,174.87298895157997,0.5520411979826189,0.0036485535663599933,,1.0,0.3333333333333333
recursion,honest_f0,0.0,2,0,400,186.8655302240137,0.5470852981559384,0.0021676272676111243,,1.0,0.3333333333333333
recursion,honest_f0,0.0,2,0,425,197.85744637675688,0.5500003780275852,0.0026157935821668034,,1.0,0.6666666666666666
recursion,honest_f0,0.0,2,0,450,209.60001255569898,0.5449858669790629,0.0038702596526530154,,1.0,0.3333333333333333
recursion,honest_f0,0.0,2,0,475,220.84397459481295,0.5518444379735147,0.001957730197257673,,1.0,0.16666666666666666
recursion,honest_f0,0.0,2,0,500,232.33674790984827,0.5541332171404307,0.0032813179478254385,,1.0,0.3333333333333333
recursion,honest_f0,0.0,2,0,525,245.82942686436934,0.5477500033966138,0.0029523681195531655,,1.0,0.3333333333333333
recursion,honest_f0,0.0,2,0,550,257.5700005696526,0.5476297203566477,0.002076970620937019,,1.0,0.3333333333333333
recursion,honest_f0,0.0,2,0,575,271.06466708827895,0.5519253991700511,0.0018971141494592766,,1.0,0.3333333333333333
recursion,honest_f0,0.0,2,0,600,281.30464327999334,0.5448075826023471,0.002033718327435897,,1.0,0.3333333333333333
recursion,honest_f0,0.0,2,0,625,293.79897729491836,0.5504527637059805,0.001788443457833441,,1.0,0.3333333333333333
recursion,honest_f0,0.0,2,0,650,305.79029795605095,0.5496597229359339,0.0012850406220293587,,1.0,0.16666666666666666
recursion,honest_f0,0.0,2,0,675,317.53546386530104,0.5605315780466432,0.0019326889559132033,,1.0,0.3333333333333333
recursion,honest_f0,0.0,2,0,700,329.7777371666837,0.5651853527265616,0.0023641453133793587,,1.0,0.3333333333333333
recursion,honest_f0,0.0,2,0,725,342.26922700185617,0.5606392614204285,0.0012590371972491777,,1.0,0.5
recursion,honest_f0,0.0,2,0,750,353.26123663703186,0.5615870581179776,0.001063898719738773,,1.0,0.3333333333333333
recursion,honest_f0,0.0,2,0,775,364.2535697583081,0.566261523003015,0.0011291212772753646,,1.0,0.3333333333333333
recursion,honest_f0,0.0,2,0,800,375.741110487502,0.5573711413398249,0.0019470653254817741,,1.0,0.5
recursion,honest_f0,0.0,2,0,825,386.73258453591336,0.5556084215449795,0.0018463099265426449,,1.0,0.3333333333333333
recursion,honest_f0,0.0,2,0,850,398.4766405425585,0.559722505587196,0.0009907324958164146,,1.0,0.16666666666666666
recursion,honest_f0,0.0,2,0,875,410.7187856876891,0.5624289432206581,0.0012735255385774552,,1.0,0.3333333333333333
recursion,honest_f0,0.0,2,0,900,421.4575928579313,0.5587133431733944,0.001156200491653928,,1.0,0.3333333333333333
recursion,honest_f0,0.0,2,0,925,434.1983278621892,0.554113183563052,0.0009022591221171084,,1.0,0.3333333333333333
recursion,honest_f0,0.0,2,0,950,445.1906693601383,0.5528365286485999,0.0009800691811949682,,1.0,0.16666666666666666
recursion,honest_f0,0.0,2,0,975,455.6801112209027,0.5479012424892453,0.001079065446233252,,1.0,0.3333333333333333
recursion,honest_f0,0.0,2,0,1000,468.4244657008003,0.5510917049243916,0.00116861991500672,,1.0,0.3333333333333333
recursion,honest_f0,0.0,2,1,25,13.990471310525297,0.3777182932065314,0.06292829710198865,,1.0,0.5
recursion,honest_f0,0.0,2,1,50,28.984271069137826,0.42042874788983836,0.02343550929142671,,1.0,0.3333333333333333
recursion,honest_f0,0.0,2,1,75,40.94796958871882,0.4141814951142971,0.016421850533698594,,1.0,0.16666666666666666
recursion,honest_f0,0.0,2,1,100,54.44132738534727,0.4305865121651201,0.010711107637542827,,1.0,0.3333333333333333
recursion,honest_f0,0.0,2,1,125,68.93387352395492,0.4287874598175639,0.008457166005468267,,1.0,0.8333333333333334
recursion,honest_f0,0.0,2,1,150,82.6777463004477,0.4558858462718706,0.012602271474861601,,1.0,0.3333333333333333
recursion,honest_f0,0.0,2,1,175,94.42089086807584,0.45930946292287667,0.005318711428829023,,1.0,0.3333333333333333
recursion,honest_f0,0.0,2,1,200,107.16530920853523,0.49582933576499594,0.0064718749224377614,,1.0,0.3333333333333333
recursion,honest_f0,0.0,2,1,225,121.15980389445795,0.513507406243071,0.003044579559970304,,1.0,0.3333333333333333
recursion,honest_f0,0.0,2,1,250,132.9014573421003,0.5192954901690889,0.002855500556316973,,1.0,0.16666666666666666
recursion,honest_f0,0.0,2,1,275,148.39612670508654,0.5550461652869642,0.0063446507552118794,,1.0,0.5
recursion,honest_f0,0.0,2,1,300,158.8858579478333,0.5303288639313102,0.004089746727807311,,1.0,0.16666666666666666
recursion,honest_f0,0.0,2,1,325,171.8762085303388,0.5296377156814114,0.004483055348835577,,1.0,0.16666666666666666
recursion,honest_f0,0.0,2,1,350,181.3658311008909,0.5093284164290363,0.004373075289718093,,1.0,0.3333333333333333
recursion,honest_f0,0.0,2,1,375,193.60747466053903,0.5034218358113474,0.002282409578054905,,1.0,0.3333333333333333
recursion,honest_f0,0.0,2,1,400,202.84736404488166,0.48858825596261146,0.003411839096192795,,1.0,0.3333333333333333
recursion,honest_f0,0.0,2,1,425,214.84048608589532,0.4966673048322545,0.003387572761918793,,1.0,0.5
recursion,honest_f0,0.0,2,1,450,226.83185754671385,0.5016486079151035,0.0015286588077680697,,1.0,0.3333333333333333
recursion,honest_f0,0.0,2,1,475,237.5742899188014,0.5052048087358657,0.002879794807025737,,1.0,0.16666666666666666
recursion,honest_f0,0.0,2,1,500,251.56504184264938,0.49243749128120123,0.0028701156097825425,,1.0,0.16666666666666666
recursion,honest_f0,0.0,2,1,525,263.8088123628227,0.4931949334914749,0.002947419483859407,,1.0,0.3333333333333333
recursion,honest_f0,0.0,2,1,550,276.30070601929543,0.48454152412590323,0.00279073004876991,,1.0,0.3333333333333333
recursion,honest_f0,0.0,2,1,575,288.5444826249835,0.4874447642178091,0.002606522519497313,,1.0,0.3333333333333333
recursion,honest_f0,0.0,2,1,600,300.5365994427883,0.49298833798446096,0.002571868452917126,,1.0,0.16666666666666666
recursion,honest_f0,0.0,2,1,625,313.02871403204773,0.4943777010628959,0.001585314302176015,,1.0,0.3333333333333333
recursion,honest_f0,0.0,2,1,650,324.2705293181419,0.49667259199733915,0.0010559815265399066,,1.0,0.3333333333333333
recursion,honest_f0,0.0,2,1,675,336.26361809042135,0.5034179667887027,0.001646804146000723,,1.0,0.3333333333333333
recursion,honest_f0,0.0,2,1,700,348.5074825165184,0.5133884917551185,0.002336212982338192,,1.0,0.3333333333333333
recursion,honest_f0,0.0,2,1,725,358.9997668528688,0.5118387852649816,0.0014819314785440801,,1.0,0.16666666666666666
recursion,honest_f0,0.0,2,1,750,370.74091699191035,0.5137599727467199,0.0013368973880378686,,1.0,0.16666666666666666
recursion,honest_f0,0.0,2,1,775,382.2334596295928,0.5103944520175971,0.0009697434809555083,,1.0,0.16666666666666666
recursion,honest_f0,0.0,2,1,800,394.2237818367435,0.5098254200582425,0.0018674414444891977,,1.0,0.16666666666666666
recursion,honest_f0,0.0,2,1,825,406.96613663018866,0.5102567446142322,0.0012216438703637029,,1.0,0.3333333333333333
recursion,honest_f0,0.0,2,1,850,418.45928908659175,0.5113484037865916,0.0011442139212661316,,1.0,0.5
recursion,honest_f0,0.0,2,1,875,430.20070296082315,0.5105235094340681,0.0007920629857733177,,1.0,0.16666666666666666
recursion,honest_f0,0.0,2,1,900,441.19260364939527,0.5052413753635436,0.0009994999294380296,,1.0,0.16666666666666666
recursion,honest_f0,0.0,2,1,925,453.4365759278767,0.5092363261730071,0.0012374722968244082,,1.0,0.3333333333333333
recursion,honest_f0,0.0,2,1,950,463.9280951797959,0.5083296915470243,0.0009029151185549477,,1.0,0.16666666666666666
recursion,honest_f0,0.0,2,1,975,475.16936329713127,0.5071835992493693,0.0012536901167028997,,1.0,0.3333333333333333
recursion,honest_f0,0.0,2,1,1000,486.91226265741585,0.5102147075972016,0.0008197720827426002,,1.0,0.3333333333333333
recursion,honest_f0,0.0,2,2,25,11.240516059046406,0.5953227204439009,0.08984428991221836,,1.0,0.5
recursion,honest_f0,0.0,2,2,50,20.472860184668185,0.5381394675167417,0.02707898931521429,,1.0,0.16666666666666666
recursion,honest_f0,0.0,2,2,75,28.714606265263175,0.5333160986626383,0.018078710670717427,,1.0,0.16666666666666666
recursion,honest_f0,0.0,2,2,100,37.958791092239906,0.5949265820942949,0.009827708842482073,,1.0,0.3333333333333333
recursion,honest_f0,0.0,2,2,125,45.94948099782942,0.5700213537161828,0.006798180770483869,,1.0,0.16666666666666666
recursion,honest_f0,0.0,2,2,150,55.44166095631539,0.5860461376572076,0.0033377940459693887,,1.0,0.16666666666666666
recursion,honest_f0,0.0,2,2,175,65.63512049784775,0.588156275157063,0.007876614608100992,,1.0,0.3333333333333333
recursion,honest_f0,0.0,2,2,200,75.82849690117507,0.6309087632123711,0.010772523788995124,,1.0,0.3333333333333333
recursion,honest_f0,0.0,2,2,225,85.56971774974163,0.619745834696341,0.005273022643674423,,1.0,0.16666666666666666
recursion,honest_f0,0.0,2,2,250,94.81514630323872,0.6498506518736786,0.0034506755348946727,,1.0,0.16666666666666666
recursion,honest_f0,0.0,2,2,275,103.7625534314358,0.6562736157594471,0.0018796674213542126,,1.0,0.16666666666666666
recursion,honest_f0,0.0,2,2,300,114.00653845958894,0.6648615794231948,0.006867753129557174,,1.0,0.3333333333333333
recursion,honest_f0,0.0,2,2,325,121.99924506980898,0.6713014385573908,0.0032319200868704367,,1.0,0.16666666666666666
recursion,honest_f0,0.0,2,2,350,130.7408130486746,0.6668595183322915,0.004551406596998164,,1.0,0.3333333333333333
recursion,honest_f0,0.0,2,2,375,140.23269518186007,0.6642213864933209,0.0030815401368602556,,1.0,0.16666666666666666
recursion,honest_f0,0.0,2,2,400,149.7230908284629,0.6617900207283941,0.0027073529389720972,,1.0,0.16666666666666666
recursion,honest_f0,0.0,2,2,425,157.70965915947957,0.6355368414537081,0.0035515727278956476,,1.0,0.16666666666666666
recursion,honest_f0,0.0,2,2,450,167.95360851370395,0.6432167008505396,0.0032369379893691474,,1.0,0.3333333333333333
recursion,honest_f0,0.0,2,2,475,178.44437548777617,0.6434463908154401,0.0018978722919765904,,1.0,0.16666666666666666
recursion,honest_f0,0.0,2,2,500,188.18657347324327,0.6482817696132482,0.0014789484440700762,,1.0,0.3333333333333333
recursion,honest_f0,0.0,2,2,525,198.6778667211438,0.6362317141054905,0.001660180147189276,,1.0,0.3333333333333333
recursion,honest_f0,0.0,2,2,550,206.41836828254532,0.6335002319213067,0.0023965740340363196,,1.0,0.3333333333333333
recursion,honest_f0,0.0,2,2,575,214.66023444118798,0.6286938841432502,0.0021257328427648735,,1.0,0.3333333333333333
recursion,honest_f0,0.0,2,2,600,222.90317405539832,0.6318201174385814,0.0009070577367067707,,1.0,0.16666666666666666
recursion,honest_f0,0.0,2,2,625,231.8974549976873,0.6299680397409567,0.0012419445133814138,,1.0,0.0
recursion,honest_f0,0.0,2,2,650,241.8897408533212,0.6302937952125768,0.002807993035476697,,1.0,0.16666666666666666
recursion,honest_f0,0.0,2,2,675,250.88233618642852,0.634215363608997,0.0011900630767707715,,1.0,0.3333333333333333
recursion,honest_f0,0.0,2,2,700,260.12537711479786,0.6392341675872126,0.0011826586013062392,,1.0,0.16666666666666666
recursion,honest_f0,0.0,2,2,725,269.86644189265303,0.6369352860717823,0.0019023344683518073,,1.0,0.16666666666666666
recursion,honest_f0,0.0,2,2,750,278.1094999106821,0.633551486556599,0.001505567555334696,,1.0,0.3333333333333333
recursion,honest_f0,0.0,2,2,775,287.0995493272705,0.6303609738344887,0.0018028001113920944,,1.0,0.3333333333333333
recursion,honest_f0,0.0,2,2,800,296.59201529943243,0.6221025435968996,0.0013172882816729187,,1.0,0.3333333333333333
recursion,honest_f0,0.0,2,2,825,305.58567461726614,0.6257520920453014,0.001520661445901687,,1.0,0.16666666666666666
recursion,honest_f0,0.0,2,2,850,315.82726298251896,0.6241061025094498,0.0017559837862195177,,1.0,0.16666666666666666
recursion,honest_f0,0.0,2,2,875,324.0669701372666,0.6210463248790071,0.00165518631992952,,1.0,0.5
recursion,honest_f0,0.0,2,2,900,334.307432283642,0.6172424296193357,0.0013389253718283944,,1.0,0.16666666666666666
recursion,honest_f0,0.0,2,2,925,343.8001781826916,0.6160140598406875,0.0018101969379724465,,1.0,0.5
recursion,honest_f0,0.0,2,2,950,353.043739173312,0.6143223141678396,0.001598023235771942,,1.0,0.16666666666666666
recursion,honest_f0,0.0,2,2,975,361.7829790427367,0.6081143459397168,0.0020058790160791297,,1.0,0.16666666666666666
recursion,honest_f0,0.0,2,2,1000,372.2738934519466,0.6028060595493563,0.0016290069082294074,,1.0,0.3333333333333333
recursion,honest_f0,0.0,2,3,25,12.989192664292254,0.7430765820242898,0.09116155777084044,,1.0,0.16666666666666666
recursion,honest_f0,0.0,2,3,50,24.227702111377454,0.538241721425759,0.030701074702443473,,1.0,0.3333333333333333
recursion,honest_f0,0.0,2,3,75,35.96855876171743,0.4899875075947346,0.01168751085157308,,1.0,0.16666666666666666
recursion,honest_f0,0.0,2,3,100,48.71213360803759,0.5152097411060975,0.014920956797594611,,1.0,0.3333333333333333
recursion,honest_f0,0.0,2,3,125,62.70499627919993,0.5163825547775716,0.013334894991907658,,1.0,0.16666666666666666
recursion,honest_f0,0.0,2,3,150,73.69708541247802,0.5274262570803845,0.005627410833598974,,1.0,0.16666666666666666
recursion,honest_f0,0.0,2,3,175,89.68980198607181,0.5579583936698812,0.004870600202216528,,1.0,0.6666666666666666
recursion,honest_f0,0.0,2,3,200,106.18503994309833,0.5791990336873194,0.006314079194800877,,1.0,0.3333333333333333
recursion,honest_f0,0.0,2,3,225,119.42882320881029,0.5942424016808231,0.006436962070664503,,1.0,0.3333333333333333
recursion,honest_f0,0.0,2,3,250,135.17492358332055,0.6232823665461686,0.003497554343309979,,1.0,0.3333333333333333
recursion,honest_f0,0.0,2,3,275,149.66856989088996,0.6126493430604534,0.004375855078368314,,1.0,0.16666666666666666
recursion,honest_f0,0.0,2,3,300,166.4144500849581,0.6277266682658171,0.004471311184228034,,1.0,0.5
recursion,honest_f0,0.0,2,3,325,183.40833911328343,0.6151427920038262,0.002043928249577642,,1.0,0.5
recursion,honest_f0,0.0,2,3,350,197.65381222247746,0.6184278878719143,0.0021281971319442633,,1.0,0.5
recursion,honest_f0,0.0,2,3,375,211.89782193498166,0.6259091920861951,0.002522040931372818,,1.0,0.6666666666666666
recursion,honest_f0,0.0,2,3,400,225.637228116795,0.6035751783169958,0.003987870610050645,,1.0,0.3333333333333333
recursion,honest_f0,0.0,2,3,425,238.12834631222364,0.5841455355925919,0.003382529374007178,,1.0,0.3333333333333333
recursion,honest_f0,0.0,2,3,450,253.11973385403832,0.5887234523428683,0.0022793498684630454,,1.0,0.5
recursion,honest_f0,0.0,2,3,475,266.86278181840225,0.5883161058898496,0.002385818123285007,,1.0,0.3333333333333333
recursion,honest_f0,0.0,2,3,500,279.85132052758286,0.5803086424449946,0.00249426368475158,,1.0,0.5
recursion,honest_f0,0.0,2,3,525,294.5917003066874,0.5737430770239105,0.002080054059422562,,1.0,0.3333333333333333
recursion,honest_f0,0.0,2,3,550,307.33061980665207,0.5635721075784221,0.002494219954614013,,1.0,0.5
recursion,honest_f0,0.0,2,3,575,322.0743747473936,0.5632279899416267,0.0014598218951010816,,1.0,0.5
recursion,honest_f0,0.0,2,3,600,335.31913250297725,0.5612464222911411,0.001809669362062557,,1.0,0.3333333333333333
recursion,honest_f0,0.0,2,3,625,349.81095181257854,0.5650614482124692,0.001692469919602359,,1.0,0.5
recursion,honest_f0,0.0,2,3,650,365.05586319637223,0.5714282318998338,0.001670113405650205,,1.0,0.16666666666666666
recursion,honest_f0,0.0,2,3,675,380.799821473028,0.5792544502474511,0.0015740609053690863,,1.0,0.5
recursion,honest_f0,0.0,2,3,700,396.04514179025665,0.588468079002122,0.0015781157404336002,,1.0,0.3333333333333333
recursion,honest_f0,0.0,2,3,725,410.28832676300175,0.5884406637220356,0.0020468207333544258,,1.0,0.3333333333333333
recursion,honest_f0,0.0,2,3,750,420.7780124396725,0.5828165989148313,0.001457470956693302,,1.0,0.3333333333333333
recursion,honest_f0,0.0,2,3,775,435.01980200664315,0.580285151266406,0.0015240675405946821,,1.0,0.5
recursion,honest_f0,0.0,2,3,800,446.7604401015668,0.5735346583590211,0.0011451305916524476,,1.0,0.16666666666666666
recursion,honest_f0,0.0,2,3,825,461.0014498115828,0.5715053454935799,0.002158786428191902,,1.0,0.5
recursion,honest_f0,0.0,2,3,850,474.74507404931455,0.5743911494598566,0.0011684287107262927,,1.0,0.16666666666666666
recursion,honest_f0,0.0,2,3,875,488.2373938982143,0.574077774232088,0.0009268923102326661,,1.0,0.5
recursion,honest_f0,0.0,2,3,900,502.4813460204269,0.5762695800576261,0.0008531707625173654,,1.0,0.3333333333333333
recursion,honest_f0,0.0,2,3,925,514.9730628705696,0.5764392947138013,0.0009003724351051716,,1.0,0.3333333333333333
recursion,honest_f0,0.0,2,3,950,526.9628329306099,0.5728104065011284,0.0008477767495883852,,1.0,0.16666666666666666
recursion,honest_f0,0.0,2,3,975,540.954751332521,0.5705306190532149,0.0007802612001935247,,1.0,0.5
recursion,honest_f0,0.0,2,3,1000,554.1979499713264,0.5739625817479026,0.0009878546347788899,,1.0,0.5
recursion,honest_f0,0.0,2,4,25,11.239134228929407,0.2380260167153697,0.0553257649228661,,1.0,0.16666666666666666
recursion,honest_f0,0.0,2,4,50,22.72908053886167,0.40241134038661697,0.03317625817267624,,1.0,0.8333333333333334
recursion,honest_f0,0.0,2,4,75,33.471239275794844,0.418568161343104,0.01004352056653195,,1.0,0.16666666666666666
recursion,honest_f0,0.0,2,4,100,41.71431432863814,0.4158081407693854,0.011872063086738254,,1.0,0.16666666666666666
recursion,honest_f0,0.0,2,4,125,49.95494257909178,0.38421744751786885,0.010433004496747063,,1.0,0.16666666666666666
recursion,honest_f0,0.0,2,4,150,61.69876843619416,0.49083147776079505,0.014914638945277454,,1.0,0.16666666666666666
recursion,honest_f0,0.0,2,4,175,73.19051380571871,0.5053696286734418,0.005736745677748316,,1.0,0.3333333333333333
recursion,honest_f0,0.0,2,4,200,84.93474728173328,0.5393793262630167,0.005450763815144769,,1.0,0.3333333333333333
recursion,honest_f0,0.0,2,4,225,95.42461767332094,0.5309026375263239,0.006325329120879353,,1.0,0.16666666666666666
recursion,honest_f0,0.0,2,4,250,107.41886743554701,0.5482157323729949,0.003985048645083506,,1.0,0.5
recursion,honest_f0,0.0,2,4,275,119.91242156092125,0.5635547087400401,0.0038295691396787166,,1.0,0.5
recursion,honest_f0,0.0,2,4,300,131.15145392683587,0.5283988184599172,0.0062342326750257195,,1.0,0.16666666666666666
recursion,honest_f0,0.0,2,4,325,143.14312669138388,0.5427374975570972,0.005218215601259267,,1.0,0.5
recursion,honest_f0,0.0,2,4,350,155.38606450212077,0.5393418733855724,0.0026033352214857625,,1.0,0.5
recursion,honest_f0,0.0,2,4,375,167.38008768599968,0.5553740899536026,0.002801047225445597,,1.0,0.16666666666666666
recursion,honest_f0,0.0,2,4,400,179.12221463095497,0.5401012650739503,0.004233540740824429,,1.0,0.3333333333333333
recursion,honest_f0,0.0,2,4,425,192.36617610347105,0.5456972076527988,0.002864597819097963,,1.0,0.3333333333333333
recursion,honest_f0,0.0,2,4,450,203.1094798187283,0.5497275126639873,0.0023006794282658194,,1.0,0.5
recursion,honest_f0,0.0,2,4,475,214.3528154048496,0.5551384119930503,0.0021235135397319384,,1.0,0.3333333333333333
recursion,honest_f0,0.0,2,4,500,224.84494817255217,0.5471745560843179,0.002940712503866736,,1.0,0.3333333333333333
recursion,honest_f0,0.0,2,4,525,237.83877722809814,0.5412930860545473,0.002723739499160018,,1.0,0.3333333333333333
recursion,honest_f0,0.0,2,4,550,248.82935716702843,0.5373183228375931,0.0023712292182895543,,1.0,0.5
recursion,honest_f0,0.0,2,4,575,262.0726823751023,0.5511221246484311,0.002011355214683192,,1.0,0.3333333333333333
recursion,honest_f0,0.0,2,4,600,273.8133234461139,0.5497980542352887,0.001909241811988896,,1.0,0.3333333333333333
recursion,honest_f0,0.0,2,4,625,284.8051322300192,0.5540181354063891,0.0014224189375088676,,1.0,0.16666666666666666
recursion,honest_f0,0.0,2,4,650,295.54673074102993,0.5538031090415434,0.0023844662852839354,,1.0,0.16666666666666666
recursion,honest_f0,0.0,2,4,675,309.28986160630654,0.5650642973415603,0.0019424677914629234,,1.0,0.5
recursion,honest_f0,0.0,2,4,700,321.28223738554857,0.5691501450373927,0.0019265855235964453,,1.0,0.3333333333333333
recursion,honest_f0,0.0,2,4,725,332.0242777370785,0.5674409504425938,0.0016752601848510928,,1.0,0.16666666666666666
recursion,honest_f0,0.0,2,4,750,343.76600357694826,0.5646226315115673,0.0011218718705916129,,1.0,0.3333333333333333
recursion,honest_f0,0.0,2,4,775,355.25949840041613,0.5696571439302572,0.0009124150150171144,,1.0,0.3333333333333333
recursion,honest_f0,0.0,2,4,800,369.7511171249032,0.5616488853176764,0.0022803352162148603,,1.0,1.0
recursion,honest_f0,0.0,2,4,825,380.9948250980019,0.5586903281343506,0.0017415387943935283,,1.0,0.3333333333333333
recursion,honest_f0,0.0,2,4,850,393.23914201006545,0.5672752127131039,0.0009461462417002747,,1.0,0.3333333333333333
recursion,honest_f0,0.0,2,4,875,406.7330546246175,0.5716972051530724,0.0012292591039248263,,1.0,0.3333333333333333
recursion,honest_f0,0.0,2,4,900,419.22392023373226,0.5718962464840613,0.000944028248621022,,1.0,0.3333333333333333
recursion,honest_f0,0.0,2,4,925,431.46762515840504,0.5710600605579692,0.0014452063031780505,,1.0,0.3333333333333333
recursion,honest_f0,0.0,2,4,950,442.70947544630815,0.5686471252084557,0.0012754713042702312,,1.0,0.16666666666666666
recursion,honest_f0,0.0,2,4,975,456.7029436526462,0.5657734622954891,0.001501757827709326,,1.0,0.3333333333333333
recursion,honest_f0,0.0,2,4,1000,467.9420946555874,0.5630505510580796,0.0009812141227515737,,1.0,0.3333333333333333
recursion,honest_f0,0.0,2,0,25,10.48909784490191,0.24926209866939047,0.07112057961687696,,2.0,0.16666666666666666
recursion,honest_f0,0.0,2,0,50,22.23087593844936,0.48707916766134884,0.05004579815058227,,2.0,0.3333333333333333
recursion,honest_f0,0.0,2,0,75,33.47455463792505,0.5516952978297347,0.02170617478442008,,2.0,0.5
recursion,honest_f0,0.0,2,0,100,49.46850811429968,0.6397511738605295,0.015432914290968013,,2.0,0.3333333333333333
recursion,honest_f0,0.0,2,0,125,63.46369542970542,0.7004598983443064,0.011382283955090923,,2.0,0.3333333333333333
recursion,honest_f0,0.0,2,0,150,80.19415168405442,0.7688337002987065,0.01278637107167451,,2.0,0.16666666666666666
recursion,honest_f0,0.0,2,0,175,92.68493429673752,0.7521015819634724,0.005482093974261557,,2.0,0.3333333333333333
recursion,honest_f0,0.0,2,0,200,104.9243778597301,0.7324351794634061,0.007601272069301814,,2.0,0.16666666666666666
recursion,honest_f0,0.0,2,0,225,121.91810145063457,0.7420737906386329,0.008177873722419304,,2.0,0.3333333333333333
recursion,honest_f0,0.0,2,0,250,136.41164954072,0.7567015152320617,0.0072465691538998725,,2.0,0.3333333333333333
recursion,honest_f0,0.0,2,0,275,149.15550339877862,0.7727255150180936,0.004359376343634176,,2.0,0.3333333333333333
recursion,honest_f0,0.0,2,0,300,164.89819876948573,0.7680396307190456,0.006345644438470084,,2.0,1.0
recursion,honest_f0,0.0,2,0,325,180.6422088735905,0.7902957541552595,0.004998263127026144,,2.0,0.3333333333333333
recursion,honest_f0,0.0,2,0,350,193.6341575933777,0.778442049811084,0.0032728655091239034,,2.0,0.3333333333333333
recursion,honest_f0,0.0,2,0,375,207.12720200808945,0.765533664553686,0.0022451653716439933,,2.0,0.3333333333333333
recursion,honest_f0,0.0,2,0,400,221.37190612398456,0.7641135671689685,0.003918799769827588,,2.0,0.3333333333333333
recursion,honest_f0,0.0,2,0,425,236.11193857764184,0.7506791873456868,0.0024917502717070267,,2.0,0.16666666666666666
recursion,honest_f0,0.0,2,0,450,249.35325620080678,0.7572349263647695,0.001676058574160528,,2.0,0.3333333333333333
recursion,honest_f0,0.0,2,0,475,262.5953667698302,0.7508548788730299,0.0023341366511577546,,2.0,0.3333333333333333
recursion,honest_f0,0.0,2,0,500,275.83958483792264,0.7524991389482989,0.002314889810412947,,2.0,0.16666666666666666
recursion,honest_f0,0.0,2,0,525,290.08469855132984,0.7596709308864744,0.0019225579330790538,,2.0,0.3333333333333333
recursion,honest_f0,0.0,2,0,550,304.32865478230235,0.7664193150730745,0.001469161937307871,,2.0,0.3333333333333333
recursion,honest_f0,0.0,2,0,575,319.32339207381693,0.7669729483188252,0.0021012877838049336,,2.0,0.8333333333333334
recursion,honest_f0,0.0,2,0,600,334.06811350296124,0.7622625770570699,0.002077986796224523,,2.0,0.3333333333333333
recursion,honest_f0,0.0,2,0,625,347.8106822482521,0.7606188771932261,0.002312934800379258,,2.0,0.3333333333333333
recursion,honest_f0,0.0,2,0,650,362.3035022891962,0.7610986532202255,0.0017271805819435886,,2.0,0.3333333333333333
recursion,honest_f0,0.0,2,0,675,374.29553227845156,0.7554521507989784,0.002399320315814291,,2.0,0.16666666666666666
recursion,honest_f0,0.0,2,0,700,386.53622112144024,0.7543251319874305,0.0008427643117030412,,2.0,0.3333333333333333
recursion,honest_f0,0.0,2,0,725,400.27751022170065,0.7477727281905633,0.0017897213898998537,,2.0,0.16666666666666666
recursion,honest_f0,0.0,2,0,750,414.26869351579643,0.745780545025728,0.0015919212101479104,,2.0,0.3333333333333333
recursion,honest_f0,0.0,2,0,775,430.0120583837557,0.7456840031494569,0.0016905066985815876,,2.0,0.5
recursion,honest_f0,0.0,2,0,800,445.253150638589,0.7395247863322791,0.002010085964736188,,2.0,0.3333333333333333
recursion,honest_f0,0.0,2,0,825,457.99343271533075,0.7305402482102726,0.0014704335127829543,,2.0,0.3333333333333333
recursion,honest_f0,0.0,2,0,850,471.2329242140415,0.7274626815709356,0.0012349771796422834,,2.0,0.3333333333333333
recursion,honest_f0,0.0,2,0,875,485.7279396199486,0.7268800312931765,0.0016261867756439414,,2.0,0.5
recursion,honest_f0,0.0,2,0,900,499.7220265595841,0.7226107329150062,0.000890418484309279,,2.0,0.3333333333333333
recursion,honest_f0,0.0,2,0,925,511.96380700140855,0.7139308050172047,0.0015859782503544867,,2.0,0.3333333333333333
recursion,honest_f0,0.0,2,0,950,525.4570647623917,0.7177024243448489,0.0007326496807339903,,2.0,0.5
recursion,honest_f0,0.0,2,0,975,538.2012415252759,0.7213168776881136,0.0007819082458604265,,2.0,0.3333333333333333
recursion,honest_f0,0.0,2,0,1000,551.1953496861238,0.7215283776783981,0.000613166991300455,,2.0,0.3333333333333333
recursion,honest_f0,0.0,2,1,25,11.488789661257282,0.35198996996004256,0.058116560657711994,,2.0,0.5
recursion,honest_f0,0.0,2,1,50,23.231289384744592,0.35407713767083904,0.030012727171029572,,2.0,0.3333333333333333
recursion,honest_f0,0.0,2,1,75,34.724353418593324,0.44090023739067435,0.018398649352189055,,2.0,0.16666666666666666
recursion,honest_f0,0.0,2,1,100,46.943954968970665,0.5936653779726513,0.02380281891825045,,2.0,0.3333333333333333
recursion,honest_f0,0.0,2,1,125,58.434637026471265,0.5732845058359164,0.01242954595671792,,2.0,0.16666666666666666
recursion,honest_f0,0.0,2,1,150,68.42589471344012,0.5758256615259497,0.005370141438042229,,2.0,0.16666666666666666
recursion,honest_f0,0.0,2,1,175,80.1701884347677,0.5850986759288965,0.00807294988677154,,2.0,0.3333333333333333
recursion,honest_f0,0.0,2,1,200,91.629408359525,0.5632880852730594,0.005292594298418099,,2.0,0.16666666666666666
recursion,honest_f0,0.0,2,1,225,102.87161195346232,0.5606561005049477,0.004822337891844644,,2.0,0.16666666666666666
recursion,honest_f0,0.0,2,1,250,112.1126926287001,0.55493462490578,0.005333504602263442,,2.0,0.16666666666666666
recursion,honest_f0,0.0,2,1,275,124.358201711009,0.5898877845874178,0.005058234021039087,,2.0,0.3333333333333333
recursion,honest_f0,0.0,2,1,300,135.10031763875156,0.5902152438487384,0.005819457144651558,,2.0,0.3333333333333333
recursion,honest_f0,0.0,2,1,325,143.59196926171893,0.5836578800954725,0.005470698814635569,,2.0,0.16666666666666666
recursion,honest_f0,0.0,2,1,350,153.5824844068636,0.572410221302191,0.0028849189351898754,,2.0,0.16666666666666666
recursion,honest_f0,0.0,2,1,375,166.3265856739589,0.5860309527582579,0.004493366930527562,,2.0,0.16666666666666666
recursion,honest_f0,0.0,2,1,400,178.5714267163583,0.5974845865235765,0.0048574697707129185,,2.0,0.3333333333333333
recursion,honest_f0,0.0,2,1,425,190.0620865625541,0.5906201977219473,0.0031104723132338546,,2.0,0.16666666666666666
recursion,honest_f0,0.0,2,1,450,202.8049856653951,0.5937452775597228,0.0033679604305701426,,2.0,0.3333333333333333
recursion,honest_f0,0.0,2,1,475,214.79761740903996,0.5979240214412375,0.0018503566298192276,,2.0,0.16666666666666666
recursion,honest_f0,0.0,2,1,500,225.79054415219395,0.5993647906543613,0.0015115879211081006,,2.0,0.16666666666666666
recursion,honest_f0,0.0,2,1,525,238.0330019006549,0.5959956680791103,0.001725530389863928,,2.0,0.3333333333333333
recursion,honest_f0,0.0,2,1,550,250.0270412146063,0.604037987588943,0.00290638376879476,,2.0,0.3333333333333333
recursion,honest_f0,0.0,2,1,575,260.5182299123617,0.5971089383221259,0.0017944108232633166,,2.0,0.3333333333333333
recursion,honest_f0,0.0,2,1,600,273.2619262049667,0.6058107878918294,0.0027411094778195242,,2.0,0.3333333333333333
recursion,honest_f0,0.0,2,1,625,284.50631690152113,0.6182513163694435,0.0019266552790606867,,2.0,0.5
recursion,honest_f0,0.0,2,1,650,295.7507623255239,0.6297041047210727,0.003324464381296024,,2.0,0.16666666666666666
recursion,honest_f0,0.0,2,1,675,308.7444672346593,0.6271750730621145,0.00243612938952058,,2.0,0.3333333333333333
recursion,honest_f0,0.0,2,1,700,320.4850339671324,0.6282150518584949,0.001066261026800884,,2.0,0.3333333333333333
recursion,honest_f0,0.0,2,1,725,332.4770397422004,0.6262994826813603,0.0019311815502728996,,2.0,1.0
recursion,honest_f0,0.0,2,1,750,344.9702100489006,0.63142151512977,0.001338087920981487,,2.0,0.5
recursion,honest_f0,0.0,2,1,775,355.7137280066228,0.6359341760960034,0.0010489291099759588,,2.0,0.3333333333333333
recursion,honest_f0,0.0,2,1,800,366.20330057159003,0.6289239380282566,0.0014252111663137662,,2.0,0.3333333333333333
recursion,honest_f0,0.0,2,1,825,377.69569537492004,0.6288196398541943,0.0015217623833562927,,2.0,0.3333333333333333
recursion,honest_f0,0.0,2,1,850,389.68918010247927,0.6293303040670812,0.001159274548051345,,2.0,0.3333333333333333
recursion,honest_f0,0.0,2,1,875,401.4317139566938,0.6290778594384143,0.001609585358170603,,2.0,0.16666666666666666
recursion,honest_f0,0.0,2,1,900,415.1739825850176,0.6336456875084142,0.000906884420967301,,2.0,0.3333333333333333
recursion,honest_f0,0.0,2,1,925,427.4174485539052,0.6374540069672293,0.0019166063107837906,,2.0,0.3333333333333333
recursion,honest_f0,0.0,2,1,950,441.91197067736664,0.6473848580256858,0.0018347323028678425,,2.0,0.5
recursion,honest_f0,0.0,2,1,975,455.15550420150794,0.6527276237532795,0.0010165931615467325,,2.0,0.3333333333333333
recursion,honest_f0,0.0,2,1,1000,467.64769948044494,0.6532066005598943,0.000949974376932641,,2.0,0.3333333333333333
recursion,honest_f0,0.0,2,2,25,11.240190689658672,0.1685605594075399,0.048907043289788225,,2.0,0.3333333333333333
recursion,honest_f0,0.0,2,2,50,22.982607659389032,0.2336533906248749,0.029164373650405927,,2.0,0.3333333333333333
recursion,honest_f0,0.0,2,2,75,34.47510997508321,0.2670232480442736,0.017709408708438183,,2.0,0.16666666666666666
recursion,honest_f0,0.0,2,2,100,46.45286234391618,0.31012241687859254,0.010442813909071228,,2.0,0.16666666666666666
recursion,honest_f0,0.0,2,2,125,60.946001951039676,0.35746853897220643,0.012952862899137772,,2.0,0.5
recursion,honest_f0,0.0,2,2,150,74.68841270293714,0.39027492713452155,0.00868396252815477,,2.0,0.6666666666666666
recursion,honest_f0,0.0,2,2,175,88.43138101576997,0.4145451304588066,0.004172171486904133,,2.0,0.5
recursion,honest_f0,0.0,2,2,200,100.42390760571219,0.42877082531385646,0.006609945899109351,,2.0,0.3333333333333333
recursion,honest_f0,0.0,2,2,225,115.91800782805632,0.4639086059869192,0.006167527983333001,,2.0,0.16666666666666666
recursion,honest_f0,0.0,2,2,250,131.41192367564932,0.5011120104250507,0.00649520913610945,,2.0,0.5
recursion,honest_f0,0.0,2,2,275,147.65635423958753,0.5198969001991823,0.007430246416087534,,2.0,0.3333333333333333
recursion,honest_f0,0.0,2,2,300,163.39930369056626,0.5272547292379107,0.004414201142133723,,2.0,1.0
recursion,honest_f0,0.0,2,2,325,177.3926312626287,0.534032510275416,0.005752371070907798,,2.0,0.16666666666666666
recursion,honest_f0,0.0,2,2,350,192.38760113777053,0.5602560161743094,0.003728857082012829,,2.0,0.16666666666666666
recursion,honest_f0,0.0,2,2,375,207.63200915843564,0.563628647570473,0.004600269339842675,,2.0,0.16666666666666666
recursion,honest_f0,0.0,2,2,400,222.12610429701698,0.5699861554352068,0.0032899836816192535,,2.0,0.5
recursion,honest_f0,0.0,2,2,425,237.36911050177497,0.5655697343082312,0.0025440992804679034,,2.0,0.16666666666666666
recursion,honest_f0,0.0,2,2,450,251.36163960630063,0.5659307122075491,0.001762602813938941,,2.0,0.3333333333333333
recursion,honest_f0,0.0,2,2,475,266.8555226587692,0.5709475655595044,0.0025022881405696302,,2.0,0.16666666666666666
recursion,honest_f0,0.0,2,2,500,279.09565890005115,0.5587398218272144,0.0024960130585734916,,2.0,0.16666666666666666
recursion,honest_f0,0.0,2,2,525,293.83970038492816,0.562495031895713,0.0018685440747755622,,2.0,0.8333333333333334
recursion,honest_f0,0.0,2,2,550,310.3337571378464,0.5758675486024851,0.0019132014086506426,,2.0,0.5
recursion,honest_f0,0.0,2,2,575,325.07838739567757,0.585047295363315,0.0020944611364837273,,2.0,0.3333333333333333
recursion,honest_f0,0.0,2,2,600,340.5723977760731,0.592312545932657,0.0019368517500554993,,2.0,0.5
recursion,honest_f0,0.0,2,2,625,355.3139262717225,0.5942684176046424,0.0026654007022613026,,2.0,0.5
recursion,honest_f0,0.0,2,2,650,369.558375823248,0.5969792293656542,0.0012872468162297027,,2.0,0.16666666666666666
recursion,honest_f0,0.0,2,2,675,384.30183864045796,0.6045070442813447,0.002002866152785082,,2.0,0.5
recursion,honest_f0,0.0,2,2,700,400.79532344186464,0.6099247107078494,0.002176455250242442,,2.0,0.5
recursion,honest_f0,0.0,2,2,725,413.78380932723894,0.5983841134808033,0.00228033636315033,,2.0,0.5
recursion,honest_f0,0.0,2,2,750,428.02492657862433,0.5898180255632847,0.001642756209645677,,2.0,0.3333333333333333
recursion,honest_f0,0.0,2,2,775,442.7679033740521,0.5910555410021746,0.0009056191530706871,,2.0,0.3333333333333333
recursion,honest_f0,0.0,2,2,800,457.51139051306546,0.5929202944965647,0.001294215637870717,,2.0,0.3333333333333333
recursion,honest_f0,0.0,2,2,825,472.005214130053,0.5890528256625854,0.0009986607963240366,,2.0,0.5
recursion,honest_f0,0.0,2,2,850,486.99686288340547,0.5881374220025791,0.0009733968569468313,,2.0,0.5
recursion,honest_f0,0.0,2,2,875,500.7386398081512,0.5881389392877332,0.0015980365331581738,,2.0,0.5
recursion,honest_f0,0.0,2,2,900,514.731224450737,0.586950923013094,0.0013616388568536272,,2.0,0.5
recursion,honest_f0,0.0,2,2,925,528.7241015512552,0.5856568403434673,0.0007347907613605341,,2.0,0.16666666666666666
recursion,honest_f0,0.0,2,2,950,543.468119605081,0.5902200447985652,0.0009706009537305527,,2.0,0.3333333333333333
recursion,honest_f0,0.0,2,2,975,558.9619086562509,0.5935913091114793,0.0008331777129895386,,2.0,0.5
recursion,honest_f0,0.0,2,2,1000,573.9539212192475,0.5954685788192068,0.0008238262838990598,,2.0,0.16666666666666666
recursion,honest_f0,0.0,2,3,25,11.487903186183166,0.6226489246354416,0.10074337410718118,,2.0,0.3333333333333333
recursion,honest_f0,0.0,2,3,50,20.72730988764819,0.593762974050638,0.016864749496262304,,2.0,0.3333333333333333
recursion,honest_f0,0.0,2,3,75,31.468966208117006,0.6545350042388264,0.009390820986249602,,2.0,0.16666666666666666
recursion,honest_f0,0.0,2,3,100,41.961308149961006,0.7244988403626346,0.014079290876822057,,2.0,0.16666666666666666
recursion,honest_f0,0.0,2,3,125,51.953589815084804,0.7386541752754276,0.004620480524050707,,2.0,0.3333333333333333
recursion,honest_f0,0.0,2,3,150,61.695129237837115,0.7169635515200288,0.008712108020237757,,2.0,0.3333333333333333
recursion,honest_f0,0.0,2,3,175,70.68418677271066,0.6855934706277329,0.00796597260877,,2.0,0.3333333333333333
recursion,honest_f0,0.0,2,3,200,80.17565423188526,0.6876061921799227,0.004390613774383443,,2.0,0.5
recursion,honest_f0,0.0,2,3,225,89.63523249346426,0.7177735945935375,0.004452610573240669,,2.0,0.16666666666666666
recursion,honest_f0,0.0,2,3,250,99.12810616853994,0.7344499634835863,0.003134178142738309,,2.0,0.16666666666666666
recursion,honest_f0,0.0,2,3,275,110.87348455106459,0.738224929291257,0.005592066807803939,,2.0,0.3333333333333333
recursion,honest_f0,0.0,2,3,300,121.11014437670647,0.6941557294942668,0.00493766231248616,,2.0,0.3333333333333333
recursion,honest_f0,0.0,2,3,325,133.6038597422567,0.6909030621482553,0.0061154629157515565,,2.0,0.16666666666666666
recursion,honest_f0,0.0,2,3,350,145.3491616270445,0.6950582994977667,0.004360189310673796,,2.0,0.16666666666666666
recursion,honest_f0,0.0,2,3,375,156.34391509164362,0.7045623221091085,0.0028254819695599886,,2.0,0.16666666666666666
recursion,honest_f0,0.0,2,3,400,166.83876564939152,0.711997559227034,0.0015967083046271886,,2.0,0.3333333333333333
recursion,honest_f0,0.0,2,3,425,179.3328256907278,0.7155641193305724,0.0023627881314783033,,2.0,0.3333333333333333
recursion,honest_f0,0.0,2,3,450,191.82119136770763,0.6969755734306704,0.002996465756642959,,2.0,0.3333333333333333
recursion,honest_f0,0.0,2,3,475,203.31311072917563,0.699978052615168,0.0018167921822826786,,2.0,0.16666666666666666
recursion,honest_f0,0.0,2,3,500,214.05114207505267,0.6805612997359131,0.002762620156755049,,2.0,0.16666666666666666
recursion,honest_f0,0.0,2,3,525,225.04383921665598,0.6868453985452528,0.0034728784839512432,,2.0,0.3333333333333333
recursion,honest_f0,0.0,2,3,550,237.03562264312936,0.6929255012898942,0.0017482300797266245,,2.0,0.3333333333333333
recursion,honest_f0,0.0,2,3,575,247.02415901134702,0.6897074078456231,0.0014218605187597253,,2.0,0.16666666666666666
recursion,honest_f0,0.0,2,3,600,258.7689359406424,0.6933399795560189,0.001133274837034994,,2.0,0.3333333333333333
recursion,honest_f0,0.0,2,3,625,270.76153104394706,0.6871229559057432,0.0011543871180030598,,2.0,0.3333333333333333
recursion,honest_f0,0.0,2,3,650,281.4994134546247,0.6768100957209141,0.002107218807033687,,2.0,0.16666666666666666
recursion,honest_f0,0.0,2,3,675,293.490684746871,0.6715620397003518,0.002074478978216274,,2.0,0.3333333333333333
recursion,honest_f0,0.0,2,3,700,305.2352070258592,0.680537472742613,0.0017273882812075718,,2.0,0.3333333333333333
recursion,honest_f0,0.0,2,3,725,316.22353628129054,0.6708765964485081,0.0010559013115665886,,2.0,0.16666666666666666
recursion,honest_f0,0.0,2,3,750,327.966725980023,0.66553749967435,0.001065021311922023,,2.0,0.3333333333333333
recursion,honest_f0,0.0,2,3,775,339.7090471846245,0.6612371900750692,0.0014053566363034676,,2.0,0.3333333333333333
recursion,honest_f0,0.0,2,3,800,350.6998129437916,0.6531626809502822,0.002014694521017778,,2.0,0.3333333333333333
recursion,honest_f0,0.0,2,3,825,363.6923408625196,0.6491358786132391,0.0017934808978393247,,2.0,0.3333333333333333
recursion,honest_f0,0.0,2,3,850,375.68341421133505,0.6498816664319805,0.0017101836624126149,,2.0,0.3333333333333333
recursion,honest_f0,0.0,2,3,875,387.67733686728144,0.6494414456407687,0.0010490596088718843,,2.0,0.3333333333333333
recursion,honest_f0,0.0,2,3,900,398.4175913029678,0.6494648294338249,0.0008436954499063423,,2.0,0.3333333333333333
recursion,honest_f0,0.0,2,3,925,410.6622712566023,0.6488975059362069,0.0010383595127123719,,2.0,0.3333333333333333
recursion,honest_f0,0.0,2,3,950,422.4044216117115,0.6519486657828807,0.0004511392016932546,,2.0,0.3333333333333333
recursion,honest_f0,0.0,2,3,975,434.146436144649,0.6540224558694676,0.0009782705532160008,,2.0,0.3333333333333333
recursion,honest_f0,0.0,2,3,1000,445.888782699206,0.653510685003418,0.0013051278999381324,,2.0,0.3333333333333333
recursion,honest_f0,0.0,2,4,25,11.491711043645374,0.4316473479105919,0.07399034213797179,,2.0,0.16666666666666666
recursion,honest_f0,0.0,2,4,50,22.22894633392686,0.26998697019754003,0.04099254614877517,,2.0,0.3333333333333333
recursion,honest_f0,0.0,2,4,75,33.972123286721946,0.37673834697141795,0.02137590747831258,,2.0,0.3333333333333333
recursion,honest_f0,0.0,2,4,100,46.215961191242734,0.49559585905626263,0.020763882366165137,,2.0,0.16666666666666666
recursion,honest_f0,0.0,2,4,125,58.708010719830654,0.5113712043066828,0.011257042196196918,,2.0,0.8333333333333334
recursion,honest_f0,0.0,2,4,150,68.45172400741485,0.5254068689940594,0.008033112686683856,,2.0,0.16666666666666666
recursion,honest_f0,0.0,2,4,175,79.44436744662016,0.5179374845345115,0.008851937584006708,,2.0,0.3333333333333333
recursion,honest_f0,0.0,2,4,200,89.6863017242958,0.5282115557535595,0.006130683592629435,,2.0,0.3333333333333333
recursion,honest_f0,0.0,2,4,225,100.4283679888804,0.5109091679588728,0.006755943346508848,,2.0,0.16666666666666666
recursion,honest_f0,0.0,2,4,250,112.67343456915648,0.5142156692309441,0.006169450562068735,,2.0,0.3333333333333333
recursion,honest_f0,0.0,2,4,275,125.16539810449986,0.5202943852933751,0.00580990935705974,,2.0,0.16666666666666666
recursion,honest_f0,0.0,2,4,300,137.15736588718227,0.5001663285499666,0.004334890504818345,,2.0,0.3333333333333333
recursion,honest_f0,0.0,2,4,325,150.15179601793875,0.5045836260293032,0.0033678647413956752,,2.0,0.16666666666666666
recursion,honest_f0,0.0,2,4,350,164.14507269360334,0.5255875921814356,0.004671062695254617,,2.0,0.3333333333333333
recursion,honest_f0,0.0,2,4,375,176.8898676239809,0.5261483121093952,0.003051234048066783,,2.0,0.16666666666666666
recursion,honest_f0,0.0,2,4,400,189.6321844260964,0.5217476044170002,0.002887609433386279,,2.0,0.5
recursion,honest_f0,0.0,2,4,425,202.1225055650179,0.5138646364190472,0.00459444608849834,,2.0,0.16666666666666666
recursion,honest_f0,0.0,2,4,450,213.36334519686653,0.5004610217141835,0.0033280068198876397,,2.0,0.3333333333333333
recursion,honest_f0,0.0,2,4,475,227.10628171457523,0.49425870235423464,0.0020003326380190066,,2.0,0.3333333333333333
recursion,honest_f0,0.0,2,4,500,239.34832672869481,0.4870480935194877,0.0014885000612746445,,2.0,0.6666666666666666
recursion,honest_f0,0.0,2,4,525,253.59135146555832,0.491436051032883,0.0019277847620128032,,2.0,0.3333333333333333
recursion,honest_f0,0.0,2,4,550,265.33465920221545,0.49318815769968416,0.0017807921596513132,,2.0,0.16666666666666666
recursion,honest_f0,0.0,2,4,575,278.0768783139692,0.48995077913326646,0.001907435124489407,,2.0,0.3333333333333333
recursion,honest_f0,0.0,2,4,600,291.5717945391655,0.5019197299628673,0.0027459636215444315,,2.0,0.5
recursion,honest_f0,0.0,2,4,625,304.06397140295707,0.5053789973661,0.0017124955812074768,,2.0,0.3333333333333333
recursion,honest_f0,0.0,2,4,650,316.8084026982746,0.5114743305406342,0.0017723330651339053,,2.0,0.16666666666666666
recursion,honest_f0,0.0,2,4,675,329.2986570051348,0.5092400804940213,0.001603820569089322,,2.0,0.3333333333333333
recursion,honest_f0,0.0,2,4,700,342.79268575865325,0.5098668901094827,0.0011161948441569874,,2.0,0.5
recursion,honest_f0,0.0,2,4,725,356.7837044450353,0.5048742535338939,0.0018309927911679708,,2.0,0.3333333333333333
recursion,honest_f0,0.0,2,4,750,369.77484527080554,0.4973613627814072,0.0015062365598328049,,2.0,0.3333333333333333
recursion,honest_f0,0.0,2,4,775,381.26762422801437,0.5037571384774617,0.0019471968930014848,,2.0,0.3333333333333333
recursion,honest_f0,0.0,2,4,800,394.7605425464028,0.5063847653817759,0.001891260729090149,,2.0,0.3333333333333333
recursion,honest_f0,0.0,2,4,825,406.25337812723717,0.5054018955920412,0.0014013495298242926,,2.0,0.5
recursion,honest_f0,0.0,2,4,850,420.49670970820864,0.5123810151407632,0.0014876618277409684,,2.0,0.5
recursion,honest_f0,0.0,2,4,875,433.48972916278353,0.5135707615569155,0.0017349398202480004,,2.0,0.3333333333333333
recursion,honest_f0,0.0,2,4,900,445.979257946084,0.5088892877522395,0.0010497863651708285,,2.0,0.3333333333333333
recursion,honest_f0,0.0,2,4,925,458.9710677520303,0.5103210713381248,0.0007993973737300566,,2.0,0.16666666666666666
recursion,honest_f0,0.0,2,4,950,472.4653574862833,0.5150624347379305,0.0014460318171607479,,2.0,0.3333333333333333
recursion,honest_f0,0.0,2,4,975,485.45899651524826,0.5155996972783088,0.001139587732553802,,2.0,0.3333333333333333
recursion,honest_f0,0.0,2,4,1000,498.20216569734566,0.5134630737204205,0.0009931110350001734,,2.0,0.3333333333333333
recursion,honest_f0,0.0,2,0,25,13.991164446597807,0.7339843019082746,0.11901791074483498,,3.0,0.3333333333333333
recursion,honest_f0,0.0,2,0,50,31.484092165248594,0.886109770427429,0.03810798314690995,,3.0,0.5
recursion,honest_f0,0.0,2,0,75,46.474238962773015,0.8478208163987551,0.014603411641786232,,3.0,0.3333333333333333
recursion,honest_f0,0.0,2,0,100,62.464839530784275,0.8537840856032969,0.01633708436570011,,3.0,0.8333333333333334
recursion,honest_f0,0.0,2,0,125,78.70801865601516,0.8331726426615791,0.005902063861134366,,3.0,0.3333333333333333
recursion,honest_f0,0.0,2,0,150,97.95164909328257,0.8713534460767391,0.011826694083002555,,3.0,1.0
recursion,honest_f0,0.0,2,0,175,114.19689994990065,0.8976590387474277,0.009133564635030355,,3.0,0.3333333333333333
recursion,honest_f0,0.0,2,0,200,129.43891057786152,0.9075642033598139,0.00411761541353552,,3.0,0.6666666666666666
recursion,honest_f0,0.0,2,0,225,142.42590244143835,0.8726675925640708,0.004376984286974827,,3.0,0.6666666666666666
recursion,honest_f0,0.0,2,0,250,156.91834092054177,0.8590107601806798,0.0036993681540429834,,3.0,0.3333333333333333
recursion,honest_f0,0.0,2,0,275,171.90939257659323,0.8434581038983331,0.00315975897270408,,3.0,0.3333333333333333
recursion,honest_f0,0.0,2,0,300,187.15292686975243,0.8478807099681553,0.004330650867627895,,3.0,0.5
recursion,honest_f0,0.0,2,0,325,204.3966131937235,0.8526492949936069,0.0026894645050836398,,3.0,0.5
recursion,honest_f0,0.0,2,0,350,220.8911252429035,0.8736996943986629,0.0023985182677938857,,3.0,0.3333333333333333
recursion,honest_f0,0.0,2,0,375,236.38453260741124,0.869641463136452,0.004254458116611295,,3.0,0.3333333333333333
recursion,honest_f0,0.0,2,0,400,252.87929466103046,0.8766888333076527,0.001927420947514472,,3.0,0.3333333333333333
recursion,honest_f0,0.0,2,0,425,266.6205578677077,0.8662526312033234,0.0032473960379231647,,3.0,0.6666666666666666
recursion,honest_f0,0.0,2,0,450,280.10758976819307,0.8469095475646269,0.002559174498285349,,3.0,0.5
recursion,honest_f0,0.0,2,0,475,296.60173329222187,0.8464000184601772,0.002417170598243739,,3.0,0.5
recursion,honest_f0,0.0,2,0,500,311.5886702147992,0.8390146981358262,0.001049886313362312,,3.0,0.6666666666666666
recursion,honest_f0,0.0,2,0,525,328.33356421993057,0.8427417750261252,0.001468931519160052,,3.0,0.5
recursion,honest_f0,0.0,2,0,550,342.32430483728274,0.8328031059571366,0.002368203773265731,,3.0,0.6666666666666666
recursion,honest_f0,0.0,2,0,575,358.8184387046974,0.835329344130819,0.0017971259677243003,,3.0,0.5
recursion,honest_f0,0.0,2,0,600,376.062829931798,0.8443273112092844,0.0021020916926860933,,3.0,0.5
recursion,honest_f0,0.0,2,0,625,392.0564510700127,0.8487370499355138,0.0010418448447500996,,3.0,1.0
recursion,honest_f0,0.0,2,0,650,405.5478882211517,0.8411543009988773,0.0016871140828763837,,3.0,0.3333333333333333
recursion,honest_f0,0.0,2,0,675,420.54033557530147,0.8416270006216218,0.00043274519163182657,,3.0,0.5
recursion,honest_f0,0.0,2,0,700,434.53185186327653,0.8333833437255997,0.0014716064809841658,,3.0,0.3333333333333333
recursion,honest_f0,0.0,2,0,725,449.0220143715403,0.8267419201644187,0.0007559703146512661,,3.0,0.5
recursion,honest_f0,0.0,2,0,750,463.2628735265197,0.8208171326187566,0.0022437497259413723,,3.0,0.5
recursion,honest_f0,0.0,2,0,775,482.75972279902965,0.834237977415297,0.0017807666657046113,,3.0,0.3333333333333333
recursion,honest_f0,0.0,2,0,800,500.25322378727077,0.8406012425145191,0.0012738326801486678,,3.0,0.3333333333333333
recursion,honest_f0,0.0,2,0,825,515.9957802844273,0.8403096574133064,0.001026013224489985,,3.0,0.5
recursion,honest_f0,0.0,2,0,850,529.7356103673932,0.8365535839688352,0.0013955379131335055,,3.0,0.5
recursion,honest_f0,0.0,2,0,875,546.4805955264416,0.8349033278421265,0.0012452174085821894,,3.0,0.6666666666666666
recursion,honest_f0,0.0,2,0,900,562.2255901355911,0.8325790607190048,0.0012893489685924788,,3.0,0.0
recursion,honest_f0,0.0,2,0,925,577.4665780327928,0.8297996194264614,0.000928697765794613,,3.0,0.5
recursion,honest_f0,0.0,2,0,950,590.7067767776713,0.8232287465415189,0.0009660317476373833,,3.0,0.5
recursion,honest_f0,0.0,2,0,975,604.9458594787852,0.8195770343530384,0.0008871165214734603,,3.0,0.3333333333333333
recursion,honest_f0,0.0,2,0,1000,623.6886026906745,0.8226601998044605,0.001360064349364625,,3.0,0.16666666666666666
recursion,honest_f0,0.0,2,1,25,14.735988617091433,0.9713227293466005,0.11708449165566454,,3.0,0.3333333333333333
recursion,honest_f0,0.0,2,1,50,28.728604940321027,1.162903950073592,0.02630964645884486,,3.0,0.16666666666666666
recursion,honest_f0,0.0,2,1,75,43.96953809721082,1.132774900295021,0.015745041286646888,,3.0,0.3333333333333333
recursion,honest_f0,0.0,2,1,100,58.4626085975878,1.052607760026483,0.018475396630560817,,3.0,0.5
recursion,honest_f0,0.0,2,1,125,74.19819563297331,0.9942417315846045,0.009621849693932108,,3.0,0.3333333333333333
recursion,honest_f0,0.0,2,1,150,91.44195766233457,0.9573850372378834,0.007920620602782697,,3.0,0.3333333333333333
recursion,honest_f0,0.0,2,1,175,106.934524768594,0.9561791886602027,0.00834675679384751,,3.0,0.16666666666666666
recursion,honest_f0,0.0,2,1,200,123.17727133833019,0.9207740910352327,0.005075804295072029,,3.0,0.6666666666666666
recursion,honest_f0,0.0,2,1,225,140.16973070448583,0.8958107645535041,0.007891582005499227,,3.0,0.0
recursion,honest_f0,0.0,2,1,250,158.16421879504819,0.9004363863493965,0.006110709351960937,,3.0,0.5
recursion,honest_f0,0.0,2,1,275,175.15364886426397,0.8911413683503768,0.006520506139072788,,3.0,0.3333333333333333
recursion,honest_f0,0.0,2,1,300,194.39829013276108,0.8968087289740349,0.0037784944931399164,,3.0,0.8333333333333334
recursion,honest_f0,0.0,2,1,325,211.64117883075036,0.8996004925442462,0.002560285992682186,,3.0,0.3333333333333333
recursion,honest_f0,0.0,2,1,350,227.1308304484142,0.8909858437475137,0.0016442141815160066,,3.0,0.5
recursion,honest_f0,0.0,2,1,375,241.1217978198606,0.8760382539881422,0.0022172638259549318,,3.0,0.3333333333333333
recursion,honest_f0,0.0,2,1,400,257.1145733398522,0.8700936648908133,0.0021829183069191154,,3.0,0.3333333333333333
recursion,honest_f0,0.0,2,1,425,271.35675713807166,0.8557902180574171,0.0029279212911025765,,3.0,0.3333333333333333
recursion,honest_f0,0.0,2,1,450,285.5981259791256,0.8396750827320452,0.0020701521841464477,,3.0,0.5
recursion,honest_f0,0.0,2,1,475,301.0914216982823,0.8482186911213954,0.0021271572247885066,,3.0,0.3333333333333333
recursion,honest_f0,0.0,2,1,500,316.8297648761735,0.8321648959472985,0.002058639648703673,,3.0,0.6666666666666666
recursion,honest_f0,0.0,2,1,525,333.0724728648206,0.831381510119351,0.0013327115418694474,,3.0,0.3333333333333333
recursion,honest_f0,0.0,2,1,550,349.8149935218419,0.8265742273862436,0.0023316965770308435,,3.0,0.16666666666666666
recursion,honest_f0,0.0,2,1,575,364.55358417536087,0.817207296606663,0.0023013649932608162,,3.0,0.3333333333333333
recursion,honest_f0,0.0,2,1,600,380.0480853223943,0.81602574442204,0.001833801357155931,,3.0,0.3333333333333333
recursion,honest_f0,0.0,2,1,625,396.29283141427027,0.8200517763141368,0.0015023499290326007,,3.0,0.6666666666666666
recursion,honest_f0,0.0,2,1,650,411.5339011615387,0.8159913408701156,0.0014082404887631325,,3.0,0.3333333333333333
recursion,honest_f0,0.0,2,1,675,425.77482312535824,0.8140204698675467,0.0010090179521144668,,3.0,0.3333333333333333
recursion,honest_f0,0.0,2,1,700,441.76664746010306,0.8043134415999533,0.001244571047709852,,3.0,0.3333333333333333
recursion,honest_f0,0.0,2,1,725,458.0098284864402,0.8001071189306423,0.0019631520521117348,,3.0,0.6666666666666666
recursion,honest_f0,0.0,2,1,750,472.50182610922536,0.793184991986275,0.0017227682728258365,,3.0,0.3333333333333333
recursion,honest_f0,0.0,2,1,775,488.7463745026874,0.7977678938361891,0.001181157035661719,,3.0,0.3333333333333333
recursion,honest_f0,0.0,2,1,800,507.2415453808654,0.8053155942906167,0.0012345353623837623,,3.0,0.0
recursion,honest_f0,0.0,2,1,825,520.9835873885241,0.8038560014396344,0.001565023567698926,,3.0,0.5
recursion,honest_f0,0.0,2,1,850,534.2238342715889,0.7976188835109463,0.0012247230254049267,,3.0,0.5
recursion,honest_f0,0.0,2,1,875,548.2154028803068,0.7932451674081646,0.0017478252854312138,,3.0,0.5
recursion,honest_f0,0.0,2,1,900,561.4580253909116,0.788916882189769,0.0009853618795157154,,3.0,0.3333333333333333
recursion,honest_f0,0.0,2,1,925,577.948560204999,0.7923991875967914,0.0012344159773742946,,3.0,0.6666666666666666
recursion,honest_f0,0.0,2,1,950,593.1917358552005,0.7925765362842602,0.0009405070474739378,,3.0,0.6666666666666666
recursion,honest_f0,0.0,2,1,975,608.4318258929716,0.7854115189134075,0.0010622445586280255,,3.0,0.5
recursion,honest_f0,0.0,2,1,1000,625.6766998039092,0.7892267593759086,0.0010270464603692733,,3.0,0.6666666666666666
recursion,honest_f0,0.0,2,2,25,14.489027707018582,0.7777762823629844,0.10806206607451854,,3.0,0.3333333333333333
recursion,honest_f0,0.0,2,2,50,34.23429614437708,0.9669633889702364,0.024528834792057773,,3.0,0.3333333333333333
recursion,honest_f0,0.0,2,2,75,49.21846148143309,0.8902153549375666,0.01433372231583644,,3.0,0.5
recursion,honest_f0,0.0,2,2,100,67.45836802922508,0.9219792677963732,0.011100552159732872,,3.0,0.6666666666666666
recursion,honest_f0,0.0,2,2,125,83.19696319618055,0.8893265386757799,0.006303113511795173,,3.0,0.3333333333333333
recursion,honest_f0,0.0,2,2,150,99.94042600898595,0.9285467169664997,0.008188607256330232,,3.0,0.5
recursion,honest_f0,0.0,2,2,175,117.68390338332541,0.9550735749670141,0.007374767012497782,,3.0,0.16666666666666666
recursion,honest_f0,0.0,2,2,200,132.1732876849067,0.9137673717417039,0.00443537332560266,,3.0,0.5
recursion,honest_f0,0.0,2,2,225,146.9119012555706,0.888677188572399,0.004332308335360623,,3.0,0.3333333333333333
recursion,honest_f0,0.0,2,2,250,162.65333606384286,0.8855842354046176,0.0040985765674166905,,3.0,0.16666666666666666
recursion,honest_f0,0.0,2,2,275,179.14510107751053,0.9003504756744596,0.003364385822270397,,3.0,0.5
recursion,honest_f0,0.0,2,2,300,195.8883494327831,0.9178928974126405,0.0032898408663621214,,3.0,0.6666666666666666
recursion,honest_f0,0.0,2,2,325,215.38096134617638,0.9347718940035102,0.0041821603319292374,,3.0,1.0
recursion,honest_f0,0.0,2,2,350,229.8727528832029,0.9266707531918079,0.002797748208086001,,3.0,0.3333333333333333
recursion,honest_f0,0.0,2,2,375,243.86349611333108,0.9064771181517334,0.002800159193759336,,3.0,0.3333333333333333
recursion,honest_f0,0.0,2,2,400,258.60551560492075,0.898727668556248,0.0019139642452992945,,3.0,0.3333333333333333
recursion,honest_f0,0.0,2,2,425,273.34707023077715,0.8783353494001993,0.002810304291806132,,3.0,0.3333333333333333
recursion,honest_f0,0.0,2,2,450,287.58786631643375,0.8672151981901035,0.0030918978770835648,,3.0,0.5
recursion,honest_f0,0.0,2,2,475,304.332077498276,0.8783499220892417,0.0015431552048465835,,3.0,0.3333333333333333
recursion,honest_f0,0.0,2,2,500,321.8253958666585,0.8827858377306793,0.0021057059914856425,,3.0,0.6666666666666666
recursion,honest_f0,0.0,2,2,525,336.5662902235664,0.8707301429981583,0.002550697682097066,,3.0,0.5
recursion,honest_f0,0.0,2,2,550,352.0569044555547,0.8704317978815196,0.0013641986369432098,,3.0,0.16666666666666666
recursion,honest_f0,0.0,2,2,575,369.30077221612027,0.8793485459760313,0.0012750195955117212,,3.0,0.5
recursion,honest_f0,0.0,2,2,600,384.29597794724725,0.8818825376888708,0.001204348045224155,,3.0,0.3333333333333333
recursion,honest_f0,0.0,2,2,625,400.78912809496836,0.8854605357157972,0.0009388137823591239,,3.0,0.3333333333333333
recursion,honest_f0,0.0,2,2,650,416.2808827097756,0.8855051469098772,0.0019389817726305554,,3.0,0.3333333333333333
recursion,honest_f0,0.0,2,2,675,431.0223824777132,0.8805872825014553,0.0016447417217679643,,3.0,0.5
recursion,honest_f0,0.0,2,2,700,444.07367627505784,0.8744346246846488,0.001202366006312979,,3.0,0.5
recursion,honest_f0,0.0,2,2,725,460.31612307953276,0.8801880933261199,0.0011472966530978231,,3.0,0.5
recursion,honest_f0,0.0,2,2,750,472.5532289488504,0.8702788520419972,0.0013386994402671947,,3.0,0.3333333333333333
recursion,honest_f0,0.0,2,2,775,487.2977941590928,0.8772948366791361,0.0010875507308207239,,3.0,0.3333333333333333
recursion,honest_f0,0.0,2,2,800,506.7945191045653,0.8878299143727023,0.002064570841799901,,3.0,0.5
recursion,honest_f0,0.0,2,2,825,524.0378599526975,0.8904686024527635,0.0014334888515763788,,3.0,0.5
recursion,honest_f0,0.0,2,2,850,540.7780546029145,0.8840717359399464,0.001355488863042204,,3.0,1.0
recursion,honest_f0,0.0,2,2,875,558.5214666621197,0.8859695700672674,0.001142720772788951,,3.0,1.0
recursion,honest_f0,0.0,2,2,900,575.5153624209604,0.8923974668228246,0.0013101061706758258,,3.0,0.3333333333333333
recursion,honest_f0,0.0,2,2,925,590.5073011680727,0.8892778920968062,0.0009699211415124688,,3.0,0.3333333333333333
recursion,honest_f0,0.0,2,2,950,602.4946034880056,0.8832642496938629,0.0011466074000305107,,3.0,0.6666666666666666
recursion,honest_f0,0.0,2,2,975,616.9855567201942,0.877154503003313,0.001189305176865524,,3.0,0.5
recursion,honest_f0,0.0,2,2,1000,630.4776320784835,0.8709112113576445,0.001034584635031765,,3.0,0.16666666666666666
recursion,honest_f0,0.0,2,3,25,12.738705547390165,0.7319898945367677,0.10010341994337633,,3.0,0.3333333333333333
recursion,honest_f0,0.0,2,3,50,27.48496038180709,0.9638732676870543,0.027213149818364438,,3.0,0.3333333333333333
recursion,honest_f0,0.0,2,3,75,39.22222542058852,0.8759256649412721,0.022659350869593968,,3.0,0.6666666666666666
recursion,honest_f0,0.0,2,3,100,52.9612626438713,0.8641443838948606,0.01421152962337969,,3.0,0.3333333333333333
recursion,honest_f0,0.0,2,3,125,66.20066264932703,0.8337956589595168,0.008282435503432647,,3.0,0.3333333333333333
recursion,honest_f0,0.0,2,3,150,79.69439974507063,0.8341719554320095,0.007446129534632284,,3.0,0.6666666666666666
recursion,honest_f0,0.0,2,3,175,92.68703796134227,0.8317629626009551,0.0070974551483710055,,3.0,0.16666666666666666
recursion,honest_f0,0.0,2,3,200,107.68118575151249,0.8480970484962764,0.005870705651715743,,3.0,0.3333333333333333
recursion,honest_f0,0.0,2,3,225,121.67090495098753,0.8099937389244634,0.004257193032160004,,3.0,0.3333333333333333
recursion,honest_f0,0.0,2,3,250,136.66239951933298,0.8188114783884368,0.003942754247631428,,3.0,0.3333333333333333
recursion,honest_f0,0.0,2,3,275,150.40589236637595,0.8032396148007508,0.005324250874321073,,3.0,0.5
recursion,honest_f0,0.0,2,3,300,165.64972317427504,0.8029764053108146,0.00281928040741834,,3.0,0.3333333333333333
recursion,honest_f0,0.0,2,3,325,179.8943102881476,0.8177739661800192,0.0028377222349290653,,3.0,0.5
recursion,honest_f0,0.0,2,3,350,193.88891088444566,0.8209004262762035,0.0023722166532372645,,3.0,0.3333333333333333
recursion,honest_f0,0.0,2,3,375,207.37871902474484,0.8150466413495636,0.0033274184109683795,,3.0,0.5
recursion,honest_f0,0.0,2,3,400,223.3734375639105,0.8327481401366328,0.002367902400160041,,3.0,1.0
recursion,honest_f0,0.0,2,3,425,237.36203404019153,0.8190184510015664,0.0031514552538964924,,3.0,0.5
recursion,honest_f0,0.0,2,3,450,249.60311552143935,0.807393420407442,0.0013883709119623495,,3.0,0.3333333333333333
recursion,honest_f0,0.0,2,3,475,263.84320057785374,0.8036262592452563,0.0024595933635066162,,3.0,0.5
recursion,honest_f0,0.0,2,3,500,277.83672352004726,0.8069570507115591,0.0011910089567454668,,3.0,0.3333333333333333
recursion,honest_f0,0.0,2,3,525,290.3282114165577,0.8100521048421212,0.0020715137417863334,,3.0,0.3333333333333333
recursion,honest_f0,0.0,2,3,550,303.56873475347015,0.8040247259027825,0.0012094299288632256,,3.0,0.3333333333333333
recursion,honest_f0,0.0,2,3,575,318.31227581798765,0.8035688169360352,0.001652805408873735,,3.0,0.5
recursion,honest_f0,0.0,2,3,600,334.5576729971323,0.8128290145596143,0.0018163423038168186,,3.0,0.3333333333333333
recursion,honest_f0,0.0,2,3,625,349.0511860571721,0.8127738615308695,0.0026615481145168137,,3.0,0.3333333333333333
recursion,honest_f0,0.0,2,3,650,365.04546189883547,0.8239627940655017,0.002143082890902523,,3.0,0.5
recursion,honest_f0,0.0,2,3,675,378.78820835777935,0.8238751756028784,0.0011820741980120666,,3.0,0.3333333333333333
recursion,honest_f0,0.0,2,3,700,391.52908989806247,0.8215821248859967,0.0015461717038662492,,3.0,0.3333333333333333
recursion,honest_f0,0.0,2,3,725,405.77232275843755,0.8248729537760883,0.0010304905678802788,,3.0,0.3333333333333333
recursion,honest_f0,0.0,2,3,750,419.5142289038482,0.820041676031664,0.0023174620209035247,,3.0,0.3333333333333333
recursion,honest_f0,0.0,2,3,775,436.5092784600629,0.8327985407525894,0.0015756283805456461,,3.0,0.5
recursion,honest_f0,0.0,2,3,800,451.2539510987865,0.8388908922357747,0.0013937947811729918,,3.0,0.5
recursion,honest_f0,0.0,2,3,825,465.99717847978053,0.8427551986743577,0.0011992461108166878,,3.0,0.6666666666666666
recursion,honest_f0,0.0,2,3,850,480.4898082931803,0.8469850089200075,0.0011375792296274313,,3.0,0.5
recursion,honest_f0,0.0,2,3,875,494.48450633630324,0.8482574239271229,0.0014958347239514306,,3.0,0.3333333333333333
recursion,honest_f0,0.0,2,3,900,510.47500810626536,0.8512875536132932,0.0018715942599138624,,3.0,0.5
recursion,honest_f0,0.0,2,3,925,523.7168654395149,0.8554607454279695,0.0008158039472170695,,3.0,0.3333333333333333
recursion,honest_f0,0.0,2,3,950,537.2086925245555,0.8543845595592666,0.0012914781281612325,,3.0,0.3333333333333333
recursion,honest_f0,0.0,2,3,975,551.4486034614929,0.8552425555175012,0.001221591447381565,,3.0,0.3333333333333333
recursion,honest_f0,0.0,2,3,1000,564.9392513628011,0.8573299011463811,0.000720814409181433,,3.0,0.16666666666666666
recursion,honest_f0,0.0,2,4,25,12.990543438921861,0.5413506991285671,0.08183784434217971,,3.0,0.16666666666666666
recursion,honest_f0,0.0,2,4,50,23.73270815238469,0.7065846519932537,0.023022509420417787,,3.0,0.16666666666666666
recursion,honest_f0,0.0,2,4,75,37.22516859358806,0.7317266684380141,0.017468675715379006,,3.0,0.3333333333333333
recursion,honest_f0,0.0,2,4,100,51.2181140658662,0.7302268712822899,0.014906430638026427,,3.0,0.3333333333333333
recursion,honest_f0,0.0,2,4,125,65.95957667777053,0.7317043392773854,0.00407412406156779,,3.0,0.6666666666666666
recursion,honest_f0,0.0,2,4,150,80.70442667569408,0.7380659641080675,0.008053578945828583,,3.0,0.3333333333333333
recursion,honest_f0,0.0,2,4,175,94.9458762089526,0.7500072844975485,0.005096893257993141,,3.0,0.3333333333333333
recursion,honest_f0,0.0,2,4,200,107.93529521673521,0.701159885844276,0.005349633706312922,,3.0,0.5
recursion,honest_f0,0.0,2,4,225,121.92469998464506,0.6491196135734454,0.006706253448967895,,3.0,0.6666666666666666
recursion,honest_f0,0.0,2,4,250,136.41532931413587,0.6354514738477554,0.004082455227496105,,3.0,0.3333333333333333
recursion,honest_f0,0.0,2,4,275,152.4074993012059,0.6423732949495813,0.003922885987591902,,3.0,0.3333333333333333
recursion,honest_f0,0.0,2,4,300,169.1508557246947,0.6477134183403637,0.004070025366557618,,3.0,0.8333333333333334
recursion,honest_f0,0.0,2,4,325,185.8957912860878,0.6657002778702125,0.0033770900112291007,,3.0,1.0
recursion,honest_f0,0.0,2,4,350,199.1381906276511,0.6707519613847234,0.002075865503622569,,3.0,0.3333333333333333
recursion,honest_f0,0.0,2,4,375,214.6322330402505,0.6755141523014495,0.003107676752446538,,3.0,0.5
recursion,honest_f0,0.0,2,4,400,229.12264182589314,0.6617543262099009,0.0034250392352720782,,3.0,0.3333333333333333
recursion,honest_f0,0.0,2,4,425,244.11477436694065,0.6566501154506693,0.001966742785771749,,3.0,0.16666666666666666
recursion,honest_f0,0.0,2,4,450,259.6080239659349,0.6471465308209408,0.0026853761990496467,,3.0,0.6666666666666666
recursion,honest_f0,0.0,2,4,475,276.35167647344076,0.6647200616121878,0.0022910169127860884,,3.0,0.3333333333333333
recursion,honest_f0,0.0,2,4,500,290.34408503303735,0.6542648668137924,0.0015994050353177738,,3.0,0.5
recursion,honest_f0,0.0,2,4,525,308.33887187075914,0.6645273479479565,0.002599849348407417,,3.0,0.3333333333333333
recursion,honest_f0,0.0,2,4,550,323.58173653874,0.6768222632330197,0.002149599394051582,,3.0,0.3333333333333333
recursion,honest_f0,0.0,2,4,575,337.5744325864234,0.6786765831628726,0.0018144455132868829,,3.0,0.3333333333333333
recursion,honest_f0,0.0,2,4,600,353.5689972454861,0.6945511555226831,0.0024143511748568264,,3.0,0.3333333333333333
recursion,honest_f0,0.0,2,4,625,370.06374696378236,0.7037245766468063,0.0024071309146835775,,3.0,0.5
recursion,honest_f0,0.0,2,4,650,385.30651352968425,0.7095041136693041,0.0011387226180305612,,3.0,0.3333333333333333
recursion,honest_f0,0.0,2,4,675,402.29944841472957,0.7079198090833698,0.0018949186016082547,,3.0,0.6666666666666666
recursion,honest_f0,0.0,2,4,700,418.0439207793177,0.7099720244774506,0.0017459783962961051,,3.0,0.3333333333333333
recursion,honest_f0,0.0,2,4,725,432.7877699710383,0.7132576187302775,0.0012286149835466153,,3.0,0.5
recursion,honest_f0,0.0,2,4,750,447.03105232933876,0.7087435129208467,0.0014180605530349144,,3.0,0.3333333333333333
recursion,honest_f0,0.0,2,4,775,461.5221111612631,0.7136831602587741,0.0013936692563542156,,3.0,0.3333333333333333
recursion,honest_f0,0.0,2,4,800,476.2628510203909,0.7162565011184112,0.0012547607552103237,,3.0,0.3333333333333333
recursion,honest_f0,0.0,2,4,825,491.50727329674584,0.7203925411571037,0.0011594379062650029,,3.0,0.5
recursion,honest_f0,0.0,2,4,850,505.7486968661477,0.7199982304361079,0.001949470184156066,,3.0,0.6666666666666666
recursion,honest_f0,0.0,2,4,875,520.9942860435079,0.7254387413252372,0.0007573215337568356,,3.0,0.5
recursion,honest_f0,0.0,2,4,900,535.2356968246266,0.7203733562615054,0.0007525729353754691,,3.0,0.3333333333333333
recursion,honest_f0,0.0,2,4,925,549.2271767819819,0.7206896247963008,0.0011515701787149699,,3.0,0.5
recursion,honest_f0,0.0,2,4,950,563.720729339027,0.7182828147066967,0.0009232225382567212,,3.0,0.3333333333333333
recursion,honest_f0,0.0,2,4,975,578.9635337780538,0.7199543340936008,0.0009539333538514986,,3.0,0.5
recursion,honest_f0,0.0,2,4,1000,592.7044709977778,0.7148888871208866,0.0015887245268954519,,3.0,0.16666666666666666
