d,expertise,seed_rep,observer,psi,kl_posterior_prior,goal_accuracy,final_entropy,n_ghost_in_corpus,kl,regret,regret_norm,argmax_preserved,sycophancy,entropy_recovered,n_artifacts,arm
0.0,1.0,0,0,3.158053536459888,1.371525224439579,1.0,1.65656080317296e-05,0,0.0038010060379293775,0.9294618761152562,0.0309820625371752,1,0.675,1.309183724597329,300,main
0.0,1.0,0,1,3.0506702416576346,1.3248892520583702,1.0,1.458878696192667e-06,0,0.0038014185141620263,0.9294219033267326,0.030980730110891083,1,0.69,1.3091848710989544,300,main
0.0,1.0,0,2,3.394556252238274,1.4742370488572651,1.0,4.1864291820493935e-05,0,0.0038006508855869398,0.9293468085201928,0.03097822695067309,1,0.76,1.3091820178421392,300,main
0.0,1.0,0,3,3.0951394256335782,1.344201973273863,1.0,1.6666079918558715e-05,0,0.003801912451745451,0.9294491781745573,0.030981639272485238,1,0.7,1.3091868189930311,300,main
0.0,1.0,0,4,3.0888540502998665,1.3414722694497414,1.0,2.5883815409833404e-05,0,0.003801393901835381,0.9295383805425328,0.030984612684751087,1,0.655,1.309185751755832,300,main
0.0,1.0,0,5,3.387224338914768,1.4710528393590738,1.0,0.0003431137851341879,0,0.003820580343922124,0.9306801382208796,0.031022671274029315,1,0.64,1.3092638316992384,300,main
0.0,1.0,0,6,3.2141802810889066,1.3959007599191549,1.0,1.5059936623364163e-05,0,0.0038013536179104454,0.9294490780124287,0.030981635933747618,1,0.67,1.3091843160495944,300,main
0.0,1.0,0,7,3.2542356067198943,1.4132965668115307,1.0,0.0003573766733845537,0,0.0038021971470021156,0.9267157853111607,0.030890526177038687,1,0.715,1.3091631054922794,300,main
0.0,1.0,0,8,3.320391489366029,1.442027701590186,1.0,3.2469508646050593e-07,0,0.003801431751228778,0.9294228635677748,0.030980762118925823,1,0.655,1.3091848910024813,300,main
0.0,1.0,0,9,3.1234824491413913,1.3565111919837605,1.0,2.1174863942578144e-06,0,0.0038014584106955997,0.9294251456709923,0.030980838189033074,1,0.69,1.3091850055500167,300,main
0.0,1.0,0,10,3.119054291430562,1.3545880675249502,1.0,3.321931807358605e-05,0,0.003802249175437842,0.929444861961648,0.030981495398721595,1,0.735,1.3091879873908376,300,main
0.0,1.0,0,11,3.1700722028065487,1.3767448649137703,1.0,2.4531078947584516e-05,0,0.003802278123172253,0.9293592911951087,0.030978643039836953,1,0.685,1.309187342445392,300,main
0.0,1.0,0,12,3.2774282407834208,1.4233689998061216,1.0,1.51273626178352e-06,0,0.0038014351659714056,0.9294215524428884,0.03098071841476294,1,0.73,1.3091848782977653,300,main
0.0,1.0,0,13,3.1111043478685496,1.3511354509045257,1.0,9.854597204912466e-06,0,0.00380148450180727,0.9294366991625502,0.030981223305418335,1,0.725,1.3091854564145762,300,main
0.0,1.0,0,14,3.167556909047268,1.3756524867137492,1.0,2.5901176429623283e-05,0,0.003802234394496125,0.929474788988105,0.03098249296627016,1,0.75,1.3091882430757578,300,main
0.0,1.0,0,15,3.222934358437279,1.3997026074057075,1.0,5.605792333538002e-07,0,0.0038014399547492833,0.9294220169544176,0.03098073389848058,1,0.71,1.3091849001477378,300,main
0.0,1.0,0,16,3.1448950434271543,1.3658105635253002,1.0,3.893436188657549e-05,0,0.0038005654986440415,0.9293954737200516,0.030979849124001715,1,0.685,1.3091809853773602,300,main
0.0,1.0,0,17,3.298045829294056,1.4323231047264426,1.0,1.4170368789431942e-05,0,0.0038014866037974944,0.9294560676734731,0.0309818689224491,1,0.675,1.3091859453218402,300,main
0.0,1.0,0,18,3.2333995571084233,1.4042475854406065,1.0,2.0508002167488303e-07,0,0.0038014317888634686,0.9294220895331606,0.030980736317772015,1,0.74,1.309184885484095,300,main
0.0,1.0,0,19,3.213665582151226,1.3956772290106785,1.0,1.374252939563816e-05,0,0.003800986336897967,0.9294550051661132,0.030981833505537102,1,0.725,1.3091835939832361,300,main
0.0,1.0,1,0,3.083258457398086,1.339042134329521,1.0,8.034539080345533e-08,0,0.0029606839441564635,0.2620319265242643,0.00873439755080881,1,0.45,1.263642098923518,300,main
0.0,1.0,1,1,3.256916513669922,1.4144608699064238,1.0,1.3329469722912187e-06,0,0.0029606795483817037,0.2620320248311936,0.008734400827706452,1,0.455,1.2636420551024554,300,main
0.0,1.0,1,2,3.2872854488858763,1.4276499308919903,1.0,6.254869913984028e-07,0,0.0029606851740106655,0.26203197464138017,0.008734399154712672,1,0.345,1.2636420777879254,300,main
0.0,1.0,1,3,3.212829631092646,1.3953141800787958,1.0,9.631928652308135e-06,0,0.002960777090334529,0.2620284741928436,0.008734282473094785,1,0.415,1.2636407251359036,300,main
0.0,1.0,1,4,3.3003341723633715,1.433316919494148,1.0,3.825662072542691e-05,0,0.0029605997488167707,0.2620409373530863,0.008734697911769543,1,0.45,1.2636378200375622,300,main
0.0,1.0,1,5,3.418167390619633,1.4844912359677433,1.0,1.75290832093062e-06,0,0.0029606671265389726,0.26203276283704446,0.00873442542790148,1,0.445,1.2636422203663324,300,main
0.0,1.0,1,6,3.1312587269507253,1.3598883865261011,1.0,1.4507175901981054e-05,0,0.0029608618890897697,0.2620236242935059,0.008734120809783528,1,0.39,1.2636425416459187,300,main
0.0,1.0,1,7,3.21797405669114,1.3975483757287839,1.0,1.0389050680430643e-06,0,0.0029606933578669005,0.2620313016895637,0.008734376722985455,1,0.475,1.2636420865902693,300,main
0.0,1.0,1,8,3.0993589156079784,1.3460344744861914,1.0,1.3397760054488175e-06,0,0.0029606924919564877,0.2620313405902297,0.008734378019674322,1,0.415,1.263642121868827,300,main
0.0,1.0,1,9,3.3035448891001007,1.4347113160558633,1.0,3.0000800842384812e-05,0,0.0029611482938603838,0.2620063654832361,0.008733545516107869,1,0.42,1.2636418429459504,300,main
0.0,1.0,1,10,3.302369936515167,1.4342010406317287,1.0,1.5281299626981383e-05,0,0.0029603827342302783,0.26204988899584114,0.00873499629986137,1,0.45,1.2636428756464215,300,main
0.0,1.0,1,11,3.232772531353415,1.403975271615195,1.0,1.3070788643524764e-06,0,0.002960681222155173,0.262032186750738,0.0087344062250246,1,0.43,1.2636420071170613,300,main
0.0,1.0,1,12,3.3377437160920214,1.4495636779060188,1.0,5.98129357049293e-08,0,0.0029606838749279135,0.2620319343218491,0.008734397810728304,1,0.435,1.2636420984614412,300,main
0.0,1.0,1,13,3.1928196410339886,1.3866239518133825,1.0,1.4670695032038727e-06,0,0.0029606709580768495,0.2620325687575864,0.008734418958586213,1,0.425,1.2636420915116942,300,main
0.0,1.0,1,14,3.2328223460957104,1.4039969058828914,1.0,1.1694906845883428e-06,0,0.0029606877995573782,0.26203188883960893,0.00873439629465363,1,0.49,1.2636420702730942,300,main
0.0,1.0,1,15,3.328108694881533,1.445379241361283,1.0,9.616245092380306e-06,0,0.002960843791109029,0.26202248979747544,0.00873408299324918,1,0.43,1.2636416118655853,300,main
0.0,1.0,1,16,3.2197949480282224,1.3983391787886243,1.0,1.1703316041658132e-06,0,0.0029606991028191688,0.2620310179921481,0.008734367266404936,1,0.4,1.263642065358075,300,main
0.0,1.0,1,17,3.4184354245156054,1.4846076416097276,1.0,0.00020722133421769592,0,0.002957663213820256,0.26227031834402115,0.008742343944800704,1,0.45,1.2636712547865359,300,main
0.0,1.0,1,18,3.4469270597655903,1.4969814015791958,1.0,5.2026591024853e-07,0,0.0029606852065989504,0.2620319775970825,0.008734399253236083,1,0.415,1.2636420726942197,300,main
0.0,1.0,1,19,3.373222987488064,1.4649721296952678,1.0,1.4124513674840496e-06,0,0.002960687031334638,0.2620317842264852,0.008734392807549505,1,0.43,1.263642111430413,300,main
0.0,1.0,2,0,3.349706099510674,1.4547588750151506,1.0,1.4030924996212546e-06,0,0.0003827515884544915,1.1105496041000196,0.03701832013666732,1,0.41,1.2790788411886727,300,main
0.0,1.0,2,1,3.2422827464862563,1.408105505569101,1.0,1.626191251341265e-05,0,0.0003826659237126202,1.1105213459002006,0.03701737819667335,1,0.415,1.279078176408119,300,main
0.0,1.0,2,2,3.1923004222824365,1.3863984579746826,1.0,1.502056405288914e-06,0,0.0003827559347843127,1.110555343725006,0.037018511457500194,1,0.425,1.279078958828808,300,main
0.0,1.0,2,3,3.1611958151973747,1.3728898987558715,1.0,2.2766609088294014e-05,0,0.0003828915682063021,1.1106050062484163,0.037020166874947205,1,0.385,1.2790792055705997,300,main
0.0,1.0,2,4,3.27960733819909,1.4243153697892763,1.0,6.713510907100817e-08,0,0.0003827538780933376,1.1105540503907607,0.037018468346358684,1,0.45,1.27907886199322,300,main
0.0,1.0,2,5,3.2311531154016127,1.4032719682034211,1.0,0.00035799397629323156,0,0.00038419916068420726,1.1137165725242648,0.03712388575080882,1,0.425,1.2790968047858888,300,main
0.0,1.0,2,6,3.13993747547285,1.3636575191190856,1.0,9.191393256487918e-07,0,0.000382752488416219,1.1105552495057236,0.03701850831685745,1,0.41,1.2790789188339626,300,main
0.0,1.0,2,7,3.199766886856683,1.3896411023386042,1.0,1.2470379333728022e-06,0,0.0003827563675868214,1.1105576408767248,0.037018588029224156,1,0.415,1.279078927643653,300,main
0.0,1.0,2,8,3.1978135403353245,1.388792774723133,1.0,1.4058867143923268e-05,0,0.0003827363902295972,1.110593206703514,0.0370197735567838,1,0.36,1.2790771338832427,300,main
0.0,1.0,2,9,3.2389293849959913,1.4066491591780519,1.0,1.5732443522304754e-05,0,0.00038277523198198887,1.110512706967498,0.03701709023224993,1,0.495,1.2790805161324186,300,main
0.0,1.0,2,10,3.141097280621931,1.3641612160954146,1.0,1.3171712839868091e-07,0,0.00038275378121561433,1.1105540363226418,0.03701846787742139,1,0.46,1.2790788678917298,300,main
0.0,1.0,2,11,3.2956157268197637,1.4312677246313978,1.0,8.121063445646026e-06,0,0.0003827638531673544,1.1105345299506852,0.03701781766502284,1,0.45,1.279079802096703,300,main
0.0,1.0,2,12,3.107982812723626,1.3497797854160183,1.0,5.438572141391161e-07,0,0.0003827545203307363,1.1105555716012572,0.037018519053375235,1,0.43,1.2790788749023954,300,main
0.0,1.0,2,13,3.292918759590058,1.4300964466456627,1.0,4.1220774002648864e-07,0,0.00038275410905906377,1.1105548509869778,0.03701849503289926,1,0.515,1.2790788679197398,300,main
0.0,1.0,2,14,3.0689566809368776,1.3328309517310046,1.0,2.451143037340923e-06,0,0.00038275180603762095,1.1105580513277813,0.03701860171092604,1,0.435,1.2790790221191135,300,main
0.0,1.0,2,15,3.11075644442338,1.3509843583580534,1.0,1.3420752056988384e-06,0,0.00038275519539691764,1.1105569688261208,0.03701856562753735,1,0.41,1.2790788807318507,300,main
0.0,1.0,2,16,3.5717209702942165,1.5511787082969066,1.0,2.2663391332055027e-06,0,0.0003827552869800073,1.1105540518476675,0.037018468394922247,1,0.375,1.279078805336073,300,main
0.0,1.0,2,17,3.3275616589076344,1.4451416666564159,1.0,4.651442182312058e-05,0,0.0003826315149054278,1.1106134674112034,0.037020448913706774,1,0.505,1.2790830904829824,300,main
0.0,1.0,2,18,3.290119301946066,1.428880657638555,1.0,1.7540421271043444e-06,0,0.0003827571918323474,1.1105590599588433,0.03701863533196144,1,0.4,1.2790789307303116,300,main
0.0,1.0,2,19,3.438898880222793,1.4934948075040306,1.0,0.0023119078895111013,0,0.00027263573403003404,1.073271609992299,0.035775720333076626,1,0.445,1.2798635118818953,300,main
0.0,1.0,3,0,3.349291211217335,1.4545786913187473,1.0,8.474755026215617e-07,0,0.0024400272341105183,1.5193054093358638,0.050643513644528786,1,0.65,1.2687385856611408,300,main
0.0,1.0,3,1,3.1231309750360077,1.3563585487192604,1.0,9.818586097189099e-07,0,0.0024400229583960865,1.5193015746711613,0.05064338582237204,1,0.68,1.268738572353388,300,main
0.0,1.0,3,2,3.285008370964201,1.4266610085157427,1.0,2.544464352949275e-06,0,0.00244003409375999,1.5193023516454462,0.05064341172151487,1,0.74,1.2687385634131378,300,main
0.0,1.0,3,3,3.170703207600096,1.3770189068136622,1.0,2.6701258313695914e-05,0,0.002439562589468652,1.519392656857771,0.050646421895259024,1,0.75,1.2687432898146884,300,main
0.0,1.0,3,4,3.318458407981845,1.4411881750119653,1.0,7.191801265081262e-07,0,0.0024400305380173105,1.519302365250147,0.05064341217500489,1,0.7,1.268738537366259,300,main
0.0,1.0,3,5,3.2746468803473916,1.4221610703165701,1.0,1.4517423868832182e-06,0,0.002440021334831847,1.5193025731164989,0.050643419103883286,1,0.735,1.2687385648269702,300,main
0.0,1.0,3,6,3.322932868457814,1.4431314085061726,1.0,9.408089957919288e-06,0,0.002440123720401111,1.519332696840836,0.05064442322802786,1,0.68,1.2687390157775147,300,main
0.0,1.0,3,7,3.401628527059038,1.4773084987864264,1.0,1.2805849439738204e-06,0,0.002440026526658574,1.5192997093643357,0.05064332364547785,1,0.65,1.2687386099962237,300,main
0.0,1.0,3,8,3.209650877494494,1.3939336649317886,1.0,9.801595714304729e-07,0,0.0024400333380969925,1.519299748552333,0.05064332495174442,1,0.665,1.2687384735917016,300,main
0.0,1.0,3,9,3.172077365815635,1.3776156961439328,1.0,1.1596224474451274e-07,0,0.002440023895819295,1.5193017363531847,0.05064339121177282,1,0.705,1.2687385685527768,300,main
0.0,1.0,3,10,3.249724414671002,1.411337380997891,1.0,2.2596325406740835e-06,0,0.002440052054879776,1.5193034452383625,0.050643448174612075,1,0.685,1.2687385007475387,300,main
0.0,1.0,3,11,3.1969679290023154,1.3884255303873723,1.0,6.451113507847287e-07,0,0.002440014080313451,1.5193016362127498,0.05064338787375832,1,0.66,1.2687386048098785,300,main
0.0,1.0,3,12,3.239074660478181,1.4067122515183228,1.0,1.2849093920535051e-06,0,0.0024400226756467885,1.519302686181584,0.05064342287271946,1,0.71,1.268738654568269,300,main
0.0,1.0,3,13,3.1489069402246614,1.3675529081664235,1.0,5.277571225836028e-05,0,0.002439620063936117,1.519340816604986,0.05064469388683286,1,0.725,1.2687438578186192,300,main
0.0,1.0,3,14,3.142932724532012,1.3649583392574056,1.0,5.786509142856272e-05,0,0.0024400327572382217,1.5192562590867098,0.05064187530289032,1,0.695,1.2687370162934708,300,main
0.0,1.0,3,15,3.1265159704251504,1.3578286335380332,1.0,0.00034437464892698164,0,0.002444167930905624,1.5233188387024532,0.0507772946234151,1,0.745,1.2687548903102348,300,main
0.0,1.0,3,16,3.2475489872996213,1.410392604894719,1.0,9.085923856711567e-07,0,0.0024400264324188677,1.5193000162212977,0.05064333387404325,1,0.7,1.2687385936710442,300,main
0.0,1.0,3,17,3.028984328717853,1.3154711797335887,1.0,8.023828442324219e-07,0,0.0024400273513575637,1.5193021732852974,0.05064340577617657,1,0.69,1.2687385468229364,300,main
0.0,1.0,3,18,3.165276840596272,1.3746622655671197,1.0,5.7462035472163563e-05,0,0.00243969453600334,1.5194552692931074,0.050648508976436905,1,0.76,1.2687461061352314,300,main
0.0,1.0,3,19,3.092059495688883,1.3428643766942336,1.0,2.5125625093463046e-05,0,0.002439874699300454,1.5193738867361029,0.05064579622453676,1,0.725,1.2687375524927955,300,main
0.0,1.0,4,0,3.161876595926361,1.3731855580698562,1.0,8.69923976775225e-07,0,0.0005995698767254573,1.6443177649089313,0.05481059216363104,1,0.745,1.2890629970279308,300,main
0.0,1.0,4,1,3.261575034520622,1.4164840398057141,1.0,7.615901751445565e-07,0,0.0005995663749450088,1.6443156783546797,0.05481052261182265,1,0.685,1.289062965973624,300,main
0.0,1.0,4,2,3.3020979678217106,1.4340829261289105,1.0,6.314846090404914e-08,0,0.0005995660495573072,1.6443156961392424,0.05481052320464141,1,0.7,1.2890629546094106,300,main
0.0,1.0,4,3,3.0595400909123582,1.3287413786450104,1.0,9.44937882533691e-06,0,0.0005995780496222372,1.6443110426122287,0.054810368087074283,1,0.73,1.2890635277223148,300,main
0.0,1.0,4,4,3.2640479478288476,1.4175580124097014,1.0,1.204799337878124e-07,0,0.0005995661200309328,1.6443157417700804,0.054810524725669336,1,0.635,1.2890629552401751,300,main
0.0,1.0,4,5,3.402595066244955,1.4777282614214133,1.0,1.2026002589956968e-06,0,0.0005995652821364833,1.6443131021652069,0.05481043673884022,1,0.655,1.2890630186686807,300,main
0.0,1.0,4,6,3.3205146894636655,1.44208120671276,1.0,1.1231745064305523e-06,0,0.000599563485393262,1.6443126007408104,0.05481042002469367,1,0.695,1.2890629758683538,300,main
0.0,1.0,4,7,3.218133554417253,1.397617644711111,1.0,8.699654216627396e-07,0,0.000599570063067466,1.6443179276202091,0.0548105975873403,1,0.71,1.2890629974946455,300,main
0.0,1.0,4,8,3.3776191440156396,1.4668813562167768,1.0,2.2147932251364528e-05,0,0.0005996284359636979,1.6442878063530841,0.05480959354510279,1,0.635,1.2890657606240052,300,main
0.0,1.0,4,9,3.4428864459556077,1.4952265852980187,1.0,0.000344704643320585,0,0.0005995910742001877,1.6466626583524824,0.05488875527841607,1,0.7,1.2889848800609276,300,main
0.0,1.0,4,10,3.1881590458895115,1.3845998810597508,1.0,1.36835620469796e-06,0,0.0005995628596423752,1.6443137753568315,0.05481045917856104,1,0.77,1.2890629201678345,300,main
0.0,1.0,4,11,3.10060402186436,1.346575217262721,1.0,9.381329041815274e-08,0,0.0005995660070593888,1.644315699559673,0.05481052331865576,1,0.655,1.2890629532874573,300,main
0.0,1.0,4,12,3.127851025826756,1.3584084407319854,1.0,8.38009714317892e-06,0,0.0005995063133284249,1.6442659833173723,0.054808866110579064,1,0.69,1.2890628017340644,300,main
0.0,1.0,4,13,3.3116622189057945,1.4382366275982652,1.0,5.635389996077262e-07,0,0.0005995686060499463,1.644317702081144,0.05481059006937145,1,0.705,1.2890629650856573,300,main
0.0,1.0,4,14,3.2312521545255564,1.4033149803484426,1.0,2.448012958585126e-06,0,0.0005995740212047184,1.6443206192089277,0.05481068730696425,1,0.68,1.2890630291317584,300,main
0.0,1.0,4,15,3.181908295902367,1.3818852148325773,1.0,0.0003451808203906929,0,0.0005984459210395042,1.6445823164985829,0.054819410549952756,1,0.715,1.2890147819193694,300,main
0.0,1.0,4,16,3.157238337473829,1.3711711880182804,1.0,0.00032285476684027,0,0.0005946579773573272,1.6402678118887293,0.0546755937296243,1,0.715,1.2890491296193725,300,main
0.0,1.0,4,17,3.2406900215331604,1.4074137939107816,1.0,2.794926892899778e-06,0,0.0005995621446349187,1.6443141569241482,0.0548104718974716,1,0.69,1.2890628921416911,300,main
0.0,1.0,4,18,3.152605651414698,1.36915923802641,1.0,1.4212698928422717e-05,0,0.0005996844153562907,1.6443614459955513,0.0548120481998517,1,0.695,1.28906499998378,300,main
0.0,1.0,4,19,3.1473915117882245,1.3668947659587594,1.0,1.0993848875961254e-06,0,0.0005995694234259413,1.6443178785106871,0.05481059595035623,1,0.74,1.289062986124818,300,main
0.2,0.8,0,0,3.36750535230247,1.4624889922846287,1.0,0.003261827988111064,0,0.0037786766955009814,0.9471111995938364,0.031570373319794544,1,0.675,1.3092537445817118,300,main
0.2,0.8,0,1,3.3820997461702453,1.4688272570081262,1.0,7.82970156276803e-05,0,0.003801482106715867,0.9293100103805407,0.03097700034601802,1,0.69,1.3091822078915336,300,main
0.2,0.8,0,2,3.25040140678914,1.4116313949390902,1.0,0.0029256579481653066,0,0.0038450482027041905,0.9529906222944085,0.03176635407648028,1,0.76,1.309472012669248,300,main
0.2,0.8,0,3,3.178868996355618,1.3805652638105728,1.0,0.0009806707327916012,0,0.0038459869467924387,0.9324082365454234,0.031080274551514107,1,0.7,1.3093702825653342,300,main
0.2,0.8,0,4,3.206254617202558,1.3924586878278937,1.0,0.00019185078553571802,0,0.003802029192868879,0.9299111348057276,0.030997037826857584,1,0.655,1.3091897498151313,300,main
0.2,0.8,0,5,3.0865192178609138,1.3404582646053356,1.0,0.0014071844018597969,0,0.003912703242298938,0.9370012565119712,0.031233375217065703,1,0.64,1.3096453683289087,300,main
0.2,0.8,0,6,3.323929196114952,1.4435641081098352,1.0,0.0003283799309380309,0,0.003802016992943927,0.9299777113054464,0.030999257043514875,1,0.67,1.3091872524874728,300,main
0.2,0.8,0,7,3.2065326667362455,1.3925794432060703,1.0,0.0010112588022598392,0,0.0037983018560415714,0.9273497958406651,0.0309116598613555,1,0.715,1.3091174362456592,300,main
0.2,0.8,0,8,3.309453994286075,1.437277607831118,1.0,0.00015038453803509018,0,0.003801462017072422,0.9296821833937374,0.030989406113124576,1,0.655,1.3091862904476925,300,main
0.2,0.8,0,9,3.1585492585258934,1.371740513797403,1.0,0.00039437347851955005,0,0.0038110750140727886,0.9302787444533556,0.031009291481778514,1,0.69,1.3092238899842563,300,main
0.2,0.8,0,10,3.1152792621993646,1.3529485931608174,1.0,0.0015391480665439155,0,0.003818183369073417,0.9150051716129481,0.030500172387098266,1,0.735,1.3091132449360665,300,main
0.2,0.8,0,11,3.129194237058253,1.3589917899578554,1.0,0.0002418570133121257,0,0.0037979699415580243,0.9292829543342984,0.03097609847780994,1,0.685,1.309179141232351,300,main
0.2,0.8,0,12,3.510170217928596,1.5244475561875241,1.0,0.00024027963154945675,0,0.0038072994604527073,0.9297154732555657,0.03099051577518552,1,0.73,1.3092086173090163,300,main
0.2,0.8,0,13,3.2725997986474,1.4212720340302587,1.0,0.0003436063699401634,0,0.0038127222047556093,0.9297199327242212,0.0309906644241407,1,0.725,1.309227453817833,300,main
0.2,0.8,0,14,3.266887439450917,1.418791187952577,0.9966666666666667,0.0024050059322342334,0,0.004287137967581397,0.9606855821376548,0.03202285273792182,1,0.75,1.311111799855784,300,main
0.2,0.8,0,15,3.2559985769671753,1.4140622150616848,1.0,7.747189605606178e-05,0,0.003801772970379473,0.9295442478062688,0.030984808260208954,1,0.71,1.309186477899325,300,main
0.2,0.8,0,16,3.2872072999714534,1.4276159912496895,1.0,0.0016417655515197607,0,0.0037036739850625847,0.9243445872602618,0.03081148624200872,1,0.685,1.3087578962816784,300,main
0.2,0.8,0,17,3.2134405631711593,1.395579504509312,1.0,0.000611016326409677,0,0.003807710476959717,0.9318568156368168,0.031061893854560554,1,0.675,1.3092660471549185,300,main
0.2,0.8,0,18,3.427399856367057,1.4885008448962105,1.0,0.000696903756997394,0,0.0037953218942893413,0.9315136023031467,0.031050453410104886,1,0.74,1.309133761771867,300,main
0.2,0.8,0,19,3.4433783424958757,1.4954402132511244,1.0,0.001797250592497901,0,0.003604744412312306,0.9442655552785284,0.031475518509284275,1,0.725,1.3086035849293092,300,main
0.2,0.8,1,0,3.2681972799242027,1.4193600444422982,1.0,7.036660185259822e-05,0,0.002960467768245214,0.2620416148078897,0.008734720493596321,1,0.45,1.2636417668040278,300,main
0.2,0.8,1,1,3.227462995244848,1.4016693693817783,1.0,0.00017828001209172373,0,0.0029588610816645242,0.26210593072452104,0.008736864357484034,1,0.455,1.263641649174073,300,main
0.2,0.8,1,2,3.0019720389052393,1.3037398913243994,1.0,5.9659329264119624e-05,0,0.002960696894199456,0.2620281672515212,0.008734272241717373,1,0.345,1.2636427276625948,300,main
0.2,0.8,1,3,3.2735255729800707,1.4216740927144254,1.0,0.0018917626902480622,0,0.0029326395088050124,0.264995591506173,0.0088331863835391,1,0.415,1.2631157993439261,300,main
0.2,0.8,1,4,3.0233573139037078,1.3130273982502176,1.0,0.0017322391891546707,0,0.0029409817517364032,0.2640055753943382,0.00880018584647794,1,0.45,1.2631625523167198,300,main
0.2,0.8,1,5,3.4396135069582927,1.4938051659518787,1.0,0.00010490884577793791,0,0.0029602381776917207,0.2620416146087212,0.008734720486957373,1,0.445,1.2636465446466023,300,main
0.2,0.8,1,6,3.274082426325403,1.4219159310495324,1.0,0.00013248072101002434,0,0.002959083621139404,0.26210476490947654,0.00873682549698255,1,0.39,1.2636426430541574,300,main
0.2,0.8,1,7,3.076904778653086,1.3362827667107815,1.0,0.00018652443209576323,0,0.0029601242034218538,0.26206421495190146,0.008735473831730048,1,0.475,1.2636476523216686,300,main
0.2,0.8,1,8,3.2882685269436096,1.4280768762677438,1.0,4.866852779196902e-05,0,0.0029603258105039606,0.2620514268614593,0.008735047562048643,1,0.415,1.2636459034620342,300,main
0.2,0.8,1,9,3.1221591868598946,1.3559365064767959,1.0,0.0023219142000066276,0,0.003106234264138278,0.2536849057636348,0.008456163525454492,1,0.42,1.2632585582612321,300,main
0.2,0.8,1,10,3.642855926424231,1.582072227214602,1.0,0.0006947133965795296,0,0.002948344511946135,0.26255234961263807,0.008751744987087934,1,0.45,1.2638044827245944,300,main
0.2,0.8,1,11,3.277401969034482,1.4233575901305278,1.0,0.00016745186977463634,0,0.0029593257817256595,0.26214095485568856,0.00873803182852295,1,0.43,1.2636555944885068,300,main
0.2,0.8,1,12,3.304777587949157,1.4352466703638576,1.0,0.00012192284303158882,0,0.002961742677762908,0.2619756328224976,0.008732521094083252,1,0.435,1.2636438097029714,300,main
0.2,0.8,1,13,3.570598416987499,1.5506911895901572,1.0,0.0001742466562265656,0,0.0029600292377531005,0.26204133066240476,0.008734711022080158,1,0.425,1.2636434403671277,300,main
0.2,0.8,1,14,3.3238336762414438,1.4435226243558583,1.0,0.00022646290471884026,0,0.0029614544734546827,0.26202099731797435,0.008734033243932477,1,0.49,1.2636288965876552,300,main
0.2,0.8,1,15,3.161151669109617,1.3728707263535607,1.0,0.00143644150430771,0,0.0029926314163036564,0.2605207325751313,0.008684024419171042,1,0.43,1.26334190737433,300,main
0.2,0.8,1,16,3.406121620039039,1.4792598242743191,1.0,0.00014732666648402862,0,0.0029624663847034145,0.261934851183776,0.008731161706125866,1,0.4,1.2636389430740214,300,main
0.2,0.8,1,17,3.1849988011068033,1.3832274041891575,1.0,0.0008296477483202168,0,0.0029396086758365,0.2633750916283206,0.00877916972094402,1,0.45,1.2637214087737252,300,main
0.2,0.8,1,18,3.3050868713534154,1.4353809904396706,1.0,6.6594567366429e-05,0,0.0029605960779560585,0.2620380060830929,0.008734600202769763,1,0.415,1.2636396967211763,300,main
0.2,0.8,1,19,3.220671205291368,1.3987197324827363,1.0,0.00012104494422757907,0,0.002959905594452487,0.26209100014643605,0.008736366671547867,1,0.43,1.2636470318796813,300,main
0.2,0.8,2,0,3.353354287169337,1.4563432627842554,1.0,0.0004134479108285722,0,0.0003808394538587843,1.1095398051470584,0.03698466017156861,1,0.41,1.2790838790319325,300,main
0.2,0.8,2,1,3.109611495251773,1.350487113250765,1.0,0.000811808484329432,0,0.00037942477555226407,1.107739827073534,0.036924660902451126,1,0.415,1.2788938646223726,300,main
0.2,0.8,2,2,3.0661798400720106,1.3316249850662694,1.0,7.353268568535023e-05,0,0.0003828185477547227,1.1104849189664923,0.037016163965549735,1,0.425,1.2790788034199214,300,main
0.2,0.8,2,3,3.162251031219781,1.3733481732516184,1.0,0.001668920468200179,0,0.0003946062429635742,1.1158440320521712,0.037194801068405704,1,0.385,1.2795161577128604,300,main
0.2,0.8,2,4,3.2137169043108824,1.395699517941417,1.0,5.435357557783157e-05,0,0.0003828156650821741,1.1105704379427983,0.03701901459809327,1,0.45,1.2790765595544353,300,main
0.2,0.8,2,5,3.1129904282375205,1.351954565201196,1.0,0.0023228533608069713,0,0.00040105167810170015,1.1450486905630997,0.03816828968543665,1,0.425,1.2793670517219875,300,main
0.2,0.8,2,6,3.2780676108432516,1.423646674695,1.0,0.00015267235855528758,0,0.0003824128265457116,1.1109615944106588,0.03703205314702195,1,0.41,1.2790625856912954,300,main
0.2,0.8,2,7,3.354433561645423,1.4568119857336788,1.0,0.00031095436391345737,0,0.0003843086058504322,1.1115254965204269,0.03705084988401423,1,0.415,1.2791475627408666,300,main
0.2,0.8,2,8,3.3275877226305934,1.4451529859874752,1.0,0.00034387578774708154,0,0.00038236692865399515,1.111728431901604,0.03705761439672013,1,0.36,1.2790260552437627,300,main
0.2,0.8,2,9,3.1813007112923515,1.3816213441891583,1.0,0.002434329541415853,0,0.00036972181041453533,1.0865345680042326,0.036217818933474415,1,0.495,1.2790305432783429,300,main
0.2,0.8,2,10,3.2944843570491344,1.430776376983021,1.0,0.00028970126642438804,0,0.0003822065726393118,1.1105954944789276,0.03701984981596425,1,0.46,1.2790491017723773,300,main
0.2,0.8,2,11,3.4095295908439227,1.4807398871893678,1.0,0.0011170130162152427,0,0.00038719721431540585,1.1023821582182125,0.03674607194060708,1,0.45,1.279444871306012,300,main
0.2,0.8,2,12,3.3996218081341243,1.4764369918306057,1.0,0.001245843783073075,0,0.0003656528713618821,1.1179806289794647,0.03726602096598215,1,0.43,1.2793326251819566,300,main
0.2,0.8,2,13,3.2414959953649554,1.4077638238984886,1.0,0.00026925696468350864,0,0.00038356464193425085,1.112155385803748,0.03707184619345826,1,0.515,1.279090381069545,300,main
0.2,0.8,2,14,3.0390347035286767,1.3198360020549886,1.0,0.0005374279379027567,0,0.00038340432704311953,1.1131204504000125,0.03710401501333375,1,0.435,1.2791012471874654,300,main
0.2,0.8,2,15,3.2853532495780224,1.4268107873946518,1.0,0.00013250225274060316,0,0.0003827017315609577,1.1104129196939705,0.03701376398979901,1,0.41,1.2790810065027545,300,main
0.2,0.8,2,16,3.1949819298312714,1.3875630219063237,1.0,0.00015494710084251165,0,0.0003828570770450729,1.1108065382443189,0.037026884608143955,1,0.375,1.2790666814953824,300,main
0.2,0.8,2,17,3.4024775905423077,1.4776772423719957,1.0,0.0011456645839307226,0,0.00037835133598375023,1.1154252990591529,0.03718084330197176,1,0.505,1.2793230448260708,300,main
0.2,0.8,2,18,3.2109726833920567,1.3945077179392475,1.0,7.136255151851564e-05,0,0.0003829228405903026,1.110468435903278,0.03701561453010926,1,0.4,1.2790790446090998,300,main
0.2,0.8,2,19,3.2119203713585596,1.3949192935936654,1.0,0.002406174379324646,0,0.0002884674371065655,1.0789930502807854,0.03596643500935951,1,0.445,1.279748578066541,300,main
0.2,0.8,3,0,3.0879346034573936,1.3410729587596522,1.0,0.0007539059699147891,0,0.002444154299886356,1.5255290409152633,0.05085096803050877,1,0.65,1.2687580134439185,300,main
0.2,0.8,3,1,3.126144547514861,1.3576673266176418,1.0,0.00021397994709858716,0,0.002441688068899977,1.521168667190581,0.05070562223968603,1,0.68,1.2687452577507843,300,main
0.2,0.8,3,2,3.187225835243398,1.3841945928256907,1.0,0.0006619691789609704,0,0.0024250089310135885,1.5219903993956785,0.050733013313189274,1,0.74,1.268883931830424,300,main
0.2,0.8,3,3,3.070260425393177,1.3333971607541872,1.0,0.001877799028999733,0,0.002377622268258434,1.5236743882186043,0.05078914627395347,1,0.75,1.2692669093266356,300,main
0.2,0.8,3,4,3.1203057187756227,1.3551315555154126,1.0,0.0003432809716336646,0,0.00244380107203279,1.5199660054951103,0.05066553351650367,1,0.7,1.2687303252896012,300,main
0.2,0.8,3,5,3.5042953597691637,1.5218961377069185,1.0,0.00024342732516774958,0,0.002437144813572028,1.5192155455296619,0.05064051818432205,1,0.735,1.2687387895184505,300,main
0.2,0.8,3,6,3.232642007672014,1.403918585900605,1.0,0.0008479334436141539,0,0.002469928276501209,1.5247106567374658,0.05082368855791552,1,0.68,1.2685734089874683,300,main
0.2,0.8,3,7,3.0770386240304606,1.3363408950196038,1.0,0.0001284660071840566,0,0.002439485917088183,1.5192467564426493,0.0506415585480883,1,0.65,1.2687418049108754,300,main
0.2,0.8,3,8,3.2975246939957774,1.4320967785420748,1.0,0.00020406680532340373,0,0.002437529541233375,1.5187521746500343,0.05062507248833447,1,0.665,1.2687371170340267,300,main
0.2,0.8,3,9,3.1344366133433503,1.3612685250505334,1.0,9.61140476766682e-05,0,0.0024410913779207826,1.5192121277213588,0.05064040425737862,1,0.705,1.2687357825346766,300,main
0.2,0.8,3,10,3.503254944301998,1.5214442910106412,1.0,0.0004608914490034575,0,0.002446984167686834,1.5174561075585513,0.050581870251951704,1,0.685,1.2686556705897616,300,main
0.2,0.8,3,11,3.368007798433848,1.4627072018669396,1.0,0.00019336292802695805,0,0.0024398180005365793,1.519144995481292,0.050638166516043054,1,0.66,1.268752021518531,300,main
0.2,0.8,3,12,3.278587013315236,1.42387224832247,1.0,0.0003623321306740288,0,0.002431350725536671,1.5208133456693307,0.05069377818897768,1,0.71,1.2688233899386687,300,main
0.2,0.8,3,13,3.2721751848074114,1.421087626582612,1.0,0.0015628591818722358,0,0.0024197193105507976,1.4975251749448026,0.04991750583149342,1,0.725,1.2686825399541342,300,main
0.2,0.8,3,14,3.2070236449099867,1.3927926723176607,1.0,0.00048804421314411334,0,0.0024319740035981044,1.5170740507482794,0.05056913502494264,1,0.695,1.2686956846343125,300,main
0.2,0.8,3,15,3.1469125747943165,1.3666867662651256,1.0,0.0025185752615776726,0,0.0024962956763258815,1.5654995557022877,0.052183318523409586,1,0.745,1.2689727775208284,300,main
0.2,0.8,3,16,3.2894583387559386,1.4285936049723416,1.0,0.00010389041080589701,0,0.002440381134144928,1.5194612299774923,0.050648707665916406,1,0.7,1.2687399802993449,300,main
0.2,0.8,3,17,3.1452175205869164,1.3659506135763249,1.0,3.8584615021773406e-05,0,0.0024396665270127772,1.5192640911670885,0.050642136372236274,1,0.69,1.2687398063182516,300,main
0.2,0.8,3,18,3.1013051314304576,1.3468797052784867,1.0,0.002455728098070466,0,0.0023648326186407245,1.5161417392974275,0.05053805797658091,1,0.76,1.2693687692952482,300,main
0.2,0.8,3,19,3.4410094485168186,1.4944114156678063,1.0,0.0003044905133327017,0,0.002436821874919077,1.5192053864502009,0.05064017954834002,1,0.725,1.2687585582746888,300,main
0.2,0.8,4,0,3.1112356033381303,1.3511924544306844,1.0,0.000267008951161348,0,0.0006011289907062538,1.644959635000226,0.05483198783334086,1,0.745,1.2890873424488896,300,main
0.2,0.8,4,1,3.11899792456304,1.354563587705423,1.0,3.1446241343536054e-05,0,0.0005996120798357559,1.6443448542384886,0.054811495141282945,1,0.685,1.2890633645102691,300,main
0.2,0.8,4,2,3.4561188955708606,1.5009733651479855,1.0,0.00015886407744856567,0,0.0006007813444276668,1.645064445142952,0.054835481504765055,1,0.7,1.2890746693451316,300,main
0.2,0.8,4,3,3.2367531879338607,1.4057040488024346,1.0,7.629852914573403e-05,0,0.0005990148183964649,1.6438467068991491,0.05479489022997163,1,0.73,1.2890619047739813,300,main
0.2,0.8,4,4,3.2735958436260284,1.4217046108682048,1.0,0.00020305156065567764,0,0.0005999133706394389,1.6447773652053244,0.0548259121735108,1,0.635,1.2890596076015097,300,main
0.2,0.8,4,5,3.294651599331706,1.4308490093834831,1.0,0.00039975058382866357,0,0.0005990183393874281,1.6458093812480534,0.05486031270826844,1,0.655,1.2889968667934997,300,main
0.2,0.8,4,6,3.185066057692564,1.3832566133532247,1.0,0.0003454964154084207,0,0.0005988751089916439,1.6431843058779316,0.05477281019593105,1,0.695,1.289076150865687,300,main
0.2,0.8,4,7,3.22891521100306,1.4023000586721026,1.0,0.00011535487321749596,0,0.0005999719466484804,1.6444704214673922,0.05481568071557973,1,0.71,1.2890701943542755,300,main
0.2,0.8,4,8,3.1740119458881115,1.3784558735942096,1.0,0.00015287134296211775,0,0.0006002418237681332,1.644485222588965,0.054816174086298824,1,0.635,1.2890778141306998,300,main
0.2,0.8,4,9,3.0915700713010765,1.3426518223833,1.0,0.0020272978134244,0,0.0006026983908343749,1.6710415197927153,0.0557013839930905,1,0.7,1.2881363382197588,300,main
0.2,0.8,4,10,3.120671462966358,1.355290396199237,1.0,7.402937981013337e-05,0,0.0005998080143117981,1.644578506555655,0.05481928355185516,1,0.77,1.289061499685379,300,main
0.2,0.8,4,11,3.157222900274355,1.371164483727733,1.0,8.708055685651583e-05,0,0.0005992614739341613,1.6441624888761996,0.054805416295873315,1,0.655,1.2890592656406963,300,main
0.2,0.8,4,12,3.259076930772292,1.4153991271325925,1.0,0.0013735855228928385,0,0.0005970944598998602,1.646530101971433,0.054884336732381085,1,0.69,1.2889042877648487,300,main
0.2,0.8,4,13,3.0595229518429097,1.328733935241724,1.0,4.433036356630304e-05,0,0.0005997668126764832,1.6444518410808628,0.05481506136936209,1,0.705,1.289064477295117,300,main
0.2,0.8,4,14,3.3257859041334212,1.444370466156762,1.0,0.0005498748864528444,0,0.0006057513989917193,1.6492661429076239,0.05497553809692079,1,0.68,1.2890843862846553,300,main
0.2,0.8,4,15,3.063547222333131,1.3304816537093134,1.0,0.0017889960336852824,0,0.0005914833321475311,1.6467562243046296,0.054891874143487646,1,0.715,1.2885846203332365,300,main
0.2,0.8,4,16,3.4316520510432293,1.4903475495800504,1.0,0.0008171336146043333,0,0.0005959628882818194,1.641103870876498,0.05470346236254992,1,0.715,1.2890607654518624,300,main
0.2,0.8,4,17,3.1553819102943628,1.370364951938183,1.0,0.000479465684187102,0,0.0005989965674563901,1.6436696977620457,0.054788989925401516,1,0.69,1.2890691971210313,300,main
0.2,0.8,4,18,3.129525590801952,1.3591356950603017,1.0,0.00030097746358416033,0,0.0005996288306386365,1.6432081389652409,0.054773604632174684,1,0.695,1.2891014841858444,300,main
0.2,0.8,4,19,3.2089347246239837,1.393622643691927,1.0,0.00016293932914200732,0,0.0005995812906898837,1.6437999678819981,0.05479333226273326,1,0.74,1.2890804611374673,300,main
0.4,0.6,0,0,3.216569080281073,1.3969382022266879,1.0,0.006521002920740867,0,0.0040862454981863625,0.9589102685696238,0.031963675618987455,1,0.675,1.3104196616858017,300,main
0.4,0.6,0,1,3.142595717282051,1.3648119788683861,1.0,0.001486953613362461,0,0.00383160596501737,0.9290512994440503,0.030968376648135006,1,0.69,1.3092777455274036,300,main
0.4,0.6,0,2,3.2594307102194655,1.4155527715943106,0.9966666666666667,0.007377708279508275,0,0.003762222824821488,1.0304008088707073,0.034346693629023574,1,0.76,1.3098307403305116,300,main
0.4,0.6,0,3,3.283032130559322,1.4258027382129894,1.0,0.005924617907223677,0,0.0043691712700590045,0.9654841449752094,0.032182804832506975,1,0.7,1.3113654777765258,300,main
0.4,0.6,0,4,3.1228942312346124,1.3562557321926898,1.0,0.005937305170367006,0,0.0038459027768214075,0.9930561613299749,0.033101872044332493,1,0.655,1.3097844811543087,300,main
0.4,0.6,0,5,3.3983226963807804,1.4758727947647525,1.0,0.003648325813911528,0,0.0037168799275277553,0.9417479610972834,0.031391598703242776,1,0.64,1.309008666579989,300,main
0.4,0.6,0,6,3.2462103729047826,1.4098112520496444,1.0,0.004670229855584918,0,0.003755705133168693,0.9156336920338959,0.030521123067796526,1,0.67,1.3089609953787833,300,main
0.4,0.6,0,7,3.2870004978524037,1.4275261782305404,1.0,0.0053023283628552634,0,0.003933356885397948,0.8884246562553599,0.029614155208511992,1,0.715,1.309179154697939,300,main
0.4,0.6,0,8,3.257872873722426,1.4148762117999387,1.0,0.0016549692386054237,0,0.0038035166027217855,0.9332157999995205,0.031107193333317348,1,0.655,1.3092350040922953,300,main
0.4,0.6,0,9,3.161291784441918,1.3729315776692093,1.0,0.00819249505398829,0,0.003958405467156308,0.9185321187410667,0.030617737291368883,1,0.69,1.3091906572544347,300,main
0.4,0.6,0,10,3.1006878341072834,1.3466116164573385,1.0,0.0044398981430973485,0,0.004070313723911086,0.9506904487392609,0.03168968162464202,1,0.735,1.3103239732890497,300,main
0.4,0.6,0,11,3.244785766740104,1.4091925534534395,1.0,0.0016687825302626961,0,0.0037599827987232076,0.926078381736628,0.03086927939122093,1,0.685,1.3089968495192152,300,main
0.4,0.6,0,12,3.071280239837316,1.3338400605398422,1.0,0.012349495570915506,0,0.003890814786358082,0.8628774773873527,0.02876258257957842,1,0.73,1.3091140309930915,300,main
0.4,0.6,0,13,3.3108332313840125,1.4378766028919885,0.9933333333333333,0.02146963847317307,0,0.005200911024621821,0.888513829786769,0.02961712765955896,1,0.42,1.3099600577905917,300,main
0.4,0.6,0,14,3.1454122169494627,1.3660351691322254,1.0,0.013265579850459772,0,0.003651314491140971,0.9325715497807141,0.0310857183260238,1,0.75,1.3087915791185647,300,main
0.4,0.6,0,15,3.3452800213483176,1.4528366536927668,0.9966666666666667,0.008259691592685272,0,0.003851645492641078,1.058533659822497,0.035284455327416565,1,0.71,1.3103248121675999,300,main
0.4,0.6,0,16,3.0200673480040194,1.3115985842143334,0.9933333333333333,0.013370494240278728,0,0.004571102866062611,0.8204533009654347,0.027348443365514483,1,0.685,1.3097618923179415,300,main
0.4,0.6,0,17,3.232473754898118,1.4038455146493367,1.0,0.003232415874217657,0,0.00385347276949834,0.9405113696416834,0.03135037898805611,1,0.675,1.3094327203123743,300,main
0.4,0.6,0,18,3.152499762625996,1.369113251109781,1.0,0.004165428284160261,0,0.003642648717439457,0.9386679371597761,0.0312889312386592,1,0.74,1.3087030348674507,300,main
0.4,0.6,0,19,3.3172905854183017,1.4406809961167764,1.0,0.005664316816471154,0,0.003847804772951848,0.9476514208564046,0.03158838069521348,1,0.725,1.3094436418924824,300,main
0.4,0.6,1,0,3.2534027883596717,1.4129348783932583,1.0,0.0031858916180822015,0,0.0030178864517556568,0.2581546584278005,0.008605155280926683,1,0.45,1.2632932813198827,300,main
0.4,0.6,1,1,3.4220322810231134,1.4861697365431359,1.0,0.002883217057324209,0,0.002909755544334025,0.26426194824074045,0.008808731608024681,1,0.455,1.263704963570258,300,main
0.4,0.6,1,2,3.071379249958746,1.3338830600892317,1.0,0.00038256783461784933,0,0.0029636953724021687,0.26192350153576016,0.008730783384525338,1,0.345,1.263654442465619,300,main
0.4,0.6,1,3,3.1644567652557125,1.3743061113719697,1.0,0.0031991187785232176,0,0.003007375791643006,0.26147572777237005,0.008715857592412333,1,0.415,1.262948212039609,300,main
0.4,0.6,1,4,3.3030424699651797,1.4344931181979648,0.9966666666666667,0.012335815909121268,0,0.002858877197870823,0.2768205348827768,0.009227351162759226,1,0.45,1.2594795248228345,300,main
0.4,0.6,1,5,3.27539224580375,1.4224847784212677,1.0,0.006937450618417606,0,0.0028864295371784214,0.26743080614798354,0.008914360204932784,1,0.445,1.2644581944021211,300,main
0.4,0.6,1,6,3.2879148666546256,1.42792328355577,1.0,0.008742990714231869,0,0.0031480791244564705,0.2521320681389272,0.008404402271297571,1,0.39,1.263592546232982,300,main
0.4,0.6,1,7,3.142676805395105,1.3648471949884335,1.0,0.0033165594592126394,0,0.0029714630665907487,0.2605384411946299,0.008684614706487662,1,0.475,1.2636491838674635,300,main
0.4,0.6,1,8,3.028362697774385,1.3152012088450604,1.0,0.0053644436108113225,0,0.0031066244395008898,0.25607032069192015,0.008535677356397337,1,0.415,1.2640945906727816,300,main
0.4,0.6,1,9,3.306797631246984,1.4361239640213093,1.0,0.003243780404891414,0,0.0029308082373959254,0.26222800041916794,0.008740933347305597,1,0.42,1.2639213339230373,300,main
0.4,0.6,1,10,3.1177330478888408,1.3540142587455302,1.0,0.002420482321092139,0,0.002950647652685884,0.26186969681442074,0.008728989893814024,1,0.45,1.263795168254767,300,main
0.4,0.6,1,11,3.160766570499278,1.3727034801521016,1.0,0.004866026426973332,0,0.00300537333285447,0.25894368758561104,0.0086314562528537,1,0.43,1.2633134455942328,300,main
0.4,0.6,1,12,3.384866528614495,1.4700288553562906,1.0,0.0012327439910433077,0,0.0029537388930762475,0.2624629899670716,0.00874876633223572,1,0.435,1.2637267801126786,300,main
0.4,0.6,1,13,3.2705528863873243,1.4203830713307677,1.0,0.007465729701654989,0,0.00329605048490997,0.24300394390059932,0.008100131463353309,1,0.425,1.2628676223573814,300,main
0.4,0.6,1,14,3.3895981239899995,1.4720837611184712,1.0,0.007956639294373024,0,0.0028066472508119287,0.2701883606930022,0.00900627868976674,1,0.49,1.26494692266296,300,main
0.4,0.6,1,15,3.1839224981508725,1.3827599717545402,1.0,0.004004798624643342,0,0.00294672619692746,0.2619663024848562,0.008732210082828538,1,0.43,1.2640413019184789,300,main
0.4,0.6,1,16,3.0097445475951843,1.3071154489589873,1.0,0.007564862830925947,0,0.0033324937459531176,0.24183426263962304,0.008061142087987434,1,0.4,1.2629719107665378,300,main
0.4,0.6,1,17,3.0492369293903696,1.3242667724498531,1.0,0.001136721138977707,0,0.002964213693782807,0.2619542912617179,0.008731809708723929,1,0.45,1.2636317744411174,300,main
0.4,0.6,1,18,3.455966683232839,1.5009072601695053,1.0,0.006924550259133279,0,0.0029176100826550366,0.26650948015247145,0.008883649338415714,1,0.415,1.2632485978382249,300,main
0.4,0.6,1,19,3.3079016581727463,1.4366034368230403,0.9933333333333333,0.01563078075712584,0,0.0017283449768347565,0.3612599305655606,0.012041997685518686,1,0.43,1.2670497100561575,300,main
0.4,0.6,2,0,3.207443052178962,1.3929748185802469,0.9966666666666667,0.011652717444388703,0,0.00032378370188041817,1.0241286911240655,0.034137623037468846,1,0.41,1.2791210649381144,300,main
0.4,0.6,2,1,3.3893614446513047,1.4719809725876956,1.0,0.005221956585352349,0,0.0003142762123165988,1.1180336326049922,0.03726778775349974,1,0.415,1.2795593342064604,300,main
0.4,0.6,2,2,3.354445117987198,1.4568170045891427,1.0,0.007999168656131136,0,0.0002946735230336607,1.168634514661171,0.038954483822039025,1,0.425,1.2809755742861333,300,main
0.4,0.6,2,3,3.0606812560681305,1.3292369803751027,0.9966666666666667,0.01479858748974903,0,0.0009480752095174776,1.1093328513947953,0.03697776171315984,1,0.385,1.281332251784821,300,main
0.4,0.6,2,4,3.4075896661446827,1.4798973885971798,1.0,0.006845575949709112,0,0.00034338194301625257,1.1266293667847704,0.03755431222615901,1,0.45,1.2796768687598066,300,main
0.4,0.6,2,5,3.2878240117665207,1.427883825779212,0.9966666666666667,0.011218198543821308,0,0.0004653149515856034,1.2443573737740743,0.04147857912580247,1,0.425,1.28096448225899,300,main
0.4,0.6,2,6,3.341241388270611,1.451082697632687,0.9966666666666667,0.013425111879296996,0,0.0006344151532949611,1.2357354119751252,0.04119118039917083,1,0.41,1.2852101073644409,300,main
0.4,0.6,2,7,3.263342547638325,1.4172516609994241,1.0,0.0024789398474203547,0,0.00038638009353359056,1.1106839823110004,0.03702279941036667,1,0.415,1.2791067303510268,300,main
0.4,0.6,2,8,3.48479305384282,1.513426393858718,1.0,0.001625078627395199,0,0.00038210238648357566,1.109353533030144,0.0369784511010048,1,0.36,1.2790512444379065,300,main
0.4,0.6,2,9,3.200882724029548,1.3901257042654818,1.0,0.0061850486281366975,0,0.0003874215515167071,1.084948914902023,0.03616496383006743,1,0.495,1.2805646406768472,300,main
0.4,0.6,2,10,3.4008780881137626,1.4769825872934876,1.0,0.0039338062947608145,0,0.00037079276544432164,1.1042332748873507,0.03680777582957835,1,0.46,1.2781760688974986,300,main
0.4,0.6,2,11,3.099475774013822,1.3460852254470133,1.0,0.011825395825033998,0,0.0003212878345910104,1.165209201823253,0.03884030672744176,1,0.45,1.278552322701148,300,main
0.4,0.6,2,12,3.1150660685112097,1.3528560043184752,1.0,0.001813958414787041,0,0.00039307787281998895,1.1082629807845412,0.036942099359484705,1,0.43,1.279004122295532,300,main
0.4,0.6,2,13,3.0800232940777956,1.3376371207514632,1.0,0.007846766656968452,0,0.0005186901450965013,1.1555295159806078,0.03851765053268692,1,0.515,1.2787934720133203,300,main
0.4,0.6,2,14,3.230864150926533,1.403146472526428,1.0,0.011583289921560866,0,0.0002765016521540471,1.1161897337485793,0.03720632445828597,1,0.435,1.280365830417177,300,main
0.4,0.6,2,15,3.0737119244011533,1.3348961277276457,1.0,0.0027752089429182577,0,0.0003901214511911281,1.113214408267943,0.03710714694226476,1,0.41,1.2792620415149594,300,main
0.4,0.6,2,16,3.027108765604466,1.3146566330229836,1.0,0.0065264197479060785,0,0.00026063981552518884,1.1099089419737806,0.03699696473245935,1,0.375,1.2778331553303384,300,main
0.4,0.6,2,17,3.171611022631663,1.3774131658724604,1.0,0.009253105482600901,0,0.000273011090407001,1.0680151176874986,0.03560050392291662,1,0.505,1.2801172667414311,300,main
0.4,0.6,2,18,3.3208190986884047,1.4422134099593045,0.9933333333333333,0.017054459366260138,0,0.0004144021460969179,1.0434082605895345,0.03478027535298448,1,0.4,1.2816596775546996,300,main
0.4,0.6,2,19,3.4914033933136603,1.5162972278144111,1.0,0.0037639199327610053,0,0.00035858527204851763,1.0976783164462878,0.03658927721487625,1,0.445,1.2791640659635986,300,main
0.4,0.6,3,0,3.056385123738438,1.327371193810791,1.0,0.005565475144248486,0,0.002453288128471752,1.5264060972848048,0.05088020324282682,1,0.65,1.2688431294073126,300,main
0.4,0.6,3,1,3.1708573748922233,1.3770858608179233,1.0,0.004716860400038686,0,0.0024485954805336073,1.5414572471055044,0.05138190823685014,1,0.68,1.2689056037502284,300,main
0.4,0.6,3,2,3.196348935152861,1.3881567047742223,1.0,0.0033410878444491,0,0.002421849402899216,1.5172319663548761,0.050574398878495866,1,0.74,1.2690974620283637,300,main
0.4,0.6,3,3,3.0884651738586695,1.3413033825571874,1.0,0.016217793018473897,0,0.002275291241455927,1.4971909932616878,0.04990636644205625,1,0.75,1.272633399868503,300,main
0.4,0.6,3,4,3.574803270856996,1.5525173344228893,1.0,0.0021231493645319384,0,0.002449735894326399,1.50761592544425,0.050253864181475,1,0.7,1.2688541568174145,300,main
0.4,0.6,3,5,3.0584358546101944,1.3282618149122636,1.0,0.01273028614589616,0,0.002551735822985705,1.5328549196394314,0.05109516398798104,1,0.735,1.269529975328055,300,main
0.4,0.6,3,6,3.1725451948345254,1.377818871705311,0.9966666666666667,0.013511913876242575,0,0.0029943125686970173,1.6852263832486891,0.056174212774956295,1,0.68,1.2717339414826174,300,main
0.4,0.6,3,7,3.275265714307139,1.4224298264905029,1.0,0.011290309109544117,0,0.002010362723133813,1.496216478676543,0.04987388262255143,1,0.65,1.2705770050689646,300,main
0.4,0.6,3,8,3.038876474469643,1.3197672840477739,1.0,0.002071158830644671,0,0.002442945902349407,1.5094237223942208,0.05031412407980736,1,0.665,1.268765157639693,300,main
0.4,0.6,3,9,3.124084913431199,1.3567728389003677,1.0,0.02820204451088287,0,0.0033391677193654185,1.7661288342452286,0.05887096114150761,1,0.705,1.272704487388909,300,main
0.4,0.6,3,10,3.3410703824499857,1.4510084307484157,1.0,0.002989216718154476,0,0.0024868746696423364,1.526728969390484,0.050890965646349456,1,0.685,1.268739540783633,300,main
0.4,0.6,3,11,3.017584125491734,1.3105201343799096,1.0,0.007652678185823092,0,0.002574774197451243,1.6417950319828845,0.05472650106609614,1,0.66,1.2692000574978435,300,main
0.4,0.6,3,12,3.198099989658263,1.3889171780834302,1.0,0.003540850724481105,0,0.002418557108373654,1.518004072295337,0.05060013574317789,1,0.71,1.2686533164998022,300,main
0.4,0.6,3,13,3.44876147562426,1.4977780782641321,1.0,0.018146638783570975,0,0.00235773470101904,1.4403801864993238,0.048012672883310785,1,0.725,1.271482447207038,300,main
0.4,0.6,3,14,3.3434611133893863,1.4520467120031133,1.0,0.009362354264263333,0,0.0026194131857099224,1.5458219273937812,0.0515273975797927,1,0.695,1.2687887094765793,300,main
0.4,0.6,3,15,3.028090014593831,1.3150827840444383,0.9933333333333333,0.02050950008672298,0,0.003687552969791095,1.8712609652385193,0.062375365507950635,1,0.745,1.274868282794035,300,main
0.4,0.6,3,16,3.278229851355467,1.4237171348541964,0.9966666666666667,0.009568514436943386,0,0.002314430647719322,1.535406268474343,0.05118020894914476,1,0.7,1.2678907209850814,300,main
0.4,0.6,3,17,3.2499103997280203,1.4114181532818701,1.0,0.0071624149675658935,0,0.002380613253319664,1.51317985162715,0.05043932838757166,1,0.69,1.268168609560156,300,main
0.4,0.6,3,18,3.1878257228739426,1.384455120713398,1.0,0.006437937329734792,0,0.0025016114349616318,1.534900330522021,0.051163344350734025,1,0.76,1.269182542646116,300,main
0.4,0.6,3,19,3.209340833027774,1.3937990143307475,1.0,0.003720069307633227,0,0.002383800408358625,1.5491706570717523,0.05163902190239174,1,0.725,1.2682930397037053,300,main
0.4,0.6,4,0,3.1555363788810733,1.3704320367930192,1.0,0.011069413109281388,0,0.0005990377049142049,1.6380111012285037,0.054600370040950114,1,0.745,1.2892436219516252,300,main
0.4,0.6,4,1,3.3290264725745975,1.4457778271489947,1.0,0.006972191926308851,0,0.000601399133177527,1.637557611179341,0.054585253705978026,1,0.685,1.2893224600889424,300,main
0.4,0.6,4,2,3.1154173885850724,1.3530085806879357,1.0,0.0023069602930723817,0,0.0006090201881098429,1.64951597290095,0.054983865763364996,1,0.7,1.289166671422488,300,main
0.4,0.6,4,3,3.4113408334569293,1.4815264998615842,1.0,0.008046520205289188,0,0.0006440691576319844,1.6704643322852264,0.055682144409507535,1,0.73,1.2894958334297022,300,main
0.4,0.6,4,4,3.1798071402891983,1.3809726945441583,1.0,0.009639688884926419,0,0.0007424222171272116,1.6927151576751287,0.056423838589170945,1,0.635,1.2912511313990864,300,main
0.4,0.6,4,5,3.2765344910317515,1.4229808492207694,1.0,0.005077567436552816,0,0.0006620344895211542,1.6598650883747679,0.05532883627915892,1,0.655,1.2902700173976887,300,main
0.4,0.6,4,6,3.099757343612843,1.3462075095701396,0.9966666666666667,0.013944862601271858,0,0.0005206009239667468,1.5876778807369707,0.052922596024565685,1,0.695,1.288493434715612,300,main
0.4,0.6,4,7,3.3671885144539684,1.462351391355366,1.0,0.0016559823861901357,0,0.0006023321182657853,1.6422806060362227,0.054742686867874084,1,0.71,1.2892092590257729,300,main
0.4,0.6,4,8,3.4195266489272096,1.4850815543502052,1.0,0.0038194702492277233,0,0.0006054372884319596,1.6350745815633505,0.05450248605211168,1,0.635,1.28951101785238,300,main
0.4,0.6,4,9,3.1485224828908995,1.3673859404678432,1.0,0.009777985707351814,0,0.0006071063997048528,1.6889207477427504,0.05629735825809167,1,0.7,1.2874219202268529,300,main
0.4,0.6,4,10,3.0950209720465396,1.3441505295346505,1.0,0.006581946459733822,0,0.0006518136605686252,1.6942047568546281,0.056473491895154264,1,0.77,1.2886153221879941,300,main
0.4,0.6,4,11,3.317269415057683,1.4406718019459794,1.0,0.006959516743382803,0,0.0005732427122513207,1.6034267114246215,0.053447557047487375,1,0.655,1.289518832469042,300,main
0.4,0.6,4,12,3.136003419469568,1.3619489803053622,1.0,0.0029517927056498436,0,0.0006174533746573017,1.6557083840699593,0.05519027946899863,1,0.69,1.2892190889132942,300,main
0.4,0.6,4,13,3.3048667976693937,1.4352854136530884,1.0,0.009643397935317646,0,0.0006279221783891493,1.6112523284289415,0.053708410947631374,1,0.705,1.2900763136946873,300,main
0.4,0.6,4,14,3.0745716187713916,1.3352694882487637,1.0,0.011560418668201868,0,0.0006004113088254018,1.690573467470885,0.05635244891569616,1,0.68,1.2870782667243983,300,main
0.4,0.6,4,15,3.361682882667492,1.4599603258511082,0.9966666666666667,0.004373160122341523,0,0.0006003688009124182,1.6509558315674855,0.055031861052249505,1,0.715,1.2875350614824037,300,main
0.4,0.6,4,16,3.1424689526229024,1.3647569256764178,0.9966666666666667,0.0096298985190027,0,0.0008175738550223657,1.6323109419350668,0.054410364731168885,1,0.715,1.2920124739628152,300,main
0.4,0.6,4,17,3.178251138139386,1.380296931396665,1.0,0.002212977741999355,0,0.0006162187180850103,1.654176930683221,0.05513923102277402,1,0.69,1.289210924960003,300,main
0.4,0.6,4,18,3.3424500456021473,1.4516076108422846,1.0,0.004107131378827172,0,0.0005714808586186784,1.6321207900442558,0.05440402633480852,1,0.695,1.2886061422351793,300,main
0.4,0.6,4,19,3.26116417552353,1.4163056060104364,1.0,0.006019434225298515,0,0.0005898363400639595,1.615679761939831,0.05385599206466103,1,0.74,1.289649950615089,300,main
0.45,0.55,0,0,3.0641052148270287,1.3307239867703564,0.9966666666666667,0.01998707072647959,0,0.0038709692600672613,1.114438362633452,0.03714794542111506,1,0.675,1.3106687706908533,300,main
0.45,0.55,0,1,3.401011637075371,1.4770405868705787,1.0,0.00934516753182512,0,0.003861021233974044,0.9208485850417558,0.03069495283472519,1,0.69,1.3091453022312183,300,main
0.45,0.55,0,2,3.2354641282026635,1.4051442172743318,0.9933333333333333,0.014644284813339873,0,0.0036331301859758337,0.8300500981887504,0.027668336606291675,1,0.76,1.3079583005150441,300,main
0.45,0.55,0,3,3.0356382488872398,1.318360940546178,0.9966666666666667,0.019006245232609183,0,0.005150453953381283,0.9073182214248521,0.03024394071416173,1,0.7,1.3127425708710634,300,main
0.45,0.55,0,4,3.209118038927739,1.3937022560825019,1.0,0.004932415086476776,0,0.0036607736127730224,0.9622785550350843,0.032075951834502806,1,0.655,1.309170024982361,300,main
0.45,0.55,0,5,3.3022168341037537,1.4341345490992856,1.0,0.00761805900438445,0,0.0038095939145973458,0.9124025648070577,0.03041341882690192,1,0.64,1.308887729978677,300,main
0.45,0.55,0,6,3.199966116307765,1.3897276265898417,1.0,0.012640531410323357,0,0.004286722830698898,0.9583134156733841,0.03194378052244613,1,0.67,1.311184618416603,300,main
0.45,0.55,0,7,3.3233336118242502,1.4433054491388753,1.0,0.009344376064976649,0,0.0039753648306639355,0.9265093768301147,0.03088364589433715,1,0.715,1.3097462241524445,300,main
0.45,0.55,0,8,3.529413736327121,1.5328049100404075,1.0,0.0023739470531125278,0,0.00384184680580835,0.9289667826989922,0.030965559423299736,1,0.655,1.3093562996432304,300,main
0.45,0.55,0,9,3.1240204029770093,1.356744822366088,1.0,0.015060687380517761,0,0.003975103199117407,0.9819893994427953,0.032732979981426505,1,0.69,1.3109542672706611,300,main
0.45,0.55,0,10,3.168813203748,1.376198088569921,1.0,0.006628336580641211,0,0.0037892961882531224,0.9106504547520766,0.03035501515840255,1,0.735,1.309126318877561,300,main
0.45,0.55,0,11,3.0623939686471373,1.3299808019972517,0.9966666666666667,0.007073960159866013,0,0.004528457484276317,0.8843314880352782,0.0294777162678426,1,0.685,1.3117265331448718,300,main
0.45,0.55,0,12,3.2099907916603874,1.3940812877783568,1.0,0.020195871383437997,0,0.0041396681980550055,0.9650300342361973,0.03216766780787324,1,0.73,1.3101269736121954,300,main
0.45,0.55,0,13,3.0982651638522523,1.3455594641341073,0.9966666666666667,0.011247914632122413,0,0.0028568366926972344,1.0076160978473248,0.033587203261577485,1,0.725,1.3061177796847891,300,main
0.45,0.55,0,14,3.060367122829145,1.329100554042829,0.9933333333333333,0.029703198529011737,0,0.007076358414002282,0.7352420253805003,0.02450806751268334,1,0.75,1.3168918390995463,300,main
0.45,0.55,0,15,3.3383475360892447,1.4498259135988754,1.0,0.003148502235645425,0,0.003788022460531601,0.9320449227064043,0.03106816409021347,1,0.71,1.3090218579157007,300,main
0.45,0.55,0,16,3.2023370133305202,1.3907572940839852,1.0,0.025965574624361554,0,0.004069572335579044,0.8861833558719945,0.029539445195733146,1,0.685,1.3092537924645824,300,main
0.45,0.55,0,17,3.1100274204068707,1.3506677472505084,1.0,0.0013799673398379357,0,0.0038341528339577644,0.929288051449062,0.030976268381635395,1,0.675,1.30932025310703,300,main
0.45,0.55,0,18,3.214394126190769,1.3959936316668757,0.9966666666666667,0.02865477966079456,0,0.006016672321717077,1.1055441262191767,0.03685147087397255,1,0.74,1.3172680986010974,300,main
0.45,0.55,0,19,3.2623308179555677,1.4168122723810248,1.0,0.006005254521464593,0,0.003708939287179771,0.9157579905841096,0.030525266352803646,1,0.725,1.3086805642697916,300,main
0.45,0.55,1,0,3.0470108954080146,1.323300018174787,1.0,0.004411971914547641,0,0.002940249537579934,0.26372575254235975,0.008790858418078657,1,0.45,1.2637962384693897,300,main
0.45,0.55,1,1,3.1169204531249863,1.3536613533235644,1.0,0.01142982931663561,0,0.002670953668014466,0.2804482742698955,0.009348275808996515,1,0.455,1.2647608248736282,300,main
0.45,0.55,1,2,3.4809932105787977,1.511776142897056,1.0,0.007381570111084214,0,0.003039263820129174,0.25828164406556664,0.008609388135518887,1,0.345,1.2639105511816975,300,main
0.45,0.55,1,3,3.1070315514124034,1.3493666578777064,0.99,0.026502201522546554,0,0.004012925149391406,0.25504610373492387,0.008501536791164128,1,0.415,1.2500110601983336,300,main
0.45,0.55,1,4,3.019335968860312,1.311280950288042,0.9966666666666667,0.009979914435013863,0,0.003311395898768354,0.24379191845104176,0.00812639728170139,1,0.45,1.2603502063655954,300,main
0.45,0.55,1,5,3.4386934559132034,1.4934055928599268,0.9966666666666667,0.020190451689847882,0,0.0027040767940618993,0.2852925489360614,0.009509751631202044,1,0.445,1.2663360680475013,300,main
0.45,0.55,1,6,3.3791087383181777,1.4675282788026436,1.0,0.008700631098624144,0,0.003115941130498268,0.2520107936087146,0.008400359786957152,1,0.39,1.2642882177580552,300,main
0.45,0.55,1,7,3.391905200568464,1.4730857117458263,1.0,0.011796881094648083,0,0.0035299003921198035,0.23197079454674863,0.007732359818224953,1,0.475,1.2620107376424898,300,main
0.45,0.55,1,8,3.377555714950692,1.4668538093238779,1.0,0.00671246811586518,0,0.0029775525466009694,0.2601726158887041,0.008672420529623468,1,0.415,1.26408663541257,300,main
0.45,0.55,1,9,3.186251452868296,1.3837714239369199,1.0,0.014705772790077957,0,0.002743523010741902,0.2744239735411158,0.00914746578470386,1,0.42,1.2659829328371632,300,main
0.45,0.55,1,10,3.177947077244224,1.3801648794277337,1.0,0.0032962018401960867,0,0.0029755979973887835,0.26105660005358855,0.00870188666845295,1,0.45,1.2637785028157353,300,main
0.45,0.55,1,11,3.082051478790441,1.3385179501804456,0.9966666666666667,0.013519296485611964,0,0.0031814289500940816,0.2530209319976051,0.008434031066586837,1,0.43,1.2609470713715378,300,main
0.45,0.55,1,12,3.255549927815502,1.4138673692108024,1.0,0.004939705153080389,0,0.003025938624634061,0.25930337004190784,0.008643445668063594,1,0.435,1.2629307684806248,300,main
0.45,0.55,1,13,3.2135533618492773,1.395628492352785,1.0,0.011454534815841164,0,0.002640468213796004,0.2816233040796201,0.00938744346932067,1,0.425,1.264906241161002,300,main
0.45,0.55,1,14,3.1914014968230004,1.3860080596080073,1.0,0.014341199750285255,0,0.0030606435318900485,0.259443270604498,0.008648109020149933,1,0.49,1.2628274854735013,300,main
0.45,0.55,1,15,3.1095718593969193,1.3504698996177165,0.9966666666666667,0.049100205267809796,0,0.004205924051903482,0.2099428542043036,0.006998095140143452,1,0.43,1.2677138086862423,300,main
0.45,0.55,1,16,3.3286490355217664,1.4456139083196842,1.0,0.004565227428260248,0,0.0030231076773513995,0.2598985339654081,0.008663284465513602,1,0.4,1.2626754321463922,300,main
0.45,0.55,1,17,3.334268166179088,1.4480542657572528,0.9966666666666667,0.010979387318535112,0,0.00253607212478824,0.29435626547003046,0.00981187551566768,1,0.45,1.269154760169328,300,main
0.45,0.55,1,18,3.1853745540397176,1.3833905916144809,1.0,0.011063984045485881,0,0.003113493564018688,0.25228307683237694,0.008409435894412563,1,0.415,1.2638804069809857,300,main
0.45,0.55,1,19,3.168849689820086,1.3762139342696946,1.0,0.00609476184763575,0,0.0030134126307589603,0.2575338299313279,0.008584460997710928,1,0.43,1.2635906751178705,300,main
0.45,0.55,2,0,3.1592907847721614,1.3720625545543437,1.0,0.01136432862529651,0,0.0003950947896689972,1.0794836325734636,0.03598278775244878,1,0.41,1.2801465786156507,300,main
0.45,0.55,2,1,3.2069796568292994,1.392773568536949,0.9966666666666667,0.008412219380879353,0,0.00034228083336895645,1.0771647692938757,0.03590549230979585,1,0.415,1.276147846486531,300,main
0.45,0.55,2,2,3.3187373351280813,1.4413093115324287,1.0,0.006290648795055932,0,0.0003791688043818446,1.1154611862837893,0.03718203954279297,1,0.425,1.27945367571246,300,main
0.45,0.55,2,3,3.090388437415601,1.3421386453072084,0.9966666666666667,0.03198094239676391,0,0.000986974796369302,0.9712561153343235,0.032375203844477445,1,0.385,1.2809659031919876,300,main
0.45,0.55,2,4,3.1752223317001667,1.378981537473359,1.0,0.0052710816003153855,0,0.0003639428400319354,1.0992081153524458,0.03664027051174819,1,0.45,1.279284928506124,300,main
0.45,0.55,2,5,3.217966079900556,1.3975449114526501,0.9966666666666667,0.01632422398004639,0,0.000333674409971973,0.9840143973704196,0.032800479912347316,1,0.425,1.2793115092262446,300,main
0.45,0.55,2,6,3.1426401442428507,1.3648312732523091,0.9866666666666667,0.04909794899363161,0,0.0017619845257123377,2.264442880362111,0.07548142934540368,1,0.65,1.2866252448531197,300,main
0.45,0.55,2,7,3.1879618745332596,1.3845142506277415,1.0,0.0028041845343166876,0,0.0003722088670265471,1.1083380622963268,0.03694460207654422,1,0.415,1.2792299666936813,300,main
0.45,0.55,2,8,3.240314532001645,1.4072507208792322,1.0,0.00798701975581521,0,0.0003292667716666394,1.1315117147322806,0.037717057157742685,1,0.36,1.278591027757201,300,main
0.45,0.55,2,9,3.314654614934332,1.439536208681128,1.0,0.011510633260086223,0,0.0005228736928054411,1.106031333224805,0.0368677111074935,1,0.495,1.277814026483332,300,main
0.45,0.55,2,10,3.1137388577685035,1.3522796040165952,1.0,0.007035220812339098,0,0.00038283031693003193,1.0992682536921705,0.036642275123072346,1,0.46,1.277160236010916,300,main
0.45,0.55,2,11,3.1205266844862716,1.3552275197042374,0.9966666666666667,0.018746756783212932,0,0.000484277245209541,0.990233984212674,0.033007799473755796,1,0.45,1.2825074721974,300,main
0.45,0.55,2,12,3.2374111963487824,1.405989818226081,1.0,0.0013880947525834134,0,0.0003879179631611626,1.1177166515110415,0.03725722171703471,1,0.43,1.2791227747790685,300,main
0.45,0.55,2,13,3.140286619307601,1.3638091503599086,1.0,0.0055481240094108755,0,0.0003676922508779059,1.107046193573169,0.0369015397857723,1,0.515,1.2795794045627216,300,main
0.45,0.55,2,14,3.105578122445243,1.3487354416974302,0.9966666666666667,0.007503002736831051,0,0.00039148254898297807,1.1736595402354444,0.039121984674514804,1,0.435,1.2774236638068643,300,main
0.45,0.55,2,15,3.10685279376565,1.3492890244181235,1.0,0.006078303609884338,0,0.0004253174322090595,1.149089020991939,0.03830296736639797,1,0.41,1.2794271979634377,300,main
0.45,0.55,2,16,3.2842812541202426,1.4263452256827127,0.9933333333333333,0.013073628173264434,0,0.0001440483379164762,1.0371493089647632,0.03457164363215877,1,0.375,1.2787182552419385,300,main
0.45,0.55,2,17,3.288204595114879,1.4280491110273086,1.0,0.0038965871877136684,0,0.00038540889132283353,1.1114455096249587,0.03704818365416528,1,0.505,1.2789371027244083,300,main
0.45,0.55,2,18,3.4019318987648433,1.477440251444223,1.0,0.005981169248552343,0,0.00036786882120602455,1.1482489837148058,0.03827496612382685,1,0.4,1.2789995331041089,300,main
0.45,0.55,2,19,3.418749934756614,1.4847442316718995,0.9966666666666667,0.0014410272767049499,0,0.00019260977240476455,1.039908171217685,0.03466360570725616,1,0.445,1.2805732606113416,300,main
0.45,0.55,3,0,3.154822898689931,1.3701221762830587,1.0,0.0191054319039127,0,0.0014096969965397312,1.4938638841280771,0.04979546280426923,1,0.65,1.272923850874684,300,main
0.45,0.55,3,1,3.251808014276478,1.412242276809045,1.0,0.012919307363648595,0,0.002555895552797418,1.5130944343546393,0.05043648114515464,1,0.68,1.2658842352368729,300,main
0.45,0.55,3,2,3.2120954499604633,1.394995329264372,1.0,0.005817816786187652,0,0.0021555323579328274,1.5171006436107581,0.05057002145369193,1,0.74,1.2698802861280765,300,main
0.45,0.55,3,3,3.2480217759784713,1.4105979344090498,1.0,0.020343879941196148,0,0.002434955071725309,1.532427163023653,0.05108090543412176,1,0.75,1.2698547222012342,300,main
0.45,0.55,3,4,3.1812226426988315,1.3815874394297825,0.9966666666666667,0.048291112966393504,0,0.0026881837480149454,1.2641646573181342,0.04213882191060447,1,0.7,1.2748802077585104,300,main
0.45,0.55,3,5,3.131680166559336,1.3600714154225757,1.0,0.009740585724081935,0,0.0024834267818683396,1.5337700626327166,0.051125668754423884,1,0.735,1.2691716152805061,300,main
0.45,0.55,3,6,3.160528040238421,1.372599887776045,1.0,0.022001722343129075,0,0.002784596809726217,1.8562416418731464,0.06187472139577154,1,0.68,1.270512077867106,300,main
0.45,0.55,3,7,3.125116275599159,1.3572207537987562,1.0,0.006586221477214337,0,0.002244323704645824,1.4576122890592513,0.048587076301975035,1,0.65,1.267648476559389,300,main
0.45,0.55,3,8,3.187986950964845,1.3845251411836048,0.9933333333333333,0.0406850663437017,0,0.003268791674239985,1.7063934713956785,0.05687978237985594,1,0.665,1.275552242541246,300,main
0.45,0.55,3,9,3.24447432384958,1.4090572955246565,0.9966666666666667,0.0050843124056167656,0,0.0030911524942165702,1.6097852097670895,0.05365950699223631,1,0.705,1.2655025884387847,300,main
0.45,0.55,3,10,3.1017762610362336,1.3470843142665363,0.9933333333333333,0.03686531573289232,0,0.0016417793072084283,1.7092585261269888,0.05697528420423295,1,0.685,1.273209268579523,300,main
0.45,0.55,3,11,3.1341701698130056,1.3611528100955659,1.0,0.0065524215841380575,0,0.002471501682622255,1.5251332180671984,0.050837773935573274,1,0.66,1.2684844131879693,300,main
0.45,0.55,3,12,3.3331652549775352,1.4475752775083888,1.0,0.0023545527172869683,0,0.00245162854063969,1.530621719343589,0.051020723978119624,1,0.71,1.26882903332464,300,main
0.45,0.55,3,13,3.070295498143885,1.3334123926562849,1.0,0.016482764478597443,0,0.0022629522883568214,1.4364521321750978,0.04788173773916992,1,0.725,1.2705689283858888,300,main
0.45,0.55,3,14,3.1643311068254496,1.374251538609102,1.0,0.01611214076264813,0,0.0025275351553137645,1.5062567564558371,0.0502085585485279,1,0.695,1.269726083293182,300,main
0.45,0.55,3,15,3.2495023119861135,1.411240923027428,1.0,0.023060544178900275,0,0.0019455380595210063,1.346076741480584,0.044869224716019465,1,0.745,1.2713871630850098,300,main
0.45,0.55,3,16,3.3845397300355944,1.46988692853678,0.9966666666666667,0.014091613684764269,0,0.0023919021780245565,1.4410260508125161,0.04803420169375053,1,0.7,1.2707039641185238,300,main
0.45,0.55,3,17,3.1340186369492655,1.3610870002090167,1.0,0.006055954146088374,0,0.0024461412125457178,1.495675668244617,0.04985585560815389,1,0.69,1.268952483619492,300,main
0.45,0.55,3,18,3.274751901690115,1.4222066805061973,1.0,0.004860526776021395,0,0.0020582141785700798,1.4608267332757774,0.048694224442525906,1,0.76,1.2711087292759633,300,main
0.45,0.55,3,19,3.2742575076026603,1.42199196788213,1.0,0.009346889409236052,0,0.0019308960301793465,1.4543759194132477,0.04847919731377492,1,0.725,1.2721505783144993,300,main
0.45,0.55,4,0,3.0762388985110336,1.3359935786394794,0.9966666666666667,0.029632225870476023,0,0.0016244244677940992,2.3075973876692135,0.07691991292230711,1,0.745,1.2922991312157137,300,main
0.45,0.55,4,1,3.124162741824206,1.356806639341986,1.0,0.011496368021065063,0,0.0005202547361998397,1.5724971198747273,0.052416570662490905,1,0.685,1.2889428149010655,300,main
0.45,0.55,4,2,3.1593969755801625,1.3721086726362874,1.0,0.0076334033658426595,0,0.0005734485271956719,1.6283464988986807,0.054278216629956015,1,0.7,1.288770670012193,300,main
0.45,0.55,4,3,3.3319861066585745,1.4470631799001186,1.0,0.02616165660786471,0,0.0009545833992490585,1.7846860188742653,0.0594895339624755,1,0.73,1.2932667416296215,300,main
0.45,0.55,4,4,3.1391131263000935,1.3632995088221962,1.0,0.01635315839872645,0,0.0007829254769091574,1.6274879838002576,0.05424959946000858,1,0.635,1.2917292308437753,300,main
0.45,0.55,4,5,3.1916189335582357,1.3861024911822828,0.9966666666666667,0.019762089262408356,0,0.0005363035551250658,1.5527056192197686,0.05175685397399228,1,0.655,1.2891309201056718,300,main
0.45,0.55,4,6,3.168386897511703,1.3760129461238966,1.0,0.008886433231224957,0,0.000778133888033581,1.7524407663818076,0.05841469221272691,1,0.695,1.2904580437030475,300,main
0.45,0.55,4,7,3.0994806444845078,1.3460873406655562,1.0,0.007492721748354639,0,0.0006751982570703044,1.677057458902892,0.055901915296763055,1,0.71,1.290047365793293,300,main
0.45,0.55,4,8,3.178136760023756,1.3802472576121962,1.0,0.020976108337477435,0,0.0007349517435220527,1.7643470084490687,0.05881156694830228,1,0.635,1.2886068805716233,300,main
0.45,0.55,4,9,3.3061611414077703,1.435847539996351,1.0,0.009372875599255814,0,0.0006479756176359128,1.673047048014653,0.05576823493382176,1,0.7,1.2895398456806613,300,main
0.45,0.55,4,10,3.1848305503913887,1.3831543338318766,1.0,0.007349852579829988,0,0.0005066888424275478,1.5692864644773763,0.052309548815912536,1,0.77,1.2886775966621833,300,main
0.45,0.55,4,11,3.2472101586890245,1.4102454534988258,1.0,0.010686753842881312,0,0.0006943505247011196,1.694914504212558,0.05649715014041859,1,0.655,1.2901093795760135,300,main
0.45,0.55,4,12,3.0480140315198234,1.3237356746527436,0.9966666666666667,0.009271128310665023,0,0.0004610651844324733,1.5438412653449585,0.05146137551149861,1,0.69,1.2880579986411889,300,main
0.45,0.55,4,13,3.0573407104990875,1.327786199867921,1.0,0.006543656922409129,0,0.0005498645403554025,1.6219950393066285,0.05406650131022094,1,0.705,1.2882625651740234,300,main
0.45,0.55,4,14,3.3371466859258447,1.4493043909993184,1.0,0.007819881534563164,0,0.000595603860289666,1.6577681000193079,0.05525893666731025,1,0.68,1.288434695737619,300,main
0.45,0.55,4,15,3.26530085748227,1.4181021441585062,0.9966666666666667,0.006251530610410154,0,0.0006196542442357476,1.6606067229819,0.05535355743272999,1,0.715,1.288098403004597,300,main
0.45,0.55,4,16,3.0353952547138694,1.3182554095175487,0.9966666666666667,0.016914852545044504,0,0.000706787669360025,1.7669176029250944,0.05889725343083647,1,0.715,1.287245499918382,300,main
0.45,0.55,4,17,3.1627832942654677,1.3735793321552812,1.0,0.0021202576185728084,0,0.0006007408357724393,1.6369001026579122,0.05456333675526373,1,0.69,1.289332559057485,300,main
0.45,0.55,4,18,3.169848222946819,1.376647591696632,1.0,0.002494444355007171,0,0.0005993036035167221,1.6459443032677157,0.05486481010892385,1,0.695,1.2889980696951684,300,main
0.45,0.55,4,19,3.16069989967071,1.3726745253791512,1.0,0.010940520943557026,0,0.0005992929628869863,1.5892336390350148,0.052974454634500484,1,0.74,1.2901805639059267,300,main
0.5,0.5,0,0,3.0791048251355266,1.337238234758036,1.0,0.022346160903376405,0,0.0047557295836254294,0.8988009139057618,0.029960030463525387,1,0.675,1.3127802973385112,300,main
0.5,0.5,0,1,3.115280402501633,1.3529490883878006,1.0,0.03196728309240854,0,0.004821360841107552,0.9714009072329055,0.03238003024109685,1,0.69,1.3126864175324116,300,main
0.5,0.5,0,2,3.0882474036804872,1.3412088061704799,0.9966666666666667,0.01673548329169813,0,0.004518302634862494,0.8168100681678836,0.027227002272262782,1,0.76,1.3106149683663812,300,main
0.5,0.5,0,3,3.368267986313052,1.4628202000271362,1.0,0.0181595674883888,0,0.0041608157567024524,0.9150616987590843,0.030502056625302806,1,0.7,1.31064852052012,300,main
0.5,0.5,0,4,3.036326849978081,1.3186599962001633,0.9966666666666667,0.040416017492151325,0,0.0042406053131667995,1.1735206087040706,0.03911735362346901,1,0.655,1.313336765574199,300,main
0.5,0.5,0,5,3.222325509188348,1.3994381875365856,1.0,0.026052778218607416,0,0.0034770970904823145,0.9510112923008907,0.031700376410029686,1,0.64,1.3082654367537618,300,main
0.5,0.5,0,6,3.0516887342098116,1.32533157775364,0.9933333333333333,0.025262783220927686,0,0.003801878903893302,1.0069066067180277,0.03356355355726758,1,0.67,1.31086593129865,300,main
0.5,0.5,0,7,3.128543939399827,1.358709369273206,0.9966666666666667,0.012095269802437943,0,0.004192141038046753,0.878303812470882,0.029276793749029393,1,0.715,1.3111218075598376,300,main
0.5,0.5,0,8,3.3574997243711677,1.458143603286087,1.0,0.007908308183261478,0,0.0037309545782714185,0.9322612750952253,0.031075375836507504,1,0.655,1.3089789844083861,300,main
0.5,0.5,0,9,3.0849319871412977,1.339768939062299,1.0,0.0208260513563646,0,0.003670057735359833,0.9956644942435977,0.03318881647478659,1,0.69,1.3097910154133707,300,main
0.5,0.5,0,10,3.2853725166148395,1.4268191549624243,0.9933333333333333,0.015890292708270685,0,0.005637269635350502,1.0938046669545731,0.03646015556515243,1,0.735,1.316064233275227,300,main
0.5,0.5,0,11,3.137866073507139,1.362757920675574,1.0,0.006882603273236515,0,0.003881622163853505,0.9106143272494926,0.030353810908316417,1,0.685,1.3088386272785264,300,main
0.5,0.5,0,12,3.2075879569295527,1.39303774991383,0.9833333333333333,0.035399312707774314,0,0.006166327310492679,0.7244924173797795,0.02414974724599265,1,0.73,1.3147089301313104,300,main
0.5,0.5,0,13,3.1812318561287567,1.3815914407715582,1.0,0.022664690772406102,0,0.003875117825516826,1.020335523995064,0.034011184133168795,1,0.725,1.3104097196702087,300,main
0.5,0.5,0,14,3.1824702640587907,1.3821292745019174,1.0,0.014079464667908178,0,0.0035751260254650308,0.9479023736272574,0.031596745787575244,1,0.75,1.3089217546368581,300,main
0.5,0.5,0,15,3.149522119056404,1.3678200769384325,0.9933333333333333,0.03647334985696431,0,0.006536244826166472,1.1088074278978677,0.03696024759659559,1,0.71,1.3187994266672305,300,main
0.5,0.5,0,16,3.30401900228949,1.4349172207978131,0.99,0.01394707250135561,0,0.005531465638551718,0.7773612270553065,0.02591204090184355,1,0.685,1.3128979150946227,300,main
0.5,0.5,0,17,3.0922774246640743,1.3429590220456058,0.9933333333333333,0.03184794655553014,0,0.004842317843494728,0.899232558674673,0.029974418622489094,1,0.675,1.3137870491018013,300,main
0.5,0.5,0,18,3.1210076169654806,1.355436386026126,1.0,0.003567344019956623,0,0.0038972297046241874,0.9330345502816084,0.03110115167605361,1,0.74,1.30951677135428,300,main
0.5,0.5,0,19,3.270261295818231,1.4202564351556355,0.9933333333333333,0.01943679752135213,0,0.0022303880039253564,0.9364973509546515,0.031216578365155043,1,0.725,1.3033226289156241,300,main
0.5,0.5,1,0,3.2102699493596387,1.3942025244267227,0.9966666666666667,0.025757806726852905,0,0.003474938446273304,0.24020329839381516,0.00800677661312717,1,0.45,1.265060484235633,300,main
0.5,0.5,1,1,3.1502680960103273,1.3681440506131486,1.0,0.014320982576582937,0,0.003165522733298292,0.25464366527703786,0.008488122175901261,1,0.455,1.2647805594112667,300,main
0.5,0.5,1,2,3.297555683648177,1.4321102371771084,0.9966666666666667,0.009881498504521871,0,0.0030329045560962536,0.2721573663048593,0.009071912210161976,1,0.345,1.2615029965804208,300,main
0.5,0.5,1,3,3.3770427452616483,1.4666310294185425,0.9933333333333333,0.030877356551875235,0,0.0027112595227905263,0.2717091194237409,0.009056970647458027,1,0.415,1.2647960048895035,300,main
0.5,0.5,1,4,3.2245137979321856,1.4003885492628456,1.0,0.025542530590442696,0,0.003579716356719125,0.23241808167874245,0.0077472693892914135,1,0.45,1.2646089433934216,300,main
0.5,0.5,1,5,3.017415062669206,1.3104467113289908,1.0,0.023630212515289312,0,0.0027018910311822396,0.2740097354739679,0.009133657849132263,1,0.445,1.2667688537114055,300,main
0.5,0.5,1,6,3.2244028535287446,1.400340366720633,0.9966666666666667,0.02271466446108116,0,0.00301631097786733,0.2608525820146701,0.00869508606715567,1,0.39,1.2653497925202346,300,main
0.5,0.5,1,7,2.9908749514915933,1.2989204874954547,1.0,0.011736764052198392,0,0.0029345379517156673,0.2636714048867006,0.008789046829556686,1,0.475,1.263832945367035,300,main
0.5,0.5,1,8,3.187914757393304,1.384493787913856,1.0,0.03211082134370456,0,0.0035515464828422376,0.23938772587361323,0.007979590862453773,1,0.415,1.258717483034307,300,main
0.5,0.5,1,9,3.3270273613194545,1.4449096241621753,0.9966666666666667,0.008373653408486842,0,0.0034311862803468236,0.23421977141374062,0.007807325713791353,1,0.42,1.2614629756879954,300,main
0.5,0.5,1,10,3.3499480174985923,1.4548639386623763,1.0,0.010434259834084534,0,0.002763714104301359,0.2714081553448211,0.009046938511494036,1,0.45,1.2640102076609598,300,main
0.5,0.5,1,11,3.07752995172485,1.3365542759260833,1.0,0.01611427247649886,0,0.002554249685583963,0.2878167186456948,0.009593890621523158,1,0.43,1.2636157084972428,300,main
0.5,0.5,1,12,3.260284147753355,1.4159234148059279,0.9966666666666667,0.025535880224101117,0,0.00400079663098582,0.23284924648949157,0.007761641549649718,1,0.435,1.2656255501800533,300,main
0.5,0.5,1,13,3.1346142265651036,1.3613456614926538,0.9833333333333333,0.04461164438519562,0,0.001992354200745418,0.3417449494792113,0.011391498315973709,1,0.425,1.2702007209211055,300,main
0.5,0.5,1,14,3.1627736763954486,1.373575155167404,1.0,0.026525231035172653,0,0.0025946586198400865,0.2820482693870474,0.009401608979568246,1,0.49,1.2699107647280152,300,main
0.5,0.5,1,15,3.326717866731099,1.4447752123702735,0.9966666666666667,0.02582326623873106,0,0.003531213118163532,0.23162684211561757,0.007720894737187251,1,0.43,1.258084755170076,300,main
0.5,0.5,1,16,3.1229576202871865,1.3562832617084357,1.0,0.010171107619730968,0,0.0031444063332831274,0.2482424086883761,0.008274746956279203,1,0.4,1.265043392476456,300,main
0.5,0.5,1,17,3.2945225426721767,1.430792960788397,0.9933333333333333,0.04104548473111547,0,0.0011243960768233673,0.4377754754630758,0.014592515848769192,1,0.45,1.2712731223384772,300,main
0.5,0.5,1,18,3.4630460855772376,1.5039818055428504,1.0,0.00866986324326417,0,0.0029646358749304286,0.261056792187242,0.008701893072908065,1,0.415,1.263322658389746,300,main
0.5,0.5,1,19,3.16411252506596,1.3741566097571112,1.0,0.00713593756643706,0,0.0029888723629911524,0.25790696408889424,0.00859689880296314,1,0.43,1.2634699457335525,300,main
0.5,0.5,2,0,3.424554622048002,1.4872651753317234,0.9933333333333333,0.03004857930075531,0,0.00046625824028677897,1.1795803507101632,0.0393193450236721,1,0.41,1.2868293825944654,300,main
0.5,0.5,2,1,3.388669491368095,1.4716804610950625,1.0,0.002061763096762523,0,0.0003943904799961536,1.1137485861887675,0.03712495287295891,1,0.415,1.2791976200101178,300,main
0.5,0.5,2,2,2.972464689852794,1.290925012455329,1.0,0.02173506047833487,0,0.0007100356692985284,1.0865121207700557,0.036217070692335186,1,0.425,1.2792712301735951,300,main
0.5,0.5,2,3,3.106453400870721,1.3491155702877444,1.0,0.015117719842337299,0,0.00047792097470218935,1.0865866454647155,0.036219554848823846,1,0.385,1.2824352896613078,300,main
0.5,0.5,2,4,3.3116047390785175,1.438211664426458,1.0,0.006556452856736341,0,0.00036179806950279066,1.1284995379179874,0.03761665126393291,1,0.45,1.2794665881808807,300,main
0.5,0.5,2,5,3.040422942325362,1.3204389065039535,0.9966666666666667,0.030287607845953114,0,0.000427219496679186,0.8498121195726183,0.028327070652420603,1,0.425,1.2794512892161463,300,main
0.5,0.5,2,6,3.3575747379264698,1.4581761812592224,1.0,0.013193718437384701,0,0.0004279229328918838,1.1335468333173782,0.0377848944439126,1,0.41,1.2793242828943412,300,main
0.5,0.5,2,7,3.2342582208724395,1.4046204983751291,1.0,0.005584879284373908,0,0.0004099964103319231,1.1030374349355665,0.03676791449785221,1,0.415,1.2786580625304247,300,main
0.5,0.5,2,8,3.2803958121607693,1.4246577996799583,1.0,0.01311023619603516,0,0.00042165048640828776,1.17735409771893,0.039245136590630995,1,0.36,1.2804239779268394,300,main
0.5,0.5,2,9,3.0577451081345983,1.327961827529518,0.9966666666666667,0.010988049042177919,0,0.00033760728237356655,1.0239515934604648,0.03413171978201549,1,0.495,1.2785133470948027,300,main
0.5,0.5,2,10,3.0343161744011526,1.3177867708922053,1.0,0.04219231734549487,0,0.00046771309465850133,0.806368002671165,0.026878933422372166,1,0.46,1.2790032243722484,300,main
0.5,0.5,2,11,3.164688653269766,1.3744068190568925,1.0,0.0030664297443493463,0,0.00037306046585269164,1.0790860953278858,0.035969536510929524,1,0.45,1.2791188171938785,300,main
0.5,0.5,2,12,3.042756239838638,1.321452244738608,1.0,0.00790908751343108,0,0.00032798202774274917,1.1068368895091774,0.03689456298363924,1,0.43,1.2792253252987313,300,main
0.5,0.5,2,13,3.388000538244677,1.4713899384449105,0.9966666666666667,0.016410388429341224,0,0.0006587423045335485,1.1167896820889756,0.03722632273629918,1,0.515,1.276823750119518,300,main
0.5,0.5,2,14,3.2598423457974213,1.4157315426543722,0.9966666666666667,0.026762214788795285,0,0.00032924256397498216,1.1451775841622935,0.038172586138743116,1,0.435,1.2744742096617068,300,main
0.5,0.5,2,15,3.14778896611677,1.3670673781804552,1.0,0.014163681366804213,0,0.0005327898935177777,1.118465492822024,0.03728218309406746,1,0.41,1.2798271777145787,300,main
0.5,0.5,2,16,3.066638608806692,1.3318242257962112,1.0,0.018378877076687096,0,0.0004262277526936877,1.170086473060572,0.039002882435352396,1,0.375,1.278766184043254,300,main
0.5,0.5,2,17,3.0638473483111563,1.3306119967654455,0.99,0.06092291423773975,0,0.0022716836679460596,0.8408817896141618,0.02802939298713872,1,0.505,1.2968323168774532,300,main
0.5,0.5,2,18,3.2556060105829854,1.41389172564725,1.0,0.027188872981168448,0,0.0009986700142801102,1.1255983668875813,0.03751994556291937,1,0.4,1.2814001876630896,300,main
0.5,0.5,2,19,3.030028878347786,1.315924821873943,0.9933333333333333,0.038579629015910846,0,0.0005807719439841425,1.0066826768906578,0.03355608922968859,1,0.445,1.2828508239986174,300,main
0.5,0.5,3,0,3.172767744087179,1.37791552361769,0.9966666666666667,0.026653190973304184,0,0.003234505876808968,1.684248379914205,0.05614161266380682,1,0.65,1.2728625410816403,300,main
0.5,0.5,3,1,3.20268020142491,1.3909063387796334,1.0,0.005681936711498301,0,0.0023385329263095507,1.4843510794362302,0.049478369314541,1,0.68,1.268545276107354,300,main
0.5,0.5,3,2,3.1419120149702704,1.3645150507271155,1.0,0.019156499094777873,0,0.0024243514780571216,1.6140110786217132,0.05380036928739043,1,0.74,1.2700968882358734,300,main
0.5,0.5,3,3,3.202208492393224,1.3907014781501081,0.9966666666666667,0.027583055842303784,0,0.0026597852864463263,1.4047506407624921,0.04682502135874973,1,0.75,1.2692967415154608,300,main
0.5,0.5,3,4,3.1333767780262325,1.3608082444205831,0.9933333333333333,0.045450743434728325,0,0.0023932175496445326,1.5480446184983787,0.05160148728327928,1,0.7,1.277801061593349,300,main
0.5,0.5,3,5,3.0374522209549015,1.3191487386054903,1.0,0.013564414904856423,0,0.0022422389879274453,1.5826301924594832,0.05275433974864943,1,0.735,1.270442789975043,300,main
0.5,0.5,3,6,3.0388419944986773,1.3197523095866472,0.99,0.13696504503740922,0,0.012222857030760002,1.4173320613342866,0.04724440204447621,1,0.68,1.279356171524145,300,main
0.5,0.5,3,7,3.312455314450526,1.4385810646169641,1.0,0.02338518486019416,0,0.002279475712464186,1.5374631723942156,0.05124877241314051,1,0.65,1.2734699165858232,300,main
0.5,0.5,3,8,3.544791094899736,1.5394832120147417,1.0,0.010981241985482674,0,0.0023558736366086075,1.5444825325489686,0.05148275108496561,1,0.665,1.2689100142927228,300,main
0.5,0.5,3,9,3.339972051461861,1.4505314316609699,1.0,0.002895840716133945,0,0.002390250516452466,1.5089238507906444,0.050297461693021475,1,0.705,1.2688980969906176,300,main
0.5,0.5,3,10,3.0157622774235953,1.309728915817051,1.0,0.021880928009154522,0,0.003123972600426652,1.68470138242523,0.05615671274750766,1,0.685,1.2684940158519042,300,main
0.5,0.5,3,11,3.257339200574937,1.4146444404968446,0.9933333333333333,0.055222804853291986,0,0.0011117365722157404,1.32629909349804,0.044209969783267994,1,0.66,1.2812530110018465,300,main
0.5,0.5,3,12,3.0860456354129875,1.340252590361475,0.9966666666666667,0.01744498716650315,0,0.0019891658585732396,1.3864701215475228,0.04621567071825075,1,0.71,1.27119915596837,300,main
0.5,0.5,3,13,3.15294396570715,1.3693061660567707,1.0,0.005989248978749813,0,0.0024714210492621704,1.500326450886652,0.050010881696221726,1,0.725,1.2695080263459992,300,main
0.5,0.5,3,14,2.9943024767820097,1.3004090428156665,0.9933333333333333,0.028696431707640968,0,0.004178014221632758,1.7346659155633326,0.05782219718544441,1,0.695,1.2623911816131108,300,main
0.5,0.5,3,15,3.2282640661280597,1.4020172700459705,1.0,0.021166499406584615,0,0.002411029906577305,1.5038595099402918,0.050128650331343054,1,0.745,1.2719056814502046,300,main
0.5,0.5,3,16,3.0805316386400587,1.3378578919897595,1.0,0.010936000184744546,0,0.0021424931619116634,1.4583947990405188,0.04861315996801729,1,0.7,1.271006189139317,300,main
0.5,0.5,3,17,3.152251448965814,1.369005409857383,0.9933333333333333,0.021990477410770204,0,0.0020705531469950873,1.606862017982541,0.053562067266084694,1,0.69,1.2687441886994972,300,main
0.5,0.5,3,18,3.1343639009881836,1.3612369464759186,0.9933333333333333,0.029320026065703407,0,0.002652474528253951,1.5738242195304897,0.05246080731768298,1,0.76,1.274637869621182,300,main
0.5,0.5,3,19,3.078513300661532,1.3369813389430696,0.9933333333333333,0.04601371852458379,0,0.0011161285693270075,1.6803122618801458,0.056010408729338185,1,0.725,1.2803714928787897,300,main
0.5,0.5,4,0,3.110471303971127,1.3508605234330726,1.0,0.024005037524525305,0,0.00054289215262859,1.5620859164509282,0.052069530548364266,1,0.745,1.2897526078871024,300,main
0.5,0.5,4,1,3.1475386176840425,1.3669586532375684,1.0,0.01821368635695905,0,0.0006429953818797037,1.7001330792769442,0.0566711026425648,1,0.685,1.2867382908770217,300,main
0.5,0.5,4,2,3.0125793370739937,1.308346582386992,0.99,0.048375997457544354,0,0.003169215712899789,1.7949203220448962,0.05983067740149653,1,0.7,1.2741999839843492,300,main
0.5,0.5,4,3,3.2922400591385887,1.4298016907847242,1.0,0.0055647764377632055,0,0.0006388421625859041,1.6696748391569982,0.055655827971899934,1,0.73,1.289366102154742,300,main
0.5,0.5,4,4,3.0953781695936975,1.3443056584583304,0.9966666666666667,0.017872203272022987,0,0.0006442338642364672,1.6096656924917463,0.0536555230830582,1,0.635,1.2909763015710607,300,main
0.5,0.5,4,5,3.2107149275997653,1.3943957760209766,1.0,0.026732861085717586,0,0.0012490348509238362,1.8798474099581686,0.06266158033193894,1,0.655,1.2948656017377198,300,main
0.5,0.5,4,6,3.08975806997174,1.341864880204768,1.0,0.004533740833823013,0,0.0006501358558997929,1.6789811686049039,0.055966038953496784,1,0.695,1.2894147987962241,300,main
0.5,0.5,4,7,3.1135014127871834,1.3521764829714522,0.9933333333333333,0.024439375687434033,0,0.0003028037016970061,1.4322649871139626,0.04774216623713208,1,0.71,1.2837867576418356,300,main
0.5,0.5,4,8,3.0094935673486267,1.3070064496228406,0.9933333333333333,0.04273535322292845,0,0.0009329411371824733,1.3142154247289262,0.043807180824297534,1,0.635,1.2973635047103764,300,main
0.5,0.5,4,9,3.438413979668213,1.4932842178689045,0.9966666666666667,0.02790279511095648,0,0.0005004756280225036,1.5183561303979798,0.05061187101326599,1,0.7,1.2897153437148468,300,main
0.5,0.5,4,10,3.1090011058370517,1.3502220244961394,0.9966666666666667,0.01250928157583141,0,0.0004842806800507511,1.5325062600376305,0.05108354200125434,1,0.77,1.2871850981014545,300,main
0.5,0.5,4,11,3.3615216763389055,1.4598903148321556,1.0,0.0029854437069081166,0,0.000604104148337844,1.6542674968144377,0.05514224989381458,1,0.655,1.2888477392306825,300,main
0.5,0.5,4,12,3.2143292149947227,1.3959654410926192,1.0,0.035224292849774554,0,0.0005851824091003411,1.6677419560675089,0.05559139853558362,1,0.69,1.2872193623241128,300,main
0.5,0.5,4,13,2.911475974356143,1.2644379498567664,0.9966666666666667,0.054312462486043836,0,0.00013523121995366897,1.0785393289929612,0.03595131096643204,1,0.705,1.2854474774520506,300,main
0.5,0.5,4,14,3.118911051806739,1.3545258593467338,1.0,0.021751001051981172,0,0.0008198023858657063,1.7491551359702207,0.05830517119900735,1,0.68,1.2915461355790283,300,main
0.5,0.5,4,15,3.1131991109111214,1.3520451949348096,1.0,0.016270240082742835,0,0.0007489366956645984,1.695625881301105,0.05652086271003682,1,0.715,1.2913127059689973,300,main
0.5,0.5,4,16,3.085592183508316,1.3400556587014676,1.0,0.030884043325878765,0,0.0010398263654771414,1.8571599189673937,0.06190533063224645,1,0.715,1.2933217447468952,300,main
0.5,0.5,4,17,3.0732842093060837,1.3347103734220305,1.0,0.00888633094680792,0,0.0006104994041855887,1.6570432558192016,0.05523477519397338,1,0.69,1.2889631394970638,300,main
0.5,0.5,4,18,3.201937631171416,1.3905838446161154,0.9966666666666667,0.008338118162483196,0,0.0008046213364110389,1.7550634500890006,0.058502115002966676,1,0.695,1.2907249411454362,300,main
0.5,0.5,4,19,3.124095461419218,1.3567774198333598,0.9866666666666667,0.07706194074799462,0,0.004085839535717271,2.614757333979778,0.08715857779932593,1,0.74,1.3046043668841227,300,main
0.55,0.44999999999999996,0,0,3.123794851529577,1.3566468666170828,0.9933333333333333,0.0201937144122473,0,0.004693787042811801,0.8306483867436321,0.027688279558121063,1,0.675,1.311690662119946,300,main
0.55,0.44999999999999996,0,1,3.083564814509015,1.3391751835322894,0.9966666666666667,0.02927465556619042,0,0.0052186250173837136,1.0012753873621494,0.033375846245404975,1,0.69,1.3151305211056301,300,main
0.55,0.44999999999999996,0,2,3.213718117836065,1.3957000449687071,0.9966666666666667,0.013809350835315955,0,0.004069654440607973,0.861648746584609,0.028721624886153627,1,0.76,1.3100790293664082,300,main
0.55,0.44999999999999996,0,3,3.03086427074326,1.316287628181521,1.0,0.05342870439701805,0,0.00516923049211071,1.3105410621569835,0.043684702071899444,1,0.7,1.318025445615596,300,main
0.55,0.44999999999999996,0,4,3.2445976145400253,1.409110839991187,1.0,0.017264316367165137,0,0.004222262130237603,0.9571291756814038,0.03190430585604679,1,0.655,1.311017047014798,300,main
0.55,0.44999999999999996,0,5,2.986406299426323,1.2969797765619622,0.99,0.059279972315757413,0,0.011493449882179978,1.3113229074640298,0.04371076358213432,1,0.64,1.3295245188388987,300,main
0.55,0.44999999999999996,0,6,3.208063673233504,1.3932443508795875,1.0,0.04434046484147623,0,0.007460207487274925,0.9507314639363718,0.031691048797879054,1,0.41,1.3146646290160633,300,main
0.55,0.44999999999999996,0,7,3.1944453975648304,1.3873300089036453,1.0,0.017398924444068303,0,0.004836502228951885,0.8780640522960292,0.02926880174320097,1,0.715,1.3121217553839002,300,main
0.55,0.44999999999999996,0,8,3.0383907046876137,1.319556316911963,1.0,0.014226303179062158,0,0.003823834769286126,0.857160229598497,0.02857200765328323,1,0.655,1.3086743579886981,300,main
0.55,0.44999999999999996,0,9,3.021027315981491,1.312015493009753,0.9933333333333333,0.039547728041211046,0,0.006972914855619433,0.7362293175551871,0.024540977251839565,1,0.69,1.3167072774055193,300,main
0.55,0.44999999999999996,0,10,3.2457316260458797,1.4096033349305943,1.0,0.010145577695451881,0,0.00364517020852885,0.9572015058718852,0.03190671686239617,1,0.735,1.308748032089866,300,main
0.55,0.44999999999999996,0,11,3.199207094043248,1.3893979874087201,1.0,0.032009862762857694,0,0.004585278701735987,0.9823063227110518,0.032743544090368386,1,0.685,1.3123707010116061,300,main
0.55,0.44999999999999996,0,12,3.1755968354336073,1.3791441823782444,0.9966666666666667,0.037351187360438805,0,0.006087635761856815,0.9047451845239196,0.030158172817463982,1,0.73,1.3159227579166037,300,main
0.55,0.44999999999999996,0,13,3.437700106439952,1.4929741866650925,1.0,0.017852012870773135,0,0.003952980673036361,1.0106411709014662,0.03368803903004887,1,0.725,1.310410358502982,300,main
0.55,0.44999999999999996,0,14,3.096533932652065,1.3448075999769673,0.9966666666666667,0.03909073667489482,0,0.0036217530694566194,1.0250858428585807,0.03416952809528602,1,0.75,1.3073919190261138,300,main
0.55,0.44999999999999996,0,15,3.3797601193011118,1.4678111699691485,0.9933333333333333,0.060663086873241547,0,0.00467412788307877,0.6806292381889401,0.022687641272964666,1,0.41,1.3019411200352322,300,main
0.55,0.44999999999999996,0,16,3.0675515199770698,1.332220698079974,1.0,0.017058428755781757,0,0.004196861710056583,0.967070473596654,0.032235682453221795,1,0.685,1.3108088262340345,300,main
0.55,0.44999999999999996,0,17,2.985706985582398,1.296676068418427,0.98,0.06349708793017807,0,0.005018876183483671,0.6507635072147133,0.021692116907157107,1,0.39,1.2995142455699393,300,main
0.55,0.44999999999999996,0,18,3.134989889896762,1.3615088100046469,1.0,0.02817157112411799,0,0.0038703343845462104,0.8830067453180601,0.029433558177268667,1,0.74,1.3094525354140392,300,main
0.55,0.44999999999999996,0,19,3.432183181006036,1.490578216392071,0.9966666666666667,0.035964049768026245,0,0.002980723311464914,1.1444526755746476,0.038148422519154915,1,0.725,1.3082692100095794,300,main
0.55,0.44999999999999996,1,0,3.147264187173859,1.3668394695813297,1.0,0.01918663199671038,0,0.0032511708618303626,0.25326899749997245,0.008442299916665747,1,0.45,1.260627057026706,300,main
0.55,0.44999999999999996,1,1,2.984154928347359,1.2960020185256518,1.0,0.07959054840944142,0,0.0030150466018712485,0.2601713089232516,0.008672376964108384,1,0.455,1.2693652596394522,300,main
0.55,0.44999999999999996,1,2,2.9092215564233985,1.2634588685886714,0.9933333333333333,0.04863937938966237,0,0.005212399188987837,0.21905427462919347,0.007301809154306448,1,0.345,1.268357614797865,300,main
0.55,0.44999999999999996,1,3,3.140863803984359,1.3640598184800639,0.99,0.036004760933112244,0,0.0030435266027889173,0.32326871906572796,0.010775623968857596,1,0.415,1.2648396611991992,300,main
0.55,0.44999999999999996,1,4,2.819688350092647,1.2245750911321212,0.9866666666666667,0.11246691998849173,0,0.0016524496858968504,0.5004993031587635,0.01668331010529211,1,0.66,1.2816506648654662,300,main
0.55,0.44999999999999996,1,5,3.045395059756936,1.3225982696678609,0.99,0.0348989487413904,0,0.0013934698808185444,0.40262890954036457,0.013420963651345484,1,0.445,1.2737290563231543,300,main
0.55,0.44999999999999996,1,6,3.3570033156483206,1.4579280157169858,0.99,0.041522021047252694,0,0.00473978968447408,0.2087528495096136,0.006958428316987119,1,0.39,1.2761377437403298,300,main
0.55,0.44999999999999996,1,7,3.126846562161201,1.3579722077047631,0.9566666666666667,0.14739101505314392,0,0.008008013532939697,0.3057640052143096,0.01019213350714365,1,0.475,1.2489476877882402,300,main
0.55,0.44999999999999996,1,8,3.2830109356498163,1.4257935333807468,1.0,0.0188723999396163,0,0.003282735760631842,0.24160452183163428,0.008053484061054475,1,0.415,1.2642432097533418,300,main
0.55,0.44999999999999996,1,9,2.863297815382849,1.2435144412664072,0.9866666666666667,0.08339651615951177,0,0.0035895102842772603,0.2439825610416002,0.008132752034720006,1,0.42,1.2676620039980784,300,main
0.55,0.44999999999999996,1,10,2.992351711670875,1.2995618362924113,0.9966666666666667,0.08266907802531771,0,0.002322976421265372,0.3537794972704178,0.011792649909013925,1,0.45,1.2732911190102225,300,main
0.55,0.44999999999999996,1,11,3.0745062706514084,1.3352411079208522,1.0,0.012398845008929902,0,0.0030407882322319203,0.2584271284478912,0.008614237614929705,1,0.43,1.262209370399003,300,main
0.55,0.44999999999999996,1,12,3.2444587343799154,1.4090505251040053,0.9966666666666667,0.012512503791922463,0,0.0024270831837242294,0.2996635605438558,0.009988785351461858,1,0.435,1.2648087247531776,300,main
0.55,0.44999999999999996,1,13,3.1677908450057317,1.3757540838096283,0.95,0.14315834411746883,0,0.002824681395418388,0.7878496512471411,0.026261655041571366,1,0.68,1.304226509859412,300,main
0.55,0.44999999999999996,1,14,2.8643342394364875,1.2439645545138143,0.99,0.07448582667831187,0,0.001690049550466938,0.4797313667262326,0.015991045557541085,1,0.49,1.2606521710895475,300,main
0.55,0.44999999999999996,1,15,3.1152376129301946,1.3529305051130416,0.99,0.04079717834064592,0,0.003828398681394644,0.22174718526388193,0.0073915728421293965,1,0.43,1.2656399932376923,300,main
0.55,0.44999999999999996,1,16,3.1082047159248987,1.3498761567518478,1.0,0.011038760872347751,0,0.002882132768027741,0.2650679998580596,0.008835599995268653,1,0.4,1.2639117409496148,300,main
0.55,0.44999999999999996,1,17,3.2395682891884623,1.4069266317433071,0.9933333333333333,0.02799267854591043,0,0.002280622118680152,0.3297337098056463,0.010991123660188208,1,0.45,1.2710271125094734,300,main
0.55,0.44999999999999996,1,18,3.331397295094511,1.4468074622869649,0.9933333333333333,0.06240109247660244,0,0.0026752896555230334,0.27456387241301394,0.009152129080433797,1,0.415,1.2692981910824537,300,main
0.55,0.44999999999999996,1,19,3.320605851301802,1.4421207977960224,1.0,0.033229260601027294,0,0.004284233778901624,0.20315843605023254,0.0067719478683410834,1,0.43,1.2652897970555308,300,main
0.55,0.44999999999999996,2,0,3.18357792500945,1.3826103255406084,1.0,0.025482024521622057,0,8.762325434325999e-05,1.0622414645762857,0.03540804881920952,1,0.41,1.2779401136824808,300,main
0.55,0.44999999999999996,2,1,3.2998346042390287,1.4330999598144107,1.0,0.009384958554154846,0,0.0002610366523986404,1.0665835528440137,0.035552785094800456,1,0.415,1.2785395407400806,300,main
0.55,0.44999999999999996,2,2,2.9991237418548478,1.302502891632593,0.9766666666666667,0.12341353260049312,0,0.015823141240921636,2.32610646501254,0.07753688216708464,1,0.67,1.3354920069438723,300,main
0.55,0.44999999999999996,2,3,3.3264971233607987,1.4446793447426356,1.0,0.03241184981355085,0,0.0006073343760862023,1.1733856917885366,0.039112856392951215,1,0.385,1.2829736071149083,300,main
0.55,0.44999999999999996,2,4,2.9746920018633407,1.2918923217709866,0.99,0.04013943238285787,0,0.00015406327434892841,0.862794541028844,0.028759818034294796,1,0.715,1.2850712727475144,300,main
0.55,0.44999999999999996,2,5,3.262213481087832,1.4167613136268435,0.99,0.028202648125902806,0,0.002015910687974144,1.4825070247666772,0.0494169008255559,1,0.425,1.2854568961485067,300,main
0.55,0.44999999999999996,2,6,3.089057828429631,1.3415607691670304,1.0,0.009623327788839765,0,0.0004160928195949057,1.074796033213965,0.0358265344404655,1,0.41,1.2805748115181108,300,main
0.55,0.44999999999999996,2,7,2.840383696620238,1.2335629659301295,0.9933333333333333,0.08538399428871908,0,0.0029283781902101035,1.816681065551029,0.06055603551836763,1,0.415,1.2566254372956878,300,main
0.55,0.44999999999999996,2,8,3.1200424734006598,1.35501722950168,1.0,0.033754761782132325,0,0.0006326735980158628,1.1696233612594864,0.03898744537531621,1,0.36,1.28351862163244,300,main
0.55,0.44999999999999996,2,9,3.0704598480393703,1.3334837689089953,0.9966666666666667,0.028107790304163074,0,4.904265096767691e-05,1.0107388407593787,0.03369129469197928,1,0.495,1.281179824312074,300,main
0.55,0.44999999999999996,2,10,3.1025883007595483,1.3474369786374587,0.9966666666666667,0.022050963044955945,0,0.0008184694059365141,1.1166848811407781,0.03722282937135927,1,0.46,1.2830147237961178,300,main
0.55,0.44999999999999996,2,11,3.207367776449719,1.392942126746415,0.99,0.0648021040196,0,0.0012479846576427742,1.7360333254730298,0.05786777751576765,1,0.45,1.271463013692467,300,main
0.55,0.44999999999999996,2,12,3.399681559341992,1.4764629414504697,0.9966666666666667,0.039391332266112945,0,0.0011773137754351702,1.232182964127132,0.041072765470904396,1,0.43,1.2888523532312706,300,main
0.55,0.44999999999999996,2,13,3.4207620190717605,1.4856180687870915,0.9866666666666667,0.024127563418274173,0,0.0006705018038966042,1.4720112296322918,0.04906704098774305,1,0.515,1.2792794846966162,300,main
0.55,0.44999999999999996,2,14,3.0742797217587627,1.335142718986895,0.9966666666666667,0.022904715450588455,0,0.0007102222974218991,1.3976134602532997,0.04658711534177665,1,0.435,1.2785088096121568,300,main
0.55,0.44999999999999996,2,15,3.1997545522328257,1.3896357454795263,1.0,0.010613367990606581,0,0.00042813251219757766,1.1105415748533853,0.03701805249511284,1,0.41,1.2791367527444426,300,main
0.55,0.44999999999999996,2,16,3.1846653156498905,1.3830825732954248,0.9933333333333333,0.034895395806786515,0,0.0002245492800803969,1.2287459287021907,0.04095819762340635,1,0.375,1.2823024191558734,300,main
0.55,0.44999999999999996,2,17,2.90880684046685,1.2632787597371857,0.9866666666666667,0.0889501758071061,0,0.002307710400317857,2.0191963900890952,0.06730654633630316,1,0.74,1.3002940947793742,300,main
0.55,0.44999999999999996,2,18,2.9127239538555467,1.2649799404668856,0.9833333333333333,0.10167668441298694,0,0.004168314397482495,3.646150296829831,0.12153834322766101,1,0.64,1.2881051180250407,300,main
0.55,0.44999999999999996,2,19,3.2627969502646095,1.4170147110706786,1.0,0.011511500010262977,0,0.00048481977802560753,1.112657917612514,0.03708859725375046,1,0.445,1.2781350834609326,300,main
0.55,0.44999999999999996,3,0,3.2925309089539527,1.4299280052545997,0.9966666666666667,0.007785304562965294,0,0.001872683363810473,1.4354066004590271,0.047846886681967564,1,0.65,1.2727508111645371,300,main
0.55,0.44999999999999996,3,1,3.0208512348449057,1.3119390219437668,0.9966666666666667,0.022499614808162947,0,0.002362383703762674,1.30048660225362,0.04334955340845399,1,0.68,1.2693737085464984,300,main
0.55,0.44999999999999996,3,2,3.0137249682085003,1.3088441236670045,1.0,0.03131188392375828,0,0.0021689244542767855,1.564596271785984,0.052153209059532794,1,0.74,1.2705844329848455,300,main
0.55,0.44999999999999996,3,3,3.0804703613768987,1.337831279612503,0.9833333333333333,0.04114606374009159,0,0.0037637979783665693,2.5968350896196646,0.0865611696539888,1,0.75,1.2739482602859993,300,main
0.55,0.44999999999999996,3,4,3.1961378031805188,1.388065011323681,1.0,0.007875825648192256,0,0.0025874290526446894,1.5219204196273817,0.050730680654246046,1,0.7,1.2680837041956017,300,main
0.55,0.44999999999999996,3,5,3.197901201499293,1.388830845482922,0.9966666666666667,0.02242724669946893,0,0.0021589294439273276,1.3825062155316536,0.04608354051772178,1,0.735,1.2732538599286105,300,main
0.55,0.44999999999999996,3,6,2.9339980117851594,1.2742191464334065,0.9966666666666667,0.045469874357914754,0,0.0035224039857175253,1.9830459593490557,0.06610153197830185,1,0.68,1.2729335126136045,300,main
0.55,0.44999999999999996,3,7,2.76293280726527,1.1999264720647675,0.98,0.17861571595196898,0,0.0073583451698011615,4.790907472748285,0.15969691575827613,1,0.65,1.290918141882278,300,main
0.55,0.44999999999999996,3,8,3.2774066745112247,1.4233596336931118,1.0,0.04111582640052636,0,0.0014968810328100206,1.5032129622107815,0.050107098740359374,1,0.665,1.2701925524746527,300,main
0.55,0.44999999999999996,3,9,3.0411365438463456,1.3207488197067945,1.0,0.007834385508964328,0,0.0026028776771217493,1.549826868910753,0.05166089563035843,1,0.705,1.26889973047963,300,main
0.55,0.44999999999999996,3,10,3.1876562663855283,1.384381526695557,0.9966666666666667,0.0363722829003643,0,0.003340791812115485,1.6367757971809949,0.05455919323936649,1,0.685,1.264587632726206,300,main
0.55,0.44999999999999996,3,11,3.055430703785482,1.326956694491804,1.0,0.024568648394743178,0,0.002373365592465362,1.7224822478228152,0.05741607492742717,1,0.66,1.2712755482099931,300,main
0.55,0.44999999999999996,3,12,3.143186977178844,1.365068759778934,1.0,0.011725116273585046,0,0.001998426734346437,1.5322070829075773,0.05107356943025257,1,0.71,1.2706946171501128,300,main
0.55,0.44999999999999996,3,13,2.970566210338757,1.2901005132783765,0.9966666666666667,0.032074895494803204,0,0.003185281668649575,1.577969832473558,0.05259899441578526,1,0.725,1.2666299027775836,300,main
0.55,0.44999999999999996,3,14,2.9895841771550535,1.2983599113237134,0.9833333333333333,0.06820242686581153,0,0.001961944878049765,1.6658460278927145,0.05552820092975714,1,0.695,1.2806820032944919,300,main
0.55,0.44999999999999996,3,15,3.1180502025960686,1.3541519972847889,0.9966666666666667,0.02987176264716568,0,0.001826874313625505,1.5939320868719742,0.05313106956239913,1,0.745,1.2753476836807316,300,main
0.55,0.44999999999999996,3,16,3.1699670552604218,1.3766991999147016,1.0,0.01258173679575719,0,0.002374980295320007,1.53869827040079,0.051289942346693,1,0.7,1.271530522258282,300,main
0.55,0.44999999999999996,3,17,3.0329505755188437,1.3171936988331259,0.9966666666666667,0.015048923972638246,0,0.002895523934566213,1.556934014622774,0.05189780048742579,1,0.69,1.266078770019208,300,main
0.55,0.44999999999999996,3,18,3.0328352648788024,1.3171436200584508,0.9966666666666667,0.05883583171383495,0,0.0020345948997996174,1.7314009660238106,0.05771336553412701,1,0.76,1.2777946116495174,300,main
0.55,0.44999999999999996,3,19,3.020553194357436,1.311809584604675,0.98,0.10927242020055744,0,0.0013829608276549538,1.8029802662179295,0.06009934220726431,1,0.725,1.2901976962919592,300,main
0.55,0.44999999999999996,4,0,3.017158260307678,1.3103351834804395,0.9933333333333333,0.0461005421124111,0,0.0005560357537966413,1.2194319347860139,0.04064773115953379,1,0.425,1.2866248424713707,300,main
0.55,0.44999999999999996,4,1,3.1891664549022827,1.385037393235017,0.9766666666666667,0.11157879613712804,0,0.0007898925344498051,0.7217151597683269,0.02405717199227756,1,0.44,1.276038936474375,300,main
0.55,0.44999999999999996,4,2,2.979500145438521,1.2939804719938859,1.0,0.04670189930401471,0,0.0010502387071082268,2.003191964765688,0.0667730654921896,1,0.7,1.2878738585184732,300,main
0.55,0.44999999999999996,4,3,3.1957049143022607,1.3878770100725761,0.9833333333333333,0.03516613655244186,0,0.001182988890182271,1.9729771089818493,0.0657659036327283,1,0.73,1.2920562525874897,300,main
0.55,0.44999999999999996,4,4,2.9167387327653707,1.266723536793484,0.9966666666666667,0.0733492937848813,0,0.0016986519122107317,2.0840088773757035,0.06946696257919012,1,0.365,1.2806864272321212,300,main
0.55,0.44999999999999996,4,5,3.1705251114037796,1.376941560618354,0.9933333333333333,0.02282199167844341,0,0.0008243512422850072,1.4677456003348188,0.04892485334449395,1,0.655,1.2953430434317894,300,main
0.55,0.44999999999999996,4,6,3.2794595740687047,1.4242511966428273,1.0,0.006256509385249136,0,0.0006850413598843176,1.7028676230807616,0.05676225410269204,1,0.695,1.2896052755568408,300,main
0.55,0.44999999999999996,4,7,3.3951425212573905,1.4744916622571786,1.0,0.01870925018690775,0,0.0006414408426929025,1.624284045427704,0.054142801514256794,1,0.71,1.2905440508019006,300,main
0.55,0.44999999999999996,4,8,3.1136838696856346,1.3522557229956351,0.99,0.01997426955538828,0,0.0007355547493241247,1.5636679904286854,0.05212226634762284,1,0.635,1.2933428847542547,300,main
0.55,0.44999999999999996,4,9,3.2560934446096095,1.4141034155553047,1.0,0.012560142619305234,0,0.0006529929961098307,1.702592520089602,0.056753084002986724,1,0.7,1.2886616687905794,300,main
0.55,0.44999999999999996,4,10,3.13276316157409,1.3605417541814124,1.0,0.007809245016756397,0,0.0006580209814967364,1.6934778873560707,0.05644926291186902,1,0.77,1.2891593281600182,300,main
0.55,0.44999999999999996,4,11,3.17153935752455,1.3773820421118965,1.0,0.05362464717070585,0,0.0008481724877513561,1.7008394557953277,0.05669464852651091,1,0.655,1.2809052078451597,300,main
0.55,0.44999999999999996,4,12,3.053584558040785,1.3261549235820929,0.99,0.05594546497269986,0,0.0013879071974259223,2.2074984639340323,0.0735832821311344,1,0.69,1.290263073247155,300,main
0.55,0.44999999999999996,4,13,3.056620989329829,1.3274736289356026,0.9966666666666667,0.039676781489231976,0,0.0014006352953303165,1.9269498876015811,0.0642316629200527,1,0.705,1.2972240002189221,300,main
0.55,0.44999999999999996,4,14,3.161108205305091,1.3728518502630926,1.0,0.035899752022024174,0,0.0003728850185658046,1.4949101245423535,0.04983033748474511,1,0.68,1.285396552619225,300,main
0.55,0.44999999999999996,4,15,2.973513060936554,1.2913803142319933,0.99,0.0262336221790724,0,0.0008162110971876467,1.7620289563338776,0.058734298544462576,1,0.715,1.287542414655079,300,main
0.55,0.44999999999999996,4,16,3.5008596354110577,1.5204040215768522,1.0,0.01868812314513614,0,0.000702511014410657,1.694443376398752,0.056481445879958396,1,0.715,1.2895019245532984,300,main
0.55,0.44999999999999996,4,17,3.223047845947359,1.3997518944051,0.9966666666666667,0.03709890798978203,0,0.0005302610679468068,1.5045301441086845,0.050151004803622806,1,0.69,1.2890725648405739,300,main
0.55,0.44999999999999996,4,18,3.0740819313044305,1.3350568196840051,0.99,0.03974969931720198,0,0.0005276309263130279,1.5746454475489557,0.05248818158496518,1,0.695,1.2890526810717327,300,main
0.55,0.44999999999999996,4,19,3.0227354739812933,1.312757336603286,0.9966666666666667,0.07446318740240229,0,0.001534183861441222,1.728429689292793,0.05761432297642643,1,0.74,1.299487503836237,300,main
0.6,0.4,0,0,3.1460936562087363,1.36633111444228,0.9933333333333333,0.055703467906668774,0,0.0019235776296260033,0.9454155213249771,0.03151385071083256,1,0.675,1.3018147723782223,300,main
0.6,0.4,0,1,3.1791586939314835,1.380691077869192,0.9833333333333333,0.0832332154075104,0,0.005350282950101988,1.4087347353950785,0.04695782451316928,1,0.69,1.3190827525174451,300,main
0.6,0.4,0,2,3.0350282216299553,1.3180960090745293,0.9733333333333334,0.06866167474016462,0,0.002290417419197912,1.0344766588870957,0.03448255529623652,1,0.76,1.3033536613252474,300,main
0.6,0.4,0,3,3.2987061021303785,1.432609857575808,0.9933333333333333,0.02847304352826105,0,0.006724369899593831,0.996698190412304,0.03322327301374346,1,0.7,1.3182891121378337,300,main
0.6,0.4,0,4,3.196618679562638,1.3882738532829129,0.9833333333333333,0.052400365046283544,0,0.001105860555378228,0.8521340880319639,0.02840446960106546,1,0.655,1.2963554655159557,300,main
0.6,0.4,0,5,2.9636687347305934,1.2871049776826888,0.9933333333333333,0.038951611027107425,0,0.0024056068245035464,1.0584778762096403,0.03528259587365467,1,0.64,1.3062845368327514,300,main
0.6,0.4,0,6,3.1979571831006512,1.3888551579834798,1.0,0.023752848823877314,0,0.0033796950931813015,0.9855612092871502,0.032852040309571666,1,0.67,1.3083071273690428,300,main
0.6,0.4,0,7,2.5659396152971317,1.114373415820497,0.96,0.3135312055690885,0,0.04931706546951172,8.794912810052901,0.29316376033509667,0,1.0,1.362977308088066,300,main
0.6,0.4,0,8,3.0237708661550227,1.3132070017109425,1.0,0.013510276604086296,0,0.0036078974032472608,0.9952588661810702,0.033175295539369,1,0.655,1.3097548143110442,300,main
0.6,0.4,0,9,3.1428456905939886,1.3649205408983838,0.99,0.04874289573052751,0,0.004401844915304303,1.738783103074526,0.05795943676915086,1,0.69,1.3135724863703553,300,main
0.6,0.4,0,10,3.1543672376485734,1.3699242852071787,0.9966666666666667,0.02862683727968544,0,0.003731824787872092,0.9235320111027456,0.030784400370091516,1,0.735,1.3092474665609213,300,main
0.6,0.4,0,11,3.0374355480495514,1.3191414976546996,0.9966666666666667,0.0713423343023307,0,0.00442825126574619,0.8238426885180339,0.027461422950601125,1,0.685,1.3111252749478686,300,main
0.6,0.4,0,12,2.829900348415025,1.229010105652735,0.99,0.1163604521318626,0,0.009204848889120237,1.4079519094202964,0.04693173031400987,1,0.73,1.321230461923768,300,main
0.6,0.4,0,13,2.9497159547021545,1.2810453623091278,0.9733333333333334,0.07613146670730879,0,0.002787790904349323,0.778086958143509,0.025936231938116963,1,0.42,1.2992824658695608,300,main
0.6,0.4,0,14,3.0018301899243625,1.3036782870947408,0.9666666666666667,0.10166750019524931,0,0.01857120508194813,0.7442770970007007,0.02480923656669002,1,0.485,1.3174192713645043,300,main
0.6,0.4,0,15,2.94871702564148,1.280611532930264,0.9933333333333333,0.0434641274362982,0,0.0034769393737353257,0.9008909036840429,0.030029696789468093,1,0.41,1.301130076544991,300,main
0.6,0.4,0,16,3.1258388474122643,1.357534562749967,0.9966666666666667,0.04920918542259083,0,0.0022842545458124884,0.7494399837750854,0.024981332792502843,1,0.685,1.301770582254068,300,main
0.6,0.4,0,17,3.008830638851232,1.3067185434345259,0.9766666666666667,0.09141273751284805,0,0.007286405395214659,0.527025368384676,0.017567512279489196,1,0.675,1.313342624880081,300,main
0.6,0.4,0,18,2.974360896686547,1.2917485246197755,0.9966666666666667,0.058062792719722686,0,0.004778461553766076,0.7457876916935557,0.02485958972311852,1,0.42,1.307127542427673,300,main
0.6,0.4,0,19,2.6990742985754075,1.1721930741181894,0.9766666666666667,0.201488788584291,0,0.0294005739781959,2.232753808292187,0.07442512694307289,1,1.0,1.3548641380668511,300,main
0.6,0.4,1,0,3.27648060105363,1.422957445100641,0.9966666666666667,0.0376515477656008,0,0.004595376866279101,0.19968938110513368,0.006656312703504455,1,0.45,1.2739192455938642,300,main
0.6,0.4,1,1,3.1675418561846738,1.3756459493385873,1.0,0.014267640942335144,0,0.002933234006016797,0.2610226386501546,0.00870075462167182,1,0.455,1.2638951664235953,300,main
0.6,0.4,1,2,2.471549616636024,1.0733803602551226,0.9166666666666666,0.29055227721298393,0,0.03325513976717074,9.626449421900906,0.32088164739669683,0,0.64,1.3119166304540177,300,main
0.6,0.4,1,3,3.269747122093715,1.4200331323443387,0.9966666666666667,0.04447067108062297,0,0.0034759663850017666,0.23202830897113835,0.007734276965704611,1,0.415,1.2624796195893353,300,main
0.6,0.4,1,4,3.2186253257050184,1.397831218267746,0.9866666666666667,0.061454758809714544,0,0.005831153316573974,0.15789977023993318,0.005263325674664438,1,0.45,1.2692975740234895,300,main
0.6,0.4,1,5,3.119165304443099,1.3546362798637142,0.9933333333333333,0.05036621335811889,0,0.0021139055960653075,0.35429656293639034,0.011809885431213009,1,0.445,1.27900413855416,300,main
0.6,0.4,1,6,3.330553779050102,1.4464411279234815,0.9966666666666667,0.03583697762504035,0,0.003168970934126956,0.2476881229089678,0.00825627076363226,1,0.39,1.2662330747036787,300,main
0.6,0.4,1,7,3.256506991064673,1.4142830164987497,0.9866666666666667,0.07441168792051689,0,0.002824604146371903,0.3168455262416492,0.010561517541388305,1,0.475,1.282522486037829,300,main
0.6,0.4,1,8,2.7761848516262986,1.2056817618046993,0.9866666666666667,0.27027189217978065,0,0.01527640940239617,2.7872879065635345,0.09290959688545114,1,0.645,1.3207652370574912,300,main
0.6,0.4,1,9,2.986250955556945,1.2969123115766938,0.9733333333333334,0.11993410471906822,0,0.008868624576521074,0.11266568323584636,0.0037555227745282114,1,0.42,1.2566260721920186,300,main
0.6,0.4,1,10,2.8834384890163562,1.2522614246872537,0.9866666666666667,0.1321408021305761,0,0.002879980723568402,0.28059412791835436,0.009353137597278478,1,0.45,1.270131783648806,300,main
0.6,0.4,1,11,2.9583145575649623,1.2847796880845226,0.9966666666666667,0.055751896007352905,0,0.0029547819228273185,0.26595379186478696,0.008865126395492898,1,0.43,1.266656051638457,300,main
0.6,0.4,1,12,3.241906442923296,1.407942079008187,1.0,0.0238456938563609,0,0.0026353116925236413,0.2809156403001445,0.009363854676671482,1,0.435,1.2703943039916548,300,main
0.6,0.4,1,13,2.525737417738871,1.09691382326056,0.9466666666666667,0.22677270089108845,0,0.0033399364327343344,1.6685536974361481,0.05561845658120493,1,0.425,1.2882505154410016,300,main
0.6,0.4,1,14,3.045786275889928,1.322768172675651,0.99,0.04992003100854878,0,0.0031150508639741824,0.26195084537020685,0.00873169484567356,1,0.49,1.271451214222374,300,main
0.6,0.4,1,15,2.933010257246661,1.2737901700878618,0.9933333333333333,0.06353598130377983,0,0.0035071181216115455,0.2741804587680363,0.00913934862560121,1,0.43,1.2511189052079903,300,main
0.6,0.4,1,16,3.1875535895770124,1.384336934724199,0.9966666666666667,0.03959103208911655,0,0.0038941731170285595,0.2563807217539793,0.008546024058465976,1,0.4,1.2669165353968197,300,main
0.6,0.4,1,17,2.9714520375972127,1.2904852231686432,0.99,0.03200045339782894,0,0.0022525868946776865,0.38697319356146287,0.01289910645204876,1,0.725,1.273630370322575,300,main
0.6,0.4,1,18,3.1291243082352516,1.3589614202558997,0.9966666666666667,0.10711451144560989,0,0.0024649050060692014,0.3317220766101414,0.011057402553671379,1,0.415,1.2802495232277784,300,main
0.6,0.4,1,19,3.1818950060820446,1.3818794431369457,0.9966666666666667,0.10077749888738957,0,0.00399664942130014,0.2656088316273175,0.008853627720910582,1,0.43,1.2714218452145887,300,main
0.6,0.4,2,0,2.731604546793413,1.1863207814142123,0.9633333333333334,0.19800169067957563,0,0.018038636713413207,2.4410013839058555,0.08136671279686183,1,0.685,1.341152863527165,300,main
0.6,0.4,2,1,3.1261021692071607,1.3576489219524555,0.98,0.11252515037894786,0,0.009726082905470237,0.39398773314124336,0.013132924438041444,1,0.415,1.3090858085150407,300,main
0.6,0.4,2,2,2.886137484101486,1.2534335833594092,0.9966666666666667,0.06705569786278288,0,0.0005358206103722495,0.9911168748322485,0.033037229161074946,1,0.425,1.2825893427926174,300,main
0.6,0.4,2,3,3.093740801398197,1.343594558486181,0.9833333333333333,0.03652912588334564,0,0.00013430007757701335,0.830159541888148,0.02767198472960493,1,0.715,1.2836564488028062,300,main
0.6,0.4,2,4,2.831891227792644,1.22987473358057,0.9866666666666667,0.18389805044468238,0,0.003951128914295648,0.9533153851191967,0.03177717950397322,1,0.715,1.308335741605114,300,main
0.6,0.4,2,5,3.2614806278099793,1.4164430394922272,0.9966666666666667,0.02029428027469854,0,0.0008238330111362789,1.3321179589623866,0.04440393196541288,1,0.425,1.286544421411859,300,main
0.6,0.4,2,6,2.8026314549966456,1.2171673757135248,0.9633333333333334,0.14488854885076075,0,0.0018998002366782188,0.9529389256547338,0.03176463085515779,1,0.41,1.2968896415031925,300,main
0.6,0.4,2,7,2.89915875409194,1.2590886490636357,0.9666666666666667,0.25499204906801703,0,0.005525490984163363,3.698748012986991,0.12329160043289968,1,0.685,1.308445782162776,300,main
0.6,0.4,2,8,3.0008659489771197,1.3032595225721282,0.9566666666666667,0.10765505133088771,0,0.007489509932943467,1.9423024149821666,0.06474341383273888,1,0.36,1.2773873699622387,300,main
0.6,0.4,2,9,3.262617261553837,1.4169366732551294,0.9833333333333333,0.06287696466806207,0,0.0012526210877580463,1.6212708858406255,0.05404236286135418,1,0.725,1.2969732232273283,300,main
0.6,0.4,2,10,3.1915001293305245,1.3860508951617612,0.9733333333333334,0.11226384235712478,0,0.01235253170752696,1.4377296811273088,0.04792432270424362,1,0.46,1.2906873220378203,300,main
0.6,0.4,2,11,3.2407278362440306,1.4074302166310475,0.9766666666666667,0.08670029484650947,0,0.009240343434030879,0.5293134066105598,0.01764378022035199,1,0.45,1.241200359434184,300,main
0.6,0.4,2,12,3.0652031889103957,1.3312008308560357,0.9933333333333333,0.0640598579097779,0,0.00041577392086529323,0.769572289975784,0.025652409665859462,1,0.685,1.2870593937651873,300,main
0.6,0.4,2,13,3.12944346921347,1.3591000301075788,0.9933333333333333,0.11982393361076675,0,0.0009618068658105178,1.3367615766485375,0.04455871922161791,1,0.515,1.2870222817122048,300,main
0.6,0.4,2,14,2.9699229533488913,1.2898211503172323,0.9966666666666667,0.06497464979781337,0,0.000446311868164709,0.9141247403080033,0.030470824676933437,1,0.435,1.2814340792867223,300,main
0.6,0.4,2,15,3.1939483784786566,1.3871141562571194,0.9966666666666667,0.017337670607566517,0,0.0003482065368434177,1.1525407208875293,0.03841802402958431,1,0.41,1.2763864815541317,300,main
0.6,0.4,2,16,2.5568769744939117,1.1104375609281874,0.9366666666666666,0.279882076271714,0,0.017794132253591097,5.109121356174589,0.17030404520581963,1,0.7,1.29868740380634,300,main
0.6,0.4,2,17,2.9803776654546654,1.294361574094657,0.99,0.06452476795429685,0,0.0006545471790380883,0.8506057315126825,0.028353524383756077,1,0.505,1.2872662358712894,300,main
0.6,0.4,2,18,3.083087537743468,1.3389679048666718,0.99,0.058408793185825585,0,0.002089835567832387,1.5090954136519397,0.05030318045506465,1,0.4,1.2965110653188687,300,main
0.6,0.4,2,19,2.598561241093779,1.1285408078946937,0.9166666666666666,0.24567209270766688,0,0.02240970279405543,4.54521836651759,0.15150727888391963,1,0.69,1.3478296085670247,300,main
0.6,0.4,3,0,3.035984166902827,1.318511170831539,0.97,0.12177600933404088,0,0.02059150468718151,5.8313986570433185,0.19437995523477725,1,0.65,1.2925281246164715,300,main
0.6,0.4,3,1,3.25523595622592,1.4137310130819725,0.9966666666666667,0.04176782300633993,0,0.0014336760017602274,1.7493450801595645,0.058311502671985475,1,0.68,1.2797315939889002,300,main
0.6,0.4,3,2,3.2237200324485027,1.4000438212933564,0.98,0.048957343487322016,0,0.0024911402318092447,1.1112995858915065,0.03704331952971688,1,0.74,1.2657049422761462,300,main
0.6,0.4,3,3,3.0635970384034446,1.3305032885537604,0.9966666666666667,0.055446785167231984,0,0.0015054086430190067,1.751525552552663,0.058384185085088754,1,0.75,1.284066456169623,300,main
0.6,0.4,3,4,3.061347144612256,1.329526172095379,0.9966666666666667,0.024356603319324852,0,0.0025896606873341624,1.6323585682758102,0.054411952275860334,1,0.7,1.2716526703857065,300,main
0.6,0.4,3,5,3.108895047436704,1.3501759639181088,0.9933333333333333,0.057128434107986646,0,0.0018070065095529301,1.3603002071042536,0.045343340236808444,1,0.735,1.2824221819692287,300,main
0.6,0.4,3,6,3.0801588289280843,1.3376959827890489,0.99,0.03770558170604658,0,0.008139279794215883,2.0928942300512565,0.06976314100170854,1,0.68,1.2445035963825029,300,main
0.6,0.4,3,7,2.821766229087059,1.2254775025134568,0.96,0.13539890141567498,0,0.010691210840203677,4.22598204722206,0.1408660682407353,1,0.65,1.3267267043211646,300,main
0.6,0.4,3,8,3.0070255472924545,1.3059346021312188,1.0,0.05432148775806162,0,0.0020607335075135246,1.6439024014218817,0.05479674671406271,1,0.665,1.2700799443339745,300,main
0.6,0.4,3,9,3.111522628602366,1.3513171079191086,0.99,0.046927003140752474,0,0.0008752098504801638,1.5446126677154504,0.05148708892384834,1,0.705,1.2764837245275658,300,main
0.6,0.4,3,10,3.2063541726605234,1.3925019242139316,0.99,0.03968616272072186,0,0.004560584303739037,1.7314638633038448,0.05771546211012815,1,0.685,1.2676302364851273,300,main
0.6,0.4,3,11,3.0969161963824647,1.3449736150057119,0.9933333333333333,0.050817691228008194,0,0.0013998884146626204,1.363634214139131,0.0454544738046377,1,0.66,1.2791671321581495,300,main
0.6,0.4,3,12,3.30759534375597,1.436470406162107,0.9933333333333333,0.028101536766139728,0,0.0011670144346357554,1.3175529415498377,0.043918431384994586,1,0.71,1.2788026037162117,300,main
0.6,0.4,3,13,2.9282772995218265,1.2717346726648848,0.9866666666666667,0.08470649781289843,0,0.0022319042297907106,1.4659564248014678,0.04886521416004892,1,0.725,1.2897969995566365,300,main
0.6,0.4,3,14,3.4414530543265567,1.4946040712231152,0.9966666666666667,0.010537214716905885,0,0.002135377339545967,1.5124963398217173,0.0504165446607239,1,0.695,1.2669443096525335,300,main
0.6,0.4,3,15,2.680207459670807,1.1639993100909636,0.9,0.3007251541889083,0,0.07257909002923167,15.256273808348192,0.508542460278273,0,0.745,1.318631475201613,300,main
0.6,0.4,3,16,3.199553409648269,1.389548390364978,0.9933333333333333,0.08712537266504797,0,0.0017399366660847508,0.8833552855249616,0.02944517618416538,1,0.7,1.3000029160440318,300,main
0.6,0.4,3,17,3.098135028755702,1.3455029471797735,1.0,0.015369814437141575,0,0.0018048659915789675,1.541174702262349,0.05137249007541163,1,0.69,1.2729722091323332,300,main
0.6,0.4,3,18,3.0572013882277775,1.327725692974285,0.9966666666666667,0.02006513373663703,0,0.001838046630311575,1.5766530039517779,0.05255510013172592,1,0.76,1.2754919697370521,300,main
0.6,0.4,3,19,2.9954949744825363,1.3009269379866875,0.9866666666666667,0.07641544063564733,0,0.0025180313217522134,1.8316534187571454,0.0610551139585715,1,0.725,1.2952517368124352,300,main
0.6,0.4,4,0,3.26085959203075,1.4161733270802437,0.9933333333333333,0.054947664415442625,0,0.0004839648389580557,1.256144451482305,0.041871481716076825,1,0.745,1.2923165323281691,300,main
0.6,0.4,4,1,3.234760758212501,1.4048387475688677,0.9933333333333333,0.018758382068658482,0,0.0008858230114999303,1.8148190272392395,0.06049396757464131,1,0.685,1.2909858754162196,300,main
0.6,0.4,4,2,3.3153804480662683,1.439851434005111,1.0,0.008680527181357199,0,0.0005933056150901027,1.6336988316144885,0.054456627720482945,1,0.7,1.2892244671603532,300,main
0.6,0.4,4,3,3.03687277165239,1.318897086970867,0.9933333333333333,0.08858493363387543,0,0.0020227874516880358,1.5382277704936442,0.0512742590164548,1,0.73,1.3044570145216277,300,main
0.6,0.4,4,4,3.0942438890411212,1.3438130466734166,0.9966666666666667,0.06166013683102122,0,0.0001720550125686197,0.9429442472785821,0.031431474909286064,1,0.635,1.2868161726456915,300,main
0.6,0.4,4,5,3.117390634124034,1.353865550336947,1.0,0.021091391237867803,0,0.0005235557348457136,1.5905102821035744,0.05301700940345247,1,0.655,1.288068293815202,300,main
0.6,0.4,4,6,3.173341242573005,1.3781645908454643,1.0,0.03776840866880659,0,0.000654754880697596,1.6159300686679146,0.05386433562226381,1,0.695,1.291082939570595,300,main
0.6,0.4,4,7,3.078364592156759,1.3369167556600345,1.0,0.013176192930438781,0,0.0006749012047717203,1.6604654724486578,0.055348849081621916,1,0.71,1.2903063943415907,300,main
0.6,0.4,4,8,3.230234567849567,1.402873048070202,0.99,0.04324152934704421,0,0.0014559662097363858,1.74072595646661,0.05802419854888699,1,0.635,1.2984811628336415,300,main
0.6,0.4,4,9,3.3167740255549045,1.44045665701853,0.9966666666666667,0.025008659412113863,0,0.0005583996609240785,1.6742638763286133,0.055808795877620436,1,0.7,1.2851403788782525,300,main
0.6,0.4,4,10,3.0134729689000386,1.308734681757896,1.0,0.04472165472668896,0,0.0011535135998967288,1.8400900736767367,0.061336335789224546,1,0.77,1.2953782898906119,300,main
0.6,0.4,4,11,2.6872888552914342,1.1670747211331762,0.93,0.24136967965418663,0,0.06749164708435042,0.9684798482285095,0.03228266160761698,1,1.0,1.3563442748911754,300,main
0.6,0.4,4,12,3.2883111925827286,1.4280954057193802,0.9966666666666667,0.023586966732405953,0,0.0007558480375256683,1.5842884539280067,0.052809615130933546,1,0.69,1.2929268386123138,300,main
0.6,0.4,4,13,3.1311346569666627,1.3598345036166526,0.9966666666666667,0.0386872887809587,0,0.0005019805742759844,1.4759833678056666,0.04919944559352221,1,0.705,1.2894529221142965,300,main
0.6,0.4,4,14,2.870443291439055,1.2466176820881893,0.9933333333333333,0.17607944569341274,0,0.009433963690950483,3.2935389027666186,0.1097846300922206,1,0.68,1.3197433966917882,300,main
0.6,0.4,4,15,3.07762730254412,1.336596554849701,0.9933333333333333,0.050182671880070334,0,0.0004403739920386167,1.4500322594540593,0.048334408648468635,1,0.715,1.2874862414365342,300,main
0.6,0.4,4,16,2.896686563564659,1.2580149903594242,0.9866666666666667,0.12239975274421006,0,0.0023305406327235236,2.3286962456233686,0.0776232081874456,1,0.715,1.2888994858432692,300,main
0.6,0.4,4,17,3.038274246084524,1.3195057395832712,0.9933333333333333,0.061578895841548006,0,0.00019150061588406537,1.06013160764043,0.035337720254680995,1,0.69,1.2858219838984117,300,main
0.6,0.4,4,18,3.134897050495549,1.3614684903649967,1.0,0.027937792350770773,0,0.0005140468034901288,1.6213913733309215,0.05404637911103071,1,0.695,1.2868617099611293,300,main
0.6,0.4,4,19,2.5592497542256214,1.1114680460724409,0.9466666666666667,0.29473171263832026,0,0.03692164559927602,3.9089526831762536,0.13029842277254175,1,1.0,1.3551561951283655,300,main
0.65,0.35,0,0,2.6868335214602057,1.1668769721628494,0.84,0.25348249751806606,0,0.06981643131478397,9.933970333623105,0.33113234445410344,0,0.42,1.2973412227666126,300,main
0.65,0.35,0,1,2.6007032363227927,1.1294710646029174,0.9433333333333334,0.2240544881457707,0,0.022012187332274863,6.703295000517922,0.22344316668393072,0,0.42,1.3111126362332848,300,main
0.65,0.35,0,2,3.1937912687515233,1.3870459243695719,0.9866666666666667,0.08322119076234259,0,0.0048681138323551434,1.8806887016711127,0.06268962338903708,1,0.76,1.3164450554055138,300,main
0.65,0.35,0,3,3.3058917351697716,1.4357305383537982,1.0,0.025317549223533242,0,0.002966475329327485,0.9056647880516966,0.03018882626838988,1,0.7,1.3054627516993893,300,main
0.65,0.35,0,4,3.04582544362634,1.3227851830074433,0.99,0.09605470261778179,0,0.008990402703806105,0.6554959407590821,0.021849864691969402,1,0.39,1.2985726473148909,300,main
0.65,0.35,0,5,2.483979974079618,1.0787787959009605,0.9266666666666666,0.33171697624798496,0,0.022473055883401226,0.8660420349327125,0.028868067831090412,1,0.64,1.3296687276139525,300,main
0.65,0.35,0,6,2.9780990611291367,1.293371988809639,0.9866666666666667,0.16009517455053204,0,0.0021132578948716667,0.617263682198288,0.020575456073276262,1,0.67,1.2941133391657365,300,main
0.65,0.35,0,7,2.965740543425926,1.288004752766631,0.9833333333333333,0.10165856392444228,0,0.009100162179471849,0.3132156720973389,0.01044052240324463,1,0.43,1.3046481426699548,300,main
0.65,0.35,0,8,3.083730787972167,1.3392472648914788,1.0,0.06570850837634278,0,0.003832755818963283,1.3160117029404284,0.04386705676468094,1,0.655,1.3111911208928608,300,main
0.65,0.35,0,9,2.7072215577014034,1.1757313837992451,0.9233333333333333,0.18857265092302813,0,0.03398383340708973,0.5205128429879524,0.01735042809959841,1,0.455,1.3291895241521876,300,main
0.65,0.35,0,10,3.0078493285067056,1.3062923657668635,0.97,0.13835512039859033,0,0.007103298860855409,3.2896175464997457,0.10965391821665817,1,0.735,1.3173579602767789,300,main
0.65,0.35,0,11,2.8866372069261677,1.2536506102246499,0.98,0.11839297501804054,0,0.005055856234541717,0.7924880386876609,0.02641626795625536,1,0.685,1.3101575076529963,300,main
0.65,0.35,0,12,2.3840944153542525,1.035399048924711,0.9366666666666666,0.32121462574004284,0,0.08271934171705386,1.1812112055189672,0.03937370685063223,1,1.0,1.3563308116996446,300,main
0.65,0.35,0,13,2.456568154738765,1.066873994022299,0.7366666666666667,0.3073183694458433,0,0.1625353824168304,19.395097376043914,0.6465032458681305,0,0.53,1.2996778284283463,300,main
0.65,0.35,0,14,3.0313449292851713,1.316496375533953,0.99,0.09904143912954096,0,0.011118927783589902,1.0582544242035474,0.035275147473451576,1,0.485,1.3130664726794916,300,main
0.65,0.35,0,15,2.99655637507626,1.3013878984076301,0.9733333333333334,0.10662481642128303,0,0.01443961463996455,2.4257095282789463,0.08085698427596487,1,0.71,1.3360835987918174,300,main
0.65,0.35,0,16,3.0239853584101337,1.3133001545137484,0.9833333333333333,0.09853632458661311,0,0.00803825207997231,0.9143483339520753,0.030478277798402505,1,0.685,1.3188987681836148,300,main
0.65,0.35,0,17,3.0714122113070257,1.333897375020906,0.9866666666666667,0.08662404818903453,0,0.003148491119778749,1.2452787478463456,0.04150929159487818,1,0.675,1.3052930628453199,300,main
0.65,0.35,0,18,3.1345231244975933,1.3613060963674446,0.9566666666666667,0.09233524738938598,0,0.0020041441278920522,2.148927078247942,0.07163090260826473,1,0.74,1.2701332093109416,300,main
0.65,0.35,0,19,3.0658637024716247,1.3314876882508992,0.9966666666666667,0.05042192589312013,0,0.004419566256524458,0.7788805225987017,0.025962684086623385,1,0.725,1.3111542395536129,300,main
0.65,0.35,1,0,3.106482257572642,1.3491281025941546,0.99,0.06919055835211213,0,0.004041787028664591,0.2113234433285316,0.007044114777617718,1,0.45,1.2711591279647454,300,main
0.65,0.35,1,1,3.1302086037229384,1.3594323238029549,0.99,0.04489246637629164,0,0.002458521116230281,0.31131641721914294,0.010377213907304762,1,0.455,1.2655602429287447,300,main
0.65,0.35,1,2,2.9912480542045414,1.2990825239448713,0.9933333333333333,0.06243535140989075,0,0.0034061132128576904,0.28365502424609335,0.009455167474869778,1,0.345,1.279351425409996,300,main
0.65,0.35,1,3,2.991650695078586,1.2992573886546575,0.9866666666666667,0.04824165992578945,0,0.0024396802269422988,0.3321412612457164,0.011071375374857213,1,0.415,1.2663785976329058,300,main
0.65,0.35,1,4,3.2518853575958495,1.4122758665858601,0.9933333333333333,0.054315966446147425,0,0.0036102296011692884,0.24247407470279203,0.008082469156759734,1,0.45,1.261001441325089,300,main
0.65,0.35,1,5,2.9755241752161083,1.2922537300660806,1.0,0.06701758300650716,0,0.0021439535763786047,0.31637447673564245,0.01054581589118808,1,0.445,1.271630535794201,300,main
0.65,0.35,1,6,3.0096985540338665,1.307095474209104,0.9866666666666667,0.16777190574853976,0,0.00793716359756105,0.10797889955387885,0.003599296651795961,1,0.39,1.24991597273418,300,main
0.65,0.35,1,7,2.88456402197477,1.252750237440293,0.9866666666666667,0.08803699867942051,0,0.002477878280297386,0.46383637305012493,0.015461212435004161,1,0.665,1.2802651781509902,300,main
0.65,0.35,1,8,2.6752826792961364,1.1618605051496589,0.9666666666666667,0.16918202115483724,0,0.027243513868780052,0.06228184141982007,0.002076061380660669,1,0.19,1.2895389791417755,300,main
0.65,0.35,1,9,3.166440160200937,1.3751674888521155,0.99,0.030193086013811238,0,0.002783718765173058,0.2801713931416372,0.009339046438054572,1,0.42,1.2593988249886225,300,main
0.65,0.35,1,10,2.932100689164902,1.2733951496890386,0.9933333333333333,0.12995321259338022,0,0.002388556491057063,0.4394518680484072,0.014648395601613571,1,0.45,1.2824864627675352,300,main
0.65,0.35,1,11,2.7117992662084482,1.1777194573436165,0.9233333333333333,0.2757963280910715,0,0.019481534363635103,1.336635486451132,0.044554516215037726,1,0.71,1.3444707798377857,300,main
0.65,0.35,1,12,3.3583667796041565,1.4585201605892792,0.9966666666666667,0.051263155405027884,0,0.002463394406409784,0.30136064799866635,0.010045354933288876,1,0.435,1.2639884243167172,300,main
0.65,0.35,1,13,2.6070628310219353,1.132233001487896,0.91,0.2896040137490964,0,0.006790023153723677,0.7836648903807475,0.02612216301269158,1,0.425,1.255380256664085,300,main
0.65,0.35,1,14,3.187470823817458,1.384300990011534,0.9933333333333333,0.04456843206141019,0,0.004789109582142598,0.19630086948280168,0.006543362316093388,1,0.49,1.2740727634483975,300,main
0.65,0.35,1,15,2.9907175059607005,1.2988521097701877,0.9566666666666667,0.12024276397046438,0,0.00841260861606752,0.18794860236699407,0.006264953412233135,1,0.68,1.2599267531999125,300,main
0.65,0.35,1,16,3.081257297865259,1.3381730417870061,0.9766666666666667,0.07450426855887823,0,0.006893672061092215,0.16991868968337376,0.005663956322779124,1,0.4,1.2825074130661376,300,main
0.65,0.35,1,17,3.0545187282405157,1.3265606285449942,1.0,0.013780870042161155,0,0.0028674437377221424,0.2632520053892917,0.008775066846309723,1,0.45,1.2652048355928138,300,main
0.65,0.35,1,18,2.811814285001436,1.2211554281128612,0.9833333333333333,0.23378036416309603,0,0.004546572908384519,0.8788752640983666,0.029295842136612214,1,0.645,1.3129488256416564,300,main
0.65,0.35,1,19,3.1078642943824795,1.349728313554454,0.99,0.030966878230692944,0,0.0018153600381918748,0.3490741690888366,0.01163580563629455,1,0.43,1.265549851717429,300,main
0.65,0.35,2,0,2.9226370987472605,1.2692851645916645,0.9866666666666667,0.08636889058252731,0,0.0011605709528094222,1.2554259721227534,0.041847532404091774,1,0.41,1.2786695901988259,300,main
0.65,0.35,2,1,2.7634401770634827,1.2001468199684155,1.0,0.13189887957951532,0,0.00681795764100198,1.87350588711942,0.06245019623731399,1,0.665,1.3161304773666573,300,main
0.65,0.35,2,2,3.189768961593773,1.385299058566441,0.9966666666666667,0.1047784550022764,0,0.00040343715093678345,1.0860351101954935,0.03620117033984978,1,0.67,1.2915312553406313,300,main
0.65,0.35,2,3,2.7444050622463796,1.1918799746409527,0.9666666666666667,0.13054746508082338,0,0.0009792060646438656,0.523787534126291,0.017459584470876362,1,0.385,1.2789615862291155,300,main
0.65,0.35,2,4,3.1001379307198325,1.346372796450589,0.9866666666666667,0.11594397435441148,0,0.001350297911335589,2.000276916010452,0.06667589720034837,1,0.715,1.2951134470230332,300,main
0.65,0.35,2,5,2.8210276310948683,1.2251567334811033,0.9533333333333334,0.14453436399007757,0,0.026123928645775646,0.29151949081581696,0.009717316360527231,1,0.425,1.3289159757057503,300,main
0.65,0.35,2,6,2.7368335988282086,1.188591729858509,0.99,0.14653737773127054,0,0.008237530435368703,2.8938969004908777,0.09646323001636257,1,0.65,1.3131505540683448,300,main
0.65,0.35,2,7,3.098985547608711,1.3458723228243905,0.9566666666666667,0.13123191756581093,0,0.010442051043542601,0.7850663785106682,0.026168879283688936,1,0.685,1.2960913375321328,300,main
0.65,0.35,2,8,2.931546418878788,1.2731544331622964,0.9566666666666667,0.15100492418340072,0,0.001479143853882597,1.7649430983480763,0.05883143661160253,1,0.645,1.282477618970719,300,main
0.65,0.35,2,9,2.7488590070010863,1.1938142982706241,0.8666666666666667,0.26748908947947553,0,0.017690010740311585,2.0947346633444552,0.0698244887781485,1,0.725,1.2534296971322463,300,main
0.65,0.35,2,10,2.5368902736337757,1.1017574470331795,0.7933333333333333,0.3250138108395031,0,0.14383512977972085,1.087519614823812,0.03625065382746039,1,0.775,1.2900884348240904,300,main
0.65,0.35,2,11,3.2628659183891804,1.417044663546607,0.99,0.060868169044944145,0,0.0004547949056023558,1.2994875652176607,0.043316252173922015,1,0.66,1.2887875914666798,300,main
0.65,0.35,2,12,2.871519224740168,1.2470849539837585,0.9933333333333333,0.12968931281250456,0,0.002612440236094794,0.2795566277342898,0.009318554257809659,1,0.43,1.2698768836796446,300,main
0.65,0.35,2,13,2.9585766672329745,1.2848935208669938,0.99,0.08775244987343168,0,0.0007096269983829968,1.7867188946283807,0.05955729648761268,1,0.74,1.2863791428678677,300,main
0.65,0.35,2,14,2.960495752953293,1.2857269692056275,0.9266666666666666,0.1508530663031851,0,0.01746641986725351,0.7890499115197402,0.02630166371732467,1,0.665,1.301474725643467,300,main
0.65,0.35,2,15,2.8577373963731283,1.2410995819734152,0.9566666666666667,0.16970176305667364,0,0.010487942484901,4.47911210735521,0.14930373691184032,1,0.715,1.3149460792055898,300,main
0.65,0.35,2,16,2.9824558999965918,1.2952641398883165,0.96,0.12218868624654342,0,0.0063691357533921765,2.2911363978587285,0.0763712132619576,1,0.7,1.3156286852206787,300,main
0.65,0.35,2,17,2.8822642645405003,1.2517514654768738,0.9666666666666667,0.17339305189426704,0,0.007317141690533821,4.683269322880223,0.15610897742934077,1,0.74,1.286173837796347,300,main
0.65,0.35,2,18,2.925494543207904,1.270526136953267,0.96,0.11698712228286548,0,0.011517414103979651,0.38331616084247844,0.012777205361415946,1,0.4,1.2321482882842623,300,main
0.65,0.35,2,19,2.8989785559544896,1.259010390006892,0.98,0.061909842073659696,0,0.00016594584510613592,0.8476877473361122,0.028256258244537067,1,0.445,1.2729171288666938,300,main
0.65,0.35,3,0,3.1877505866957003,1.3844224894857962,0.9966666666666667,0.10434560618329924,0,0.004026005680620049,0.9784769595769571,0.032615898652565235,1,0.65,1.2560149318454803,300,main
0.65,0.35,3,1,2.9736634487786104,1.2914456268419434,0.99,0.08039887071918099,0,0.003780564202983873,1.9068565467161902,0.06356188489053967,1,0.68,1.271305600097441,300,main
0.65,0.35,3,2,3.1845821652411384,1.383046461531736,0.9933333333333333,0.055971209399462346,0,0.0015201548841961773,1.4847378963491642,0.0494912632116388,1,0.74,1.2734869062271936,300,main
0.65,0.35,3,3,2.877445499384556,1.2496587023600594,0.9733333333333334,0.1735279349506081,0,0.008894834214798055,3.667762384628359,0.12225874615427862,1,0.75,1.3238005774405321,300,main
0.65,0.35,3,4,3.136733623568434,1.3622661039161628,0.9866666666666667,0.07431001003469535,0,0.008078972170007928,2.203488873724474,0.07344962912414912,1,0.7,1.2457868491342114,300,main
0.65,0.35,3,5,2.7980820536806514,1.2151915958260253,0.9666666666666667,0.19356023803153516,0,0.004221929790777856,1.335145005789512,0.04450483352631706,1,0.735,1.3148776269212465,300,main
0.65,0.35,3,6,3.0959178141483013,1.3445400231105842,0.9933333333333333,0.10655444037015863,0,0.0009672321316595688,1.0898469998668059,0.036328233328893525,1,0.68,1.2752480283241798,300,main
0.65,0.35,3,7,2.759713203421895,1.1985282158816752,0.9233333333333333,0.23076872045843,0,0.01688914978972056,0.0747515814415678,0.0024917193813855927,1,0.4,1.2829208706885846,300,main
0.65,0.35,3,8,2.398923061746091,1.0418390482267812,0.71,0.36310774365480447,0,0.16206887996324645,16.142013864805822,0.5380671288268606,0,1.0,1.3756938496132831,300,main
0.65,0.35,3,9,2.9799306727250565,1.294167447618737,0.9933333333333333,0.07674185023780054,0,0.0024121876844602624,0.6283417520581647,0.020944725068605487,1,0.705,1.2643542133682608,300,main
0.65,0.35,3,10,2.913887167073625,1.2654851175487742,0.9966666666666667,0.05791988329822859,0,0.0016284931957472673,1.1900062633754427,0.039666875445848085,1,0.685,1.2781396539072916,300,main
0.65,0.35,3,11,2.977450168273584,1.2930901782231259,0.9866666666666667,0.06341914055392268,0,0.0019907952640136634,0.6636388476560229,0.022121294921867426,1,0.66,1.2672495317722767,300,main
0.65,0.35,3,12,3.0513377610396355,1.325179152042537,0.9966666666666667,0.04205751348567036,0,0.0028166411253393708,1.5434992844007345,0.05144997614669114,1,0.71,1.2737863664536104,300,main
0.65,0.35,3,13,2.7642829687802353,1.2005128397603952,0.9466666666666667,0.2597608501330048,0,0.003147814298246874,2.0728838124652538,0.06909612708217512,1,0.725,1.2887892740616902,300,main
0.65,0.35,3,14,2.9622824760708015,1.2865029331962505,0.9933333333333333,0.13093756186552225,0,0.0012817166043997139,1.0996908174067122,0.036656360580223736,1,0.695,1.281239247247354,300,main
0.65,0.35,3,15,2.961251894966739,1.2860553575096025,0.98,0.11011275770876047,0,0.0007673141768918474,0.7910624573522151,0.026368748578407167,1,0.745,1.2833290023502477,300,main
0.65,0.35,3,16,3.0710781577259825,1.3337522973939984,0.9866666666666667,0.07323209143861303,0,0.003723721463200224,1.4106941473804535,0.04702313824601511,1,0.7,1.2678006764416527,300,main
0.65,0.35,3,17,3.1710227637375654,1.3771576882808236,0.99,0.07289001019534572,0,0.0018679650280434557,1.1611448664540558,0.03870482888180186,1,0.69,1.2591600356559045,300,main
0.65,0.35,3,18,2.917950089887212,1.2672496225071137,0.9866666666666667,0.11008990702329148,0,0.0019447911179450474,1.7937607672783296,0.05979202557594431,1,0.76,1.2813228967572214,300,main
0.65,0.35,3,19,3.2459662560446594,1.4097052334443532,0.9933333333333333,0.039573607397699516,0,0.002115524866694283,1.6133858543485646,0.05377952847828548,1,0.725,1.2708065404425135,300,main
0.65,0.35,4,0,2.8345700595691223,1.2310381354390416,0.99,0.155490566743598,0,0.0063471552166206036,0.6925499046184502,0.023084996820615003,1,0.745,1.3127347925270947,300,main
0.65,0.35,4,1,2.863912652049816,1.2437814614381424,0.9366666666666666,0.16745666533101067,0,0.010708959914195548,6.321133841943433,0.21070446139811438,0,0.685,1.291266614769574,300,main
0.65,0.35,4,2,2.949099714545229,1.2807777326094478,0.99,0.14778010179130016,0,0.006023532445801106,1.4239745876909016,0.047465819589696714,1,0.7,1.3150725303410813,300,main
0.65,0.35,4,3,2.9310144405010314,1.2729233978883447,0.9733333333333334,0.1605185243636617,0,0.002351347301257337,1.9736649988005728,0.06578883329335242,1,0.435,1.2937617811348587,300,main
0.65,0.35,4,4,3.170232858162724,1.3768146366484453,0.9833333333333333,0.06722832181245031,0,0.0031334365561207222,1.5995273905253127,0.05331757968417708,1,0.635,1.304231528653863,300,main
0.65,0.35,4,5,2.818263690695151,1.2239563694171969,0.9833333333333333,0.13238881855910545,0,0.012367050196484118,3.553663942158952,0.11845546473863172,1,0.655,1.325261517812545,300,main
0.65,0.35,4,6,3.1169193643797324,1.3536608804875088,0.99,0.05044498917554526,0,0.0013415994303324639,1.6992574830025753,0.056641916100085836,1,0.695,1.2810258069654135,300,main
0.65,0.35,4,7,3.311637283914284,1.4382257984690456,0.98,0.08027806909497763,0,0.001570658922956051,1.5661511607821754,0.052205038692739174,1,0.71,1.2824159529355206,300,main
0.65,0.35,4,8,2.6304183707645725,1.1423761835199957,0.9566666666666667,0.212877179525204,0,0.010412044115302905,3.8423222434945115,0.1280774081164837,1,0.635,1.3266464083585294,300,main
0.65,0.35,4,9,3.0600912877669004,1.328980760397381,0.9866666666666667,0.07723062697401366,0,0.0013265026155058427,1.665946522781514,0.05553155075938379,1,0.7,1.2984914547266029,300,main
0.65,0.35,4,10,3.1849123050868853,1.3831898394450002,1.0,0.07702578012001655,0,0.0009504907152191556,1.771243218012808,0.059041440600426924,1,0.77,1.2934163968295038,300,main
0.65,0.35,4,11,3.269715564159354,1.4200194269075852,1.0,0.02661647545504231,0,0.0006921704539736653,1.7519054047327898,0.058396846824426314,1,0.655,1.2873451298287621,300,main
0.65,0.35,4,12,2.839323356302465,1.2331024659811811,0.9533333333333334,0.13742852952015083,0,0.005923098727588276,1.7190975265986175,0.057303250886620576,1,0.69,1.3206569224380171,300,main
0.65,0.35,4,13,3.0968681614095144,1.3449527536820207,1.0,0.06552761786763071,0,0.0002564376712321133,1.1306151742730863,0.03768717247576954,1,0.705,1.2891974705270737,300,main
0.65,0.35,4,14,3.1389326824946195,1.3632211430731853,0.9933333333333333,0.06696084126907809,0,0.0021612352455349666,2.3652283433315047,0.0788409447777168,1,0.68,1.2993250482620162,300,main
0.65,0.35,4,15,2.711285429715798,1.1774963009902577,0.81,0.1771452215443259,0,0.1031006152561769,2.177728885918145,0.07259096286393817,1,0.72,1.273253098807983,300,main
0.65,0.35,4,16,2.860292562560495,1.2422092765489345,0.97,0.11469974022527185,0,0.00270648946764501,2.885096852852093,0.09616989509506974,1,0.715,1.295115135341721,300,main
0.65,0.35,4,17,3.319856893043419,1.4417955293572307,0.9966666666666667,0.022219361790512555,0,0.0009179169830469056,1.7173836522424824,0.05724612174141607,1,0.69,1.2937925643166177,300,main
0.65,0.35,4,18,2.833476485998085,1.2305632024715847,0.9933333333333333,0.12412048405402903,0,0.0022780333294898543,1.9848545058728517,0.06616181686242838,1,0.335,1.2897434394592107,300,main
0.65,0.35,4,19,3.2153715090801556,1.3964181036624428,0.9966666666666667,0.011087575699119924,0,0.0007343160595622679,1.699078418293043,0.056635947276434756,1,0.74,1.2907122789539187,300,main
0.7,0.30000000000000004,0,0,2.7975391809488452,1.2149558291942262,0.95,0.16076599933111269,0,0.009424569780979906,0.5244811388579962,0.017482704628599872,1,0.675,1.3187708274574481,300,main
0.7,0.30000000000000004,0,1,3.190360270990827,1.3855558609746792,1.0,0.01364238039874315,0,0.004062170782849667,0.9033859070620265,0.030112863568734213,1,0.69,1.3094163945644564,300,main
0.7,0.30000000000000004,0,2,3.054236973003536,1.3264382638003265,0.9866666666666667,0.05147956552769351,0,0.0019678572679555223,1.284910606092332,0.04283035353641106,1,0.76,1.3028474925700158,300,main
0.7,0.30000000000000004,0,3,2.8495050337003027,1.237524312291581,0.97,0.13033132549419518,0,0.012358112531636788,0.5018307264776478,0.01672769088258826,1,0.7,1.321810364210902,300,main
0.7,0.30000000000000004,0,4,2.5555372921954453,1.10985574429846,0.8033333333333333,0.22429883731426747,0,0.09021284583517473,0.007675782459509728,0.0002558594153169909,1,0.18,1.1702770119053163,300,main
0.7,0.30000000000000004,0,5,2.918094802785378,1.2673124705202474,0.9966666666666667,0.10910409419320899,0,0.0035741742844373862,1.2317046180077174,0.04105682060025724,1,0.375,1.3037583774368955,300,main
0.7,0.30000000000000004,0,6,2.18282968867294,0.947990888725251,0.7633333333333333,0.438321838690563,0,0.18632268790231174,21.829251847444787,0.7276417282481595,0,1.0,1.3774454912295369,300,main
0.7,0.30000000000000004,0,7,2.6942868986250117,1.1701139327370687,0.9833333333333333,0.20983696495084772,0,0.02203324093102882,1.079567136010634,0.03598557120035446,1,0.715,1.3422079102990985,300,main
0.7,0.30000000000000004,0,8,2.6578176761020496,1.1542755506360443,0.9466666666666667,0.19152551432008227,0,0.011562223287683141,0.16569350257294446,0.0055231167524314815,1,0.655,1.2904895836988912,300,main
0.7,0.30000000000000004,0,9,2.76668623194101,1.2015565636896808,0.9433333333333334,0.2502310416563465,0,0.011479584516079479,0.246660523927289,0.008222017464242965,1,0.455,1.2621710786382945,300,main
0.7,0.30000000000000004,0,10,2.9771252748606463,1.2929490788066804,0.95,0.09681045960597454,0,0.00046977160301279585,1.2889502996519087,0.042965009988396946,1,0.735,1.291046472309271,300,main
0.7,0.30000000000000004,0,11,2.992566370767649,1.2996550615536306,1.0,0.0646301875241248,0,0.005779735525055868,1.0012598345554957,0.03337532781851652,1,0.45,1.3101247518496546,300,main
0.7,0.30000000000000004,0,12,3.1263846431439006,1.3577715988244632,1.0,0.1335854087236335,0,0.005413871123717252,2.3052528697372567,0.07684176232457521,1,0.73,1.315971386571697,300,main
0.7,0.30000000000000004,0,13,2.4925362871005534,1.0824947554313895,0.8433333333333334,0.27898582028234936,0,0.031230154973605213,0.5166171109248219,0.017220570364160727,1,0.5,1.291602427584156,300,main
0.7,0.30000000000000004,0,14,2.676137104550408,1.1622315773227878,0.9533333333333334,0.17900283070798062,0,0.0013350308239853759,1.373641966971345,0.045788065565711494,1,0.75,1.292274587288929,300,main
0.7,0.30000000000000004,0,15,2.5987006723543753,1.1286013621217754,0.9266666666666666,0.25252528569411087,0,0.017473085460389434,0.8601258013807012,0.02867086004602337,1,0.41,1.3115415325536977,300,main
0.7,0.30000000000000004,0,16,2.472092640680953,1.073616192601376,0.8833333333333333,0.31073884193643286,0,0.0032474978797206204,1.9205703042325384,0.0640190101410846,1,0.685,1.2934405032828282,300,main
0.7,0.30000000000000004,0,17,2.8718641350752456,1.247234746639034,0.9933333333333333,0.10616680520018336,0,0.007628534446316525,0.7992848470508684,0.026642828235028945,1,0.675,1.3205398594010758,300,main
0.7,0.30000000000000004,0,18,2.751327836335706,1.1948864972274102,0.8233333333333334,0.21634051994860545,0,0.08778144950721704,0.020635856479500614,0.0006878618826500204,1,0.18,1.2412530534788426,300,main
0.7,0.30000000000000004,0,19,2.5832190663538737,1.1218777860647573,0.8366666666666667,0.32606013840795894,0,0.056801026304199934,0.00881032147097005,0.0002936773823656683,1,0.225,1.2214531558779491,300,main
0.7,0.30000000000000004,1,0,2.7887766892847976,1.211150327416807,0.9866666666666667,0.14298447842114947,0,0.003914371547873014,0.501532554805384,0.01671775182684613,1,0.45,1.2743509061449083,300,main
0.7,0.30000000000000004,1,1,2.757715445327652,1.197660600565168,0.9533333333333334,0.12928346150257164,0,0.0004585524932995507,1.595347695967908,0.053178256532263594,1,0.71,1.285144743414504,300,main
0.7,0.30000000000000004,1,2,2.345795868107567,1.0187662011905645,0.5666666666666667,0.47472285191035285,0,0.0052739997636768905,0.49437694081375105,0.016479231360458365,1,0.345,1.3058932745073286,300,main
0.7,0.30000000000000004,1,3,3.016557095833388,1.3100741010665389,1.0,0.02068910145078383,0,0.0028408622746156475,0.27030232517892827,0.009010077505964274,1,0.415,1.2661338451010058,300,main
0.7,0.30000000000000004,1,4,2.6628457222792052,1.1564592033455376,0.9333333333333333,0.17234213645785915,0,0.0009018961108503143,0.5828869815268589,0.019429566050895294,1,0.45,1.2657302571996796,300,main
0.7,0.30000000000000004,1,5,2.7475649527511368,1.1932522976505875,0.9333333333333333,0.27543453756150743,0,0.04971328511422117,2.6342501960682108,0.08780833986894035,1,1.0,1.3668807316378033,300,main
0.7,0.30000000000000004,1,6,2.4499106635848564,1.063982682350837,0.6366666666666667,0.38039347490393255,0,0.15070274688078739,0.07676609507709098,0.002558869835903032,1,0.195,1.2350958633705786,300,main
0.7,0.30000000000000004,1,7,2.7085847644783727,1.1763234169801762,0.6133333333333333,0.3621062260926284,0,0.2386235767488961,10.00148938879052,0.33338297962635055,0,0.205,1.1618521770009858,300,main
0.7,0.30000000000000004,1,8,2.7262067295087,1.1839765391531394,1.0,0.1384754436264954,0,0.002984906102199771,0.2898906390983724,0.00966302130327908,1,0.415,1.2787990392522426,300,main
0.7,0.30000000000000004,1,9,3.0319472101375498,1.316757942784697,0.9666666666666667,0.06225289091082619,0,0.011441545928871932,0.07856078707712544,0.0026186929025708476,1,0.42,1.2433177933629533,300,main
0.7,0.30000000000000004,1,10,3.0664869052657884,1.3317583417855117,0.9966666666666667,0.042151052064334935,0,0.0033174112036323212,0.2401755151242635,0.008005850504142115,1,0.45,1.2688721583924074,300,main
0.7,0.30000000000000004,1,11,3.0139958111343943,1.3089617492551828,0.9933333333333333,0.059163231771137165,0,0.0038218397192160674,0.25041002240092647,0.008347000746697548,1,0.43,1.2756259147119373,300,main
0.7,0.30000000000000004,1,12,2.876684985371085,1.2493284153205988,0.8933333333333333,0.12988394239862122,0,0.0403611631860325,1.0898812487613152,0.036329374958710504,1,0.68,1.1927090074756919,300,main
0.7,0.30000000000000004,1,13,2.47564181756097,1.0751575805356661,0.9733333333333334,0.24801777044685883,0,0.01207485777503364,0.15753954043442597,0.005251318014480865,1,0.68,1.266568337293537,300,main
0.7,0.30000000000000004,1,14,2.9612356410787415,1.2860482985357358,0.9666666666666667,0.17777098190176613,0,0.02081722724092319,0.03762237876294705,0.0012540792920982349,1,0.23,1.257175792143991,300,main
0.7,0.30000000000000004,1,15,2.7299339600857144,1.185595254825518,0.9266666666666666,0.16727721532119866,0,0.00368768500476049,0.8917224790886524,0.02972408263628841,1,0.68,1.2514875973717827,300,main
0.7,0.30000000000000004,1,16,2.9934435255728378,1.300036005045299,0.9933333333333333,0.0747805166123508,0,0.004171697229367998,0.22614150016614376,0.007538050005538124,1,0.4,1.2573032242704436,300,main
0.7,0.30000000000000004,1,17,2.9800915591230814,1.2942373196936126,0.9866666666666667,0.10963308357713528,0,0.00024769390772510277,1.0560104935298908,0.03520034978432969,1,0.725,1.2752715620820443,300,main
0.7,0.30000000000000004,1,18,2.789609069429564,1.2115118255205246,0.9066666666666666,0.21243238041085238,0,0.012406066680594043,4.968225015445022,0.16560750051483403,1,0.645,1.3201028884666428,300,main
0.7,0.30000000000000004,1,19,2.9101441109610158,1.2638595289336139,0.99,0.1119130038989722,0,0.0008468964353803531,0.575702340477019,0.01919007801590063,1,0.43,1.2639362486592467,300,main
0.7,0.30000000000000004,2,0,2.5816464581846272,1.1211948110146575,0.93,0.24139663814489146,0,0.004555743562155524,0.2207307058255059,0.0073576901941835296,1,0.41,1.2616841183415755,300,main
0.7,0.30000000000000004,2,1,3.102858375611391,1.3475542706553143,0.99,0.06857704040606682,0,0.0023523334962692686,0.5118490880857418,0.017061636269524724,1,0.415,1.2788499135659916,300,main
0.7,0.30000000000000004,2,2,2.878444451370518,1.250092541695249,0.9866666666666667,0.0996504846959165,0,0.002096131617097912,1.0616641314832032,0.035388804382773434,1,0.425,1.2911521032956879,300,main
0.7,0.30000000000000004,2,3,2.8268872853627944,1.2277015489955247,0.9933333333333333,0.1399468547425918,0,0.0019309206505278426,1.5047985254045715,0.05015995084681904,1,0.385,1.259174956303834,300,main
0.7,0.30000000000000004,2,4,2.694886342707525,1.1703742679943134,0.7133333333333334,0.3179752213378349,0,0.18469322306254432,0.35373149691483863,0.011791049897161286,1,0.505,1.252076482817984,300,main
0.7,0.30000000000000004,2,5,3.325388449728188,1.4441978539017613,0.99,0.09103839579565667,0,0.0014645059895522347,1.8712709571605202,0.06237569857201733,1,0.425,1.2741453858934795,300,main
0.7,0.30000000000000004,2,6,2.3854608560376724,1.0359924865733685,0.7466666666666667,0.37525750160103205,0,0.012272931965153057,6.567992698035918,0.21893308993453056,0,0.65,1.2975400639090902,300,main
0.7,0.30000000000000004,2,7,2.6772339470720152,1.1627079299774388,0.98,0.27113885180596464,0,0.0036273585590205354,2.55831796417616,0.08527726547253865,1,0.415,1.289967855076618,300,main
0.7,0.30000000000000004,2,8,2.8728406954792822,1.2476588614337523,0.9266666666666666,0.1892222526892059,0,0.003930084841523952,0.6588917338750833,0.021963057795836106,1,0.645,1.3071756516904982,300,main
0.7,0.30000000000000004,2,9,2.631110961878909,1.1426769720191672,0.8466666666666667,0.28634374726951584,0,0.13226429534880274,12.53353910551801,0.4177846368506003,0,1.0,1.3712294593842524,300,main
0.7,0.30000000000000004,2,10,2.966294557719677,1.2882453581173023,0.98,0.07784429963265749,0,0.0008458764632053289,1.1959665151041243,0.039865550503470806,1,0.46,1.2651655762193972,300,main
0.7,0.30000000000000004,2,11,3.0487716309253234,1.324064695894045,0.9966666666666667,0.04751684187391767,0,0.0003499428542533127,1.3242916209411537,0.04414305403137178,1,0.45,1.2781431526422309,300,main
0.7,0.30000000000000004,2,12,2.7190221270246484,1.1808563059396473,0.9633333333333334,0.22676591093827114,0,0.0053143891249039545,1.7537237384886328,0.05845745794962109,1,0.685,1.3186193856606743,300,main
0.7,0.30000000000000004,2,13,2.7079397129153686,1.1760432746458203,0.9333333333333333,0.21649515739676653,0,0.02368244778953999,1.4403118390144354,0.048010394633814506,1,0.515,1.306816772578962,300,main
0.7,0.30000000000000004,2,14,3.2357075117084224,1.4052499173878694,1.0,0.037595477791497446,0,0.001011434130772917,1.1483849692773995,0.03827949897591331,1,0.435,1.284164323543374,300,main
0.7,0.30000000000000004,2,15,2.5991980762095532,1.1288173818713565,0.88,0.290750670170075,0,0.021808984666497604,0.8431298025771194,0.028104326752570644,1,0.715,1.22596326424174,300,main
0.7,0.30000000000000004,2,16,2.529395268468091,1.0985024076478862,0.6933333333333334,0.34655815401996104,0,0.04453593348565296,0.8209249364156734,0.02736416454718911,1,0.48,1.304849822492631,300,main
0.7,0.30000000000000004,2,17,3.012087656772481,1.3081330483451843,0.9733333333333334,0.17142939038457808,0,0.005144289519437455,2.953243974002584,0.09844146580008611,1,0.74,1.3041830417817821,300,main
0.7,0.30000000000000004,2,18,2.978926613810566,1.2937313903726677,0.9733333333333334,0.11401907817871065,0,0.0008388398538307397,0.5584325911708543,0.01861441970569514,1,0.4,1.2653389746103116,300,main
0.7,0.30000000000000004,2,19,2.445906924529626,1.0622438805721701,0.7166666666666667,0.3541001760713938,0,0.0774084570328031,9.783778690240775,0.3261259563413591,0,1.0,1.3463520786502765,300,main
0.7,0.30000000000000004,3,0,2.93352185391937,1.2740123536997794,0.9833333333333333,0.13315022899303333,0,0.011935647258309864,3.6753841885611207,0.12251280628537066,1,0.65,1.2749032028431813,300,main
0.7,0.30000000000000004,3,1,2.7133784191250045,1.1784052747413583,0.9133333333333333,0.22820059199726217,0,0.013961419841527354,1.8603408394466336,0.062011361314887777,1,0.68,1.2992406199841766,300,main
0.7,0.30000000000000004,3,2,1.9881151396164254,0.8634274345237263,0.7,0.5175989486113194,0,0.050046998086364175,1.9333040815661506,0.06444346938553834,1,1.0,1.354067426713364,300,main
0.7,0.30000000000000004,3,3,2.3829739520417235,1.034912437890905,0.9066666666666666,0.33047602344571164,0,0.06404479593141371,14.326850899787752,0.47756169665959164,0,0.75,1.3100657288893462,300,main
0.7,0.30000000000000004,3,4,3.103116698741672,1.3476664589653438,0.8233333333333334,0.17449213348663528,0,0.06333911904406594,0.015195621572244855,0.0005065207190748284,1,0.19,1.165339786931756,300,main
0.7,0.30000000000000004,3,5,2.9258276369043066,1.2706707977075713,0.9766666666666667,0.0669402429779427,0,0.0015625031562508654,1.6858836681009848,0.05619612227003282,1,0.735,1.2976031651640745,300,main
0.7,0.30000000000000004,3,6,2.890349337947554,1.25526276824334,0.9733333333333334,0.10930118596920825,0,0.0030482996836851675,1.2255033637357582,0.040850112124525266,1,0.68,1.2878236080631016,300,main
0.7,0.30000000000000004,3,7,2.8469368672929862,1.2364089717922742,0.9533333333333334,0.14286374948541566,0,0.003634156153693802,0.7958585382975281,0.026528617943250933,1,0.65,1.2848589354038493,300,main
0.7,0.30000000000000004,3,8,2.9181154171605796,1.2673214232296455,0.9766666666666667,0.16492188354417692,0,0.003139864198821036,1.7160331629398673,0.0572011054313289,1,0.665,1.301471589251526,300,main
0.7,0.30000000000000004,3,9,3.1247077559066616,1.357043335950556,0.99,0.061799001972838115,0,0.001997580034149878,1.5808508877310556,0.05269502959103518,1,0.705,1.267044139685388,300,main
0.7,0.30000000000000004,3,10,2.838130650366138,1.2325844803745007,0.8966666666666666,0.1951883506586242,0,0.04188024356684057,1.5664049207984143,0.05221349735994714,1,0.39,1.2976583701373978,300,main
0.7,0.30000000000000004,3,11,2.8648895291851217,1.2442057137875036,0.9433333333333334,0.18513866189244615,0,0.01494300125250385,3.012391585754637,0.10041305285848788,1,0.66,1.2910131707815917,300,main
0.7,0.30000000000000004,3,12,2.4664821110983075,1.0711795705630782,0.8233333333333334,0.43198513025367824,0,0.07563455083727658,9.959337302525423,0.3319779100841807,0,0.425,1.28083531581858,300,main
0.7,0.30000000000000004,3,13,2.3985974397214624,1.0416976323782985,0.5166666666666667,0.37688889938016207,0,0.15635072550045898,15.598956966334635,0.5199652322111544,0,1.0,1.3547374792628404,300,main
0.7,0.30000000000000004,3,14,3.0378497408491465,1.3193213793020078,0.9666666666666667,0.10369317063360135,0,0.00014225948396690002,1.1768855918665,0.039229519728883326,1,0.695,1.2789623964668126,300,main
0.7,0.30000000000000004,3,15,3.097714386615008,1.3453202646192144,0.9933333333333333,0.03048893923708609,0,0.0025059667450368535,1.624917617788374,0.054163920592945794,1,0.745,1.2721266765413661,300,main
0.7,0.30000000000000004,3,16,3.0334373100817027,1.3174050849679269,0.9933333333333333,0.10403729904120121,0,0.0008668705661356938,1.743871164817562,0.05812903882725206,1,0.7,1.2878204973934422,300,main
0.7,0.30000000000000004,3,17,2.972692425987081,1.2910239170017799,0.9466666666666667,0.1148437793476576,0,0.015154385208019344,4.240110106729672,0.14133700355765572,1,0.69,1.336932813906109,300,main
0.7,0.30000000000000004,3,18,2.8127114330639853,1.2215450545658764,0.9466666666666667,0.16738199728991476,0,0.021728476191584346,5.162562069254695,0.1720854023084898,1,0.76,1.3025035520042378,300,main
0.7,0.30000000000000004,3,19,3.1349870245694023,1.3615075656087852,0.9866666666666667,0.04804611532459541,0,0.0016822285021058127,1.1509870752933082,0.03836623584311027,1,0.725,1.2680253248645699,300,main
0.7,0.30000000000000004,4,0,2.943677170066579,1.2784227514644955,1.0,0.056090385562608265,0,0.0020934807367066627,2.4137414636228147,0.08045804878742716,1,0.745,1.2973141432852588,300,main
0.7,0.30000000000000004,4,1,2.7466889353713113,1.1928718481364777,0.9,0.2198707788831859,0,0.0035667280963964793,1.4922975546404482,0.04974325182134827,1,0.44,1.2726126514055571,300,main
0.7,0.30000000000000004,4,2,2.900804508003727,1.2598033909060957,0.98,0.11226764665589183,0,0.004462826185964292,1.563624502393579,0.05212081674645263,1,0.7,1.3156477218082472,300,main
0.7,0.30000000000000004,4,3,2.886045586933388,1.253393672926402,0.98,0.18666368736756997,0,0.022018286395291672,0.48551163873716274,0.016183721291238757,1,0.73,1.3352665559004362,300,main
0.7,0.30000000000000004,4,4,2.5942210963537065,1.1266559069834188,0.88,0.31863947968286055,0,0.08140895020245051,15.958014306614771,0.5319338102204922,0,0.635,1.3301882843267894,300,main
0.7,0.30000000000000004,4,5,2.9790594307172205,1.2937890720223315,0.96,0.08250756395112056,0,0.011089633835900335,4.64361642415253,0.15478721413841764,1,0.655,1.2993018059269834,300,main
0.7,0.30000000000000004,4,6,2.5455839859103904,1.1055330783021675,0.9166666666666666,0.26027665681403744,0,0.04145635870639161,2.097548297120577,0.0699182765706859,1,0.695,1.3193985061090439,300,main
0.7,0.30000000000000004,4,7,2.5365931603350003,1.101628412367021,0.9566666666666667,0.28946915010710483,0,0.045512341582075545,3.644478092429282,0.12148260308097604,1,0.71,1.2690948659142103,300,main
0.7,0.30000000000000004,4,8,2.6861325277459707,1.1665725344609086,0.95,0.24345569008236548,0,0.022993588245732853,6.711679823342714,0.22372266077809044,0,0.635,1.3298235741412077,300,main
0.7,0.30000000000000004,4,9,2.588062540777422,1.1239812802801439,0.7033333333333334,0.3299443991633189,0,0.14337448111345552,13.264797438985838,0.44215991463286114,0,0.49,1.2297494922438181,300,main
0.7,0.30000000000000004,4,10,2.9157293829065867,1.2662851817195038,0.9766666666666667,0.08200574823792618,0,0.00014934756816043827,1.1451905486031755,0.03817301828677251,1,0.415,1.276897388839537,300,main
0.7,0.30000000000000004,4,11,2.78608931011049,1.2099832134706239,0.88,0.25043955337667506,0,0.03832275646237157,3.1205541816981652,0.10401847272327217,1,0.79,1.3287609251871797,300,main
0.7,0.30000000000000004,4,12,2.5856092658318146,1.122915836508675,0.8633333333333333,0.30523235599686993,0,0.0272928108979674,9.054113095416454,0.30180376984721513,0,0.69,1.2982481678932278,300,main
0.7,0.30000000000000004,4,13,3.159648139749274,1.3722177518489844,0.9933333333333333,0.04450394336515654,0,0.000779414556126623,1.7676676507760225,0.058922255025867405,1,0.705,1.2901193894785505,300,main
0.7,0.30000000000000004,4,14,3.1936931696985957,1.3870033204922054,0.9833333333333333,0.07393318350058832,0,0.0026931951703464303,2.5238475351618606,0.084128251172062,1,0.68,1.3001752540271263,300,main
0.7,0.30000000000000004,4,15,2.920786830746003,1.2684816034086763,0.8966666666666666,0.22518263032567953,0,0.050076626936027505,5.037400634709027,0.16791335449030087,1,0.715,1.2972128316087264,300,main
0.7,0.30000000000000004,4,16,2.870216604313954,1.2465192331206396,0.93,0.11989530667285152,0,0.012599169448890689,3.9682987764670994,0.13227662588223663,1,0.715,1.3333527501631603,300,main
0.7,0.30000000000000004,4,17,2.718831085870109,1.1807733378204148,0.9333333333333333,0.23219094050622507,0,0.017727093616055477,0.794248639639944,0.026474954654664797,1,0.395,1.3157048052700033,300,main
0.7,0.30000000000000004,4,18,3.0032664788507875,1.3043020594499057,0.99,0.08330013542144143,0,0.001662172272451086,1.0599732720637411,0.0353324424021247,1,0.695,1.3018931730930265,300,main
0.7,0.30000000000000004,4,19,3.06570081584521,1.3314169474878719,0.9933333333333333,0.08226935195128784,0,0.0007369655398109512,1.7824566390360563,0.059415221301201866,1,0.74,1.2847810281109882,300,main
0.75,0.25,0,0,2.3879052370693326,1.0370540677670874,0.6866666666666666,0.27160759206497914,0,0.11896961353442909,0.0055973582279600365,0.00018657860759866785,1,0.185,1.171553166860796,300,main
0.75,0.25,0,1,3.042304196394643,1.3212559247653002,0.9933333333333333,0.08704845057368651,0,0.003178943654549151,0.9118064709667084,0.030393549032223608,1,0.69,1.3074408804903537,300,main
0.75,0.25,0,2,2.506449463331953,1.0885371710944343,0.94,0.2578585371911284,0,0.006822982410099654,2.6485689273731627,0.08828563091243874,1,0.76,1.2897046982570604,300,main
0.75,0.25,0,3,2.3036464060162403,1.0004609223891112,0.8333333333333334,0.3967586456840498,0,0.03931492400834506,3.490849753981673,0.11636165846605574,1,0.71,1.3364689985284492,300,main
0.75,0.25,0,4,2.9555834741369607,1.2835935936221246,0.9866666666666667,0.08586377094550145,0,0.0008542804845551042,1.3142273009010552,0.043807576696701836,1,0.655,1.295752579681368,300,main
0.75,0.25,0,5,2.7352402698209217,1.187899755862788,0.9633333333333334,0.17358675558396583,0,0.00693484935297653,1.3180095990956875,0.043933653303189574,1,0.64,1.321442654770489,300,main
0.75,0.25,0,6,2.798970544651589,1.2155774625519244,0.9666666666666667,0.15708486971771923,0,0.0013341490697119708,0.7927449203119663,0.02642483067706554,1,0.67,1.2890206075051123,300,main
0.75,0.25,0,7,2.9549867423851772,1.2833344363151482,0.9866666666666667,0.07311505451508912,0,0.0016185452583642023,0.8493714679773112,0.02831238226591037,1,0.715,1.2985116959381633,300,main
0.75,0.25,0,8,2.966026033116816,1.2881287393640244,0.9966666666666667,0.05694112049681074,0,0.0035066599525139554,0.9721417161306201,0.03240472387102066,1,0.655,1.3080956126582763,300,main
0.75,0.25,0,9,2.1894585700234264,0.9508697753169584,0.8633333333333333,0.4526440586737912,0,0.07160486160960879,12.574998930870718,0.41916663102902385,0,1.0,1.3700697962069306,300,main
0.75,0.25,0,10,2.3530717914320007,1.0219260945411173,0.8866666666666667,0.3779309814675916,0,0.010756073416739452,5.3382775275524486,0.17794258425174825,0,0.735,1.301931234235366,300,main
0.75,0.25,0,11,2.149360430592696,0.9334553746276049,0.63,0.501238259718065,0,0.09004705871182009,9.930241542078482,0.331008051402616,0,0.45,1.2763272639750471,300,main
0.75,0.25,0,12,2.913464535583035,1.2653015710245326,0.9833333333333333,0.08659106780233404,0,0.005516200172048798,0.8155551141192707,0.027185170470642353,1,0.73,1.314603805640494,300,main
0.75,0.25,0,13,2.600135866746919,1.1292246591269157,0.9133333333333333,0.24125205254074486,0,0.0008469413787151273,1.0862764612605824,0.036209215375352745,1,0.42,1.2712741683720776,300,main
0.75,0.25,0,14,2.635909963955594,1.1447611521397136,0.9,0.18164217299574995,0,0.04705409802536672,3.082839235757989,0.10276130785859963,1,0.75,1.2860459629843328,300,main
0.75,0.25,0,15,2.641864836962242,1.1473473206269356,0.75,0.3054715345831158,0,0.17213853426205486,10.039636302810862,0.33465454342702866,0,0.19,1.2848477975147679,300,main
0.75,0.25,0,16,2.6102994414722342,1.1336386435465315,0.9366666666666666,0.2355970265055862,0,0.01399370463618839,3.685553933155783,0.12285179777185941,1,0.44,1.3126742746890339,300,main
0.75,0.25,0,17,2.8718717853249416,1.2472380691002622,0.8166666666666667,0.17949185875260223,0,0.08938878614642459,6.559282301250563,0.21864274337501874,0,0.39,1.170187778950779,300,main
0.75,0.25,0,18,2.594071538249375,1.1265909547239834,0.7733333333333333,0.24865368333907217,0,0.08140305118697974,0.615253745824984,0.02050845819416613,1,0.68,1.3347039567486114,300,main
0.75,0.25,0,19,2.576793172077757,1.1190870556393464,0.9333333333333333,0.2617985766010534,0,0.03703600889128906,7.587607899179494,0.2529202633059831,1,0.725,1.354186881860649,300,main
0.75,0.25,1,0,3.0196837852011,1.311432005005562,0.9033333333333333,0.12180618387887776,0,0.06084883451803236,0.09582440615549248,0.003194146871849749,1,0.45,1.1051400475930067,300,main
0.75,0.25,1,1,2.3428267330307,1.017476722210656,0.7033333333333334,0.38287656059602987,0,0.05922716648863981,9.906054746381566,0.33020182487938543,0,0.455,1.2958756947455283,300,main
0.75,0.25,1,2,3.223377045217563,1.399894863831596,0.9733333333333334,0.05601532495768813,0,0.0024131667070552924,0.3030517194831106,0.010101723982770351,1,0.345,1.2707309754011005,300,main
0.75,0.25,1,3,2.551179318994724,1.1079631005851043,0.64,0.3008828413700669,0,0.2609810079372544,19.964206291076703,0.66547354303589,0,0.22,1.2282869096865063,300,main
0.75,0.25,1,4,2.4038864314045756,1.043994612281107,0.7366666666666667,0.3701726708853029,0,0.11204487306652824,5.280725263372266,0.17602417544574217,1,1.0,1.3715751391837974,300,main
0.75,0.25,1,5,2.846177491596987,1.2360791791178103,0.9666666666666667,0.09187497338301412,0,0.003013844472208335,0.3069623310404723,0.010232077701349075,1,0.445,1.2831408791223282,300,main
0.75,0.25,1,6,2.796901940535787,1.214679079199189,0.7766666666666666,0.336826869377799,0,0.05053742869620951,0.06548815737474345,0.002182938579158115,1,0.39,1.1373929489378263,300,main
0.75,0.25,1,7,2.9574324422824287,1.284396590284916,0.95,0.14886426627093577,0,0.001211728372232915,0.9714699770012436,0.03238233256670812,1,0.475,1.2603946598572051,300,main
0.75,0.25,1,8,3.17190807399004,1.3775421736382456,0.98,0.08777784279215868,0,0.007188805224381782,0.16451775985575345,0.005483925328525114,1,0.415,1.2735837512878776,300,main
0.75,0.25,1,9,2.6041950357560846,1.1309875338287088,0.9433333333333334,0.2251341582300608,0,0.024081228384458753,0.2986584918257318,0.009955283060857724,1,0.42,1.290163574764586,300,main
0.75,0.25,1,10,2.686843512484764,1.1668813112096836,0.9166666666666666,0.2553461089429616,0,0.030483028539525815,0.23936695303013455,0.007978898434337817,1,0.67,1.3280378571649056,300,main
0.75,0.25,1,11,3.1554481349751144,1.3703937129515995,0.9833333333333333,0.10923404549719391,0,0.007156662647263043,0.18493245217970355,0.006164415072656785,1,0.43,1.2666487337481227,300,main
0.75,0.25,1,12,3.21464968563853,1.3961046197248368,0.9766666666666667,0.11064195578723371,0,0.00579169213162147,0.6339657266363763,0.021132190887879206,1,0.435,1.2457508207185615,300,main
0.75,0.25,1,13,2.925528440217706,1.2705408582375768,0.8866666666666667,0.1763565958578953,0,0.00940972605595063,2.086802658159664,0.06956008860532213,1,0.425,1.2296676368086012,300,main
0.75,0.25,1,14,2.7733448448687015,1.204448362541307,0.9066666666666666,0.157453224977848,0,0.008388340650750194,0.687303778231857,0.022910125941061895,1,0.765,1.261530393728729,300,main
0.75,0.25,1,15,2.461161715009916,1.0688689519003503,0.8333333333333334,0.3263473699286506,0,0.047484661329072024,9.777377076238148,0.3259125692079382,0,0.43,1.2776243735121142,300,main
0.75,0.25,1,16,2.870603780395207,1.2466873815562522,0.9733333333333334,0.13744540562350635,0,8.679201937129366e-05,1.001230535324349,0.03337435117747829,1,0.64,1.2794971679281308,300,main
0.75,0.25,1,17,2.656359069559633,1.1536420858634049,0.8333333333333334,0.3090922655036529,0,0.030260498981112938,0.10539016144954227,0.0035130053816514084,1,0.2,1.3031529323626727,300,main
0.75,0.25,1,18,2.3890521764465515,1.037552177209691,0.89,0.38143505184054743,0,0.03770514558137435,0.05708295859239709,0.001902765286413236,1,0.22,1.2964527435980249,300,main
0.75,0.25,1,19,2.0042150368520866,0.8704195310523835,0.7166666666666667,0.38178219896621485,0,0.16484073293661192,0.3963977243845007,0.013213257479483355,1,0.535,1.129862786580855,300,main
0.75,0.25,2,0,2.707538882928918,1.1758691963945236,0.9266666666666666,0.18728686686467563,0,5.752417507460259e-05,0.976002617570576,0.03253342058568586,1,0.685,1.280057664010656,300,main
0.75,0.25,2,1,2.860201161275305,1.242169581475138,0.9833333333333333,0.10104826889109343,0,0.00111554201307827,1.053021585057018,0.03510071950190059,1,0.415,1.295006008826664,300,main
0.75,0.25,2,2,2.228283434523665,0.9677311997300535,0.9533333333333334,0.365858008622788,0,0.041516442956400994,9.706831268535293,0.3235610422845097,0,0.67,1.2922085523109503,300,main
0.75,0.25,2,3,3.13226054750812,1.3603234716660348,0.9766666666666667,0.07396693639071195,0,0.00202208289631374,1.500056049373799,0.050001868312459966,1,0.715,1.298473048169926,300,main
0.75,0.25,2,4,2.7382432396157674,1.1892039290740113,0.85,0.24983064355478543,0,0.022838804893402523,0.7737900915586182,0.025793003051953936,1,0.45,1.1799324264159767,300,main
0.75,0.25,2,5,3.189261671666412,1.3850787453502629,0.9866666666666667,0.06573493466839023,0,0.0024939876238526185,1.8439215310598944,0.06146405103532981,1,0.425,1.2837691704637026,300,main
0.75,0.25,2,6,2.7802353424519364,1.2074408676192734,0.99,0.11648500654354856,0,0.00027671286941575307,0.7977409077676967,0.026591363592256553,1,0.41,1.2698602810233106,300,main
0.75,0.25,2,7,3.3136055378811933,1.4390806003058587,0.97,0.08999522194634757,0,0.003437612513122598,1.8969573245615823,0.0632319108187194,1,0.415,1.254426968996886,300,main
0.75,0.25,2,8,2.880855129657182,1.251139485972791,0.9733333333333334,0.11712567640384279,0,0.00048198613828339494,1.093911750832094,0.03646372502773646,1,0.36,1.2785906758753252,300,main
0.75,0.25,2,9,2.765966305156281,1.2012439034596987,0.8466666666666667,0.2595827717311157,0,0.05743395076933426,9.838638778203396,0.32795462594011315,0,0.495,1.2595095333000765,300,main
0.75,0.25,2,10,2.686829900215192,1.1668753994761225,0.8733333333333333,0.17902863211126477,0,0.010468089207362422,2.2892385166691733,0.07630795055563909,1,0.665,1.243456483803261,300,main
0.75,0.25,2,11,2.926885061017997,1.2711300311651785,0.97,0.14423980196257832,0,0.0033592812904531706,3.1531167037797125,0.1051038901259904,1,0.66,1.2864665632727865,300,main
0.75,0.25,2,12,2.349339882514093,1.0203053470911043,0.86,0.38199491866694546,0,0.02851422964326847,7.591470372636083,0.25304901242120276,1,0.685,1.3203428750519075,300,main
0.75,0.25,2,13,1.9854612081133602,0.8622748467165963,0.71,0.5299574552017464,0,0.035739285949840424,7.963521531026357,0.2654507177008785,0,0.74,1.355025322741572,300,main
0.75,0.25,2,14,2.7906963408024854,1.211984021478116,0.99,0.18039114817539464,0,0.0003235999923760441,0.9315392665817157,0.031051308886057186,1,0.435,1.2869892889969725,300,main
0.75,0.25,2,15,2.442054565428273,1.0605708222721424,0.9333333333333333,0.30961837075860815,0,0.03936619972435819,1.989676154994835,0.06632253849982782,1,0.715,1.284587939887991,300,main
0.75,0.25,2,16,2.1390121408742653,0.9289611695057545,0.83,0.45519874923543646,0,0.06355897745147474,8.324934335451484,0.27749781118171607,0,1.0,1.3595193920085433,300,main
0.75,0.25,2,17,2.6687978271633694,1.1590441696524398,0.9366666666666666,0.2428595344829022,0,0.006041611799212606,0.567428496551825,0.018914283218394164,1,0.74,1.2864851916842792,300,main
0.75,0.25,2,18,2.999512357582076,1.3026716652985089,0.9466666666666667,0.1273796548854449,0,0.01276699993305024,6.897272344719008,0.22990907815730022,0,0.64,1.2899774651055422,300,main
0.75,0.25,2,19,2.948188551071124,1.2803820193405324,0.99,0.09647596708530504,0,0.0011352443362322561,1.2963707049293838,0.04321235683097945,1,0.445,1.26349622975436,300,main
0.75,0.25,3,0,2.410867771186382,1.0470265696246368,0.82,0.2799974442277843,0,0.0522525725713268,1.2699335312451598,0.04233111770817199,1,0.65,1.1931277242591742,300,main
0.75,0.25,3,1,2.6924509180011436,1.1693165764832414,0.5066666666666667,0.3329695289334099,0,0.11981992596528795,0.12545371062402388,0.004181790354134129,1,0.49,1.1565856621888824,300,main
0.75,0.25,3,2,2.9820478390565057,1.2950869212737566,0.9933333333333333,0.040995235459210216,0,0.0023778290805251956,1.4453625035000472,0.04817875011666824,1,0.74,1.2622167888620315,300,main
0.75,0.25,3,3,2.4906744638521165,1.0816861758683143,0.83,0.34191496794847853,0,0.036751830206454096,0.6254128619756383,0.02084709539918794,1,0.545,1.237771409344923,300,main
0.75,0.25,3,4,2.398147223893317,1.0415021061284697,0.8533333333333334,0.4169194504033112,0,0.062119945666061244,2.4168357967249143,0.0805611932241638,1,1.0,1.3628205622710061,300,main
0.75,0.25,3,5,2.6522457409713183,1.1518556899552448,0.8666666666666667,0.23913793419562368,0,0.014839552762942129,0.24597738758183607,0.008199246252727868,1,0.47,1.2570433109660195,300,main
0.75,0.25,3,6,3.0996948719257897,1.3461803784611774,0.9966666666666667,0.07146183667888859,0,0.00427198472884782,2.1562361692124057,0.07187453897374683,1,0.68,1.2819699603988526,300,main
0.75,0.25,3,7,3.148591466085136,1.367415899488444,0.98,0.1398606288368524,0,0.002816856743722569,1.0642762336067813,0.03547587445355937,1,0.65,1.2675025626803975,300,main
0.75,0.25,3,8,2.7739249953200678,1.2047003186810092,0.9733333333333334,0.17662990990568783,0,0.014690572537884188,3.9979712154717406,0.13326570718239134,1,0.665,1.3378985044531724,300,main
0.75,0.25,3,9,3.027266153589504,1.3147249857564036,0.9866666666666667,0.17286681408126361,0,0.0017596069080867052,2.214219705572018,0.07380732351906726,1,0.705,1.295744683504005,300,main
0.75,0.25,3,10,2.8942702853278846,1.2569656140544503,0.88,0.12301191582649987,0,0.06294320211285077,1.5145404644125782,0.05048468214708593,1,0.705,1.286340517690205,300,main
0.75,0.25,3,11,2.2484841984821893,0.9765042800474707,0.92,0.42891776391832354,0,0.009833012672125978,4.727739773260037,0.15759132577533452,1,0.66,1.3201033888471545,300,main
0.75,0.25,3,12,2.2703118307991033,0.9859839003157197,0.8333333333333334,0.4330352520890904,0,0.022384802138817883,7.778281201439468,0.25927604004798227,0,0.71,1.3274796879352562,300,main
0.75,0.25,3,13,2.6301557651171037,1.142262135336383,0.8766666666666667,0.2635524158965545,0,0.033127405455080236,0.757602126590029,0.02525340421966763,1,0.725,1.3358956719399973,300,main
0.75,0.25,3,14,2.9988511344144,1.302384499725481,0.8633333333333333,0.20629588496175694,0,0.0021530549267083816,0.390194270298172,0.013006475676605731,1,0.455,1.2586840321528112,300,main
0.75,0.25,3,15,3.076747321419535,1.3362143839031144,0.9233333333333333,0.168797691176543,0,0.00429196656600106,0.5853760602482772,0.019512535341609235,1,0.51,1.2383159970109694,300,main
0.75,0.25,3,16,2.850586754817292,1.2379940978036477,0.8233333333333334,0.2821394404354079,0,0.0381755011620125,0.3928984154208448,0.013096613847361492,1,0.48,1.13905143467425,300,main
0.75,0.25,3,17,2.9175983633095255,1.2670968695952858,0.9866666666666667,0.19156702809502255,0,0.003906805354734956,0.418216130675253,0.013940537689175097,1,0.69,1.291426046249656,300,main
0.75,0.25,3,18,2.3680192171853793,1.028417679064468,0.8533333333333334,0.33169145292060526,0,0.08276180217432313,9.978063201869242,0.33260210672897467,0,0.47,1.218762043541393,300,main
0.75,0.25,3,19,2.5594361855272107,1.1115490121579752,0.9533333333333334,0.28343566618557003,0,0.012272913233984273,6.000780294250224,0.2000260098083408,0,0.725,1.2946656696529033,300,main
0.75,0.25,4,0,2.754453169755425,1.196243812285702,0.8666666666666667,0.29671351305782034,0,0.03024603741413212,3.1941728673012095,0.1064724289100403,1,0.425,1.2684986537790652,300,main
0.75,0.25,4,1,3.0034065717285445,1.30436290101367,0.89,0.18144745838799795,0,0.0002519995792981106,0.8576744939212344,0.028589149797374477,1,0.685,1.282855608776228,300,main
0.75,0.25,4,2,2.6027258662407484,1.130349481615218,0.9833333333333333,0.23265975332051378,0,0.011261702597144242,2.4536705698716355,0.08178901899572116,1,0.7,1.325054444448023,300,main
0.75,0.25,4,3,2.9190255582423736,1.2677166924792218,0.88,0.20883807372314928,0,0.013962599319095523,3.4074424997020234,0.1135814166567341,1,0.435,1.2575582804490715,300,main
0.75,0.25,4,4,2.494978693246949,1.0835554789433357,0.6633333333333333,0.272298625120286,0,0.05986108121759605,2.334678118889255,0.07782260396297516,1,0.73,1.3139211924292011,300,main
0.75,0.25,4,5,2.4773350276188775,1.0758929323205182,0.68,0.2435376539039179,0,0.21935906147279152,0.00231620140843658,7.720671361455266e-05,1,0.125,1.001692751093637,300,main
0.75,0.25,4,6,2.4954623190388197,1.0837655149560514,0.6033333333333334,0.36418977130916963,0,0.25288413437581897,26.04244787583343,0.8680815958611142,0,0.775,1.335137330321767,300,main
0.75,0.25,4,7,2.9883035749019102,1.2978037528316604,0.9966666666666667,0.03911500607110896,0,0.0012034204099185836,1.6675544726351965,0.055585149087839875,1,0.71,1.2976324047800525,300,main
0.75,0.25,4,8,2.3657825502513172,1.0274463069571498,0.76,0.3339229279524799,0,0.033950534141746175,9.386171116347757,0.3128723705449252,0,0.635,1.3089538797667286,300,main
0.75,0.25,4,9,2.8133865083861154,1.2218382360531468,0.93,0.2209451977352011,0,0.03584598933424178,9.027305739639024,0.30091019132130076,0,0.7,1.3283094323971154,300,main
0.75,0.25,4,10,3.1197878833271555,1.3549066624376096,0.9866666666666667,0.071966537119989,0,0.00022555440526935257,1.268430257000236,0.04228100856667452,1,0.77,1.2872811176261743,300,main
0.75,0.25,4,11,2.767557353077141,1.2019348867921718,0.9466666666666667,0.20686669922603848,0,0.0030464097911362276,2.4400126962986435,0.0813337565432881,1,0.445,1.2662287151238518,300,main
0.75,0.25,4,12,2.804959868543999,1.2181785928687292,0.9366666666666666,0.19052483235656778,0,0.01176376359048148,0.3766785173332732,0.012555950577775771,1,0.69,1.2266197712001277,300,main
0.75,0.25,4,13,2.616702585005683,1.136419493449943,0.9233333333333333,0.31746307365078474,0,0.012916293231140082,4.270101854408964,0.1423367284802988,1,0.445,1.3005376833067337,300,main
0.75,0.25,4,14,2.8172138097261303,1.2235004119056958,0.9833333333333333,0.16157912069211697,0,0.00312408703609628,0.9808190721940391,0.032693969073134634,1,0.68,1.3086767827912251,300,main
0.75,0.25,4,15,3.1326684992861322,1.3605006428721078,0.96,0.09177279993748497,0,0.008529007839762426,4.129621871380379,0.13765406237934594,1,0.715,1.30171514889922,300,main
0.75,0.25,4,16,2.1216474089296327,0.9214197622424714,0.6333333333333333,0.5319490405820116,0,0.03966395532629083,0.14019282021249246,0.0046730940070830815,1,0.165,1.3201623692207916,300,main
0.75,0.25,4,17,2.5265801656090745,1.097279824010225,0.8166666666666667,0.3580563551634847,0,0.056979573203334306,0.01459835115732444,0.00048661170524414793,1,0.18,1.2588797056013479,300,main
0.75,0.25,4,18,3.281566542273879,1.4251662413078796,0.9966666666666667,0.04725015831140412,0,0.001096964778717074,1.5183926927047953,0.050613089756826504,1,0.695,1.2971837089852285,300,main
0.75,0.25,4,19,1.9183753840850681,0.8331398435271764,0.39,0.49172859931290525,0,0.29559195073699,19.889190280934308,0.6629730093644768,0,0.81,1.2968894231674453,300,main
0.8,0.19999999999999996,0,0,2.424755071544058,1.0530577475385088,0.6533333333333333,0.436446296575596,0,0.1764164073303559,3.873889184461005,0.12912963948203346,1,0.44,1.2453952763052416,300,main
0.8,0.19999999999999996,0,1,2.348949307818684,1.0201357226561174,0.49666666666666665,0.419401857339839,0,0.19895268826736714,10.408209378321448,0.3469403126107149,0,0.565,1.3141645339976875,300,main
0.8,0.19999999999999996,0,2,2.274717664955869,0.9878973297781837,0.7533333333333333,0.42076029542237037,0,0.03113877057521862,8.71759733389691,0.2905865777965636,0,0.76,1.3215918775719073,300,main
0.8,0.19999999999999996,0,3,3.0058532895797145,1.3054254970752073,0.9833333333333333,0.16032812285246317,0,0.008440479246087589,0.3985960476156625,0.013286534920522081,1,0.41,1.305598257216474,300,main
0.8,0.19999999999999996,0,4,2.522588681818711,1.095546344625464,0.7666666666666667,0.34976086351014307,0,0.035842889128992396,0.062211328221117856,0.0020737109407039283,1,0.18,1.2932823433946574,300,main
0.8,0.19999999999999996,0,5,2.203093539059044,0.956791367130049,0.78,0.3907923502861872,0,0.1385138422124401,1.4223529944085822,0.04741176648028607,1,0.545,1.3166652481132495,300,main
0.8,0.19999999999999996,0,6,1.8690835957678247,0.8117326918578542,0.6466666666666666,0.5670040672125758,0,0.2141115288915783,22.725322999949928,0.7575107666649974,0,1.0,1.3514306608689801,300,main
0.8,0.19999999999999996,0,7,2.1871676301636467,0.9498748327774839,0.5033333333333333,0.3819721599271428,0,0.1292018685171344,9.96838119918182,0.3322793733060606,0,0.22,1.1867789866104876,300,main
0.8,0.19999999999999996,0,8,2.67548365264833,1.161947786767526,0.51,0.289306355844557,0,0.17145310166761138,3.3737693898547416,0.1124589796618247,1,0.745,1.2886738141298757,300,main
0.8,0.19999999999999996,0,9,2.8964630579185764,1.2579179230906565,0.5133333333333333,0.28877166060731485,0,0.22790758171744946,10.000899406457808,0.33336331354859355,0,0.23,1.073621127540054,300,main
0.8,0.19999999999999996,0,10,2.4816675682426284,1.0777745308060351,0.6366666666666667,0.3169753019168733,0,0.3855280925656124,20.490643433978818,0.6830214477992937,0,0.79,1.2680263765823674,300,main
0.8,0.19999999999999996,0,11,2.5796425623736883,1.1203245301216578,0.44,0.21035892525631747,0,0.20398785976299985,19.284364149434307,0.6428121383144768,0,0.495,1.2680073983733098,300,main
0.8,0.19999999999999996,0,12,2.143060923978115,0.9307195336661797,0.6433333333333333,0.45662812784754947,0,0.16152996316937127,0.5037825850735034,0.016792752835783444,1,0.485,1.269936306113222,300,main
0.8,0.19999999999999996,0,13,2.8215183809937527,1.2253698634541834,0.9666666666666667,0.1202663567726385,0,0.014164020026349526,0.5552716839429761,0.018509056131432534,1,0.42,1.309144860497836,300,main
0.8,0.19999999999999996,0,14,2.1209100310073987,0.9210995230797677,0.5933333333333334,0.38019492092771845,0,0.17471959411465116,10.054352512788972,0.33514508375963237,0,0.25,1.2630343087692064,300,main
0.8,0.19999999999999996,0,15,2.6776084051297357,1.1628705550456109,0.6666666666666666,0.3092515725442588,0,0.1262971873699011,0.0025890692205932098,8.630230735310698e-05,1,0.22,1.1309919603830794,300,main
0.8,0.19999999999999996,0,16,2.628955535107704,1.1417408820662862,0.9466666666666667,0.23117400883191677,0,0.016524251145481367,2.067215889837004,0.06890719632790013,1,0.685,1.3426455581752883,300,main
0.8,0.19999999999999996,0,17,1.4980264738512523,0.6505846313385847,0.2733333333333333,0.7438245172732691,0,0.11727252326156538,18.597154969973204,0.6199051656657734,0,1.0,1.3565449260823774,300,main
0.8,0.19999999999999996,0,18,2.751170827677293,1.1948183092334506,0.9833333333333333,0.25588381355089934,0,0.01373227197038971,0.4198973743373635,0.013996579144578782,1,0.74,1.3231175297034246,300,main
0.8,0.19999999999999996,0,19,2.4320139604224544,1.056210242923145,0.8166666666666667,0.27709794855701464,0,0.015686569801683564,0.4243060185202818,0.014143533950676059,1,0.725,1.2802359970159582,300,main
0.8,0.19999999999999996,1,0,2.77146264753012,1.203630934623308,0.93,0.2728319357375758,0,0.011113020173746062,0.08796545703471104,0.0029321819011570343,1,0.45,1.2278665601971441,300,main
0.8,0.19999999999999996,1,1,2.212059815601442,0.9606853715556309,0.47,0.4237666180175581,0,0.07727687012219418,1.2596488065510891,0.041988293551702964,1,0.765,1.3397124444481543,300,main
0.8,0.19999999999999996,1,2,2.6002566341752917,1.1292771077546517,0.9,0.21482847307719546,0,0.03294004886443076,0.5556490425742411,0.0185216347524747,1,0.345,1.1621803654024776,300,main
0.8,0.19999999999999996,1,3,2.6980368357125983,1.1717425097216918,0.8733333333333333,0.25283258563571,0,0.0027603003249871867,1.4974569603804722,0.0499152320126824,1,0.635,1.26501351515244,300,main
0.8,0.19999999999999996,1,4,2.7248927487824313,1.1834058845743938,0.9266666666666666,0.20060675137846057,0,0.026353010897692014,0.48739356271415013,0.01624645209047167,1,0.66,1.336733044072901,300,main
0.8,0.19999999999999996,1,5,2.613582797324372,1.1350645868752394,0.7566666666666667,0.32819315172743313,0,0.004100764070471152,1.7379930944893651,0.0579331031496455,1,0.445,1.2559196222142257,300,main
0.8,0.19999999999999996,1,6,3.009981103607607,1.3072181839298438,0.9733333333333334,0.11843185830039428,0,0.003947662133050575,0.2537658251935804,0.008458860839786012,1,0.39,1.273697611028496,300,main
0.8,0.19999999999999996,1,7,2.4264161277233742,1.0537791350713173,0.91,0.3138867520430608,0,0.024779524526398443,2.8094320070439602,0.093647733568132,1,1.0,1.3506964525188614,300,main
0.8,0.19999999999999996,1,8,2.81836068825867,1.2239984949237912,0.56,0.2778805787699837,0,0.2674773413098303,10.003129214063627,0.33343764046878754,0,0.225,1.1314199893359538,300,main
0.8,0.19999999999999996,1,9,2.3255852962780295,1.009988861368887,0.6666666666666666,0.418428327208712,0,0.11269764452041292,0.0062068583622898466,0.00020689527874299485,1,0.15,1.1813326574658451,300,main
0.8,0.19999999999999996,1,10,2.3977837726932245,1.0413442612778285,0.8466666666666667,0.3620788115590088,0,0.019988577332777237,3.2948250541973256,0.10982750180657751,1,0.67,1.3459810585836218,300,main
0.8,0.19999999999999996,1,11,2.0609480695999536,0.8950583741164189,0.49,0.5707665482735382,0,0.13565601295921115,2.4495045952392824,0.08165015317464273,1,0.755,1.311783350824835,300,main
0.8,0.19999999999999996,1,12,2.4397496247749673,1.0595697992652973,0.7633333333333333,0.3477730673967711,0,0.15945542802541376,19.505995265848803,0.65019984219496,0,1.0,1.3753159494307636,300,main
0.8,0.19999999999999996,1,13,2.3228529579366763,1.008802221904545,0.8466666666666667,0.3459388735069164,0,0.0018975133944404213,0.7089844936897738,0.02363281645632579,1,0.68,1.2976017277917749,300,main
0.8,0.19999999999999996,1,14,2.2415285507925664,0.9734834806378042,0.8566666666666667,0.3927349627060771,0,0.08618259625660997,0.45653958575569975,0.015217986191856657,1,0.505,1.3048608565923037,300,main
0.8,0.19999999999999996,1,15,1.7903676992741717,0.7775468123725933,0.7533333333333333,0.71465128115377,0,0.09108225469783157,3.0338670248555797,0.10112890082851932,1,0.75,1.3509094801943524,300,main
0.8,0.19999999999999996,1,16,2.390963488703428,1.0383822495760464,0.55,0.3490784795355587,0,0.22064575030942232,9.405617740224958,0.3135205913408319,1,0.56,1.3061734277709054,300,main
0.8,0.19999999999999996,1,17,2.398717227011788,1.0417496553374892,0.7966666666666666,0.35704299448732124,0,0.07809551781917816,6.148134481492851,0.20493781604976166,1,1.0,1.3803197851255031,300,main
0.8,0.19999999999999996,1,18,2.7419332974397417,1.1908065008248674,0.93,0.15391013994987573,0,0.013398630940132453,0.22880391153501378,0.007626797051167125,1,0.645,1.2697598968152286,300,main
0.8,0.19999999999999996,1,19,1.6548758575732467,0.7187034531789727,0.4033333333333333,0.6522804933183116,0,0.2047370430534352,11.88906762269823,0.3963022540899409,1,0.82,1.3378295580184785,300,main
0.8,0.19999999999999996,2,0,2.5533222856117814,1.1088937791617952,0.64,0.36061796183687844,0,0.1851426577645885,10.000389434379759,0.3333463144793252,0,0.22,1.191816352942251,300,main
0.8,0.19999999999999996,2,1,2.013246272324768,0.8743417467829382,0.69,0.53888483484866,0,0.07122728392679892,16.467935151703138,0.5489311717234377,0,0.665,1.3396231203722215,300,main
0.8,0.19999999999999996,2,2,2.2031815510443273,0.9568295902495987,0.5733333333333334,0.4884670609630991,0,0.18742546826054463,19.778315214499703,0.6592771738166566,0,0.8,1.3496581562419179,300,main
0.8,0.19999999999999996,2,3,2.2525895894576267,0.9782872286941584,0.6666666666666666,0.4069148802404626,0,0.024496469976449387,2.5909886144235337,0.08636628714745112,1,0.715,1.3428570890421194,300,main
0.8,0.19999999999999996,2,4,2.829893304379956,1.229007046467174,0.8266666666666667,0.22346835022062023,0,0.019269290757849687,2.1235328376483453,0.0707844279216115,1,0.45,1.2077272863809099,300,main
0.8,0.19999999999999996,2,5,2.3686236787118444,1.0286801933699345,0.8333333333333334,0.4075851871361303,0,0.019941604069129124,0.06139438643985584,0.0020464795479951943,1,0.185,1.2752209343392433,300,main
0.8,0.19999999999999996,2,6,2.798741630772092,1.2154780465172277,0.9666666666666667,0.1728986547128557,0,0.0014418107981298191,0.7068303451031266,0.02356101150343755,1,0.41,1.2559591025943355,300,main
0.8,0.19999999999999996,2,7,2.044596790110481,0.8879571036620829,0.43333333333333335,0.4994600372200745,0,0.0893555829382833,0.15177284417088321,0.005059094805696106,1,0.49,1.297246477887468,300,main
0.8,0.19999999999999996,2,8,2.3514577266762466,1.0212251151242586,0.7833333333333333,0.4090153984689857,0,0.01641644642962939,7.565202225291784,0.2521734075097261,0,0.645,1.2804641197775535,300,main
0.8,0.19999999999999996,2,9,3.111837749367209,1.3514539631284133,0.9666666666666667,0.1472965895533796,0,0.0006367467708918752,0.6216055092595096,0.02072018364198365,1,0.495,1.2729777686551813,300,main
0.8,0.19999999999999996,2,10,2.370642957611102,1.029557155053306,0.7933333333333333,0.30455914852027743,0,0.017484972780525902,0.22605232041911782,0.007535077347303926,1,0.46,1.2471764157686545,300,main
0.8,0.19999999999999996,2,11,2.232935424551825,0.9697515333291524,0.5966666666666667,0.3729721357077719,0,0.1845734317556993,0.01174206265973643,0.00039140208865788095,1,0.24,1.1237187612093145,300,main
0.8,0.19999999999999996,2,12,2.052631767336577,0.8914466499335947,0.78,0.4791771446291662,0,0.016334687302647623,0.0821016568810673,0.002736721896035576,1,0.195,1.2657165081939359,300,main
0.8,0.19999999999999996,2,13,2.696191022358586,1.1709408831674208,0.9066666666666666,0.22939681944758106,0,0.020840024966054492,1.051802304527344,0.035060076817578126,1,0.74,1.34326923728253,300,main
0.8,0.19999999999999996,2,14,2.4618775359216882,1.069179828972364,0.8566666666666667,0.3048603868584629,0,0.023946532354213408,8.167735355222122,0.2722578451740707,0,0.665,1.2834781980332401,300,main
0.8,0.19999999999999996,2,15,3.0442090608345764,1.3220831968803368,0.39666666666666667,0.13622441924465944,0,0.4907158078417482,28.91064803562507,0.9636882678541688,0,0.55,1.158618438654049,300,main
0.8,0.19999999999999996,2,16,2.50407846795343,1.0875074608849233,0.67,0.34371421271296093,0,0.19690478881150578,5.027275032679645,0.16757583442265483,1,0.78,1.3125054589339802,300,main
0.8,0.19999999999999996,2,17,2.184032222759698,0.9485131426434305,0.7166666666666667,0.3986636984015611,0,0.08341808271432395,9.75183140441177,0.3250610468137256,0,0.505,1.2055249458413957,300,main
0.8,0.19999999999999996,2,18,2.5221168382288366,1.09534142555806,0.4033333333333333,0.3122135659889499,0,0.3762269071283341,25.897256021743747,0.8632418673914581,0,0.76,1.2000339824483475,300,main
0.8,0.19999999999999996,2,19,2.3790981983144004,1.0332292194339123,0.6566666666666666,0.3520937728844001,0,0.01391070064966309,5.760060453387705,0.19200201511292347,0,0.445,1.2508695989235497,300,main
0.8,0.19999999999999996,3,0,2.1740086806402315,0.9441599736118212,0.7366666666666667,0.39846166918721576,0,0.15790163414753333,10.001542403919178,0.3333847467973059,0,0.23,1.204612189983543,300,main
0.8,0.19999999999999996,3,1,2.1740873559343785,0.9441941418579315,0.5466666666666666,0.4657336826341077,0,0.3614644568558872,19.956332003590397,0.6652110667863464,0,0.445,1.1697940297745772,300,main
0.8,0.19999999999999996,3,2,2.4851641839127314,1.0792930916968972,0.8333333333333334,0.34304233074171586,0,0.06985652942827131,1.0977129452431622,0.036590431508105405,1,1.0,1.3591949429471617,300,main
0.8,0.19999999999999996,3,3,2.6206648261717986,1.1381402729243568,0.7066666666666667,0.307321640869301,0,0.22087474573995347,15.350120904630796,0.5116706968210264,0,0.745,1.349654712845443,300,main
0.8,0.19999999999999996,3,4,2.4347586021148646,1.0574022256649607,0.6566666666666666,0.44648233180342706,0,0.12569816800216507,0.2597747402745654,0.008659158009152177,1,0.46,1.1933046288422084,300,main
0.8,0.19999999999999996,3,5,2.242209106834951,0.9737790423716378,0.6133333333333333,0.367329405707519,0,0.27956641245256103,10.03349873592721,0.33444995786424025,0,0.285,1.2164477669005067,300,main
0.8,0.19999999999999996,3,6,2.98924878552616,1.298214252590008,0.9933333333333333,0.08673211797624968,0,0.0013716662192532864,1.5936162670655563,0.053120542235518535,1,0.68,1.2921818825240126,300,main
0.8,0.19999999999999996,3,7,2.0400061924840234,0.8859634324442743,0.7633333333333333,0.5044647455324757,0,0.08018855053103477,9.77486338197292,0.32582877939909727,0,1.0,1.3792105423583276,300,main
0.8,0.19999999999999996,3,8,2.410295528372851,1.0467780477284119,0.7966666666666666,0.3044118554758368,0,0.05678131531096803,5.238017340811119,0.17460057802703727,0,0.43,1.1985425687371354,300,main
0.8,0.19999999999999996,3,9,2.451898492138911,1.0648459853228325,0.8266666666666667,0.3196817358214221,0,0.03550309794825544,6.650390054526239,0.22167966848420795,1,0.705,1.3266148802351208,300,main
0.8,0.19999999999999996,3,10,2.996469980346283,1.301350377653136,0.6466666666666666,0.17941524129297098,0,0.05182350325528484,0.5553313244938629,0.018511044149795427,1,0.39,1.1604253848274242,300,main
0.8,0.19999999999999996,3,11,2.29122536678348,0.9950665335908195,0.5166666666666667,0.37232273193586246,0,0.24931578534375626,19.657030282517276,0.6552343427505758,0,0.46,1.2533135572577452,300,main
0.8,0.19999999999999996,3,12,2.9098713627889503,1.2637410759075363,0.98,0.06141417065180349,0,0.0030596109336864553,1.979578278614369,0.06598594262047895,1,0.71,1.2688171791880187,300,main
0.8,0.19999999999999996,3,13,1.8680307052041152,0.8112754272959872,0.24,0.5799670532031699,0,0.0429634251007759,2.8851149039799906,0.09617049679933301,1,1.0,1.3651260483472851,300,main
0.8,0.19999999999999996,3,14,2.3130729319403134,1.0045548105814537,0.7433333333333333,0.3820881709166096,0,0.11176797816890488,10.462866833170287,0.34876222777234284,0,1.0,1.3535308989172394,300,main
0.8,0.19999999999999996,3,15,2.3219469213500177,1.0084087352145563,0.5666666666666667,0.4339482913864223,0,0.00558241430789455,0.23987523714522063,0.00799584123817402,1,0.51,1.2434576603093466,300,main
0.8,0.19999999999999996,3,16,2.6144831175118135,1.1354555909645918,0.87,0.2357241082655897,0,0.09144931136080191,4.784468944075792,0.15948229813585973,1,0.435,1.2288569749066836,300,main
0.8,0.19999999999999996,3,17,2.960402461824984,1.2856864533833925,0.6133333333333333,0.19736131736844764,0,0.18124312226725442,0.0028282933268952704,9.427644422984233e-05,1,0.18,0.9645592003432992,300,main
0.8,0.19999999999999996,3,18,2.5267104400749383,1.0973364014918827,0.4866666666666667,0.4092973077912769,0,0.2516894276169913,0.044299059753510894,0.0014766353251170297,1,0.2,1.0879969869008188,300,main
0.8,0.19999999999999996,3,19,2.379620232083676,1.0334559358192756,0.5033333333333333,0.38310170930531523,0,0.06491204039347444,9.071455418572604,0.30238184728575346,0,1.0,1.369934955780522,300,main
0.8,0.19999999999999996,4,0,2.474664197493294,1.0747330055348765,0.5433333333333333,0.2959995249707402,0,0.3173685694262393,19.985514644289257,0.6661838214763085,0,0.32,1.1784247325639083,300,main
0.8,0.19999999999999996,4,1,2.8372902913862226,1.2322195171067059,0.41333333333333333,0.1333365310498158,0,0.10965033694844777,17.59585634427588,0.5865285448091959,0,0.685,1.2999911511433417,300,main
0.8,0.19999999999999996,4,2,2.1314560616114258,0.9256796059770797,0.6066666666666667,0.4716728958665764,0,0.26056900851311826,14.109632888387264,0.47032109627957536,0,0.735,1.2924897542462728,300,main
0.8,0.19999999999999996,4,3,2.307134728208619,1.0019758814683617,0.76,0.35520861131870063,0,0.15006697310948452,3.557021524460863,0.1185673841486954,1,0.765,1.3389565522940203,300,main
0.8,0.19999999999999996,4,4,2.252513672866478,0.9782542585375378,0.8366666666666667,0.41810269848499704,0,0.043597819098721693,8.697204999930491,0.28990683333101636,1,1.0,1.3595623750763333,300,main
0.8,0.19999999999999996,4,5,1.856920229396578,0.8064502089614543,0.66,0.5359660265580323,0,0.16592825467957903,10.226429443709362,0.34088098145697865,0,0.875,1.323635570561727,300,main
0.8,0.19999999999999996,4,6,2.0969314888127113,0.9106857745205309,0.8166666666666667,0.4754802200736727,0,0.10193914256136935,15.875047185028333,0.5291682395009443,0,1.0,1.3762693946354885,300,main
0.8,0.19999999999999996,4,7,2.3949463225042127,1.0401119723180652,0.5733333333333334,0.379001167353543,0,0.20737134489333403,0.013626322223769805,0.00045421074079232676,1,0.21,1.1335322197559374,300,main
0.8,0.19999999999999996,4,8,2.559077631630086,1.1113932941789888,0.8366666666666667,0.22449103310602253,0,0.022121646920117227,0.9566708803842305,0.03188902934614101,1,0.43,1.2802611885454098,300,main
0.8,0.19999999999999996,4,9,2.4900808247276416,1.0814283616723133,0.6366666666666667,0.3402098969369141,0,0.003058210582784484,2.4960892365481877,0.08320297455160625,1,0.7,1.296826975463735,300,main
0.8,0.19999999999999996,4,10,2.4051309673289993,1.0445351073656146,0.75,0.2617775203486208,0,0.05109640737378285,0.44101710411537653,0.014700570137179216,1,0.415,1.1144999402399423,300,main
0.8,0.19999999999999996,4,11,2.5281040386849782,1.097941633678211,0.6933333333333334,0.35830518492496677,0,0.10662658650537947,3.6382380486194577,0.12127460162064857,1,0.425,1.302561578309025,300,main
0.8,0.19999999999999996,4,12,2.6308495889769254,1.1425634592101168,0.97,0.2313175735640964,0,0.00571463177511391,3.1083314611526136,0.10361104870508711,1,0.69,1.3073031167585423,300,main
0.8,0.19999999999999996,4,13,2.065666523375324,0.8971075725541777,0.8533333333333334,0.4313416608386261,0,0.05238196816837887,9.845258961257935,0.3281752987085978,0,0.445,1.2800066572446531,300,main
0.8,0.19999999999999996,4,14,2.597685119887727,1.128160313289427,0.6266666666666667,0.23451637178983778,0,0.31420813177036117,12.502097628350695,0.41673658761168975,0,0.49,1.086062459772361,300,main
0.8,0.19999999999999996,4,15,2.501965041798605,1.0865896115679725,0.44333333333333336,0.2448758774686712,0,0.3701546617086889,15.76568614523486,0.5255228715078285,0,0.525,1.252518504413198,300,main
0.8,0.19999999999999996,4,16,2.1639156196416365,0.9397766129146186,0.8333333333333334,0.41889679561190496,0,0.04027501464923607,0.27811138529776347,0.009270379509925448,1,0.445,1.3094512692866325,300,main
0.8,0.19999999999999996,4,17,2.9279722602886498,1.2716021958091521,0.33666666666666667,0.20801144598932292,0,0.4962657476442597,29.29939035826176,0.976646345275392,0,0.49,1.2075095064370693,300,main
0.8,0.19999999999999996,4,18,2.456760718734856,1.0669576235032145,0.4533333333333333,0.40675289581966806,0,0.17552807402920387,10.000505766069429,0.3333501922023142,0,0.185,1.1775086546658673,300,main
0.8,0.19999999999999996,4,19,1.9996547298274572,0.8684390148758026,0.5866666666666667,0.5511292383945536,0,0.007221777366802261,1.3121065337809823,0.04373688445936607,1,0.74,1.3184399030454168,300,main
0.85,0.15000000000000002,0,0,1.7459347263255132,0.7582498174064345,0.39666666666666667,0.7336909709923545,0,0.32550750972908504,22.77749567676321,0.7592498558921069,0,0.51,1.278582581899105,300,main
0.85,0.15000000000000002,0,1,1.8633532921509153,0.8092440526174003,0.5766666666666667,0.6140373883392205,0,0.11000741776725846,3.8559634368233233,0.12853211456077743,1,0.745,1.3486298633415976,300,main
0.85,0.15000000000000002,0,2,2.4805554577985887,1.0772915473769218,0.6233333333333333,0.3114898924311597,0,0.13152456587998923,0.4890018450308231,0.016300061501027436,1,0.435,1.2746699702351585,300,main
0.85,0.15000000000000002,0,3,2.472936310338057,1.0739825936780054,0.8066666666666666,0.2973955259935594,0,0.018198544393524974,0.5171217616291635,0.017237392054305446,1,0.7,1.331036015938564,300,main
0.85,0.15000000000000002,0,4,2.522683037469607,1.0955873227639845,0.71,0.3789277698778717,0,0.1152530092399006,10.065819342366444,0.33552731141221476,0,0.475,1.1737298026553862,300,main
0.85,0.15000000000000002,0,5,2.467563729543934,1.0716493114855385,0.25333333333333335,0.36198063987442974,0,0.3572215145422496,29.129725282507707,0.9709908427502567,0,0.815,1.3233397031714886,300,main
0.85,0.15000000000000002,0,6,1.7289993067124714,0.7508948581197743,0.3233333333333333,0.6038235982519763,0,0.12376022097137493,19.5182739500252,0.6506091316675066,0,0.67,1.310765875677407,300,main
0.85,0.15000000000000002,0,7,2.885909035458335,1.2533343693742909,0.98,0.20700613158063755,0,0.01902889023426451,2.569652176751341,0.08565507255837804,1,0.715,1.3420634866885155,300,main
0.85,0.15000000000000002,0,8,2.4839909205849775,1.0787835499078342,0.9266666666666666,0.33000620587554313,0,0.008733214797442407,2.0656337273756877,0.06885445757918958,1,0.655,1.3274513605415632,300,main
0.85,0.15000000000000002,0,9,2.315022768790158,1.0054016139659532,0.29333333333333333,0.4294712002036107,0,0.1688107166482527,9.932464674454172,0.331082155815139,0,0.765,1.2594393942974005,300,main
0.85,0.15000000000000002,0,10,2.4031138660952625,1.0436590914303623,0.8666666666666667,0.3254284305411837,0,0.011739824984485843,3.120254574993564,0.10400848583311878,1,0.48,1.2856776562778258,300,main
0.85,0.15000000000000002,0,11,2.6436476901018358,1.148121603907505,0.86,0.23770033981042815,0,0.03521153876624025,4.977386176665366,0.16591287255551218,1,1.0,1.3625521939902838,300,main
0.85,0.15000000000000002,0,12,2.283146293138548,0.9915578364879355,0.7333333333333333,0.4110280930456536,0,0.06805513701869419,4.014176540404063,0.1338058846801354,1,1.0,1.35297642808596,300,main
0.85,0.15000000000000002,0,13,2.267931608944204,0.9849501830984313,0.77,0.43274465488056213,0,0.049987677734834715,7.045530029433728,0.2348510009811242,1,0.725,1.3433208030788328,300,main
0.85,0.15000000000000002,0,14,3.029503528312099,1.3156966652523765,0.63,0.21800996652840093,0,0.2040755753609531,2.0153302595126044,0.06717767531708681,1,0.75,1.2722354273757293,300,main
0.85,0.15000000000000002,0,15,2.623581545264254,1.139406987931472,0.6833333333333333,0.27103318969800794,0,0.01540248229462705,0.3901186643091026,0.013003955476970084,1,0.41,1.2026599698255256,300,main
0.85,0.15000000000000002,0,16,2.6778200026262926,1.16296245067075,0.47333333333333333,0.23763804132948782,0,0.2324434198222814,16.039717310214503,0.5346572436738166,0,0.785,1.3303897107221103,300,main
0.85,0.15000000000000002,0,17,2.782547503917293,1.2084450265849471,0.91,0.27140315511215024,0,0.028303590919416165,8.264734900223509,0.27549116334078355,0,0.675,1.3338320145937392,300,main
0.85,0.15000000000000002,0,18,2.531190951979436,1.0992822630881078,0.8966666666666666,0.2611952687245698,0,0.06551918165897845,1.455308659559551,0.04851028865198503,1,0.68,1.3007515681404898,300,main
0.85,0.15000000000000002,0,19,2.7680272826825827,1.202138974626698,0.9266666666666666,0.24857666967427056,0,0.001273840879481349,1.1468611317413169,0.038228704391377225,1,0.725,1.3000397280127134,300,main
0.85,0.15000000000000002,1,0,2.0182156998378016,0.8764999417300667,0.38333333333333336,0.4973171578357926,0,0.08728305327873041,18.210045821444247,0.6070015273814747,0,0.675,1.3012685868926102,300,main
0.85,0.15000000000000002,1,1,2.6300200879174827,1.1422032114772678,0.9333333333333333,0.24327984501491348,0,0.0035777620531681105,0.725642797228987,0.024188093240966227,1,0.71,1.3072955203943937,300,main
0.85,0.15000000000000002,1,2,2.2076553342967484,0.9587725296293567,0.54,0.3469106119497846,0,0.1374090646388476,10.02630861979103,0.3342102873263676,0,0.155,1.2190720923532905,300,main
0.85,0.15000000000000002,1,3,2.6857027140842336,1.1663858687593691,0.74,0.30064527835797167,0,0.0398446074668934,4.345882363930293,0.14486274546434305,1,0.415,1.18761519127306,300,main
0.85,0.15000000000000002,1,4,2.4420391580815872,1.0605641309464962,0.7833333333333333,0.31391363930144045,0,0.0437389563856143,9.386650035682548,0.31288833452275155,0,0.45,1.2815429895404793,300,main
0.85,0.15000000000000002,1,5,2.9929325561000732,1.2998140938228562,0.7066666666666667,0.17112574116258172,0,0.10936505055446097,0.18752545114796293,0.006250848371598764,1,0.445,1.0036637798580417,300,main
0.85,0.15000000000000002,1,6,2.5466975741273243,1.1060167035198945,0.7866666666666666,0.2826905254157868,0,0.06298476812986675,2.2973774763346775,0.07657924921115591,1,1.0,1.3682661188154304,300,main
0.85,0.15000000000000002,1,7,2.720673935902402,1.1815736774204149,0.8966666666666666,0.17374051434221838,0,0.04969358172015273,1.551387502830781,0.05171291676102603,1,0.665,1.1916488539999555,300,main
0.85,0.15000000000000002,1,8,2.249442478234196,0.9769204556558869,0.41333333333333333,0.38932587015052017,0,0.1301884851042716,10.194765539290096,0.3398255179763365,0,0.77,1.332232661402444,300,main
0.85,0.15000000000000002,1,9,2.5410663100527597,1.103571076606171,0.6933333333333334,0.22181384140696556,0,0.11266398911992745,0.27274561947778775,0.009091520649259591,1,0.7,1.2494516055018092,300,main
0.85,0.15000000000000002,1,10,2.1274930726511054,0.9239585017397691,0.9,0.45426233513393544,0,0.021580671122493542,6.859465683192811,0.22864885610642702,0,0.67,1.3171025680558364,300,main
0.85,0.15000000000000002,1,11,2.123875813007676,0.9223875458370162,0.4166666666666667,0.4477424513430678,0,0.08232758102000323,0.7749584982404079,0.025831949941346924,1,0.72,1.338548583138913,300,main
0.85,0.15000000000000002,1,12,2.2873276427430738,0.9933737735480893,0.32,0.3680964193300222,0,0.17272527634258925,11.77427057941587,0.3924756859805289,0,0.755,1.3028174114257465,300,main
0.85,0.15000000000000002,1,13,2.750406526266104,1.1944863773480598,0.8833333333333333,0.26708515624647416,0,0.0607684363233492,0.15265027836689482,0.005088342612229827,1,0.43,1.3179961648318037,300,main
0.85,0.15000000000000002,1,14,2.4827335265831234,1.0782374706312507,0.76,0.3170390547007353,0,0.1451757168969361,3.522228085528151,0.11740760285093833,1,0.74,1.3437823201887809,300,main
0.85,0.15000000000000002,1,15,2.165058235445537,0.9402728446531882,0.74,0.5310129161632362,0,0.020151455405561895,1.087740119519054,0.03625800398396846,1,0.43,1.313548655867225,300,main
0.85,0.15000000000000002,1,16,2.5544495345110816,1.1093833371384927,0.8166666666666667,0.3737162408275166,0,0.06744930468637772,0.11948639917840342,0.003982879972613447,1,0.4,1.2850879034822877,300,main
0.85,0.15000000000000002,1,17,2.7667888203208264,1.2016011172569427,0.8766666666666667,0.17780132171080618,0,0.07803516459181004,0.3988127547958076,0.013293758493193584,1,0.475,1.1297954425730197,300,main
0.85,0.15000000000000002,1,18,2.153803149826797,0.9353848230756205,0.8333333333333334,0.35482040452382324,0,0.02714372256962694,0.026888237473360332,0.0008962745824453443,1,0.22,1.2323283259016447,300,main
0.85,0.15000000000000002,1,19,2.630996878862968,1.142627426394865,0.9033333333333333,0.22353456955865914,0,0.03644095801571274,2.278448174571057,0.07594827248570189,1,0.715,1.203618873160064,300,main
0.85,0.15000000000000002,2,0,2.7598218474369856,1.198575399377921,0.8433333333333334,0.21207281854303972,0,0.009996628963628407,1.7329771461702559,0.05776590487234185,1,0.41,1.314154926800392,300,main
0.85,0.15000000000000002,2,1,2.24574363899127,0.9753140701832369,0.44333333333333336,0.4902280756921641,0,0.22403268196740608,10.03059229664187,0.334353076554729,0,0.23,1.186511175222602,300,main
0.85,0.15000000000000002,2,2,2.3427976838689277,1.0174641063199947,0.42,0.4590280549168276,0,0.19134092841550288,13.653858523331962,0.4551286174443987,0,0.47,1.25846745343775,300,main
0.85,0.15000000000000002,2,3,2.691822593835631,1.1690436987653128,0.8166666666666667,0.20598309029547912,0,0.07207035321290405,5.769062280522097,0.1923020760174032,0,0.385,1.1672467407708362,300,main
0.85,0.15000000000000002,2,4,2.8698670745436536,1.2463674342701365,0.42333333333333334,0.13433539631487898,0,0.19729555821414244,17.568130768444686,0.5856043589481561,0,0.495,1.240151046034803,300,main
0.85,0.15000000000000002,2,5,2.6193994357273254,1.1375907208368687,0.32,0.20561589060366703,0,0.4380399613909459,29.000659009016278,0.9666886336338758,0,0.56,1.265070690014124,300,main
0.85,0.15000000000000002,2,6,2.595724284477416,1.1273087332908083,0.42,0.2624937552550446,0,0.14283152979211916,0.29319138920385623,0.009773046306795206,1,0.505,1.2813464018491945,300,main
0.85,0.15000000000000002,2,7,2.4326304883958665,1.056477997619937,0.74,0.25473576032670187,0,0.06383434888416939,0.3581121128196918,0.011937070427323058,1,0.415,1.2145326084586947,300,main
0.85,0.15000000000000002,2,8,2.1333258587874364,0.9264916485728993,0.51,0.5061776574388827,0,0.058151782382769746,0.0065700539063962005,0.0002190017968798733,1,0.215,1.1722850037625379,300,main
0.85,0.15000000000000002,2,9,2.754019751712842,1.196055581221451,0.81,0.2722964015449607,0,0.04434703414389295,0.38299556801804635,0.012766518933934877,1,0.495,1.2655267715719292,300,main
0.85,0.15000000000000002,2,10,2.2766313127111673,0.9887284164386163,0.5,0.5252331938851992,0,0.4214656203986942,14.28086631616855,0.47602887720561826,0,0.56,1.2209003228527338,300,main
0.85,0.15000000000000002,2,11,2.150523967998755,0.9339606925025445,0.7066666666666667,0.3950615556465806,0,0.12353241055033345,0.17870628084082352,0.00595687602802745,1,0.45,1.2189680965528853,300,main
0.85,0.15000000000000002,2,12,2.92223033340388,1.2691085086476046,0.9333333333333333,0.12585091018569694,0,0.020474799909142756,3.7675960499451766,0.12558653499817254,1,0.685,1.3434745218828326,300,main
0.85,0.15000000000000002,2,13,2.075443465254431,0.9013536444621624,0.5933333333333334,0.4879141598500166,0,0.07332991136315026,0.35500120808347746,0.01183337360278258,1,0.515,1.264495847558309,300,main
0.85,0.15000000000000002,2,14,2.173212125599543,0.943814034153118,0.7,0.4955528551263052,0,0.03867306537889023,10.488053451320939,0.3496017817106979,0,0.665,1.3027224180563581,300,main
0.85,0.15000000000000002,2,15,2.2662595110313903,0.9842240002016946,0.73,0.4192436669678801,0,0.07619463181112655,17.438098778182503,0.58126995927275,0,0.715,1.3096460160459302,300,main
0.85,0.15000000000000002,2,16,2.4573611636456643,1.0672183934146657,0.36,0.3392048334807051,0,0.2566804314105521,19.858190208020055,0.6619396736006684,0,0.48,1.2600904022036181,300,main
0.85,0.15000000000000002,2,17,1.9941269176992054,0.866038316571505,0.5233333333333333,0.576200997542094,0,0.04275249554539061,1.8951534625005984,0.06317178208335326,1,0.74,1.341168527587466,300,main
0.85,0.15000000000000002,2,18,2.506372661609784,1.0885038165302952,0.58,0.2821009902126111,0,0.5391109561121932,29.219282632344303,0.9739760877448099,0,0.565,1.2140993161446914,300,main
0.85,0.15000000000000002,2,19,2.1265176573695754,0.9235348842654363,0.46,0.42210088279587127,0,0.5171789944732723,29.472805919133055,0.9824268639711017,0,0.535,1.2052677985528044,300,main
0.85,0.15000000000000002,3,0,2.104198951238755,0.9138419933496013,0.7033333333333334,0.3913544516313773,0,0.02719934042213619,7.504133921477929,0.2501377973825976,0,0.405,1.2569115325334117,300,main
0.85,0.15000000000000002,3,1,2.040798326017779,0.8863074516669148,0.08,0.5076612307077571,0,0.48034990373527386,19.964732519129985,0.6654910839709994,0,0.445,1.150206633249967,300,main
0.85,0.15000000000000002,3,2,2.1932837033126837,0.9525310095970273,0.49666666666666665,0.5194658179443822,0,0.3396783648499301,21.453369147003023,0.7151123049001007,0,0.71,1.278185957947216,300,main
0.85,0.15000000000000002,3,3,2.0430518674378058,0.8872861522703729,0.9133333333333333,0.4583300680393007,0,0.007872215264494171,3.371450221269312,0.11238167404231038,1,0.75,1.3215917695157346,300,main
0.85,0.15000000000000002,3,4,2.2253727150927847,0.9664670903428534,0.64,0.318987875602978,0,0.2585647318057924,19.085466558975657,0.6361822186325219,0,0.51,1.1884204562835612,300,main
0.85,0.15000000000000002,3,5,3.28489698080066,1.4266126323823787,1.0,0.012444033744276911,0,0.002808401243027222,1.5316598203181153,0.05105532734393717,1,0.735,1.2678759687639851,300,main
0.85,0.15000000000000002,3,6,2.772313242270709,1.2040003432254818,0.5466666666666666,0.204741375922105,0,0.27520989113118544,4.794684385272302,0.15982281284241004,1,0.49,1.2389147499242101,300,main
0.85,0.15000000000000002,3,7,2.4789566938116585,1.0765972129995325,0.5433333333333333,0.27822121289160473,0,0.36083262494590873,10.002026208018783,0.33340087360062604,0,0.235,1.0020294605221944,300,main
0.85,0.15000000000000002,3,8,2.594223545418793,1.1266569705988723,0.74,0.23316907438558854,0,0.1034918892810993,1.2770779430699541,0.042569264768998465,1,0.44,1.1967369250640503,300,main
0.85,0.15000000000000002,3,9,2.194219549299049,0.952937442344817,0.31,0.5333032655750799,0,0.36117799361957026,21.863475228903802,0.7287825076301265,0,0.535,1.3017324767539393,300,main
0.85,0.15000000000000002,3,10,2.5352246846884374,1.1010340909451,0.7066666666666667,0.3534922187838921,0,0.027716168127172414,0.4709061760975741,0.0156968725365858,1,0.39,1.2241164297976672,300,main
0.85,0.15000000000000002,3,11,2.273439824575386,0.987342370752187,0.59,0.4314495787490485,0,0.008652805945033183,0.2860662956824911,0.009535543189416368,1,0.66,1.2663088241281653,300,main
0.85,0.15000000000000002,3,12,2.525360014607604,1.0967499191631978,0.12333333333333334,0.2778647533344586,0,0.14055574024528444,19.48259151489665,0.6494197171632217,0,0.71,1.3489582482081395,300,main
0.85,0.15000000000000002,3,13,2.399181509893857,1.041951290831214,0.44666666666666666,0.35957147095743863,0,0.2184965189847017,19.634718884888553,0.654490629496285,0,0.505,1.2347161623944483,300,main
0.85,0.15000000000000002,3,14,2.4394879420946087,1.059456151921208,0.5166666666666667,0.3021584469689151,0,0.06249399399682981,0.02614185006197256,0.0008713950020657518,1,0.235,1.1652961154542156,300,main
0.85,0.15000000000000002,3,15,1.860435809618228,0.8079770060524053,0.43,0.5658989334095861,0,0.050047572482335434,2.1853411352196983,0.07284470450732326,1,0.455,1.2972267787313538,300,main
0.85,0.15000000000000002,3,16,2.3995451583280683,1.0421092213395449,0.2633333333333333,0.37205607358643095,0,0.08483205684019962,15.623586723179042,0.520786224105968,0,0.7,1.3346094912902768,300,main
0.85,0.15000000000000002,3,17,2.311074515031775,1.0036869091455336,0.8733333333333333,0.3714618714471905,0,0.03163034191423281,5.538925929915756,0.18463086433052517,1,0.69,1.2417611120507361,300,main
0.85,0.15000000000000002,3,18,2.973772693284046,1.2914930711278323,0.9366666666666666,0.13606858658059476,0,0.035132814416513815,0.7669572126585311,0.025565240421951033,1,0.47,1.1632475748519995,300,main
0.85,0.15000000000000002,3,19,2.2588187562033513,0.9809925214386821,0.31333333333333335,0.34702213445753416,0,0.06095208640312599,9.894207302619973,0.32980691008733237,0,0.465,1.2462735997911614,300,main
0.85,0.15000000000000002,4,0,1.9510615137797958,0.8473352492883706,0.5566666666666666,0.5568107155172749,0,0.1586335775173792,11.8135817099001,0.39378605699666996,0,1.0,1.3564629499021552,300,main
0.85,0.15000000000000002,4,1,2.3876397646835463,1.0369387745748428,0.7066666666666667,0.2815148722193811,0,0.1456721255839702,4.7736686215744175,0.15912228738581388,1,0.755,1.199120004179823,300,main
0.85,0.15000000000000002,4,2,2.4581645143504107,1.0675672841927704,0.2866666666666667,0.38126139566608286,0,0.17075188529348154,19.813325453896663,0.6604441817965553,0,1.0,1.373462163391363,300,main
0.85,0.15000000000000002,4,3,2.216009170874479,0.9624005547577862,0.18333333333333332,0.41238478292210734,0,0.40310994138736206,20.75637963425705,0.6918793211419016,0,0.565,1.2714849230722312,300,main
0.85,0.15000000000000002,4,4,2.265660828467751,0.9839639956678938,0.79,0.413343853095241,0,0.035054687548382556,9.508977502882415,0.3169659167627471,0,0.635,1.2995623992877718,300,main
0.85,0.15000000000000002,4,5,2.3611457280177564,1.0254325606475476,0.24333333333333335,0.2709236406264193,0,0.30058298524057214,19.47222279413617,0.6490740931378721,0,0.53,1.1338213684258367,300,main
0.85,0.15000000000000002,4,6,1.4490831584240564,0.6293288195225032,0.24333333333333335,0.7565799256390816,0,0.13066225440629176,14.41239819990152,0.4804132733300506,0,1.0,1.3762330220917989,300,main
0.85,0.15000000000000002,4,7,3.035053361980813,1.3181069273901798,0.77,0.17697442317136872,0,0.09095303358184068,0.07604374856549079,0.0025347916188496926,1,0.425,1.1316383621173953,300,main
0.85,0.15000000000000002,4,8,2.366515467380471,1.0277646088220331,0.5433333333333333,0.4442710813173045,0,0.19086306393186092,8.98525897603491,0.29950863253449694,1,0.795,1.3190349251106408,300,main
0.85,0.15000000000000002,4,9,2.8271630466976077,1.2278213106215563,0.97,0.13137731173474548,0,0.00396155346782192,2.986076366691104,0.09953587888970344,1,0.435,1.2865310156821774,300,main
0.85,0.15000000000000002,4,10,2.2961398331236813,0.9972008592038684,0.44,0.3752142418151903,0,0.3870482855267731,29.830732585483755,0.9943577528494584,0,0.425,1.3037290419761365,300,main
0.85,0.15000000000000002,4,11,2.161087647959337,0.9385484404180173,0.45,0.5191257732730142,0,0.19480845434205324,0.027884906465980297,0.0009294968821993431,1,0.215,1.1568175533856733,300,main
0.85,0.15000000000000002,4,12,1.7855997131067693,0.7754761022902994,0.4066666666666667,0.6465139721429236,0,0.14644926200628847,17.10590818697958,0.5701969395659859,0,1.0,1.3698853342423827,300,main
0.85,0.15000000000000002,4,13,2.2586375140319306,0.9809138089637459,0.47333333333333333,0.30713307995226996,0,0.11672155269049342,0.0003124117820940686,1.0413726069802285e-05,1,0.24,1.0452831053828908,300,main
0.85,0.15000000000000002,4,14,1.9489316579481466,0.8464102646534359,0.6633333333333333,0.4908380717239143,0,0.0765570963811356,1.871487161954144,0.06238290539847146,1,0.49,1.3116507535027144,300,main
0.85,0.15000000000000002,4,15,1.8614277424951353,0.8084077970272643,0.16333333333333333,0.5231969752006151,0,0.35077469074726886,19.95886043479113,0.6652953478263709,0,0.28,1.1953175897475319,300,main
0.85,0.15000000000000002,4,16,2.4000839723147807,1.042343225280746,0.4633333333333333,0.2851436038427544,0,0.17512344643624456,17.655303105029777,0.5885101035009924,0,0.445,1.1804355642425184,300,main
0.85,0.15000000000000002,4,17,2.399850218215345,1.042241707165239,0.8933333333333333,0.3307656916707853,0,0.0035268481335979616,1.4533286849546079,0.04844428949848692,1,0.69,1.312551969134751,300,main
0.85,0.15000000000000002,4,18,2.2149130397587706,0.9619245110627916,0.6366666666666667,0.3721553809209025,0,0.03705655191594584,2.4982564164124756,0.08327521388041584,1,0.335,1.1993560497249791,300,main
0.85,0.15000000000000002,4,19,2.3433413013963937,1.0177001964124388,0.8233333333333334,0.35474438374182976,0,0.01667678571115664,0.6259010596408376,0.020863368654694583,1,0.74,1.3284910599986168,300,main
0.9,0.09999999999999998,0,0,2.115038911642529,0.9185497283370099,0.17666666666666667,0.53096923023703,0,0.18489946976989197,10.638924781301762,0.354630826043392,0,0.49,1.2765711478365742,300,main
0.9,0.09999999999999998,0,1,2.695252201812017,1.1705331585845484,0.36333333333333334,0.33376037975476586,0,0.2241709813509638,10.014146573535193,0.3338048857845064,0,0.255,1.1566107554727942,300,main
0.9,0.09999999999999998,0,2,2.512774274806833,1.0912840018170527,0.8666666666666667,0.3187531008764944,0,0.010767021047318137,1.5503758561603798,0.05167919520534599,1,0.76,1.3311218842963333,300,main
0.9,0.09999999999999998,0,3,2.03764576173779,0.8849383103962702,0.43333333333333335,0.43862888711213505,0,0.6106327787709951,24.738008593909957,0.8246002864636651,0,0.59,1.1453558107667356,300,main
0.9,0.09999999999999998,0,4,2.46947884097975,1.0724810338143431,0.7933333333333333,0.2977350566348517,0,0.11980484675988112,8.360652385625672,0.27868841285418905,1,0.735,1.3414403820025287,300,main
0.9,0.09999999999999998,0,5,2.4291926964294595,1.054984983538995,0.54,0.3530261219891859,0,0.0950850074652779,0.3639105701496059,0.012130352338320195,1,0.735,1.2829669113594964,300,main
0.9,0.09999999999999998,0,6,2.9581828753828154,1.2847224992394513,0.67,0.11689679611198424,0,0.05650091986263531,1.6262325373378572,0.05420775124459523,1,0.74,1.3306810959726962,300,main
0.9,0.09999999999999998,0,7,2.8826535364282417,1.2519205241096798,0.3233333333333333,0.2086383365738084,0,0.18210054680390747,13.005006310886086,0.43350021036286945,0,0.505,1.2720565123483112,300,main
0.9,0.09999999999999998,0,8,2.182230110896262,0.9477304954053676,0.18333333333333332,0.4627224395390641,0,0.14507294457084915,12.425235970735166,0.4141745323578388,0,1.0,1.365556348295836,300,main
0.9,0.09999999999999998,0,9,2.8166402572038685,1.2232513212101959,0.91,0.22372785058875147,0,0.01080957896782456,0.17889694225331487,0.0059632314084438285,1,0.455,1.2960875267624523,300,main
0.9,0.09999999999999998,0,10,2.5126559743988794,1.0912326246026716,0.25666666666666665,0.34238136080950043,0,0.15016966095365814,7.947140001588027,0.26490466671960083,1,0.745,1.3185416243372488,300,main
0.9,0.09999999999999998,0,11,1.3471895121478636,0.585076971203751,0.11,0.8098559051383222,0,0.1347180084104042,19.20340102308661,0.6401133674362203,0,0.685,1.3086711413261956,300,main
0.9,0.09999999999999998,0,12,2.321770135935443,1.0083319582845256,0.4266666666666667,0.30997544661531795,0,0.4203517181565914,10.095612280619154,0.33652040935397176,0,0.515,0.9967353101665352,300,main
0.9,0.09999999999999998,0,13,2.6110879067402553,1.1339810696616053,0.34,0.28712185261113166,0,0.1324302950114798,19.23527002008626,0.6411756673362087,0,0.5,1.312689218672196,300,main
0.9,0.09999999999999998,0,14,2.1000945448050343,0.9120594722839479,0.29333333333333333,0.47507864139977635,0,0.2730194983362084,16.7380276357099,0.5579342545236633,0,0.765,1.3276922611626532,300,main
0.9,0.09999999999999998,0,15,2.2162988297670023,0.9625263520164435,0.23666666666666666,0.5278941000080017,0,0.05165000860838852,0.08082068525606667,0.0026940228418688887,1,0.41,1.2872156078631745,300,main
0.9,0.09999999999999998,0,16,2.3064482017141223,1.0016777268001216,0.49,0.41747661408948206,0,0.1642157050683585,0.7832004091784195,0.026106680305947313,1,0.54,1.2896743848938657,300,main
0.9,0.09999999999999998,0,17,2.7732731673714524,1.204417233399775,0.9366666666666666,0.2211474026091635,0,0.020433146590432855,0.181588410574679,0.006052947019155966,1,0.39,1.3141820241075162,300,main
0.9,0.09999999999999998,0,18,2.634947674311596,1.1443432350573328,0.7066666666666667,0.19643921968767405,0,0.22811306661512804,2.2565974702140554,0.07521991567380185,1,0.44,1.2676496713997851,300,main
0.9,0.09999999999999998,0,19,2.2047329048418716,0.957503334643352,0.49666666666666665,0.4135873173013871,0,0.09023505889598235,7.034204738392252,0.2344734912797417,1,0.53,1.2759686595466608,300,main
0.9,0.09999999999999998,1,0,2.675249685909382,1.1618461763038521,0.7,0.25571695522179994,0,0.05344611604050538,0.6846076937285783,0.022820256457619273,1,0.45,1.2574642836856023,300,main
0.9,0.09999999999999998,1,1,2.7706136008079274,1.203262198316982,0.5433333333333333,0.32204596405329294,0,0.1579064101560527,2.970932981683394,0.09903109938944646,1,0.765,1.2832879099899968,300,main
0.9,0.09999999999999998,1,2,2.1380772248891424,0.9285551406523723,0.7166666666666667,0.5070825995239645,0,0.02281315198283073,0.2892282727561257,0.00964094242520419,1,0.345,1.2608098776930219,300,main
0.9,0.09999999999999998,1,3,2.192315292656012,0.9521104341926186,0.4,0.4479104474071778,0,0.043897081580841005,9.226010234091852,0.3075336744697284,0,0.635,1.3543542480712205,300,main
0.9,0.09999999999999998,1,4,2.043067812836852,0.8872930772691905,0.4666666666666667,0.42406915722652117,0,0.25074254314261907,1.491548082215427,0.049718269407180896,1,0.54,1.2119439583932317,300,main
0.9,0.09999999999999998,1,5,2.1046083421191017,0.9140197895498768,0.21,0.46771013597780703,0,0.13666998132008698,10.082402927769479,0.33608009759231594,0,0.525,1.1868328969072648,300,main
0.9,0.09999999999999998,1,6,2.0236350016807774,0.8788535146162392,0.2833333333333333,0.4600567461155081,0,0.21996965215254904,4.120735940367154,0.13735786467890512,1,0.71,1.211703517214151,300,main
0.9,0.09999999999999998,1,7,2.4571152981820488,1.0671116154005271,0.09666666666666666,0.3916174201361893,0,0.1810789346650811,10.145022568137453,0.338167418937915,0,0.81,1.2590329717439102,300,main
0.9,0.09999999999999998,1,8,2.6798344664697593,1.1638373212019615,0.9066666666666666,0.27898262732732215,0,0.050572381227965674,3.802706408774897,0.12675688029249657,1,1.0,1.371344196485233,300,main
0.9,0.09999999999999998,1,9,2.5999005102312913,1.1291224450908988,0.41,0.3584976373470139,0,0.55181848667028,29.868369294269225,0.9956123098089741,0,0.55,1.2267831115355126,300,main
0.9,0.09999999999999998,1,10,2.3214714721024055,1.0082022502298935,0.6966666666666667,0.42799325222809975,0,0.13050038284550025,11.466651443793118,0.3822217147931039,0,0.78,1.3458174401135639,300,main
0.9,0.09999999999999998,1,11,2.1393743830909298,0.9291184893015645,0.6533333333333333,0.458353099329247,0,0.014966820143439467,0.6836522059919803,0.02278840686639934,1,0.71,1.3058876343678936,300,main
0.9,0.09999999999999998,1,12,2.369149625635653,1.0289086092167186,0.8833333333333333,0.28424592151395683,0,0.06576060178806063,0.23970711765531894,0.007990237255177297,1,0.435,1.2940726611376712,300,main
0.9,0.09999999999999998,1,13,2.3180001847107268,1.006694689270587,0.6233333333333333,0.3276950495538255,0,0.16026824874143392,0.6084446956464318,0.020281489854881055,1,0.43,1.2484866154884053,300,main
0.9,0.09999999999999998,1,14,2.6509783278503583,1.15130525943052,0.76,0.2738626620121132,0,0.019148989929432855,4.973646178389318,0.16578820594631058,1,0.49,1.2276978738308184,300,main
0.9,0.09999999999999998,1,15,2.581206566806273,1.1210037686164014,0.5733333333333334,0.28426590333259494,0,0.4494270959100785,29.867956732834266,0.995598557761142,0,0.545,1.2804335355524026,300,main
0.9,0.09999999999999998,1,16,2.77855917914814,1.206712919145666,0.7133333333333334,0.2690230069835396,0,0.10914754428996537,0.1873609105777163,0.006245363685923876,1,0.56,1.260750535274571,300,main
0.9,0.09999999999999998,1,17,2.8459697915416893,1.2359889761299034,0.8866666666666667,0.14931290348942472,0,0.06692701143414251,0.28523206139890456,0.009507735379963484,1,0.45,1.267454428990289,300,main
0.9,0.09999999999999998,1,18,2.8887242411752503,1.2545569976825697,0.9466666666666667,0.1513758397326258,0,0.024503037940630044,0.028561764415047097,0.0009520588138349031,1,0.22,1.2411892276934984,300,main
0.9,0.09999999999999998,1,19,1.8440457377289416,0.8008588882728905,0.6,0.43787287025495253,0,0.06929973917411503,0.002425277292827932,8.084257642759772e-05,1,0.25,1.1586570738081619,300,main
0.9,0.09999999999999998,2,0,2.238653740263989,0.9722349662887259,0.10333333333333333,0.39536427057345047,0,0.4306875799298354,27.273842912856388,0.9091280970952128,0,0.59,1.2752130239255373,300,main
0.9,0.09999999999999998,2,1,2.8786799640667753,1.2501948235596518,0.25,0.17130956120888374,0,0.30294302834450937,16.538627333507584,0.5512875777835861,0,0.815,1.3039317930153993,300,main
0.9,0.09999999999999998,2,2,2.424244882897424,1.0528361754245459,0.5,0.3420076817200153,0,0.10989961381330085,0.005307115210179125,0.00017690384033930415,1,0.2,1.1961453316871542,300,main
0.9,0.09999999999999998,2,3,2.557931006459218,1.1108953211944694,0.38666666666666666,0.36948646725819606,0,0.2385115313128169,10.076267661593741,0.3358755887197913,0,0.52,1.2397121199231296,300,main
0.9,0.09999999999999998,2,4,2.45119256930315,1.0645394069306122,0.13333333333333333,0.32968602806738107,0,0.0698401090733653,10.97666612788657,0.36588887092955225,0,0.715,1.2893002054265637,300,main
0.9,0.09999999999999998,2,5,2.5479737212250164,1.106570927162519,0.5566666666666666,0.27693522505013085,0,0.11069671025131886,3.3923958621910777,0.1130798620730359,1,0.44,1.2369324622060203,300,main
0.9,0.09999999999999998,2,6,2.21438602371153,0.9616956309016007,0.21,0.4640812621752671,0,0.2675830562671828,17.04073656094886,0.5680245520316286,0,0.745,1.3064645093913079,300,main
0.9,0.09999999999999998,2,7,2.936032158884178,1.2751025652938899,0.5333333333333333,0.16624756287856765,0,0.35669698233488056,8.136752471413871,0.27122508238046233,1,0.49,1.1985093758520118,300,main
0.9,0.09999999999999998,2,8,2.644334253128544,1.148419774441483,0.46,0.27421517094029385,0,0.0429895793148799,8.331139769461455,0.27770465898204844,0,1.0,1.3569925412284185,300,main
0.9,0.09999999999999998,2,9,2.2407618839198924,0.9731505214455437,0.13333333333333333,0.3446116217416829,0,0.014305517163098858,2.6705066287078028,0.08901688762359342,1,0.495,1.2601413806466257,300,main
0.9,0.09999999999999998,2,10,1.8336263198983211,0.7963337926044076,0.30666666666666664,0.6151690901334643,0,0.10261291332498765,0.7487959071300565,0.02495986357100188,1,0.775,1.3345779890709681,300,main
0.9,0.09999999999999998,2,11,2.739790819623549,1.1898760345316948,0.73,0.27860644745299595,0,0.09624540388526374,0.0006578480060470682,2.1928266868235603e-05,1,0.24,1.1341326214053293,300,main
0.9,0.09999999999999998,2,12,2.3552278748156987,1.0228624696571806,0.4,0.36819955721373904,0,0.08341862623973043,0.8291913463519096,0.027639711545063648,1,0.45,1.1426732813378977,300,main
0.9,0.09999999999999998,2,13,2.249044790391214,0.9767477420201597,0.8433333333333334,0.3678987307566814,0,0.036240505895822145,0.016426063841817884,0.0005475354613939294,1,0.23,1.171020624426126,300,main
0.9,0.09999999999999998,2,14,2.140571696620162,0.9296384759604179,0.49,0.45661827792735804,0,0.08344632281364567,6.25320570893787,0.20844019029792898,1,1.0,1.378144311497355,300,main
0.9,0.09999999999999998,2,15,2.132714473098574,0.9262261271419121,0.52,0.33618115869607806,0,0.060880602357104976,0.011886024965485076,0.0003962008321828358,1,0.145,1.2288254448998568,300,main
0.9,0.09999999999999998,2,16,2.3716510531608894,1.02999496538781,0.57,0.36267308959040717,0,0.06047053625404229,4.3016755423714415,0.1433891847457147,1,1.0,1.3701951828554029,300,main
0.9,0.09999999999999998,2,17,2.193452412179526,0.9526042789269453,0.9233333333333333,0.43837150428194943,0,0.056517239021700576,0.6665475747043625,0.022218252490145415,1,0.74,1.3423644317552805,300,main
0.9,0.09999999999999998,2,18,2.5304626991341332,1.0989659868959625,0.53,0.40071316144047775,0,0.10342398201913962,10.058716160965425,0.33529053869884745,0,0.445,1.273053480192639,300,main
0.9,0.09999999999999998,2,19,2.622382136013521,1.1388860911123344,0.2833333333333333,0.36145379833216074,0,0.271533568189845,19.405880413096863,0.646862680436562,0,0.47,1.2655937334546314,300,main
0.9,0.09999999999999998,3,0,2.4971678901760717,1.0845062350894534,0.20333333333333334,0.3730160193158271,0,0.31104742735318824,19.098424078812563,0.6366141359604186,0,0.825,1.2905017357151922,300,main
0.9,0.09999999999999998,3,1,2.0927733155991124,0.9088799028390672,0.5066666666666667,0.5100494811403085,0,0.17342486692574294,19.83256482054685,0.6610854940182282,0,1.0,1.3649868927643323,300,main
0.9,0.09999999999999998,3,2,2.551192457765727,1.1079688066808502,0.8066666666666666,0.32030171840773886,0,0.04589414423986254,3.4993760246655183,0.11664586748885059,1,0.45,1.177626432229255,300,main
0.9,0.09999999999999998,3,3,1.7059872873370983,0.740900865087599,0.3333333333333333,0.5797515951903071,0,0.020017145423841053,2.7504829484921722,0.09168276494973907,1,0.545,1.2412528507102731,300,main
0.9,0.09999999999999998,3,4,2.7043610413876142,1.1744890773487724,0.89,0.32378321710521674,0,0.01672829597072713,6.760635994402064,0.22535453314673545,0,0.43,1.2496049301050076,300,main
0.9,0.09999999999999998,3,5,2.294012475973719,0.9962769597326021,0.5733333333333334,0.4143742785389671,0,0.0872149246013797,11.833001418766115,0.3944333806255371,0,0.735,1.2798017708218339,300,main
0.9,0.09999999999999998,3,6,2.718859341375024,1.1807856090302822,0.93,0.23772177311298384,0,0.006454407042552993,4.355950985903833,0.14519836619679444,1,0.68,1.3050841621704334,300,main
0.9,0.09999999999999998,3,7,2.467642124100639,1.0716833578089267,0.1,0.3573430681125563,0,0.10952749957913777,7.37701094616069,0.24590036487202294,1,1.0,1.3782734211000718,300,main
0.9,0.09999999999999998,3,8,2.579378780118076,1.1202099709436217,0.73,0.3033052719750845,0,0.13586109298910498,0.14175439587089111,0.004725146529029703,1,0.205,1.2652888940438767,300,main
0.9,0.09999999999999998,3,9,2.476714852144734,1.0756235935342864,0.26,0.3144613668770385,0,0.18509181101322958,13.039940887559782,0.43466469625199267,0,0.76,1.3570926590741583,300,main
0.9,0.09999999999999998,3,10,2.414026793064588,1.048398515394554,0.9433333333333334,0.3367049217101499,0,0.04656584640655384,2.768416795566886,0.09228055985222952,1,1.0,1.3681627083405685,300,main
0.9,0.09999999999999998,3,11,2.435092792406616,1.057547362664574,0.85,0.44423216260542175,0,0.012036214445372846,1.31478326381827,0.043826108793942324,1,0.42,1.2466140431727908,300,main
0.9,0.09999999999999998,3,12,1.848935293283242,0.8029823952690823,0.36,0.41485921829800104,0,0.328402995212722,10.00510431329515,0.33350347710983824,0,0.26,1.053407181728359,300,main
0.9,0.09999999999999998,3,13,2.4186377882680943,1.0504010451675188,0.25666666666666665,0.4417862675647036,0,0.16200161614169528,9.997917117473914,0.3332639039157971,0,0.25,1.140594980817633,300,main
0.9,0.09999999999999998,3,14,2.0375929421393564,0.8849153711361343,0.24666666666666667,0.518350115358177,0,0.21433688552643848,19.951885410045715,0.6650628470015237,0,0.24,1.2692795774239498,300,main
0.9,0.09999999999999998,3,15,2.2728642794336213,0.9870924146730321,0.5533333333333333,0.36155325783633857,0,0.23082754496189847,19.2836716925346,0.6427890564178199,0,0.525,1.2663809990514217,300,main
0.9,0.09999999999999998,3,16,2.694766580545159,1.1703222559480575,0.6066666666666667,0.26317362779853465,0,0.4856704006957696,20.579056817873283,0.685968560595776,0,0.515,1.1371828475923675,300,main
0.9,0.09999999999999998,3,17,2.5508625293978784,1.10782552061127,0.9066666666666666,0.19932630748179186,0,0.006114796912406018,0.564881567972858,0.018829385599095267,1,0.39,1.2558932610943494,300,main
0.9,0.09999999999999998,3,18,2.667819273948926,1.1586191893911584,0.5633333333333334,0.1809716009543041,0,0.10166582686021149,0.7028349290377323,0.023427830967924404,1,0.44,1.329385473388741,300,main
0.9,0.09999999999999998,3,19,2.114174547840283,0.9181743399073373,0.44333333333333336,0.43070377892115064,0,0.38490259098695734,28.802077516958608,0.9600692505652868,0,0.74,1.241751555701111,300,main
0.9,0.09999999999999998,4,0,2.679495235645057,1.1636899951267017,0.7766666666666666,0.2537728469343571,0,0.15677836621624525,1.9467930440245529,0.06489310146748509,1,0.755,1.3214499901922907,300,main
0.9,0.09999999999999998,4,1,2.35015495634736,1.0206593291592359,0.7066666666666667,0.4703313575298544,0,0.056218754581367034,0.19149657030720912,0.006383219010240303,1,0.44,1.3277516398934956,300,main
0.9,0.09999999999999998,4,2,1.9380340434213126,0.8416774907985232,0.6833333333333333,0.5283893585664988,0,0.021039230577290412,4.069634418755208,0.13565448062517357,1,0.395,1.263405288892936,300,main
0.9,0.09999999999999998,4,3,1.8118061848695022,0.7868574283670078,0.7033333333333334,0.6121142639534249,0,0.11735592133078662,17.429808471654994,0.580993615721833,0,1.0,1.3732894188430147,300,main
0.9,0.09999999999999998,4,4,2.6823690400101188,1.1649380725045173,0.6366666666666667,0.22167363383975563,0,0.11787288843100138,11.302271353513904,0.37674237845046343,0,1.0,1.36709524278467,300,main
0.9,0.09999999999999998,4,5,2.2336140112260545,0.9700462397772633,0.25333333333333335,0.4598144057170719,0,0.36906070424115306,20.018404556282555,0.667280151876085,0,0.29,1.241918280996309,300,main
0.9,0.09999999999999998,4,6,2.381686925443464,1.0343534893412178,0.07333333333333333,0.31391104489503063,0,0.3514851472011361,21.1091820607709,0.7036394020256966,0,0.795,1.2755969091932957,300,main
0.9,0.09999999999999998,4,7,2.32916567281414,1.0115437991416558,0.19333333333333333,0.3970409523309351,0,0.2620372266340694,19.769581699074283,0.6589860566358093,0,0.5,1.1461551191685238,300,main
0.9,0.09999999999999998,4,8,2.404209955075618,1.0441351168262059,0.28,0.3420855888444249,0,0.13735875539580103,0.6028464127723843,0.02009488042574614,1,0.765,1.3036292432859469,300,main
0.9,0.09999999999999998,4,9,2.4614827557034444,1.0690083781020159,0.44,0.32207295747613146,0,0.19503629341138662,19.850661978594133,0.6616887326198043,0,0.475,1.2551010331667758,300,main
0.9,0.09999999999999998,4,10,2.130170744196061,0.9251213997160924,0.17666666666666667,0.5055148802674078,0,0.2701226979754279,10.600982922996538,0.3533660974332179,0,0.575,1.2440537568881767,300,main
0.9,0.09999999999999998,4,11,1.7963423253349986,0.7801415595022458,0.2733333333333333,0.5842497135980909,0,0.29946419991175677,22.005244968131365,0.7335081656043787,0,0.555,1.3322482685784711,300,main
0.9,0.09999999999999998,4,12,2.2366217120702183,0.9713524676570994,0.3566666666666667,0.35496515396373773,0,0.23060971414157896,19.319146344307665,0.6439715448102554,0,0.43,1.1741747206430015,300,main
0.9,0.09999999999999998,4,13,1.9321321344798466,0.839114324312549,0.6566666666666666,0.5739899720428187,0,0.06294934498335843,2.8407725258707384,0.0946924175290246,1,1.0,1.3658152929205092,300,main
0.9,0.09999999999999998,4,14,2.489248115253728,1.0810667205427638,0.87,0.30425197743006577,0,0.088926711300739,9.970023795798754,0.3323341265266251,0,1.0,1.3799486408155905,300,main
0.9,0.09999999999999998,4,15,2.000078646502308,0.8686231195484769,0.5533333333333333,0.5059849103540592,0,0.16164283046766767,10.0023926025956,0.3334130867531866,0,0.24,1.1931510683287532,300,main
0.9,0.09999999999999998,4,16,2.131632304476125,0.9257561472806936,0.21666666666666667,0.5848411198509506,0,0.19396043012525793,11.271586880222062,0.3757195626740687,0,0.72,1.2843184896306021,300,main
0.9,0.09999999999999998,4,17,2.9494366951088216,1.2809240814087248,0.8766666666666667,0.22180483179019306,0,0.010989817339647254,2.686749886064849,0.08955832953549495,1,0.69,1.2437660751285686,300,main
0.9,0.09999999999999998,4,18,2.724732290940739,1.1833361986191688,0.25333333333333335,0.28760473320002633,0,0.053736421326872286,6.776971561024558,0.22589905203415192,1,0.695,1.3446150426825827,300,main
0.9,0.09999999999999998,4,19,2.7409298452690574,1.190370707084285,0.5733333333333334,0.3289566885958168,0,0.23746513131279923,10.77405054725748,0.35913501824191596,0,0.53,1.303417029339959,300,main
0.95,0.050000000000000044,0,0,2.4619682812455093,1.069219239165758,0.006666666666666667,0.31403270976189795,0,0.2779400655562332,25.436429831400176,0.8478809943800057,0,0.51,1.3144930328736997,300,main
0.95,0.050000000000000044,0,1,2.0542910727779176,0.8921672771305608,0.16,0.5712329451823362,0,0.12586659018628563,11.351658648490131,0.3783886216163377,0,0.435,1.2806328478765518,300,main
0.95,0.050000000000000044,0,2,2.646099576355961,1.1491864445779265,0.39,0.25453871504277586,0,0.11374906807568186,0.16677746217437228,0.005559248739145742,1,0.455,1.0822473936600485,300,main
0.95,0.050000000000000044,0,3,2.4434147794769303,1.0611615557276817,0.31333333333333335,0.36657995008971045,0,0.5970871691070125,29.89025834582359,0.9963419448607862,0,0.5,1.20074412540179,300,main
0.95,0.050000000000000044,0,4,2.1067776745843503,0.9149619186689479,0.3466666666666667,0.46403940116960296,0,0.03210119895547942,4.650560432241729,0.1550186810747243,1,0.655,1.2888898763413081,300,main
0.95,0.050000000000000044,0,5,2.6985908232407363,1.1719831034482056,0.6866666666666666,0.23690822340311882,0,0.10937885402685166,2.280258267778951,0.07600860892596502,1,0.375,1.1388839013580327,300,main
0.95,0.050000000000000044,0,6,2.282955547903154,0.9914749968847546,0.22666666666666666,0.39008788892582724,0,0.11405049877048876,16.717896177042796,0.5572632059014264,0,0.67,1.1891732609574184,300,main
0.95,0.050000000000000044,0,7,1.9577719123410648,0.8502495383549014,0.45666666666666667,0.44575694960500734,0,0.08166020554896575,0.0030336063455260742,0.0001011202115175358,1,0.21,1.1325604731058818,300,main
0.95,0.050000000000000044,0,8,2.6537322667784142,1.1525012799104735,0.72,0.16590130229011268,0,0.06582738477874202,8.926313441224082,0.297543781374136,0,0.4,1.1585284062610497,300,main
0.95,0.050000000000000044,0,9,2.612400641269892,1.1345511830240302,0.32,0.21397095997289908,0,0.49410053939374554,13.630779388629065,0.45435931295430215,0,0.775,1.1655831043026224,300,main
0.95,0.050000000000000044,0,10,2.3478454866245753,1.019656339202508,0.54,0.4519161285825841,0,0.07098258440993342,9.79675017326902,0.32655833910896725,0,0.48,1.3065356228871399,300,main
0.95,0.050000000000000044,0,11,2.5522268652751974,1.108418044154252,0.0,0.2822147104668166,0,0.24716900723916402,17.56897420557849,0.5856324735192828,0,0.81,1.3416333921772994,300,main
0.95,0.050000000000000044,0,12,1.8136649925498864,0.7876646982855179,0.42333333333333334,0.5763319409707054,0,0.07091699800487297,7.3013782301857235,0.24337927433952408,0,0.715,1.352138588662859,300,main
0.95,0.050000000000000044,0,13,3.1502283127585473,1.3681267729664284,0.48333333333333334,0.04532617935285273,0,0.3537044752191256,28.293370442311105,0.9431123480770367,0,0.805,1.3147431357806691,300,main
0.95,0.050000000000000044,0,14,2.656020814289678,1.1534951834661888,0.20666666666666667,0.30335050195210994,0,0.23421111352132074,18.732815738844614,0.6244271912948204,0,0.515,1.1994344966967776,300,main
0.95,0.050000000000000044,0,15,2.1405708382557393,0.9296381031774857,0.29333333333333333,0.49361196885870207,0,0.1723161439482785,0.031516637017670046,0.001050554567255668,1,0.22,1.1586658844161013,300,main
0.95,0.050000000000000044,0,16,2.8581778264122044,1.2412908583090505,0.30666666666666664,0.23465778803546575,0,0.7217155016610675,29.75427184333191,0.9918090614443968,0,0.53,1.0998451330964834,300,main
0.95,0.050000000000000044,0,17,2.5271470878738223,1.097526035221473,0.9166666666666666,0.33134187127773707,0,0.08128363578563405,4.852716551642961,0.16175721838809864,1,0.715,1.3445803106492413,300,main
0.95,0.050000000000000044,0,18,2.4806383329997455,1.0773275396194706,0.14333333333333334,0.3212210570210178,0,0.23386859050773276,10.48856428923058,0.3496188096410192,0,0.5,1.1415846339539808,300,main
0.95,0.050000000000000044,0,19,1.904334358865716,0.8270419037541472,0.36333333333333334,0.4740175612490346,0,0.04314575759805574,0.010882681157281526,0.0003627560385760508,1,0.225,1.192447048187254,300,main
0.95,0.050000000000000044,1,0,2.380885888645887,1.0340056034802285,0.0033333333333333335,0.36528057318413854,0,0.0935430743337796,9.673281106561232,0.322442703552041,0,1.0,1.3791768450232282,300,main
0.95,0.050000000000000044,1,1,2.7785023653484475,1.2066882452259637,0.9533333333333334,0.09246419403364188,0,0.0037907082234685174,0.5496822899836995,0.01832274299945665,1,0.455,1.2526293183399761,300,main
0.95,0.050000000000000044,1,2,2.406547761344922,1.0451504131887235,0.8,0.3606999218735321,0,0.037447614923251854,7.005310525985619,0.2335103508661873,1,0.64,1.347760585555144,300,main
0.95,0.050000000000000044,1,3,2.2352555487181545,0.9707591504519196,0.08666666666666667,0.4649866802519705,0,0.686809591971802,29.997561514700738,0.9999187171566911,0,0.365,1.1514893809172881,300,main
0.95,0.050000000000000044,1,4,2.7368623409891986,1.188604212420425,0.0033333333333333335,0.19451577430182151,0,0.4108119915108237,8.541466494532246,0.2847155498177415,1,0.54,1.130250434884816,300,main
0.95,0.050000000000000044,1,5,2.0924385704813693,0.9087345248815869,0.77,0.49350532283996545,0,0.04657843415271989,0.04338620583634323,0.0014462068612114407,1,0.19,1.2799796320723602,300,main
0.95,0.050000000000000044,1,6,2.007914742179329,0.8720262926606731,0.5266666666666666,0.4384193236928195,0,0.079032445555486,1.0281625256677474,0.034272084188924905,1,0.39,1.1245467592413916,300,main
0.95,0.050000000000000044,1,7,2.577428893186316,1.119363145808823,0.13666666666666666,0.29311496620275773,0,0.12894227932863847,9.998645544874208,0.3332881848291402,0,0.475,1.291014729851591,300,main
0.95,0.050000000000000044,1,8,2.494545747307077,1.0833674529106871,0.47,0.3199741615571281,0,0.10471747604274093,0.0018902190993097534,6.30073033103251e-05,1,0.19,1.1692469235076146,300,main
0.95,0.050000000000000044,1,9,2.711111313339981,1.1774206832090313,0.09333333333333334,0.35640403996861686,0,0.11248444555493942,9.274350366368694,0.3091450122122898,0,0.42,1.2304363951196067,300,main
0.95,0.050000000000000044,1,10,2.290962383809702,0.9949523215364733,0.043333333333333335,0.3556065909548727,0,0.10996786437908668,9.95875562440821,0.331958520813607,0,0.45,1.291109072374998,300,main
0.95,0.050000000000000044,1,11,1.950272364261679,0.8469925260072559,0.21333333333333335,0.48404521830111946,0,0.10053998474289116,11.424983309640712,0.3808327769880237,0,0.71,1.2888354559442172,300,main
0.95,0.050000000000000044,1,12,2.3192808344767424,1.0072508683972183,0.20333333333333334,0.4512747535313384,0,0.13054504150010188,10.092611338289009,0.3364203779429669,0,0.55,1.3228006818603204,300,main
0.95,0.050000000000000044,1,13,2.0888648694684213,0.9071824862516918,0.27666666666666667,0.4771762371562615,0,0.22050208596632676,4.155896013087696,0.13852986710292317,1,0.495,1.2666039623392107,300,main
0.95,0.050000000000000044,1,14,2.4312625060538076,1.05588389043744,0.78,0.3374898534275519,0,0.04134870296049738,6.416737061082833,0.21389123536942775,0,0.49,1.2348400566282083,300,main
0.95,0.050000000000000044,1,15,2.7751046531029737,1.2052126375466592,0.34,0.31663147530897934,0,0.09045261053396855,0.004557031664392808,0.00015190105547976024,1,0.205,1.1904774961920956,300,main
0.95,0.050000000000000044,1,16,2.699214202426274,1.1722538335886177,0.02666666666666667,0.18669190255750473,0,0.35758118701903796,19.647170323748494,0.6549056774582831,0,0.8,1.2054136835021219,300,main
0.95,0.050000000000000044,1,17,2.1603020336473375,0.9382072524574115,0.09666666666666666,0.4405174279808269,0,0.13391543546430948,10.041759679181911,0.33472532263939697,0,0.25,1.3086020438532266,300,main
0.95,0.050000000000000044,1,18,2.9316867238091877,1.2732153668193527,0.41333333333333333,0.1911473044979435,0,0.1738326047828319,0.14798277076425448,0.004932759025475148,1,0.45,1.2295839159991382,300,main
0.95,0.050000000000000044,1,19,2.0360517592775924,0.8842460439236663,0.0033333333333333335,0.47067955186913935,0,0.11647174344933575,18.070525396853064,0.6023508465617687,0,0.715,1.2092427124897593,300,main
0.95,0.050000000000000044,2,0,2.2266344823763133,0.9670150689115363,0.43666666666666665,0.43706577577402234,0,0.155088421776081,2.278787026738666,0.0759595675579555,1,0.505,1.3024577311065189,300,main
0.95,0.050000000000000044,2,1,2.88017259422803,1.250843064602207,0.2,0.22123952674288133,0,0.7488664783356496,20.99145629189121,0.6997152097297069,0,0.585,1.0534018160615686,300,main
0.95,0.050000000000000044,2,2,1.9271044972948705,0.8369308492261023,0.52,0.5458116381838473,0,0.0861585375316587,6.0900912070102065,0.20300304023367352,1,1.0,1.3802028146461758,300,main
0.95,0.050000000000000044,2,3,2.4104836948458765,1.0468597673893258,0.35333333333333333,0.47295343177010657,0,0.02655090328868112,8.733321446504766,0.29111071488349216,0,0.715,1.3166563752810254,300,main
0.95,0.050000000000000044,2,4,3.0125598991077407,1.3083381405855088,0.19333333333333333,0.18832592575888793,0,0.2604252292263807,12.621146206653727,0.4207048735551242,0,0.515,1.3098854442065715,300,main
0.95,0.050000000000000044,2,5,2.6408444521867724,1.1469041731495309,0.21666666666666667,0.3529192286465593,0,0.7779642413124314,29.946313928251566,0.9982104642750521,0,0.575,1.1143451966090532,300,main
0.95,0.050000000000000044,2,6,2.4842296118608562,1.078887212211827,0.4066666666666667,0.3141236203535967,0,0.17140063454591717,6.076045569016148,0.20253485230053822,1,0.76,1.3010255478884991,300,main
0.95,0.050000000000000044,2,7,2.6919795395889663,1.1691118594399441,0.13666666666666666,0.3159729893605239,0,0.4106743338462889,29.600403719634677,0.9866801239878225,0,0.585,1.3072848142094864,300,main
0.95,0.050000000000000044,2,8,2.465482738132605,1.0707455483987103,0.09666666666666666,0.29820690592646004,0,0.2765068660316837,18.153058035046136,0.6051019345015377,0,0.715,1.2877680616581346,300,main
0.95,0.050000000000000044,2,9,2.5711887643728097,1.1166530922987514,0.79,0.3457860462693941,0,0.07292291017535399,14.616129613915362,0.4872043204638454,0,0.725,1.3301256912051242,300,main
0.95,0.050000000000000044,2,10,2.4118521608168777,1.0474540846092042,0.4633333333333333,0.3109380733760762,0,0.3064973222145777,28.704651322006757,0.9568217107335585,0,0.765,1.3378676230638518,300,main
0.95,0.050000000000000044,2,11,2.0596230959826283,0.8944829453857469,0.06,0.48153533042318164,0,0.13545856205595896,11.368150062550807,0.3789383354183602,0,1.0,1.3620453825990833,300,main
0.95,0.050000000000000044,2,12,1.8746169006628202,0.8141357756404393,0.16666666666666666,0.5597409903914322,0,0.11404660474696546,6.5329243344761085,0.21776414448253695,1,0.45,1.2613939685107556,300,main
0.95,0.050000000000000044,2,13,1.9041772669705914,0.826973679610943,0.29333333333333333,0.5520833453311299,0,0.07430160216374052,9.3786591056291,0.3126219701876366,0,1.0,1.3616918494775885,300,main
0.95,0.050000000000000044,2,14,2.66829202410515,1.1588245021753252,0.42,0.3422222226831164,0,0.08553839062754799,0.015261995853638188,0.0005087331951212729,1,0.21,1.234857757858678,300,main
0.95,0.050000000000000044,2,15,2.509631671352294,1.0899191864779365,0.12666666666666668,0.3063427838474396,0,0.30028885904041125,20.535779068993858,0.6845259689664618,0,0.59,1.315462076934847,300,main
0.95,0.050000000000000044,2,16,2.3922256974109737,1.0389304198527438,0.15,0.3937682699458843,0,0.08966277265001928,8.797544535602913,0.2932514845200971,0,0.375,1.137651282154785,300,main
0.95,0.050000000000000044,2,17,2.2942464961246447,0.9963785933928034,0.71,0.4170662416520293,0,0.02911419617890481,8.035121734509943,0.2678373911503314,0,0.74,1.3253709595814587,300,main
0.95,0.050000000000000044,2,18,2.0837300776820165,0.9049524745131339,0.45,0.5710950124111662,0,0.035944106795899954,2.5165665893615294,0.08388555297871764,1,0.4,1.1546527035599077,300,main
0.95,0.050000000000000044,2,19,2.422414385224586,1.052041200386096,0.10666666666666667,0.26019126560332767,0,0.2264552319280688,19.929484295005004,0.6643161431668334,0,0.47,1.2338111175918045,300,main
0.95,0.050000000000000044,3,0,2.6587017260557304,1.1546594886526547,0.6833333333333333,0.2528477953597625,0,0.06954348174243047,0.0032468826842102505,0.00010822942280700833,1,0.175,1.144031887165308,300,main
0.95,0.050000000000000044,3,1,2.175397736450408,0.9447632328852364,0.08666666666666667,0.45884510669027084,0,0.6566161371283881,29.997745247549084,0.9999248415849693,0,0.32,1.165421112777108,300,main
0.95,0.050000000000000044,3,2,2.423305635759719,1.0524282655754973,0.3566666666666667,0.40482001748226554,0,0.2763616910801069,26.849993363624325,0.8949997787874774,0,0.84,1.3419100487261284,300,main
0.95,0.050000000000000044,3,3,2.412120384499208,1.0475705726743558,0.44,0.37516290212457326,0,0.06068129195667703,5.256549189121601,0.17521830630405333,1,1.0,1.3567451513499165,300,main
0.95,0.050000000000000044,3,4,2.323111356475978,1.008914442964295,0.13333333333333333,0.3217306185532892,0,0.05784731518833138,0.25457988951604893,0.00848599631720163,1,0.7,1.1445892213552018,300,main
0.95,0.050000000000000044,3,5,2.566853722811005,1.1147704076696383,0.6533333333333333,0.2838334088716408,0,0.14651423583629172,0.2507241366282664,0.008357471220942212,1,0.45,1.102249511399428,300,main
0.95,0.050000000000000044,3,6,2.616202704583512,1.1362023981409826,0.08,0.3686216212773667,0,0.5284002971785199,28.768557829847673,0.958951927661589,0,0.6,1.2436214275273156,300,main
0.95,0.050000000000000044,3,7,2.4493709649253788,1.0637482942011354,0.32,0.3142889146953413,0,0.25040657146079265,25.15053099444269,0.8383510331480895,0,0.75,1.3282096708726252,300,main
0.95,0.050000000000000044,3,8,2.776956482797273,1.206016876964318,0.91,0.19456620568377636,0,0.0011233666837691999,1.8985993843037674,0.0632866461434589,1,0.665,1.2938315893948613,300,main
0.95,0.050000000000000044,3,9,2.640646267357292,1.146818102571691,0.4066666666666667,0.2943382885792349,0,0.062042919082977356,4.497916127077767,0.14993053756925886,1,0.465,1.2417134404776422,300,main
0.95,0.050000000000000044,3,10,2.802332647417393,1.2170376052307044,0.043333333333333335,0.32163606148156326,0,0.5335580087579874,29.78229261651396,0.9927430872171319,0,0.61,1.2487630193503314,300,main
0.95,0.050000000000000044,3,11,2.569112819894082,1.1157515210669025,0.53,0.3408104889066171,0,0.3510764091417713,10.131626434902225,0.3377208811634074,0,0.56,1.1970379815232866,300,main
0.95,0.050000000000000044,3,12,2.3796091499907264,1.0334511229274599,0.17666666666666667,0.456844453382476,0,0.02744199349405932,1.3647359877644538,0.04549119959214845,1,0.71,1.3159036558699824,300,main
0.95,0.050000000000000044,3,13,2.6034245279825456,1.1306529065543975,0.5,0.3220799255836997,0,0.2611579353733715,10.034530554997117,0.3344843518332372,0,0.25,1.2001811484832978,300,main
0.95,0.050000000000000044,3,14,2.6414772879118975,1.1471790102129042,0.38666666666666666,0.27913602914147645,0,0.35377892030875924,17.85448433593321,0.5951494778644403,0,0.765,1.2518661781136808,300,main
0.95,0.050000000000000044,3,15,2.2582439375802466,0.9807428808825726,0.4666666666666667,0.3815045231470168,0,0.19204311622178016,12.711742967731626,0.42372476559105415,1,0.765,1.3332119708253218,300,main
0.95,0.050000000000000044,3,16,2.279605089616423,0.99001991133898,0.3566666666666667,0.42914792762707493,0,0.09741400104053036,1.8649498724021718,0.06216499574673905,1,1.0,1.3518744396927371,300,main
0.95,0.050000000000000044,3,17,2.582161705598281,1.1214185801232224,0.043333333333333335,0.3035627387767708,0,0.4051369705968404,23.74282014093636,0.7914273380312119,0,0.79,1.256392417999743,300,main
0.95,0.050000000000000044,3,18,1.9004318089070522,0.8253470478417478,0.6833333333333333,0.5088500565202398,0,0.12014493447889736,10.196098544681787,0.3398699514893928,0,0.56,1.33231707696288,300,main
0.95,0.050000000000000044,3,19,2.1220761290226466,0.9216059530131482,0.7866666666666666,0.6051673058121662,0,0.19794861993996046,18.12393238821663,0.6041310796072209,0,0.725,1.2981008840655002,300,main
0.95,0.050000000000000044,4,0,2.2364825056741457,0.9712920110874395,0.69,0.3836778306909751,0,0.025005636423616324,6.474393869661299,0.21581312898870994,0,0.745,1.2476487971020476,300,main
0.95,0.050000000000000044,4,1,2.6921141071663595,1.1691703013962493,0.01,0.2682338635860722,0,0.14618949506693935,4.588163191580863,0.1529387730526954,1,0.755,1.180034805970579,300,main
0.95,0.050000000000000044,4,2,2.6088792430150884,1.1330218591933856,0.56,0.27849218144613513,0,0.22379717747051142,9.415578998618452,0.31385263328728163,1,0.435,1.1633612959707107,300,main
0.95,0.050000000000000044,4,3,2.3351518063156953,1.0141435438893174,0.49333333333333335,0.46169883368132825,0,0.14125530775017925,0.1265225483145671,0.004217418277152237,1,0.495,1.231402398864223,300,main
0.95,0.050000000000000044,4,4,2.278367468337203,0.989482419246729,0.16666666666666666,0.44805920613667516,0,0.1462903835645703,14.746970011076838,0.4915656670358945,0,0.475,1.2951501365527442,300,main
0.95,0.050000000000000044,4,5,2.35983417065164,1.0248629585207438,0.48,0.4196331967377055,0,0.00640904966109512,0.4788622056117797,0.015962073520392656,1,0.655,1.3085130478013633,300,main
0.95,0.050000000000000044,4,6,2.2777269959579987,0.9892042656266293,0.12333333333333334,0.5672163083405993,0,0.4755191427659176,19.512456914657736,0.6504152304885911,0,0.57,1.1163231123935524,300,main
0.95,0.050000000000000044,4,7,2.5953547329963427,1.127148239121799,0.12,0.2982631469592896,0,0.1495763117610577,6.905814922181175,0.23019383073937247,1,0.715,1.308962941577391,300,main
0.95,0.050000000000000044,4,8,2.2815667047694257,0.9908718299755473,0.18333333333333332,0.4185273085507855,0,0.3892880169694644,22.24578924034954,0.7415263080116513,0,0.57,1.288714832087764,300,main
0.95,0.050000000000000044,4,9,2.6142883462360365,1.1353710028742883,0.59,0.3340011782490078,0,0.19566323687839754,0.0032119970691191213,0.00010706656897063736,1,0.225,1.0017136690288244,300,main
0.95,0.050000000000000044,4,10,2.2116798869044243,0.9605203706189996,0.52,0.3244201102440357,0,0.09242655425600603,0.00560202844367419,0.00018673428145580628,1,0.195,1.1826023804428436,300,main
0.95,0.050000000000000044,4,11,2.011108626701663,0.873413379084559,0.6366666666666667,0.5435461998231031,0,0.09791905997136034,2.952792097813206,0.09842640326044019,1,1.0,1.3565968739738263,300,main
0.95,0.050000000000000044,4,12,2.705713100712141,1.1750762692526204,0.043333333333333335,0.22924439442655142,0,0.10975436645815975,6.72472866089226,0.22415762202974196,1,1.0,1.3764894425394594,300,main
0.95,0.050000000000000044,4,13,2.3437552303083495,1.0178799634548013,0.31,0.4923720756356077,0,0.2816280502966097,17.925655578378738,0.5975218526126245,0,0.535,1.2697933299985258,300,main
0.95,0.050000000000000044,4,14,2.350520212974871,1.0208179580970425,0.03,0.3847882069423913,0,0.10905646832471397,13.223403778139236,0.4407801259379745,1,1.0,1.385871498513227,300,main
0.95,0.050000000000000044,4,15,2.2328691469162836,0.969722749317763,0.10666666666666667,0.39975253126180477,0,0.34789066099310895,24.310370523066023,0.8103456841022006,0,0.76,1.2749460313516898,300,main
0.95,0.050000000000000044,4,16,2.209659176559692,0.9596427872667577,0.5933333333333334,0.5086680463134664,0,0.005280968658936215,0.3552245913571339,0.011840819711904461,1,0.435,1.2918743209990011,300,main
0.95,0.050000000000000044,4,17,2.4224924033211126,1.0520750832149057,0.32,0.45729162237096194,0,0.5238269702958379,29.863523759450683,0.9954507919816893,0,0.525,1.2270937982059738,300,main
0.95,0.050000000000000044,4,18,2.0835927095891833,0.904892816308427,0.47333333333333333,0.4863596688316929,0,0.30018342990399527,10.615124441318258,0.3538374813772752,0,0.49,1.2524830351606295,300,main
0.95,0.050000000000000044,4,19,2.6205050659600126,1.1380708899459502,0.4533333333333333,0.346142419431472,0,0.2697562243132062,2.194856799238498,0.07316189330794994,1,0.73,1.199221870368896,300,main
1.0,0.0,0,0,2.394854424838742,1.0400720616690515,0.07333333333333333,0.3359551238946771,0,0.056831147122709716,13.787554233283277,0.45958514110944254,0,0.675,1.3387808401011099,300,main
1.0,0.0,0,1,2.70510846775256,1.1748136804946971,0.48333333333333334,0.17983664847742206,0,0.45034170712318644,27.488188350825993,0.916272945027533,0,0.835,1.2579411613102909,300,main
1.0,0.0,0,2,2.399159119320583,1.0419415667287943,0.25,0.3254165595818354,0,0.1707262101964409,12.08529653333979,0.4028432177779929,0,1.0,1.3546245550790823,300,main
1.0,0.0,0,3,2.2533792513741133,0.978630174507058,0.17333333333333334,0.38895437140955985,0,0.06818587456037348,10.017321003828854,0.33391070012762847,0,0.7,1.3445477072237568,300,main
1.0,0.0,0,4,2.2014220244746614,0.9560654375696307,0.0,0.5218014487863938,0,0.40356241299301443,27.80336158644239,0.9267787195480794,0,0.555,1.279824272729625,300,main
1.0,0.0,0,5,2.0888818832255063,0.9071898752325103,0.2633333333333333,0.4615045046724147,0,0.1284827560503172,5.396974378544527,0.17989914595148424,1,1.0,1.364118450996905,300,main
1.0,0.0,0,6,2.330191144905316,1.0119891560121992,0.41333333333333333,0.30758453582257905,0,0.2850938095092661,19.963450184907593,0.6654483394969197,0,0.26,1.1883443353540546,300,main
1.0,0.0,0,7,2.478096211126038,1.0762235101173938,0.006666666666666667,0.38679392742400687,0,0.2141835738347896,19.890310055437034,0.6630103351812343,0,0.505,1.3246921859810559,300,main
1.0,0.0,0,8,2.5233899827081077,1.0958943451800731,0.0,0.3564123361295849,0,0.36728472303134896,22.00875364518439,0.7336251215061463,0,0.775,1.2513044388555068,300,main
1.0,0.0,0,9,2.2326625078225844,0.9696330070996241,0.46,0.3896048614906856,0,0.3022981128522052,10.19107591518676,0.33970253050622523,0,0.77,1.1860105207799814,300,main
1.0,0.0,0,10,1.7977382278364424,0.7807477922558977,0.53,0.5974203546722716,0,0.07708481829966184,10.235481800351787,0.34118272667839283,0,0.735,1.3374107130070951,300,main
1.0,0.0,0,11,2.932985523440536,1.2737794283323456,0.31,0.15776796037698054,0,0.04882843201654939,7.139007669560687,0.23796692231868954,0,1.0,1.3610206327747563,300,main
1.0,0.0,0,12,2.264155866949821,0.9833103991851804,0.3,0.4307506628215138,0,0.22390433102801666,10.012989032692904,0.3337663010897634,0,0.23,1.2188286674145816,300,main
1.0,0.0,0,13,2.1812549554394662,0.9473069907714834,0.11333333333333333,0.46750776376803194,0,0.2642523148145656,12.797942307100229,0.42659807690334095,0,0.53,1.2092274746840204,300,main
1.0,0.0,0,14,2.4192729046805113,1.0506768727207978,0.006666666666666667,0.3641149646696738,0,0.328163429654339,28.2071975468028,0.9402399182267598,0,0.765,1.3364744775917123,300,main
1.0,0.0,0,15,2.721029306266706,1.1817280128086638,0.02,0.18641959726257223,0,0.18048379901717473,9.953431432326182,0.331781047744206,0,0.41,1.0646915119725096,300,main
1.0,0.0,0,16,2.8988080447117013,1.2589363379150467,0.05333333333333334,0.23408012403548453,0,0.4596734898386867,25.786617248057663,0.8595539082685887,0,0.56,1.2609095138549338,300,main
1.0,0.0,0,17,2.0540462702571456,0.8920609607466338,0.006666666666666667,0.49738868689781024,0,0.4580299155024673,29.858730215407203,0.99529100718024,0,0.5,1.2549916543132673,300,main
1.0,0.0,0,18,2.6054051963647806,1.1315130999032823,0.39666666666666667,0.2208105031794657,0,0.352152411652223,18.852325425234888,0.6284108475078295,0,0.82,1.254700534630843,300,main
1.0,0.0,0,19,1.9681987690907166,0.8547778647048708,0.38,0.4934750899353674,0,0.3262397954904034,18.707196924340074,0.6235732308113358,0,0.5,1.251562642436103,300,main
1.0,0.0,1,0,3.0375817936421385,1.319205011308563,0.58,0.21116330699906866,0,0.17068423806124647,0.0027976531112972047,9.32551037099068e-05,1,0.265,1.0344324887245453,300,main
1.0,0.0,1,1,2.7835979076520605,1.2089012111307276,0.37666666666666665,0.2619345128049811,0,0.28535539704841095,19.98294667296268,0.6660982224320892,0,0.255,1.2013141674656471,300,main
1.0,0.0,1,2,3.099210933676149,1.3459702067497763,0.0033333333333333335,0.09737920452706009,0,0.3133397170645403,28.67450105652821,0.9558167018842736,0,0.705,1.3037780836624313,300,main
1.0,0.0,1,3,2.84443372073285,1.2353218690538117,0.02666666666666667,0.2586045678150856,0,0.6403168849048984,29.675065124721705,0.9891688374907234,0,0.585,1.1860379810275865,300,main
1.0,0.0,1,4,2.5380972630079732,1.1022816358581091,0.06,0.30381371919317224,0,0.19733810582970235,17.694883198220104,0.58982943994067,0,0.75,1.303817735119006,300,main
1.0,0.0,1,5,2.4900979976085784,1.0814358197597425,0.013333333333333334,0.3498907768845635,0,0.152510522845421,10.41269449340157,0.34708981644671894,0,0.73,1.308955145560233,300,main
1.0,0.0,1,6,2.0746562698145765,0.9010117698264545,0.41333333333333333,0.5005026883937508,0,0.20656420956221883,8.756044986317606,0.29186816621058687,1,0.805,1.310675130403272,300,main
1.0,0.0,1,7,1.7300734908152586,0.7513613703481632,0.20333333333333334,0.6074612621708191,0,0.07185947768064402,13.916752210805361,0.4638917403601786,0,0.665,1.2447630103503302,300,main
1.0,0.0,1,8,2.8118317646412745,1.2211630194239884,0.5566666666666666,0.21978936064779617,0,0.2665034298591269,1.8576394130076779,0.06192131376692259,1,0.545,1.2146320582601047,300,main
1.0,0.0,1,9,2.460986561601708,1.0687928837416785,0.32,0.3819313891153887,0,0.03057450142175828,0.02667906215550464,0.0008893020718501545,1,0.15,1.2442687312406135,300,main
1.0,0.0,1,10,2.70357614284048,1.1741482002408978,0.0033333333333333335,0.30380445807920237,0,0.11418530663345164,9.785750500041136,0.32619168333470444,0,0.45,1.2402293566359233,300,main
1.0,0.0,1,11,2.3842565312191613,1.0354694549502699,0.0,0.3460319909920154,0,0.544533408998847,29.366770059174506,0.9788923353058168,0,0.57,1.2362888150491276,300,main
1.0,0.0,1,12,2.336371620692041,1.0146733025419106,0.18333333333333332,0.4789626133151319,0,0.4697276059967659,29.915741653260223,0.9971913884420074,0,0.32,1.2448245518527865,300,main
1.0,0.0,1,13,2.301427905438149,0.9994974398299465,0.02666666666666667,0.36301231821353325,0,0.5338473984643455,27.658062776063836,0.9219354258687944,0,0.57,1.1273092192812304,300,main
1.0,0.0,1,14,2.4930528003389636,1.0827190742806614,0.02,0.3817519854324744,0,0.4054523606131705,20.051216438406666,0.6683738812802221,0,0.51,1.2292562408410472,300,main
1.0,0.0,1,15,2.9806419931224255,1.2944763701421798,0.44,0.22893332207160327,0,0.2292054348506656,1.4368164987186238,0.04789388329062079,1,0.525,1.2084589675503157,300,main
1.0,0.0,1,16,2.4397780948986214,1.0595821636828995,0.043333333333333335,0.24537215688510688,0,0.5064600839684248,29.93293850196007,0.9977646167320022,0,0.6,1.2618812622618554,300,main
1.0,0.0,1,17,2.099973036942411,0.9120067020897026,0.10333333333333333,0.4534243333143149,0,0.21150568740546183,18.143817090411243,0.6047939030137081,0,0.8,1.3537527491720882,300,main
1.0,0.0,1,18,1.9240941670081206,0.8356234793938604,0.4166666666666667,0.5528354712785527,0,0.14356630470517887,11.836723486371103,0.3945574495457034,1,1.0,1.373613633093624,300,main
1.0,0.0,1,19,2.084270728540345,0.9051872761975424,0.06,0.4852653533617965,0,0.28585794735115144,20.02305504934654,0.6674351683115511,0,0.57,1.292519893699129,300,main
1.0,0.0,2,0,2.9340447132415504,1.2742394286182142,0.39,0.1079751561831597,0,0.13287411597681503,3.2985627792927072,0.10995209264309024,1,0.78,1.3111611206917515,300,main
1.0,0.0,2,1,2.11884215480402,0.9202014558553816,0.09333333333333334,0.5080304404985134,0,0.43935101614358857,29.691352175852458,0.9897117391950818,0,0.565,1.2775222039550607,300,main
1.0,0.0,2,2,2.3543699297593164,1.0224898688534176,0.13333333333333333,0.29918535297356713,0,0.5525181115202578,27.339728597777295,0.9113242865925764,0,0.555,1.0959287733064633,300,main
1.0,0.0,2,3,2.6272868192370336,1.1410161679717896,0.14666666666666667,0.25242578715511677,0,0.24319179261387763,15.987665914105378,0.5329221971368459,0,0.81,1.322695144182981,300,main
1.0,0.0,2,4,2.305777956312939,1.0013866429208667,0.33,0.3971561032452362,0,0.1316813812580583,18.97039043518125,0.6323463478393749,0,0.715,1.260862263441642,300,main
1.0,0.0,2,5,2.436280906031935,1.0580633538559239,0.41,0.4251654696813817,0,0.10082851903730669,0.000596943112879389,1.9898103762646294e-05,1,0.185,1.1387818487502352,300,main
1.0,0.0,2,6,2.3255629280057346,1.0099791469516597,0.23,0.39129883883391375,0,0.10616248005201981,0.6185495767959126,0.020618319226530415,1,0.505,1.3183328097130445,300,main
1.0,0.0,2,7,2.376077150367309,1.0319171949809252,0.16666666666666666,0.3682587578269324,0,0.05496039051615017,13.460251894440207,0.4486750631480068,0,0.685,1.3056743678326959,300,main
1.0,0.0,2,8,3.058021270835374,1.3280817634665725,0.023333333333333334,0.1762157932228656,0,0.365457809899335,21.17580075063208,0.7058600250210693,0,0.785,1.2950278528509436,300,main
1.0,0.0,2,9,2.7084105865714205,1.1762477724763172,0.44,0.27760627629154117,0,0.16953418431595915,0.000786197746893702,2.6206591563123397e-05,1,0.255,1.0794248986492332,300,main
1.0,0.0,2,10,2.624163051984111,1.1396595330910952,0.08,0.2982683721645696,0,0.2880784048652477,24.679906608254665,0.8226635536084888,0,0.57,1.2987903451228453,300,main
1.0,0.0,2,11,2.8347648382911834,1.2311227267632248,0.14666666666666667,0.12070571119552613,0,0.07913219480523372,14.107620780454788,0.47025402601515953,0,0.66,1.290756569836605,300,main
1.0,0.0,2,12,2.5011347496014475,1.08622902024838,0.5533333333333333,0.31771683976338994,0,0.007762296376519415,1.696657209659952,0.056555240321998386,1,0.685,1.326150131747819,300,main
1.0,0.0,2,13,2.8349561657954223,1.2312058192425521,0.43,0.2032644003543761,0,0.17788165232997716,0.9157737034354851,0.030525790114516168,1,0.775,1.230268436614311,300,main
1.0,0.0,2,14,2.658613287366925,1.1546210802181198,0.84,0.22932874339051673,0,0.05427551776160049,3.2953646119259163,0.10984548706419718,1,0.665,1.1996075112695848,300,main
1.0,0.0,2,15,2.1211320220516487,0.9211959325653174,0.64,0.4771982014241843,0,0.2831019482641788,21.072459006454896,0.7024153002151631,0,0.855,1.3342338031008665,300,main
1.0,0.0,2,16,2.013935129941026,0.874640913844496,0.01,0.5414668755500215,0,0.46992099900972417,29.838963608490133,0.9946321202830043,0,0.455,1.2285149189424487,300,main
1.0,0.0,2,17,1.9390901155540086,0.8421361370982448,0.2733333333333333,0.539364831312011,0,0.12710732099411562,19.077277037717458,0.6359092345905818,0,0.435,1.311368933807398,300,main
1.0,0.0,2,18,2.607975473381015,1.1326293570283956,0.16333333333333333,0.25402830266475507,0,0.06622986542811969,9.805926714952184,0.3268642238317394,0,0.4,1.2028745916673986,300,main
1.0,0.0,2,19,2.4525836286065243,1.0651435363100676,0.04666666666666667,0.34445308770097793,0,0.41137410728787527,20.036602354034166,0.6678867451344721,0,0.53,1.1809288161916585,300,main
1.0,0.0,3,0,2.6884947227106886,1.167598422699265,0.20333333333333334,0.22364141573621155,0,0.5726167418832742,20.400748401795298,0.6800249467265098,0,0.595,1.161868272168046,300,main
1.0,0.0,3,1,2.1088485592528854,0.915861292453151,0.0,0.49032131063316436,0,0.06142136089975708,5.813692916969693,0.19378976389898972,1,1.0,1.3747909930159536,300,main
1.0,0.0,3,2,2.1292945176974953,0.9247408593828679,0.023333333333333334,0.5115510590167073,0,0.18343075565929684,20.211664135341387,0.6737221378447128,0,1.0,1.3680748389212773,300,main
1.0,0.0,3,3,2.8679610330791188,1.245539650979811,0.07333333333333333,0.13315253008508904,0,0.419297490392052,24.556865028917134,0.818562167630571,0,0.505,1.158861815716858,300,main
1.0,0.0,3,4,3.121756242920307,1.3557615101473166,0.06666666666666667,0.13596117140216094,0,0.33724969797860893,26.914775550122265,0.8971591850040754,0,0.49,1.2803928401008724,300,main
1.0,0.0,3,5,2.0143846738744022,0.8748361482941344,0.38333333333333336,0.38880867615987313,0,0.3925522020672959,10.030838729895297,0.33436129099650985,0,0.285,1.1275380372312047,300,main
1.0,0.0,3,6,2.4188906973124022,1.0505108821698852,0.28,0.21583825920539004,0,0.5740606780290792,28.43087211629809,0.9476957372099362,0,0.55,1.1313989403445808,300,main
1.0,0.0,3,7,3.192057843680697,1.3862931074265195,0.27666666666666667,0.15423672572380118,0,0.4842190229450559,18.120959345551796,0.6040319781850598,0,0.485,1.0223636968394716,300,main
1.0,0.0,3,8,2.0697877660884823,0.8988974055230862,0.19,0.43703483794149256,0,0.20847340127676844,12.274310845577274,0.40914369485257573,0,0.765,1.2948891253851786,300,main
1.0,0.0,3,9,2.4607967686009786,1.0687104576887583,0.6133333333333333,0.31507058370150604,0,0.23334741628541594,2.333374504239749,0.07777915014132496,1,0.48,1.1264574157220906,300,main
1.0,0.0,3,10,2.5628203658473008,1.1130187429967557,0.45,0.22209301588410796,0,0.17871724666881542,0.00885206379889758,0.000295068793296586,1,0.19,0.9598435855445251,300,main
1.0,0.0,3,11,2.1783672837009713,0.9460528908699073,0.24666666666666667,0.448974370132905,0,0.5856571929419795,29.98954569051002,0.9996515230170006,0,0.34,1.220839283526046,300,main
1.0,0.0,3,12,2.5581524256258894,1.1109914823167426,0.4033333333333333,0.40251072004952,0,0.34391693420279235,10.393630773302236,0.3464543591100745,0,0.55,1.1866741364012976,300,main
1.0,0.0,3,13,2.299473429989774,0.9986486219277022,0.24,0.370673188908824,0,0.1302009862238222,1.5741795481491072,0.052472651604970236,1,0.75,1.33298301761224,300,main
1.0,0.0,3,14,2.5870161940623833,1.1235268576756452,0.0033333333333333335,0.4017261684040396,0,0.2879826976493466,19.682624985328502,0.65608749951095,0,0.46,1.2696841686903606,300,main
1.0,0.0,3,15,2.253112999611757,0.9785145428358696,0.14,0.5066936203532134,0,0.06464215938972517,9.20848624550814,0.306949541516938,0,0.51,1.2190507119308434,300,main
1.0,0.0,3,16,2.295665728918873,0.9969949583638728,0.57,0.43643256129803554,0,0.09289439792655914,16.687584194225668,0.5562528064741888,0,0.7,1.3437007777811423,300,main
1.0,0.0,3,17,2.4699324286039595,1.072678024416597,0.11,0.28404313771224204,0,0.3274429759537502,16.306210194803906,0.5435403398267967,0,0.79,1.2555349187473936,300,main
1.0,0.0,3,18,2.66179156168341,1.1560013872157442,0.38,0.18949407225221548,0,0.19467682014719842,18.965098950751802,0.63216996502506,0,0.56,1.310526221646207,300,main
1.0,0.0,3,19,1.8076425537402152,0.7850491863428776,0.2833333333333333,0.6013118058022586,0,0.1074211262762401,10.132467082862629,0.3377489027620876,0,0.535,1.2957616880663756,300,main
1.0,0.0,4,0,2.196197110684302,0.9537962863420573,0.2833333333333333,0.3867131619176649,0,0.4114803073242107,20.070235751717025,0.6690078583905674,0,0.575,1.235189888230714,300,main
1.0,0.0,4,1,2.127018516142149,0.9237524044665781,0.11666666666666667,0.4669334446089585,0,0.03823951350626145,9.479876111392066,0.3159958703797355,0,0.685,1.255730238672108,300,main
1.0,0.0,4,2,2.7972481241909954,1.214829424850371,0.5933333333333334,0.20232623378225612,0,0.22803323768821968,3.069723312312156,0.10232411041040518,1,0.435,1.0741642401763305,300,main
1.0,0.0,4,3,2.317346516336758,1.0064108047027776,0.29333333333333333,0.4220817012248406,0,0.3380552237745562,20.716135331012424,0.6905378443670807,0,0.565,1.3018461025845103,300,main
1.0,0.0,4,4,2.4678805145642624,1.0717868894718166,0.01,0.350275162326981,0,0.3024279344080922,26.86459538218333,0.8954865127394442,0,0.525,1.2928006316853486,300,main
1.0,0.0,4,5,2.531676954333635,1.0994933312287285,0.24,0.33540359381861606,0,0.01327354194875396,5.597619379016406,0.18658731263388015,0,0.365,1.2637736543329783,300,main
1.0,0.0,4,6,2.0555043825852635,0.8926942108847303,0.37,0.5132338487027536,0,0.24905023816464733,13.140466700105474,0.4380155566701824,0,0.735,1.3243019019282776,300,main
1.0,0.0,4,7,2.29284643848414,0.9957705560851855,0.0033333333333333335,0.3438073326787575,0,0.2278569795400925,13.948797852359279,0.4649599284119759,0,0.5,1.2721891345215273,300,main
1.0,0.0,4,8,2.5241493742218934,1.0962241447241146,0.19666666666666666,0.28569528119486315,0,0.37287236272596946,10.477446289492537,0.3492482096497512,1,0.56,1.1941673057678142,300,main
1.0,0.0,4,9,2.4401657991993533,1.0597505415213175,0.51,0.42256850101794424,0,0.4265356073423401,19.9957997287373,0.6665266576245765,0,0.265,1.151232113874574,300,main
1.0,0.0,4,10,2.2700924754084184,0.9858886354799695,0.24333333333333335,0.3793985463953125,0,0.08030627757187735,17.766195296099426,0.5922065098699808,0,0.77,1.3117738598860755,300,main
1.0,0.0,4,11,2.3079633174700644,1.002335733212372,0.02,0.3768099004575864,0,0.0808866455281724,16.122425347736698,0.5374141782578898,0,0.655,1.2701380888568796,300,main
1.0,0.0,4,12,2.578503853454729,1.11982999512166,0.11333333333333333,0.2940225883534426,0,0.12499602639478913,16.22509014628178,0.5408363382093926,0,1.0,1.3723482137964615,300,main
1.0,0.0,4,13,2.213228575821852,0.961192957670023,0.45,0.4415211516236253,0,0.3203535314813337,16.462557446846898,0.5487519148948965,0,0.535,1.238703937151659,300,main
1.0,0.0,4,14,2.7026108372653943,1.1737289733562881,0.0033333333333333335,0.18703539991524526,0,0.2674532294983191,23.50536094846539,0.7835120316155129,0,0.715,1.3040327987798892,300,main
1.0,0.0,4,15,2.455443316931346,1.066385483169501,0.3,0.397293135277766,0,0.4366430858614283,29.707585010159864,0.9902528336719953,0,0.525,1.25921003195466,300,main
1.0,0.0,4,16,1.7377382048406624,0.7546901133547623,0.71,0.5842836469127342,0,0.03246913639686415,0.6165287141382758,0.020550957137942524,1,0.715,1.3187811464909012,300,main
1.0,0.0,4,17,2.1324838473180536,0.9261259676380469,0.2,0.45176244352751005,0,0.1045123748901392,16.174939701927187,0.5391646567309062,0,0.475,1.2802471280264092,300,main
1.0,0.0,4,18,1.9806045770071894,0.8601656386265466,0.65,0.5150513944927864,0,0.07525086051312753,8.305441058644869,0.27684803528816226,1,0.51,1.2989188083794707,300,main
1.0,0.0,4,19,2.454062380779495,1.0657857502188912,0.02,0.34164551372506213,0,0.47603674522571787,18.743367105378773,0.6247789035126258,0,0.45,1.1371141017763777,300,main
0.5,0.5,0,0,3.296602384512773,1.4316962246229992,1.0,0.03047365374092423,0,0.012346210287281067,0.07858221259219311,0.0026194070864064365,1,0.43,1.269169820851932,75,width_N75
0.5,0.5,0,1,3.3299956938357607,1.4461987545944612,1.0,0.006129009048784745,0,0.012071319051890156,0.07984818219377576,0.002661606073125858,1,0.465,1.2695910593013564,75,width_N75
0.5,0.5,0,2,3.080406532870656,1.3378035592444535,1.0,0.006519042846317252,0,0.012124091498533471,0.07995105470601227,0.0026650351568670754,1,0.39,1.269769863504188,75,width_N75
0.5,0.5,0,3,3.075308968929811,1.335589715353796,1.0,0.025810285007889594,0,0.010568760524096077,0.08927018824234634,0.002975672941411544,1,0.42,1.2671276837543732,75,width_N75
0.5,0.5,0,4,3.2204047836451744,1.3986040270319346,1.0,0.02364612150955565,0,0.011314236709484038,0.09290982429396855,0.0030969941431322843,1,0.425,1.2734761301760873,75,width_N75
0.5,0.5,0,5,3.191984355035214,1.3862611917133036,1.0,0.026439882796929434,0,0.012146028029839152,0.08305208710053802,0.0027684029033512667,1,0.47,1.2710765045057997,75,width_N75
0.5,0.5,0,6,3.190295600826785,1.385527775079292,0.9866666666666667,0.043191886843881484,0,0.014869461215981906,0.09186880430702149,0.0030622934769007158,1,0.455,1.285474079663626,75,width_N75
0.5,0.5,0,7,3.4178108833882797,1.4843364068444085,1.0,0.015602983275339693,0,0.013642003586422962,0.07239118380525378,0.0024130394601751255,1,0.51,1.271455841744647,75,width_N75
0.5,0.5,0,8,3.2306936346635804,1.403072418254353,0.9866666666666667,0.052862511436662554,0,0.0112165469695345,0.08662092065480631,0.0028873640218268766,1,0.48,1.2680144828946667,75,width_N75
0.5,0.5,0,9,3.352830580154087,1.4561158197173985,1.0,0.012930591317343086,0,0.012278494832066349,0.0821340132429016,0.0027378004414300525,1,0.39,1.2716694322391164,75,width_N75
0.5,0.5,0,10,3.2233713203351386,1.3998923775467498,1.0,0.0011630499671841953,0,0.012164977907866675,0.07844978717323481,0.002614992905774493,1,0.47,1.268864462112036,75,width_N75
0.5,0.5,0,11,3.185652572559978,1.3835113335236966,1.0,0.034247683331535536,0,0.013021706162045937,0.07377533350819698,0.002459177783606566,1,0.465,1.2687877245794648,75,width_N75
0.5,0.5,0,12,3.327524507414013,1.445125531967742,0.9866666666666667,0.04502919415663739,0,0.012356784894628228,0.06674414417102148,0.0022248048057007157,1,0.4,1.2581748983337944,75,width_N75
0.5,0.5,0,13,3.321187488407045,1.4423733995813002,1.0,0.02255341974171353,0,0.011972257306929556,0.08486243787567127,0.002828747929189042,1,0.395,1.2726304445430852,75,width_N75
0.5,0.5,0,14,3.2548300238199035,1.4135547188780138,1.0,0.011312651248803313,0,0.0127963860282939,0.07265397275787455,0.0024217990919291514,1,0.46,1.2677271285610425,75,width_N75
0.5,0.5,0,15,3.3338172825226398,1.4478584494732765,1.0,0.015579847254525495,0,0.012391152873702314,0.08252526120122172,0.0027508420400407236,1,0.485,1.272599846556055,75,width_N75
0.5,0.5,0,16,3.356153464761647,1.4575589301664627,0.9866666666666667,0.048410141278127775,0,0.012206154406729303,0.07803275839222135,0.0026010919464073776,1,0.435,1.2663629971025276,75,width_N75
0.5,0.5,0,17,3.2009300775742147,1.3901462696486293,1.0,0.034629146235700056,0,0.014472560435805928,0.06692615074637143,0.002230871691545714,1,0.43,1.271058923979213,75,width_N75
0.5,0.5,0,18,2.946683442040951,1.2797283587940653,0.9866666666666667,0.024536456117440236,0,0.00991583048901335,0.12738574255736212,0.004246191418578737,1,0.49,1.2827659364178399,75,width_N75
0.5,0.5,0,19,3.068906680723017,1.3328092369140305,1.0,0.015221975273808207,0,0.012413107391975138,0.08533318157291636,0.002844439385763878,1,0.515,1.2744837698616185,75,width_N75
0.5,0.5,1,0,3.1885378966663267,1.3847644138615864,1.0,0.02424563828743618,0,0.04467195879189083,3.3526075849281134,0.11175358616427043,1,0.635,1.1910397099918881,75,width_N75
0.5,0.5,1,1,3.1437849184590134,1.3653284423774137,1.0,0.032398948564491825,0,0.03869626443522989,4.318730310384261,0.14395767701280868,1,0.7,1.2113783376530844,75,width_N75
0.5,0.5,1,2,3.1115095499853633,1.3513114279479135,1.0,0.035127072238870474,0,0.04901533673052373,4.378342637431842,0.1459447545810614,1,0.77,1.1904764345598862,75,width_N75
0.5,0.5,1,3,3.025929896006557,1.3141446564617283,1.0,0.01471880825853115,0,0.04997751527419446,3.666576833409163,0.12221922778030542,1,0.655,1.1848227368698745,75,width_N75
0.5,0.5,1,4,3.3031087668251353,1.434521910558411,1.0,0.03876660551623521,0,0.04853208705388902,3.681378472941388,0.12271261576471292,1,0.69,1.1855779917783442,75,width_N75
0.5,0.5,1,5,3.3756025851747107,1.4660055758397281,1.0,0.006237140656758624,0,0.050408937424891206,3.683482229369661,0.12278274097898868,1,0.705,1.183567739848314,75,width_N75
0.5,0.5,1,6,3.2890728493215384,1.4284261890381496,1.0,0.01834238208653926,0,0.05058401467784377,3.8872790179586447,0.12957596726528814,1,0.68,1.1872403501664759,75,width_N75
0.5,0.5,1,7,3.22323557359688,1.399833423487388,1.0,0.011977303314546467,0,0.05129890343083682,3.5693175561729626,0.11897725187243208,1,0.715,1.1816390936759036,75,width_N75
0.5,0.5,1,8,2.9650938185801117,1.287723883734784,1.0,0.0364231114243676,0,0.04935172925445458,4.285988249410449,0.1428662749803483,1,0.715,1.1873798451800508,75,width_N75
0.5,0.5,1,9,3.3104188086673303,1.437696621392958,0.9866666666666667,0.012839577224865673,0,0.05363307805454993,5.059135305163692,0.16863784350545638,1,0.69,1.1843216318784797,75,width_N75
0.5,0.5,1,10,3.0500971221306377,1.3246403494103247,1.0,0.007791650198284834,0,0.050647499817285016,3.715656570444803,0.12385521901482675,1,0.695,1.1839789898845587,75,width_N75
0.5,0.5,1,11,2.9196963828025444,1.2680080278840293,0.9866666666666667,0.07505408324271458,0,0.04640882196912885,3.390680490672077,0.11302268302240254,1,0.74,1.1901161589548497,75,width_N75
0.5,0.5,1,12,3.0342982963267633,1.3177790065431514,1.0,0.019907920740358905,0,0.05024965551789188,3.6804381362157135,0.12268127120719043,1,0.755,1.1825073468145333,75,width_N75
0.5,0.5,1,13,3.162118696298609,1.3732907009255901,1.0,0.020489448792436242,0,0.05155875411471295,3.61147836120847,0.12038261204028232,1,0.7,1.1848089985536256,75,width_N75
0.5,0.5,1,14,3.537351922254956,1.5362524203851877,1.0,0.0006544312845679071,0,0.05092315433846983,3.666505960250471,0.12221686534168236,1,0.665,1.1830087099570703,75,width_N75
0.5,0.5,1,15,3.1777983646224337,1.3801002943567007,1.0,0.009516084084796329,0,0.05056498804036665,3.812355202464163,0.12707850674880541,1,0.71,1.184131938223136,75,width_N75
0.5,0.5,1,16,3.034518510558427,1.3178746443687994,1.0,0.020280520695704254,0,0.052508518034079556,4.108075694500036,0.13693585648333448,1,0.675,1.1856626237724064,75,width_N75
0.5,0.5,1,17,3.0843345408168483,1.3395094714203573,1.0,0.007265132761708343,0,0.05066380751564048,3.7623457862649365,0.1254115262088312,1,0.7,1.183958992410104,75,width_N75
0.5,0.5,1,18,2.9680048900514313,1.2889881460112038,1.0,0.03013020244011414,0,0.04385962447299257,3.2235820446261942,0.10745273482087313,1,0.665,1.1953398444779624,75,width_N75
0.5,0.5,1,19,3.136003402449432,1.3619489729136112,1.0,0.008126083385459462,0,0.05041836224526111,3.7389473682965244,0.12463157894321747,1,0.745,1.184331132290995,75,width_N75
0.5,0.5,2,0,3.1472357403367517,1.3668271152769464,1.0,0.03073618281731945,0,0.0986697078948559,4.23958659550685,0.14131955318356165,1,0.77,1.1561319828681649,75,width_N75
0.5,0.5,2,1,3.1537261171492252,1.3696458501120767,0.9733333333333334,0.08579286442998169,0,0.07407053479610864,6.404033662501318,0.2134677887500439,1,0.67,1.221669038134555,75,width_N75
0.5,0.5,2,2,3.125629453843611,1.357443624278555,1.0,0.026182444250019622,0,0.09825418371534345,4.212278119784135,0.14040927065947115,1,0.785,1.1594332757102643,75,width_N75
0.5,0.5,2,3,3.260549059573975,1.4160384645478143,1.0,0.015458910820373343,0,0.09173523801546918,3.8116844378008663,0.12705614792669553,1,0.655,1.1652344897115836,75,width_N75
0.5,0.5,2,4,3.0215808437164555,1.3122558870506285,1.0,0.01260241524261053,0,0.09617218808551266,3.848624495363934,0.12828748317879776,1,0.7,1.1580228372225856,75,width_N75
0.5,0.5,2,5,3.1930657406721537,1.3867308315282363,1.0,0.010732126527506469,0,0.09729036748105697,4.042041614888059,0.1347347204962686,1,0.665,1.1581130292640862,75,width_N75
0.5,0.5,2,6,2.9989685602304106,1.302435497109407,1.0,0.0036009990590236485,0,0.09630133731530119,3.9848854120032975,0.13282951373344323,1,0.69,1.1587775680437835,75,width_N75
0.5,0.5,2,7,3.4054953361042384,1.4789878326173305,1.0,0.002621821336266811,0,0.09561791387194665,3.926148187986822,0.13087160626622737,1,0.665,1.1594718077249089,75,width_N75
0.5,0.5,2,8,3.230079179331105,1.4028055636940833,1.0,0.005178612634925613,0,0.09602704345761778,3.9009671763033937,0.13003223921011312,1,0.73,1.1586692585586165,75,width_N75
0.5,0.5,2,9,3.5634412276758196,1.5475828617661578,1.0,0.004891772303936884,0,0.09563826258032276,3.9582953737156092,0.13194317912385362,1,0.745,1.159654478411645,75,width_N75
0.5,0.5,2,10,3.262385126651102,1.416835858347815,1.0,0.005964966343997795,0,0.09546538059227447,3.9855617716749725,0.1328520590558324,1,0.755,1.1602679990845324,75,width_N75
0.5,0.5,2,11,3.0595915897776136,1.3287637443180154,0.9866666666666667,0.03124105282193063,0,0.07919430439665702,5.092100678687678,0.16973668928958924,1,0.695,1.197971544126402,75,width_N75
0.5,0.5,2,12,3.4235760663612322,1.4868401939967246,1.0,0.020163033446019645,0,0.09752091261408527,3.8751288684677307,0.1291709622822577,1,0.705,1.1553874912903226,75,width_N75
0.5,0.5,2,13,3.04064063851423,1.3205334507575102,1.0,0.019855878231611584,0,0.0898513469940226,4.203725117735341,0.14012417059117802,1,0.715,1.1714276387580589,75,width_N75
0.5,0.5,2,14,3.2712108539685154,1.4206688230205504,1.0,0.003271454474299479,0,0.09575549298059811,3.962753158015042,0.13209177193383473,1,0.71,1.15942194713261,75,width_N75
0.5,0.5,2,15,3.403146431547142,1.4779677163296663,1.0,0.010307191176661323,0,0.09472065270535733,3.832804057656769,0.12776013525522562,1,0.695,1.1604449489378064,75,width_N75
0.5,0.5,2,16,3.030289190004269,1.316037873789928,1.0,0.003580632926980687,0,0.09609871114963009,3.989390983763835,0.13297969945879448,1,0.695,1.1591513832645497,75,width_N75
0.5,0.5,2,17,3.4558356662012444,1.500850360195648,1.0,0.00632958504712178,0,0.096062556203186,3.928463907528057,0.1309487969176019,1,0.745,1.159080458570662,75,width_N75
0.5,0.5,2,18,3.323814718148514,1.443514390960712,0.9866666666666667,0.06295903341478865,0,0.08738418323036787,2.8101135187479698,0.09367045062493232,1,0.475,1.1704985057926922,75,width_N75
0.5,0.5,2,19,3.0319524543989687,1.3167602203384927,1.0,0.023929295558246973,0,0.10389262276141015,4.6610028323460835,0.15536676107820277,1,0.435,1.1552310690271457,75,width_N75
0.55,0.44999999999999996,0,0,3.1444227946613506,1.3656054684922263,0.9733333333333334,0.054356750509738705,0,0.010364850809240671,0.10344058670940792,0.0034480195569802636,1,0.43,1.2747689202693264,75,width_N75
0.55,0.44999999999999996,0,1,3.1015855126125094,1.3470014732786815,0.9866666666666667,0.10774001115362163,0,0.009699300681720688,0.1253649214210728,0.00417883071403576,1,0.465,1.280435640884535,75,width_N75
0.55,0.44999999999999996,0,2,3.123324220375233,1.3564424741037397,1.0,0.03980505689578981,0,0.010605257555809667,0.08848560251759618,0.0029495200839198725,1,0.39,1.2664737318357866,75,width_N75
0.55,0.44999999999999996,0,3,3.323347711772929,1.4433115726687813,1.0,0.036219076245955134,0,0.012770422623732151,0.08211187608421211,0.002737062536140403,1,0.42,1.2739871995999366,75,width_N75
0.55,0.44999999999999996,0,4,3.2311394896738297,1.4032660506250332,0.9866666666666667,0.03883262410182072,0,0.012875447163132117,0.11063862870331342,0.0036879542901104467,1,0.425,1.2861962912489506,75,width_N75
0.55,0.44999999999999996,0,5,2.8852276887202053,1.2530384642456585,0.9733333333333334,0.06832940682787914,0,0.008012857379723837,0.10798663612976434,0.0035995545376588107,1,0.47,1.2473627583813012,75,width_N75
0.55,0.44999999999999996,0,6,3.2878595021494594,1.4278992390566831,1.0,0.033004073900399555,0,0.013509576725865533,0.07951870486641588,0.0026506234955471957,1,0.455,1.273538790986617,75,width_N75
0.55,0.44999999999999996,0,7,3.4589617331427016,1.5022079938183832,1.0,0.02214730785919104,0,0.01217364900193892,0.08215081956721715,0.002738360652240571,1,0.51,1.271564729218912,75,width_N75
0.55,0.44999999999999996,0,8,2.984686657416635,1.296232945526306,1.0,0.009393243032794565,0,0.012151627675628657,0.07841427689643798,0.002613809229881266,1,0.48,1.2687266339525496,75,width_N75
0.55,0.44999999999999996,0,9,3.078952432895516,1.3371720516491148,1.0,0.03308058142014841,0,0.013505443189883757,0.07738909038436659,0.0025796363461455525,1,0.39,1.270664524767394,75,width_N75
0.55,0.44999999999999996,0,10,3.097511109801594,1.3452319826208492,0.9866666666666667,0.0670231495294878,0,0.00919615181192149,0.1538011411398199,0.0051267047046606624,1,0.47,1.2824502299579428,75,width_N75
0.55,0.44999999999999996,0,11,2.8334524414482654,1.2305527600562782,0.9866666666666667,0.08387131631065098,0,0.012000520485367386,0.09386319401164522,0.003128773133721507,1,0.465,1.2669442555353034,75,width_N75
0.55,0.44999999999999996,0,12,3.0589899630955135,1.3285024611698135,1.0,0.03059348693942527,0,0.013486344367241696,0.06758610929616382,0.0022528703098721272,1,0.4,1.2669016457843922,75,width_N75
0.55,0.44999999999999996,0,13,3.406727851740038,1.4795231073568178,1.0,0.009179790853259458,0,0.01273478016346112,0.07572455664586197,0.002524151888195399,1,0.395,1.269936565004957,75,width_N75
0.55,0.44999999999999996,0,14,2.8630468888908878,1.2434054652755853,1.0,0.06905717339551515,0,0.011175142772930717,0.08261596070817112,0.002753865356939037,1,0.46,1.265977098614801,75,width_N75
0.55,0.44999999999999996,0,15,2.9901075978824654,1.298587230057342,1.0,0.09564277813752685,0,0.012848623476785594,0.13653766507961684,0.004551255502653894,1,0.485,1.2931106994074961,75,width_N75
0.55,0.44999999999999996,0,16,3.141196638366274,1.364204366615517,1.0,0.020260199255928913,0,0.011187533803744126,0.09039523739362565,0.0030131745797875214,1,0.435,1.272090294012001,75,width_N75
0.55,0.44999999999999996,0,17,2.9957276354109275,1.3010279813440424,1.0,0.00230090961598423,0,0.012238079830040863,0.07804460702822147,0.0026014869009407153,1,0.43,1.2689468412139422,75,width_N75
0.55,0.44999999999999996,0,18,2.83411150539376,1.230838987891028,0.9466666666666667,0.19827141635059523,0,0.03786075355760856,0.05484990617630192,0.0018283302058767303,1,0.49,1.266943231986442,75,width_N75
0.55,0.44999999999999996,0,19,3.0790583401308838,1.3372180465770285,1.0,0.027073829988855113,0,0.013051718820145757,0.07059990744221478,0.0023533302480738256,1,0.515,1.2654868252123004,75,width_N75
0.55,0.44999999999999996,1,0,2.6813911455420305,1.1645133783331427,0.9733333333333334,0.18212311690389793,0,0.023696332256230444,8.02109536480906,0.26736984549363535,0,0.635,1.3072238932916076,75,width_N75
0.55,0.44999999999999996,1,1,3.554775771975612,1.5438195021723806,1.0,0.0018155236309722951,0,0.050832364205696014,3.668699421955768,0.12228998073185891,1,0.7,1.1832576785172528,75,width_N75
0.55,0.44999999999999996,1,2,2.9695511878805356,1.2896596946257632,1.0,0.0548564704637217,0,0.04677187638048049,3.5279044963315354,0.11759681654438449,1,0.77,1.1897036515869104,75,width_N75
0.55,0.44999999999999996,1,3,3.1968086587694016,1.3883563602040867,1.0,0.017858249681792046,0,0.047503888587071975,3.702977725426254,0.12343259084754178,1,0.655,1.18928354594914,75,width_N75
0.55,0.44999999999999996,1,4,2.9907727745408823,1.2988761126095834,1.0,0.04364937370803881,0,0.04186126166929032,3.6633944011114083,0.1221131467037136,1,0.69,1.2013283687245044,75,width_N75
0.55,0.44999999999999996,1,5,3.143106839669324,1.365033956500756,1.0,0.004866726377678604,0,0.05032571808712469,3.65416063423345,0.1218053544744483,1,0.705,1.1837952092017965,75,width_N75
0.55,0.44999999999999996,1,6,3.097178708671851,1.3450876226444235,0.9866666666666667,0.029230467080581204,0,0.050219797451299106,4.609464047170736,0.15364880157235786,1,0.68,1.1919889330517914,75,width_N75
0.55,0.44999999999999996,1,7,3.2427403893064897,1.408304257320611,0.9866666666666667,0.039810580368030105,0,0.04477434341110277,4.292571607838102,0.14308572026127006,1,0.715,1.1936291275251536,75,width_N75
0.55,0.44999999999999996,1,8,3.2945156664798176,1.4307899744959989,1.0,0.01566215473481017,0,0.05098280692713659,3.4897022813246306,0.11632340937748765,1,0.715,1.18345166641521,75,width_N75
0.55,0.44999999999999996,1,9,3.0825228207342668,1.3387226513857389,0.9866666666666667,0.019456477645309125,0,0.042308241016660884,4.10430239596632,0.13681007986554397,1,0.69,1.2021567467398397,75,width_N75
0.55,0.44999999999999996,1,10,3.068881816513209,1.3327984385249145,0.9866666666666667,0.037744140661900814,0,0.05603457473055144,4.861241341018846,0.16204137803396151,1,0.695,1.186900800341541,75,width_N75
0.55,0.44999999999999996,1,11,2.9551775803834235,1.283417316204724,0.9866666666666667,0.05761758050853358,0,0.04272336677667119,4.430952836427809,0.14769842788092696,1,0.74,1.1985618986600055,75,width_N75
0.55,0.44999999999999996,1,12,3.204702481075653,1.391784603672816,0.9866666666666667,0.030516664422759146,0,0.033624084158943184,3.347055840436047,0.11156852801453489,1,0.755,1.2100278330249592,75,width_N75
0.55,0.44999999999999996,1,13,3.073919971634984,1.334986481493274,1.0,0.052225089181176444,0,0.034913584897896206,3.112839412666779,0.10376131375555929,1,0.7,1.2137353168283749,75,width_N75
0.55,0.44999999999999996,1,14,3.0099091035683507,1.307186914710098,0.9866666666666667,0.09233064180651239,0,0.04556887185078616,3.8138953192225875,0.12712984397408625,1,0.665,1.1936402495730434,75,width_N75
0.55,0.44999999999999996,1,15,3.0635155785825416,1.3304679110030453,1.0,0.04100203951047622,0,0.04461300631754002,3.351133274592838,0.11170444248642791,1,0.71,1.1919404994580272,75,width_N75
0.55,0.44999999999999996,1,16,2.949733746609448,1.281053089236288,0.9866666666666667,0.08131323359907776,0,0.06122743114544451,5.9421749092945175,0.19807249697648388,1,0.675,1.1894510129606202,75,width_N75
0.55,0.44999999999999996,1,17,2.8845685062241735,1.2527521849250645,1.0,0.13033443552082433,0,0.031395552170164785,2.8043117600485945,0.09347705866828647,1,0.7,1.2072453931361822,75,width_N75
0.55,0.44999999999999996,1,18,3.3758294411277365,1.4661040981283144,1.0,0.028960002512154692,0,0.04509966980721368,3.505195608430273,0.1168398536143424,1,0.665,1.193734963417467,75,width_N75
0.55,0.44999999999999996,1,19,3.2370587010447633,1.4058367314606488,1.0,0.0275349046215448,0,0.048249125041281905,3.9302024352098286,0.1310067478403276,1,0.745,1.1901742078475013,75,width_N75
0.55,0.44999999999999996,2,0,3.0638102880982503,1.3305959017194822,0.9866666666666667,0.04479763299973771,0,0.08795816966355999,4.323383411236509,0.14411278037455028,1,0.77,1.1702049774178074,75,width_N75
0.55,0.44999999999999996,2,1,2.9841885698681603,1.2960166288524984,0.9866666666666667,0.07141748238358402,0,0.06799433034972219,6.463915600540915,0.2154638533513638,1,0.67,1.2325068247408875,75,width_N75
0.55,0.44999999999999996,2,2,3.206451867413334,1.3925443525059882,1.0,0.026211491443252233,0,0.10096791199407801,4.4019709127218976,0.14673236375739657,1,0.5,1.1572650081305704,75,width_N75
0.55,0.44999999999999996,2,3,3.204318069187949,1.3916176557112085,1.0,0.042366246246876,0,0.08472751103590828,3.9143676424116536,0.13047892141372178,1,0.445,1.1882076825840127,75,width_N75
0.55,0.44999999999999996,2,4,3.21607624717182,1.3967241675268398,1.0,0.019232080049465822,0,0.09249478494381154,3.8228004061225898,0.1274266802040863,1,0.7,1.164794243280935,75,width_N75
0.55,0.44999999999999996,2,5,2.933585837970833,1.2740401416202596,0.9866666666666667,0.15121617454763084,0,0.08966447279172822,5.644522606452396,0.18815075354841315,1,0.47,1.2284457883462239,75,width_N75
0.55,0.44999999999999996,2,6,2.910201712528727,1.2638845449766196,1.0,0.050279935564681175,0,0.09950825910108543,5.220238884291733,0.17400796280972441,1,0.69,1.1637346225438332,75,width_N75
0.55,0.44999999999999996,2,7,3.0413285117845645,1.3208321903230653,0.9866666666666667,0.07979804429555998,0,0.08999369662477177,5.5174079649604195,0.18391359883201394,1,0.665,1.171399952301789,75,width_N75
0.55,0.44999999999999996,2,8,3.345352489540939,1.4528681262289358,1.0,0.02297551847789125,0,0.09431473863106196,3.7271196868758794,0.12423732289586263,1,0.73,1.1612882101072688,75,width_N75
0.55,0.44999999999999996,2,9,2.979022330352357,1.2937729595385945,1.0,0.13738396573089975,0,0.06585338587572281,2.1035356657620463,0.07011785552540153,1,0.745,1.1940575987341657,75,width_N75
0.55,0.44999999999999996,2,10,2.9857969063012737,1.2967151204904435,0.9866666666666667,0.08719682353608509,0,0.08762160126933852,2.759456221212475,0.09198187404041583,1,0.755,1.1632141531173874,75,width_N75
0.55,0.44999999999999996,2,11,3.37999707898796,1.4679140802535804,1.0,0.009979545500700581,0,0.0923188750059527,4.112600157280294,0.13708667190934312,1,0.695,1.166505677763154,75,width_N75
0.55,0.44999999999999996,2,12,3.2003114963288124,1.389877623227142,1.0,0.011257333990030606,0,0.09513420502895194,4.122820176790482,0.13742733922634937,1,0.705,1.1605270564205155,75,width_N75
0.55,0.44999999999999996,2,13,2.9889952108427176,1.2981041265042388,1.0,0.029126569312278812,0,0.09716723779977243,4.114024533227112,0.13713415110757038,1,0.715,1.158689419267535,75,width_N75
0.55,0.44999999999999996,2,14,3.0385671583556104,1.3196329497662862,1.0,0.11135250022121443,0,0.0669993694241808,4.90314496984145,0.16343816566138164,1,0.71,1.2219861573512998,75,width_N75
0.55,0.44999999999999996,2,15,3.09525462849109,1.34425200523918,1.0,0.02444234178467725,0,0.09685241274306303,4.191697998369115,0.1397232666123038,1,0.695,1.1603051618417588,75,width_N75
0.55,0.44999999999999996,2,16,3.202399600181484,1.3907844752079983,1.0,0.0046440196142040315,0,0.09573693978971581,3.9903923343274417,0.1330130778109147,1,0.695,1.1597971040260868,75,width_N75
0.55,0.44999999999999996,2,17,3.084317281998394,1.3395019760107383,1.0,0.01781363776334941,0,0.09573138203897036,3.9722305191672524,0.13240768397224173,1,0.745,1.1599098531167467,75,width_N75
0.55,0.44999999999999996,2,18,3.062680088682024,1.3301050623495645,1.0,0.05521193731825959,0,0.09457705394738203,3.245532288269964,0.1081844096089988,1,0.475,1.1586772944024406,75,width_N75
0.55,0.44999999999999996,2,19,2.8785172975308564,1.250124178380712,0.9733333333333334,0.08621270220243633,0,0.08613594035794342,6.392957099468161,0.213098569982272,1,0.695,1.180013853226829,75,width_N75
0.6,0.4,0,0,2.910124533210704,1.2638510264246854,0.9866666666666667,0.09630965413165848,0,0.017082494528996597,0.09478097688795373,0.0031593658962651237,1,0.43,1.2927140555783159,75,width_N75
0.6,0.4,0,1,2.939942960208238,1.2768010047287492,1.0,0.04338474456256021,0,0.012152281634884592,0.08213272614431832,0.002737757538143944,1,0.465,1.270435755077881,75,width_N75
0.6,0.4,0,2,3.1227715718302287,1.3562024618902124,1.0,0.017485415162086248,0,0.011474612496734432,0.07964084923310355,0.0026546949744367847,1,0.39,1.265637849297152,75,width_N75
0.6,0.4,0,3,3.339502600444506,1.4503275516746086,0.9866666666666667,0.048298507336808835,0,0.014498872159097401,0.0908268796826206,0.003027562656087353,1,0.42,1.2808841253561565,75,width_N75
0.6,0.4,0,4,3.340587972523485,1.4507989227793214,0.9733333333333334,0.08403694230366984,0,0.030298048891965884,0.07172713548923015,0.0023909045163076716,1,0.425,1.2745091440794107,75,width_N75
0.6,0.4,0,5,3.154859934030342,1.3701382605270345,1.0,0.04986422227118249,0,0.0092646089179865,0.1239135738934638,0.00413045246311546,1,0.47,1.278762113103148,75,width_N75
0.6,0.4,0,6,3.2662601150816073,1.4185187444406224,1.0,0.01481113244948436,0,0.012414873059570394,0.07614827256536838,0.0025382757521789454,1,0.455,1.2679271841218054,75,width_N75
0.6,0.4,0,7,3.255681583490856,1.4139245465441197,1.0,0.048755477336257264,0,0.013978334188875431,0.0949200435197528,0.0031640014506584264,1,0.51,1.2852652853644781,75,width_N75
0.6,0.4,0,8,3.071185340890101,1.333798846450728,1.0,0.06076671829092766,0,0.010244906436936766,0.08654601750228141,0.002884867250076047,1,0.48,1.2629511447237574,75,width_N75
0.6,0.4,0,9,3.034953293827392,1.3180634683433343,0.96,0.0933318000713182,0,0.014216857664345973,0.26862063482414045,0.00895402116080468,1,0.39,1.2503030759978575,75,width_N75
0.6,0.4,0,10,3.125957834362559,1.3575862381258987,0.9866666666666667,0.11964811287733394,0,0.020850530913793422,0.08770993330755594,0.0029236644435851975,1,0.47,1.2643264603912192,75,width_N75
0.6,0.4,0,11,2.873316564296093,1.247865528635003,0.9466666666666667,0.19414025432740756,0,0.003685940975776592,0.432900919367607,0.014430030645586898,1,0.465,1.2414964663101473,75,width_N75
0.6,0.4,0,12,2.8493832638212826,1.2374714283050607,0.9333333333333333,0.18153982697079044,0,0.03272110572747796,0.0867036898836937,0.002890122996123123,1,0.415,1.2387010558410378,75,width_N75
0.6,0.4,0,13,3.0606574742126464,1.3292266520464964,1.0,0.06707071262562467,0,0.013003100215205628,0.10971955523849108,0.0036573185079497024,1,0.395,1.2863280086082898,75,width_N75
0.6,0.4,0,14,3.282296996688002,1.4254834736292152,1.0,0.04086048079211163,0,0.013392726620962346,0.06817454374956067,0.002272484791652022,1,0.46,1.2676424612820152,75,width_N75
0.6,0.4,0,15,2.946385208245738,1.2795988375024872,1.0,0.11401209408269523,0,0.011395425535581833,0.11728226852211199,0.003909408950737066,1,0.485,1.284641756635089,75,width_N75
0.6,0.4,0,16,3.2239546696747485,1.4001457229459642,1.0,0.03146068245094328,0,0.011933453391312705,0.07826883165855114,0.0026089610552850378,1,0.435,1.2647003757534525,75,width_N75
0.6,0.4,0,17,3.2204986872459376,1.3986448088475771,1.0,0.007955596301964291,0,0.012146239258216255,0.0788919943607802,0.0026297331453593396,1,0.43,1.2691178174696462,75,width_N75
0.6,0.4,0,18,3.122955283558072,1.3562822468798752,1.0,0.017759226477163395,0,0.012858126591991922,0.07523321917908832,0.0025077739726362767,1,0.49,1.2704684904339534,75,width_N75
0.6,0.4,0,19,3.2503904554261784,1.4116266388225869,1.0,0.05850896709853107,0,0.012219646575436685,0.10954515255461872,0.0036515050851539566,1,0.515,1.2837821275447863,75,width_N75
0.6,0.4,1,0,3.0554328343758423,1.3269576197954402,1.0,0.029610227365595244,0,0.049147662625684416,3.238159859541084,0.1079386619847028,1,0.635,1.1825777259609767,75,width_N75
0.6,0.4,1,1,2.833658678636748,1.2306423277291993,1.0,0.14490930232867227,0,0.044005931283713697,2.0997423947259843,0.0699914131575328,1,0.7,1.1777234727611918,75,width_N75
0.6,0.4,1,2,3.0579953298171936,1.3280704974255215,0.9866666666666667,0.04086825957905493,0,0.04952070688186407,4.5868674383731545,0.15289558127910513,1,0.77,1.1883655285552706,75,width_N75
0.6,0.4,1,3,3.209948791226675,1.3940630472217581,1.0,0.024706714281010095,0,0.051075524021104976,3.618960542181587,0.12063201807271956,1,0.655,1.1838986595008305,75,width_N75
0.6,0.4,1,4,3.606926660279496,1.56646834518911,1.0,0.01565704598874361,0,0.05118091439437897,3.6769221244116803,0.12256407081372266,1,0.69,1.1823558038742583,75,width_N75
0.6,0.4,1,5,3.0153866634010855,1.3095657887197496,1.0,0.05189912285448388,0,0.03784021798196912,3.368226989424566,0.11227423298081886,1,0.705,1.2028130287707133,75,width_N75
0.6,0.4,1,6,2.367319198696514,1.028113664897524,0.8933333333333333,0.380953996784695,0,0.059618887455384725,10.6638333883616,0.35546111294538657,0,0.68,1.236065115701058,75,width_N75
0.6,0.4,1,7,3.1754257946105215,1.3790699002925977,1.0,0.04230488911347914,0,0.05471142758845351,4.531416407864919,0.15104721359549728,1,0.715,1.1860540051685509,75,width_N75
0.6,0.4,1,8,2.961544064690947,1.2861822452086054,0.96,0.1277132572172749,0,0.03107778135906466,1.9218716805198877,0.06406238935066291,1,0.715,1.1921359860360456,75,width_N75
0.6,0.4,1,9,2.897703186620216,1.258456504142629,1.0,0.11547140620721821,0,0.052343629740314146,6.891391051552665,0.22971303505175544,0,0.69,1.2083321478474105,75,width_N75
0.6,0.4,1,10,2.9714466268394353,1.2904828733063978,0.9866666666666667,0.09004405217782414,0,0.056618704037564256,3.8643279720625423,0.12881093240208472,1,0.695,1.1939992927525613,75,width_N75
0.6,0.4,1,11,3.190955664324492,1.3858144370140515,1.0,0.03361565703028169,0,0.04542274153711766,4.012562756263782,0.1337520918754594,1,0.74,1.1947922786550884,75,width_N75
0.6,0.4,1,12,2.9723831560930396,1.290889602793379,1.0,0.05548705125919156,0,0.041049975178120965,3.2945492123041764,0.10981830707680586,1,0.755,1.198761684935469,75,width_N75
0.6,0.4,1,13,3.3047526040483826,1.4352358199936144,1.0,0.026084316135948603,0,0.04977292955281242,2.8216939576704902,0.094056465255683,1,0.7,1.181136387380847,75,width_N75
0.6,0.4,1,14,2.858713200891063,1.241523368490971,0.9866666666666667,0.1767949018347659,0,0.05529863978545925,6.908079481000312,0.2302693160333437,1,0.665,1.208956148057417,75,width_N75
0.6,0.4,1,15,3.2393154467574963,1.4068168236707477,1.0,0.04086139002077638,0,0.04638591264961827,3.410413535932666,0.11368045119775551,1,0.71,1.1894977899727721,75,width_N75
0.6,0.4,1,16,3.00817113250156,1.306432123466083,0.9866666666666667,0.05527274414654644,0,0.04277412950327578,3.1255557798379465,0.10418519266126486,1,0.675,1.2051302183572288,75,width_N75
0.6,0.4,1,17,2.755554539892557,1.1967221312587915,0.9733333333333334,0.16299286029209528,0,0.07190425525295308,8.891901808085779,0.29639672693619257,0,0.7,1.1952722618033798,75,width_N75
0.6,0.4,1,18,2.9855287288906958,1.2965986525208584,1.0,0.04213434566642044,0,0.05300422317184007,3.6090070443734747,0.12030023481244913,1,0.665,1.182192149088454,75,width_N75
0.6,0.4,1,19,2.768178049766085,1.202204451939116,0.9866666666666667,0.13374543393331959,0,0.037573624764556335,3.110047791574866,0.10366825971916219,1,0.745,1.1828853808199082,75,width_N75
0.6,0.4,2,0,2.8409757950738688,1.2338201110212847,0.96,0.19418290034123117,0,0.08360300023949081,12.275040208919341,0.409168006963978,0,0.77,1.2369600754372891,75,width_N75
0.6,0.4,2,1,3.0667226606595843,1.331860729052116,1.0,0.01696872562312428,0,0.09350497093966148,3.925322155757882,0.13084407185859606,1,0.67,1.1644022037665707,75,width_N75
0.6,0.4,2,2,3.0372880420662938,1.319077436620123,1.0,0.0859349688310509,0,0.09038194175636904,4.300723743152685,0.14335745810508946,1,0.785,1.165846779473409,75,width_N75
0.6,0.4,2,3,3.0103395763345357,1.3073738666570618,0.9866666666666667,0.06129927028933385,0,0.08600789173679328,5.128798188126005,0.17095993960420014,1,0.655,1.177757402702002,75,width_N75
0.6,0.4,2,4,2.9737877841743474,1.2914996250182171,0.9866666666666667,0.03824525421988347,0,0.08537414168429647,3.212724626345559,0.10709082087818528,1,0.7,1.16749480120642,75,width_N75
0.6,0.4,2,5,2.9132026078982083,1.2651878172763547,1.0,0.018389886506693386,0,0.09349882620787041,4.052840561097964,0.13509468536993213,1,0.665,1.1649023833734864,75,width_N75
0.6,0.4,2,6,3.7026068173688835,1.6080217094406672,1.0,0.016646388271646047,0,0.09589839764913524,3.9863797373206165,0.13287932457735388,1,0.69,1.1602377277947302,75,width_N75
0.6,0.4,2,7,3.222643002535918,1.3995760731454763,1.0,0.036583089566242524,0,0.08805881100791407,3.8447817622701166,0.12815939207567054,1,0.41,1.176702612712049,75,width_N75
0.6,0.4,2,8,3.014172591190012,1.3090385238578484,0.9866666666666667,0.11767929772474084,0,0.0851402830229587,6.680078519932847,0.22266928399776154,1,0.73,1.1977120979629228,75,width_N75
0.6,0.4,2,9,2.6973029487995914,1.1714237866850319,0.9866666666666667,0.18131031166100248,0,0.10504873319795126,4.228453522229714,0.14094845074099044,1,0.485,1.1541004375036237,75,width_N75
0.6,0.4,2,10,3.2182723778694498,1.3976779349703585,1.0,0.0332506807571561,0,0.09168090670982547,4.145014822852233,0.1381671607617411,1,0.755,1.1680108122202493,75,width_N75
0.6,0.4,2,11,2.6168857114887185,1.1364990242710158,1.0,0.29265773063323636,0,0.07151302895224881,14.446719347604809,0.48155731158682685,0,0.695,1.33576268654293,75,width_N75
0.6,0.4,2,12,3.132439917875042,1.360401371226606,1.0,0.13548252610367542,0,0.07668100347393472,1.2461759463407773,0.041539198211359235,1,0.455,1.1608666340861067,75,width_N75
0.6,0.4,2,13,3.029951685442467,1.3158912974211203,1.0,0.04293254027380034,0,0.09848355677294532,5.092446895192376,0.16974822983974586,1,0.715,1.1635498113599345,75,width_N75
0.6,0.4,2,14,3.2680324905972036,1.4192884773469059,1.0,0.09677512505543298,0,0.10129878483091939,6.036031606581949,0.2012010535527316,1,0.505,1.1738438008333556,75,width_N75
0.6,0.4,2,15,3.0027362657571652,1.3040717908291128,0.9866666666666667,0.06264727720992055,0,0.07897617086864453,3.0805445025969656,0.10268481675323218,1,0.695,1.179085004004813,75,width_N75
0.6,0.4,2,16,3.080736023274744,1.3379466551087893,1.0,0.05798785187363663,0,0.09445493727958429,3.5717812627628023,0.11905937542542672,1,0.695,1.1579916735894862,75,width_N75
0.6,0.4,2,17,3.169335720180247,1.3764250145731496,1.0,0.052589061092701846,0,0.0905822176058817,4.248459302758856,0.14161531009196185,1,0.745,1.1694182047594759,75,width_N75
0.6,0.4,2,18,3.13778025183865,1.3627206487985213,0.96,0.10015682233876275,0,0.06570526050294025,2.6588000442023416,0.08862666814007805,1,0.475,1.2146455092195156,75,width_N75
0.6,0.4,2,19,3.0402877614869577,1.3203801982117753,1.0,0.045313817978898635,0,0.08513738434580438,4.767888105160551,0.15892960350535165,1,0.695,1.178385678421625,75,width_N75
0.65,0.35,0,0,3.04012164629609,1.3203080553010214,0.9866666666666667,0.16552909641937372,0,0.017748048895555535,0.06656409479144365,0.002218803159714788,1,0.205,1.2637419777552048,75,width_N75
0.65,0.35,0,1,2.8480773602082974,1.2369042815720435,0.96,0.18988244094538118,0,0.02747205733433257,0.08365517630119501,0.0027885058767065,1,0.465,1.3030857386670869,75,width_N75
0.65,0.35,0,2,2.615972722484382,1.136102518184394,0.92,0.24251174997062383,0,0.01923974517490823,0.04983048825918934,0.0016610162753063111,1,0.39,1.2381821611979518,75,width_N75
0.65,0.35,0,3,2.9629642415477275,1.2867990201808317,0.92,0.10716363873310474,0,0.009721483070789575,0.2619883381660193,0.008732944605533975,1,0.42,1.2518589796158195,75,width_N75
0.65,0.35,0,4,3.0919725774633564,1.3428266285885107,1.0,0.10707169169877732,0,0.013606220829565295,0.07182200340198341,0.0023940667800661135,1,0.425,1.26742487079476,75,width_N75
0.65,0.35,0,5,3.0156434851031015,1.309677324967768,0.9866666666666667,0.1442413049458619,0,0.011578094872331876,0.08142886229455248,0.0027142954098184156,1,0.47,1.2678926098481595,75,width_N75
0.65,0.35,0,6,3.07570227669962,1.3357605267479133,1.0,0.043978009576009135,0,0.012922887754413229,0.07455251808346497,0.0024850839361154984,1,0.455,1.2686363663841596,75,width_N75
0.65,0.35,0,7,2.6633813655926004,1.1566918302808138,0.92,0.1903280512493016,0,0.04257023214084642,0.46035182668123786,0.015345060889374594,1,0.765,1.342200805498416,75,width_N75
0.65,0.35,0,8,2.7285932366414896,1.185012986031933,0.92,0.25618370530323936,0,0.017379683468527564,0.5885376205740922,0.01961792068580307,1,0.48,1.3286336024254992,75,width_N75
0.65,0.35,0,9,2.7932494987564214,1.2130928438889375,0.9733333333333334,0.13685393914433788,0,0.014426631033075052,0.16277357536156334,0.005425785845385444,1,0.39,1.3012657085395047,75,width_N75
0.65,0.35,0,10,2.933398708294037,1.2739588722342268,0.96,0.17988578631688731,0,0.050350179014862426,0.089318045177611,0.0029772681725870327,1,0.47,1.2735192117970269,75,width_N75
0.65,0.35,0,11,2.6250167770537116,1.1400303011778854,0.96,0.19226148719866237,0,0.02926366047136197,0.01669529750326637,0.0005565099167755456,1,0.19,1.233227675457867,75,width_N75
0.65,0.35,0,12,2.638143558216134,1.1457311898018774,0.8,0.3008237082430268,0,0.025954557508515157,0.04236769252126127,0.0014122564173753753,1,0.4,1.22578211690318,75,width_N75
0.65,0.35,0,13,3.172364699545376,1.377740483597224,0.9866666666666667,0.06804560264401524,0,0.016158984199007992,0.08739181748512181,0.0029130605828373932,1,0.395,1.2825185514718185,75,width_N75
0.65,0.35,0,14,3.2722103819499977,1.4211029125074162,1.0,0.029510631583710378,0,0.012278305828256822,0.08233722329560322,0.00274457410985344,1,0.46,1.2717776902512066,75,width_N75
0.65,0.35,0,15,2.610915183138421,1.1339060567544341,0.9466666666666667,0.19217443273859783,0,0.06176178855012737,0.013844702295434663,0.0004614900765144887,1,0.2,1.2467801024676564,75,width_N75
0.65,0.35,0,16,2.9140191680292324,1.2655424448354005,1.0,0.05250642190046896,0,0.010562283233598,0.09250643215440446,0.0030835477384801484,1,0.435,1.26877094193055,75,width_N75
0.65,0.35,0,17,3.1070974648056118,1.3493952837006602,1.0,0.05527157498127593,0,0.014490382580169187,0.07652295893884609,0.0025507652979615356,1,0.43,1.2695861874333945,75,width_N75
0.65,0.35,0,18,3.0282829460530296,1.3151665731125535,0.9733333333333334,0.1125894533607376,0,0.01985997570331501,0.054553865599160645,0.0018184621866386879,1,0.26,1.2779050172842257,75,width_N75
0.65,0.35,0,19,3.2921498432608574,1.4297625105268457,0.9866666666666667,0.09008387024489735,0,0.014709895791770356,0.05507841962261728,0.001835947320753909,1,0.515,1.2603098162110697,75,width_N75
0.65,0.35,1,0,2.7386988685818916,1.1894018062197944,0.9733333333333334,0.20216248822056362,0,0.07021392117273187,10.83860590887577,0.36128686362919227,0,0.635,1.2163674777578644,75,width_N75
0.65,0.35,1,1,3.0290391542966026,1.3154949901799071,0.9866666666666667,0.039444384309713906,0,0.05465169866197403,4.701312207058972,0.1567104069019657,1,0.7,1.1887514650140574,75,width_N75
0.65,0.35,1,2,2.6817903440083226,1.164686748024238,0.88,0.22010343602483387,0,0.058965125880963476,10.438558402563435,0.3479519467521145,0,0.77,1.3450433908762462,75,width_N75
0.65,0.35,1,3,2.9693724590189783,1.289582073667432,1.0,0.03976611563837809,0,0.04572219410538539,2.8928894656350232,0.09642964885450077,1,0.655,1.181485979639966,75,width_N75
0.65,0.35,1,4,2.952712530229415,1.2823467585252237,0.9733333333333334,0.07166151933087059,0,0.03226818098307389,3.1247075332672845,0.10415691777557615,1,0.69,1.2082579550203325,75,width_N75
0.65,0.35,1,5,2.7848978436985674,1.2094657661825523,0.9866666666666667,0.15571822819600387,0,0.024696554661375235,3.971502019915263,0.13238340066384208,1,0.705,1.248262400909936,75,width_N75
0.65,0.35,1,6,2.98363778731844,1.2957774270304263,0.9866666666666667,0.05504516813344279,0,0.04930943057806178,4.349558093640682,0.1449852697880227,1,0.68,1.1990650544088988,75,width_N75
0.65,0.35,1,7,3.0104556521767805,1.3074242777548308,1.0,0.07392365734389522,0,0.053371250635375136,3.58981311592847,0.11966043719761564,1,0.715,1.1854566614455737,75,width_N75
0.65,0.35,1,8,3.1570327307350428,1.3710818941461835,1.0,0.011159235626550301,0,0.0477948311363,3.574362932370312,0.11914543107901038,1,0.715,1.1886749818788318,75,width_N75
0.65,0.35,1,9,2.743590764768846,1.191526329739832,0.9866666666666667,0.18538603590557923,0,0.02912671623244914,4.09759594068872,0.13658653135629065,1,0.69,1.2062635382711395,75,width_N75
0.65,0.35,1,10,2.6978237597603907,1.1716499720114215,0.8533333333333334,0.20900746329747183,0,0.04028936915767922,2.013902322616695,0.0671300774205565,1,0.695,1.3247755820756455,75,width_N75
0.65,0.35,1,11,3.034474393816293,1.3178554847111308,1.0,0.0372976983689163,0,0.04979085307516728,3.3174773979613104,0.11058257993204366,1,0.74,1.1845343594147226,75,width_N75
0.65,0.35,1,12,2.730971105373247,1.1860456813008249,1.0,0.1781571477865583,0,0.025250466242434228,7.504957549880686,0.2501652516626895,0,0.755,1.28422735340168,75,width_N75
0.65,0.35,1,13,2.4960027359546926,1.0840002150405421,0.9733333333333334,0.2866604599352758,0,0.06106408504300054,9.818467827356208,0.32728226091187357,1,0.7,1.233519079187823,75,width_N75
0.65,0.35,1,14,2.7668003480825556,1.2016061237002502,0.9733333333333334,0.16983075002994555,0,0.021655350904092097,4.891428512502793,0.1630476170834264,1,0.665,1.2323137840919516,75,width_N75
0.65,0.35,1,15,2.8849220749399964,1.25290573786732,0.96,0.08374453304143792,0,0.01576238434861237,3.606438955634672,0.12021463185448905,1,0.71,1.2423878204539174,75,width_N75
0.65,0.35,1,16,3.1977816118720495,1.3887789083677173,0.9866666666666667,0.03392001347054724,0,0.05373540893964079,3.507728647792291,0.116924288259743,1,0.675,1.1854589981549135,75,width_N75
0.65,0.35,1,17,2.8147825331680454,1.2224445219125386,0.9466666666666667,0.15031611948830786,0,0.01991036125168842,4.260791424566507,0.14202638081888355,1,0.7,1.2389547261698484,75,width_N75
0.65,0.35,1,18,3.1150014315386367,1.3528279328379598,0.9866666666666667,0.04100347513806509,0,0.04590104440202705,3.5903847357010577,0.11967949119003524,1,0.665,1.1854497445332393,75,width_N75
0.65,0.35,1,19,2.8467580963854404,1.236331332573602,1.0,0.11068231353060466,0,0.04332012654915709,2.4763326467134417,0.08254442155711471,1,0.745,1.1947867817309374,75,width_N75
0.65,0.35,2,0,2.975833756942141,1.2923881797013945,1.0,0.03611839918612597,0,0.09783315431189503,3.7360424852233343,0.12453474950744446,1,0.77,1.1527668592567095,75,width_N75
0.65,0.35,2,1,3.1726051864400144,1.3778449257285355,1.0,0.029764919125326972,0,0.09284464863192787,4.183715197226789,0.13945717324089296,1,0.67,1.1639831286392601,75,width_N75
0.65,0.35,2,2,2.92905536792794,1.2720725834802034,1.0,0.03956813140578522,0,0.09903023246470011,5.117586330158619,0.17058621100528726,1,0.785,1.1615526733322594,75,width_N75
0.65,0.35,2,3,3.2595940987231726,1.4156237303198773,0.9866666666666667,0.04876301423686251,0,0.08523511247335713,4.758943875790394,0.15863146252634647,1,0.655,1.1763489070919695,75,width_N75
0.65,0.35,2,4,2.7122868880211954,1.1779312288061485,0.9333333333333333,0.13844545961100282,0,0.028882335535452924,0.8304912476774895,0.027683041589249644,1,0.7,1.256581837016249,75,width_N75
0.65,0.35,2,5,3.044120701043715,1.322044822710744,0.9466666666666667,0.09049560233180193,0,0.05279471754003031,1.1780269135180876,0.03926756378393625,1,0.665,1.1995462456730395,75,width_N75
0.65,0.35,2,6,3.121537324169975,1.3556664349420624,0.96,0.14153951892741376,0,0.11656777602986476,2.922465178203626,0.09741550594012086,1,0.46,1.1447088376469574,75,width_N75
0.65,0.35,2,7,2.5542441773230404,1.1092941516449075,1.0,0.20241207052888874,0,0.08883177368724346,3.9405067188285345,0.13135022396095114,1,0.665,1.1720363452680713,75,width_N75
0.65,0.35,2,8,2.8927722776858,1.256315037601644,1.0,0.10057119479049184,0,0.08511858055094755,2.6315166738450912,0.08771722246150303,1,0.73,1.1626846943543843,75,width_N75
0.65,0.35,2,9,2.9105445684912725,1.2640334454292408,0.96,0.24342043499411992,0,0.05890071540926165,6.110314968514441,0.203677165617148,1,0.745,1.2156810027519245,75,width_N75
0.65,0.35,2,10,2.8835176331445864,1.252295796545419,1.0,0.10613244574594258,0,0.10787766617575104,7.569990541572236,0.2523330180524078,1,0.755,1.1622828111376022,75,width_N75
0.65,0.35,2,11,2.5724497424121946,1.117200728103058,1.0,0.2953285548202162,0,0.09580150835125179,14.10547564865997,0.470182521621999,0,0.695,1.210562273408574,75,width_N75
0.65,0.35,2,12,3.2010435342482246,1.390195543256087,0.9466666666666667,0.10777124239642329,0,0.09963110638441329,8.410090691521122,0.28033635638403737,1,0.705,1.1633640307222706,75,width_N75
0.65,0.35,2,13,2.9112205141608984,1.2643270049036262,0.9733333333333334,0.11778367130178971,0,0.07080307854562504,5.957435007082529,0.19858116690275093,1,0.715,1.2158106394891548,75,width_N75
0.65,0.35,2,14,2.863958208851454,1.243801246505707,0.96,0.20114663184535897,0,0.05441774394831395,5.092382611138141,0.169746087037938,1,0.71,1.2550117689259517,75,width_N75
0.65,0.35,2,15,3.2310811983678764,1.403240735032515,0.9866666666666667,0.11515256774719072,0,0.08280343997296334,5.251980106437154,0.1750660035479051,1,0.53,1.2157460994064995,75,width_N75
0.65,0.35,2,16,2.5042808931620484,1.0875953730360244,0.8133333333333334,0.2794489398035622,0,0.1508276284026533,1.2978055832244595,0.043260186107481974,1,0.445,1.1467590088287545,75,width_N75
0.65,0.35,2,17,3.073137780941492,1.3346467803912938,1.0,0.07588378348642685,0,0.07815422061415478,3.360377971671685,0.11201259905572282,1,0.745,1.178065601434845,75,width_N75
0.65,0.35,2,18,2.699034679406966,1.1721758677319576,0.9066666666666666,0.25297796384864746,0,0.040045209316995525,4.340282851685373,0.1446760950561791,1,0.69,1.2876339174287241,75,width_N75
0.65,0.35,2,19,2.968468704307121,1.2891895779830782,0.9866666666666667,0.0760296137203427,0,0.08904475456372371,3.092843629576741,0.10309478765255803,1,0.695,1.1611804984527045,75,width_N75
0.7,0.30000000000000004,0,0,2.9521085971818413,1.282084473735223,0.8933333333333333,0.1766576445161485,0,0.11223778582856717,0.0861589436797594,0.002871964789325313,1,0.205,1.2727544132876918,75,width_N75
0.7,0.30000000000000004,0,1,3.0347580998665733,1.3179786966832503,1.0,0.049591136055115774,0,0.0104816580704335,0.08385352040630734,0.0027951173468769106,1,0.465,1.2633185954007202,75,width_N75
0.7,0.30000000000000004,0,2,2.8409602003012124,1.2338133382975736,0.92,0.23396250219334874,0,0.02172125492338855,0.04731218896502076,0.0015770729655006919,1,0.19,1.2761685264575557,75,width_N75
0.7,0.30000000000000004,0,3,2.6686884512786984,1.1589966683092736,0.96,0.1810286725599519,0,0.014507621161448443,0.2053737651325216,0.006845792171084052,1,0.42,1.3081344223571345,75,width_N75
0.7,0.30000000000000004,0,4,2.386663760461331,1.0365149013268207,0.7733333333333333,0.29095282513907855,0,0.11534617789342462,0.13108601483086124,0.004369533827695374,1,0.455,1.2803203561658119,75,width_N75
0.7,0.30000000000000004,0,5,3.2616133779322767,1.416500692137813,0.9866666666666667,0.04274477844734119,0,0.015900612708294945,0.0589110373955648,0.0019637012465188266,1,0.47,1.263614979449163,75,width_N75
0.7,0.30000000000000004,0,6,2.9893702014911354,1.298266982873612,1.0,0.1408928873487083,0,0.005254565131672689,0.3015160785419857,0.010050535951399521,1,0.455,1.2949190260496382,75,width_N75
0.7,0.30000000000000004,0,7,2.876665027315796,1.2493197476473175,0.96,0.2316700702568489,0,0.04802856705946247,0.0444228579437822,0.0014807619314594065,1,0.22,1.2922862833535063,75,width_N75
0.7,0.30000000000000004,0,8,3.1725321304809437,1.3778131979286412,1.0,0.07926201517788566,0,0.010595687391992438,0.09763875682960443,0.003254625227653481,1,0.48,1.2740060154202786,75,width_N75
0.7,0.30000000000000004,0,9,2.584547484436381,1.1224547107076508,0.84,0.22832375814928368,0,0.06860716639803258,0.01988829800428915,0.0006629432668096382,1,0.18,1.2025431993849747,75,width_N75
0.7,0.30000000000000004,0,10,2.795648679118266,1.2141347946811778,0.96,0.13377180992149937,0,0.004126594033614315,0.2156337180181822,0.007187790600606072,1,0.47,1.2543956428117804,75,width_N75
0.7,0.30000000000000004,0,11,2.409950820132275,1.0466283428416627,0.8266666666666667,0.373526675015698,0,0.028452469718562343,2.5112388688630305,0.08370796229543434,1,0.725,1.332128304284973,75,width_N75
0.7,0.30000000000000004,0,12,2.414377199853926,1.0485506951295847,0.7333333333333333,0.3599200157498992,0,0.11321085213264817,19.215036998617734,0.6405012332872577,0,0.68,1.314561528791033,75,width_N75
0.7,0.30000000000000004,0,13,2.843706011263195,1.235005828846712,0.9333333333333333,0.22464907958839683,0,0.056332023712791196,0.027764867180801733,0.000925495572693391,1,0.17,1.2786408401593334,75,width_N75
0.7,0.30000000000000004,0,14,3.1960441226733938,1.3880243263963743,1.0,0.07298163124790288,0,0.006837458427599122,0.1268766738674154,0.00422922246224718,1,0.46,1.2539891365145561,75,width_N75
0.7,0.30000000000000004,0,15,2.779235408923768,1.2070066020057202,0.9466666666666667,0.22559517938730925,0,0.016889211280238223,0.5146278763612733,0.017154262545375772,1,0.705,1.328833611865956,75,width_N75
0.7,0.30000000000000004,0,16,2.9679823924617867,1.2889783754321653,0.9733333333333334,0.1193125363026014,0,0.02615934823928854,0.054717583294022765,0.001823919443134092,1,0.17,1.2873901544057917,75,width_N75
0.7,0.30000000000000004,0,17,2.7749223562444807,1.2051334670269471,0.9733333333333334,0.15382195374573482,0,0.01605199570047724,0.09996643947237649,0.0033322146490792157,1,0.205,1.2630006865327557,75,width_N75
0.7,0.30000000000000004,0,18,2.649630718192132,1.1507199999921929,0.9466666666666667,0.2643606467465351,0,0.00642295943238054,0.5475372048796501,0.018251240162655,1,0.72,1.3116085563701534,75,width_N75
0.7,0.30000000000000004,0,19,2.1591008880617526,0.9376856015576298,0.8266666666666667,0.4235058741069637,0,0.008690563511001293,4.112701525975787,0.13709005086585954,1,0.515,1.2802745737860286,75,width_N75
0.7,0.30000000000000004,1,0,2.869942364629285,1.2464001323388687,0.92,0.17994691054932518,0,0.05538284460345008,9.292488718563414,0.30974962395211375,0,0.635,1.2158377926953885,75,width_N75
0.7,0.30000000000000004,1,1,2.7472578652685553,1.1931189312514405,0.6666666666666666,0.2648186081406506,0,0.09065180208270854,0.2694421786634149,0.008981405955447162,1,0.49,1.1176850756541465,75,width_N75
0.7,0.30000000000000004,1,2,2.744781056927784,1.1920432670563117,0.96,0.15060639288379973,0,0.018476635638660317,1.6357930898629747,0.05452643632876582,1,0.77,1.2300048473187095,75,width_N75
0.7,0.30000000000000004,1,3,2.783748468992887,1.2089665990902363,0.8266666666666667,0.21428822536438855,0,0.055733470310909444,2.321721166706042,0.07739070555686807,1,1.0,1.354933794915627,75,width_N75
0.7,0.30000000000000004,1,4,2.801080620405427,1.2164938568082142,0.9733333333333334,0.195267679795282,0,0.06566665000227268,8.113957256274368,0.2704652418758122,0,0.69,1.1913060531511692,75,width_N75
0.7,0.30000000000000004,1,5,2.3351820344170693,1.0141566717869428,0.96,0.29272007976941944,0,0.02135874789131135,2.586593212407334,0.08621977374691113,1,0.705,1.2059884598532575,75,width_N75
0.7,0.30000000000000004,1,6,3.040675205615356,1.3205484630587847,0.9733333333333334,0.04982192195306901,0,0.030472531268899823,3.7361679892238877,0.12453893297412956,1,0.68,1.2092400635623148,75,width_N75
0.7,0.30000000000000004,1,7,3.2833617902392174,1.4259459075928742,0.9333333333333333,0.08298286231015663,0,0.026299994500083645,7.667599539123815,0.2555866513041271,0,0.715,1.2759286409297586,75,width_N75
0.7,0.30000000000000004,1,8,2.7339824348591195,1.1873534850797323,0.8266666666666667,0.21790133684771054,0,0.08573463847748872,1.8933845561661666,0.06311281853887221,1,0.445,1.1611365634883912,75,width_N75
0.7,0.30000000000000004,1,9,2.8082573728688076,1.2196106808010456,0.88,0.20588768331493473,0,0.019394659073606303,5.716176374490544,0.19053921248301814,0,0.395,1.2855318605799673,75,width_N75
0.7,0.30000000000000004,1,10,2.7979378953718905,1.21512898866801,0.9866666666666667,0.17091437511799762,0,0.00367690905993958,3.328043347553311,0.11093477825177701,1,0.695,1.2769020756369964,75,width_N75
0.7,0.30000000000000004,1,11,2.7369138921457377,1.1886266008032456,0.9066666666666666,0.1617774942669042,0,0.0009211367498334093,1.6164297942719175,0.05388099314239724,1,0.74,1.2934254973921022,75,width_N75
0.7,0.30000000000000004,1,12,2.982844962160133,1.2954331074390595,0.9866666666666667,0.2538337480765625,0,0.011990218814312323,2.1711643208301545,0.07237214402767181,1,0.755,1.2529602773257142,75,width_N75
0.7,0.30000000000000004,1,13,3.1474985494819605,1.3669412518385045,0.9733333333333334,0.06354278583349621,0,0.049754455565966506,3.269373086484473,0.10897910288281575,1,0.7,1.1887450963424107,75,width_N75
0.7,0.30000000000000004,1,14,3.004858592779812,1.3049935057438429,0.7466666666666667,0.22135112664513823,0,0.17223119598507103,0.031799827736989084,0.001059994257899636,1,0.18,1.0068807183994504,75,width_N75
0.7,0.30000000000000004,1,15,3.068867573070311,1.3327922526762603,1.0,0.02299884039761786,0,0.04819228005990647,3.4080050546296423,0.11360016848765474,1,0.71,1.1873251801070441,75,width_N75
0.7,0.30000000000000004,1,16,3.0892698675453674,1.3416528565849428,1.0,0.11079795726653278,0,0.047124010418384966,5.456194127360675,0.18187313757868914,1,0.675,1.2045639217155668,75,width_N75
0.7,0.30000000000000004,1,17,2.530878513159675,1.0991465726327532,0.9466666666666667,0.22635188678214965,0,0.04101386010122916,0.3643875691504983,0.012146252305016609,1,0.7,1.157767693265038,75,width_N75
0.7,0.30000000000000004,1,18,2.917714619097022,1.2671473588422848,0.9866666666666667,0.06561869570347502,0,0.04351734269189342,3.523698262247821,0.11745660874159401,1,0.665,1.1896872519115407,75,width_N75
0.7,0.30000000000000004,1,19,3.0585814368744746,1.3283250404863036,0.9733333333333334,0.07582386090180074,0,0.051228654134772136,6.210241619693063,0.20700805398976874,1,0.745,1.206566280098072,75,width_N75
0.7,0.30000000000000004,2,0,2.7109538251201144,1.177352286944179,0.92,0.16212267304735636,0,0.12422802385108583,3.3286893446693777,0.11095631148897923,1,0.485,1.1341391208266371,75,width_N75
0.7,0.30000000000000004,2,1,3.0878843211643954,1.3410511214372653,1.0,0.02856367229423504,0,0.09360313149750069,4.266132866559769,0.1422044288853256,1,0.67,1.1644812881838067,75,width_N75
0.7,0.30000000000000004,2,2,3.1576536787869247,1.3713515684586646,1.0,0.0560511238899,0,0.08538986343075249,3.99592276863367,0.1331974256211223,1,0.785,1.1744021425933697,75,width_N75
0.7,0.30000000000000004,2,3,2.9142226239001463,1.265630804597449,0.88,0.15443128850956803,0,0.028387084448451505,1.805555068209841,0.06018516894032802,1,0.655,1.2796461010818705,75,width_N75
0.7,0.30000000000000004,2,4,2.8065298555095457,1.2188604295445264,0.96,0.0927793459771216,0,0.06190187720226674,1.3022212567377844,0.04340737522459281,1,0.7,1.1706053536100112,75,width_N75
0.7,0.30000000000000004,2,5,2.836558121977,1.231901539972462,0.9733333333333334,0.055461897901636366,0,0.11505139447496411,4.778903168151672,0.15929677227172234,1,0.665,1.1338280101070317,75,width_N75
0.7,0.30000000000000004,2,6,2.8633607918015707,1.2435417915775482,0.9333333333333333,0.13112534987731342,0,0.07785420942165981,5.947665154596693,0.19825550515322307,1,0.46,1.263213391656365,75,width_N75
0.7,0.30000000000000004,2,7,2.4026585987296953,1.043461371325706,0.9333333333333333,0.278000321891126,0,0.050963766608481224,4.131377244859763,0.13771257482865876,1,0.665,1.2359945724374204,75,width_N75
0.7,0.30000000000000004,2,8,2.6348860869664703,1.1443164880131895,0.8133333333333334,0.18888815493765196,0,0.1750675897575527,2.5283651896203962,0.0842788396540132,1,0.45,1.2277276106283959,75,width_N75
0.7,0.30000000000000004,2,9,2.2773530591395517,0.9890418669297971,0.7733333333333333,0.38880561389795026,0,0.1468203675663983,18.350645354658905,0.6116881784886301,0,1.0,1.36040479776912,75,width_N75
0.7,0.30000000000000004,2,10,2.644522861867473,1.1485016861760386,0.96,0.22893688249195074,0,0.05914749196612297,9.414370089009738,0.31381233630032457,1,0.755,1.2775033843817896,75,width_N75
0.7,0.30000000000000004,2,11,3.163040192723323,1.3736909017379373,0.9733333333333334,0.04327825851294806,0,0.07388009265075299,1.7897913074771732,0.0596597102492391,1,0.695,1.1716553635009193,75,width_N75
0.7,0.30000000000000004,2,12,2.825441162076935,1.2270735056323243,0.9866666666666667,0.2468648566807765,0,0.08980991585779642,9.573526466339672,0.319117548877989,1,0.705,1.190833022828427,75,width_N75
0.7,0.30000000000000004,2,13,3.0716428823301856,1.3339975541733986,0.8933333333333333,0.24633373789171709,0,0.07015987703838478,13.307194025527885,0.44357313418426275,0,0.715,1.2377921949797621,75,width_N75
0.7,0.30000000000000004,2,14,2.882641083246661,1.251915115761637,0.9733333333333334,0.1157586207781855,0,0.07332625612691747,6.239510123492625,0.2079836707830875,1,0.71,1.2100982175681587,75,width_N75
0.7,0.30000000000000004,2,15,2.186312218385566,0.9495033321625088,0.9066666666666666,0.4047735784776141,0,0.04076307680142274,0.5241506415888608,0.017471688052962026,1,0.695,1.1903012034550773,75,width_N75
0.7,0.30000000000000004,2,16,3.5289987339388746,1.532624676793215,1.0,0.03498266658607983,0,0.09653901332425169,4.271739293291316,0.14239130977637718,1,0.695,1.1615350742675616,75,width_N75
0.7,0.30000000000000004,2,17,2.88808084215232,1.2542775730372488,0.9733333333333334,0.11945050031512759,0,0.12338445262376213,8.323256305508393,0.2774418768502797,1,0.47,1.1539547096032068,75,width_N75
0.7,0.30000000000000004,2,18,3.1152327868920477,1.3529284091913052,1.0,0.011681997233031633,0,0.09651651241518375,4.203856329025202,0.14012854430084004,1,0.69,1.1598509631292602,75,width_N75
0.7,0.30000000000000004,2,19,2.3026266256233674,1.0000180373917331,0.96,0.3699593855319371,0,0.14773004780695304,19.120467200409134,0.6373489066803044,0,0.695,1.1999404638215954,75,width_N75
0.75,0.25,0,0,2.802046306903472,1.2169132491255632,0.9466666666666667,0.24324345304717898,0,0.04361765423022291,0.03201946671272382,0.001067315557090794,1,0.205,1.2834478467522497,75,width_N75
0.75,0.25,0,1,3.1182959710198483,1.3542587331550624,1.0,0.04267511899615739,0,0.01043674163057524,0.09063140241015177,0.003021046747005059,1,0.465,1.2670490121066553,75,width_N75
0.75,0.25,0,2,2.8131069504655066,1.221716825590854,0.88,0.15387950878475662,0,0.1168940784754394,0.09795350178887774,0.003265116726295924,1,0.19,1.2717187412808493,75,width_N75
0.75,0.25,0,3,2.9413357357103904,1.277405879443864,0.9333333333333333,0.11851854753342572,0,0.012826060591417023,0.1708552076453762,0.005695173588179206,1,0.42,1.2542521056971596,75,width_N75
0.75,0.25,0,4,2.9741102309538188,1.2916396618752495,0.9066666666666666,0.14347085619676125,0,0.011836287456379059,0.2502365723324351,0.008341219077747836,1,0.425,1.2443073042546235,75,width_N75
0.75,0.25,0,5,2.7968411248860034,1.2146526672980749,0.76,0.15722300443438167,0,0.28708172491574224,1.0881416504479102,0.03627138834826367,1,0.495,1.1932834116644253,75,width_N75
0.75,0.25,0,6,2.6058261640390077,1.1316959238412585,0.9066666666666666,0.294732796890209,0,0.048520675670001054,0.795418694839789,0.02651395649465963,1,1.0,1.3549335782078131,75,width_N75
0.75,0.25,0,7,2.391175230573774,1.0384742079019258,0.7733333333333333,0.34850400745481774,0,0.11164187471876716,7.76762487974017,0.2589208293246723,1,1.0,1.3785663557001384,75,width_N75
0.75,0.25,0,8,2.7144340087058594,1.178863711471478,0.92,0.26062352198294314,0,0.04628092823039454,0.03458277463316284,0.0011527591544387612,1,0.215,1.2656218473791876,75,width_N75
0.75,0.25,0,9,2.6217635872975773,1.1386174588182119,0.9066666666666666,0.21150064796427892,0,0.0010529152148434917,1.086686991338931,0.0362228997112977,1,0.39,1.2899156890837353,75,width_N75
0.75,0.25,0,10,2.4767517777582757,1.0756396301244882,0.88,0.38951597298046303,0,0.09484687203553295,0.026553854291250234,0.0008851284763750077,1,0.2,1.2432576639515358,75,width_N75
0.75,0.25,0,11,3.1019882324780195,1.3471763722940253,0.9733333333333334,0.08044249525007752,0,0.008868533993582967,0.1199637481481497,0.003998791604938322,1,0.465,1.2711243121217826,75,width_N75
0.75,0.25,0,12,2.9599195154482927,1.2854767124369404,0.9066666666666666,0.18832772146641047,0,0.01902629266003345,0.04298783942849327,0.0014329279809497755,1,0.4,1.2204784002534592,75,width_N75
0.75,0.25,0,13,2.6442736663724444,1.1483934619476324,0.96,0.1486193243758858,0,0.02250272408537362,0.04686735541480913,0.0015622451804936375,1,0.17,1.270691048692017,75,width_N75
0.75,0.25,0,14,3.255305649382651,1.4137612804353674,1.0,0.059821771754012355,0,0.013077507403401085,0.07492343223188258,0.0024974477410627523,1,0.46,1.2688602780469402,75,width_N75
0.75,0.25,0,15,2.4807384615500156,1.0773710248963342,0.76,0.3441491071279301,0,0.017861444794091106,0.046353516815700324,0.0015451172271900107,1,0.2,1.2588678969599045,75,width_N75
0.75,0.25,0,16,2.5800202759903605,1.1204885690611184,0.84,0.26429910219362635,0,0.09903433147211937,6.215669200978474,0.2071889733659491,1,1.0,1.3754481762760198,75,width_N75
0.75,0.25,0,17,2.65584078657747,1.1534169984241869,0.8133333333333334,0.28373713484599233,0,0.08393833373093233,2.1965776018420593,0.0732192533947353,1,1.0,1.357697464289685,75,width_N75
0.75,0.25,0,18,3.1345588061287715,1.3613215927029703,0.96,0.10246008938590737,0,0.012137321505625527,0.14665410564919656,0.004888470188306552,1,0.49,1.2954554236474287,75,width_N75
0.75,0.25,0,19,2.8328231804867454,1.230279475493013,1.0,0.14758672415006568,0,0.010559279317607738,0.10656110214082304,0.003552036738027434,1,0.515,1.2775317003971807,75,width_N75
0.75,0.25,1,0,2.764272924231907,1.200508477468483,0.9466666666666667,0.11933318436892054,0,0.06597827158557767,8.36087863572827,0.2786959545242756,0,0.635,1.1803177597321657,75,width_N75
0.75,0.25,1,1,2.30824659265804,1.00245875806337,0.56,0.2933005997240046,0,0.1730225935219455,10.137275565872155,0.3379091855290718,0,0.475,1.129464385999781,75,width_N75
0.75,0.25,1,2,2.2961818692859595,0.9972191152771857,0.7733333333333333,0.34674702547846,0,0.09642550544280468,0.44733525831108234,0.014911175277036075,1,0.55,1.132667345688537,75,width_N75
0.75,0.25,1,3,2.970338947334289,1.2900018142095953,0.9866666666666667,0.12345735535979091,0,0.04076148316069072,1.6804978188581232,0.05601659396193743,1,0.655,1.175819812755413,75,width_N75
0.75,0.25,1,4,3.1544241520247724,1.3699490028067027,0.9866666666666667,0.07093072702451897,0,0.040249451875735934,2.8592021223618813,0.09530673741206269,1,0.69,1.1893920258738662,75,width_N75
0.75,0.25,1,5,2.8099468128947263,1.2203443952818083,0.68,0.11784820705025383,0,0.2049174210476094,9.323299038132971,0.31077663460443233,0,0.445,0.9350203808167358,75,width_N75
0.75,0.25,1,6,2.172690633749952,0.9435875531204833,0.38666666666666666,0.4459575892134877,0,0.1045280514155253,1.2119424489717479,0.040398081632391586,1,0.81,1.344630331021316,75,width_N75
0.75,0.25,1,7,2.875172002209209,1.2486713350821834,0.5466666666666666,0.3018112622764472,0,0.15224247703294871,0.11661807300640259,0.003887269100213419,1,0.475,1.0439200412126166,75,width_N75
0.75,0.25,1,8,3.024866940000835,1.3136830205339374,0.9733333333333334,0.10234365594942524,0,0.040519265977462186,6.6863883460396565,0.2228796115346552,0,0.715,1.2084380774310117,75,width_N75
0.75,0.25,1,9,3.3442943631490336,1.4524085877757749,0.9333333333333333,0.07532289755258573,0,0.043024890392019066,4.133389014619509,0.1377796338206503,1,0.69,1.1906049786217172,75,width_N75
0.75,0.25,1,10,2.547745164806103,1.1064716663709813,0.44,0.2682536650972943,0,0.19806340594274519,13.532756750312824,0.45109189167709407,0,0.85,1.324125050635117,75,width_N75
0.75,0.25,1,11,2.3358274486273576,1.0144369716170127,0.6533333333333333,0.31423048880160054,0,0.1753646040606262,6.608149549312969,0.2202716516437656,1,0.47,1.1032603512337893,75,width_N75
0.75,0.25,1,12,2.86798396465793,1.2455496100379495,0.9866666666666667,0.14719605660657678,0,0.022275881341391576,3.0076830127754195,0.1002561004258473,1,0.755,1.258280834406403,75,width_N75
0.75,0.25,1,13,2.5665521598731234,1.1146394405497697,0.9866666666666667,0.21852490507695368,0,0.017907375750257432,1.6359151691504814,0.05453050563834937,1,0.7,1.2456220106063938,75,width_N75
0.75,0.25,1,14,2.9503593796081033,1.2813247981953009,1.0,0.08747117283167788,0,0.03996487681178783,2.2572439185645887,0.07524146395215295,1,0.665,1.1826576250510947,75,width_N75
0.75,0.25,1,15,3.1336634703085715,1.3609327532968072,0.96,0.18525038892504136,0,0.018305272243585406,2.4140153468071412,0.08046717822690469,1,0.71,1.2381484934980573,75,width_N75
0.75,0.25,1,16,3.4516067007091813,1.499013743818286,1.0,0.034960201394824884,0,0.04359292111824989,3.805545626907303,0.12685152089691007,1,0.675,1.1979951800023516,75,width_N75
0.75,0.25,1,17,2.941079540132565,1.2772946151181261,0.9866666666666667,0.07795239538440628,0,0.024337145662318836,2.6160136830752965,0.08720045610250987,1,0.7,1.2336345722870208,75,width_N75
0.75,0.25,1,18,2.5554487078338983,1.1098172725990572,0.9066666666666666,0.2982865045024769,0,0.047431321609947556,4.422214218992804,0.14740714063309343,1,0.665,1.1763191592592344,75,width_N75
0.75,0.25,1,19,2.3956879028518374,1.0404340365709261,0.9866666666666667,0.32220622411468286,0,0.023410534205409894,1.8345256631815798,0.06115085543938598,1,0.745,1.2332755951200618,75,width_N75
0.75,0.25,2,0,2.9879180122363955,1.2976363050935995,0.9866666666666667,0.08158458917998383,0,0.07967281514581273,4.139828917275334,0.13799429724251114,1,0.77,1.1929780080139192,75,width_N75
0.75,0.25,2,1,2.349564047952817,1.0204027009041754,0.8266666666666667,0.34247539620244677,0,0.13395987930871495,9.154337254615774,0.3051445751538591,1,0.73,1.3250772461385667,75,width_N75
0.75,0.25,2,2,2.5919087287763456,1.1256516585044387,0.9466666666666667,0.25363099276748113,0,0.08071361610004019,15.16086526506119,0.5053621755020397,0,0.785,1.2915968943648115,75,width_N75
0.75,0.25,2,3,1.9593574528391384,0.8509381298440487,0.56,0.5186624328757836,0,0.07300554186845709,14.582883691908954,0.48609612306363176,0,0.655,1.3406182688948465,75,width_N75
0.75,0.25,2,4,2.882451462432246,1.2518327644882825,0.8133333333333334,0.09941592391056803,0,0.2455341186951699,3.0329049600052893,0.1010968320001763,1,0.475,1.1747050440235163,75,width_N75
0.75,0.25,2,5,2.8168462644543455,1.22334078902231,0.9733333333333334,0.0644834406954987,0,0.10532220607737963,5.5552600848826685,0.18517533616275558,1,0.665,1.153752781023676,75,width_N75
0.75,0.25,2,6,1.9201059382319525,0.8338914136438029,0.7866666666666666,0.586192864605119,0,0.026305657306466647,0.039992962258406095,0.0013330987419468696,1,0.22,1.2244380778705182,75,width_N75
0.75,0.25,2,7,2.719280577819556,1.1809685496937194,0.92,0.23695814207786578,0,0.03871218085726092,0.761450828871002,0.025381694295700065,1,0.41,1.2654457158920098,75,width_N75
0.75,0.25,2,8,1.8577914666034459,0.8068285824728257,0.72,0.5633917689844028,0,0.04662102399617953,9.830495914766901,0.32768319715889666,0,0.73,1.2644397938805447,75,width_N75
0.75,0.25,2,9,3.079131227057976,1.3372497009672675,0.9866666666666667,0.04765585013561943,0,0.06886060373859584,5.6280991783231755,0.18760330594410585,1,0.745,1.2236697589326064,75,width_N75
0.75,0.25,2,10,2.766931005600455,1.2016628675392929,0.96,0.1527841118077052,0,0.1155566388191557,11.551921383666953,0.38506404612223166,0,0.755,1.1674719126792206,75,width_N75
0.75,0.25,2,11,2.673724275295261,1.161183698891503,0.92,0.3406403056755198,0,0.15706313698105165,15.527821349020353,0.5175940449673451,0,0.465,1.168607812140054,75,width_N75
0.75,0.25,2,12,2.54095286007484,1.1035218059067886,0.8,0.3838523906621623,0,0.04830602612679223,5.436696443153599,0.1812232147717866,1,0.705,1.245278711835855,75,width_N75
0.75,0.25,2,13,2.3662510089790714,1.0276497559976125,0.9066666666666666,0.32027488224370393,0,0.09194679045029497,14.348606413104182,0.47828688043680595,0,0.715,1.2623798028382596,75,width_N75
0.75,0.25,2,14,2.0304596530488226,0.8818174230462947,0.56,0.33952024648511187,0,0.44852796340866996,19.9975285904302,0.6665842863476732,0,0.29,0.9691980315610988,75,width_N75
0.75,0.25,2,15,3.0902268692984474,1.342068477165477,0.96,0.14292350024662223,0,0.10461529722979504,7.671344608996583,0.2557114869665527,1,0.53,1.1791127437989972,75,width_N75
0.75,0.25,2,16,2.336409475050398,1.0146897424808607,0.84,0.3837462861028557,0,0.0794329348852858,9.8208682018403,0.3273622733946766,1,1.0,1.361722530860182,75,width_N75
0.75,0.25,2,17,2.4215288323219037,1.0516566096470277,0.7333333333333333,0.294679877100386,0,0.09844808223777518,16.148898476838642,0.5382966158946213,0,0.745,1.340885017709047,75,width_N75
0.75,0.25,2,18,2.3962553862962377,1.0406804914994012,0.5866666666666667,0.41087304726911145,0,0.15484828310818624,10.862803968588274,0.3620934656196091,0,0.5,1.1602584518632177,75,width_N75
0.75,0.25,2,19,2.5828258001898092,1.121706992739785,0.9466666666666667,0.3404669958264234,0,0.03970039799481272,8.7117864074588,0.2903928802486266,1,0.695,1.2731066567943774,75,width_N75
0.8,0.19999999999999996,0,0,2.8324922523152516,1.2301357552142267,0.9733333333333334,0.19401702872398044,0,0.01661713411774219,0.13373581968345594,0.004457860656115197,1,0.43,1.3020555567498187,75,width_N75
0.8,0.19999999999999996,0,1,2.1142081434319873,0.9181889302874309,0.5466666666666666,0.4330585178870602,0,0.20896249457869184,19.926949637691983,0.6642316545897328,0,0.465,1.2288613653849807,75,width_N75
0.8,0.19999999999999996,0,2,2.121669064396021,0.9214291670920273,0.29333333333333333,0.3766247714973023,0,0.24565710777154054,10.032786873370908,0.3344262291123635,0,0.2,1.2166021027169245,75,width_N75
0.8,0.19999999999999996,0,3,2.5083791795816164,1.0893752362133018,0.8933333333333333,0.28651711947452585,0,0.06336976450161219,0.007789691613213634,0.0002596563871071211,1,0.2,1.2200658820720363,75,width_N75
0.8,0.19999999999999996,0,4,2.135421656408561,0.9274018419149396,0.52,0.4822902651455785,0,0.25267126357171205,23.725209190435784,0.7908403063478593,0,0.74,1.3434819318261726,75,width_N75
0.8,0.19999999999999996,0,5,2.4377762803357714,1.0587127866644601,0.6533333333333333,0.309416237666176,0,0.11944492542116276,0.2216707307406085,0.007389024358020282,1,0.475,1.1191482518711688,75,width_N75
0.8,0.19999999999999996,0,6,2.3664940804193733,1.0277553205828438,0.4533333333333333,0.371067781326821,0,0.0997480989359491,7.124103110782692,0.23747010369275637,1,1.0,1.3780213006069437,75,width_N75
0.8,0.19999999999999996,0,7,2.5634445380230173,1.1132898175284274,0.92,0.24309402226287777,0,0.06135851406650014,0.6542603105280764,0.021808677017602543,1,1.0,1.352099061497385,75,width_N75
0.8,0.19999999999999996,0,8,2.3640293334501004,1.0266848945748008,0.3333333333333333,0.40986768092851295,0,0.4611759645569547,19.999959262452528,0.6666653087484175,0,0.22,1.1135863730768827,75,width_N75
0.8,0.19999999999999996,0,9,2.3844382554286314,1.0355483767716713,0.36,0.3461295724215964,0,0.412907722137976,19.999333710231863,0.6666444570077287,0,0.3,1.1326336973821507,75,width_N75
0.8,0.19999999999999996,0,10,2.3061821032145,1.0015621616900923,0.52,0.38543755935722257,0,0.41920260502073015,23.3964072530883,0.7798802417696099,0,0.8,1.271781322286859,75,width_N75
0.8,0.19999999999999996,0,11,1.709134361764125,0.7422676221453954,0.4266666666666667,0.6418821060869658,0,0.3208103229145255,21.172102408076835,0.7057367469358944,0,0.465,1.262596258534657,75,width_N75
0.8,0.19999999999999996,0,12,2.8031415006082594,1.217388885708168,0.84,0.26710861083243415,0,0.06801281043365687,4.308528524410332,0.14361761748034438,1,0.68,1.3404364260787487,75,width_N75
0.8,0.19999999999999996,0,13,2.4328366677879814,1.056567540192215,0.37333333333333335,0.30791191412163815,0,0.4040265516114081,10.047976488829985,0.3349325496276661,0,0.225,1.130037860020828,75,width_N75
0.8,0.19999999999999996,0,14,3.100444976507663,1.3465061447419353,0.8,0.14610466372847025,0,0.21803500082565888,0.93237756904202,0.03107925230140066,1,0.76,1.185474819218145,75,width_N75
0.8,0.19999999999999996,0,15,2.878141406001487,1.2499609307637125,0.64,0.1420002873485039,0,0.0297814172505542,0.1087980119617804,0.003626600398726013,1,0.42,1.2694356435018506,75,width_N75
0.8,0.19999999999999996,0,16,2.614069610960131,1.1352760073509651,0.36,0.34151422248898533,0,0.33684897747792314,19.997902422476894,0.6665967474158964,0,0.29,1.1803697810395297,75,width_N75
0.8,0.19999999999999996,0,17,2.3308323455331457,1.0122676259066585,0.84,0.361304049186603,0,0.04988523897442167,0.05141521192702503,0.0017138403975675007,1,0.205,1.2733519225598928,75,width_N75
0.8,0.19999999999999996,0,18,2.1348885239020525,0.9271703054092401,0.8133333333333334,0.3807151243449442,0,0.1482766640698899,0.21233891747522993,0.007077963915840996,1,0.54,1.2388018125381826,75,width_N75
0.8,0.19999999999999996,0,19,2.550377400821391,1.107614831947488,0.88,0.2385581930944421,0,0.02773655198932864,8.467874016946492,0.2822624672315497,0,0.515,1.293517679139619,75,width_N75
0.8,0.19999999999999996,1,0,2.1183676808682455,0.9199953944432673,0.4,0.4809183253149023,0,0.14550618025098477,10.02448394951268,0.334149464983756,0,0.235,1.2923867159901705,75,width_N75
0.8,0.19999999999999996,1,1,2.3519832233793654,1.0214533354426814,0.6133333333333333,0.46654833981062654,0,0.26743817675131176,15.872108078122787,0.5290702692707595,0,0.775,1.2830886445327887,75,width_N75
0.8,0.19999999999999996,1,2,2.6128384296982587,1.1347413121227115,0.88,0.20822382244389193,0,0.0127449100643206,6.705017294620985,0.22350057648736613,0,0.77,1.2747573163036647,75,width_N75
0.8,0.19999999999999996,1,3,2.356759735958698,1.023527748498627,0.9333333333333333,0.3740150381830484,0,0.0019819499392414903,1.63296599886118,0.054432199962039324,1,0.655,1.3032321082126628,75,width_N75
0.8,0.19999999999999996,1,4,2.739444200388679,1.1897254997106692,0.92,0.24610910715932102,0,0.00501731844591333,4.005050471900412,0.1335016823966804,1,0.69,1.296390411209027,75,width_N75
0.8,0.19999999999999996,1,5,2.9537439314933573,1.2827946904027816,0.9066666666666666,0.08058811875592926,0,0.013736108442604072,4.252847832389728,0.1417615944129909,1,0.705,1.2385126461964144,75,width_N75
0.8,0.19999999999999996,1,6,2.664221035586873,1.1570564943259456,0.5733333333333334,0.2686764210307416,0,0.14247866257731653,0.0007055463865979217,2.3518212886597386e-05,1,0.205,1.0833794610014822,75,width_N75
0.8,0.19999999999999996,1,7,2.764450622534282,1.200585650860648,0.8933333333333333,0.22726129198472478,0,0.019952875895695762,3.2915502013236173,0.10971834004412057,1,0.435,1.2867342439043499,75,width_N75
0.8,0.19999999999999996,1,8,1.7732436358032608,0.7701099260994158,0.02666666666666667,0.59785340578312,0,0.04299720702231694,8.134265458092349,0.2711421819364116,0,1.0,1.3510833054013995,75,width_N75
0.8,0.19999999999999996,1,9,2.3711072981945374,1.0297588156064157,0.9333333333333333,0.29924630824126236,0,0.015994464726880472,2.3724174057741907,0.07908058019247302,1,0.395,1.207188762718151,75,width_N75
0.8,0.19999999999999996,1,10,2.4172956583403566,1.049818165545905,0.6533333333333333,0.3368931502001886,0,0.2993569800130005,20.607621891031506,0.6869207297010501,0,0.85,1.3239272313448314,75,width_N75
0.8,0.19999999999999996,1,11,2.7996160182487584,1.215857788173389,0.7733333333333333,0.19515473892245822,0,0.12291429199054006,0.1298058338586927,0.00432686112862309,1,0.46,0.9753899929765496,75,width_N75
0.8,0.19999999999999996,1,12,2.103953890263814,0.9137355647204541,0.96,0.44813267482666835,0,0.06803077311656114,11.06714181531765,0.3689047271772549,0,0.755,1.3482597740543745,75,width_N75
0.8,0.19999999999999996,1,13,1.7414520785648013,0.7563030282196413,0.09333333333333334,0.6014958749575218,0,0.3159626579551748,19.931789451102063,0.6643929817034019,0,0.24,1.2228641664527378,75,width_N75
0.8,0.19999999999999996,1,14,1.5623370574901485,0.6785143629409349,0.64,0.718764412536008,0,0.07947640439865607,15.509922390617778,0.5169974130205925,0,1.0,1.3648298495661726,75,width_N75
0.8,0.19999999999999996,1,15,2.305836079332004,1.0014118854273182,0.38666666666666666,0.4385747894430417,0,0.19747970496373657,19.840383859853105,0.6613461286617701,0,0.48,1.2328643953471574,75,width_N75
0.8,0.19999999999999996,1,16,2.512711199199724,1.0912566084289423,0.8533333333333334,0.25378516260501377,0,0.050101519800908205,0.13393086973544355,0.004464362324514784,1,0.435,1.1638202672991431,75,width_N75
0.8,0.19999999999999996,1,17,2.4824335119141323,1.0781071759160181,0.5066666666666667,0.396021314710348,0,0.1421432626698468,17.023734473396644,0.567457815779888,0,0.44,1.2356954597870535,75,width_N75
0.8,0.19999999999999996,1,18,2.520746210250776,1.0947461693904461,0.76,0.2834181226502563,0,0.034161610103005724,1.628806558818685,0.05429355196062283,1,0.665,1.3118608066157604,75,width_N75
0.8,0.19999999999999996,1,19,2.721286213913283,1.181839586381931,0.96,0.16157928676329605,0,0.0600738291386185,5.179493143150104,0.1726497714383368,1,0.745,1.1960063335913813,75,width_N75
0.8,0.19999999999999996,2,0,2.91718871704386,1.2669189624825747,1.0,0.0713111342632316,0,0.0848105371203226,2.854245288090562,0.09514150960301873,1,0.77,1.1669015528128055,75,width_N75
0.8,0.19999999999999996,2,1,2.7930375281730844,1.213000786234269,0.92,0.19857777883808164,0,0.060628233486969545,5.167966421213432,0.17226554737378105,1,0.67,1.2623112964037504,75,width_N75
0.8,0.19999999999999996,2,2,1.997573753498099,0.8675352583389911,0.68,0.5518847952767939,0,0.1270348429058395,10.783060471218741,0.3594353490406247,0,0.54,1.2529742721466735,75,width_N75
0.8,0.19999999999999996,2,3,2.487869529417933,1.080468008321448,0.92,0.33884818704380465,0,0.09407838754284836,12.336715634589707,0.4112238544863235,0,0.655,1.330364029725625,75,width_N75
0.8,0.19999999999999996,2,4,2.7188085854618667,1.1807635660172744,0.64,0.2841110786487983,0,0.134175535460748,1.3879072591679975,0.04626357530559991,1,0.485,1.3126090996278341,75,width_N75
0.8,0.19999999999999996,2,5,2.399379834546279,1.0420374221333863,0.56,0.3611286091357706,0,0.5193003730464083,19.996634578806248,0.6665544859602082,0,0.285,1.1169013473432847,75,width_N75
0.8,0.19999999999999996,2,6,2.4676484582790787,1.0716861087076706,0.5866666666666667,0.3273377258276943,0,0.10052431585143029,2.7853303706140196,0.09284434568713398,1,0.46,1.1438261056388228,75,width_N75
0.8,0.19999999999999996,2,7,2.197754549413738,0.954472673388154,0.7066666666666667,0.41478389360161494,0,0.15826619695463973,7.451612385535183,0.24838707951783942,1,0.41,1.2720174210416617,75,width_N75
0.8,0.19999999999999996,2,8,2.955311139352599,1.2834753201280458,0.96,0.10632540006476132,0,0.08674583758402346,3.614557196985546,0.12048523989951819,1,0.45,1.1753732255200102,75,width_N75
0.8,0.19999999999999996,2,9,2.748587469989694,1.1936963712449435,0.9733333333333334,0.1675886899128616,0,0.08849505384181149,2.982578001382846,0.09941926671276152,1,0.485,1.1665542384242096,75,width_N75
0.8,0.19999999999999996,2,10,1.844813907231692,0.8011925000491014,0.38666666666666666,0.5561810473201764,0,0.37725444818453924,11.621074940407,0.3873691646802333,1,0.455,1.182185568620862,75,width_N75
0.8,0.19999999999999996,2,11,2.2023247489574715,0.9564574858311939,0.41333333333333333,0.41434580091450773,0,0.236548319809921,26.4416256105638,0.8813875203521265,0,1.0,1.3546023782152745,75,width_N75
0.8,0.19999999999999996,2,12,2.6364221874004863,1.144983607955332,0.7866666666666666,0.2959210543642968,0,0.03482191781778817,1.0102316574190195,0.03367438858063398,1,0.705,1.319149630934308,75,width_N75
0.8,0.19999999999999996,2,13,2.4737875394889977,1.0743522778010943,0.8,0.3125599123306068,0,0.022406569664583056,7.008992957299115,0.23363309857663714,0,0.715,1.3367375932780308,75,width_N75
0.8,0.19999999999999996,2,14,3.2353142933283565,1.4050791448152238,0.96,0.09042388993433123,0,0.10116516260276943,4.433162286585746,0.14777207621952484,1,0.71,1.1526769929544276,75,width_N75
0.8,0.19999999999999996,2,15,2.1082711177700726,0.9156105128035432,0.38666666666666666,0.5506031040982815,0,0.10827148415108039,11.538065591084601,0.3846021863694866,0,1.0,1.3594884046994913,75,width_N75
0.8,0.19999999999999996,2,16,2.172435111978766,0.9434765814252508,0.84,0.47215248091501705,0,0.052151046045927615,5.301000139872358,0.17670000466241192,1,1.0,1.3540990614911124,75,width_N75
0.8,0.19999999999999996,2,17,2.402967098351196,1.043595351008993,0.7333333333333333,0.31658770575998507,0,0.17373040413939914,17.47854717308443,0.5826182391028143,0,0.47,1.30608970771238,75,width_N75
0.8,0.19999999999999996,2,18,3.0601514050307035,1.3290068689933172,1.0,0.046557947369918064,0,0.09637044364617119,4.017492694240143,0.1339164231413381,1,0.69,1.1588814604549191,75,width_N75
0.8,0.19999999999999996,2,19,1.7125949048053408,0.7437705168925844,0.7066666666666667,0.5386911006236798,0,0.04953942078268977,7.086501029556292,0.23621670098520967,0,0.44,1.1672550716744285,75,width_N75
0.85,0.15000000000000002,0,0,3.054438843970202,1.326525935247206,0.88,0.11205978542807941,0,0.1192105353272972,0.13383628662819724,0.004461209554273241,1,0.205,1.2787574772504242,75,width_N75
0.85,0.15000000000000002,0,1,2.23779672572439,0.9718627696032667,0.6533333333333333,0.45596596703803904,0,0.2420600469702541,17.56098907895829,0.5853663026319429,0,0.775,1.3132875633041257,75,width_N75
0.85,0.15000000000000002,0,2,1.9975002393661836,0.8675033315571581,0.28,0.49970857412475594,0,0.23329351987747995,13.768343609300848,0.4589447869766949,0,0.495,1.221519060204861,75,width_N75
0.85,0.15000000000000002,0,3,2.6967932583520913,1.1712024309362041,0.8533333333333334,0.27953027406519826,0,0.021518437362446505,0.025571478240021817,0.0008523826080007271,1,0.2,1.2259319336478816,75,width_N75
0.85,0.15000000000000002,0,4,2.1573145044372564,0.9369097850069487,0.6,0.4841756547788171,0,0.10414279324657255,0.5801201170206993,0.019337337234023307,1,0.45,1.2465526387189876,75,width_N75
0.85,0.15000000000000002,0,5,2.8090548875425934,1.2199570370231079,0.9066666666666666,0.21631561651321812,0,0.017172487427015774,0.12383499124983266,0.004127833041661088,1,0.47,1.2203683589961045,75,width_N75
0.85,0.15000000000000002,0,6,2.37276820882457,1.0304801399279733,0.72,0.38537189108603886,0,0.04009581151709379,0.6226713909226245,0.020755713030754144,1,0.475,1.305296945840136,75,width_N75
0.85,0.15000000000000002,0,7,2.1272632927841237,0.9238587096114863,0.7333333333333333,0.4743212842550045,0,0.0808422656023713,5.480036547225442,0.1826678849075147,0,0.765,1.2963818610555635,75,width_N75
0.85,0.15000000000000002,0,8,2.162719119288701,0.9392569794137432,0.41333333333333333,0.48582546153895606,0,0.23654729142298958,0.0870981577655805,0.0029032719255193493,1,0.215,1.1585536566116348,75,width_N75
0.85,0.15000000000000002,0,9,2.7083511611902633,1.1762219643611957,0.9333333333333333,0.18532042975549234,0,0.007507621381212799,0.14249682111768802,0.004749894037256267,1,0.39,1.273147865027302,75,width_N75
0.85,0.15000000000000002,0,10,2.098272031422623,0.9112679647787716,0.5066666666666667,0.5107247925911379,0,0.13596219133474366,18.70531513622638,0.6235105045408792,0,0.76,1.2350789611350201,75,width_N75
0.85,0.15000000000000002,0,11,2.249768127632235,0.9770618833924902,0.21333333333333335,0.46189874674843345,0,0.47733587182335213,29.895450536395906,0.9965150178798634,0,0.275,1.254518159217924,75,width_N75
0.85,0.15000000000000002,0,12,1.9682333698245786,0.8547928916126566,0.7866666666666666,0.533616366049314,0,0.06943382102980145,0.5594770838376895,0.01864923612792298,1,0.415,1.3319035649082616,75,width_N75
0.85,0.15000000000000002,0,13,2.322013317081167,1.0084375705142166,0.5466666666666666,0.2878012393102835,0,0.1779850349323411,0.20322064607050105,0.006774021535683367,1,0.465,1.196787504171633,75,width_N75
0.85,0.15000000000000002,0,14,2.16711182919183,0.9411647090852739,0.6933333333333334,0.45578645281126123,0,0.12202903502384221,12.489573293804701,0.41631910979348996,1,1.0,1.3834408997890102,75,width_N75
0.85,0.15000000000000002,0,15,2.232879629255605,0.969727301739888,0.6933333333333334,0.419414084513498,0,0.07690728027417204,0.306941261003818,0.010231375366793933,1,0.42,1.2687920722900279,75,width_N75
0.85,0.15000000000000002,0,16,3.1580010547610535,1.371502431927374,0.9866666666666667,0.10385815654520705,0,0.020250188608235426,0.04346993778042152,0.0014489979260140504,1,0.17,1.2648969151354257,75,width_N75
0.85,0.15000000000000002,0,17,2.1568384363028335,0.9367030312431588,0.30666666666666664,0.43872656522475284,0,0.2127283698005294,25.881027632052866,0.8627009210684288,0,1.0,1.364124483621453,75,width_N75
0.85,0.15000000000000002,0,18,2.8221646226233226,1.2256505226278818,0.5866666666666667,0.15012388881297484,0,0.2959584380363405,2.028550189845224,0.06761833966150746,1,0.54,1.145521833308698,75,width_N75
0.85,0.15000000000000002,0,19,2.1160935669700427,0.9190077593260585,0.7866666666666666,0.47350002451090273,0,0.17912806603751943,17.843639914149488,0.5947879971383161,0,0.73,1.3359479329780093,75,width_N75
0.85,0.15000000000000002,1,0,2.1630078897885583,0.9393823908483678,0.72,0.40144309058199107,0,0.16964006961491074,15.024267459213558,0.5008089153071186,0,0.44,1.314074266412159,75,width_N75
0.85,0.15000000000000002,1,1,2.6637490791025495,1.156851526229106,0.16,0.28627993406644814,0,0.1529040634638173,19.189162825200782,0.6396387608400259,0,1.0,1.353412778137198,75,width_N75
0.85,0.15000000000000002,1,2,2.7238750205403557,1.182963890814783,0.18666666666666668,0.318145994380672,0,0.39419926216909773,10.305206625837183,0.34350688752790604,0,0.45,1.168211076051002,75,width_N75
0.85,0.15000000000000002,1,3,2.738082439836496,1.1891340946171824,0.3466666666666667,0.17894411875490265,0,0.1318974730098983,16.184613604811865,0.5394871201603955,0,0.655,1.1747639357302067,75,width_N75
0.85,0.15000000000000002,1,4,2.1551776964180283,0.9359817810753113,0.6,0.3472853768315968,0,0.28302966368948396,11.179409332670232,0.37264697775567435,0,0.43,1.0373626322797995,75,width_N75
0.85,0.15000000000000002,1,5,2.884760720614271,1.2528356625740262,0.36,0.1741145658738918,0,0.21554190714816818,18.22875718020746,0.6076252393402485,0,0.465,1.2586474450347327,75,width_N75
0.85,0.15000000000000002,1,6,2.605849294583935,1.1317059693092841,0.88,0.29576983210638513,0,0.015564713701768443,2.0498671144679736,0.06832890381559911,1,0.68,1.332925246731378,75,width_N75
0.85,0.15000000000000002,1,7,2.6218045840558095,1.1386352634840884,0.64,0.4110342747338302,0,0.1538255353442643,10.004478810540697,0.3334826270180231,0,0.24,1.201019755606584,75,width_N75
0.85,0.15000000000000002,1,8,2.507532128996627,1.0890073668183482,0.64,0.21476561393975913,0,0.16008358536282374,0.10253317288504982,0.0034177724295016603,1,0.165,1.1743630728307823,75,width_N75
0.85,0.15000000000000002,1,9,0.9931385417752719,0.4313145884584426,0.30666666666666664,0.9526658395930514,0,0.061915810945520455,9.088153672761534,0.30293845575871775,0,1.0,1.3536941835844574,75,width_N75
0.85,0.15000000000000002,1,10,2.9609248007078772,1.2859133022779163,0.64,0.29508953457898346,0,0.3754160483088583,19.346413214428665,0.6448804404809554,0,0.51,0.9999020562311193,75,width_N75
0.85,0.15000000000000002,1,11,2.9218966964697732,1.2689636119681629,0.9066666666666666,0.19524681141913422,0,0.02283335112836584,4.800401373665103,0.16001337912217006,1,0.74,1.27034533133668,75,width_N75
0.85,0.15000000000000002,1,12,2.806610725730792,1.2188955510353636,0.06666666666666667,0.27717686812541015,0,0.7438479056237117,29.896435271186313,0.9965478423728769,0,0.245,1.0327695640715608,75,width_N75
0.85,0.15000000000000002,1,13,2.416510355544578,1.0494771128750753,0.7866666666666666,0.41746479492370725,0,0.13187062561966656,11.510128237134865,0.38367094123782874,0,0.785,1.3408924536791267,75,width_N75
0.85,0.15000000000000002,1,14,1.7875311104533367,0.7763148975002762,0.41333333333333333,0.6545194968403872,0,0.15237367075389766,19.569219726564494,0.6523073242188163,0,0.665,1.3450217602770695,75,width_N75
0.85,0.15000000000000002,1,15,2.690340071424498,1.1683998474628596,0.72,0.3111265827461257,0,0.2377404452390657,19.958839177598612,0.665294639253287,0,0.295,1.2230267709057125,75,width_N75
0.85,0.15000000000000002,1,16,2.5608476134625224,1.1121619875218849,0.84,0.2582180230131781,0,0.09947340961939222,14.010888989350146,0.4670296329783381,0,0.675,1.1969533248638178,75,width_N75
0.85,0.15000000000000002,1,17,1.9198058046258741,0.8337610672748494,0.04,0.5187233453213235,0,0.13275242757949876,15.867186744997463,0.5289062248332487,0,0.7,1.3250017432021872,75,width_N75
0.85,0.15000000000000002,1,18,1.8710000968065872,0.8125650176835506,0.49333333333333335,0.5032779204322683,0,0.18864663419074404,19.64144233092182,0.6547147443640606,0,0.465,1.2347852202179301,75,width_N75
0.85,0.15000000000000002,1,19,2.5294078525140042,1.098507872829586,0.68,0.33991026336419183,0,0.23368626947302495,10.041325685789909,0.3347108561929969,0,0.515,1.1161853991337727,75,width_N75
0.85,0.15000000000000002,2,0,2.7787308249701357,1.2067874639790006,0.52,0.24542946985273484,0,0.07207975076574769,5.386273238970663,0.17954244129902205,1,0.77,1.2055316725169425,75,width_N75
0.85,0.15000000000000002,2,1,1.7190573714459796,0.7465771304940975,0.5733333333333334,0.6642169364307894,0,0.12492986367262605,0.9036845319846221,0.03012281773282073,1,0.73,1.3248793742344334,75,width_N75
0.85,0.15000000000000002,2,2,2.947605213565703,1.2801286790808406,0.5866666666666667,0.28922156141992433,0,0.3848173337637416,12.197589925590059,0.4065863308530019,0,0.54,1.174213753425028,75,width_N75
0.85,0.15000000000000002,2,3,2.3908497727665523,1.0383328633721574,0.6266666666666667,0.35771466447959416,0,0.07474813371329662,11.053688230037723,0.3684562743345907,0,1.0,1.3479214592704065,75,width_N75
0.85,0.15000000000000002,2,4,2.662375652820088,1.1562550547733317,0.5066666666666667,0.24139967491748612,0,0.21815416684933656,11.247551067608224,0.3749183689202741,0,0.515,1.1930019433905559,75,width_N75
0.85,0.15000000000000002,2,5,2.1871357849278894,0.9498610025673198,0.5466666666666666,0.3638459683288952,0,0.46105752202651035,19.993127701586918,0.6664375900528972,0,0.285,0.9981837243508755,75,width_N75
0.85,0.15000000000000002,2,6,2.046442154500962,0.8887585352339701,0.30666666666666664,0.5144032416886375,0,0.345722742512854,29.129360927880416,0.9709786975960137,0,0.55,1.3324695011914691,75,width_N75
0.85,0.15000000000000002,2,7,2.05417351697089,0.8921162232922537,0.44,0.48898625076198027,0,0.20821169664827285,4.364482396743469,0.1454827465581156,1,0.745,1.303665568269303,75,width_N75
0.85,0.15000000000000002,2,8,2.214872473399171,0.9619068933166672,0.6533333333333333,0.42999677914033413,0,0.18551760716790258,18.20995891994691,0.606998630664897,0,0.72,1.3481731954707128,75,width_N75
0.85,0.15000000000000002,2,9,2.0133919764885633,0.8744050252972645,0.6266666666666667,0.5122902469183314,0,0.059078317981805614,5.1126424213760515,0.17042141404586836,1,0.73,1.3053056541126808,75,width_N75
0.85,0.15000000000000002,2,10,1.9074759138088757,0.8284062637305576,0.24,0.5495865894510855,0,0.11891149605253132,1.4867760065459035,0.04955920021819678,1,0.49,1.2804326011269693,75,width_N75
0.85,0.15000000000000002,2,11,1.824947142242626,0.7925644736410812,0.25333333333333335,0.5487928610296254,0,0.22300926384268832,11.504799186307723,0.3834933062102574,0,0.77,1.289433208393916,75,width_N75
0.85,0.15000000000000002,2,12,2.527834877687325,1.0978247385421864,0.84,0.34431431922428424,0,0.12620948558320727,10.887795268890931,0.362926508963031,0,0.705,1.165003967910861,75,width_N75
0.85,0.15000000000000002,2,13,2.7043022793334015,1.1744635573128825,0.8666666666666667,0.17920955206256528,0,0.07317873797905493,12.422831424068287,0.4140943808022762,0,0.715,1.2724906933015132,75,width_N75
0.85,0.15000000000000002,2,14,2.217131881715957,0.9628881418810133,0.4666666666666667,0.5053385402367628,0,0.2695931633478066,19.96392124828482,0.6654640416094939,0,0.29,1.1781826904340433,75,width_N75
0.85,0.15000000000000002,2,15,2.071363384938049,0.8995816880950358,0.36,0.4750908123686572,0,0.39138488864191306,19.971559435295656,0.6657186478431885,0,0.325,1.1112775452367853,75,width_N75
0.85,0.15000000000000002,2,16,2.083077573463835,0.904669095531759,0.6133333333333333,0.39437557639604964,0,0.07307022371665692,0.5387210552509791,0.01795736850836597,1,0.41,1.079604017609961,75,width_N75
0.85,0.15000000000000002,2,17,2.7337393803772585,1.187247927859458,0.8133333333333334,0.21176505113249908,0,0.2339648914510548,5.1717837357869,0.17239279119289663,1,0.47,1.211881599470631,75,width_N75
0.85,0.15000000000000002,2,18,2.5030422528728558,1.0870574383933647,0.5066666666666667,0.38959414691634736,0,0.27059508579297253,25.42763385060448,0.8475877950201492,0,0.785,1.33787600135273,75,width_N75
0.85,0.15000000000000002,2,19,2.1905280811542,0.9513342580993873,0.5466666666666666,0.4115321374912405,0,0.01937156331653525,5.739025492169864,0.19130084973899542,1,0.695,1.3399597322569148,75,width_N75
0.9,0.09999999999999998,0,0,2.597441774774148,1.1280546298494016,0.4,0.26039714359637944,0,0.18625436733307926,2.5600757857274226,0.08533585952424741,1,0.54,1.2852348761413166,75,width_N75
0.9,0.09999999999999998,0,1,2.3452961057693185,1.0185491571648004,0.48,0.3741490977179624,0,0.0372632529623327,8.936885743818241,0.297896191460608,1,0.705,1.3449415422325188,75,width_N75
0.9,0.09999999999999998,0,2,1.7450195428142135,0.757852358257548,0.30666666666666664,0.6915389100342038,0,0.3773108007595442,19.98803072921966,0.6662676909739885,0,0.295,1.122247450580677,75,width_N75
0.9,0.09999999999999998,0,3,2.0916761544080456,0.9084034117880283,0.02666666666666667,0.48208079275121957,0,0.4494700929913621,24.795164531191542,0.8265054843730513,0,0.78,1.2428062902934027,75,width_N75
0.9,0.09999999999999998,0,4,2.139383880279894,0.9291226138783251,0.64,0.46914416752368293,0,0.022102261554183107,0.44315383779605644,0.01477179459320188,1,0.425,1.2504824302176414,75,width_N75
0.9,0.09999999999999998,0,5,2.866478011126959,1.244895582729446,0.8266666666666667,0.20706813259942966,0,0.028284089376695007,0.15203968173789217,0.005067989391263072,1,0.475,1.2645959616780402,75,width_N75
0.9,0.09999999999999998,0,6,2.361042500059865,1.0253877293150575,0.7066666666666667,0.3789041314861894,0,0.12291852989013183,1.452397493727664,0.048413249790922125,1,0.76,1.2869846320882683,75,width_N75
0.9,0.09999999999999998,0,7,1.934125262414003,0.8399799287760806,0.49333333333333335,0.5317768091534493,0,0.04421443200775291,4.110406116500403,0.1370135372166801,1,1.0,1.3457866538959966,75,width_N75
0.9,0.09999999999999998,0,8,2.409651246095023,1.0464982394903632,0.44,0.30679597966379635,0,0.14525721804345754,19.12031328548125,0.6373437761827082,0,0.485,1.2965246069119476,75,width_N75
0.9,0.09999999999999998,0,9,2.646425761146075,1.1493281048323534,0.8133333333333334,0.2818371632113939,0,0.031089904391319652,0.5509369519948015,0.018364565066493383,1,0.48,1.269722558680553,75,width_N75
0.9,0.09999999999999998,0,10,2.703293908254219,1.174025627317483,0.6533333333333333,0.1643391265435758,0,0.22720254466777923,0.07445630951501969,0.002481876983833989,1,0.2,1.1697560719113,75,width_N75
0.9,0.09999999999999998,0,11,2.2080119869495936,0.9589274219084433,0.36,0.37282054649949986,0,0.5088022340835858,29.958428443247048,0.9986142814415682,0,0.275,1.2581512080520905,75,width_N75
0.9,0.09999999999999998,0,12,2.6986869177067945,1.1720248367445556,0.36,0.2107043627516493,0,0.2928182270938568,19.93692100503582,0.664564033501194,0,0.545,1.1797152770714587,75,width_N75
0.9,0.09999999999999998,0,13,2.319338420673123,1.0072758777645399,0.64,0.44542781990640085,0,0.009189276964455192,0.18047272659805214,0.006015757553268403,1,0.395,1.2252944502098102,75,width_N75
0.9,0.09999999999999998,0,14,2.414218952938113,1.048481969367269,0.25333333333333335,0.37253258558833935,0,0.5289742140178519,19.997292005502842,0.666576400183428,0,0.24,1.0082118375446891,75,width_N75
0.9,0.09999999999999998,0,15,2.5369051275872208,1.1017638980231947,0.6133333333333333,0.2637931727341995,0,0.15109552449408087,0.08111572080163332,0.0027038573600544433,1,0.2,1.2126366924730632,75,width_N75
0.9,0.09999999999999998,0,16,2.933710764166747,1.2740943963777902,0.6933333333333334,0.10665063093682797,0,0.0417187268283752,0.2623281249098164,0.008744270830327212,1,0.435,1.2739519838261333,75,width_N75
0.9,0.09999999999999998,0,17,2.0860636486034405,0.9059659314874381,0.56,0.492519994067474,0,0.030803641508037844,8.354430608794889,0.2784810202931629,0,0.71,1.268223070347965,75,width_N75
0.9,0.09999999999999998,0,18,2.5847826206188107,1.1225568290541759,0.6133333333333333,0.19317935870053268,0,0.1408800968303215,0.04296066178903213,0.001432022059634404,1,0.26,1.229035788629488,75,width_N75
0.9,0.09999999999999998,0,19,2.5224215616799945,1.0954737652714044,0.29333333333333333,0.28638327661951474,0,0.6346154572166163,20.01141469555233,0.6670471565184108,0,0.27,1.0649863346062736,75,width_N75
0.9,0.09999999999999998,1,0,2.37289937106548,1.0305371029654347,0.05333333333333334,0.44205532496444855,0,0.3660160126757373,19.995505047349052,0.6665168349116349,0,0.205,1.1090867596341725,75,width_N75
0.9,0.09999999999999998,1,1,2.411663069838999,1.0473719634409338,0.9066666666666666,0.3618629612516275,0,0.02357755367437778,3.5813741658491214,0.11937913886163737,1,0.7,1.2749854881187408,75,width_N75
0.9,0.09999999999999998,1,2,2.838643798104279,1.2328073376055768,0.5733333333333334,0.23978901099356695,0,0.4072877329239808,10.00053899302496,0.3333512997674986,0,0.22,0.9027366488745061,75,width_N75
0.9,0.09999999999999998,1,3,2.3387235118470926,1.0156947158925864,0.3333333333333333,0.36181389336822783,0,0.21029845963445953,21.99114673340678,0.7330382244468926,0,1.0,1.3685839637272832,75,width_N75
0.9,0.09999999999999998,1,4,1.7895912727279666,0.7772096146079732,0.6,0.607717966542263,0,0.22689128599490976,19.97557970730935,0.6658526569103116,0,0.27,1.2412583549677465,75,width_N75
0.9,0.09999999999999998,1,5,2.7370281475304608,1.1886762212863582,0.9333333333333333,0.25932824424439127,0,0.019382764501387425,3.3701037463532035,0.11233679154510677,1,0.705,1.2830765759503495,75,width_N75
0.9,0.09999999999999998,1,6,2.210025709231834,0.959801970383706,0.30666666666666664,0.5002662755866878,0,0.23928372730745434,10.174232604753536,0.3391410868251178,0,0.51,1.2127425213071306,75,width_N75
0.9,0.09999999999999998,1,7,2.7239981744449184,1.1830173758759595,0.4666666666666667,0.2380383721839948,0,0.16680042636229442,3.6636322331966618,0.12212107443988872,1,0.72,1.2147842683246237,75,width_N75
0.9,0.09999999999999998,1,8,2.4413275316271763,1.060255075504169,0.92,0.2865075766645384,0,0.04245955265324911,4.417701186372058,0.14725670621240192,1,0.715,1.212580666736088,75,width_N75
0.9,0.09999999999999998,1,9,2.375067369779607,1.0314786528437532,0.24,0.3543754851863173,0,0.12228938202530532,11.334920710192659,0.37783069033975525,0,1.0,1.3673634637510252,75,width_N75
0.9,0.09999999999999998,1,10,2.3894797992618186,1.0377378914386974,0.9466666666666667,0.327690097910537,0,0.032837112003479135,5.9227915625399365,0.19742638541799784,1,0.695,1.240794564302766,75,width_N75
0.9,0.09999999999999998,1,11,2.298305719820067,0.9981414918445366,0.22666666666666666,0.3639762518581856,0,0.09041569485704212,10.106908303984147,0.3368969434661382,0,0.55,1.3131957675608832,75,width_N75
0.9,0.09999999999999998,1,12,2.429603322574975,1.055163316208118,0.56,0.40037559951348173,0,0.41870260771722706,26.98438717305288,0.8994795724350959,0,0.825,1.2819355158552388,75,width_N75
0.9,0.09999999999999998,1,13,2.1575744971309394,0.9370226983991501,0.5733333333333334,0.42235014305117374,0,0.12982410157756186,16.794693371198502,0.5598231123732833,0,0.7,1.2485080876574735,75,width_N75
0.9,0.09999999999999998,1,14,1.8750212026917359,0.8143113617806196,0.3466666666666667,0.5969190435387168,0,0.0014721359254051668,1.225138295591205,0.04083794318637349,1,0.665,1.265049745024396,75,width_N75
0.9,0.09999999999999998,1,15,2.2392360410433136,0.9724878563039945,0.48,0.4073862944359051,0,0.2512995449291111,18.24167737099258,0.6080559123664192,0,0.77,1.3218280649212666,75,width_N75
0.9,0.09999999999999998,1,16,2.18523941041119,0.9490374175790951,0.6266666666666667,0.43813083629120625,0,0.12963251173449247,15.512001889924697,0.5170667296641566,0,0.435,1.3209517673234477,75,width_N75
0.9,0.09999999999999998,1,17,1.4403701437063858,0.6255448053098771,0.08,0.7438859070087278,0,0.24769235333544498,22.89432569336289,0.7631441897787629,0,0.74,1.3380209824312763,75,width_N75
0.9,0.09999999999999998,1,18,2.542873791148852,1.1043560556723482,0.8533333333333334,0.2532283547219734,0,0.010428308477744215,1.2408933075761797,0.04136311025253932,1,0.665,1.3110372485934354,75,width_N75
0.9,0.09999999999999998,1,19,2.1653185668271355,0.9403859051356824,0.21333333333333335,0.4407459263000353,0,0.11981511807226314,7.216810145642604,0.24056033818808678,1,0.7,1.353365503867257,75,width_N75
0.9,0.09999999999999998,2,0,1.7723624857692986,0.7697272475019371,0.48,0.6475239739215358,0,0.04526846799901981,0.40530714674094637,0.01351023822469821,1,0.475,1.1192907020116372,75,width_N75
0.9,0.09999999999999998,2,1,2.0617559790060467,0.8954092447133627,0.56,0.47716227148075196,0,0.30688922226506776,11.0618113448597,0.36872704482865665,0,0.515,1.080586468704253,75,width_N75
0.9,0.09999999999999998,2,2,2.4957494645323997,1.0838902206594165,0.04,0.346815218206426,0,0.5996812201993635,18.34945952699354,0.6116486508997846,0,0.5,1.0859495124432301,75,width_N75
0.9,0.09999999999999998,2,3,2.681222804332639,1.1644402686748274,0.28,0.3045717855803897,0,0.17744061382695825,1.8076011428431848,0.060253371428106155,1,0.76,1.162327884460607,75,width_N75
0.9,0.09999999999999998,2,4,2.487177909006764,1.0801676413933057,0.4533333333333333,0.1505437739528972,0,0.1245397372268202,0.4151533493120585,0.013838444977068614,1,0.41,0.9831772295713075,75,width_N75
0.9,0.09999999999999998,2,5,2.047415530519267,0.8891812670675366,0.2,0.5173992435645736,0,0.20738226764832823,10.069399100506393,0.3356466366835464,0,0.195,1.2400814696070754,75,width_N75
0.9,0.09999999999999998,2,6,1.9465816529133,0.8453896704343573,0.49333333333333335,0.6049986227631152,0,0.25401967270429326,10.137976033219653,0.3379325344406551,0,0.47,1.2535355961478571,75,width_N75
0.9,0.09999999999999998,2,7,1.8715983097597333,0.812824818268105,0.4266666666666667,0.5510138221213744,0,0.13372389853151867,0.08468978674328609,0.002822992891442869,1,0.395,1.173383893358331,75,width_N75
0.9,0.09999999999999998,2,8,1.7472166709038288,0.7588065588629026,0.5466666666666666,0.6319169013426603,0,0.08218699329987669,9.229020543516059,0.3076340181172019,1,1.0,1.3396213798382464,75,width_N75
0.9,0.09999999999999998,2,9,2.84253833683945,1.2344987142878199,0.7333333333333333,0.20522607206685162,0,0.19916406169725087,0.5805080159231202,0.019350267197437338,1,0.485,1.223459196211179,75,width_N75
0.9,0.09999999999999998,2,10,2.3055285082472827,1.0012783090024304,0.013333333333333334,0.542104079334043,0,0.653837574040698,28.289944914557452,0.9429981638185816,0,0.525,1.1665387583122997,75,width_N75
0.9,0.09999999999999998,2,11,2.665193397031699,1.1574787855358495,0.3466666666666667,0.2800028173169659,0,0.4147844762232004,19.605409165417377,0.6535136388472458,0,0.77,1.2416709436103128,75,width_N75
0.9,0.09999999999999998,2,12,2.0768443636028757,0.9019620468845995,0.5333333333333333,0.3900878380048478,0,0.12385613785870767,0.004832855846065298,0.00016109519486884325,1,0.21,1.1713736669553718,75,width_N75
0.9,0.09999999999999998,2,13,2.302361974715109,0.9999031009626458,0.29333333333333333,0.44047404507359195,0,0.6617494583453323,20.02094251316315,0.6673647504387716,0,0.315,1.0527090481928658,75,width_N75
0.9,0.09999999999999998,2,14,2.7917887144264584,1.212458433315184,0.6,0.23538734599647834,0,0.11284225125105077,5.762362309920915,0.1920787436640305,0,0.42,1.0624993312227198,75,width_N75
0.9,0.09999999999999998,2,15,2.001674348233085,0.8693161240049166,0.13333333333333333,0.5397545563974907,0,0.46092700309856893,28.409330889313257,0.9469776963104417,0,0.795,1.2621432921986229,75,width_N75
0.9,0.09999999999999998,2,16,2.7429789155824458,1.191260607014422,0.44,0.15560234335620834,0,0.009709452802493489,1.7574684636437188,0.05858228212145728,1,0.41,1.2703963116588113,75,width_N75
0.9,0.09999999999999998,2,17,1.6784403409875048,0.7289373782946856,0.04,0.5368974382999259,0,0.3607841540621931,1.6239492198418748,0.05413164066139582,1,0.43,1.10121825215016,75,width_N75
0.9,0.09999999999999998,2,18,2.1065017007649898,0.9148420647620498,0.64,0.4714892084384751,0,0.09828009955427865,0.03392745753595938,0.001130915251198646,1,0.19,1.1898495996586407,75,width_N75
0.9,0.09999999999999998,2,19,2.48976054301494,1.0812892650918324,0.02666666666666667,0.3447572155096934,0,0.14063608124849583,16.126294735740874,0.537543157858029,0,0.515,1.2880903653390563,75,width_N75
0.5,0.5,0,0,3.2815935992483776,1.4251779920026013,0.9966666666666667,0.036420415499425735,0,0.0024833283610737056,0.63663395956714,0.02122113198557133,1,0.665,1.296623147679797,300,width_N300
0.5,0.5,0,1,3.283641572192026,1.426067415351115,0.9966666666666667,0.007091860459544319,0,0.003180988693157148,0.7307723416922263,0.024359078056407538,1,0.705,1.2968841731797467,300,width_N300
0.5,0.5,0,2,3.069359241416167,1.333005781525792,1.0,0.01198394780858808,0,0.002631980363925557,0.6923188845917028,0.023077296153056755,1,0.685,1.2957809830179354,300,width_N300
0.5,0.5,0,3,3.114327003846035,1.3525350326126202,1.0,0.013112258653758332,0,0.0024756943193385977,0.7048081028890096,0.02349360342963365,1,0.66,1.2936998604344456,300,width_N300
0.5,0.5,0,4,3.1891854245151157,1.3850456316331945,1.0,0.017292307748111704,0,0.0028912168619584545,0.6980808657325421,0.023269362191084733,1,0.71,1.2971379119713615,300,width_N300
0.5,0.5,0,5,3.179391760851166,1.3807922975463245,0.9966666666666667,0.020233921393625228,0,0.003271616829884137,0.6652584977445475,0.02217528325815158,1,0.725,1.295184259921227,300,width_N300
0.5,0.5,0,6,3.14074368608174,1.3640076519377786,0.99,0.049774872306564195,0,0.004083461881212369,0.66991690254527,0.022330563418175665,1,0.695,1.3025128828270613,300,width_N300
0.5,0.5,0,7,3.350905010743279,1.4552795555477627,0.9966666666666667,0.01973189741274012,0,0.003751414749060305,0.6218644412416263,0.020728814708054207,1,0.745,1.300183144538767,300,width_N300
0.5,0.5,0,8,3.24155770358654,1.407790623438611,0.9966666666666667,0.025426060884008582,0,0.0023003214200271,0.6755602589677334,0.022518675298924443,1,0.7,1.2939987694833213,300,width_N300
0.5,0.5,0,9,3.3278646270873726,1.4452732440650689,0.9966666666666667,0.015081076155677232,0,0.0027242522579434807,0.7157190329745267,0.023857301099150886,1,0.69,1.298078797454133,300,width_N300
0.5,0.5,0,10,3.2573835179125967,1.4146636872720428,1.0,0.0038637656351310622,0,0.002867229144646006,0.6810877777956192,0.022702925926520637,1,0.76,1.2936569999223706,300,width_N300
0.5,0.5,0,11,3.229088705059387,1.4023754061834088,1.0,0.03138867598415456,0,0.0027173222451810676,0.6435690252751536,0.021452300842505115,1,0.725,1.295678487747324,300,width_N300
0.5,0.5,0,12,3.3182364516868037,1.4410917806178047,0.9966666666666667,0.03702203008476095,0,0.0025697715602632006,0.5953809795729736,0.01984603265243245,1,0.68,1.2952158519096493,300,width_N300
0.5,0.5,0,13,3.266228749032701,1.418505122338663,0.9966666666666667,0.029738737984580665,0,0.0032649382140565206,0.7493159611431488,0.024977198704771622,1,0.705,1.2934236310957545,300,width_N300
0.5,0.5,0,14,3.183378193972914,1.3825235834535758,0.9966666666666667,0.029558989297902183,0,0.0032738714046033957,0.5398700501987375,0.017995668339957912,1,0.7,1.289618967760985,300,width_N300
0.5,0.5,0,15,3.2965111769575253,1.4316566136850473,1.0,0.024038024792938976,0,0.0034690504892608883,0.733563748500371,0.024452124950012363,1,0.705,1.3022713460542839,300,width_N300
0.5,0.5,0,16,3.2781897281446586,1.4236997095651462,0.98,0.057473765661086064,0,0.00915391441401718,0.4776968170417395,0.015923227234724648,1,0.725,1.3100371934434292,300,width_N300
0.5,0.5,0,17,3.1501800272237106,1.368105802825093,1.0,0.042499474667326294,0,0.0034991929793855483,0.5785149444792692,0.019283831482642306,1,0.71,1.295872771894254,300,width_N300
0.5,0.5,0,18,3.024840690712085,1.313671620612679,0.9966666666666667,0.01478070874683643,0,0.003226308155903501,0.7846784776867899,0.026155949256226326,1,0.72,1.297739242415346,300,width_N300
0.5,0.5,0,19,3.111196740348918,1.351175576448919,1.0,0.007436764009925803,0,0.002894702731392135,0.6910966955987807,0.023036556519959353,1,0.785,1.296634034639465,300,width_N300
0.5,0.5,1,0,3.267837180324531,1.4192036551732254,1.0,0.016788631609091595,0,0.006817583851744278,3.4821824160342576,0.1160727472011419,1,0.635,1.255106780847596,300,width_N300
0.5,0.5,1,1,3.136098138675723,1.361990116333925,1.0,0.019652253408935973,0,0.007335991816232096,3.8551143593273,0.12850381197757663,1,0.7,1.257189365803033,300,width_N300
0.5,0.5,1,2,3.083079208244209,1.3389642874111063,1.0,0.034486123825045595,0,0.008820320856898933,4.523534974494159,0.15078449914980527,1,0.77,1.2578443818251612,300,width_N300
0.5,0.5,1,3,3.0283227144921345,1.3151838443262107,1.0,0.02666093456085298,0,0.006930097788794158,3.937961634675852,0.13126538782252836,1,0.655,1.2609798842462427,300,width_N300
0.5,0.5,1,4,3.2885193788570706,1.4281858198695347,1.0,0.040528401740818294,0,0.008055895458393733,3.9460107545460477,0.13153369181820157,1,0.69,1.2532144985791003,300,width_N300
0.5,0.5,1,5,3.411565973709756,1.481624277031041,1.0,0.014298533941823904,0,0.008278803832332756,3.9783468338993044,0.1326115611299768,1,0.705,1.2527255824719896,300,width_N300
0.5,0.5,1,6,3.25196230062254,1.4123092825177725,1.0,0.01164600897332227,0,0.007785637222251129,3.807744837588717,0.12692482791962387,1,0.68,1.2549987418930897,300,width_N300
0.5,0.5,1,7,3.1958260455111347,1.3879296166881765,1.0,0.013670289168960412,0,0.007613758435353092,3.7204472911727904,0.12401490970575967,1,0.715,1.2539199012913662,300,width_N300
0.5,0.5,1,8,2.973852045875023,1.2915275335202185,1.0,0.029004390833103175,0,0.00875437647662905,4.2492717801430935,0.14164239267143644,1,0.715,1.2540067851983785,300,width_N300
0.5,0.5,1,9,3.259486375782604,1.4155769468412138,0.99,0.023605549259274876,0,0.008680794775386292,4.303398188080121,0.14344660626933733,1,0.69,1.257736457774562,300,width_N300
0.5,0.5,1,10,3.0657820221831176,1.3314522149523207,1.0,0.005798710597635105,0,0.007833997237070015,3.825359169048631,0.127511972301621,1,0.695,1.2542286713008601,300,width_N300
0.5,0.5,1,11,2.953355510597166,1.2826260013509099,0.99,0.06416908342609716,0,0.006211844395858545,3.2328222684894827,0.10776074228298274,1,0.74,1.259079465331121,300,width_N300
0.5,0.5,1,12,3.007513239344922,1.3061464040984736,0.9966666666666667,0.023898184013720035,0,0.008204015581532925,3.9773227552573784,0.13257742517524593,1,0.755,1.2524164574462398,300,width_N300
0.5,0.5,1,13,3.148183221064671,1.3672386009287916,1.0,0.02026615244453915,0,0.007195650010834585,3.663277215301247,0.12210924051004156,1,0.7,1.25761219700996,300,width_N300
0.5,0.5,1,14,3.4573790115287815,1.501520626555069,1.0,0.0010542005283048661,0,0.007835824848829262,3.8026981391551304,0.12675660463850433,1,0.665,1.253978206224884,300,width_N300
0.5,0.5,1,15,3.239877419136117,1.4070608851737645,1.0,0.006987829074544768,0,0.00791987113959908,3.875109290912182,0.12917030969707272,1,0.71,1.2543491153105675,300,width_N300
0.5,0.5,1,16,2.998827661490139,1.302374305564,0.9933333333333333,0.03194574868883018,0,0.007914594383447982,3.9745470457359158,0.1324849015245305,1,0.675,1.2600340169528135,300,width_N300
0.5,0.5,1,17,3.1189909942781386,1.3545605779209324,1.0,0.006627489804098488,0,0.007949885576682983,3.8671229717671505,0.12890409905890501,1,0.7,1.25414559871355,300,width_N300
0.5,0.5,1,18,3.007514622992964,1.3061470050091832,0.9966666666666667,0.031683067507844095,0,0.006215052517314284,3.5516562240726413,0.11838854080242135,1,0.665,1.2622287906621512,300,width_N300
0.5,0.5,1,19,3.136299805196807,1.3620776989912171,1.0,0.009882894551358455,0,0.007683362762160438,3.755123598165089,0.12517078660550293,1,0.745,1.2539549849728138,300,width_N300
0.5,0.5,2,0,3.1451684501390167,1.3659293025515775,1.0,0.05244429852610143,0,0.004764221964875481,1.8181756734291898,0.06060585578097299,1,0.77,1.253539430415586,300,width_N300
0.5,0.5,2,1,3.106507046615941,1.349138868338871,0.9866666666666667,0.10301948879948088,0,0.003202045661334566,1.7792900414581037,0.059309668048603444,1,0.67,1.3052595894017922,300,width_N300
0.5,0.5,2,2,3.065604642897531,1.3313751801073865,1.0,0.030119603982887717,0,0.0016385318226222311,1.4442129356838418,0.04814043118946139,1,0.785,1.273120244542342,300,width_N300
0.5,0.5,2,3,3.278371301657653,1.4237785659398996,1.0,0.016962253569350307,0,0.0013223315324745587,1.5689242772160827,0.05229747590720275,1,0.655,1.272001270289493,300,width_N300
0.5,0.5,2,4,3.1370541755684704,1.3624053178809414,1.0,0.007439852938351699,0,0.0016008358907631647,1.578926957261939,0.05263089857539796,1,0.7,1.2701049019699566,300,width_N300
0.5,0.5,2,5,3.1069832273955185,1.3493456710238296,1.0,0.018369798946813117,0,0.0016509557324720665,1.5060735552202442,0.0502024518406748,1,0.665,1.2717409745833823,300,width_N300
0.5,0.5,2,6,3.1092977836821123,1.350350870047152,1.0,0.00453945280633879,0,0.0015815470086393939,1.5801789202016026,0.05267263067338675,1,0.69,1.270703931547214,300,width_N300
0.5,0.5,2,7,3.3477276191467533,1.453899631910546,1.0,0.0024093275700922223,0,0.0016215260829795086,1.5901816419109815,0.05300605473036604,1,0.665,1.2704067927219618,300,width_N300
0.5,0.5,2,8,3.2055736521862506,1.3921629484789424,0.9966666666666667,0.014845537405985564,0,0.0009834764348912346,1.5537769984131589,0.051792566613771955,1,0.73,1.2729580864438759,300,width_N300
0.5,0.5,2,9,3.529502359932005,1.5328433987829746,1.0,0.007049574895179459,0,0.0015416134215689332,1.556043549085917,0.05186811830286389,1,0.745,1.271160686851049,300,width_N300
0.5,0.5,2,10,3.341041571274734,1.450995918213987,1.0,0.01747824786147858,0,0.0012818530966963466,1.4251831981191565,0.04750610660397188,1,0.755,1.2712105148858217,300,width_N300
0.5,0.5,2,11,3.0009430586543338,1.3032930108794436,0.9966666666666667,0.04552766510705752,0,0.0014464171165578486,2.0379043620204094,0.0679301454006803,1,0.695,1.2867244373785793,300,width_N300
0.5,0.5,2,12,3.3208920397637396,1.4422450878658262,1.0,0.020370923929455255,0,0.00211708795577515,1.5981433415388768,0.05327144471796255,1,0.705,1.267504248412511,300,width_N300
0.5,0.5,2,13,3.088803144291899,1.3414501612513854,1.0,0.01602769044509215,0,0.001337794833671524,1.6116081629092727,0.053720272096975746,1,0.715,1.2752567058641646,300,width_N300
0.5,0.5,2,14,3.217926115353555,1.3975275550704158,1.0,0.005612918602714311,0,0.001616829681663783,1.6417181271832948,0.054723937572776486,1,0.71,1.2707159367394136,300,width_N300
0.5,0.5,2,15,3.2586031711072603,1.4151933759243212,1.0,0.0068847837802029025,0,0.0014559737681215969,1.568113299050894,0.05227044330169646,1,0.695,1.2708242751015402,300,width_N300
0.5,0.5,2,16,3.128224703269272,1.358570726783282,1.0,0.0037790428321846357,0,0.001617370847021106,1.6097495350924529,0.05365831783641509,1,0.695,1.2709926599004833,300,width_N300
0.5,0.5,2,17,3.31046974523838,1.4377187428646918,1.0,0.010328753541367825,0,0.0014694765300595856,1.563219217510875,0.05210730725036249,1,0.745,1.2706748963447247,300,width_N300
0.5,0.5,2,18,3.177076458985059,1.3797867747219337,0.9933333333333333,0.08294520761566747,0,0.0001664656877015257,0.8352340949706272,0.0278411364990209,1,0.69,1.2816261574642378,300,width_N300
0.5,0.5,2,19,3.012312659330706,1.3082307657146355,0.9966666666666667,0.02864799342462626,0,0.002331916025627717,1.3604913877489966,0.04534971292496655,1,0.695,1.2733317005031872,300,width_N300
0.55,0.44999999999999996,0,0,3.128458159448914,1.3586721155138666,0.9866666666666667,0.04652980931547732,0,0.0028650760002202503,0.7503992813854943,0.02501330937951647,1,0.665,1.2978993657960465,300,width_N300
0.55,0.44999999999999996,0,1,3.111115874076138,1.3511404566728784,0.9866666666666667,0.07469808334045712,0,0.005025658090977163,1.0850786534467638,0.03616928844822546,1,0.705,1.3001234664232912,300,width_N300
0.55,0.44999999999999996,0,2,3.113258102072711,1.3520708144707687,1.0,0.03897534534604343,0,0.0032155300202942293,0.6621373646937212,0.022071245489790704,1,0.685,1.2952761717384076,300,width_N300
0.55,0.44999999999999996,0,3,3.2734544245817134,1.4216431933576223,1.0,0.0313853757651193,0,0.0031711973485736965,0.6247093613314991,0.020823645377716634,1,0.66,1.2986833688981325,300,width_N300
0.55,0.44999999999999996,0,4,3.1870673661398166,1.3841257705684529,0.9866666666666667,0.036763229526659606,0,0.004644463065256361,0.8611117129422086,0.028703723764740282,1,0.71,1.30941674472873,300,width_N300
0.55,0.44999999999999996,0,5,2.9119271913419995,1.264633910903865,0.9766666666666667,0.06992864451699513,0,0.0018629034955026554,0.5756132535153113,0.019187108450510377,1,0.725,1.2727554072460143,300,width_N300
0.55,0.44999999999999996,0,6,3.215949298275984,1.3966690343218944,1.0,0.03795683826438286,0,0.0029902924588988515,0.6655844638438047,0.022186148794793484,1,0.695,1.3006667342710225,300,width_N300
0.55,0.44999999999999996,0,7,3.50078039832197,1.5203696093462993,0.9966666666666667,0.01612467161309986,0,0.003205563641962208,0.7396654472433539,0.024655514908111794,1,0.745,1.297313458189152,300,width_N300
0.55,0.44999999999999996,0,8,3.035704180419674,1.3183895742468978,1.0,0.010006591492511277,0,0.0029566820724525166,0.668889618488755,0.022296320616291828,1,0.7,1.295543621473959,300,width_N300
0.55,0.44999999999999996,0,9,3.0285115731737964,1.315265864609516,0.9966666666666667,0.04616071915555272,0,0.002627627658527233,0.6120234102214239,0.020400780340714127,1,0.69,1.299379530385571,300,width_N300
0.55,0.44999999999999996,0,10,3.099373893798082,1.3460409794315022,0.98,0.05466622555355646,0,0.005770558766586905,0.9549524161859724,0.03183174720619907,1,0.76,1.3048073389052794,300,width_N300
0.55,0.44999999999999996,0,11,2.8619432445863664,1.2429261586441471,0.9933333333333333,0.0931197524189594,0,0.0018919334763131974,0.6447335141025301,0.021491117136751,1,0.725,1.2967298400921736,300,width_N300
0.55,0.44999999999999996,0,12,3.1339498005249267,1.3610571049297724,0.9966666666666667,0.02151238108744926,0,0.003602877711627106,0.5287962771314825,0.017626542571049415,1,0.68,1.2930975471119666,300,width_N300
0.55,0.44999999999999996,0,13,3.3429078775276184,1.4518064447211563,0.9966666666666667,0.016360586964168814,0,0.003574212640320094,0.6546712303985402,0.021822374346618004,1,0.705,1.297976337650435,300,width_N300
0.55,0.44999999999999996,0,14,2.9108815755407558,1.2641798057311937,0.9933333333333333,0.06924150343174161,0,0.0029695372504480733,0.6515592151620342,0.021718640505401135,1,0.7,1.2980310400594772,300,width_N300
0.55,0.44999999999999996,0,15,2.9901193721340458,1.298592343549832,0.9933333333333333,0.08408750413443843,0,0.006737413617665878,1.1517726610432988,0.03839242203477662,1,0.705,1.3208593982012093,300,width_N300
0.55,0.44999999999999996,0,16,3.143511530280115,1.365209711399901,0.9933333333333333,0.029794240895825476,0,0.0031040086724221806,0.7334735127647651,0.024449117092158835,1,0.725,1.3003019027058174,300,width_N300
0.55,0.44999999999999996,0,17,3.03959310326304,1.3200785119783192,1.0,0.0040576575090829625,0,0.0027159554952812135,0.6679696424979842,0.022265654749932803,1,0.71,1.2948487126567088,300,width_N300
0.55,0.44999999999999996,0,18,2.780541532864083,1.2075738444256805,0.9433333333333334,0.21962000522297478,0,0.014984368805463583,0.28210846213174157,0.009403615404391384,1,0.49,1.293490535997183,300,width_N300
0.55,0.44999999999999996,0,19,3.112265118503279,1.351639567185944,1.0,0.03907695508632572,0,0.0021785698399121936,0.5390571987870518,0.017968573292901725,1,0.785,1.2918060435156515,300,width_N300
0.55,0.44999999999999996,1,0,2.6734185101807566,1.161050906789515,0.9633333333333334,0.18494074955419412,0,0.03782903213125983,8.350337801527646,0.2783445933842548,0,0.635,1.3432425220797115,300,width_N300
0.55,0.44999999999999996,1,1,3.4826239305832085,1.5124843555965006,0.9966666666666667,0.016035547494734324,0,0.008573731447277484,3.6849511789617093,0.1228317059653903,1,0.7,1.2500426005995895,300,width_N300
0.55,0.44999999999999996,1,2,2.956188451942475,1.2838563321447332,0.9966666666666667,0.046449875103195065,0,0.006811271423677486,3.542006716908941,0.11806689056363134,1,0.77,1.25705600461926,300,width_N300
0.55,0.44999999999999996,1,3,3.1484519112975304,1.367355291614264,1.0,0.030107725090293407,0,0.006726420009090912,3.880107270619959,0.12933690902066527,1,0.655,1.2614747288820138,300,width_N300
0.55,0.44999999999999996,1,4,3.045442443945958,1.322618848359683,0.9966666666666667,0.043885872820489356,0,0.005258038393518263,3.6244464181085956,0.12081488060361983,1,0.69,1.2668990580179167,300,width_N300
0.55,0.44999999999999996,1,5,3.119208555807503,1.3546550636926096,0.9966666666666667,0.0204367271604799,0,0.007145687774351029,3.75565878661942,0.12518862622064733,1,0.705,1.2564043937100386,300,width_N300
0.55,0.44999999999999996,1,6,3.1107680485497213,1.350989397966091,0.9966666666666667,0.023156226012249845,0,0.008607175551455248,4.140482501713805,0.13801608339046015,1,0.68,1.255107123590762,300,width_N300
0.55,0.44999999999999996,1,7,3.269379224875821,1.4198733566126995,0.9966666666666667,0.03603309913191103,0,0.00755010705756921,4.275156675890612,0.14250522252968706,1,0.715,1.2615633415292995,300,width_N300
0.55,0.44999999999999996,1,8,3.2601395984098707,1.41586063782369,1.0,0.012512650228212076,0,0.0074617170617483665,3.649711375124004,0.12165704583746678,1,0.715,1.2547866105539769,300,width_N300
0.55,0.44999999999999996,1,9,3.166388120711695,1.3751448883890964,0.9966666666666667,0.016354478469617923,0,0.007402521629439229,3.9887578377181487,0.13295859459060494,1,0.69,1.25844805929007,300,width_N300
0.55,0.44999999999999996,1,10,3.0745535278270397,1.3352616314514592,0.9933333333333333,0.029532402843129184,0,0.008984652595797202,4.3603726034751045,0.14534575344917014,1,0.695,1.2572299837030145,300,width_N300
0.55,0.44999999999999996,1,11,3.037100744114795,1.3189960941533154,0.9966666666666667,0.054353819858768006,0,0.007045387016426352,4.635764958238759,0.15452549860795858,1,0.74,1.271179245591905,300,width_N300
0.55,0.44999999999999996,1,12,3.1589088900954647,1.371896699803586,0.99,0.0266440697173866,0,0.00513728032280311,3.6041979565539117,0.12013993188513038,1,0.755,1.2673025560890094,300,width_N300
0.55,0.44999999999999996,1,13,3.0477971802928185,1.3236414973614612,1.0,0.06330277525477193,0,0.0033383204711357004,3.0048702302464703,0.10016234100821567,1,0.7,1.2730472562939787,300,width_N300
0.55,0.44999999999999996,1,14,3.0806282622063024,1.3378998550714007,0.9966666666666667,0.08294019001444725,0,0.0071739223409251,4.1291464679433565,0.13763821559811187,1,0.665,1.2612528774766971,300,width_N300
0.55,0.44999999999999996,1,15,3.105639518415409,1.3487621056284844,1.0,0.033224870901682295,0,0.006861917744905806,3.560878632222103,0.11869595440740342,1,0.71,1.255938595339499,300,width_N300
0.55,0.44999999999999996,1,16,2.9113746366649997,1.2643939394566939,0.96,0.09518768520045223,0,0.018134277647674706,6.623666003613204,0.22078886678710677,0,0.675,1.2747081519256485,300,width_N300
0.55,0.44999999999999996,1,17,2.9612319439051022,1.2860466928736256,0.99,0.1090515596830717,0,0.0067885467337304075,4.27385441964489,0.142461813988163,1,0.7,1.2657722440187218,300,width_N300
0.55,0.44999999999999996,1,18,3.3258438663170478,1.4443956388132704,0.9966666666666667,0.030927789177665956,0,0.005607285413738113,3.4545956592168525,0.11515318864056173,1,0.665,1.2638404217521346,300,width_N300
0.55,0.44999999999999996,1,19,3.2232455277162444,1.3998377465064997,1.0,0.019404494372473866,0,0.007889099733226958,3.9579841463521506,0.131932804878405,1,0.745,1.256123412157388,300,width_N300
0.55,0.44999999999999996,2,0,3.1985074224010193,1.389094123875356,0.9966666666666667,0.037521753604751136,0,0.0016008746951042385,1.7565598836321195,0.05855199612107064,1,0.77,1.2693199931857122,300,width_N300
0.55,0.44999999999999996,2,1,3.093465351286856,1.343474932022786,0.9833333333333333,0.06691734862269551,0,0.004521735752548538,2.774945238116311,0.09249817460387702,1,0.67,1.312161788345061,300,width_N300
0.55,0.44999999999999996,2,2,3.0772190286304864,1.336419243741905,0.98,0.05882550054386556,0,0.0019481746783059188,1.0345125630906449,0.034483752103021494,1,0.785,1.2870020242376738,300,width_N300
0.55,0.44999999999999996,2,3,3.096835560588577,1.3449385953253823,0.9933333333333333,0.06694274453688347,0,0.0007253442333816241,1.040260770642104,0.034675359021403465,1,0.655,1.2904775959122472,300,width_N300
0.55,0.44999999999999996,2,4,3.2322725580072826,1.4037581359498712,0.9966666666666667,0.026442158462016127,0,0.0019258066791446628,1.5330629163724852,0.05110209721241617,1,0.7,1.2694301606374507,300,width_N300
0.55,0.44999999999999996,2,5,2.7905733970711526,1.2119306276940134,0.9833333333333333,0.18760171817896673,0,0.012685359769505591,0.6176419353788432,0.020588064512628103,1,0.665,1.326355740863767,300,width_N300
0.55,0.44999999999999996,2,6,2.9374317671102124,1.2757104074232832,0.9933333333333333,0.04144090124591951,0,0.00146334935919476,1.3318011881110703,0.04439337293703567,1,0.69,1.2731943254050146,300,width_N300
0.55,0.44999999999999996,2,7,3.186462438708047,1.3838630539228836,0.9766666666666667,0.08312393030147007,0,0.002726640446108857,2.4833680508303813,0.08277893502767936,1,0.665,1.2764895300521297,300,width_N300
0.55,0.44999999999999996,2,8,3.168657869670447,1.376130627837188,0.9966666666666667,0.052176124914272384,0,0.00036244159514163543,1.0490474836458596,0.03496824945486198,1,0.73,1.2750352762169623,300,width_N300
0.55,0.44999999999999996,2,9,3.0314152318029097,1.3165269075294705,0.9866666666666667,0.14108007026965674,0,0.0014129169094407798,1.752783453626966,0.058426115120898854,1,0.745,1.2682611990372603,300,width_N300
0.55,0.44999999999999996,2,10,3.0288330503013543,1.3154054803520725,0.99,0.07679109815318635,0,0.0011774039086041316,1.476376972360971,0.04921256574536569,1,0.755,1.2714970356826207,300,width_N300
0.55,0.44999999999999996,2,11,3.2038097197148265,1.3913968823401528,0.9966666666666667,0.02211765044514228,0,0.0009773470767243594,1.4713673164881313,0.049045577216271036,1,0.695,1.2716810239797343,300,width_N300
0.55,0.44999999999999996,2,12,3.1463796299932403,1.3664553112788593,1.0,0.012597041485755217,0,0.0018119050222928802,1.759269794669116,0.058642326488970525,1,0.705,1.2710064045562492,300,width_N300
0.55,0.44999999999999996,2,13,2.9353526845188838,1.2748074733264478,0.9866666666666667,0.07222214676189935,0,0.0025783792005630492,1.4027955356049393,0.046759851186831305,1,0.715,1.2692467714009374,300,width_N300
0.55,0.44999999999999996,2,14,2.9254645477113126,1.2705131100746154,0.9866666666666667,0.11058453780250323,0,0.004863202796069135,2.6227062047774083,0.08742354015924694,1,0.71,1.3134749733810163,300,width_N300
0.55,0.44999999999999996,2,15,3.2228535016435234,1.399667491746355,1.0,0.02757027038811368,0,0.0018901142617225048,1.6808523765368732,0.0560284125512291,1,0.695,1.2711325475255428,300,width_N300
0.55,0.44999999999999996,2,16,3.1606305490233315,1.372644406775678,1.0,0.009362045448729728,0,0.0016206141007063905,1.6262048963943065,0.05420682987981021,1,0.695,1.2716891887548012,300,width_N300
0.55,0.44999999999999996,2,17,3.223642739913444,1.4000102535718884,0.9933333333333333,0.03534946757043375,0,0.001008202031090276,1.6000365355070156,0.05333455118356718,1,0.745,1.2765503156685576,300,width_N300
0.55,0.44999999999999996,2,18,3.2472551602246083,1.4102649974174073,0.9933333333333333,0.05921603213241194,0,0.001005490897896517,0.8491949555758493,0.028306498519194975,1,0.69,1.2676172455156611,300,width_N300
0.55,0.44999999999999996,2,19,2.865253114182435,1.2443636167455394,0.9566666666666667,0.12460135205179597,0,0.010597305614131886,5.034104976170772,0.16780349920569237,1,0.695,1.2614147278242136,300,width_N300
0.6,0.4,0,0,2.9116832839093405,1.264527983251766,0.9833333333333333,0.10738527794380137,0,0.010838480642854587,0.7451337906419053,0.02483779302139684,1,0.665,1.313069115266626,300,width_N300
0.6,0.4,0,1,2.967740222447049,1.2888732023310823,0.9933333333333333,0.03807234987015875,0,0.0023065981704009806,0.6240344032913514,0.020801146776378378,1,0.705,1.2887318407543589,300,width_N300
0.6,0.4,0,2,3.1491693150327484,1.3676668560977658,0.9966666666666667,0.015376851426194963,0,0.002655356171763269,0.633622302206055,0.021120743406868495,1,0.685,1.290332031670624,300,width_N300
0.6,0.4,0,3,3.2841837077270344,1.4263028618224127,0.9866666666666667,0.048386980747207646,0,0.003234808957024632,0.5836349330197277,0.019454497767324254,1,0.66,1.3013173002419598,300,width_N300
0.6,0.4,0,4,3.376622991917092,1.4664487328572413,0.9866666666666667,0.08575036161037287,0,0.006830260837187824,0.5786031508322798,0.019286771694409323,1,0.425,1.3086924441236187,300,width_N300
0.6,0.4,0,5,3.122922425977427,1.356267977013913,1.0,0.03893964385566397,0,0.0029253292652219234,0.8269125524697218,0.027563751748990725,1,0.725,1.2972068126961165,300,width_N300
0.6,0.4,0,6,3.236226444859293,1.4054752871917688,1.0,0.01710361316124318,0,0.002698893294171433,0.6497632481051951,0.021658774936839834,1,0.695,1.294478107306044,300,width_N300
0.6,0.4,0,7,3.2988863865070344,1.4326881540857626,1.0,0.03214488007248227,0,0.004034838288604011,0.7352465031846445,0.02450821677282148,1,0.745,1.3025997597355725,300,width_N300
0.6,0.4,0,8,3.133913373634229,1.3610412849321494,1.0,0.046807804815712575,0,0.002358615500112693,0.6667732740718801,0.022225775802396,1,0.7,1.2878458780255306,300,width_N300
0.6,0.4,0,9,2.9903463254703895,1.2986909081314555,0.9733333333333334,0.1034197942847033,0,0.001022650362312568,1.4776615563468765,0.049255385211562544,1,0.39,1.280280059653413,300,width_N300
0.6,0.4,0,10,3.1104598723483132,1.3508555587423654,0.98,0.13013463936348113,0,0.011615902900484226,0.47191762722173514,0.015730587574057837,1,0.47,1.3055813891776062,300,width_N300
0.6,0.4,0,11,2.9094475893688907,1.2635570334496273,0.9733333333333334,0.16151171191229316,0,0.003390444455820412,1.4144904444950146,0.047149681483167144,1,0.725,1.2672608732863138,300,width_N300
0.6,0.4,0,12,2.901803908250866,1.260237424918641,0.9633333333333334,0.1479144541382145,0,0.019279719988183182,0.7188592408891858,0.02396197469630619,1,0.68,1.2870164219939322,300,width_N300
0.6,0.4,0,13,3.054235289427784,1.3264375326326676,0.9966666666666667,0.05786027729383541,0,0.00486711258422988,0.9225003201918214,0.03075001067306071,1,0.705,1.3122653498119747,300,width_N300
0.6,0.4,0,14,3.2328038212357137,1.403988860638417,0.9933333333333333,0.04438521664663533,0,0.004226715457078201,0.5747267696644021,0.0191575589888134,1,0.7,1.2954109636943139,300,width_N300
0.6,0.4,0,15,3.0130407446403265,1.3085469691469582,0.9966666666666667,0.08033554435684143,0,0.003925463734539416,0.9282378939565517,0.03094126313188505,1,0.705,1.305499946995873,300,width_N300
0.6,0.4,0,16,3.1799836189673942,1.3810493382602722,1.0,0.026736418897124418,0,0.00223751366240496,0.6774128517705147,0.022580428392350485,1,0.725,1.2935586185039405,300,width_N300
0.6,0.4,0,17,3.1977363346724843,1.3887592447297896,1.0,0.009363868430188141,0,0.0024863133146230303,0.6869870303123082,0.02289956767707694,1,0.71,1.2947607843775053,300,width_N300
0.6,0.4,0,18,3.1269902752346357,1.3580346214995325,1.0,0.01951388263347188,0,0.0033086055608784765,0.6483433087677848,0.02161144362559282,1,0.72,1.2966183128899478,300,width_N300
0.6,0.4,0,19,3.195154014914364,1.3876377575083287,0.9966666666666667,0.05776385773532231,0,0.0032250156385708433,0.8860062460254003,0.029533541534180006,1,0.785,1.3055721859235219,300,width_N300
0.6,0.4,1,0,3.0334074622753335,1.317392122230324,1.0,0.02600721458834981,0,0.006766905597125603,3.564602122345323,0.11882007074484408,1,0.635,1.2566689021422826,300,width_N300
0.6,0.4,1,1,3.003662424656086,1.3044740165282802,0.99,0.10004009369021835,0,0.00614836949379138,2.566641825133015,0.08555472750443381,1,0.435,1.2461227737703224,300,width_N300
0.6,0.4,1,2,3.0500922095859004,1.3246382159192531,0.9933333333333333,0.03182681779641508,0,0.007341488010103956,3.736794297902729,0.12455980993009096,1,0.77,1.2561690323531796,300,width_N300
0.6,0.4,1,3,3.198846772199816,1.3892415016204083,0.9966666666666667,0.028176293328235246,0,0.007977299379899772,3.724872900330184,0.12416243001100612,1,0.655,1.253894619462794,300,width_N300
0.6,0.4,1,4,3.5068436976596953,1.523002866790801,1.0,0.023198932455524193,0,0.008674376721219412,4.048413459234385,0.1349471153078128,1,0.69,1.252000252070409,300,width_N300
0.6,0.4,1,5,2.946456904094497,1.279629974613979,0.9966666666666667,0.07560057311014999,0,0.005873842769956426,3.6420986920582266,0.1214032897352742,1,0.705,1.2618717715680663,300,width_N300
0.6,0.4,1,6,2.403561303997297,1.0438534112422102,0.8966666666666666,0.36782326881375565,0,0.023586018929029517,7.386448139596374,0.24621493798654578,0,0.68,1.2995210780987712,300,width_N300
0.6,0.4,1,7,3.198963701378684,1.3892922833175643,0.9933333333333333,0.044422577962418636,0,0.009586889580821416,4.3855638995777655,0.14618546331925883,1,0.715,1.256087523643536,300,width_N300
0.6,0.4,1,8,3.0202830486855587,1.3116922618300682,0.9733333333333334,0.10549627427987858,0,0.011520224798515732,3.38282213897545,0.1127607379658483,1,0.435,1.230659011229448,300,width_N300
0.6,0.4,1,9,2.925341113971214,1.27045950348241,0.9966666666666667,0.111322792440821,0,0.01199029198819843,5.886443929684465,0.1962147976561488,0,0.69,1.2707027286278645,300,width_N300
0.6,0.4,1,10,3.1152099648009477,1.352918497683075,0.9966666666666667,0.0722427213550821,0,0.006111483056937244,2.901662333191768,0.09672207777305891,1,0.695,1.2650058405422218,300,width_N300
0.6,0.4,1,11,3.1648219049164115,1.3744646895117354,0.9866666666666667,0.046406276413397854,0,0.008066436709816188,4.069865700218578,0.1356621900072859,1,0.74,1.2567976102703546,300,width_N300
0.6,0.4,1,12,2.9474664413260268,1.280068411062908,0.9966666666666667,0.06746574406454739,0,0.004151945460469087,3.121289417086781,0.10404298056955935,1,0.755,1.2666197551557294,300,width_N300
0.6,0.4,1,13,3.2174016616941206,1.3972997877401094,1.0,0.03692078481632385,0,0.008186874396595163,3.3006656354567787,0.11002218784855927,1,0.7,1.2469927513255887,300,width_N300
0.6,0.4,1,14,2.8698004669314963,1.2463385069517243,0.98,0.15824069541607996,0,0.014365283767111029,6.417028075660375,0.2139009358553458,0,0.665,1.2791237138449523,300,width_N300
0.6,0.4,1,15,3.2046131060862924,1.3917457886081168,1.0,0.03718874327412104,0,0.006789330962792519,3.5972961109808024,0.11990987036602672,1,0.71,1.2583318722824344,300,width_N300
0.6,0.4,1,16,3.0185068333245915,1.3109208613001286,0.9933333333333333,0.07782998460248775,0,0.0021048523833711932,2.3763238480984663,0.07921079493661552,1,0.675,1.2739355601441855,300,width_N300
0.6,0.4,1,17,2.891066827237477,1.255574369882778,0.98,0.15153285646921386,0,0.017093989404457815,6.663609720533908,0.2221203240177969,0,0.7,1.2788369731545024,300,width_N300
0.6,0.4,1,18,3.035117287899941,1.3181346900641073,0.9966666666666667,0.03618772632676137,0,0.006577854675135254,3.3265677133293705,0.11088559044431233,1,0.665,1.2595866292695888,300,width_N300
0.6,0.4,1,19,2.843720412822057,1.2350120833642566,0.9866666666666667,0.11028009780305467,0,0.009023326756057808,3.7724780411854395,0.12574926803951464,1,0.445,1.2466179753202722,300,width_N300
0.6,0.4,2,0,2.8886692752037493,1.254533126264454,0.97,0.14169112410462786,0,0.006862789584713799,3.663840299645593,0.12212800998818642,1,0.77,1.3121655213397367,300,width_N300
0.6,0.4,2,1,3.015592936457736,1.3096553719700181,0.9933333333333333,0.040494482237482546,0,0.0016385046576904427,1.54985425511604,0.05166180850386799,1,0.67,1.2695858219014358,300,width_N300
0.6,0.4,2,2,2.9860804335327344,1.2968382548025363,0.98,0.07987170588883595,0,0.0026058649428712145,1.967619744649235,0.06558732482164116,1,0.785,1.277303262322144,300,width_N300
0.6,0.4,2,3,2.8998059282960336,1.259369713249304,0.99,0.06692767448078348,0,0.0019700305055263823,2.2171750883393573,0.07390583627797856,1,0.655,1.277771118819793,300,width_N300
0.6,0.4,2,4,3.0269497867496686,1.3145875893836056,0.9966666666666667,0.03179277070871412,0,0.0011261242399625525,1.5788290585012799,0.05262763528337599,1,0.7,1.2732611316562767,300,width_N300
0.6,0.4,2,5,3.0291369511814557,1.315537462827346,0.9966666666666667,0.03897173181983502,0,0.0008832723528217866,1.3732905787867566,0.04577635262622522,1,0.665,1.2802352122171243,300,width_N300
0.6,0.4,2,6,3.5853000882445585,1.5570760442918532,1.0,0.021341941791666926,0,0.0014550332896198902,1.4094402355530777,0.04698134118510258,1,0.69,1.269996521329133,300,width_N300
0.6,0.4,2,7,3.063789632513268,1.3305869311129037,0.9933333333333333,0.05397424196308369,0,0.0003063284888240765,1.0500644861083541,0.03500214953694513,1,0.665,1.287245480427579,300,width_N300
0.6,0.4,2,8,3.0097623090518018,1.307123162661587,0.9833333333333333,0.0884233649805787,0,0.003390985213186765,2.414183886920851,0.08047279623069502,1,0.73,1.2883707638040292,300,width_N300
0.6,0.4,2,9,2.632590042087247,1.1433193283919407,0.97,0.19247202460279425,0,0.0013751866327672887,0.7206603651147281,0.024022012170490933,1,0.745,1.2740215458510715,300,width_N300
0.6,0.4,2,10,3.092703866457771,1.3431442233634614,0.9933333333333333,0.02667837268240098,0,0.0014056951179248801,1.5780112939827784,0.052600376466092606,1,0.755,1.2754231914317045,300,width_N300
0.6,0.4,2,11,2.5206180263343376,1.0946904998228681,0.9633333333333334,0.28999928639674716,0,0.05995771195962518,8.218944903913423,0.27396483013044737,0,1.0,1.3655566566071735,300,width_N300
0.6,0.4,2,12,3.083823190658994,1.3392873948684807,1.0,0.09765983106824239,0,0.0009562372855400104,1.1357420266982554,0.03785806755660851,1,0.46,1.2633025463173668,300,width_N300
0.6,0.4,2,13,2.960664796351358,1.2858003838206096,0.99,0.07149628586797573,0,0.0016084065657276398,1.1983518274345517,0.03994506091448505,1,0.715,1.279897760234252,300,width_N300
0.6,0.4,2,14,3.2004904850740785,1.389955357051534,0.99,0.12732329317993818,0,0.003582346753958238,1.2552873087759653,0.04184291029253217,1,0.71,1.28516640651818,300,width_N300
0.6,0.4,2,15,2.974664102276722,1.2918802051344707,0.9933333333333333,0.081929522727403,0,0.00017824953566283647,1.2870400721352926,0.04290133573784308,1,0.695,1.2853994174255343,300,width_N300
0.6,0.4,2,16,3.098436477794995,1.345633864834114,1.0,0.07549446441915451,0,0.0007348754330495175,1.2080524978606177,0.04026841659535392,1,0.695,1.2735053465682191,300,width_N300
0.6,0.4,2,17,3.1873178727978764,1.3842345642277287,1.0,0.05224559829944368,0,0.0015136460722311122,1.9151129961334556,0.06383709987111517,1,0.745,1.276091353320354,300,width_N300
0.6,0.4,2,18,3.0087850248827137,1.3066987335397007,0.9666666666666667,0.1327925605227944,0,0.002697322686260037,0.6235782210565699,0.02078594070188566,1,0.69,1.3011749683845508,300,width_N300
0.6,0.4,2,19,3.156551193287319,1.3708727650898074,0.99,0.03775920168792003,0,0.0032856673414947968,2.7529719578534726,0.09176573192844908,1,0.695,1.273543672085956,300,width_N300
0.65,0.35,0,0,3.012051065566508,1.3081171569863441,0.9833333333333333,0.17541144885639806,0,0.013791851671073527,0.561507519209653,0.01871691730698843,1,0.665,1.2844349690734813,300,width_N300
0.65,0.35,0,1,2.8085771372849444,1.219749552722483,0.9333333333333333,0.19522926070027927,0,0.030457842130346045,0.3710636847230442,0.012368789490768138,1,0.705,1.3300728954917125,300,width_N300
0.65,0.35,0,2,2.5845797976499867,1.1224687441580123,0.9666666666666667,0.2678727612996622,0,0.004172937916214443,0.25810456345173316,0.008603485448391105,1,0.39,1.2821920733268226,300,width_N300
0.65,0.35,0,3,2.9582045650347806,1.2847319189356143,0.95,0.10123652501723504,0,0.00028945848784660017,0.8852590921981762,0.02950863640660587,1,0.66,1.2758891184674235,300,width_N300
0.65,0.35,0,4,3.028639589588603,1.3153214614320594,0.9833333333333333,0.10676162925090163,0,0.011970960445226013,0.7120870524822354,0.023736235082741176,1,0.71,1.2939249151060608,300,width_N300
0.65,0.35,0,5,2.989008256937854,1.2981097923513671,0.9633333333333334,0.13705737437904622,0,0.008247338382302178,0.8826391846391446,0.029421306154638147,1,0.725,1.2808121797963796,300,width_N300
0.65,0.35,0,6,3.1078794293049086,1.349734886567749,0.9933333333333333,0.044015719805516135,0,0.002842061704215206,0.572276220529766,0.019075874017658864,1,0.695,1.2930071441983895,300,width_N300
0.65,0.35,0,7,2.7321342908113992,1.1865508463180452,0.9533333333333334,0.17284439094386872,0,0.02702782890309277,2.349798426957844,0.07832661423192813,1,0.745,1.3553612286459076,300,width_N300
0.65,0.35,0,8,2.786418112298833,1.2101260104466585,0.96,0.23072722431009168,0,0.025711149667998923,3.3046407620010596,0.11015469206670198,1,0.7,1.354779499987172,300,width_N300
0.65,0.35,0,9,2.8338392818831593,1.2307207627225296,0.9833333333333333,0.1245621149937674,0,0.00490207021351069,1.1293590733871317,0.03764530244623772,1,0.69,1.3134631780788566,300,width_N300
0.65,0.35,0,10,2.8696556766359604,1.2462756253253398,0.9366666666666666,0.18777640506315965,0,0.027314973489628996,0.8100891499534857,0.027002971665116185,1,0.47,1.3202075841227372,300,width_N300
0.65,0.35,0,11,2.5914483543418547,1.1254517204279304,0.93,0.2127130092245309,0,0.005869158406408009,0.15738970059783197,0.005246323353261065,1,0.465,1.2704317898249757,300,width_N300
0.65,0.35,0,12,2.590938727773073,1.125230392421277,0.7833333333333333,0.313946988518777,0,0.006683617510273814,0.2875645628045542,0.009585485426818472,1,0.4,1.2629585960697969,300,width_N300
0.65,0.35,0,13,3.1892383750097855,1.385068627740843,0.9866666666666667,0.06150887912312007,0,0.004976692453480959,0.8061262651318457,0.026870875504394855,1,0.705,1.312902808869905,300,width_N300
0.65,0.35,0,14,3.1584066536191413,1.3716785812733079,0.9966666666666667,0.04506547725503665,0,0.001992873080681636,0.697594404763302,0.023253146825443397,1,0.7,1.2913035443746868,300,width_N300
0.65,0.35,0,15,2.6746230655355214,1.1615740385332363,0.9633333333333334,0.18243270934059674,0,0.02868654070431289,0.11293864676130139,0.003764621558710046,1,0.485,1.3120083700601888,300,width_N300
0.65,0.35,0,16,2.9229617378170825,1.2694261535482985,0.9933333333333333,0.06331673091784275,0,0.0029767459521741965,0.6205091075425273,0.02068363691808424,1,0.725,1.2931656417838944,300,width_N300
0.65,0.35,0,17,3.094195653335083,1.3437920981724536,0.9866666666666667,0.05734072839194406,0,0.0047184623561532905,0.5685386715669372,0.018951289052231236,1,0.71,1.306592594887566,300,width_N300
0.65,0.35,0,18,2.9454072193887724,1.2791741023385443,0.9666666666666667,0.15663669764249177,0,0.01616682570679874,0.39772799546488047,0.013257599848829347,1,0.72,1.32038660893986,300,width_N300
0.65,0.35,0,19,3.2552405914777243,1.413733026146253,0.9833333333333333,0.09172164524393916,0,0.004891751642605518,0.36538130811527014,0.012179376937175669,1,0.785,1.288709967555934,300,width_N300
0.65,0.35,1,0,2.7465505968132655,1.1928117684640842,0.97,0.21258755458410133,0,0.024937283109532866,8.207187559850555,0.2735729186616851,0,0.635,1.2674320678665776,300,width_N300
0.65,0.35,1,1,3.028164248825667,1.3151150235616926,0.9866666666666667,0.05623904170065117,0,0.0076546438526960275,3.593960691982029,0.11979868973273428,1,0.7,1.2514957327565632,300,width_N300
0.65,0.35,1,2,2.683670892722405,1.1655034599537142,0.88,0.22326319637416872,0,0.10770128437774554,10.27102018226041,0.34236733940868025,0,1.0,1.3557029084565593,300,width_N300
0.65,0.35,1,3,2.994551458765642,1.3005171743172512,0.9933333333333333,0.03429237346696256,0,0.006816520741971855,3.7062978131081,0.12354326043693666,1,0.655,1.2568014132827898,300,width_N300
0.65,0.35,1,4,2.9835296790963253,1.2957304762261137,0.99,0.05958751354450307,0,0.006676890404356983,3.49223891568517,0.1164079638561723,1,0.69,1.2543764072575618,300,width_N300
0.65,0.35,1,5,2.718874225404587,1.1807920730821904,0.9633333333333334,0.19581863138245256,0,0.0012408208109628348,2.0373295548690384,0.06791098516230128,1,0.705,1.2921272121018264,300,width_N300
0.65,0.35,1,6,2.956866339886057,1.2841507351379795,0.9833333333333333,0.07583582603980095,0,0.0060666341388321415,2.8320397125704275,0.09440132375234758,1,0.68,1.2547371105974343,300,width_N300
0.65,0.35,1,7,3.0836000520335887,1.3391904869947677,0.99,0.06387199045432417,0,0.007115629745673705,3.542212205370304,0.11807374017901012,1,0.715,1.2594642532053757,300,width_N300
0.65,0.35,1,8,3.2385624677463674,1.4064898090412252,1.0,0.017111711281716825,0,0.007126821355139909,3.7817142169221496,0.12605714056407163,1,0.715,1.257778195513755,300,width_N300
0.65,0.35,1,9,2.730249808204864,1.185732425920784,0.98,0.173963416637652,0,0.008982010775001268,3.9645645131767715,0.1321521504392257,1,0.395,1.2552688360369186,300,width_N300
0.65,0.35,1,10,2.6083032417197436,1.132771705009248,0.8366666666666667,0.2526016430647553,0,0.015957640675459468,0.7706721704641262,0.0256890723488042,1,0.695,1.3349595783586807,300,width_N300
0.65,0.35,1,11,2.981670125895796,1.2949228825323182,0.9933333333333333,0.05489385842400112,0,0.00491554989791736,2.414136779749837,0.08047122599166122,1,0.74,1.2540907861575552,300,width_N300
0.65,0.35,1,12,2.6444188730093203,1.1484565243887637,0.9766666666666667,0.21344426862697702,0,0.008689889338507012,5.6306222211072345,0.18768740737024112,0,0.755,1.2935918952377978,300,width_N300
0.65,0.35,1,13,2.411894291829703,1.047472381875591,0.9433333333333334,0.3169873273628732,0,0.017530569808624653,4.465786375494563,0.14885954584981873,1,0.7,1.3121634401471582,300,width_N300
0.65,0.35,1,14,2.891143912251215,1.2556078474788819,0.9833333333333333,0.135432439860456,0,0.010840634715208766,5.4701625563448655,0.18233875187816215,0,0.425,1.2646679409498622,300,width_N300
0.65,0.35,1,15,2.929606002044067,1.2723117208383847,0.98,0.06799606830795761,0,0.007374520331961678,4.699073580110991,0.15663578600369965,1,0.71,1.2711893960805287,300,width_N300
0.65,0.35,1,16,3.1082745949625155,1.3499065048322858,0.9833333333333333,0.055807427178549605,0,0.006237511073951676,2.6200664997128422,0.08733554999042806,1,0.675,1.2670366187309976,300,width_N300
0.65,0.35,1,17,2.922878767353904,1.269390119933979,0.9633333333333334,0.11581012532330255,0,0.005103562392526203,3.778522695698472,0.1259507565232824,1,0.7,1.2880850090883744,300,width_N300
0.65,0.35,1,18,3.2020912578011385,1.3906505638136775,0.99,0.029590797431893325,0,0.0068418456869279165,3.7525667552162134,0.1250855585072071,1,0.665,1.2572793048601634,300,width_N300
0.65,0.35,1,19,2.884893605560227,1.2528933737727828,0.9866666666666667,0.11001829628255824,0,0.004379813179347925,2.2300585809308773,0.07433528603102922,1,0.745,1.2566813443172435,300,width_N300
0.65,0.35,2,0,3.01214516441035,1.3081580235949783,0.9966666666666667,0.04332868971514844,0,0.00296434191213309,1.48237674630613,0.04941255821020432,1,0.77,1.2585761260164459,300,width_N300
0.65,0.35,2,1,3.1330954577793544,1.3606860685897164,0.9966666666666667,0.04736459238334111,0,0.0026334217769031394,1.7741688625946384,0.05913896208648794,1,0.67,1.2703352117265292,300,width_N300
0.65,0.35,2,2,2.9646192821518107,1.287517795182511,0.9933333333333333,0.03183234967457924,0,0.003016705772651578,1.9823139768382125,0.06607713256127375,1,0.785,1.271973261878003,300,width_N300
0.65,0.35,2,3,3.2327462034969776,1.403963837572424,0.9833333333333333,0.05463366752149004,0,0.003034502410269216,2.16133734701488,0.07204457823382933,1,0.655,1.2684268734326014,300,width_N300
0.65,0.35,2,4,2.8497092571575897,1.237613005412156,0.96,0.13368964518596638,0,0.0030135192889405487,1.7013637146992389,0.05671212382330795,1,0.41,1.2670508327729033,300,width_N300
0.65,0.35,2,5,3.070625170722447,1.3335555676379893,0.9633333333333334,0.0863839194964592,0,0.0006691718929752659,1.3535080271211142,0.04511693423737047,1,0.38,1.2756964932925032,300,width_N300
0.65,0.35,2,6,2.9463547333434814,1.2795856024206007,0.9133333333333333,0.17982265293351354,0,0.02222270856291858,0.05456004999294661,0.00181866833309822,1,0.22,1.234605723274233,300,width_N300
0.65,0.35,2,7,2.4649832109181964,1.070528606485932,0.96,0.2502724583200762,0,0.009425133592758175,0.8787931957745521,0.0292931065258184,1,0.665,1.250803122303041,300,width_N300
0.65,0.35,2,8,2.9485402201315756,1.2805347472729425,0.99,0.09340888694026951,0,0.0018148568011676185,2.004792399413302,0.06682641331377673,1,0.73,1.2756786948532997,300,width_N300
0.65,0.35,2,9,2.928811397348166,1.2719666284036606,0.9666666666666667,0.18547765222787946,0,0.007150258966441961,3.9504619863254096,0.13168206621084697,1,0.745,1.2634816718634212,300,width_N300
0.65,0.35,2,10,2.990356679163715,1.2986954046833339,0.99,0.10814717719345936,0,0.007550163614670631,2.9495280053125073,0.09831760017708356,1,0.755,1.2813451495046848,300,width_N300
0.65,0.35,2,11,2.6695148244065674,1.1593555575987005,0.97,0.28744232307727335,0,0.0551213782776499,9.877691910467018,0.3292563970155672,0,0.46,1.2720073338870819,300,width_N300
0.65,0.35,2,12,3.0225547592149695,1.3126788531774731,0.9533333333333334,0.12100598920413001,0,0.01140441833395732,5.06830007533906,0.16894333584463533,1,0.705,1.2624984756545596,300,width_N300
0.65,0.35,2,13,2.921443801986895,1.2687669223933649,0.9733333333333334,0.13594109680903585,0,0.0034938427834636746,2.116091339236026,0.07053637797453419,1,0.715,1.3077965332912294,300,width_N300
0.65,0.35,2,14,2.7940564471505005,1.213443297123667,0.9466666666666667,0.17632487500927468,0,0.004306630277009359,3.3356596483308687,0.11118865494436227,1,0.71,1.2788506891193383,300,width_N300
0.65,0.35,2,15,2.980482427164445,1.294407071527129,0.98,0.1543413063297171,0,0.0031559077194964306,0.8713597676882456,0.029045325589608182,1,0.695,1.3078655958851202,300,width_N300
0.65,0.35,2,16,2.4416411774170577,1.0603912901399868,0.7666666666666667,0.3104010813642828,0,0.05950918440656969,0.09940072929633947,0.0033133576432113152,1,0.445,1.2762468040890527,300,width_N300
0.65,0.35,2,17,3.2858561223255087,1.4270291822539845,0.9966666666666667,0.05715291529060622,0,0.0018779504709235065,2.1424265391916664,0.07141421797305554,1,0.745,1.270947637918488,300,width_N300
0.65,0.35,2,18,2.6087172080711625,1.132951488311363,0.9466666666666667,0.2845032054615906,0,0.011981655916074599,1.5308190130898958,0.05102730043632985,1,0.69,1.33402273967598,300,width_N300
0.65,0.35,2,19,3.0474272437617986,1.3234808359673846,0.9966666666666667,0.047571660393377124,0,0.0015787824874367133,1.708412696890027,0.05694708989633423,1,0.695,1.2687443231589968,300,width_N300
0.7,0.30000000000000004,0,0,2.899999867303485,1.2594539398900657,0.9166666666666666,0.193250277872803,0,0.055667526474832044,0.2554544439669848,0.008515148132232826,1,0.44,1.3270861599005046,300,width_N300
0.7,0.30000000000000004,0,1,3.0446642416348815,1.3222808793901777,0.9966666666666667,0.0493645265045216,0,0.002878553455022081,0.6969345834926699,0.023231152783088994,1,0.705,1.2922442234145175,300,width_N300
0.7,0.30000000000000004,0,2,2.821748221936017,1.2254696821071245,0.95,0.22196374933267976,0,0.013746716735515807,0.24431500311835053,0.00814383343727835,1,0.685,1.3112739001149305,300,width_N300
0.7,0.30000000000000004,0,3,2.6970346842396125,1.1713072808669427,0.97,0.19155343668401892,0,0.012908245455699824,1.359862079652474,0.045328735988415796,1,0.66,1.3329090829703543,300,width_N300
0.7,0.30000000000000004,0,4,2.4543094763369013,1.0658930624559757,0.7333333333333333,0.28291797889367853,0,0.11648659815727225,0.8398775621682175,0.02799591873894058,1,0.74,1.3281003553217028,300,width_N300
0.7,0.30000000000000004,0,5,3.1652304227906902,1.3746421065702934,0.99,0.05586008821145138,0,0.0027355307356685434,0.5080936103772582,0.016936453679241938,1,0.725,1.2951687379102894,300,width_N300
0.7,0.30000000000000004,0,6,2.9767443771101996,1.2927836570154922,0.99,0.12090426194528142,0,0.004677123782824959,1.9443630925962019,0.06481210308654005,1,0.695,1.31204305877145,300,width_N300
0.7,0.30000000000000004,0,7,2.8149187905677726,1.222503697749359,0.9233333333333333,0.24961007707920146,0,0.04637047455608187,0.32953806259109486,0.010984602086369828,1,0.745,1.3327608451159048,300,width_N300
0.7,0.30000000000000004,0,8,3.1173320352183733,1.3538401011555727,0.9933333333333333,0.07552286204691411,0,0.004951937596202898,0.6535520814952622,0.021785069383175405,1,0.7,1.3014809955069817,300,width_N300
0.7,0.30000000000000004,0,9,2.5761781900181147,1.118819972324374,0.8466666666666667,0.23765916977993062,0,0.04190762273806403,0.11674497618303636,0.0038914992061012117,1,0.48,1.2392446658804332,300,width_N300
0.7,0.30000000000000004,0,10,2.8636229540204994,1.243655647182592,0.9766666666666667,0.10800908076469724,0,0.0029457584995541053,1.1747781429497783,0.03915927143165927,1,0.76,1.285588502516694,300,width_N300
0.7,0.30000000000000004,0,11,2.4051295243513464,1.0445344806883823,0.8533333333333334,0.3701549261068559,0,0.012579274068795124,1.819186387147137,0.06063954623823789,1,0.725,1.323463562116309,300,width_N300
0.7,0.30000000000000004,0,12,2.4782644567147143,1.0762965782481604,0.8333333333333334,0.3311245755276673,0,0.08503312739157333,17.54107537510803,0.5847025125036008,0,0.68,1.3227531468276046,300,width_N300
0.7,0.30000000000000004,0,13,2.7699464101458187,1.2029724410940505,0.9066666666666666,0.2512079774599649,0,0.04483758961706663,0.29363910570781027,0.00978797019026034,1,0.48,1.3253283354555354,300,width_N300
0.7,0.30000000000000004,0,14,3.1925263900552894,1.3864965945315206,0.9933333333333333,0.0786782066732093,0,0.002388802027645163,0.8927247814590256,0.029757492715300846,1,0.7,1.275403793978792,300,width_N300
0.7,0.30000000000000004,0,15,2.8455218561830398,1.2357944402753929,0.9866666666666667,0.19335389876434372,0,0.015591144379276979,2.6139983937725706,0.08713327979241901,1,0.705,1.3335390949845285,300,width_N300
0.7,0.30000000000000004,0,16,2.955523646913854,1.2835676109892618,0.96,0.11195635710685527,0,0.009859843500920916,0.4451439175066685,0.014838130583555613,1,0.725,1.317186737939863,300,width_N300
0.7,0.30000000000000004,0,17,2.7659666070498004,1.201244034570388,0.9733333333333334,0.17272446911217357,0,0.011951276061113314,0.647998814527212,0.021599960484240396,1,0.71,1.292084832836975,300,width_N300
0.7,0.30000000000000004,0,18,2.6211781803843897,1.1383632198261466,0.9166666666666666,0.27652135250164966,0,0.007694450720155874,0.6445381006382533,0.02148460335460844,1,0.72,1.3150670498310686,300,width_N300
0.7,0.30000000000000004,0,19,2.10128802663365,0.9125777948563674,0.8,0.44309834820671407,0,0.014994352783674713,7.224610679103627,0.24082035597012086,0,0.785,1.278904468193827,300,width_N300
0.7,0.30000000000000004,1,0,2.9217598547651105,1.2689041823709337,0.9133333333333333,0.171495472370979,0,0.021460319847149918,8.394840484648208,0.27982801615494024,0,0.635,1.274064606604234,300,width_N300
0.7,0.30000000000000004,1,1,2.6253120734880886,1.140158546789861,0.74,0.27932254942976187,0,0.05652533331217641,0.020004730970996087,0.0006668243656998695,1,0.225,1.167494011802209,300,width_N300
0.7,0.30000000000000004,1,2,2.8103048355794273,1.2204998825581705,0.9866666666666667,0.14209096363085835,0,0.002007828411771841,2.10762390532816,0.07025413017760532,1,0.415,1.271470933236386,300,width_N300
0.7,0.30000000000000004,1,3,2.7491781135138584,1.1939528844682603,0.7266666666666667,0.2108206841586544,0,0.15988681834975335,6.744141745094528,0.22480472483648425,1,0.77,1.3470152776077682,300,width_N300
0.7,0.30000000000000004,1,4,2.8570847782874815,1.2408161535400286,0.9633333333333334,0.17759510330997513,0,0.01877217519669614,7.368069185211273,0.24560230617370907,0,0.69,1.2651706187660816,300,width_N300
0.7,0.30000000000000004,1,5,2.364315176836438,1.0268090347801762,0.9033333333333333,0.282644551319596,0,0.016114425569900052,6.679440372763123,0.2226480124254374,0,0.445,1.2575649575240582,300,width_N300
0.7,0.30000000000000004,1,6,3.090283568959904,1.3420931015155735,0.99,0.030483293464173517,0,0.008484131533378975,4.131926951763864,0.1377308983921288,1,0.68,1.2522647189552996,300,width_N300
0.7,0.30000000000000004,1,7,3.140809736967326,1.3640363374729134,0.9433333333333334,0.10663626836664593,0,0.023245030517630334,7.90647680291085,0.26354922676369497,0,0.715,1.323276025141927,300,width_N300
0.7,0.30000000000000004,1,8,2.6692889152113928,1.1592574464818248,0.85,0.23431315590540797,0,0.01943736328017176,0.4883062400869387,0.01627687466956462,1,0.715,1.2583023110833929,300,width_N300
0.7,0.30000000000000004,1,9,2.8420368241244787,1.2342809100831036,0.8933333333333333,0.1995739785124553,0,0.0438387988920277,6.956214169758651,0.23187380565862167,0,0.395,1.262233470425027,300,width_N300
0.7,0.30000000000000004,1,10,2.8939850202322774,1.2568417249975485,0.97,0.1260082691911649,0,0.013267162056095523,4.091026807672204,0.13636756025574012,1,0.335,1.283100786465983,300,width_N300
0.7,0.30000000000000004,1,11,2.6782620773191685,1.1631544412704549,0.91,0.18343378394548443,0,0.004100385564523136,1.5331604126834097,0.05110534708944699,1,0.46,1.2848003860357522,300,width_N300
0.7,0.30000000000000004,1,12,2.8770511321794134,1.2494874308590223,0.9433333333333334,0.2540752640632945,0,0.013814018197910921,4.689512024408227,0.15631706748027419,1,0.755,1.3198897045120632,300,width_N300
0.7,0.30000000000000004,1,13,3.0718242831578007,1.3340763355518448,0.9566666666666667,0.08051344013493053,0,0.0072945558067351625,4.565324529234077,0.15217748430780256,1,0.7,1.2690194568439994,300,width_N300
0.7,0.30000000000000004,1,14,2.9163383552730338,1.2665496550578836,0.72,0.23474506982439805,0,0.10051867439078327,0.0030878193750694116,0.00010292731250231371,1,0.18,1.09899461569204,300,width_N300
0.7,0.30000000000000004,1,15,3.133968513703338,1.361065231959895,0.9966666666666667,0.01907670708832602,0,0.006249566463139917,3.3430815791276993,0.11143605263758995,1,0.71,1.2570523658455917,300,width_N300
0.7,0.30000000000000004,1,16,3.112341930678989,1.351672926289998,0.9766666666666667,0.12711442862878874,0,0.005026733451242693,3.2561742200829693,0.1085391406694323,1,0.675,1.2738161985093006,300,width_N300
0.7,0.30000000000000004,1,17,2.6091039873885773,1.1331194644346305,0.9633333333333334,0.18725547646813648,0,0.004821517052024722,0.9145409954983585,0.03048469984994528,1,0.49,1.2360978508623823,300,width_N300
0.7,0.30000000000000004,1,18,2.904066593734852,1.2612200967386187,0.9833333333333333,0.07040986350246087,0,0.007167546198569217,3.1444684790147006,0.10481561596715666,1,0.665,1.2490304250803694,300,width_N300
0.7,0.30000000000000004,1,19,3.011819062581509,1.3080163993701739,0.9866666666666667,0.07660119596792872,0,0.004702159601638241,3.8600045426387286,0.1286668180879576,1,0.745,1.2826228326832159,300,width_N300
0.7,0.30000000000000004,2,0,2.8743827850207357,1.2483285824122066,0.9133333333333333,0.1968393687004966,0,0.007861912629200022,0.1732756886776432,0.005775856289254772,1,0.475,1.261607139440187,300,width_N300
0.7,0.30000000000000004,2,1,3.200783564405817,1.390082639788068,0.9866666666666667,0.03587724123764391,0,0.0055535591975950545,1.7848153264491795,0.05949384421497264,1,0.67,1.259002358776214,300,width_N300
0.7,0.30000000000000004,2,2,3.0542917488206873,1.3264620526354571,0.9966666666666667,0.05689597323634076,0,0.0016523215632099613,2.032153740478809,0.0677384580159603,1,0.785,1.2762072101957622,300,width_N300
0.7,0.30000000000000004,2,3,2.7891803197733007,1.211325621910692,0.9,0.15068564060327086,0,0.0071806759829971395,4.177938903791162,0.13926463012637205,1,0.655,1.261657278594647,300,width_N300
0.7,0.30000000000000004,2,4,2.9810757231875624,1.294664736716104,0.98,0.05319868591148361,0,0.0034513347917226635,2.1426017427064457,0.07142005809021486,1,0.41,1.2567252857961009,300,width_N300
0.7,0.30000000000000004,2,5,2.9235297411134393,1.269672834245609,0.9866666666666667,0.057907556455810104,0,0.0033521270538869816,1.8302968694134614,0.06100989564711537,1,0.665,1.266438520190712,300,width_N300
0.7,0.30000000000000004,2,6,2.8829272352811897,1.2520393900112186,0.9466666666666667,0.14454404051400058,0,0.012900397757352362,0.8477752077204193,0.02825917359068064,1,0.69,1.3313544071972152,300,width_N300
0.7,0.30000000000000004,2,7,2.5027345835777557,1.086923819316252,0.94,0.27403703024600096,0,0.004278192139307767,1.7185416957930744,0.05728472319310247,1,0.665,1.3114124734222474,300,width_N300
0.7,0.30000000000000004,2,8,2.5561041079333506,1.1101019092456883,0.73,0.24741686116090372,0,0.1931294313580043,1.6635334576791838,0.05545111525597279,1,0.72,1.2889739377199867,300,width_N300
0.7,0.30000000000000004,2,9,2.2315398783629816,0.9691454553200965,0.7566666666666667,0.3948541178604861,0,0.14685107091835284,11.112755284098498,0.3704251761366165,0,1.0,1.3575404941566318,300,width_N300
0.7,0.30000000000000004,2,10,2.796186660399334,1.2143684369829126,0.9566666666666667,0.2527965705499501,0,0.015577866687478514,5.41355123581439,0.18045170786047965,0,0.755,1.332947856108878,300,width_N300
0.7,0.30000000000000004,2,11,3.0362335727562813,1.3186194864174483,0.9866666666666667,0.04128974896406793,0,0.0015650737777301808,1.4724669603315754,0.04908223201105251,1,0.46,1.262147666451027,300,width_N300
0.7,0.30000000000000004,2,12,2.661038136252066,1.1556741787083857,0.9733333333333334,0.26316053714850773,0,0.010449190313587712,3.916953027828157,0.13056510092760523,1,0.705,1.2983879540102858,300,width_N300
0.7,0.30000000000000004,2,13,2.9696099247521603,1.289685203724994,0.8833333333333333,0.25979304261686065,0,0.03328845285947526,9.413719512030216,0.3137906504010072,0,0.715,1.2885085628044974,300,width_N300
0.7,0.30000000000000004,2,14,2.8367168362110653,1.2319704686885162,0.99,0.1299458314180959,0,0.003253014930500892,2.911159531352947,0.09703865104509822,1,0.71,1.2790156587031412,300,width_N300
0.7,0.30000000000000004,2,15,2.411847368051781,1.0474520031377694,0.9166666666666666,0.35697912748261823,0,0.001226069858664313,0.9668017273879503,0.03222672424626501,1,0.37,1.2630428140754273,300,width_N300
0.7,0.30000000000000004,2,16,3.3379310580490538,1.4496450394841869,0.9966666666666667,0.056312090273659174,0,0.001421995227840072,1.445155591220021,0.04817185304066736,1,0.695,1.2811711554372995,300,width_N300
0.7,0.30000000000000004,2,17,2.811048700004808,1.2208229387733975,0.9633333333333334,0.15276262467174487,0,0.0069123554816397,1.5566272277274251,0.05188757425758083,1,0.745,1.2913115199666743,300,width_N300
0.7,0.30000000000000004,2,18,3.1221754081962443,1.355943551313662,1.0,0.015494270182600628,0,0.001981722741301383,1.6535665667312238,0.05511888555770745,1,0.69,1.2703692399247755,300,width_N300
0.7,0.30000000000000004,2,19,2.403767125328743,1.0439427983107152,0.9533333333333334,0.3343844405058572,0,0.03852762334094672,10.789896806151633,0.35966322687172103,0,0.695,1.312217069631954,300,width_N300
0.75,0.25,0,0,2.6772552256013538,1.1627171711253133,0.9566666666666667,0.2644985742153309,0,0.01814939830647748,0.379417408403826,0.012647246946794198,1,0.665,1.3237680503760145,300,width_N300
0.75,0.25,0,1,3.066528768081256,1.331776522575266,1.0,0.04445158276997746,0,0.0021778837659977997,0.9083439035603658,0.030278130118678855,1,0.705,1.2942803101934106,300,width_N300
0.75,0.25,0,2,2.803803894148989,1.2176765595677552,0.9033333333333333,0.16464175988857147,0,0.058637134555280565,0.19166997825995624,0.006388999275331874,1,0.485,1.3228775656655367,300,width_N300
0.75,0.25,0,3,2.9291538272355933,1.2721153438142092,0.9466666666666667,0.1468898587876453,0,0.0028935817161569507,1.1638998799504474,0.03879666266501491,1,0.42,1.27757979772933,300,width_N300
0.75,0.25,0,4,2.9317636516755132,1.2732487761672027,0.9233333333333333,0.14339470027733783,0,0.0035790369291761916,1.2080766035671597,0.04026922011890532,1,0.425,1.286288720338448,300,width_N300
0.75,0.25,0,5,2.7212036642731565,1.181803735528741,0.7166666666666667,0.18762236200481885,0,0.23773326560209884,2.466846563340269,0.08222821877800895,1,0.75,1.2644542937333556,300,width_N300
0.75,0.25,0,6,2.50360734694434,1.087302855630367,0.8966666666666666,0.3189697559979504,0,0.05721731393083923,5.408733650016984,0.18029112166723277,1,1.0,1.3754770385336337,300,width_N300
0.75,0.25,0,7,2.459043215743312,1.0679488993589477,0.7966666666666666,0.32818391464628444,0,0.08044767609010094,7.568634758233639,0.2522878252744546,1,1.0,1.380796076161687,300,width_N300
0.75,0.25,0,8,2.6629479268534206,1.1565035902281446,0.9033333333333333,0.27270354441846895,0,0.03492091117252816,0.16645805046297535,0.005548601682099178,1,0.435,1.289300038062196,300,width_N300
0.75,0.25,0,9,2.7235233388386995,1.1828111573923676,0.9166666666666666,0.1928861078642975,0,0.00814360672529699,4.7717082399721775,0.1590569413324059,1,0.69,1.288769324457952,300,width_N300
0.75,0.25,0,10,2.3814507203722926,1.0342509067822108,0.8633333333333333,0.42094766026890634,0,0.09259589269345465,0.07277028395111795,0.0024256761317039315,1,0.2,1.2773515807180895,300,width_N300
0.75,0.25,0,11,3.1015909176177723,1.3470038206426418,0.98,0.07053939073675233,0,0.0047615171115971446,0.7510591943724498,0.025035306479081657,1,0.725,1.2790973975427344,300,width_N300
0.75,0.25,0,12,3.011979912766334,1.3080862557178565,0.95,0.14679287784352876,0,0.0018286621825747574,0.4574887143370232,0.015249623811234105,1,0.4,1.288339316706777,300,width_N300
0.75,0.25,0,13,2.6763289612902432,1.1623148996462143,0.95,0.16199153362443328,0,0.010896393725152886,0.32198106389169645,0.010732702129723213,1,0.705,1.2951649473555025,300,width_N300
0.75,0.25,0,14,3.1949292580070447,1.3875401468237103,0.9966666666666667,0.06284284412653911,0,0.0017768451262535848,0.697390257664271,0.023246341922142363,1,0.7,1.293854339048696,300,width_N300
0.75,0.25,0,15,2.495513173950237,1.083787600963458,0.74,0.350847323749781,0,0.011867874479802684,0.7899048316462653,0.026330161054875508,1,0.485,1.281316260219235,300,width_N300
0.75,0.25,0,16,2.6698860901985015,1.159516796283457,0.8866666666666667,0.24737592162753833,0,0.06693568955441484,6.661059712506701,0.2220353237502233,1,1.0,1.3787192431736732,300,width_N300
0.75,0.25,0,17,2.6427313575142164,1.147723645721114,0.8433333333333334,0.25789882672964354,0,0.0709258087666542,9.620407051537777,0.3206802350512592,1,1.0,1.3678873159630902,300,width_N300
0.75,0.25,0,18,3.0762341713582604,1.3359915256631147,0.97,0.10819763258423302,0,0.006295345487086976,1.1678356612235818,0.03892785537411939,1,0.72,1.3163656512155286,300,width_N300
0.75,0.25,0,19,2.895938299566825,1.2576900234341581,1.0,0.125386987598705,0,0.004161048771949389,0.5763350473099227,0.019211168243664086,1,0.785,1.2970756867884077,300,width_N300
0.75,0.25,1,0,2.886014202026641,1.2533800426345867,0.97,0.08814030049287211,0,0.018091284164793837,6.889604198894533,0.22965347329648442,0,0.635,1.2467234874016202,300,width_N300
0.75,0.25,1,1,2.3763871644194645,1.0320518323730892,0.5866666666666667,0.27644971157553083,0,0.14641565363620843,10.101071888131358,0.3367023962710452,0,0.475,1.2101128706787474,300,width_N300
0.75,0.25,1,2,2.264634252229249,0.9835181592722597,0.7933333333333333,0.35954811209973697,0,0.045553585626530696,0.09625298242488256,0.0032084327474960848,1,0.55,1.2071872967627888,300,width_N300
0.75,0.25,1,3,2.903783410461284,1.261097111805541,0.9733333333333334,0.16375781616673232,0,0.007693584790487949,1.886076087516303,0.06286920291721008,1,0.445,1.2319673489908505,300,width_N300
0.75,0.25,1,4,3.188281881064252,1.3846532276983246,0.9733333333333334,0.08905201710419884,0,0.007911186637599987,2.990040104203029,0.09966800347343428,1,0.42,1.2426528835994604,300,width_N300
0.75,0.25,1,5,2.836958584696084,1.232075458721568,0.78,0.1148195843545322,0,0.16804877597500334,8.965588307817313,0.2988529435939104,0,0.445,1.0231348048288313,300,width_N300
0.75,0.25,1,6,2.2339152359696657,0.9701770600212264,0.4533333333333333,0.41968732322709507,0,0.09436012475583637,0.8830288476522563,0.029434294921741874,1,0.81,1.3434456681468605,300,width_N300
0.75,0.25,1,7,2.85284292741342,1.2389739411123675,0.57,0.28136895665570677,0,0.10830204130084828,0.2977633316830042,0.00992544438943347,1,0.475,1.1634716988167597,300,width_N300
0.75,0.25,1,8,3.147400599587832,1.3668987127399814,0.96,0.09023761727721803,0,0.017972235247781715,7.59592229283102,0.25319740976103394,0,0.435,1.2628421394970033,300,width_N300
0.75,0.25,1,9,3.2259170288498673,1.4009979647072301,0.89,0.12445955477826533,0,0.01923699149416399,2.976935467447639,0.09923118224825461,1,0.395,1.2028244811823958,300,width_N300
0.75,0.25,1,10,2.5408141417566554,1.103461561306662,0.5433333333333333,0.27318650748767104,0,0.19555706004245316,11.588569514852598,0.38628565049508656,0,0.85,1.3321464788216595,300,width_N300
0.75,0.25,1,11,2.356810487153109,1.0235497894623098,0.6533333333333333,0.3200209183271711,0,0.10489666411184698,6.644674958079882,0.22148916526932938,1,0.47,1.2165237247672132,300,width_N300
0.75,0.25,1,12,2.833172903056706,1.230431358075344,0.9933333333333333,0.17196043649951082,0,0.0034611652506444206,2.762236441069399,0.09207454803564662,1,0.755,1.3052921894361202,300,width_N300
0.75,0.25,1,13,2.456105730730736,1.0666731658273128,0.9166666666666666,0.2579762011541319,0,0.005383772081071023,0.79087152586238,0.02636238419541266,1,0.7,1.2496893114377934,300,width_N300
0.75,0.25,1,14,2.94602098614868,1.2794406578555477,0.9833333333333333,0.09257076677567724,0,0.007072931265994729,3.0377827588214332,0.10125942529404777,1,0.425,1.2488859997566117,300,width_N300
0.75,0.25,1,15,3.0584334386636693,1.328260765680019,0.9433333333333334,0.20066442766720716,0,0.00594103184293089,4.476811099414302,0.14922703664714337,1,0.71,1.2846210707873273,300,width_N300
0.75,0.25,1,16,3.3462219957363972,1.4532457479716039,0.9933333333333333,0.04361894732452499,0,0.0061666161897044915,4.102048978319678,0.13673496594398923,1,0.675,1.2683647034213732,300,width_N300
0.75,0.25,1,17,2.9842168195130996,1.2960288975174115,0.9966666666666667,0.05990503897415553,0,0.0032424657667085473,3.021898965184783,0.10072996550615941,1,0.7,1.2740590851240499,300,width_N300
0.75,0.25,1,18,2.6806944742400205,1.1642108178309793,0.95,0.2627158277288194,0,0.007400070237943878,3.5106097378678203,0.11702032459559399,1,0.665,1.2545950290114898,300,width_N300
0.75,0.25,1,19,2.4382416903329887,1.058914911658074,0.9966666666666667,0.30417680653279233,0,0.0006802940793084898,1.7696171605799282,0.058987238685997596,1,0.745,1.2826862771938419,300,width_N300
0.75,0.25,2,0,3.073153985298299,1.3346538178540381,0.98,0.08378502156183498,0,0.0013468975901138169,1.8378225642548263,0.06126075214182753,1,0.77,1.2763340631358029,300,width_N300
0.75,0.25,2,1,2.2011538651528633,0.9559489774559029,0.8066666666666666,0.3936796456702745,0,0.0744839782727099,0.2357894246332537,0.007859647487775121,1,0.485,1.3254740695315186,300,width_N300
0.75,0.25,2,2,2.5131667579463435,1.0914544550787821,0.89,0.28152319888118016,0,0.031973842166301926,4.22667780972017,0.14088926032400564,1,1.0,1.3596823364709703,300,width_N300
0.75,0.25,2,3,2.2374518842977538,0.9717130068745473,0.6566666666666666,0.41593336621436755,0,0.08409556072645802,10.237573038274094,0.34125243460913646,0,1.0,1.3733588844769269,300,width_N300
0.75,0.25,2,4,2.7209604760689037,1.1816981202335697,0.6933333333333334,0.16586375392989866,0,0.29099019423353495,1.9717280384469182,0.0657242679482306,1,0.485,1.2116404609431732,300,width_N300
0.75,0.25,2,5,2.9172846088873956,1.2669606077810818,0.98,0.08203412330734312,0,0.003502450435799536,1.4350451981861523,0.0478348399395384,1,0.665,1.2692490820927573,300,width_N300
0.75,0.25,2,6,1.9669516955075823,0.8542362675291881,0.85,0.5564007056473387,0,0.011339497823068673,0.1913027522837618,0.006376758409458726,1,0.45,1.3014612617465793,300,width_N300
0.75,0.25,2,7,2.6973520647461675,1.1714451174696032,0.8966666666666666,0.26506926073954656,0,0.0016291305521065834,0.40371888275462786,0.013457296091820926,1,0.395,1.2806686729384706,300,width_N300
0.75,0.25,2,8,2.008373270873599,0.8722254291423889,0.7066666666666667,0.5008131218448625,0,0.06649639306172593,9.920331772669734,0.3306777257556577,0,0.505,1.267551863656055,300,width_N300
0.75,0.25,2,9,3.018025372788429,1.3107117656460192,0.9866666666666667,0.04522091518448432,0,0.002087885271713632,2.239654299759264,0.07465514332530879,1,0.745,1.2752014602686061,300,width_N300
0.75,0.25,2,10,2.664677546371328,1.157254754440564,0.95,0.1847878853811206,0,0.009138737800280267,3.5952164108860982,0.1198405470295366,1,0.755,1.2958122086909423,300,width_N300
0.75,0.25,2,11,2.4474356842598066,1.0629078124871432,0.8866666666666667,0.38054324548825663,0,0.024434955203751905,2.031183614861126,0.06770612049537086,1,0.695,1.3124286051648013,300,width_N300
0.75,0.25,2,12,2.5635562459911214,1.1133383316825591,0.8433333333333334,0.3722794861868032,0,0.009404645867558816,2.5070723403478103,0.08356907801159366,1,0.705,1.3180465641554693,300,width_N300
0.75,0.25,2,13,2.347747619617072,1.019613836101189,0.8766666666666667,0.31810004136304304,0,0.07743182932903843,9.986309636797081,0.33287698789323594,0,0.4,1.2895236134510872,300,width_N300
0.75,0.25,2,14,2.1036104382938787,0.9135864054251126,0.57,0.36910993915807,0,0.20989579864981522,19.79075231627654,0.6596917438758845,0,0.495,1.1995686268307129,300,width_N300
0.75,0.25,2,15,3.0646110765947556,1.3309436797446863,0.9666666666666667,0.12327466775114032,0,0.0025210412544152704,2.1205288574924874,0.07068429524974958,1,0.695,1.2930332884387954,300,width_N300
0.75,0.25,2,16,2.36180260041356,1.0257178367043598,0.7866666666666666,0.4162515748348588,0,0.0172878443127555,2.332789897811355,0.07775966326037849,1,0.695,1.3435653513869177,300,width_N300
0.75,0.25,2,17,2.5141094250815845,1.091863850213889,0.64,0.3473436155380159,0,0.15290217551625698,17.38980918616118,0.5796603062053726,0,1.0,1.3767652626627978,300,width_N300
0.75,0.25,2,18,2.2945987333975637,0.9965315680967529,0.64,0.4465093445746347,0,0.11176567018345178,10.004100601035837,0.33347002003452786,0,0.215,1.2220340645673773,300,width_N300
0.75,0.25,2,19,2.674303400033015,1.1614352095694427,0.9433333333333334,0.30121779770308715,0,0.016351058749017964,7.663603882619857,0.2554534627539952,0,0.695,1.2947527852857579,300,width_N300
0.8,0.19999999999999996,0,0,2.936281574826158,1.2752108852611903,0.9633333333333334,0.15164157237552556,0,0.007981508218017665,0.5232750101518691,0.017442500338395634,1,0.665,1.306146523986898,300,width_N300
0.8,0.19999999999999996,0,1,2.1395657091722398,0.9292015811629214,0.6133333333333333,0.41952826837051277,0,0.19439233461985536,19.769316290794258,0.6589772096931419,0,0.465,1.255279187858885,300,width_N300
0.8,0.19999999999999996,0,2,2.05406573113851,0.8920694125000235,0.3466666666666667,0.41267792151886873,0,0.23457336605461732,10.058164717098705,0.33527215723662346,0,0.2,1.2420704212509195,300,width_N300
0.8,0.19999999999999996,0,3,2.544125567961778,1.1048996954347767,0.8566666666666667,0.2967583391511783,0,0.04329259554202465,0.12758235473137036,0.0042527451577123445,1,0.44,1.2639119252574684,300,width_N300
0.8,0.19999999999999996,0,4,2.221149738729615,0.9646330750111208,0.56,0.43009448386567206,0,0.23600688641987858,20.013854289859562,0.6671284763286519,0,0.74,1.3331284293309555,300,width_N300
0.8,0.19999999999999996,0,5,2.3586579389589764,1.0243521275871805,0.62,0.3271816424637539,0,0.12218238168269407,1.8184317942857575,0.060614393142858575,1,0.475,1.1797101863762895,300,width_N300
0.8,0.19999999999999996,0,6,2.3442756214589737,1.0181059664599488,0.48,0.3655570402208979,0,0.14166392116540832,17.65681353125892,0.5885604510419639,0,1.0,1.3792713749723378,300,width_N300
0.8,0.19999999999999996,0,7,2.6388145932449554,1.146022616612058,0.95,0.21638975066042443,0,0.03628199425938865,2.166397497918282,0.07221324993060939,1,1.0,1.3599332344538868,300,width_N300
0.8,0.19999999999999996,0,8,2.3625267095833995,1.0260323133211164,0.36333333333333334,0.4100039012485037,0,0.43471813547418026,19.99998916577032,0.6666663055256773,0,0.22,1.1382965817231407,300,width_N300
0.8,0.19999999999999996,0,9,2.329228651931425,1.0115711506247678,0.38666666666666666,0.35894540932464725,0,0.3592542035395137,19.996548790028505,0.6665516263342833,0,0.3,1.1418771653770023,300,width_N300
0.8,0.19999999999999996,0,10,2.394847483720027,1.0400690471794953,0.6033333333333334,0.33567304863524217,0,0.41060342456174503,21.670053730245474,0.7223351243415157,0,0.8,1.2607978029296663,300,width_N300
0.8,0.19999999999999996,0,11,1.734726205821302,0.7533820188011561,0.44666666666666666,0.6329669877861083,0,0.3113707619445548,26.772863711331894,0.8924287903777297,0,0.465,1.2925972530767806,300,width_N300
0.8,0.19999999999999996,0,12,2.788128329980554,1.2108687485486833,0.8866666666666667,0.2566189939236996,0,0.05657578178563816,4.2921753233669815,0.14307251077889935,1,1.0,1.35396397861041,300,width_N300
0.8,0.19999999999999996,0,13,2.3626874203128114,1.0261021091040827,0.35333333333333333,0.3341357007607512,0,0.38070764792958767,10.177685395788954,0.33925617985963175,0,0.535,1.1676220873166,300,width_N300
0.8,0.19999999999999996,0,14,3.085246122455651,1.3399053662958933,0.77,0.14151878959661904,0,0.24865843744482097,4.774098111805769,0.15913660372685895,1,0.76,1.1965192355421865,300,width_N300
0.8,0.19999999999999996,0,15,2.8086080551077193,1.2197629801623067,0.52,0.1615108964342983,0,0.007454509454693852,0.4974489173034835,0.01658163057678278,1,0.705,1.2827004928960273,300,width_N300
0.8,0.19999999999999996,0,16,2.6120689408487436,1.1344071273614809,0.38,0.3353220394494653,0,0.3183556127863663,19.995414632930178,0.6665138210976725,0,0.29,1.2091234171932543,300,width_N300
0.8,0.19999999999999996,0,17,2.3004131098877085,0.9990567197221303,0.81,0.3773489795811682,0,0.04054492319724892,0.5387759794483526,0.017959199314945086,1,0.485,1.3134395406290271,300,width_N300
0.8,0.19999999999999996,0,18,2.1484633922576664,0.9330657958286459,0.83,0.40012990556050615,0,0.08676420725580543,0.28447121744075154,0.009482373914691717,1,0.77,1.2995485003581895,300,width_N300
0.8,0.19999999999999996,0,19,2.5270505897412563,1.097484126614986,0.8766666666666667,0.23881634003001745,0,0.03417491688554947,9.384623334293046,0.31282077780976814,0,0.515,1.2946255060993186,300,width_N300
0.8,0.19999999999999996,1,0,2.113420295934723,0.9178467724667875,0.4,0.47722556937555133,0,0.1824137044245176,10.069647267081649,0.3356549089027216,0,0.235,1.2759585664816722,300,width_N300
0.8,0.19999999999999996,1,1,2.1937061497739516,0.9527144757640558,0.51,0.5152046674552738,0,0.21430028526277545,13.011425689920914,0.4337141896640304,0,0.775,1.3262828860937885,300,width_N300
0.8,0.19999999999999996,1,2,2.68518817737328,1.1661624083050655,0.93,0.17534368263635253,0,0.01899652119001035,6.482845876021259,0.21609486253404195,0,0.415,1.3015278171531635,300,width_N300
0.8,0.19999999999999996,1,3,2.40143420857431,1.0429296254375253,0.9566666666666667,0.3486917289188446,0,0.007978298790141655,1.9660355231894633,0.06553451743964876,1,0.445,1.3139553763300276,300,width_N300
0.8,0.19999999999999996,1,4,2.9003633174452905,1.259611784281099,0.9333333333333333,0.19986661728867977,0,0.01507621594071129,3.767085766633782,0.12556952555445938,1,0.42,1.2968713898861777,300,width_N300
0.8,0.19999999999999996,1,5,2.9143208603936936,1.265673468164518,0.88,0.09454210154006358,0,0.02970659477614058,7.149470221287723,0.23831567404292409,0,0.445,1.208894179712352,300,width_N300
0.8,0.19999999999999996,1,6,2.645329695799973,1.1488520897007357,0.61,0.2870276115684876,0,0.13381374236234825,0.0009407149699436346,3.1357165664787815e-05,1,0.205,1.0736982642392485,300,width_N300
0.8,0.19999999999999996,1,7,2.8654276011146482,1.2444393954573638,0.89,0.17737211588726334,0,0.058634051053719265,4.272207827174718,0.14240692757249057,1,0.435,1.2600745600543912,300,width_N300
0.8,0.19999999999999996,1,8,1.7708700234425938,0.7690790793490005,0.05333333333333334,0.6053140181840968,0,0.07408741894957697,9.494697490145022,0.3164899163381673,0,1.0,1.36038066931317,300,width_N300
0.8,0.19999999999999996,1,9,2.378866804497649,1.0331287263761504,0.89,0.2863468736816849,0,0.022334589718143696,1.6899433204334513,0.05633144401444837,1,0.395,1.1989844936706702,300,width_N300
0.8,0.19999999999999996,1,10,2.363383252512177,1.0264043051885978,0.6666666666666666,0.36603626020036567,0,0.259656462806636,19.438018227519798,0.6479339409173265,0,0.85,1.3323803859280066,300,width_N300
0.8,0.19999999999999996,1,11,2.8267764656374643,1.2276534206003278,0.81,0.1801895933480833,0,0.06342835643000119,0.3188932566983882,0.010629775223279604,1,0.46,1.0843430801899323,300,width_N300
0.8,0.19999999999999996,1,12,2.1703742622471704,0.9425815657587873,0.91,0.41961160759290345,0,0.10748526192376041,10.351133874535584,0.34503779581785277,0,1.0,1.3593611608984084,300,width_N300
0.8,0.19999999999999996,1,13,1.7788269730450839,0.7725347386541443,0.10333333333333333,0.6043977646167902,0,0.2302589662915957,19.534075884823835,0.651135862827461,0,0.455,1.2749061908593757,300,width_N300
0.8,0.19999999999999996,1,14,1.6479084994987296,0.7156775680137659,0.64,0.6748958856432388,0,0.06919788689398432,11.998099615199587,0.39993665383998617,0,1.0,1.372511258011499,300,width_N300
0.8,0.19999999999999996,1,15,2.3682449010543727,1.0285156923234267,0.4,0.3938933991249182,0,0.17796282462743462,19.727172015294336,0.6575724005098111,0,0.48,1.3029224200254734,300,width_N300
0.8,0.19999999999999996,1,16,2.5688407331937295,1.11563335531434,0.88,0.24701389570736107,0,0.006936693653347058,0.23090074222751333,0.007696691407583777,1,0.435,1.2356027475398914,300,width_N300
0.8,0.19999999999999996,1,17,2.5517046549260285,1.1081912510812155,0.53,0.36900572800396136,0,0.135536693708069,13.72170063682186,0.45739002122739525,0,0.44,1.2608546550857385,300,width_N300
0.8,0.19999999999999996,1,18,2.4969050760086144,1.0843920963467606,0.8266666666666667,0.2846298202115782,0,0.012611898661721167,0.3713245351879113,0.01237748450626371,1,0.665,1.3185948647800658,300,width_N300
0.8,0.19999999999999996,1,19,2.6027792719539478,1.1303726754217625,0.9333333333333333,0.19220916791743312,0,0.01520887535428804,2.1013842920775794,0.07004614306925264,1,0.745,1.229593695845017,300,width_N300
0.8,0.19999999999999996,2,0,2.8649937813732813,1.2442509899375473,0.98,0.09218880023716028,0,0.0010910324642948617,1.443848263425701,0.048128275447523364,1,0.475,1.2661592253589484,300,width_N300
0.8,0.19999999999999996,2,1,2.8496108219642986,1.2375702555508845,0.9166666666666666,0.19772976770310086,0,0.019883267481803725,1.2771465359505185,0.04257155119835061,1,0.67,1.343663891207385,300,width_N300
0.8,0.19999999999999996,2,2,2.259804776998642,0.9814207448291186,0.6733333333333333,0.479367703118787,0,0.10634747632381981,9.999667923486294,0.33332226411620974,0,0.285,1.2180764457512825,300,width_N300
0.8,0.19999999999999996,2,3,2.317751772980187,1.0065868054267735,0.8966666666666666,0.3718028724948355,0,0.05768904990812959,1.9361230670915885,0.06453743556971961,1,1.0,1.3672861622712607,300,width_N300
0.8,0.19999999999999996,2,4,2.9407358736783817,1.2771453626734595,0.7766666666666666,0.22436797005766182,0,0.09144027343787098,1.488040451279915,0.04960134837599716,1,0.71,1.3038769644797297,300,width_N300
0.8,0.19999999999999996,2,5,2.280094324256174,0.99023238324338,0.5566666666666666,0.39217449426001794,0,0.37933169937206435,19.127858448686418,0.6375952816228805,0,0.815,1.2352135708746865,300,width_N300
0.8,0.19999999999999996,2,6,2.5417586274632917,1.1038717462372907,0.47,0.3515001050352797,0,0.042013962933306816,0.07967982608135804,0.002655994202711934,1,0.22,1.1774541585531078,300,width_N300
0.8,0.19999999999999996,2,7,1.9801184687957174,0.8599545245126964,0.6066666666666667,0.4768903932915675,0,0.08059457356747252,0.23215268113419563,0.007738422704473186,1,0.41,1.3150761842813112,300,width_N300
0.8,0.19999999999999996,2,8,2.9204433493043553,1.2683324313139324,0.9233333333333333,0.15002897532303516,0,0.013463072642372197,1.6774453095643516,0.055914843652145045,1,0.73,1.241188408523284,300,width_N300
0.8,0.19999999999999996,2,9,2.7331792514687665,1.187004666965346,0.9466666666666667,0.20925932493110003,0,0.003358919340848008,0.6106028872145564,0.02035342957381854,1,0.475,1.2499569649601912,300,width_N300
0.8,0.19999999999999996,2,10,1.8483751453636046,0.8027391261185344,0.36333333333333334,0.576010488346636,0,0.19553955445687266,0.3555101037702457,0.011850336792341522,1,0.455,1.2161846084876904,300,width_N300
0.8,0.19999999999999996,2,11,2.135267059753946,0.9273347014409198,0.46,0.4287782839556557,0,0.33536542367963573,29.694515028623563,0.9898171676207853,0,0.77,1.334733995485347,300,width_N300
0.8,0.19999999999999996,2,12,2.7195430462499206,1.1810825382847001,0.7733333333333333,0.2958339657555727,0,0.0005597015389695098,1.033191395155808,0.034439713171860266,1,0.46,1.2666491567451275,300,width_N300
0.8,0.19999999999999996,2,13,2.5673973488005246,1.115006501437106,0.7333333333333333,0.2568490057361667,0,0.031350447789855795,8.796989599826599,0.2932329866608866,0,0.715,1.326502442172905,300,width_N300
0.8,0.19999999999999996,2,14,3.0883654586412015,1.3412600767884795,0.95,0.14440028351352951,0,0.010556402820031924,1.361944566746831,0.045398152224894364,1,0.71,1.2476388428039296,300,width_N300
0.8,0.19999999999999996,2,15,2.2121926489804795,0.9607430603591592,0.49666666666666665,0.4978643839583352,0,0.21372740594363587,10.133336768382861,0.33777789227942867,0,0.47,1.2832142900842252,300,width_N300
0.8,0.19999999999999996,2,16,2.331383772751583,1.0125071077047973,0.84,0.45858250892597086,0,0.02536662406652923,7.169334526570548,0.23897781755235156,0,0.695,1.3285806668271016,300,width_N300
0.8,0.19999999999999996,2,17,2.4946640575221695,1.0834188343842546,0.6166666666666667,0.35170178917927475,0,0.24621379360767887,21.30260849480542,0.7100869498268472,0,0.725,1.3354376164501185,300,width_N300
0.8,0.19999999999999996,2,18,2.855020083365517,1.2399194679286056,1.0,0.08595507044909276,0,0.00390931663343691,1.6603010949513997,0.05534336983171331,1,0.69,1.2560660262934942,300,width_N300
0.8,0.19999999999999996,2,19,1.7770123417615176,0.7717466543010025,0.7533333333333333,0.5102640369753487,0,0.03283071282677498,7.726278976638179,0.2575426325546059,0,0.44,1.2256545865000483,300,width_N300
0.85,0.15000000000000002,0,0,2.9883643521435936,1.2978301480523486,0.91,0.1395522589099577,0,0.06842362840020931,0.3602344584246131,0.012007815280820434,1,0.775,1.333185449882102,300,width_N300
0.85,0.15000000000000002,0,1,2.2534333645155873,0.9786536755457985,0.63,0.4651776818487201,0,0.25846893751972344,19.655397887607208,0.6551799295869067,0,0.775,1.304255408571713,300,width_N300
0.85,0.15000000000000002,0,2,2.0376799565998494,0.8849531610361722,0.3333333333333333,0.490465236309371,0,0.23653091958889655,12.579848945593069,0.4193282981864356,0,0.495,1.236149068799987,300,width_N300
0.85,0.15000000000000002,0,3,2.671022071294627,1.1600101466050505,0.8633333333333333,0.26898509500086976,0,0.011033004260606789,0.126000826020789,0.004200027534026299,1,0.42,1.2585913226420693,300,width_N300
0.85,0.15000000000000002,0,4,2.072690904859358,0.9001582226714769,0.5933333333333334,0.49646771026350345,0,0.1284645348885594,1.6944682110102471,0.05648227370034156,1,0.45,1.2332714179773696,300,width_N300
0.85,0.15000000000000002,0,5,2.758402977806685,1.1979591921269412,0.9,0.22576058932674484,0,0.005005769799464106,0.4694741071804065,0.015649136906013546,1,0.47,1.2427799280584233,300,width_N300
0.85,0.15000000000000002,0,6,2.249779273441381,0.9770667239558987,0.7,0.43038319958124266,0,0.038292699665029496,1.7178005589942258,0.05726001863314085,1,0.695,1.292543322926837,300,width_N300
0.85,0.15000000000000002,0,7,2.040587142919087,0.8862157360124818,0.7166666666666667,0.498077724627982,0,0.08050107492641453,8.501678840806143,0.2833892946935381,0,0.765,1.3217887365853256,300,width_N300
0.85,0.15000000000000002,0,8,2.042414906354235,0.8870095235865908,0.3566666666666667,0.5449376111026544,0,0.24937892236183712,0.310466695191014,0.010348889839700465,1,0.735,1.191767925651245,300,width_N300
0.85,0.15000000000000002,0,9,2.769514274415,1.2027847669307228,0.95,0.16270991939005325,0,0.0019910561000329244,0.6915174267007718,0.02305058089002572,1,0.69,1.2877067378944655,300,width_N300
0.85,0.15000000000000002,0,10,2.1434450604756794,0.9308863620273695,0.5666666666666667,0.4901090248929386,0,0.1428295635714717,18.031485454934685,0.6010495151644895,0,0.76,1.2351366609476409,300,width_N300
0.85,0.15000000000000002,0,11,2.211308878879961,0.9603592438812333,0.18333333333333332,0.47163886064316024,0,0.42343606677281864,29.73346529994247,0.9911155099980822,0,0.725,1.2841169231789404,300,width_N300
0.85,0.15000000000000002,0,12,2.038130825901544,0.8851489710859577,0.81,0.5033938778460147,0,0.07468246072187947,2.797193238152307,0.09323977460507687,1,0.415,1.3339256448509265,300,width_N300
0.85,0.15000000000000002,0,13,2.3588319577025776,1.0244277029672741,0.4866666666666667,0.29538161824026604,0,0.19728704848188047,1.4495173398691774,0.04831724466230591,1,0.69,1.224743220110674,300,width_N300
0.85,0.15000000000000002,0,14,2.179935704963995,0.9467340475697381,0.6833333333333333,0.44260718277735284,0,0.1092005777458005,13.779391736358543,0.45931305787861804,0,1.0,1.3849730264400277,300,width_N300
0.85,0.15000000000000002,0,15,2.2504770114588677,0.9773697477267073,0.7266666666666667,0.40777031657332247,0,0.051158324839505484,0.388794448591806,0.012959814953060199,1,0.42,1.2671465812544684,300,width_N300
0.85,0.15000000000000002,0,16,3.105928837356784,1.3488877552482337,0.99,0.11010229510220597,0,0.004728920481352018,0.413124235435941,0.013770807847864698,1,0.725,1.3007621295625988,300,width_N300
0.85,0.15000000000000002,0,17,2.1572726655979513,0.9368916146299094,0.35,0.4522851248172906,0,0.1571377870920935,20.74701534938768,0.6915671783129226,0,1.0,1.3815519621588348,300,width_N300
0.85,0.15000000000000002,0,18,2.835933046379329,1.2316300730896212,0.5033333333333333,0.14359030611388227,0,0.307952668607148,7.286255024235688,0.2428751674745229,1,0.77,1.1724898019864203,300,width_N300
0.85,0.15000000000000002,0,19,2.0760282712189473,0.901607622465536,0.7866666666666666,0.4712301552580683,0,0.18118150475956288,14.749362323844457,0.4916454107948151,0,0.73,1.3258858253494847,300,width_N300
0.85,0.15000000000000002,1,0,2.175436598840343,0.9447801106067387,0.7066666666666667,0.41444303278184624,0,0.16694221173632828,11.796974406680128,0.3932324802226709,0,0.805,1.348235039344858,300,width_N300
0.85,0.15000000000000002,1,1,2.552904804072092,1.1087124692328116,0.16666666666666666,0.32913207407232536,0,0.22080931040261167,20.204949155318616,0.6734983051772871,0,1.0,1.347725657728484,300,width_N300
0.85,0.15000000000000002,1,2,2.686320842065357,1.1666543183306812,0.23,0.33676093908056776,0,0.4661231462760984,11.683441850062131,0.3894480616687377,0,0.45,1.154394426281747,300,width_N300
0.85,0.15000000000000002,1,3,2.7127835417533195,1.178146922781426,0.41,0.19036758626358855,0,0.12542098887581327,16.45838370695389,0.5486127902317962,0,0.655,1.2541795654988046,300,width_N300
0.85,0.15000000000000002,1,4,2.193227770470086,0.95250671827213,0.5966666666666667,0.35577673002773974,0,0.1907221617726805,9.590695036161545,0.31968983453871813,1,0.43,1.1475261501969882,300,width_N300
0.85,0.15000000000000002,1,5,2.795213979509004,1.2139460070395898,0.4266666666666667,0.21565139475251963,0,0.22524705414184115,16.82690469047013,0.5608968230156709,0,0.465,1.253854348896473,300,width_N300
0.85,0.15000000000000002,1,6,2.6446320273449033,1.1485490961405014,0.85,0.28466747797130343,0,0.03737071850915559,0.9778792450710672,0.032595974835702236,1,1.0,1.3468152768631032,300,width_N300
0.85,0.15000000000000002,1,7,2.6496667376213527,1.150735643031545,0.7,0.3717422953472079,0,0.15157031501405435,9.999239533045756,0.3333079844348585,0,0.24,1.2216906784551556,300,width_N300
0.85,0.15000000000000002,1,8,2.480759779364372,1.0773802831054753,0.6733333333333333,0.22511043685453208,0,0.12342381392567081,0.4443844291291632,0.014812814304305437,1,0.435,1.1742123040703465,300,width_N300
0.85,0.15000000000000002,1,9,1.0144249357566282,0.44055915190416434,0.33666666666666667,0.9409605107018145,0,0.04500298966811228,8.804802324313416,0.29349341081044716,0,0.395,1.3356843794854036,300,width_N300
0.85,0.15000000000000002,1,10,3.014166448417126,1.3090358560854805,0.6366666666666667,0.2637131736105417,0,0.3298224649983406,18.8282915434003,0.6276097181133432,0,0.51,1.0725113733922222,300,width_N300
0.85,0.15000000000000002,1,11,2.8793005515111196,1.250464341262269,0.92,0.19856462465650415,0,0.0038595805395136304,3.160071107562451,0.10533570358541502,1,0.74,1.301352523923998,300,width_N300
0.85,0.15000000000000002,1,12,2.800846123572132,1.2163920161274901,0.07666666666666666,0.2910555423821872,0,0.7640391171145069,29.992471917106677,0.9997490639035558,0,0.245,1.0521083602871872,300,width_N300
0.85,0.15000000000000002,1,13,2.362938287583939,1.0262110593756237,0.7333333333333333,0.411717518923757,0,0.17553871154115686,10.697180762345033,0.35657269207816766,0,0.785,1.3381946000490774,300,width_N300
0.85,0.15000000000000002,1,14,1.7748960341309779,0.7708275535750493,0.42333333333333334,0.6580113779532389,0,0.17011277489354745,19.45801541321703,0.6486005137739009,0,1.0,1.3670370105885679,300,width_N300
0.85,0.15000000000000002,1,15,2.6280004081855113,1.141326075714461,0.7033333333333334,0.3131528597808028,0,0.16589376411656453,19.771049198158305,0.6590349732719434,0,0.525,1.3083901954347024,300,width_N300
0.85,0.15000000000000002,1,16,2.680461536741988,1.1641096543609557,0.8466666666666667,0.1979175528015631,0,0.0318324050296037,6.513555490918716,0.21711851636395715,1,0.675,1.2830112821871522,300,width_N300
0.85,0.15000000000000002,1,17,1.9871415723186923,0.8630046196185598,0.07666666666666666,0.4788207214522719,0,0.17667021514031156,17.276674069288426,0.5758891356429474,0,0.47,1.309093343849276,300,width_N300
0.85,0.15000000000000002,1,18,2.0106407746168293,0.8732101935057688,0.53,0.4473743923392999,0,0.1846674854469647,19.486726768123084,0.649557558937436,0,0.465,1.25280642392047,300,width_N300
0.85,0.15000000000000002,1,19,2.453699758462361,1.065628265347545,0.6533333333333333,0.38259464152243394,0,0.20362117347778705,10.00526606291549,0.33350886876384966,0,0.215,1.1771650284223967,300,width_N300
0.85,0.15000000000000002,2,0,2.7992619475293647,1.215704017213753,0.43,0.23846212571844969,0,0.015515020837662158,0.048326410867471914,0.0016108803622490635,1,0.19,1.244193481510452,300,width_N300
0.85,0.15000000000000002,2,1,1.7107974614107684,0.7429898971447881,0.57,0.659113944595147,0,0.13898362222493907,3.490349927381964,0.11634499757939877,1,0.755,1.3289661459027944,300,width_N300
0.85,0.15000000000000002,2,2,2.9899267674648233,1.2985086964047998,0.5733333333333334,0.2774907679142845,0,0.3822096772039435,10.150040444286606,0.33833468147622014,0,0.5,1.1772216281441645,300,width_N300
0.85,0.15000000000000002,2,3,2.442228846652766,1.0606465116462391,0.5566666666666666,0.33792524800978685,0,0.15548475054229902,11.363468420405148,0.37878228068017156,1,1.0,1.3668936949917267,300,width_N300
0.85,0.15000000000000002,2,4,2.440679982166379,1.0599738483465853,0.49,0.3050661534577332,0,0.14836594474312895,10.009721919982095,0.33365739733273647,0,0.225,1.2244799958115071,300,width_N300
0.85,0.15000000000000002,2,5,2.093411165673147,0.9091569176065017,0.5533333333333333,0.4269135840954712,0,0.20061540549563114,18.941132024288006,0.6313710674762668,0,0.48,1.240229957161407,300,width_N300
0.85,0.15000000000000002,2,6,2.11084713287838,0.9167292619503805,0.21666666666666667,0.5074320135415085,0,0.38683164158598754,29.82747905004817,0.9942493016682721,0,0.53,1.306164400129365,300,width_N300
0.85,0.15000000000000002,2,7,2.124304666666968,0.9225737946147906,0.44333333333333336,0.4562222823649731,0,0.172879491980933,5.086735382149837,0.16955784607166122,1,0.745,1.3348875567181253,300,width_N300
0.85,0.15000000000000002,2,8,2.1276246317195797,0.9240156371172519,0.5,0.4640950938426577,0,0.22250552589117234,23.22158631782419,0.7740528772608062,0,0.72,1.3575833897533014,300,width_N300
0.85,0.15000000000000002,2,9,2.073327336448911,0.9004346213989288,0.72,0.48179870693009613,0,0.055564076199014704,4.391394175175106,0.14637980583917018,1,0.475,1.2777087648471588,300,width_N300
0.85,0.15000000000000002,2,10,1.981209552582089,0.8604283761804118,0.26,0.5147132166767566,0,0.20280790063720194,13.779067501744569,0.45930225005815223,1,0.735,1.3381025580737114,300,width_N300
0.85,0.15000000000000002,2,11,1.787717362894812,0.7763957859078499,0.16666666666666666,0.5642451055981883,0,0.1385210013397352,10.623875977244035,0.3541291992414678,0,0.465,1.3145302648026702,300,width_N300
0.85,0.15000000000000002,2,12,2.538312808502695,1.1023752460770657,0.82,0.3004767925210166,0,0.09080233858550323,9.97914145113546,0.33263804837118194,0,0.25,1.2161389520779546,300,width_N300
0.85,0.15000000000000002,2,13,2.7278879996481247,1.1847067054972802,0.8166666666666667,0.16714964090683487,0,0.011460463040267311,5.330017466617532,0.17766724888725102,1,0.715,1.2828753527040977,300,width_N300
0.85,0.15000000000000002,2,14,2.157177258374795,0.9368501797993588,0.4866666666666667,0.42961404507219747,0,0.1482858203723419,17.922639943640814,0.5974213314546937,0,0.495,1.2322804776466243,300,width_N300
0.85,0.15000000000000002,2,15,2.0473667792185406,0.8891600946466455,0.27666666666666667,0.499460878241325,0,0.23461617180016672,19.887159752556226,0.6629053250852075,0,0.53,1.2882876788491489,300,width_N300
0.85,0.15000000000000002,2,16,2.0380309683334814,0.8851056034951719,0.69,0.44477536695547826,0,0.012949607565486356,0.31114193904742127,0.010371397968247374,1,0.41,1.2203656039814994,300,width_N300
0.85,0.15000000000000002,2,17,2.5620694357358187,1.112692618193044,0.7166666666666667,0.2759586586095668,0,0.28018340052443635,7.238138012120837,0.24127126707069455,1,0.725,1.2635674830657466,300,width_N300
0.85,0.15000000000000002,2,18,2.4348780839329494,1.0574541159592425,0.5033333333333333,0.41844453908327844,0,0.32298042000981914,29.332907924099473,0.9777635974699822,0,0.785,1.3287081171389765,300,width_N300
0.85,0.15000000000000002,2,19,2.2448618580080493,0.9749311175679767,0.5233333333333333,0.4011026077761188,0,0.038997943838240734,5.751371225393232,0.19171237417977435,1,1.0,1.3635136072491574,300,width_N300
0.9,0.09999999999999998,0,0,2.5098657253747416,1.0900208348483529,0.4166666666666667,0.29194383762709514,0,0.16410004771744544,2.491659550083336,0.08305531833611118,1,0.54,1.298466983098656,300,width_N300
0.9,0.09999999999999998,0,1,2.2392014489075875,0.9724728331303315,0.52,0.4218187100448937,0,0.06890559985026809,13.198823511603146,0.43996078372010483,0,0.705,1.3451902808200566,300,width_N300
0.9,0.09999999999999998,0,2,1.702323608381838,0.7393097495338644,0.31333333333333335,0.7129278689498308,0,0.3958160845932215,19.99173499982805,0.6663911666609349,0,0.295,1.0902510452777212,300,width_N300
0.9,0.09999999999999998,0,3,2.007770003709839,0.8719634335420543,0.02666666666666667,0.49312277312688235,0,0.5205966873530656,28.82315336082787,0.9607717786942621,0,0.58,1.2300247318918334,300,width_N300
0.9,0.09999999999999998,0,4,2.2018114356732386,0.9562345567043641,0.6066666666666667,0.4502099592827513,0,0.03514046182419039,3.2860894706616017,0.10953631568872003,1,0.425,1.2478016774309835,300,width_N300
0.9,0.09999999999999998,0,5,2.741695614837572,1.1907032765823007,0.8233333333333334,0.23324388210171507,0,0.011369490874153485,0.5421606500128406,0.018072021667094686,1,0.725,1.3094044964124616,300,width_N300
0.9,0.09999999999999998,0,6,2.3530211939610086,1.0219041203386674,0.6166666666666667,0.37823828701391593,0,0.14651854674928794,5.765747364653234,0.19219157882177446,1,0.76,1.3043802869297967,300,width_N300
0.9,0.09999999999999998,0,7,1.8494717882604534,0.8032153920772542,0.49333333333333335,0.5404965106420989,0,0.0639606338246136,8.758860128423967,0.2919620042807989,0,0.765,1.3204518164222472,300,width_N300
0.9,0.09999999999999998,0,8,2.405792356485588,1.044822345026712,0.41,0.30288969567305757,0,0.2039624579181612,19.68587095641411,0.6561956985471369,0,0.485,1.2589703812581758,300,width_N300
0.9,0.09999999999999998,0,9,2.6481159498455984,1.1500621444579318,0.83,0.2588582296393187,0,0.03728161597611189,2.402226953955955,0.08007423179853182,1,0.69,1.2449125664374434,300,width_N300
0.9,0.09999999999999998,0,10,2.706610733544966,1.1754661062386913,0.6233333333333333,0.16788937610191002,0,0.2564940108091392,0.8743550712803749,0.02914516904267916,1,0.73,1.2189710664910143,300,width_N300
0.9,0.09999999999999998,0,11,2.2847834036806396,0.9922688245626314,0.45,0.3642186762452434,0,0.43948360605232895,29.63820199567494,0.9879400665224979,0,0.81,1.28522154851662,300,width_N300
0.9,0.09999999999999998,0,12,2.666343207343151,1.1579781418093484,0.4033333333333333,0.22606855257821962,0,0.24236975989531956,19.844287197330893,0.6614762399110297,0,0.545,1.2172820691463548,300,width_N300
0.9,0.09999999999999998,0,13,2.3536352937579563,1.0221708204918196,0.64,0.44348725222697216,0,0.01837264132464793,0.602504897979872,0.02008349659932906,1,0.395,1.2024585325742256,300,width_N300
0.9,0.09999999999999998,0,14,2.3815348742343683,1.0342874543401408,0.2633333333333333,0.39205951518374454,0,0.46988358529266744,19.987139888549798,0.6662379962849931,0,0.24,1.0346633598981159,300,width_N300
0.9,0.09999999999999998,0,15,2.4844145221572784,1.07896751773321,0.5666666666666667,0.27889076008725877,0,0.1930893577307938,0.4060496727059659,0.013534989090198863,1,0.495,1.2220691640811117,300,width_N300
0.9,0.09999999999999998,0,16,2.898995688544565,1.2590178305962227,0.65,0.13318503753995267,0,0.06912546924900245,0.670903172741516,0.022363439091383865,1,0.71,1.2943483622467822,300,width_N300
0.9,0.09999999999999998,0,17,2.069716672736715,0.8988665300727136,0.58,0.48062128025612394,0,0.04620250446426256,9.42117878455202,0.3140392928184006,0,0.71,1.239088456379772,300,width_N300
0.9,0.09999999999999998,0,18,2.581826963880876,1.1212732036424906,0.67,0.2138721674717245,0,0.09950490191901491,0.16049964286492524,0.0053499880954975074,1,0.49,1.286307688897295,300,width_N300
0.9,0.09999999999999998,0,19,2.5598943873033186,1.1117480066609369,0.27666666666666667,0.26484580377174943,0,0.5974795636234856,20.01079729397994,0.667026576465998,0,0.27,1.0890015879040709,300,width_N300
0.9,0.09999999999999998,1,0,2.4143255715310583,1.0485282732338532,0.09333333333333334,0.4339726045221204,0,0.3390045343803839,19.997556059465623,0.6665852019821874,0,0.205,1.1380178946506898,300,width_N300
0.9,0.09999999999999998,1,1,2.272521810508094,0.9869436823084525,0.7833333333333333,0.4165003686873512,0,0.010909176741260428,0.8708207761642217,0.029027359205474054,1,0.7,1.2724096022740796,300,width_N300
0.9,0.09999999999999998,1,2,2.852718354557903,1.2389198398086212,0.59,0.22235641573944936,0,0.4180411534705716,10.00010641099892,0.3333368803666307,0,0.22,0.9299874361771582,300,width_N300
0.9,0.09999999999999998,1,3,2.364222669723119,1.0267688594513247,0.3333333333333333,0.34261258414937334,0,0.25261939460304317,27.976575270551212,0.9325525090183736,0,1.0,1.3539459485160121,300,width_N300
0.9,0.09999999999999998,1,4,1.7575329190850812,0.7632868485219652,0.63,0.631196038347534,0,0.14749190971194978,19.674333124632764,0.6558111041544253,0,0.69,1.3288267106476241,300,width_N300
0.9,0.09999999999999998,1,5,2.68817124291325,1.1674579372082303,0.9433333333333334,0.29393904257020453,0,0.0029486775307143703,1.7271047225012215,0.057570157416707374,1,0.705,1.2856625023053987,300,width_N300
0.9,0.09999999999999998,1,6,2.302281280391386,0.9998680558631323,0.32,0.4404421875648533,0,0.21167784610706053,10.39525162771322,0.3465083875904406,0,0.51,1.283295255179641,300,width_N300
0.9,0.09999999999999998,1,7,2.823177457019394,1.2260903910171776,0.44,0.21920069667312608,0,0.1697008018133308,3.5238449074564415,0.1174614969152147,1,0.72,1.2774567673698347,300,width_N300
0.9,0.09999999999999998,1,8,2.482932685296696,1.0783239641615783,0.8833333333333333,0.2659362146927064,0,0.026383322372760663,6.623880229576617,0.2207960076525539,0,0.715,1.2313848876719653,300,width_N300
0.9,0.09999999999999998,1,9,2.303285546612308,1.0003042031412404,0.21333333333333335,0.40256906650644203,0,0.16024119804890594,16.24448105728354,0.5414827019094512,0,1.0,1.3714391052576984,300,width_N300
0.9,0.09999999999999998,1,10,2.4020655534015507,1.043203815012174,0.9433333333333334,0.32887857070614046,0,0.006631696278637649,3.9182392945569355,0.13060797648523118,1,0.695,1.2741548966108245,300,width_N300
0.9,0.09999999999999998,1,11,2.2648924592018798,0.9836302971356622,0.2633333333333333,0.39332502989744417,0,0.09572632250034319,10.035013259910686,0.3345004419970228,0,1.0,1.3427771969866047,300,width_N300
0.9,0.09999999999999998,1,12,2.3814310008523907,1.0342423427035312,0.4766666666666667,0.4172949514745858,0,0.36831905935787834,26.95227703123865,0.8984092343746216,0,0.825,1.3060373588820848,300,width_N300
0.9,0.09999999999999998,1,13,2.1283213988227585,0.924318239225334,0.58,0.4265291506845532,0,0.09452598293932354,13.515412620230622,0.4505137540076873,0,0.7,1.2786824139895945,300,width_N300
0.9,0.09999999999999998,1,14,1.8504086567204225,0.8036222688796879,0.4,0.6172546448445954,0,0.008098972693936075,0.5804556644624037,0.01934852214874679,1,0.665,1.3139332864615103,300,width_N300
0.9,0.09999999999999998,1,15,2.3579474885613774,1.024043582899837,0.47333333333333333,0.37081722105291715,0,0.2853502417554138,19.973952764710283,0.6657984254903427,0,0.77,1.3045841206570814,300,width_N300
0.9,0.09999999999999998,1,16,2.3730804484136963,1.0306157438585628,0.6033333333333334,0.3581069872591261,0,0.15274373162916102,15.203086144054701,0.5067695381351566,0,0.76,1.3369713923651725,300,width_N300
0.9,0.09999999999999998,1,17,1.5177061556086582,0.6591314085314383,0.12,0.7174211177447529,0,0.27390490977356374,25.118666963056306,0.8372888987685435,0,0.74,1.334552187828852,300,width_N300
0.9,0.09999999999999998,1,18,2.536354633315864,1.1015248213988251,0.8033333333333333,0.25639080780129014,0,0.007182371201364321,1.2686789444445679,0.04228929814815226,1,0.435,1.3144438612387332,300,width_N300
0.9,0.09999999999999998,1,19,2.123327726868581,0.9221495150511997,0.21,0.44951018143670923,0,0.10817293802885358,2.371642829116427,0.07905476097054756,1,0.7,1.3375146432766618,300,width_N300
0.9,0.09999999999999998,2,0,1.9799537364188802,0.8598829821504451,0.4033333333333333,0.5424676497215952,0,0.07072712348285241,0.06615380837456941,0.00220512694581898,1,0.475,1.0674314231621724,300,width_N300
0.9,0.09999999999999998,2,1,1.928022383593563,0.8373294821806391,0.5233333333333333,0.5152906051537267,0,0.20417229091471428,10.118013749774274,0.33726712499247574,0,0.515,1.2089706152520392,300,width_N300
0.9,0.09999999999999998,2,2,2.408239428416719,1.0458850948632223,0.09,0.3867670322449992,0,0.35727160955734827,11.169640117638735,0.37232133725462446,0,0.5,1.2129256626165774,300,width_N300
0.9,0.09999999999999998,2,3,2.55671614120395,1.1103677119178506,0.31333333333333335,0.33272377055635566,0,0.21109950242663106,0.2978519603001495,0.009928398676671647,1,0.55,1.1692174893991893,300,width_N300
0.9,0.09999999999999998,2,4,2.40298090169457,1.043601345724852,0.47,0.21532465113320134,0,0.08265598803518251,0.005064448043418102,0.00016881493478060336,1,0.185,1.0668599747118939,300,width_N300
0.9,0.09999999999999998,2,5,1.9990258500525828,0.8681658958597939,0.27666666666666667,0.5412055555999973,0,0.2604390525158886,10.02503906772248,0.3341679689240826,0,0.195,1.2071496586054358,300,width_N300
0.9,0.09999999999999998,2,6,2.0983222973008213,0.9112897949723013,0.5166666666666667,0.570563766177418,0,0.2866015203033434,10.016551897740028,0.3338850632580009,0,0.23,1.1947116126213078,300,width_N300
0.9,0.09999999999999998,2,7,1.9657619821476215,0.8537195815819105,0.47333333333333333,0.5273004033691656,0,0.06992917865111947,0.07070671928649519,0.002356890642883173,1,0.395,1.256830048300607,300,width_N300
0.9,0.09999999999999998,2,8,1.7119524998273483,0.7434915239554949,0.49,0.6131215929885753,0,0.08971619600110135,0.8209986823662141,0.027366622745540466,1,0.72,1.3436988875682763,300,width_N300
0.9,0.09999999999999998,2,9,2.66774116351888,1.1585852664624101,0.6833333333333333,0.24114232953858059,0,0.11407224605141426,0.5404055571055888,0.01801351857018629,1,0.47,1.3178863804667549,300,width_N300
0.9,0.09999999999999998,2,10,2.5419318166183937,1.103946961331677,0.03,0.459323273912463,0,0.6275835882276948,23.623526039400826,0.7874508679800275,0,0.525,1.1561054760740108,300,width_N300
0.9,0.09999999999999998,2,11,2.467845039688995,1.0717714829292417,0.21666666666666667,0.3334547009564152,0,0.368092772364491,27.6068214099511,0.9202273803317031,0,0.77,1.3061274878946396,300,width_N300
0.9,0.09999999999999998,2,12,2.0204102859751507,0.8774530383795788,0.4633333333333333,0.39699846702166514,0,0.10690289125269889,0.0005143379995520281,1.71445999850676e-05,1,0.21,1.0977518363303347,300,width_N300
0.9,0.09999999999999998,2,13,2.351266281294643,1.0211419714514425,0.17,0.3988267068893617,0,0.5257301048401702,20.180168971360324,0.672672299045344,0,0.6,1.1692991526824752,300,width_N300
0.9,0.09999999999999998,2,14,2.772950727080309,1.2042771993605879,0.6066666666666667,0.23297590027714743,0,0.036733704918198204,3.0070689699004283,0.10023563233001426,1,0.42,1.2561719932082849,300,width_N300
0.9,0.09999999999999998,2,15,2.2651648308543972,0.9837485866413772,0.09666666666666666,0.43184807109636686,0,0.49245776710162154,27.036622808413725,0.9012207602804573,0,0.795,1.2437886667120859,300,width_N300
0.9,0.09999999999999998,2,16,2.6958087621431055,1.1707748696651867,0.43666666666666665,0.16859052752197767,0,0.03343147426181329,0.29397563434168106,0.009799187811389366,1,0.695,1.322739857780129,300,width_N300
0.9,0.09999999999999998,2,17,1.7040894102533515,0.7400766275427972,0.06666666666666667,0.5778486800671878,0,0.3336261831925098,6.737783296554934,0.22459277655183107,1,0.43,1.1887538144157026,300,width_N300
0.9,0.09999999999999998,2,18,1.9939965930115962,0.8659817172788202,0.5633333333333334,0.5083333446721462,0,0.12056506098839667,0.010326592178400151,0.000344219739280005,1,0.19,1.2025760586894596,300,width_N300
0.9,0.09999999999999998,2,19,2.3571512814458346,1.023697794543105,0.08666666666666667,0.3765083351863282,0,0.0799677466893549,17.47769515246615,0.5825898384155384,0,0.695,1.3361160888645924,300,width_N300
0.5,0.5,0,0,3.2770122218843563,1.4231883250938904,0.9991666666666666,0.035763842316254985,0,0.001812809868168069,0.9854252561249943,0.032847508537499806,1,0.665,1.30015746128996,1200,width_N1200
0.5,0.5,0,1,3.26267780368973,1.4169629663706709,0.9966666666666667,0.0104590798603679,0,0.00219610260806892,1.0291185143073034,0.03430395047691011,1,0.705,1.2985675348324806,1200,width_N1200
0.5,0.5,0,2,3.0665372198041787,1.331780193111894,0.9975,0.012458271877528482,0,0.002101520096574324,1.0058200097153691,0.03352733365717896,1,0.685,1.3009910901893607,1200,width_N1200
0.5,0.5,0,3,3.118597304255534,1.354389600516535,0.9975,0.014314082675084067,0,0.0017579043134884446,0.9975675332137002,0.033252251107123335,1,0.66,1.2993938216770247,1200,width_N1200
0.5,0.5,0,4,3.184714514753984,1.3831039401948473,1.0,0.01408712388372394,0,0.00207251589539186,0.9850450538867961,0.03283483512955986,1,0.71,1.299827096110858,1200,width_N1200
0.5,0.5,0,5,3.1714639282257266,1.3773492835836436,0.9975,0.01953798021303723,0,0.002217731065533581,0.9696359941282762,0.03232119980427587,1,0.725,1.2995693785792086,1200,width_N1200
0.5,0.5,0,6,3.148041225611238,1.3671769330869104,0.9941666666666666,0.04994883138123176,0,0.0028994101854825007,0.9544733281801165,0.03181577760600388,1,0.695,1.3043562568105604,1200,width_N1200
0.5,0.5,0,7,3.3610523638647223,1.4596864950143293,0.9966666666666667,0.01789468827223214,0,0.0024914023272615497,0.9698227711401497,0.032327425704671654,1,0.745,1.302660211032892,1200,width_N1200
0.5,0.5,0,8,3.23652440225037,1.4056046884425564,0.9975,0.02648675868779121,0,0.0012587937814364635,1.0005295189996044,0.03335098396665347,1,0.7,1.2958991147858032,1200,width_N1200
0.5,0.5,0,9,3.3272493296079415,1.4450060237650229,0.9975,0.01671563752427959,0,0.0020189160849697872,1.0309540321556343,0.034365134405187805,1,0.69,1.3007408517120238,1200,width_N1200
0.5,0.5,0,10,3.2657861158589894,1.418312889193813,1.0,0.002237174501193684,0,0.001983027254599144,0.9702315411534268,0.032341051371780886,1,0.76,1.297985907758024,1200,width_N1200
0.5,0.5,0,11,3.2362076300677964,1.405467116031644,1.0,0.029284358945812886,0,0.0019115708941389534,0.8983610886820592,0.029945369622735304,1,0.725,1.2985555964772737,1200,width_N1200
0.5,0.5,0,12,3.3244066002762604,1.443771442102729,0.9983333333333333,0.03196765052454899,0,0.0018318058835414559,0.89738534756304,0.029912844918767997,1,0.68,1.300330560122962,1200,width_N1200
0.5,0.5,0,13,3.248322001398067,1.4107283206521073,0.9958333333333333,0.033912400441670605,0,0.002692687875360625,1.0513746612419883,0.0350458220413996,1,0.705,1.2987001922211814,1200,width_N1200
0.5,0.5,0,14,3.185753166884484,1.3835550210837406,0.9958333333333333,0.028807443446655406,0,0.0024886864134403743,0.7042685460563025,0.023475618201876748,1,0.7,1.2956345138867749,1200,width_N1200
0.5,0.5,0,15,3.3086011654833603,1.436907228988091,0.9983333333333333,0.019842639631371842,0,0.002808477242760978,1.0473497089187267,0.03491165696395755,1,0.705,1.3054027985902805,1200,width_N1200
0.5,0.5,0,16,3.255076158508342,1.4136616138150073,0.9825,0.06976349978165709,0,0.00773085620181637,0.6296568660556612,0.020988562201855368,1,0.725,1.3145329760570044,1200,width_N1200
0.5,0.5,0,17,3.147854081319502,1.3670956573536899,0.9991666666666666,0.04011011788387601,0,0.0022743419500536564,0.8590862726854942,0.02863620908951647,1,0.71,1.2995898880944932,1200,width_N1200
0.5,0.5,0,18,3.0463042819427346,1.3229931398459773,0.9983333333333333,0.009680810714168422,0,0.002078502919500699,1.0366776547114986,0.03455592182371662,1,0.72,1.2989052599024509,1200,width_N1200
0.5,0.5,0,19,3.1088155360100407,1.3501414325442604,1.0,0.008950375047008107,0,0.0021059781102326525,0.9914434686846108,0.033048115622820354,1,0.785,1.299560112015201,1200,width_N1200
0.5,0.5,1,0,3.295160086917588,1.431069842736148,1.0,0.015060590998720515,0,0.0007802183156098656,0.6473238308637885,0.021577461028792946,1,0.43,1.2634294851037036,1200,width_N1200
0.5,0.5,1,1,3.1948991100606827,1.3875270537369644,1.0,0.01363459590669095,0,0.0006900444778364431,0.7208305452859165,0.02402768484286388,1,0.435,1.2640780726373193,1200,width_N1200
0.5,0.5,1,2,3.063943024969243,1.3306535486100997,0.995,0.041122928952937565,0,0.0005900553200483202,1.2125432279283865,0.04041810759761288,1,0.415,1.2686054149217352,1200,width_N1200
0.5,0.5,1,3,3.0628536447007333,1.3301804367707915,0.9991666666666666,0.02413480945310421,0,0.0004911071538870326,0.7563025175831795,0.02521008391943931,1,0.445,1.2666620862345734,1200,width_N1200
0.5,0.5,1,4,3.2507295424243328,1.4117739024347702,1.0,0.0388272675608699,0,0.0007604544838527277,0.7531680949635466,0.025105603165451552,1,0.42,1.2627057835484734,1200,width_N1200
0.5,0.5,1,5,3.3915361098365793,1.4729254176776472,0.9991666666666666,0.014768126008340925,0,0.0007218477689776466,0.7741200965939554,0.02580400321979851,1,0.445,1.2631905746919607,1200,width_N1200
0.5,0.5,1,6,3.3081954050315723,1.4367310094629049,1.0,0.010445017792014068,0,0.0007314531495386089,0.7325194229645393,0.024417314098817974,1,0.395,1.263925007942888,1200,width_N1200
0.5,0.5,1,7,3.157465377305775,1.3712697901644668,0.9958333333333333,0.018759547309105926,0,0.0006622215258494362,0.6857478042153031,0.022858260140510102,1,0.435,1.2644469622374055,1200,width_N1200
0.5,0.5,1,8,2.9798673381415908,1.294139941758624,0.9966666666666667,0.035100533052958675,0,0.0007022406258688496,0.8808776878516666,0.02936258959505555,1,0.435,1.2635479513996541,1200,width_N1200
0.5,0.5,1,9,3.2299689932258895,1.4027577104766056,0.9933333333333333,0.021322172454008612,0,0.0005335393694149895,0.9241205751212789,0.030804019170709292,1,0.395,1.2666284165596728,1200,width_N1200
0.5,0.5,1,10,3.1003660536091955,1.346471868962635,1.0,0.004931133155815197,0,0.0007543191909214035,0.7306767340332199,0.024355891134440658,1,0.335,1.2633250303671228,1200,width_N1200
0.5,0.5,1,11,2.9327899121476455,1.273694475427245,0.9875,0.05813214027841499,0,0.001027626927649801,0.5859718379157719,0.019532394597192394,1,0.46,1.2672118255441054,1200,width_N1200
0.5,0.5,1,12,2.9669481730155214,1.2885292196335751,0.9975,0.024053422332803033,0,0.0006982616965396232,0.7364392969121114,0.024547976563737042,1,0.465,1.2637410519033705,1200,width_N1200
0.5,0.5,1,13,3.2241498512573337,1.40023048923025,1.0,0.015353949860044078,0,0.0007416159473282984,0.6944763372226048,0.02314921124075349,1,0.46,1.2649196483891065,1200,width_N1200
0.5,0.5,1,14,3.470061503785382,1.5070285629588918,1.0,0.0009192178492444766,0,0.000790744851369268,0.7241450305934205,0.024138167686447345,1,0.425,1.2629382109644471,1200,width_N1200
0.5,0.5,1,15,3.2561752247793705,1.4141389322317612,1.0,0.007693573828272348,0,0.0007149854343115863,0.7455654479297302,0.02485218159765767,1,0.415,1.2636993354002557,1200,width_N1200
0.5,0.5,1,16,2.961345462693477,1.2860959934570089,0.9966666666666667,0.031595719560823694,0,0.000616901038050172,0.7913896960694611,0.0263796565356487,1,0.675,1.269418645692238,1200,width_N1200
0.5,0.5,1,17,3.0709155640287,1.3336816838484764,1.0,0.008118738573142237,0,0.0007741075715169254,0.7419843336171406,0.02473281112057135,1,0.49,1.263075655152096,1200,width_N1200
0.5,0.5,1,18,3.015200498062736,1.3094849381405829,0.9983333333333333,0.028732488219537118,0,0.0005840617144650595,0.6751784585941834,0.022505948619806107,1,0.435,1.267123767171415,1200,width_N1200
0.5,0.5,1,19,3.0686831381556505,1.3327121536105528,0.9975,0.00886332853372136,0,0.000941797632965858,0.7021928826617785,0.02340642942205928,1,0.445,1.2612277879729026,1200,width_N1200
0.5,0.5,2,0,3.1197889057040578,1.3549071064502562,0.9975,0.0660598697007749,0,0.001665525859606918,1.34759899484988,0.044919966494995994,1,0.77,1.263998202294651,1200,width_N1200
0.5,0.5,2,1,3.1016606386793435,1.3470341001149546,0.9775,0.09945524039672418,0,0.005155579623681187,1.3478078637080892,0.04492692879026963,1,0.67,1.3180240046710925,1200,width_N1200
0.5,0.5,2,2,3.0839601222411845,1.3393468634990242,1.0,0.027702937893219072,0,0.00021220982134218788,1.047752350327058,0.034925078344235264,1,0.785,1.2850182142868098,1200,width_N1200
0.5,0.5,2,3,3.2742066687721354,1.4219698888585666,1.0,0.013105028530859295,0,8.287195976865841e-05,1.1649781160662787,0.03883260386887595,1,0.655,1.2837230992693818,1200,width_N1200
0.5,0.5,2,4,3.139148663151768,1.3633149422807824,1.0,0.008716300182697196,0,6.600372158672182e-05,1.1522559925782383,0.03840853308594127,1,0.7,1.2820028358403546,1200,width_N1200
0.5,0.5,2,5,3.1329310015663965,1.360614646163914,1.0,0.014453864679054445,0,0.00010212797542253371,1.130541414071179,0.03768471380237263,1,0.665,1.2834726659640554,1200,width_N1200
0.5,0.5,2,6,3.0924540137348795,1.343035713704621,0.9983333333333333,0.011401450208138297,0,0.0001475857315985375,1.2295008766700477,0.04098336255566825,1,0.69,1.2837143300628777,1200,width_N1200
0.5,0.5,2,7,3.3376039917620046,1.4495029964005048,0.9991666666666666,0.0035245438502343246,0,9.349971667320996e-05,1.1737226382195376,0.039124087940651246,1,0.665,1.2820237256963176,1200,width_N1200
0.5,0.5,2,8,3.214986591843308,1.3962509362304907,0.9983333333333333,0.013681189374165955,0,5.524994790400469e-05,1.1527218597852662,0.0384240619928422,1,0.73,1.2825766568604224,1200,width_N1200
0.5,0.5,2,9,3.5134872920577647,1.5258881431778861,0.9991666666666666,0.007086645588112725,0,9.122186856717993e-05,1.1502453041118355,0.03834151013706118,1,0.745,1.2836984232797715,1200,width_N1200
0.5,0.5,2,10,3.3414961705304025,1.4511933481622012,0.9991666666666666,0.01851346735538606,0,5.2185228839817487e-05,1.0455006062379257,0.034850020207930855,1,0.755,1.2834342968099712,1200,width_N1200
0.5,0.5,2,11,2.994108463251118,1.3003247838097858,0.9941666666666666,0.047357394809193876,0,0.001277137180372638,1.5393605109127462,0.051312017030424865,1,0.695,1.299597274019083,1200,width_N1200
0.5,0.5,2,12,3.306459071588544,1.4359769294298539,0.9983333333333333,0.02165276245966231,0,0.000100443224827653,1.1628653194634408,0.038762177315448024,1,0.705,1.2804701644925962,1200,width_N1200
0.5,0.5,2,13,3.0970397046996276,1.3450272539863246,0.9983333333333333,0.014257882110620382,0,0.000158825800176145,1.1896566473214243,0.0396552215773808,1,0.715,1.2866003070975922,1200,width_N1200
0.5,0.5,2,14,3.215601594371951,1.3965180284350371,0.9991666666666666,0.00873081889297976,0,0.0001398131689066426,1.2458610024351002,0.04152870008117,1,0.71,1.28428209325128,1200,width_N1200
0.5,0.5,2,15,3.254311494841602,1.4133295246040305,1.0,0.006555426058735236,0,7.155243551244914e-05,1.1399386829026692,0.03799795609675564,1,0.695,1.2831378177660757,1200,width_N1200
0.5,0.5,2,16,3.1242429622603907,1.356841478634757,1.0,0.003110081155764121,0,9.003880435085141e-05,1.1666152294958876,0.038887174316529584,1,0.695,1.2831430849720207,1200,width_N1200
0.5,0.5,2,17,3.306754698354192,1.4361053185028776,0.9983333333333333,0.012096621036344356,0,2.949291896781151e-05,1.084241933803065,0.0361413977934355,1,0.745,1.2820251680029409,1200,width_N1200
0.5,0.5,2,18,3.179515524467613,1.3808460474020081,0.9941666666666666,0.07547465443673797,0,0.001634924952176332,0.6265052813768324,0.02088350937922774,1,0.405,1.2945247567210751,1200,width_N1200
0.5,0.5,2,19,3.0218204239815805,1.3123599354377449,0.9933333333333333,0.024385788001988908,0,0.0006607896767066039,0.9627765099787688,0.032092550332625626,1,0.695,1.286430456132299,1200,width_N1200
0.55,0.44999999999999996,0,0,3.1332780145086634,1.3607653519698892,0.9908333333333333,0.046119520297332815,0,0.0024343044330328856,1.345599635307182,0.04485332117690606,1,0.665,1.3037524967656111,1200,width_N1200
0.55,0.44999999999999996,0,1,3.0963415536013774,1.3447240508168197,0.9891666666666666,0.07607852277556634,0,0.004660546677852588,1.5124191414168153,0.0504139713805605,1,0.705,1.3062768707331598,1200,width_N1200
0.55,0.44999999999999996,0,2,3.110685684102587,1.3509536275411953,0.9975,0.0365707633963612,0,0.0028050338548307064,0.9184288755702763,0.03061429585234254,1,0.685,1.3004446779534433,1200,width_N1200
0.55,0.44999999999999996,0,3,3.285670475149088,1.4269485567096845,0.995,0.02855460969518056,0,0.0024061009328966276,0.9144759253043422,0.03048253084347807,1,0.66,1.3043595485425221,1200,width_N1200
0.55,0.44999999999999996,0,4,3.1687395454678633,1.376166099185311,0.9908333333333333,0.0385425673013384,0,0.004048575320133804,1.1874461200194641,0.039581537333982134,1,0.71,1.3120071469264938,1200,width_N1200
0.55,0.44999999999999996,0,5,2.926199755944912,1.2708324069535173,0.9833333333333333,0.06973794137058147,0,0.0006828658224013718,0.905404904971413,0.030180163499047095,1,0.725,1.2840909368454374,1200,width_N1200
0.55,0.44999999999999996,0,6,3.208513215161691,1.3934395844583833,0.9991666666666666,0.04050157445680083,0,0.002481085516521545,1.0023805073867909,0.03341268357955969,1,0.695,1.3048891200827586,1200,width_N1200
0.55,0.44999999999999996,0,7,3.498798393386826,1.5195088355398612,0.9975,0.018204227533253566,0,0.002303286419870893,1.0713415887537103,0.03571138629179034,1,0.745,1.299616956046812,1200,width_N1200
0.55,0.44999999999999996,0,8,3.0361930481319868,1.3186018867967362,0.9991666666666666,0.012619856595192328,0,0.0018665015020970128,0.9737400589875156,0.03245800196625052,1,0.7,1.2967950015126941,1200,width_N1200
0.55,0.44999999999999996,0,9,3.003221634692423,1.3042825838793826,0.9983333333333333,0.05495356341753381,0,0.0020813681947433604,0.9198542195076598,0.030661807316921988,1,0.69,1.3033755304242225,1200,width_N1200
0.55,0.44999999999999996,0,10,3.1001492776078963,1.3463777243414616,0.9866666666666667,0.05682735474117026,0,0.0042638036877005615,1.2620030236428992,0.0420667674547633,1,0.76,1.3054831533904983,1200,width_N1200
0.55,0.44999999999999996,0,11,2.841493973837935,1.234045153199158,0.9825,0.09954231393191044,0,0.001583473347615487,0.6895221272483654,0.022984070908278843,1,0.725,1.296110616275616,1200,width_N1200
0.55,0.44999999999999996,0,12,3.1555782615445196,1.370450226202641,0.9966666666666667,0.01785559130695324,0,0.0022327719274790117,0.7959153679377884,0.026530512264592944,1,0.68,1.2965383411489515,1200,width_N1200
0.55,0.44999999999999996,0,13,3.3379561457083278,1.4496559349161733,0.9966666666666667,0.017627522651313583,0,0.0027773601594087635,0.9389754695374397,0.031299182317914655,1,0.705,1.3021191118688076,1200,width_N1200
0.55,0.44999999999999996,0,14,2.8915301383426244,1.255775583339148,0.99,0.08026396713522885,0,0.0018744824028056615,0.9799843615723003,0.03266614538574334,1,0.7,1.2968766051919831,1200,width_N1200
0.55,0.44999999999999996,0,15,3.007183745379922,1.3060033066876535,0.9941666666666666,0.0713926608223241,0,0.005244562836614723,1.4788007182558793,0.04929335727519597,1,0.705,1.318026868856132,1200,width_N1200
0.55,0.44999999999999996,0,16,3.1626769999487943,1.373533169120092,0.9975,0.021167553123511297,0,0.002213069160254537,1.0146079571217992,0.0338202652373933,1,0.725,1.3012776134667383,1200,width_N1200
0.55,0.44999999999999996,0,17,3.0432782405402397,1.3216789467628631,1.0,0.00569640504466777,0,0.0019343136424238815,0.9592378602240104,0.03197459534080034,1,0.71,1.298389405153813,1200,width_N1200
0.55,0.44999999999999996,0,18,2.79117811654306,1.2121932540237625,0.9583333333333334,0.2148740689077072,0,0.012097582058799926,0.41207656143498195,0.013735885381166062,1,0.49,1.2964445562081959,1200,width_N1200
0.55,0.44999999999999996,0,19,3.127439860583421,1.3582298739356546,0.9983333333333333,0.037827655329134256,0,0.001365802307822103,0.8333861480586457,0.02777953826862152,1,0.785,1.2949113755335802,1200,width_N1200
0.55,0.44999999999999996,1,0,2.6693134566704884,1.159268104702088,0.9558333333333333,0.201139893932681,0,0.03798643847357584,4.006512368875298,0.13355041229584325,1,1.0,1.3579490018501776,1200,width_N1200
0.55,0.44999999999999996,1,1,3.456554856734305,1.5011627006755937,0.9966666666666667,0.015012383744538641,0,0.0009661734826594461,0.6778389832292953,0.02259463277430984,1,0.435,1.2615985677441273,1200,width_N1200
0.55,0.44999999999999996,1,2,2.9582985795413403,1.2847727489170317,0.9966666666666667,0.044101005439066615,0,0.0007405790250811523,0.6731330978282712,0.022437769927609038,1,0.415,1.2656254998933547,1200,width_N1200
0.55,0.44999999999999996,1,3,3.185657172557597,1.3835133312772796,0.9975,0.029096079336968873,0,0.00028551291428352294,0.766027637683786,0.02553425458945953,1,0.445,1.2702863868989105,1200,width_N1200
0.55,0.44999999999999996,1,4,3.024017267399318,1.3133140124116738,0.995,0.03830741258948296,0,0.00028330301608729246,0.7110103600402373,0.023700345334674574,1,0.42,1.2722155003785947,1200,width_N1200
0.55,0.44999999999999996,1,5,3.0621697155265397,1.3298834101044266,0.995,0.022070009138884468,0,0.0008140312820267819,0.6873018772570572,0.022910062575235236,1,0.445,1.2624438034665613,1200,width_N1200
0.55,0.44999999999999996,1,6,3.0721871573110593,1.3342339297942303,0.995,0.021175529773549587,0,0.0006686471650620453,0.8700305285916254,0.029001017619720845,1,0.395,1.2645246064046876,1200,width_N1200
0.55,0.44999999999999996,1,7,3.2686049790991105,1.4195371059442372,0.9975,0.040163116169308254,0,0.00014836042736071729,0.8117511822010981,0.0270583727400366,1,0.435,1.2729960467331454,1200,width_N1200
0.55,0.44999999999999996,1,8,3.2347228787715983,1.4048222967367066,1.0,0.00896025863928175,0,0.0008219961982786281,0.6969516356114036,0.023231721187046785,1,0.435,1.2630766750528386,1200,width_N1200
0.55,0.44999999999999996,1,9,3.137697455623031,1.3626846908589558,0.9983333333333333,0.01495039860773077,0,0.00048256833515189935,0.7712631376764534,0.025708771255881776,1,0.395,1.2666456520408653,1200,width_N1200
0.55,0.44999999999999996,1,10,3.1032305144632786,1.3477158885051912,0.9966666666666667,0.026751497397666288,0,0.0007019719345211211,0.835366102632662,0.02784553675442206,1,0.335,1.2656747839561187,1200,width_N1200
0.55,0.44999999999999996,1,11,3.030252317506757,1.316021860267725,0.995,0.05390085339815909,0,0.00011767525442837705,0.9531937677195956,0.031773125590653185,1,0.46,1.282974174488005,1200,width_N1200
0.55,0.44999999999999996,1,12,3.1386562140703917,1.3631010743621224,0.9941666666666666,0.022032404229348088,0,0.0005102713873409618,0.6768983726445743,0.022563279088152473,1,0.465,1.270656866178593,1200,width_N1200
0.55,0.44999999999999996,1,13,3.027962170763083,1.3150272621741987,0.9983333333333333,0.05419427535506533,0,0.0006147703913986825,0.5382964981849481,0.017943216606164932,1,0.46,1.2752841709415688,1200,width_N1200
0.55,0.44999999999999996,1,14,3.117177947393444,1.3537731816634777,0.9975,0.07412979894028031,0,0.00026674212797837566,0.7856542959455204,0.026188476531517343,1,0.425,1.2701594056066776,1200,width_N1200
0.55,0.44999999999999996,1,15,3.145088101556764,1.3658944076056765,0.9966666666666667,0.037068067107341916,0,0.0008467186889949598,0.6430474281277021,0.0214349142709234,1,0.415,1.2627324721964948,1200,width_N1200
0.55,0.44999999999999996,1,16,2.9152483887990104,1.266076288632756,0.9683333333333334,0.10284259676753744,0,0.005886602257984002,1.9780298677323338,0.06593432892441112,1,0.675,1.2887308458160238,1200,width_N1200
0.55,0.44999999999999996,1,17,2.9570640816731664,1.2842366133049627,0.9808333333333333,0.11204447964784305,0,0.0005452506343076782,1.1544719054920383,0.038482396849734604,1,0.49,1.272044010858489,1200,width_N1200
0.55,0.44999999999999996,1,18,3.2839934738786414,1.4262202443117844,0.9983333333333333,0.030585598663139233,0,0.00042914410047782073,0.638337711334841,0.021277923711161363,1,0.435,1.270266655357158,1200,width_N1200
0.55,0.44999999999999996,1,19,3.214537094125582,1.396055721852054,1.0,0.020104946178022984,0,0.0006608894914778146,0.780708639068245,0.026023621302274827,1,0.445,1.265110587741884,1200,width_N1200
0.55,0.44999999999999996,2,0,3.1987747535621427,1.389210224323473,0.9975,0.0409358090335945,0,0.00016673236473474458,1.30346947016034,0.04344898233867799,1,0.77,1.2809319325768451,1200,width_N1200
0.55,0.44999999999999996,2,1,3.0896828812374935,1.3418322261523836,0.9683333333333334,0.06699538407946407,0,0.011595831078716375,2.5383540035662344,0.08461180011887447,1,0.67,1.3318478453076903,1200,width_N1200
0.55,0.44999999999999996,2,2,3.0818813030723984,1.338444043805146,0.99,0.05055458108160488,0,0.0011650604051021193,0.8252462220494028,0.027508207401646754,1,0.785,1.2945658490431153,1200,width_N1200
0.55,0.44999999999999996,2,3,3.1232924038125507,1.3564286563461336,0.9966666666666667,0.06207622061385848,0,0.0014214952874142765,0.7661617602771009,0.025538725342570026,1,0.655,1.2971751255110064,1200,width_N1200
0.55,0.44999999999999996,2,4,3.2175786627372602,1.3973766583164362,0.9983333333333333,0.02592217906720185,0,9.862468812780242e-05,1.1118945879970865,0.03706315293323621,1,0.7,1.2848100080003517,1200,width_N1200
0.55,0.44999999999999996,2,5,2.7845063101808942,1.2092957253363465,0.9825,0.1856985809626299,0,0.022174468981327647,0.4241240188848805,0.01413746729616268,1,0.665,1.333442351218777,1200,width_N1200
0.55,0.44999999999999996,2,6,2.931935843404725,1.2733235580850286,0.9866666666666667,0.04779848466307291,0,0.000593426204593143,1.0886499088088863,0.03628833029362954,1,0.69,1.2901471142155034,1200,width_N1200
0.55,0.44999999999999996,2,7,3.2127433549241045,1.395276710814879,0.9808333333333333,0.07307805239028703,0,0.000741495259445902,1.7756977809362862,0.05918992603120953,1,0.665,1.2879831750504724,1200,width_N1200
0.55,0.44999999999999996,2,8,3.1910737707385595,1.3858657299779589,0.9941666666666666,0.04291210557295971,0,0.00025091666798550145,0.8089843060484048,0.02696614353494682,1,0.73,1.2857180438242353,1200,width_N1200
0.55,0.44999999999999996,2,9,3.019510730461494,1.3113568482870839,0.9725,0.14177835673067557,0,0.0007467601879035954,1.5506888092460314,0.0516896269748677,1,0.475,1.2876020203300622,1200,width_N1200
0.55,0.44999999999999996,2,10,3.0447420032767454,1.322314650842143,0.9958333333333333,0.07330813980307002,0,0.00020020980437085922,1.187756465433043,0.03959188218110143,1,0.755,1.2877736981232122,1200,width_N1200
0.55,0.44999999999999996,2,11,3.219659859548317,1.3982805106072327,0.9975,0.020824008020005096,0,9.998354830161385e-05,1.1647544212707917,0.03882514737569305,1,0.695,1.284807109894615,1200,width_N1200
0.55,0.44999999999999996,2,12,3.160881446440668,1.372753370139551,0.9983333333333333,0.013498417045515361,0,0.00020660008370734003,1.3400561297246594,0.04466853765748864,1,0.705,1.283587553030976,1200,width_N1200
0.55,0.44999999999999996,2,13,2.9502305511352866,1.2812688487004442,0.9908333333333333,0.06739392766514889,0,0.0005839542723922895,1.1874467222859952,0.03958155740953317,1,0.715,1.276826872134717,1200,width_N1200
0.55,0.44999999999999996,2,14,2.9260448671842303,1.2707651396194444,0.9741666666666666,0.11230244932218678,0,0.010456120035969158,2.3133552340841304,0.07711184113613766,1,0.71,1.328633826741256,1200,width_N1200
0.55,0.44999999999999996,2,15,3.2190803901726746,1.3980288502549594,0.9983333333333333,0.030238783465273058,0,0.00025414410712389524,1.2210308650568935,0.040701028835229774,1,0.695,1.282798762796707,1200,width_N1200
0.55,0.44999999999999996,2,16,3.1573491051455265,1.3712192938068721,1.0,0.013161532879609599,0,8.711436830112219e-05,1.1116824567985406,0.03705608189328468,1,0.695,1.2834423763636829,1200,width_N1200
0.55,0.44999999999999996,2,17,3.1980247092856406,1.3888844842330048,0.9941666666666666,0.04414809507765432,0,0.0002597963959777316,1.0634707037200875,0.03544902345733624,1,0.745,1.287890134206991,1200,width_N1200
0.55,0.44999999999999996,2,18,3.2703889236204424,1.4203118632058733,0.9941666666666666,0.053123388297296466,0,0.0001911333138529766,0.744143621741189,0.024804787391372964,1,0.69,1.2811330398543197,1200,width_N1200
0.55,0.44999999999999996,2,19,2.836882703296581,1.232042503848485,0.9633333333333334,0.13257849462831447,0,0.005864803923664855,4.090286482850752,0.13634288276169174,1,0.695,1.2737755037516902,1200,width_N1200
0.6,0.4,0,0,2.9468358277889206,1.2797945390835295,0.9875,0.099435556200406,0,0.007859608024531135,1.1521776711306664,0.03840592237102221,1,0.665,1.3211121093772324,1200,width_N1200
0.6,0.4,0,1,2.9537092902332076,1.2827796458946523,0.9941666666666666,0.04342648433868649,0,0.0014735366252889505,0.8732664892117492,0.029108882973724968,1,0.705,1.2913102250049429,1200,width_N1200
0.6,0.4,0,2,3.1584927630545705,1.371715978125955,0.9975,0.015565550069774113,0,0.00213351207481055,0.9424742833205657,0.03141580944401885,1,0.685,1.2978514161568506,1200,width_N1200
0.6,0.4,0,3,3.305266337613233,1.4354589316459974,0.9933333333333333,0.0412248506901663,0,0.0018977169067445534,0.9136488269231136,0.030454960897437114,1,0.66,1.301843943671225,1200,width_N1200
0.6,0.4,0,4,3.3723890914254064,1.4646099732367748,0.9833333333333333,0.0864456168680094,0,0.006922792385319697,0.8708271811454282,0.029027572704847602,1,0.425,1.3112174783004402,1200,width_N1200
0.6,0.4,0,5,3.102722238663661,1.3474951471301324,0.9966666666666667,0.04356200598806913,0,0.0027167624611584493,1.3538611585182325,0.04512870528394108,1,0.725,1.3026651179330657,1200,width_N1200
0.6,0.4,0,6,3.2211026424412355,1.3989071032562115,0.9991666666666666,0.01836855419084763,0,0.0018326560505162424,0.9671045017319635,0.03223681672439878,1,0.695,1.2980186495709465,1200,width_N1200
0.6,0.4,0,7,3.286788497146601,1.4274341074938501,0.9966666666666667,0.034786514429241,0,0.0032143426891647897,1.0276225067494649,0.03425408355831549,1,0.745,1.304272986950054,1200,width_N1200
0.6,0.4,0,8,3.140117604068313,1.3637357479741286,0.9991666666666666,0.04806168835119006,0,0.0015588815637355995,0.9461453283645171,0.03153817761215057,1,0.7,1.290782412074135,1200,width_N1200
0.6,0.4,0,9,2.999926281230513,1.3028514300549545,0.9633333333333334,0.0935741666941742,0,0.002039124262459186,2.0511027200763032,0.0683700906692101,1,0.39,1.2820989603589654,1200,width_N1200
0.6,0.4,0,10,3.1041801179405346,1.3481282960553598,0.98,0.130034725587155,0,0.014950371097125874,0.7463217002871891,0.024877390009572967,1,0.47,1.3106415561044935,1200,width_N1200
0.6,0.4,0,11,2.9335600970802638,1.2740289624935262,0.9733333333333334,0.1525787086478088,0,0.0042762586565768985,1.674319969368493,0.055810665645616424,1,0.725,1.262542480257079,1200,width_N1200
0.6,0.4,0,12,2.8892080062405983,1.2547670941809876,0.9733333333333334,0.14849307935715284,0,0.015005816172842837,0.9120801781962617,0.030402672606542055,1,0.68,1.294439879330902,1200,width_N1200
0.6,0.4,0,13,3.04226533035248,1.3212390454576557,0.9933333333333333,0.060639703973086496,0,0.00457424909210237,1.381009680815004,0.046033656027166796,1,0.705,1.3152112539483416,1200,width_N1200
0.6,0.4,0,14,3.212133587233229,1.3950118920714887,0.9975,0.051673868377419795,0,0.0025807162141693804,0.8430111678091268,0.02810037226030422,1,0.7,1.3001299048664714,1200,width_N1200
0.6,0.4,0,15,3.0124711713154495,1.3082996065949253,0.9933333333333333,0.0778560566789533,0,0.003916982633654451,1.3410614010292088,0.04470204670097362,1,0.705,1.3090748970397117,1200,width_N1200
0.6,0.4,0,16,3.180196364931808,1.3811417326586641,0.9991666666666666,0.02141534658898457,0,0.0015849325047244314,0.9669956230762999,0.03223318743587666,1,0.725,1.2965174722322674,1200,width_N1200
0.6,0.4,0,17,3.1909366046550907,1.3858061595048041,1.0,0.01037648397674719,0,0.0018204417101256847,0.9919820558634329,0.03306606852878109,1,0.71,1.298278445236717,1200,width_N1200
0.6,0.4,0,18,3.12373025624773,1.3566188132426196,0.9958333333333333,0.02425074340367473,0,0.0022855433381013326,0.9271211856523742,0.030904039521745804,1,0.72,1.3006752651496292,1200,width_N1200
0.6,0.4,0,19,3.1509209027797778,1.36842756099087,0.9933333333333333,0.06581662458951368,0,0.002857409066118092,1.4076266703766105,0.046920889012553674,1,0.785,1.3086944024506133,1200,width_N1200
0.6,0.4,1,0,3.0257284960874737,1.3140571895882147,0.9983333333333333,0.022619802399698512,0,0.0007761963524724001,0.6772731279061639,0.02257577093020546,1,0.43,1.2635001854284176,1200,width_N1200
0.6,0.4,1,1,3.0106276353409522,1.3074989690940109,0.9758333333333333,0.0942967817299002,0,0.0032371418864213606,0.3521624085521535,0.01173874695173845,1,0.435,1.2482556374900278,1200,width_N1200
0.6,0.4,1,2,3.0111360410839163,1.3077197669027478,0.9933333333333333,0.03639795353683835,0,0.0005944402129042445,0.7583482137369202,0.025278273791230668,1,0.415,1.265567919462218,1200,width_N1200
0.6,0.4,1,3,3.1559278894363203,1.3706020676667696,0.9983333333333333,0.02501790693010884,0,0.0008619445662422977,0.7030500938623951,0.023435003128746502,1,0.445,1.2634074726402031,1200,width_N1200
0.6,0.4,1,4,3.500414783244672,1.520210824735728,0.9991666666666666,0.02054669138256963,0,0.0009160564814392896,0.7836561547435505,0.026121871824785016,1,0.42,1.2613403162429668,1200,width_N1200
0.6,0.4,1,5,3.0348982195250724,1.3180395498777426,0.9891666666666666,0.07268533413264332,0,0.0005842845327939297,0.6526620491197233,0.021755401637324104,1,0.445,1.2662997452364286,1200,width_N1200
0.6,0.4,1,6,2.4852761260124536,1.0793417075330993,0.915,0.34478185287140606,0,0.011709102067954088,3.8951442892147026,0.1298381429738234,1,0.68,1.3069115034519456,1200,width_N1200
0.6,0.4,1,7,3.1555009085412977,1.3704166322201832,0.9966666666666667,0.04633703626553975,0,0.0010392824629341102,0.8661918470351304,0.028873061567837675,1,0.715,1.2646771481229029,1200,width_N1200
0.6,0.4,1,8,3.0720630363837413,1.3341800247604074,0.9791666666666666,0.09774944324007737,0,0.0032560612311470817,0.7176576441957239,0.02392192147319079,1,0.435,1.2432261212474887,1200,width_N1200
0.6,0.4,1,9,2.930816589914231,1.272837472470256,0.9875,0.12527793244175156,0,0.002420873079384778,1.9780453487720395,0.06593484495906797,1,0.69,1.2868558452850423,1200,width_N1200
0.6,0.4,1,10,3.1364700447453364,1.362151633087745,0.9933333333333333,0.06218398364354193,0,0.0016152218418921827,0.5966649006021507,0.019888830020071687,1,0.695,1.2654328680792708,1200,width_N1200
0.6,0.4,1,11,3.2127091757423707,1.3952618669848562,0.9916666666666667,0.0401660008303465,0,0.0008314893036381298,0.7436973218677811,0.024789910728926036,1,0.46,1.2624664350056098,1200,width_N1200
0.6,0.4,1,12,2.9045311086433183,1.2614218330001274,0.995,0.06582446148530785,0,0.0007678678699912867,0.5337461984884107,0.017791539949613685,1,0.465,1.271069758574608,1200,width_N1200
0.6,0.4,1,13,3.2445711373327284,1.4090993410861616,0.995,0.04071158570696491,0,0.0016721907011568518,0.6445436697353868,0.021484788991179556,1,0.46,1.255021322669558,1200,width_N1200
0.6,0.4,1,14,2.8740730753937145,1.2481940772301987,0.9733333333333334,0.17671855253983024,0,0.004746528068527556,2.492700847337753,0.08309002824459176,1,0.665,1.2947166327327113,1200,width_N1200
0.6,0.4,1,15,3.2291150664341144,1.4023868547829883,0.9975,0.037689249161134926,0,0.0006381080480280625,0.6875389218116923,0.02291796406038974,1,0.415,1.26602237208962,1200,width_N1200
0.6,0.4,1,16,3.0308979832444494,1.316302269334759,0.9958333333333333,0.06724290446533408,0,0.0007813460999451772,0.503688966897814,0.016789632229927128,1,0.435,1.2715423258548169,1200,width_N1200
0.6,0.4,1,17,2.855712955459047,1.2402203784554906,0.9833333333333333,0.1652976985181823,0,0.007650395134480852,2.478340095300491,0.08261133651001634,1,0.7,1.2966708291833178,1200,width_N1200
0.6,0.4,1,18,3.0794170305791653,1.3373738238594284,0.9991666666666666,0.03465913377969313,0,0.0009233291557328455,0.6259380476565324,0.020864601588551076,1,0.435,1.2664794780744564,1200,width_N1200
0.6,0.4,1,19,2.893197748011324,1.2564998170162327,0.9875,0.10834617455061533,0,0.003200304315344552,0.8769090882340735,0.02923030294113578,1,0.445,1.2541227389742389,1200,width_N1200
0.6,0.4,2,0,2.8756246891422905,1.2488679345192504,0.9616666666666667,0.14217218644597399,0,0.006426011303043478,2.62758674195363,0.08758622473178766,1,0.77,1.3207080417879475,1200,width_N1200
0.6,0.4,2,1,2.9946349740804785,1.3005534445576392,0.9983333333333333,0.047556161963371694,0,3.837734378638302e-05,1.0752148888316937,0.03584049629438978,1,0.67,1.2818018254538501,1200,width_N1200
0.6,0.4,2,2,2.984204256721398,1.2960234415662981,0.9816666666666667,0.07590436114686507,0,0.00039837991479846715,1.398466198451409,0.046615539948380295,1,0.785,1.2880982085924448,1200,width_N1200
0.6,0.4,2,3,2.9158235309615574,1.2663260697002598,0.9975,0.06242841303338027,0,0.0006431406780032477,1.660974360400369,0.055365812013345624,1,0.655,1.2897587819888539,1200,width_N1200
0.6,0.4,2,4,3.022406258813434,1.312614360272526,0.9966666666666667,0.03346061976889644,0,0.00012008463328153042,1.1390222218753354,0.03796740739584451,1,0.7,1.2857575961278789,1200,width_N1200
0.6,0.4,2,5,3.036893612900726,1.3189061382100151,0.9941666666666666,0.03879248751787528,0,0.000408060798134287,1.111125525927703,0.03703751753092343,1,0.665,1.2916471862077048,1200,width_N1200
0.6,0.4,2,6,3.554144032478139,1.5435451411946277,0.9975,0.024098556477253535,0,5.1895679480265825e-05,0.9385866976105384,0.03128622325368461,1,0.69,1.2808108799262286,1200,width_N1200
0.6,0.4,2,7,3.0761790413235737,1.3359675829932633,0.9958333333333333,0.04820234695218407,0,0.0010110789364569054,0.8381927856160654,0.02793975952053551,1,0.665,1.2950370147274155,1200,width_N1200
0.6,0.4,2,8,3.0528757796945607,1.325847105057435,0.9816666666666667,0.07652819416455701,0,0.0020907127864494804,1.8633859941135922,0.06211286647045306,1,0.73,1.2979291403811635,1200,width_N1200
0.6,0.4,2,9,2.6520986459750824,1.1517918074100642,0.9625,0.18851621058832,0,0.0009273324847805494,0.7328114062090441,0.024427046873634797,1,0.745,1.28953843372855,1200,width_N1200
0.6,0.4,2,10,3.104192201517843,1.3481335438863062,0.9966666666666667,0.026649891641636093,0,0.00023807364567653274,1.3104032298721147,0.043680107662403815,1,0.755,1.2866798236990726,1200,width_N1200
0.6,0.4,2,11,2.4962447942326826,1.0841053396149722,0.9525,0.30043558791603725,0,0.0686837690422282,7.955764817902644,0.26519216059675477,0,1.0,1.370051309596983,1200,width_N1200
0.6,0.4,2,12,3.0979943989280163,1.345441872421619,0.9941666666666666,0.0879629491027759,0,0.0005185299117212222,0.8529043879843434,0.028430146266144776,1,0.46,1.2773502207963365,1200,width_N1200
0.6,0.4,2,13,2.9920949304882485,1.2994503176417402,0.9858333333333333,0.06194633846745388,0,0.0012583635775312296,1.244692284854454,0.04148974282848179,1,0.715,1.2950754994670277,1200,width_N1200
0.6,0.4,2,14,3.1756839510567625,1.379182016212668,0.9858333333333333,0.1300549586565534,0,0.0035221848441477277,0.8587065724082521,0.028623552413608398,1,0.71,1.2965093233596163,1200,width_N1200
0.6,0.4,2,15,2.9657742708684287,1.2880194004087986,0.9933333333333333,0.08281304691653596,0,0.0006498151237614418,0.9617779293033368,0.032059264310111225,1,0.695,1.2925502473034043,1200,width_N1200
0.6,0.4,2,16,3.124155157292337,1.3568033454216475,0.9941666666666666,0.07372913580830162,0,0.0004930877328083007,0.7157043337367219,0.023856811124557394,1,0.695,1.2870830361619991,1200,width_N1200
0.6,0.4,2,17,3.184098432340386,1.382836379002224,0.9975,0.0505117650545537,0,0.00031107603198783423,1.401830473564969,0.046727682452165624,1,0.745,1.2873375335564203,1200,width_N1200
0.6,0.4,2,18,3.041792896407373,1.3210338700022317,0.9775,0.11672668878784885,0,0.004283135752491417,0.5540323666551494,0.018467745555171645,1,0.405,1.3043291289279058,1200,width_N1200
0.6,0.4,2,19,3.1666202128477816,1.375245684723092,0.9916666666666667,0.029136540454134448,0,0.0006636821078476213,1.7425942671525807,0.05808647557175268,1,0.695,1.2870485571268568,1200,width_N1200
0.65,0.35,0,0,3.028087099320495,1.315081517957315,0.9858333333333333,0.16752837428500097,0,0.00950600064189407,0.6452808466246684,0.02150936155415561,1,0.665,1.2915858655595653,1200,width_N1200
0.65,0.35,0,1,2.8343534690505936,1.230944071372012,0.9425,0.1834023812095874,0,0.029525397890534974,0.42207261652514316,0.01406908721750477,1,0.705,1.3344307309234689,1200,width_N1200
0.65,0.35,0,2,2.589967183816491,1.124808456242007,0.9658333333333333,0.2653753929291191,0,0.004468486446700313,0.34945538686136923,0.011648512895378972,1,0.39,1.2917793684884369,1200,width_N1200
0.65,0.35,0,3,2.976619758950145,1.2927295360362352,0.9633333333333334,0.09177262299112068,0,0.001349101595291025,1.2099611391292953,0.0403320379709765,1,0.66,1.2774074277488476,1200,width_N1200
0.65,0.35,0,4,3.020949778328524,1.31198181883493,0.9866666666666667,0.10936981516268443,0,0.008190732008510275,0.8236046357667448,0.027453487858891488,1,0.71,1.3010197278129396,1200,width_N1200
0.65,0.35,0,5,2.960032754430498,1.2855258915020484,0.9633333333333334,0.14103144282580624,0,0.007758960644444155,1.4090624201350932,0.04696874733783643,1,0.725,1.2826514209681728,1200,width_N1200
0.65,0.35,0,6,3.094199986514604,1.3437939800484087,0.9925,0.05013081234689436,0,0.0021553370775669514,0.8499824865535965,0.028332749551786548,1,0.695,1.2998517231847388,1200,width_N1200
0.65,0.35,0,7,2.7281408360099033,1.1848165109340252,0.9483333333333334,0.17406686195452917,0,0.024142520664716574,2.9235250972509563,0.09745083657503187,1,0.745,1.3528293376832616,1200,width_N1200
0.65,0.35,0,8,2.802948655185266,1.217305134005101,0.9658333333333333,0.22074759138429215,0,0.026158698136813312,4.139678706961575,0.13798929023205248,1,1.0,1.3543077895894728,1200,width_N1200
0.65,0.35,0,9,2.858268759306224,1.2413303499631467,0.9883333333333333,0.11625497600559238,0,0.004559058545113442,1.248752045347007,0.041625068178233554,1,0.69,1.3144201483654814,1200,width_N1200
0.65,0.35,0,10,2.8839483561294244,1.2524828571609632,0.9341666666666667,0.18459092800843882,0,0.032863502369982436,1.1258085261283413,0.0375269508709447,1,0.47,1.3223267074577794,1200,width_N1200
0.65,0.35,0,11,2.6169874695376296,1.1365432172301468,0.9325,0.20135721027186748,0,0.0052936429257926625,0.19452015417332214,0.006484005139110737,1,0.465,1.2661695026362312,1200,width_N1200
0.65,0.35,0,12,2.6054986784259624,1.1315536986466104,0.7875,0.30877294880086165,0,0.007072216187206746,0.32034862690520916,0.01067828756350697,1,0.4,1.267055029391698,1200,width_N1200
0.65,0.35,0,13,3.198797813399166,1.3892202390834454,0.9916666666666667,0.057228784667143616,0,0.0040311054924793595,1.1889240264131795,0.03963080088043931,1,0.705,1.3135400517443645,1200,width_N1200
0.65,0.35,0,14,3.132771610237215,1.360545423389187,0.9966666666666667,0.051725696859669365,0,0.001683796743699461,0.9923505144623868,0.033078350482079556,1,0.7,1.3004462470147324,1200,width_N1200
0.65,0.35,0,15,2.6887194264531185,1.1676960102946654,0.9575,0.18027724113817722,0,0.02729708851887474,0.1715560421611806,0.005718534738706019,1,0.485,1.3205184145001672,1200,width_N1200
0.65,0.35,0,16,2.9440975996863057,1.2786053417283711,0.99,0.059605836859610725,0,0.002812871517610411,0.8687131730999331,0.028957105769997767,1,0.725,1.3010910111718639,1200,width_N1200
0.65,0.35,0,17,3.0908953270417086,1.3423587846747607,0.9808333333333333,0.06080604489450186,0,0.005728431144545285,0.8562195253286498,0.02854065084428832,1,0.71,1.3123034392514485,1200,width_N1200
0.65,0.35,0,18,2.987339002524439,1.2973848443707283,0.9683333333333334,0.14574528503310627,0,0.009457675994757421,0.5831563123069594,0.019438543743565313,1,0.72,1.3180122158698573,1200,width_N1200
0.65,0.35,0,19,3.2308341123729627,1.4031334269483682,0.985,0.10328903293094814,0,0.002820289213289258,0.5531957198913418,0.01843985732971139,1,0.785,1.2931199103559274,1200,width_N1200
0.65,0.35,1,0,2.647763407085726,1.149909037082684,0.9508333333333333,0.24905685723777887,0,0.01077526643714522,4.5980114797145255,0.1532670493238175,1,0.635,1.2832337121218957,1200,width_N1200
0.65,0.35,1,1,3.0607884313666123,1.3292835260158296,0.9833333333333333,0.05018807890382827,0,0.0013273848317164137,0.533917482210422,0.017797249407014066,1,0.435,1.2587301366062944,1200,width_N1200
0.65,0.35,1,2,2.608760323041858,1.1329702129052235,0.8658333333333333,0.2560900072363113,0,0.10307324416699154,10.730304795150348,0.35767682650501154,0,1.0,1.3722042291337435,1200,width_N1200
0.65,0.35,1,3,2.962221272113644,1.2864763526553864,0.9958333333333333,0.03416861850694364,0,0.0007474043970023122,0.6709256258519203,0.02236418752839734,1,0.445,1.2634407418470257,1200,width_N1200
0.65,0.35,1,4,2.9382779676011768,1.2760779076270925,0.9925,0.058311276013280074,0,0.0009762709699453406,0.6420704571179991,0.021402348570599968,1,0.42,1.2613560675845705,1200,width_N1200
0.65,0.35,1,5,2.7007740747425593,1.1729312775280538,0.9425,0.1972051621788724,0,0.004564016151417898,0.25454798878656315,0.008484932959552103,1,0.445,1.2852623027400938,1200,width_N1200
0.65,0.35,1,6,3.0206988441261586,1.3118728394955217,0.9891666666666666,0.06849312594122224,0,0.0017893277511795008,0.5135725546667136,0.01711908515555712,1,0.395,1.2571413037944408,1200,width_N1200
0.65,0.35,1,7,3.095377730168736,1.3443054676184947,0.9933333333333333,0.05907688981374565,0,0.000947638655509099,0.6450670428177707,0.021502234760592355,1,0.435,1.2665084536115825,1200,width_N1200
0.65,0.35,1,8,3.2401607217483077,1.4071839219349476,1.0,0.013577336321893145,0,0.0006507725331738653,0.7168689033828446,0.023895630112761482,1,0.435,1.2648891770350064,1200,width_N1200
0.65,0.35,1,9,2.6959677031158513,1.1708438968525983,0.9875,0.16897933124504871,0,0.0034834470956508386,0.8507613684627546,0.028358712282091816,1,0.395,1.2569407124678689,1200,width_N1200
0.65,0.35,1,10,2.672502626983387,1.1606531437708292,0.8383333333333334,0.2239640510831861,0,0.015343607520776716,0.19850471473372155,0.006616823824457384,1,0.695,1.3090132373539736,1200,width_N1200
0.65,0.35,1,11,2.9999510316968108,1.3028621790458919,0.995,0.05137072433416353,0,0.0013833231498113635,0.4754356035518159,0.015847853451727196,1,0.46,1.2612793127938773,1200,width_N1200
0.65,0.35,1,12,2.6615996211850166,1.155918028516438,0.9708333333333333,0.2390746425467112,0,0.001481974972358963,1.4330389959841539,0.04776796653280512,1,0.755,1.3015058979428231,1200,width_N1200
0.65,0.35,1,13,2.4349074924744163,1.0574668879265225,0.935,0.3190625007079422,0,0.025648255875303484,3.583280326027766,0.11944267753425884,1,0.7,1.3161201618271459,1200,width_N1200
0.65,0.35,1,14,2.8703006394236077,1.2465557291050482,0.9825,0.13124061751456717,0,0.00222826495007574,1.38311147885527,0.04610371596184233,1,0.425,1.2763188016988065,1200,width_N1200
0.65,0.35,1,15,2.8907439749575317,1.2554341569191279,0.9808333333333333,0.07927025286552875,0,0.0006358930753547183,1.029659551822576,0.03432198506075253,1,0.415,1.282328919432531,1200,width_N1200
0.65,0.35,1,16,3.140742079835999,1.364006954354117,0.9925,0.0415807128608421,0,0.0015205735520774713,0.5534832751572294,0.018449442505240977,1,0.675,1.268525007726592,1200,width_N1200
0.65,0.35,1,17,2.9377969243976954,1.2758689932182636,0.97,0.11150688428011968,0,0.0007238460582329569,0.9310633204365204,0.031035444014550675,1,0.49,1.2891597868595066,1200,width_N1200
0.65,0.35,1,18,3.1614746021472016,1.373010974389808,0.9958333333333333,0.03183097195968048,0,0.0009153015858410531,0.6910420555984897,0.02303473518661632,1,0.435,1.2613902156657815,1200,width_N1200
0.65,0.35,1,19,2.9435978892900456,1.2783883202607258,0.9908333333333333,0.1051349314588623,0,0.001476979674070092,0.4337849227580792,0.014459497425269306,1,0.445,1.2621406636870314,1200,width_N1200
0.65,0.35,2,0,2.974542621080485,1.2918274465212898,0.9883333333333333,0.06030953788818925,0,0.000996269207271791,1.1275517972143156,0.03758505990714385,1,0.77,1.2656141100555538,1200,width_N1200
0.65,0.35,2,1,3.127899342268609,1.3584294242960675,0.9841666666666666,0.05565168222084606,0,0.0006731106135517669,1.3496380077344883,0.0449879335911496,1,0.67,1.2795205033721637,1200,width_N1200
0.65,0.35,2,2,2.9634360535464506,1.2870039255283727,0.9958333333333333,0.03319228711854002,0,0.0003770621542421324,1.3095717007615526,0.04365239002538508,1,0.785,1.2861317951545623,1200,width_N1200
0.65,0.35,2,3,3.243435402143388,1.408606097560528,0.9866666666666667,0.05283363794828332,0,0.0005275852044400861,1.3855066861309162,0.04618355620436387,1,0.655,1.2760250288449557,1200,width_N1200
0.65,0.35,2,4,2.8335450138377714,1.2305929637342174,0.965,0.13763511262108372,0,0.0023517898027848715,1.1316133564496678,0.03772044521498892,1,0.41,1.2711278510804032,1200,width_N1200
0.65,0.35,2,5,3.0814531613140272,1.338258104202013,0.9716666666666667,0.07985963025927413,0,0.0010916154203580736,1.1548504715057917,0.03849501571685972,1,0.38,1.282426543687304,1200,width_N1200
0.65,0.35,2,6,2.974894406682162,1.2919802250669112,0.9166666666666666,0.16295164021363234,0,0.025924597233884007,0.03553174783203494,0.0011843915944011647,1,0.22,1.2377184138938526,1200,width_N1200
0.65,0.35,2,7,2.472830714511925,1.0739367339934047,0.9683333333333334,0.24992114456849635,0,0.006376409943880525,0.884455649831728,0.02948185499439093,1,0.665,1.2637616070518387,1200,width_N1200
0.65,0.35,2,8,2.947691616784351,1.2801662035219186,0.9891666666666666,0.09181087996116029,0,0.00046914839497351653,1.5424806323402707,0.051416021078009015,1,0.73,1.2881959735303607,1200,width_N1200
0.65,0.35,2,9,2.8901499144685263,1.255176159726836,0.9691666666666666,0.20113094912483764,0,0.00276262019204266,2.8166015127913226,0.09388671709304407,1,0.745,1.2833839691312738,1200,width_N1200
0.65,0.35,2,10,3.0145423258099617,1.309199097563061,0.9891666666666666,0.1007187940773579,0,0.0035967143785870445,2.1545213752590997,0.07181737917530331,1,0.755,1.296855122117847,1200,width_N1200
0.65,0.35,2,11,2.642497112817798,1.147621914542044,0.9425,0.30189609796309097,0,0.06241574429194091,9.917788489752866,0.3305929496584288,0,0.46,1.2883792615602427,1200,width_N1200
0.65,0.35,2,12,3.0193914776541004,1.311305057450881,0.9641666666666666,0.12267999043851185,0,0.004487753709508647,3.3712085076318066,0.1123736169210602,1,0.705,1.276819655045018,1200,width_N1200
0.65,0.35,2,13,2.9093372753035065,1.2635091246597547,0.9816666666666667,0.14275874687642368,0,0.004401981058480598,1.6445276532824071,0.054817588442746895,1,0.715,1.3160917886822874,1200,width_N1200
0.65,0.35,2,14,2.76463821634124,1.200667121815849,0.9491666666666667,0.18845718268847977,0,0.0027041233853590287,2.869538230749513,0.09565127435831709,1,0.71,1.282061753966624,1200,width_N1200
0.65,0.35,2,15,2.9534619586729605,1.2826722311628367,0.9658333333333333,0.16730300270570025,0,0.005527425909632084,0.5988490986853778,0.019961636622845925,1,0.695,1.3109496649676158,1200,width_N1200
0.65,0.35,2,16,2.4705923102963565,1.072964607394314,0.7566666666666667,0.30384373895211164,0,0.07686671937847672,0.12227198439095366,0.004075732813031788,1,0.445,1.2922309489441375,1200,width_N1200
0.65,0.35,2,17,3.3002139773584336,1.4332647194667507,0.995,0.054276486723692896,0,0.0007746342475789471,1.5793884825424709,0.05264628275141569,1,0.45,1.2812093527066515,1200,width_N1200
0.65,0.35,2,18,2.6335624706610226,1.1437416487555765,0.9608333333333333,0.2781375211909159,0,0.016773039994328887,1.3401175029930268,0.04467058343310089,1,0.69,1.3381893492275303,1200,width_N1200
0.65,0.35,2,19,3.0636712158407255,1.3305355034054533,0.9958333333333333,0.04518238503414553,0,9.808818928110926e-05,1.2057638332000575,0.040192127773335244,1,0.695,1.2803110261729775,1200,width_N1200
0.7,0.30000000000000004,0,0,2.849466161978235,1.2375074305171847,0.8966666666666666,0.2124910193656396,0,0.06160943331194926,0.3419966582014877,0.011399888606716256,1,0.44,1.3335634311570663,1200,width_N1200
0.7,0.30000000000000004,0,1,3.0461811702629786,1.3229396731228016,0.9925,0.049273299760486035,0,0.003148705220037765,1.0760889486155778,0.03586963162051925,1,0.705,1.2884753800819806,1200,width_N1200
0.7,0.30000000000000004,0,2,2.8198790237179994,1.2246578996354562,0.9583333333333334,0.21988629203456214,0,0.01701853764678661,0.3257129836103434,0.010857099453678111,1,0.685,1.3226636197073287,1200,width_N1200
0.7,0.30000000000000004,0,3,2.701849929308679,1.1733985152294502,0.9775,0.18926692189441804,0,0.014021611825991369,1.4651833497063227,0.04883944499021075,1,0.66,1.3369428556178236,1200,width_N1200
0.7,0.30000000000000004,0,4,2.4529214419297296,1.0652902467722491,0.7358333333333333,0.28664132868916814,0,0.11445672109396336,1.124534643459324,0.03748448811531079,1,0.74,1.3373660251313821,1200,width_N1200
0.7,0.30000000000000004,0,5,3.1340005504309723,1.361079145333925,0.9858333333333333,0.06134684419712137,0,0.003306322711769772,0.9363352960584048,0.031211176535280157,1,0.725,1.308510639549157,1200,width_N1200
0.7,0.30000000000000004,0,6,2.970463852437726,1.2900560598067794,0.9908333333333333,0.11711006904128385,0,0.005004514299944151,2.6113788827440034,0.08704596275813342,1,0.695,1.3113338674009691,1200,width_N1200
0.7,0.30000000000000004,0,7,2.7729354472725944,1.204270563424413,0.8941666666666667,0.2614589673046218,0,0.05783308807430283,0.408439888289569,0.013614662942985632,1,0.71,1.3389146390042148,1200,width_N1200
0.7,0.30000000000000004,0,8,3.083098699449633,1.3389727523340678,0.9925,0.08718308898573839,0,0.003599903974048538,0.9063950292532652,0.030213167641775503,1,0.7,1.3032900774567169,1200,width_N1200
0.7,0.30000000000000004,0,9,2.559288727101065,1.11148497177719,0.8466666666666667,0.2477613125240428,0,0.02999112811585726,0.12930683026038947,0.004310227675346315,1,0.48,1.2612377408273518,1200,width_N1200
0.7,0.30000000000000004,0,10,2.8691866280881535,1.2460719201292825,0.9816666666666667,0.10872313125450342,0,0.0026275887325844637,1.6384155914187792,0.05461385304729263,1,0.76,1.2886125027843596,1200,width_N1200
0.7,0.30000000000000004,0,11,2.4314482356550475,1.0559645517783844,0.8716666666666667,0.36092884764629246,0,0.01381768625987273,2.3994923745631946,0.07998307915210648,1,0.725,1.3231461164591318,1200,width_N1200
0.7,0.30000000000000004,0,12,2.4778111358744686,1.0760997035087099,0.8525,0.3286864535458452,0,0.08016658552176767,16.446554961144518,0.5482184987048172,0,0.68,1.3231726525307907,1200,width_N1200
0.7,0.30000000000000004,0,13,2.729122677693908,1.1852429193594913,0.8966666666666666,0.265524434852085,0,0.0460635589431499,0.3954215727565713,0.013180719091885708,1,0.705,1.333199569075627,1200,width_N1200
0.7,0.30000000000000004,0,14,3.1821200595073313,1.3819771825976812,0.995,0.08152706667434628,0,0.0018925184939393956,1.258867880857989,0.04196226269526629,1,0.7,1.2796135690516925,1200,width_N1200
0.7,0.30000000000000004,0,15,2.8658387464133805,1.2446179535918636,0.9891666666666666,0.1833297473385309,0,0.013228409978222295,2.7730082397361078,0.09243360799120358,1,0.705,1.3310711061869585,1200,width_N1200
0.7,0.30000000000000004,0,16,2.9532451983567354,1.2825780933536044,0.97,0.11183989196152287,0,0.007140119675180329,0.508602898027477,0.016953429934249233,1,0.725,1.312683576819511,1200,width_N1200
0.7,0.30000000000000004,0,17,2.775639168146242,1.2054447744804448,0.9558333333333333,0.16860813965640312,0,0.009309222618652167,0.8557849717553467,0.02852616572517822,1,0.71,1.2940662799692482,1200,width_N1200
0.7,0.30000000000000004,0,18,2.664655965280509,1.1572453818919082,0.9283333333333333,0.26013031386552515,0,0.004531810156968557,1.0165612148082925,0.03388537382694308,1,0.72,1.313636488334433,1200,width_N1200
0.7,0.30000000000000004,0,19,2.0955193553830154,0.9100724927643027,0.8283333333333334,0.44011740543115063,0,0.02542099109657811,8.641888559385414,0.28806295197951376,0,0.515,1.2753142740881058,1200,width_N1200
0.7,0.30000000000000004,1,0,2.876789113001705,1.2493736373759907,0.9025,0.17314666750689456,0,0.002855750163386182,3.075855247030196,0.10252850823433984,1,0.635,1.2897768948164108,1200,width_N1200
0.7,0.30000000000000004,1,1,2.6484627654537074,1.150212764562771,0.7766666666666666,0.2537346419402547,0,0.07652369316143755,0.010513325839939247,0.0003504441946646415,1,0.225,1.153916503266323,1200,width_N1200
0.7,0.30000000000000004,1,2,2.8336087017631924,1.2306206230487915,0.9816666666666667,0.13942409265003952,0,0.00232528739350239,0.34009420502355003,0.011336473500785,1,0.415,1.2700991866218654,1200,width_N1200
0.7,0.30000000000000004,1,3,2.7691870905553015,1.2026426727858879,0.7666666666666667,0.21275009740217413,0,0.13133516493581648,2.0912773267388274,0.06970924422462757,1,0.77,1.3381123378932809,1200,width_N1200
0.7,0.30000000000000004,1,4,2.7818411877057643,1.2081382773518015,0.9683333333333334,0.19356126036438714,0,0.004873975798110372,2.9933536616363945,0.0997784553878798,1,0.69,1.2892527290275477,1200,width_N1200
0.7,0.30000000000000004,1,5,2.3606589791097994,1.0252211682827497,0.8883333333333333,0.2892436510370181,0,0.005156786259305403,2.662065630532479,0.08873552101774927,1,0.445,1.2704149031520728,1200,width_N1200
0.7,0.30000000000000004,1,6,3.0462614260026806,1.3229745277476952,0.9941666666666666,0.027945573057224896,0,0.0007010637779715093,0.7711778505083144,0.025705928350277144,1,0.395,1.263847828536168,1200,width_N1200
0.7,0.30000000000000004,1,7,3.0730811039782133,1.3346221658988913,0.9225,0.1156125345359396,0,0.02907915787718661,3.8790655815120365,0.1293021860504012,1,1.0,1.3513387982202023,1200,width_N1200
0.7,0.30000000000000004,1,8,2.7082111783434737,1.176161170583274,0.8808333333333334,0.21131722808260417,0,0.025160528254820312,0.16609104434614497,0.005536368144871498,1,0.445,1.251837555582612,1200,width_N1200
0.7,0.30000000000000004,1,9,2.817132830612289,1.2234652431234052,0.8908333333333334,0.20782511022568492,0,0.03831660047031023,2.5466343945913406,0.08488781315304467,1,0.395,1.268242912568615,1200,width_N1200
0.7,0.30000000000000004,1,10,2.956569633716091,1.2840218772856165,0.9733333333333334,0.12226365192212212,0,0.010969199185850466,0.7865839698804666,0.02621946566268222,1,0.335,1.284139999752836,1200,width_N1200
0.7,0.30000000000000004,1,11,2.6938978994128977,1.169944992525783,0.9158333333333334,0.1930739954932716,0,0.011272096031439683,0.19614771111785,0.006538257037261666,1,0.46,1.2808451050298966,1200,width_N1200
0.7,0.30000000000000004,1,12,2.905873253567617,1.262004719134665,0.9491666666666667,0.23941088839331892,0,0.012665777192211153,0.9165220379484973,0.03055073459828324,1,0.755,1.3250070403590084,1200,width_N1200
0.7,0.30000000000000004,1,13,3.012518861143666,1.3083203180241627,0.9575,0.09340089482435131,0,0.00046915913237805147,1.0704587103304797,0.03568195701101599,1,0.46,1.2680734384358185,1200,width_N1200
0.7,0.30000000000000004,1,14,3.0022374297200347,1.3038551490908128,0.77,0.2018141814088979,0,0.12317553464251707,0.0025906429263200526,8.63547642106684e-05,1,0.18,1.0892598778037388,1200,width_N1200
0.7,0.30000000000000004,1,15,3.119657632798434,1.354850095351721,0.9958333333333333,0.018140700344891594,0,0.00074520783330602,0.6201697539320317,0.020672325131067718,1,0.415,1.2648311088277748,1200,width_N1200
0.7,0.30000000000000004,1,16,3.139785181482874,1.363591378679612,0.9875,0.11709205704002869,0,0.0002561177029587348,0.8607682731846533,0.02869227577282177,1,0.675,1.2763751143234903,1200,width_N1200
0.7,0.30000000000000004,1,17,2.6201680604626363,1.1379245303180687,0.9616666666666667,0.1773329407123137,0,0.00875806444359066,0.12350511936304875,0.004116837312101625,1,0.49,1.232792709353715,1200,width_N1200
0.7,0.30000000000000004,1,18,2.9350974980078037,1.2746966472328296,0.9875,0.07585279660973304,0,0.002741861222643676,0.5807687310254717,0.019358957700849052,1,0.435,1.2485444443122182,1200,width_N1200
0.7,0.30000000000000004,1,19,2.941086281374252,1.2772975428021922,0.9841666666666666,0.09020688903743863,0,0.0007412821729677723,0.809991531637344,0.0269997177212448,1,0.745,1.2904879682440678,1200,width_N1200
0.7,0.30000000000000004,2,0,2.8657041430028167,1.2445594960734105,0.8866666666666667,0.20106047470941277,0,0.014768955305176301,0.09139125174070784,0.003046375058023594,1,0.19,1.2637938087217873,1200,width_N1200
0.7,0.30000000000000004,2,1,3.1736674299015784,1.3783062522023306,0.9825,0.04559404909342194,0,0.002654988443032403,1.422840326669178,0.0474280108889726,1,0.67,1.2722609402781258,1200,width_N1200
0.7,0.30000000000000004,2,2,3.0467814958744475,1.3232003912232073,0.9966666666666667,0.05991399967566615,0,0.00047554876408068946,1.4702160370857864,0.04900720123619287,1,0.785,1.2896564572292928,1200,width_N1200
0.7,0.30000000000000004,2,3,2.777239597948328,1.2061398323121644,0.8891666666666667,0.15470624857592996,0,0.00862405507730685,3.88133382796636,0.12937779426554533,1,0.415,1.249120870828362,1200,width_N1200
0.7,0.30000000000000004,2,4,2.9996939615727394,1.3027505349095458,0.9825,0.043638059474320756,0,0.0010402243049353803,1.5181830346135017,0.05060610115378338,1,0.41,1.2732965479529277,1200,width_N1200
0.7,0.30000000000000004,2,5,2.930460645852567,1.2726828879284093,0.9816666666666667,0.054347963853614976,0,0.0008759173997600605,1.2787687792872093,0.042625625976240304,1,0.665,1.2755674298116861,1200,width_N1200
0.7,0.30000000000000004,2,6,2.8656925428157947,1.2445544581761976,0.9516666666666667,0.15443789709270922,0,0.0187849713631294,0.5593994552183623,0.01864664850727874,1,0.69,1.3338809230192974,1200,width_N1200
0.7,0.30000000000000004,2,7,2.533104401732602,1.100113263757307,0.9341666666666667,0.2641574761318813,0,0.006068652265295148,2.0606546856545616,0.0686884895218187,1,0.665,1.3195633763580048,1200,width_N1200
0.7,0.30000000000000004,2,8,2.5661869921325056,1.1144808502150505,0.7225,0.24271158498459375,0,0.21872399013158494,2.051323708635339,0.06837745695451128,1,0.72,1.2733558052542526,1200,width_N1200
0.7,0.30000000000000004,2,9,2.2507166333870963,0.9774738142078799,0.7516666666666667,0.38736500655065664,0,0.16634700074972472,11.913815885764562,0.397127196192152,0,1.0,1.3558891131114377,1200,width_N1200
0.7,0.30000000000000004,2,10,2.7975009251695115,1.2149392149203606,0.9625,0.2550941324164372,0,0.023249078217685626,4.58432483763792,0.15281082792126402,1,0.755,1.347873621332583,1200,width_N1200
0.7,0.30000000000000004,2,11,3.032080459414568,1.3168158122104234,0.9841666666666666,0.045589306908258964,0,0.0006206940328240245,1.0386978002201064,0.03462326000733688,1,0.46,1.268378744327728,1200,width_N1200
0.7,0.30000000000000004,2,12,2.7122818921656897,1.1779290591336697,0.9691666666666666,0.24453008897896808,0,0.007287376284334181,2.56606621826857,0.08553554060895233,1,0.705,1.3081248149627638,1200,width_N1200
0.7,0.30000000000000004,2,13,2.977990860314209,1.2933249977927783,0.9041666666666667,0.2574000234473746,0,0.02245033462059031,8.608225992065321,0.28694086640217736,0,0.715,1.2915733269134029,1200,width_N1200
0.7,0.30000000000000004,2,14,2.831555040713018,1.2297287293870012,0.9866666666666667,0.13531638288016898,0,0.0019854105588094756,2.588952760425267,0.0862984253475089,1,0.71,1.2897997937341943,1200,width_N1200
0.7,0.30000000000000004,2,15,2.4129186408643544,1.0479172510088832,0.925,0.3539297903759971,0,0.0008400307416944093,0.6638349425076351,0.022127831416921165,1,0.37,1.280587360724374,1200,width_N1200
0.7,0.30000000000000004,2,16,3.3048758217725185,1.4352893327712795,0.99,0.06331673398113258,0,0.0010525966543658439,1.0382223053090667,0.03460741017696888,1,0.695,1.2960724943962403,1200,width_N1200
0.7,0.30000000000000004,2,17,2.8089506335207406,1.219911760076701,0.96,0.16009901458147535,0,0.0060760884035109975,0.9500395021964925,0.03166798340654974,1,0.745,1.305556035943221,1200,width_N1200
0.7,0.30000000000000004,2,18,3.125511408805628,1.3573923579699427,0.9966666666666667,0.01816434480037037,0,0.00030704171698862155,1.2566448782208695,0.041888162607362306,1,0.69,1.2847594136385774,1200,width_N1200
0.7,0.30000000000000004,2,19,2.366166588904903,1.0276130928252392,0.9441666666666667,0.3502241597278691,0,0.03451618591707286,9.44940302151474,0.314980100717158,1,0.695,1.3277670540711253,1200,width_N1200
0.75,0.25,0,0,2.665674714623786,1.1576878191101359,0.9591666666666666,0.2561476732070493,0,0.009939179062434057,0.7039570945411355,0.023465236484704513,1,0.665,1.3230034332857803,1200,width_N1200
0.75,0.25,0,1,3.074426644158194,1.335206526574236,0.9966666666666667,0.03978333572408065,0,0.0016690698100808397,1.2428449576011302,0.041428165253371,1,0.705,1.2966298420884161,1200,width_N1200
0.75,0.25,0,2,2.7958521930019,1.2142231796378304,0.895,0.16968605590583596,0,0.06215950960172034,0.25665500672689134,0.008555166890896377,1,0.485,1.3307533885320655,1200,width_N1200
0.75,0.25,0,3,2.9121762866918393,1.2647420916397678,0.9466666666666667,0.15458330772666068,0,0.004038827721181616,1.3769162704204363,0.045897209014014534,1,0.42,1.2778613209979182,1200,width_N1200
0.75,0.25,0,4,2.92172696604855,1.2688898989828148,0.9358333333333333,0.14333945585389918,0,0.002509675557878255,1.7009118652544342,0.0566970621751478,1,0.425,1.2871977864508035,1200,width_N1200
0.75,0.25,0,5,2.693779999369471,1.169893789187506,0.6925,0.2009249528954134,0,0.24384021065211617,3.35721510278979,0.11190717009299299,1,0.75,1.2680912233611425,1200,width_N1200
0.75,0.25,0,6,2.4768808211451034,1.0756956729553135,0.8941666666666667,0.32947354764910025,0,0.0445012701956184,5.504290928952438,0.18347636429841457,1,1.0,1.36904768918502,1200,width_N1200
0.75,0.25,0,7,2.461525581446853,1.0690269770860614,0.8091666666666667,0.32869681945786644,0,0.07235701340901429,7.9218820959062075,0.2640627365302069,1,1.0,1.3804709008333358,1200,width_N1200
0.75,0.25,0,8,2.6298581148852986,1.1421328674831732,0.9108333333333334,0.28250777505668623,0,0.029388228009010378,0.186380826483723,0.006212694216124099,1,0.435,1.3019750873720382,1200,width_N1200
0.75,0.25,0,9,2.7931122039339926,1.213033217505163,0.915,0.17011938537767085,0,0.013479429606631507,6.902576285394568,0.2300858761798189,0,0.69,1.2910030946391018,1200,width_N1200
0.75,0.25,0,10,2.3553158827038554,1.022900690997371,0.8341666666666666,0.42652424118629617,0,0.10020759148192909,0.13154276718346236,0.004384758906115412,1,0.2,1.28960712630587,1200,width_N1200
0.75,0.25,0,11,3.122337891330172,1.3560141168421285,0.98,0.06013024808635058,0,0.002903012534277581,1.041609339869487,0.03472031132898289,1,0.725,1.2894226260379045,1200,width_N1200
0.75,0.25,0,12,2.99937254450428,1.3026109452503245,0.9475,0.15413225008302278,0,0.00042742041505282433,0.6903513263704142,0.023011710879013804,1,0.68,1.2813791613392302,1200,width_N1200
0.75,0.25,0,13,2.685721652969215,1.1663940938126103,0.9375,0.16086311905989112,0,0.015909903630156208,0.43018290068718157,0.01433943002290605,1,0.705,1.3020808912460755,1200,width_N1200
0.75,0.25,0,14,3.203398617238695,1.3912183428032723,0.9983333333333333,0.05966152929577902,0,0.0017681854787255872,0.9460747540240233,0.0315358251341341,1,0.7,1.3004327961899023,1200,width_N1200
0.75,0.25,0,15,2.493312754083571,1.0828319707574943,0.7633333333333333,0.3527033146785105,0,0.010253751947572186,1.2506902561793987,0.04168967520597995,1,0.485,1.2845269518931257,1200,width_N1200
0.75,0.25,0,16,2.7098502387777006,1.1768730054853644,0.91,0.2289255922069935,0,0.054768774427296676,5.93309114124817,0.19776970470827232,1,1.0,1.3739705019368587,1200,width_N1200
0.75,0.25,0,17,2.640404998607171,1.1467133208848577,0.825,0.261498554734616,0,0.08518359447598065,11.134708705959106,0.3711569568653035,0,1.0,1.3746755997266218,1200,width_N1200
0.75,0.25,0,18,3.074949360055675,1.3354335392041152,0.9691666666666666,0.1116090546982837,0,0.005568018602501081,1.7103129307512288,0.05701043102504095,1,0.72,1.3179200532356394,1200,width_N1200
0.75,0.25,0,19,2.8804342033779324,1.250956680012425,0.9941666666666666,0.13281606887028422,0,0.002274425642963542,0.8705341768420916,0.02901780589473638,1,0.785,1.2963816585874834,1200,width_N1200
0.75,0.25,1,0,2.8741637879307755,1.2482334731844837,0.97,0.10340828035272906,0,0.002990734063129625,2.523009202598292,0.08410030675327639,1,0.635,1.2663324816914336,1200,width_N1200
0.75,0.25,1,1,2.4107447109279643,1.0469731252334649,0.5466666666666666,0.2871731237648809,0,0.1268378658066734,10.7069046045473,0.35689682015157664,0,0.475,1.2577646261010966,1200,width_N1200
0.75,0.25,1,2,2.3048256385603887,1.0009730565759154,0.8108333333333333,0.3445579468333251,0,0.05782590915069701,0.1020632848072911,0.0034021094935763694,1,0.55,1.2067237037596041,1200,width_N1200
0.75,0.25,1,3,2.9299535647402095,1.272462665399435,0.9783333333333334,0.15411056341328538,0,0.004604139975763739,0.36717099239271245,0.01223903307975708,1,0.445,1.2371707050975456,1200,width_N1200
0.75,0.25,1,4,3.1662816512295175,1.3750986492804957,0.9783333333333334,0.0923821141659091,0,0.0022771553627442508,0.5682412752231303,0.018941375840771008,1,0.42,1.2497191875912477,1200,width_N1200
0.75,0.25,1,5,2.8141840917097194,1.2221846220894454,0.7891666666666667,0.10819297539811223,0,0.14542132883158226,6.431639647845621,0.2143879882615207,0,0.445,1.0478770429399227,1200,width_N1200
0.75,0.25,1,6,2.19333790132446,0.9525545474944723,0.49083333333333334,0.43743047411672914,0,0.11322197438434466,0.5509315479140464,0.01836438493046821,1,0.525,1.3154788023396036,1200,width_N1200
0.75,0.25,1,7,2.9044687150022512,1.2613947357861064,0.6316666666666667,0.26001174932724697,0,0.11284667815680342,0.058973954097796266,0.001965798469926542,1,0.195,1.1472177769575251,1200,width_N1200
0.75,0.25,1,8,3.123300483069924,1.3564321651230287,0.9575,0.10016720144702966,0,0.0029945676979971562,2.9487273793954216,0.09829091264651404,1,0.715,1.2770493905324463,1200,width_N1200
0.75,0.25,1,9,3.21212483169503,1.395008089589563,0.9041666666666667,0.13006926605422628,0,0.014658829842890894,0.5098773637991272,0.01699591212663757,1,0.395,1.1977133172234171,1200,width_N1200
0.75,0.25,1,10,2.4903489471297813,1.081544805752037,0.5533333333333333,0.3064238826416105,0,0.17198700859378313,14.678897292343501,0.48929657641144997,0,1.0,1.3624040804359958,1200,width_N1200
0.75,0.25,1,11,2.388116008206179,1.0371456045087644,0.7108333333333333,0.28798139633825404,0,0.10052593860241699,1.7039082321219534,0.05679694107073177,1,0.47,1.2077883244035184,1200,width_N1200
0.75,0.25,1,12,2.884061846125437,1.2525321452399825,0.9908333333333333,0.16487126049219172,0,0.0034311794506971492,0.4958279283049982,0.016527597610166606,1,0.755,1.29838602494879,1200,width_N1200
0.75,0.25,1,13,2.417428052299544,1.0498756635118174,0.915,0.2597792859373421,0,0.007035282375552027,0.3283746041877089,0.010945820139590296,1,0.7,1.2502931693096504,1200,width_N1200
0.75,0.25,1,14,2.9073404826089204,1.2626419286109911,0.9858333333333333,0.07913250909172326,0,0.0024771507849498248,0.5000259020832565,0.01666753006944188,1,0.425,1.2550007603013107,1200,width_N1200
0.75,0.25,1,15,2.982416207715021,1.295246901749456,0.9316666666666666,0.21347621061090777,0,0.0025307377184609764,1.3359952916434992,0.04453317638811663,1,0.71,1.3072453893577631,1200,width_N1200
0.75,0.25,1,16,3.3555938694377008,1.4573159010051744,0.9933333333333333,0.04668170659375958,0,0.00012411394809877605,0.8231611767156366,0.027438705890521217,1,0.435,1.2793214296755122,1200,width_N1200
0.75,0.25,1,17,3.031032104071779,1.3163605172699764,0.9916666666666667,0.05985727019734166,0,0.0009754945773849527,0.5173122443704381,0.017243741479014602,1,0.49,1.278969150814441,1200,width_N1200
0.75,0.25,1,18,2.7722426514414766,1.203969686017873,0.9625,0.24232168463406795,0,0.0009422435543377482,0.7560440055740247,0.025201466852467488,1,0.435,1.2609094364387037,1200,width_N1200
0.75,0.25,1,19,2.5026913889793003,1.0869050601404948,0.995,0.29400230494903445,0,0.0028888480296413513,0.30278910463092945,0.010092970154364313,1,0.445,1.2813211532326634,1200,width_N1200
0.75,0.25,2,0,3.0518041853620996,1.3253817175520082,0.9733333333333334,0.09404134574455054,0,0.00024549263338311596,1.3734623505578691,0.04578207835192896,1,0.77,1.2850176683518957,1200,width_N1200
0.75,0.25,2,1,2.209524772727973,0.9595844164242954,0.7725,0.39234046720775706,0,0.09779326123680848,0.3670816972773272,0.012236056575910904,1,0.485,1.3213523171617452,1200,width_N1200
0.75,0.25,2,2,2.5348469130452544,1.1008700268050458,0.9041666666666667,0.27515219768716676,0,0.043447549888092823,3.7535850748390223,0.12511950249463405,1,1.0,1.368399060376606,1200,width_N1200
0.75,0.25,2,3,2.2221598244522633,0.9650717496667166,0.6683333333333333,0.4278420470627348,0,0.10548659839178699,11.47746468212818,0.38258215607093926,0,1.0,1.377617974867114,1200,width_N1200
0.75,0.25,2,4,2.7121044596562256,1.177852001173899,0.6916666666666667,0.16848055116666694,0,0.30503112815634736,2.0290074619890297,0.06763358206630098,1,0.485,1.1992640710352642,1200,width_N1200
0.75,0.25,2,5,2.945763034121122,1.2793286307133833,0.985,0.07408503516020529,0,0.0007746065615818649,1.2173803158749386,0.040579343862497945,1,0.665,1.2812814490337088,1200,width_N1200
0.75,0.25,2,6,1.9631754392288303,0.8525962602650737,0.8375,0.5627264716873629,0,0.01663366176891523,0.157897649445371,0.0052632549815123655,1,0.45,1.3068142209393225,1200,width_N1200
0.75,0.25,2,7,2.6881810466057225,1.1674621948977735,0.8758333333333334,0.26641988753979345,0,0.0024876086787940944,0.4154876362968518,0.013849587876561724,1,0.665,1.2887778891989585,1200,width_N1200
0.75,0.25,2,8,1.9946424944151424,0.8662622286942337,0.7316666666666667,0.4998981221548699,0,0.06608223615371364,9.890121951194219,0.32967073170647393,0,0.505,1.2604089918078674,1200,width_N1200
0.75,0.25,2,9,2.9920644477515927,1.299437079157417,0.9741666666666666,0.055498712651237056,0,0.001118492771675807,1.9775566464639405,0.06591855488213134,1,0.745,1.2915873938266795,1200,width_N1200
0.75,0.25,2,10,2.6565833130164975,1.1537394735593238,0.9458333333333333,0.19033893989714396,0,0.006942471569021592,3.1955139856108374,0.10651713285369456,1,0.755,1.301513298718447,1200,width_N1200
0.75,0.25,2,11,2.453532470570533,1.065555613139235,0.8775,0.3799213304976218,0,0.03015467306809031,2.0482510856103255,0.06827503618701083,1,0.695,1.3191268600006858,1200,width_N1200
0.75,0.25,2,12,2.536225074596225,1.1014685547618035,0.8641666666666666,0.37238840908840504,0,0.018510187754976832,2.9636679581086067,0.09878893193695354,1,0.705,1.3296631369500627,1200,width_N1200
0.75,0.25,2,13,2.3442748767468,1.018105643035561,0.8858333333333334,0.3229804151326754,0,0.07108680395710813,9.954230075859488,0.33180766919531623,0,0.4,1.2948426733845062,1200,width_N1200
0.75,0.25,2,14,2.0567827428351335,0.8932493956871336,0.5608333333333333,0.40025269176543554,0,0.18739082407538307,19.82262009135306,0.6607540030451019,0,0.495,1.2271626499007526,1200,width_N1200
0.75,0.25,2,15,3.0489825358594143,1.3241562907431272,0.965,0.12222054081785538,0,0.0010863392125117742,1.359008526946004,0.045300284231533455,1,0.695,1.2973992173145588,1200,width_N1200
0.75,0.25,2,16,2.434350037282157,1.0572247882126162,0.7908333333333334,0.3965781032480627,0,0.013806646056553101,1.5638658907043135,0.05212886302347711,1,0.695,1.332534677033873,1200,width_N1200
0.75,0.25,2,17,2.541119395334545,1.1035941312511208,0.6575,0.34063202379543434,0,0.1575860820173637,17.942399491375095,0.5980799830458364,0,1.0,1.374059130129205,1200,width_N1200
0.75,0.25,2,18,2.3089412301436316,1.0027604352902852,0.64,0.4384647277966192,0,0.12301942170815794,10.005131115068084,0.3335043705022694,0,0.215,1.2269300290378466,1200,width_N1200
0.75,0.25,2,19,2.698992384863102,1.1721574994449429,0.9441666666666667,0.2891885824647291,0,0.014301389666138711,6.772434713591774,0.22574782378639244,0,0.695,1.3066006942667407,1200,width_N1200
0.8,0.19999999999999996,0,0,2.93342059744128,1.273968378570088,0.9758333333333333,0.15026048997018532,0,0.0066750424568779824,0.8460085163087605,0.02820028387695868,1,0.665,1.3139502773347818,1200,width_N1200
0.8,0.19999999999999996,0,1,2.145588462783117,0.9318172298219883,0.5808333333333333,0.4151764159504692,0,0.2047850048401281,19.78090307962234,0.6593634359874113,0,0.465,1.250957516077015,1200,width_N1200
0.8,0.19999999999999996,0,2,2.0864642109653824,0.9061398935108878,0.3433333333333333,0.4032432282428226,0,0.22780356719656647,10.074676192341425,0.3358225397447141,0,0.2,1.2479264479068162,1200,width_N1200
0.8,0.19999999999999996,0,3,2.5479261993680007,1.1065502886822474,0.8608333333333333,0.2953058356585147,0,0.04152739367504432,0.12036345447840602,0.0040121151492802,1,0.44,1.2646780296582012,1200,width_N1200
0.8,0.19999999999999996,0,4,2.1852079681885708,0.9490237623953132,0.5508333333333333,0.44461913925991725,0,0.23572895858494622,20.35935261189796,0.6786450870632652,0,0.74,1.3403438155862637,1200,width_N1200
0.8,0.19999999999999996,0,5,2.323414828697343,1.0090462392754451,0.62,0.3365918732401813,0,0.10926999896488375,2.8043184887231174,0.09347728295743724,1,0.475,1.1896186025339386,1200,width_N1200
0.8,0.19999999999999996,0,6,2.3167223608960663,1.0061397374390353,0.49166666666666664,0.37777972212191624,0,0.1440463828358954,18.23248748656144,0.6077495828853812,0,1.0,1.381151586901611,1200,width_N1200
0.8,0.19999999999999996,0,7,2.6317888629122606,1.1429713806972281,0.94,0.21887015603049675,0,0.033749226149876806,2.2363010939160652,0.07454336979720218,1,1.0,1.3585914355956634,1200,width_N1200
0.8,0.19999999999999996,0,8,2.332094788955382,1.0128158981186508,0.35083333333333333,0.4242357026840084,0,0.4139168559199557,19.999769996638918,0.6666589998879637,0,0.22,1.1517961684258606,1200,width_N1200
0.8,0.19999999999999996,0,9,2.2947951666187443,0.996616877960774,0.4033333333333333,0.3717022239265058,0,0.3215402292504134,19.994087484739893,0.6664695828246631,0,0.3,1.169104955730174,1200,width_N1200
0.8,0.19999999999999996,0,10,2.399732552011807,1.0421906053823362,0.6233333333333333,0.3302770491100475,0,0.38402642016619937,20.840894070066675,0.6946964690022225,0,0.8,1.2712411892670281,1200,width_N1200
0.8,0.19999999999999996,0,11,1.688724845298012,0.7334038817658491,0.4608333333333333,0.6471386600448445,0,0.27300344475979554,23.091233654646388,0.7697077884882128,0,0.465,1.300806356124003,1200,width_N1200
0.8,0.19999999999999996,0,12,2.7818603558204185,1.2081466019582243,0.8958333333333334,0.2555108339927971,0,0.05898964227335517,2.816615295477959,0.09388717651593195,1,1.0,1.359648547698715,1200,width_N1200
0.8,0.19999999999999996,0,13,2.362630057717,1.0260771968452544,0.36,0.3335843336212628,0,0.3884570683876978,10.220278064429584,0.34067593548098607,0,0.83,1.173078701308509,1200,width_N1200
0.8,0.19999999999999996,0,14,3.093017607474659,1.3432804793558424,0.7708333333333334,0.13715431836254713,0,0.25449200194555666,5.582334021561236,0.18607780071870783,1,0.76,1.1936931034463014,1200,width_N1200
0.8,0.19999999999999996,0,15,2.782106772504992,1.2082536193645836,0.5125,0.1705972915122813,0,0.012731120517629181,0.8423515133972492,0.028078383779908303,1,0.705,1.2917134332462465,1200,width_N1200
0.8,0.19999999999999996,0,16,2.564798009576058,1.1138776227553255,0.36583333333333334,0.35434637507965505,0,0.3010698750258599,19.989606778829724,0.6663202259609907,0,0.29,1.2214048868830834,1200,width_N1200
0.8,0.19999999999999996,0,17,2.2982493506680113,0.9981170110328488,0.8475,0.3773623876855854,0,0.03489173185185606,0.6623568411501579,0.022078561371671926,1,0.71,1.3155441428657781,1200,width_N1200
0.8,0.19999999999999996,0,18,2.1472281815093615,0.9325293506166697,0.8375,0.4037190287434595,0,0.08324708676103354,0.33898214802002835,0.011299404934000943,1,0.77,1.3051455291435203,1200,width_N1200
0.8,0.19999999999999996,0,19,2.511047467345818,1.0905340588654246,0.8858333333333334,0.24386992942076433,0,0.038001233342140936,9.54132227172409,0.3180440757241363,0,0.515,1.294534454702244,1200,width_N1200
0.8,0.19999999999999996,1,0,2.115347069921448,0.9186835597770971,0.3416666666666667,0.4789274877741135,0,0.17720031663964886,10.031617033695134,0.3343872344565044,0,0.235,1.262617385874146,1200,width_N1200
0.8,0.19999999999999996,1,1,2.17086660524416,0.9427953876055833,0.4658333333333333,0.5310165326320376,0,0.21435750699392045,16.952275991813657,0.5650758663937885,0,0.775,1.3412629054209915,1200,width_N1200
0.8,0.19999999999999996,1,2,2.698890812884445,1.1721133872950964,0.935,0.17819238968040418,0,0.014493278247779531,1.8966345101378346,0.06322115033792781,1,0.415,1.3105192125367335,1200,width_N1200
0.8,0.19999999999999996,1,3,2.386038999084332,1.0362435709082836,0.9416666666666667,0.34108461463642914,0,0.01982281752186029,0.3887716035807842,0.012959053452692805,1,0.445,1.3099384037683945,1200,width_N1200
0.8,0.19999999999999996,1,4,2.8609695483320032,1.2425032877338276,0.915,0.22774874852097288,0,0.023649646944668264,0.8064188670406536,0.026880628901355116,1,0.42,1.3022378845804918,1200,width_N1200
0.8,0.19999999999999996,1,5,2.9189081224613527,1.2676656907675465,0.875,0.09953512181738025,0,0.016535592913251632,2.8945950649692023,0.09648650216564006,1,0.445,1.2104170198017188,1200,width_N1200
0.8,0.19999999999999996,1,6,2.6616530971336236,1.1559412528258326,0.6058333333333333,0.27233163197727756,0,0.1480575289368161,0.000433653228992803,1.4455107633093432e-05,1,0.205,1.061709589637395,1200,width_N1200
0.8,0.19999999999999996,1,7,2.831990484915582,1.2299178404013515,0.895,0.17166977256163643,0,0.047611580169675156,0.820080521554839,0.027336017385161296,1,0.435,1.2672170428098433,1200,width_N1200
0.8,0.19999999999999996,1,8,1.7753432507808176,0.7710217772982899,0.07833333333333334,0.5939536409113609,0,0.06932670762598553,9.5646131877694,0.31882043959231327,0,0.72,1.3404993152831222,1200,width_N1200
0.8,0.19999999999999996,1,9,2.3359834455985307,1.0145047202407866,0.8991666666666667,0.29488070645732634,0,0.01759360649155953,0.610658865821373,0.020355295527379094,1,0.395,1.206015973340596,1200,width_N1200
0.8,0.19999999999999996,1,10,2.299715830977346,0.9987538953390128,0.6366666666666667,0.3843777224838793,0,0.2650640812650149,26.107568070124447,0.8702522690041482,0,1.0,1.3442594547289373,1200,width_N1200
0.8,0.19999999999999996,1,11,2.7936601971932125,1.2132712079537622,0.81,0.19250144433323238,0,0.05989787269184292,0.058067096874975244,0.0019355698958325078,1,0.46,1.0904821187250744,1200,width_N1200
0.8,0.19999999999999996,1,12,2.1432827429478905,0.9308158684207342,0.8983333333333333,0.45602329677642434,0,0.10787888340713787,11.379742692368916,0.3793247564122971,0,1.0,1.3760026435179857,1200,width_N1200
0.8,0.19999999999999996,1,13,1.8257925070061283,0.7929316108930657,0.1275,0.5866935690321146,0,0.22712695453369808,19.329703433490963,0.644323447783032,0,0.455,1.2859136823351451,1200,width_N1200
0.8,0.19999999999999996,1,14,1.628742748160222,0.7073539879659221,0.6233333333333333,0.6880427793282368,0,0.07342624856644461,14.07326517949315,0.46910883931643826,0,1.0,1.3647207668266566,1200,width_N1200
0.8,0.19999999999999996,1,15,2.2669294248330636,0.984514940069112,0.395,0.42528186058605344,0,0.23737866783277856,19.95963648127834,0.6653212160426113,0,0.295,1.2948853781020389,1200,width_N1200
0.8,0.19999999999999996,1,16,2.5834544622398554,1.1219800171991021,0.9041666666666667,0.2401069596743296,0,0.013855683764867009,0.0613214399792672,0.0020440479993089062,1,0.435,1.2327979954015618,1200,width_N1200
0.8,0.19999999999999996,1,17,2.592787199032945,1.1260331732893962,0.5725,0.3418471692640603,0,0.10269063647402894,4.746102460910079,0.15820341536366928,1,0.44,1.2773534306548298,1200,width_N1200
0.8,0.19999999999999996,1,18,2.4850157772845596,1.0792286395172044,0.8433333333333334,0.27764574530689484,0,0.02703921514064135,0.07453604211623555,0.0024845347372078512,1,0.435,1.2993443928886181,1200,width_N1200
0.8,0.19999999999999996,1,19,2.598766303205414,1.1286298652382243,0.9116666666666666,0.19331973095664745,0,0.019741790230050113,0.5293397706809144,0.017644659022697146,1,0.745,1.211231242043386,1200,width_N1200
0.8,0.19999999999999996,2,0,2.8277217366808465,1.2280639465983716,0.9691666666666666,0.10967556345666604,0,0.0006811900825185921,1.1912635416355566,0.03970878472118521,1,0.475,1.2758588949168506,1200,width_N1200
0.8,0.19999999999999996,2,1,2.8654534693710936,1.2444506298983944,0.9158333333333334,0.19345409263478003,0,0.020524592441541152,1.6349845990410394,0.054499486634701305,1,0.67,1.3433636411587164,1200,width_N1200
0.8,0.19999999999999996,2,2,2.1947751498671675,0.9531787366056934,0.6858333333333333,0.5081351347615184,0,0.07556820379418874,9.961207399414352,0.332040246647145,0,0.53,1.2422430638784225,1200,width_N1200
0.8,0.19999999999999996,2,3,2.306911170301291,1.001878791502823,0.89,0.37429733382708236,0,0.07394865176354642,2.1943749871490557,0.07314583290496852,1,1.0,1.3675587123809787,1200,width_N1200
0.8,0.19999999999999996,2,4,2.9417333778747237,1.277578573241606,0.7741666666666667,0.2184174795431475,0,0.09972633823565112,1.2414955282906814,0.04138318427635604,1,0.71,1.3054541514073292,1200,width_N1200
0.8,0.19999999999999996,2,5,2.2539589203025585,0.9788819215240124,0.535,0.40369481703847865,0,0.37853684577133373,19.367670217900585,0.6455890072633527,0,0.815,1.2508813665597327,1200,width_N1200
0.8,0.19999999999999996,2,6,2.521758302269821,1.0951857153694955,0.46166666666666667,0.3570410899090736,0,0.030401196979753627,0.10925414937703604,0.003641804979234534,1,0.46,1.205399398274938,1200,width_N1200
0.8,0.19999999999999996,2,7,1.942000733097162,0.8434002022361671,0.5925,0.4931457706460138,0,0.09107147623526844,0.27415112177245904,0.009138370725748633,1,0.745,1.3172071641666439,1200,width_N1200
0.8,0.19999999999999996,2,8,2.9065256508134008,1.2622880516585178,0.9083333333333333,0.15456814004395483,0,0.012486908156589954,1.2713369000098451,0.04237789666699483,1,0.73,1.245049249837039,1200,width_N1200
0.8,0.19999999999999996,2,9,2.749468427175825,1.1940789660896736,0.9391666666666667,0.20515045724048525,0,0.002329339511041032,0.48986621317735346,0.016328873772578446,1,0.475,1.2565340413345827,1200,width_N1200
0.8,0.19999999999999996,2,10,1.8689879192444634,0.8116911400717108,0.3858333333333333,0.5684232341503537,0,0.1923613167357017,0.25029559179200467,0.008343186393066821,1,0.455,1.205391973471407,1200,width_N1200
0.8,0.19999999999999996,2,11,2.148393966241711,0.9330356444930161,0.4608333333333333,0.4187917515187474,0,0.36443120322840605,29.834581230285295,0.9944860410095097,0,0.77,1.3237584030803728,1200,width_N1200
0.8,0.19999999999999996,2,12,2.6457315348735917,1.1490266061930217,0.7458333333333333,0.32188672087972053,0,0.003167776750116139,0.8144632088725456,0.02714877362908485,1,0.46,1.2673046072946357,1200,width_N1200
0.8,0.19999999999999996,2,13,2.5583450510911985,1.1110751384934003,0.7225,0.25993956826655173,0,0.029441615626492734,8.663055852483126,0.2887685284161042,0,0.715,1.320963188747556,1200,width_N1200
0.8,0.19999999999999996,2,14,3.049418407761104,1.3243455875048478,0.9525,0.1551793546433589,0,0.006606994417746183,0.7758665292296185,0.02586221764098728,1,0.71,1.2575351062883244,1200,width_N1200
0.8,0.19999999999999996,2,15,2.1837540073659376,0.9483923152331397,0.5158333333333334,0.4980841737139512,0,0.23501122970345836,10.287426991430914,0.3429142330476971,0,0.47,1.2870409879654627,1200,width_N1200
0.8,0.19999999999999996,2,16,2.323363399081899,1.0090239036772515,0.8525,0.4667537955113365,0,0.02538464192952928,5.314922196086696,0.17716407320288985,0,0.695,1.3370767745621344,1200,width_N1200
0.8,0.19999999999999996,2,17,2.492659467354964,1.0825482519361593,0.6308333333333334,0.3581753359917973,0,0.2503582027047426,20.66949653386415,0.6889832177954716,0,0.725,1.3298172312461227,1200,width_N1200
0.8,0.19999999999999996,2,18,2.8516545328645218,1.238457827917457,0.9975,0.0881684485571323,0,0.001325233365005108,1.3731522568401988,0.045771741894673285,1,0.69,1.2655637168062135,1200,width_N1200
0.8,0.19999999999999996,2,19,1.8250236956431376,0.7925977203604944,0.775,0.5003573355628542,0,0.02411718892544527,6.956990264423174,0.23189967548077242,0,0.44,1.2526837082028948,1200,width_N1200
0.85,0.15000000000000002,0,0,2.960093298518675,1.2855521854654557,0.9366666666666666,0.15294693239859755,0,0.04952279368854837,0.42980224890237784,0.014326741630079258,1,0.665,1.3423135217759041,1200,width_N1200
0.85,0.15000000000000002,0,1,2.2346097582749804,0.9704786872259831,0.6483333333333333,0.47017995059456513,0,0.27494861098778955,19.419629900383065,0.6473209966794354,0,0.775,1.2890919771371343,1200,width_N1200
0.85,0.15000000000000002,0,2,2.0414861843147074,0.8866061847296025,0.32666666666666666,0.47904910076140367,0,0.26087088291034016,13.827289781258578,0.4609096593752859,0,0.495,1.227541313171426,1200,width_N1200
0.85,0.15000000000000002,0,3,2.661192956964322,1.1557414164894027,0.8633333333333333,0.27368974243391647,0,0.008571941812678298,0.14677150579834874,0.004892383526611624,1,0.42,1.2644201312013843,1200,width_N1200
0.85,0.15000000000000002,0,4,2.042051225048871,0.8868515788025,0.5816666666666667,0.508487116596498,0,0.13634470934777765,1.7127569990240288,0.057091899967467614,1,0.45,1.2301651736829526,1200,width_N1200
0.85,0.15000000000000002,0,5,2.7796098845476807,1.2071692347027925,0.93,0.21430343974887203,0,0.003586756854371388,0.8102514997109733,0.027008383323699106,1,0.47,1.2640290141761388,1200,width_N1200
0.85,0.15000000000000002,0,6,2.257134162711492,0.9802609117809175,0.7,0.4258096305857753,0,0.050209890523121456,2.71021257620494,0.09034041920683132,1,0.475,1.2926101113914876,1200,width_N1200
0.85,0.15000000000000002,0,7,2.0337877348060487,0.8832627905887811,0.7033333333333334,0.49541489646218034,0,0.08557462265784105,9.174799093986818,0.30582663646622726,0,0.765,1.321840776613609,1200,width_N1200
0.85,0.15000000000000002,0,8,2.0042728412000064,0.870444635161715,0.3491666666666667,0.5573758619650683,0,0.24149801140048552,0.2153714531673956,0.007179048438913185,1,0.435,1.1835619887489999,1200,width_N1200
0.85,0.15000000000000002,0,9,2.7617083139052814,1.199394681355397,0.9616666666666667,0.16964325475465789,0,0.0015685903464108814,1.1007921763580009,0.03669307254526669,1,0.69,1.2915038258644542,1200,width_N1200
0.85,0.15000000000000002,0,10,2.1310434631863098,0.9255004167578098,0.5591666666666667,0.49693844454938035,0,0.12607300452996076,17.125036677222162,0.5708345559074054,0,0.76,1.258743968812573,1200,width_N1200
0.85,0.15000000000000002,0,11,2.184889326763302,0.9488853781826126,0.1825,0.4867817802680085,0,0.4541451783065913,29.84165379191724,0.9947217930639078,0,0.535,1.2689213497311695,1200,width_N1200
0.85,0.15000000000000002,0,12,2.0424793053351507,0.8870374917086429,0.8183333333333334,0.503312205073575,0,0.07934960660977368,4.341157930472855,0.14470526434909517,1,1.0,1.340692930865633,1200,width_N1200
0.85,0.15000000000000002,0,13,2.354907874441082,1.0227234952602775,0.47333333333333333,0.2966777921865246,0,0.20131085023005105,1.400370109642729,0.04667900365475763,1,0.69,1.2216737966923592,1200,width_N1200
0.85,0.15000000000000002,0,14,2.167274774987302,0.9412354755450967,0.6508333333333334,0.44705603239535446,0,0.09540827371083496,11.415880760718117,0.38052935869060384,1,1.0,1.3846530381560482,1200,width_N1200
0.85,0.15000000000000002,0,15,2.2456901951484287,0.9752908598171992,0.7325,0.40750496888063403,0,0.054576567000137535,0.4583016726269873,0.015276722420899573,1,0.42,1.2616105247983875,1200,width_N1200
0.85,0.15000000000000002,0,16,3.0918214009299847,1.3427609734542738,0.9808333333333333,0.1152096143896302,0,0.0036349189829729955,0.6006464902484854,0.02002154967494951,1,0.725,1.3044012794309459,1200,width_N1200
0.85,0.15000000000000002,0,17,2.2066933062061724,0.9583547261381834,0.3425,0.439941980893021,0,0.17984334122995968,23.668329111043516,0.7889443037014504,0,1.0,1.3811065139880012,1200,width_N1200
0.85,0.15000000000000002,0,18,2.8478708597874216,1.2368145995787465,0.49333333333333335,0.1413404051974279,0,0.32109064421293787,10.21464857590692,0.34048828586356394,1,0.77,1.1748533491425253,1200,width_N1200
0.85,0.15000000000000002,0,19,2.0304831023083785,0.8818276069303246,0.77,0.48692424510647886,0,0.1875989396173024,14.6668297941218,0.48889432647072656,0,0.73,1.324940192256264,1200,width_N1200
0.85,0.15000000000000002,1,0,2.142644006479799,0.9305384686972519,0.72,0.4465984215982426,0,0.1582858146421758,15.216294055239729,0.5072098018413242,0,1.0,1.3738807013581176,1200,width_N1200
0.85,0.15000000000000002,1,1,2.433147440860477,1.0567025072227239,0.18,0.3654647497777415,0,0.22390519058312705,22.155168921736585,0.7385056307245527,0,1.0,1.3632819757989822,1200,width_N1200
0.85,0.15000000000000002,1,2,2.729589365320679,1.1854455992205701,0.22083333333333333,0.3175247203986714,0,0.4261004180246214,10.59840817368491,0.35328027245616356,0,0.45,1.1595468041549295,1200,width_N1200
0.85,0.15000000000000002,1,3,2.8173229946858305,1.2235478303312004,0.36916666666666664,0.18133121750402809,0,0.14576098133852564,19.198869059385572,0.639962301979519,0,0.44,1.2651312094117912,1200,width_N1200
0.85,0.15000000000000002,1,4,2.2987818542997878,0.9983482744217226,0.6366666666666667,0.334984062423879,0,0.1694736931171519,2.7640654426217437,0.09213551475405811,1,0.43,1.1432597855191824,1200,width_N1200
0.85,0.15000000000000002,1,5,2.745038238192445,1.192154959460403,0.37083333333333335,0.22522291517075602,0,0.26458996520755307,19.533004845777356,0.6511001615259118,0,0.465,1.254918940570137,1200,width_N1200
0.85,0.15000000000000002,1,6,2.6778160354745713,1.1629607277586487,0.8683333333333333,0.2876753789851392,0,0.033077994973917266,0.2913802004900379,0.009712673349667928,1,0.395,1.3315701545977687,1200,width_N1200
0.85,0.15000000000000002,1,7,2.713142328239447,1.1783027417725331,0.7033333333333334,0.3395163051847819,0,0.10049542689920019,9.985984048739017,0.33286613495796713,0,0.24,1.2554797656683303,1200,width_N1200
0.85,0.15000000000000002,1,8,2.4469266162114014,1.0626867270428075,0.6758333333333333,0.23581006642382818,0,0.09526198712692867,0.1812976544777578,0.0060432551492585924,1,0.435,1.1962304956690064,1200,width_N1200
0.85,0.15000000000000002,1,9,0.9670482503615316,0.4199837188662075,0.3325,0.9554950400961008,0,0.04089853906299679,7.583377474836523,0.25277924916121736,0,0.395,1.3347997577724904,1200,width_N1200
0.85,0.15000000000000002,1,10,3.036626060751974,1.3187899417881912,0.6791666666666667,0.2511674152683717,0,0.29084215706531047,14.866865570761828,0.49556218569206084,0,0.51,1.0886219414979488,1200,width_N1200
0.85,0.15000000000000002,1,11,2.9096453131602256,1.2636429038011447,0.915,0.19734232755627354,0,0.0018724277926655472,0.6906356701553928,0.023021189005179757,1,0.74,1.2943021712669571,1200,width_N1200
0.85,0.15000000000000002,1,12,2.858890758009959,1.2416004805679302,0.06333333333333334,0.2655901695987501,0,0.7635817329877139,29.991721808752196,0.9997240602917398,0,0.245,1.0511221287936885,1200,width_N1200
0.85,0.15000000000000002,1,13,2.2109054905252057,0.9601840545446991,0.6858333333333333,0.45656207647868885,0,0.1883537088170434,13.438512442019796,0.4479504147339931,0,1.0,1.355556704465942,1200,width_N1200
0.85,0.15000000000000002,1,14,1.8108677458929954,0.7864498694979077,0.43666666666666665,0.6356769907744634,0,0.13424155504549704,18.184050323159603,0.6061350107719867,0,1.0,1.373581522733163,1200,width_N1200
0.85,0.15000000000000002,1,15,2.6258097452479645,1.1403746828889745,0.6983333333333334,0.3271225986972363,0,0.1620587003348184,19.85317724143346,0.6617725747144486,0,0.71,1.2996449405100554,1200,width_N1200
0.85,0.15000000000000002,1,16,2.6832686592287542,1.1653287721669847,0.8541666666666666,0.20852652769227623,0,0.027461393438983683,2.664953990597713,0.08883179968659041,1,0.675,1.2869419209808113,1200,width_N1200
0.85,0.15000000000000002,1,17,2.024837429608215,0.8793757224300119,0.08333333333333333,0.47287179680012636,0,0.1482521287903285,12.873483264846374,0.42911610882821244,0,0.47,1.3090705288817082,1200,width_N1200
0.85,0.15000000000000002,1,18,2.0153926132520503,0.87527389080394,0.5666666666666667,0.4469000753517737,0,0.16079006438858418,17.7659328131531,0.5921977604384366,0,0.465,1.2658725310724361,1200,width_N1200
0.85,0.15000000000000002,1,19,2.4483210239180386,1.0632923106153236,0.63,0.3827203244116711,0,0.1841872996453502,10.005699741550805,0.3335233247183601,0,0.215,1.1932930112844309,1200,width_N1200
0.85,0.15000000000000002,2,0,2.7593706896848174,1.1983794640556864,0.4533333333333333,0.25088358459541316,0,0.023836379975033052,0.02507234659591684,0.0008357448865305612,1,0.19,1.2430021000252827,1200,width_N1200
0.85,0.15000000000000002,2,1,1.741813076269088,0.7564598075305927,0.5516666666666666,0.643610491888405,0,0.14973765587577784,3.588721769337,0.11962405897789997,1,0.755,1.3249257934508483,1200,width_N1200
0.85,0.15000000000000002,2,2,2.968761459555237,1.2893167199718834,0.5791666666666667,0.2858229657136699,0,0.39074394957380293,10.312278033575373,0.34374260111917904,0,0.5,1.185992337774128,1200,width_N1200
0.85,0.15000000000000002,2,3,2.4771722766332545,1.0758222504655381,0.5741666666666667,0.3261811124806495,0,0.1679724212974479,11.871512330816858,0.3957170776938952,1,1.0,1.3601813785630184,1200,width_N1200
0.85,0.15000000000000002,2,4,2.420366643436572,1.0511518774271986,0.48583333333333334,0.3160623095274599,0,0.13272850892547677,10.007679307190493,0.333589310239683,0,0.225,1.2430114913861094,1200,width_N1200
0.85,0.15000000000000002,2,5,2.071161904869717,0.8994941864131457,0.5458333333333333,0.4410246741537936,0,0.18139582295831627,17.9368831012526,0.5978961033750866,0,0.48,1.2656606779286577,1200,width_N1200
0.85,0.15000000000000002,2,6,2.137910391462773,0.9284826858159033,0.22,0.492830419276135,0,0.3831821999944907,29.74464963909096,0.9914883213030318,0,0.53,1.3034833698681676,1200,width_N1200
0.85,0.15000000000000002,2,7,2.1613585500561165,0.9386660917037849,0.455,0.4415217842756884,0,0.17004471416411168,4.3951671323711805,0.14650557107903933,1,0.745,1.3330958365507033,1200,width_N1200
0.85,0.15000000000000002,2,8,2.136712007639999,0.9279622343344704,0.5058333333333334,0.45666274071586005,0,0.22779400475123465,21.0906744483659,0.7030224816121965,0,0.72,1.3480355125555534,1200,width_N1200
0.85,0.15000000000000002,2,9,2.050305417340461,0.8904363289673061,0.705,0.4963464735073145,0,0.051155262368246815,3.6708043734092364,0.12236014578030786,1,0.475,1.2811861469178243,1200,width_N1200
0.85,0.15000000000000002,2,10,1.9610162536154518,0.8516585378677786,0.25666666666666665,0.5327782335971372,0,0.18812621097049884,15.71812335592111,0.5239374451973703,0,0.735,1.3499142690144499,1200,width_N1200
0.85,0.15000000000000002,2,11,1.805640398579141,0.784179661404509,0.1675,0.5565196786184511,0,0.13877959541935447,10.677412845116303,0.35591376150387666,0,0.465,1.3124641100128658,1200,width_N1200
0.85,0.15000000000000002,2,12,2.5572302747192666,1.110590997266514,0.8208333333333333,0.2873098840403366,0,0.07515805393525707,9.948264646724942,0.331608821557498,0,0.46,1.2360571809328107,1200,width_N1200
0.85,0.15000000000000002,2,13,2.708934763987327,1.1764754198355838,0.8216666666666667,0.1745787882924589,0,0.010964711953678867,4.907402041200365,0.16358006804001213,1,0.715,1.274230769707595,1200,width_N1200
0.85,0.15000000000000002,2,14,2.16197699004671,0.9389346767790878,0.48333333333333334,0.42268598376443334,0,0.14436521216412804,17.312625541866712,0.5770875180622236,0,0.71,1.226677524116467,1200,width_N1200
0.85,0.15000000000000002,2,15,2.015491533614632,0.875316851371557,0.295,0.5132693604725671,0,0.21019400951844358,19.849154182928668,0.6616384727642889,0,0.53,1.3060808162109456,1200,width_N1200
0.85,0.15000000000000002,2,16,2.05526774746447,0.8925914415575454,0.7141666666666666,0.434873257466919,0,0.01692301000566726,0.3283135985463814,0.010943786618212712,1,0.41,1.22507393266887,1200,width_N1200
0.85,0.15000000000000002,2,17,2.570833936795258,1.116498992639794,0.7175,0.27294499113004433,0,0.2924914278692222,7.14387981238448,0.23812932707948262,1,0.725,1.2522894295618294,1200,width_N1200
0.85,0.15000000000000002,2,18,2.4203336466279497,1.0511375470952937,0.5033333333333333,0.4320520573754727,0,0.35013185554188375,29.4925563691371,0.9830852123045699,0,0.785,1.3157409219199976,1200,width_N1200
0.85,0.15000000000000002,2,19,2.272847398080374,0.9870850831944697,0.48083333333333333,0.3960547638764921,0,0.05493930338823702,5.895450699462456,0.1965150233154152,1,1.0,1.3718721038365942,1200,width_N1200
0.9,0.09999999999999998,0,0,2.4945106200163694,1.0833521973221685,0.42833333333333334,0.29698468903347036,0,0.15336536042444807,2.666849070931565,0.08889496903105215,1,0.765,1.3081694125445011,1200,width_N1200
0.9,0.09999999999999998,0,1,2.2589143875948774,0.9810340536243185,0.5258333333333334,0.42005160816113224,0,0.07841670673457779,11.565647737576679,0.3855215912525559,0,1.0,1.3496808399927234,1200,width_N1200
0.9,0.09999999999999998,0,2,1.661624840116256,0.721634499055863,0.33,0.7292283035829642,0,0.38219339831662513,19.9909563117383,0.6663652103912766,0,0.295,1.1031998066421038,1200,width_N1200
0.9,0.09999999999999998,0,3,1.9219546085960095,0.834694280981771,0.041666666666666664,0.5248149955284729,0,0.5097699182339706,29.237849770175295,0.9745949923391763,0,0.58,1.2368687486887735,1200,width_N1200
0.9,0.09999999999999998,0,4,2.120330078909731,0.9208476530839823,0.5808333333333333,0.4833452891683449,0,0.029447386363746247,2.7014429374309312,0.09004809791436436,1,0.425,1.2691101498087383,1200,width_N1200
0.9,0.09999999999999998,0,5,2.676471956810896,1.162377001811771,0.8233333333333334,0.24497399725881186,0,0.005334557202196413,0.7526244834834828,0.025087482782782757,1,0.725,1.313864623075374,1200,width_N1200
0.9,0.09999999999999998,0,6,2.365429428274848,1.02729294803133,0.6183333333333333,0.3741708410227883,0,0.12013248165521015,3.8170318514866466,0.12723439504955486,1,0.76,1.3107221895736174,1200,width_N1200
0.9,0.09999999999999998,0,7,1.8335078723381837,0.796282351482645,0.49333333333333335,0.5383323744454952,0,0.07155132782730954,9.441798922808402,0.31472663076028007,0,0.51,1.3108836011586802,1200,width_N1200
0.9,0.09999999999999998,0,8,2.4018432135379655,1.043107254036312,0.385,0.3046662652604729,0,0.19743801286846288,19.62902671129499,0.6543008903764996,0,0.485,1.2613693737820135,1200,width_N1200
0.9,0.09999999999999998,0,9,2.631944961109766,1.14303917328304,0.8275,0.2662153436717322,0,0.03184409208729888,2.2693681571560376,0.07564560523853457,1,0.69,1.2498539745514614,1200,width_N1200
0.9,0.09999999999999998,0,10,2.722746050979632,1.1824735855643238,0.6091666666666666,0.16149079362885363,0,0.2623663743693168,1.1461465184480324,0.038204883948267744,1,0.73,1.2217171618064255,1200,width_N1200
0.9,0.09999999999999998,0,11,2.3094408421449883,1.0029774140255674,0.4633333333333333,0.35632748094044325,0,0.43993027089329295,29.4717417432108,0.9823913914403598,0,0.81,1.281585764428025,1200,width_N1200
0.9,0.09999999999999998,0,12,2.657578507854339,1.1541716811858171,0.42,0.23190469793287927,0,0.2331429910061509,19.697047658895787,0.6565682552965261,0,0.545,1.2215730991231002,1200,width_N1200
0.9,0.09999999999999998,0,13,2.345674891723598,1.0187136618145662,0.6516666666666666,0.44424252643875445,0,0.01508594533994844,0.6894456091552648,0.022981520305175487,1,0.395,1.206569788069241,1200,width_N1200
0.9,0.09999999999999998,0,14,2.3801617231555787,1.033691102403803,0.2633333333333333,0.3883168787117969,0,0.4497302385198934,19.990745744278566,0.6663581914759521,0,0.24,1.069542901461062,1200,width_N1200
0.9,0.09999999999999998,0,15,2.4652739078467394,1.0706548545579047,0.5783333333333334,0.2866194270926076,0,0.18698279300320975,0.46778772925680223,0.015592924308560073,1,0.495,1.2296490809939369,1200,width_N1200
0.9,0.09999999999999998,0,16,2.9275519722476435,1.2714196670321334,0.6558333333333334,0.12157698352158121,0,0.07228883884643997,0.7176172717586082,0.023920575725286938,1,0.71,1.2935122241013148,1200,width_N1200
0.9,0.09999999999999998,0,17,2.097661632952854,0.9110028720915888,0.5716666666666667,0.4539688417398884,0,0.050502809950806915,9.617549982181583,0.32058499940605273,0,0.71,1.2280899356138164,1200,width_N1200
0.9,0.09999999999999998,0,18,2.5992888381572588,1.128856799284412,0.6475,0.2123788962514425,0,0.0993062121707753,0.23515225303348264,0.00783840843444942,1,0.49,1.298428697464352,1200,width_N1200
0.9,0.09999999999999998,0,19,2.56123517822902,1.112330304761355,0.29833333333333334,0.26403688723255847,0,0.6362702960074755,20.01832157961445,0.6672773859871483,0,0.27,1.070050215003091,1200,width_N1200
0.9,0.09999999999999998,1,0,2.3776271511894107,1.0325903517849093,0.11166666666666666,0.44284010233509263,0,0.3012185970689456,19.995030899703046,0.6665010299901015,0,0.205,1.174267004666194,1200,width_N1200
0.9,0.09999999999999998,1,1,2.269413519996747,0.9855937688912222,0.7625,0.4163029090113677,0,0.012034205206433439,0.38969822504122953,0.012989940834707649,1,0.7,1.2809309408348675,1200,width_N1200
0.9,0.09999999999999998,1,2,2.846840393867448,1.2363670739159125,0.5483333333333333,0.22380080887459594,0,0.39354144495953247,10.000193241696786,0.3333397747232262,0,0.22,0.9659482572443102,1200,width_N1200
0.9,0.09999999999999998,1,3,2.397691231085148,1.0413040709680945,0.36583333333333334,0.33210519629984164,0,0.22301714810943912,24.18473232751027,0.8061577442503423,0,1.0,1.3588469175714166,1200,width_N1200
0.9,0.09999999999999998,1,4,1.767030805229809,0.7674117280643656,0.6,0.6142733264575712,0,0.1927800035923305,19.916299084499336,0.6638766361499778,0,0.53,1.3261416072450098,1200,width_N1200
0.9,0.09999999999999998,1,5,2.7126197472265456,1.1780757877222823,0.9308333333333333,0.2931796321097853,0,0.004456241515312022,0.41068793037244977,0.013689597679081657,1,0.705,1.2681465087263608,1200,width_N1200
0.9,0.09999999999999998,1,6,2.3111710740676177,1.003728844201978,0.2783333333333333,0.43300481101047267,0,0.23102015457192782,11.79721340817943,0.39324044693931426,0,0.51,1.3002059297664863,1200,width_N1200
0.9,0.09999999999999998,1,7,2.8978000949903597,1.258498590913032,0.4483333333333333,0.1997214798143122,0,0.13837538432025537,0.8926956923348661,0.029756523077828865,1,0.72,1.2745340335389124,1200,width_N1200
0.9,0.09999999999999998,1,8,2.502477649188177,1.0868122341286468,0.8908333333333334,0.25556883763273075,0,0.017836739734887454,3.3881128895833665,0.11293709631944554,1,0.715,1.229245299331235,1200,width_N1200
0.9,0.09999999999999998,1,9,2.2642964788309854,0.9833714661492601,0.2075,0.4098370621733008,0,0.16885972871068777,16.99769281234858,0.5665897604116191,0,1.0,1.3751127404887444,1200,width_N1200
0.9,0.09999999999999998,1,10,2.4247278753612833,1.0530459363864009,0.9275,0.32515081936081347,0,0.0015982719059900712,0.6342701269522577,0.021142337565075255,1,0.695,1.268127049426228,1200,width_N1200
0.9,0.09999999999999998,1,11,2.3521921308175933,1.0215440627903327,0.2675,0.35701713523241047,0,0.14380204914574574,10.06327688527972,0.3354425628426573,0,0.27,1.3115638605456845,1200,width_N1200
0.9,0.09999999999999998,1,12,2.4269669598111356,1.0540183584074874,0.41833333333333333,0.3978468144112391,0,0.4031421718105425,29.41185408984861,0.9803951363282869,0,0.825,1.3040870310837704,1200,width_N1200
0.9,0.09999999999999998,1,13,2.135450068748555,0.9274141812374169,0.5925,0.4254794216540627,0,0.07374963642255926,12.595431645302547,0.4198477215100848,0,0.7,1.2601258319081983,1200,width_N1200
0.9,0.09999999999999998,1,14,1.8241792615312988,0.7922309872853919,0.45,0.6233075758948083,0,0.012646390540083124,0.6347781883828563,0.021159272946095205,1,0.665,1.3275561127704667,1200,width_N1200
0.9,0.09999999999999998,1,15,2.3926065511518018,1.0390958225307976,0.535,0.35517199033403474,0,0.23862855234243227,8.989312526812803,0.2996437508937601,1,0.77,1.3040768128102649,1200,width_N1200
0.9,0.09999999999999998,1,16,2.363909937659338,1.0266330416417104,0.6341666666666667,0.3474944612285556,0,0.13828861572355283,4.95986223159251,0.16532874105308365,1,0.76,1.3345084799465072,1200,width_N1200
0.9,0.09999999999999998,1,17,1.469905443385757,0.6383718229819869,0.14583333333333334,0.7242688361124393,0,0.2984262562522448,27.818482372664903,0.9272827457554966,0,0.74,1.3308532514013593,1200,width_N1200
0.9,0.09999999999999998,1,18,2.5423860724415377,1.1041442421290408,0.7941666666666667,0.23184804140997944,0,0.010803602082376525,0.2693466851644233,0.008978222838814108,1,0.435,1.304531110634643,1200,width_N1200
0.9,0.09999999999999998,1,19,2.1137436802346854,0.9179872164837953,0.2125,0.4568623010211863,0,0.14903472489133343,9.251324227614049,0.30837747425380163,1,0.7,1.3478008361378548,1200,width_N1200
0.9,0.09999999999999998,2,0,1.989292704205055,0.863938844326653,0.4083333333333333,0.5368597989686896,0,0.06120372199142142,0.07074335212746141,0.0023581117375820466,1,0.475,1.0919746599182867,1200,width_N1200
0.9,0.09999999999999998,2,1,1.9239880166848888,0.8355773788942289,0.5066666666666667,0.5228844194277802,0,0.19079864550095207,10.180896754372393,0.33936322514574635,0,0.515,1.2295928628632522,1200,width_N1200
0.9,0.09999999999999998,2,2,2.4016911627790543,1.0430412192307477,0.095,0.3883128316058742,0,0.30849623821870875,10.763935031945199,0.35879783439817325,0,0.5,1.2416058045108072,1200,width_N1200
0.9,0.09999999999999998,2,3,2.502817494347252,1.0869598270059344,0.3225,0.3492351475902194,0,0.20381660370862636,0.5322741210345538,0.017742470701151793,1,0.55,1.1980378399641451,1200,width_N1200
0.9,0.09999999999999998,2,4,2.4013052341352705,1.042873612550344,0.485,0.2232965185013866,0,0.08218184620956427,0.004060690796359179,0.00013535635987863928,1,0.185,1.0898469512717377,1200,width_N1200
0.9,0.09999999999999998,2,5,1.9867236688475793,0.862823126447087,0.295,0.5453693238455225,0,0.25843169453126325,10.057862074261026,0.33526206914203416,0,0.195,1.2299421832773911,1200,width_N1200
0.9,0.09999999999999998,2,6,2.061736969389561,0.8954009889418197,0.5191666666666667,0.578808108488498,0,0.2622505702171474,10.019833907957166,0.3339944635985721,0,0.23,1.2167469742026555,1200,width_N1200
0.9,0.09999999999999998,2,7,1.9927095461760829,0.865422759940206,0.4925,0.5199873376520082,0,0.059464752868172155,0.05905552823149418,0.0019685176077164726,1,0.14,1.2643950098083347,1200,width_N1200
0.9,0.09999999999999998,2,8,1.709375450596386,0.742372325694895,0.5166666666666667,0.6128602444147653,0,0.09789973216421864,0.9161654691871968,0.030538848972906554,1,0.72,1.3431503127629207,1200,width_N1200
0.9,0.09999999999999998,2,9,2.6747316168462407,1.1616211817684852,0.6783333333333333,0.24238240460014907,0,0.10983725789465477,0.5039031016066953,0.016796770053556506,1,0.47,1.3207329646284705,1200,width_N1200
0.9,0.09999999999999998,2,10,2.574689479104279,1.118173433389346,0.03833333333333333,0.44730124249142705,0,0.6496204340295173,25.14525425380134,0.8381751417933779,0,0.525,1.145107380694053,1200,width_N1200
0.9,0.09999999999999998,2,11,2.452565073021468,1.0651354777218693,0.2075,0.33629863544520117,0,0.33303947892107283,26.532200492281444,0.884406683076048,0,0.77,1.3196130152048915,1200,width_N1200
0.9,0.09999999999999998,2,12,2.011721104075213,0.8736793746281822,0.47,0.4004500516906083,0,0.11563614027796534,0.0004211772837714456,1.4039242792381517e-05,1,0.21,1.1037584163914542,1200,width_N1200
0.9,0.09999999999999998,2,13,2.3702101953143266,1.0293692087758408,0.1525,0.39160629767717625,0,0.4993392692108353,20.15532605476825,0.6718442018256082,0,0.6,1.1820608030618165,1200,width_N1200
0.9,0.09999999999999998,2,14,2.7964531490372577,1.214484171527853,0.5833333333333334,0.2190614829466506,0,0.030678027297205042,3.0777128285886413,0.10259042761962137,1,0.42,1.2732446002329358,1200,width_N1200
0.9,0.09999999999999998,2,15,2.233554917287517,0.9700205756058426,0.1075,0.4449729456766492,0,0.5007071181072282,28.063726807107063,0.935457560236902,0,0.795,1.2445172464006464,1200,width_N1200
0.9,0.09999999999999998,2,16,2.6597417474667866,1.1551111642125376,0.4508333333333333,0.17430644237174703,0,0.03829076112949037,0.15636361393725484,0.00521212046457516,1,0.445,1.314972681623457,1200,width_N1200
0.9,0.09999999999999998,2,17,1.770836996145618,0.769064735776172,0.0975,0.5675628785131865,0,0.35137832110815026,11.870152784629706,0.3956717594876568,1,0.43,1.1992096648431156,1200,width_N1200
0.9,0.09999999999999998,2,18,2.004932300324238,0.8707310346204099,0.5983333333333334,0.5050595968986482,0,0.11404519503885402,0.008884430772126972,0.0002961476924042324,1,0.19,1.2068890408732198,1200,width_N1200
0.9,0.09999999999999998,2,19,2.375320823799932,1.031588726526197,0.09333333333333334,0.3725664464772079,0,0.09299676470803434,18.22611684522965,0.6075372281743217,0,0.695,1.339797877227692,1200,width_N1200
