true_provenance,declared_signal,seed_rep,observer,true_goal,modal_goal,within_entropy
CREATOR,SIG_CREATOR,0,0,1,1,2.2731461814099323e-09
CREATOR,SIG_CREATOR,0,1,1,1,2.3335629546582213e-12
CREATOR,SIG_CREATOR,0,2,1,1,4.629206687103053e-14
CREATOR,SIG_CREATOR,0,3,1,1,4.679649982777427e-14
CREATOR,SIG_CREATOR,0,4,1,1,4.631777300075313e-14
CREATOR,SIG_CREATOR,0,5,1,1,1.5233248591838462e-12
CREATOR,SIG_CREATOR,0,6,1,1,4.729340833771273e-14
CREATOR,SIG_CREATOR,0,7,1,1,4.7045500265350166e-14
CREATOR,SIG_CREATOR,0,8,1,1,1.8416187418148084e-12
CREATOR,SIG_CREATOR,0,9,1,1,4.679392022860055e-14
CREATOR,SIG_CREATOR,0,10,1,1,4.646783553674914e-14
CREATOR,SIG_CREATOR,0,11,1,1,2.613924692438943e-12
CREATOR,SIG_CREATOR,0,12,1,1,1.3946913552215642e-12
CREATOR,SIG_CREATOR,0,13,1,1,4.5894676418731866e-14
CREATOR,SIG_CREATOR,0,14,1,1,1.131673828395844e-10
CREATOR,SIG_CREATOR,0,15,1,1,1.2369235379921234e-12
CREATOR,SIG_CREATOR,0,16,1,1,1.904364878577814e-12
CREATOR,SIG_CREATOR,0,17,1,1,2.4137047885624796e-12
CREATOR,SIG_CREATOR,0,18,1,1,4.6215451218046035e-14
CREATOR,SIG_CREATOR,0,19,1,1,4.753745348322248e-14
CREATOR,SIG_CREATOR,0,20,1,1,4.763940937831763e-14
CREATOR,SIG_CREATOR,0,21,1,1,1.8130465963776057e-12
CREATOR,SIG_CREATOR,0,22,1,1,4.727578373341433e-14
CREATOR,SIG_CREATOR,0,23,1,1,4.699964374236689e-14
CREATOR,SIG_CREATOR,0,24,1,1,4.7090301716683774e-14
CREATOR,SIG_CREATOR,0,25,1,1,1.5610181376227003e-10
CREATOR,SIG_CREATOR,0,26,1,1,2.440027857510907e-12
CREATOR,SIG_CREATOR,0,27,1,1,4.5610722879414403e-14
CREATOR,SIG_CREATOR,0,28,1,1,1.7671500971298758e-12
CREATOR,SIG_CREATOR,0,29,1,1,1.5985107113328728e-12
CREATOR,SIG_CREATOR,0,30,1,1,1.2150014290786796e-12
CREATOR,SIG_CREATOR,0,31,1,1,1.0569545177806092e-12
CREATOR,SIG_CREATOR,0,32,1,1,1.7582480275090076e-12
CREATOR,SIG_CREATOR,0,33,1,1,1.458152048737266e-07
CREATOR,SIG_CREATOR,0,34,1,1,1.9618122977140272e-12
CREATOR,SIG_CREATOR,0,35,1,1,4.591714172894009e-14
CREATOR,SIG_CREATOR,0,36,1,1,1.6905730862726361e-12
CREATOR,SIG_CREATOR,0,37,1,1,1.5222255765581457e-12
CREATOR,SIG_CREATOR,0,38,1,1,4.575778829615124e-14
CREATOR,SIG_CREATOR,0,39,1,1,1.8828018497768627e-12
CREATOR,SIG_CREATOR,0,40,1,1,1.1324015087472405e-12
CREATOR,SIG_CREATOR,0,41,1,1,4.760530767777824e-14
CREATOR,SIG_CREATOR,0,42,1,1,4.6818921114174775e-14
CREATOR,SIG_CREATOR,0,43,1,1,1.242207142368004e-10
CREATOR,SIG_CREATOR,0,44,1,1,1.064930681913886e-10
CREATOR,SIG_CREATOR,0,45,1,1,4.5888973205679107e-14
CREATOR,SIG_CREATOR,0,46,1,1,4.654542867892057e-14
CREATOR,SIG_CREATOR,0,47,1,1,1.1542660946192199e-12
CREATOR,SIG_CREATOR,0,48,1,1,4.760116592540042e-14
CREATOR,SIG_CREATOR,0,49,1,1,4.6730820481312466e-14
CREATOR,SIG_CREATOR,0,50,1,1,4.6996764264914497e-14
CREATOR,SIG_CREATOR,0,51,1,1,4.6431660544489986e-14
CREATOR,SIG_CREATOR,0,52,1,1,4.622576722635192e-14
CREATOR,SIG_CREATOR,0,53,1,1,2.1817930463890907e-12
CREATOR,SIG_CREATOR,0,54,1,1,1.0304491327498023e-12
CREATOR,SIG_CREATOR,0,55,1,1,3.0044179955520623e-12
CREATOR,SIG_CREATOR,0,56,1,1,4.669250072295008e-14
CREATOR,SIG_CREATOR,0,57,1,1,4.706895557482108e-14
CREATOR,SIG_CREATOR,0,58,1,1,4.746214485233249e-14
CREATOR,SIG_CREATOR,0,59,1,1,1.598430955414478e-10
CREATOR,SIG_CREATOR,0,60,1,1,1.4885838641502493e-12
CREATOR,SIG_CREATOR,0,61,1,1,1.4919768300249579e-12
CREATOR,SIG_CREATOR,0,62,1,1,4.653681765770472e-14
CREATOR,SIG_CREATOR,0,63,1,1,4.6894517766795535e-14
CREATOR,SIG_CREATOR,0,64,1,1,4.686252786574117e-14
CREATOR,SIG_CREATOR,0,65,1,1,1.4224004727717052e-12
CREATOR,SIG_CREATOR,0,66,1,1,8.86381773024718e-11
CREATOR,SIG_CREATOR,0,67,1,1,9.634497926571463e-08
CREATOR,SIG_CREATOR,0,68,1,1,4.694270811859955e-14
CREATOR,SIG_CREATOR,0,69,1,1,4.70590088300543e-14
CREATOR,SIG_CREATOR,0,70,1,1,4.7626386212318854e-14
CREATOR,SIG_CREATOR,0,71,1,1,4.6144622112171654e-14
CREATOR,SIG_CREATOR,0,72,1,1,2.0343109708351438e-12
CREATOR,SIG_CREATOR,0,73,1,1,4.685338147340244e-14
CREATOR,SIG_CREATOR,0,74,1,1,1.361598419905278e-12
CREATOR,SIG_CREATOR,0,75,1,1,1.251792821341606e-10
CREATOR,SIG_CREATOR,0,76,1,1,4.757288495546647e-14
CREATOR,SIG_CREATOR,0,77,1,1,1.575241875236168e-12
CREATOR,SIG_CREATOR,0,78,1,1,2.215457856230692e-12
CREATOR,SIG_CREATOR,0,79,1,1,1.5403703254902356e-12
CREATOR,SIG_CREATOR,0,80,1,1,1.48837349918584e-12
CREATOR,SIG_CREATOR,0,81,1,1,4.6270517963118957e-14
CREATOR,SIG_CREATOR,0,82,1,1,2.424364180916554e-09
CREATOR,SIG_CREATOR,0,83,1,1,1.7079500150533529e-12
CREATOR,SIG_CREATOR,0,84,1,1,4.648854770718893e-14
CREATOR,SIG_CREATOR,0,85,1,1,4.740492354436056e-14
CREATOR,SIG_CREATOR,0,86,1,1,1.3575876911151525e-10
CREATOR,SIG_CREATOR,0,87,1,1,1.788769116098236e-12
CREATOR,SIG_CREATOR,0,88,1,1,4.762974348203967e-14
CREATOR,SIG_CREATOR,0,89,1,1,1.090749100537158e-12
CREATOR,SIG_CREATOR,0,90,1,1,2.2670688328744816e-12
CREATOR,SIG_CREATOR,0,91,1,1,4.607936957141855e-14
CREATOR,SIG_CREATOR,0,92,1,1,4.7438651436304143e-14
CREATOR,SIG_CREATOR,0,93,1,1,2.455325782315676e-12
CREATOR,SIG_CREATOR,0,94,1,1,4.745148565081425e-14
CREATOR,SIG_CREATOR,0,95,1,1,4.726483412177397e-14
CREATOR,SIG_CREATOR,0,96,1,1,4.7116513328398196e-14
CREATOR,SIG_CREATOR,0,97,1,1,1.2752422414998832e-12
CREATOR,SIG_CREATOR,0,98,1,1,4.607159566529966e-14
CREATOR,SIG_CREATOR,0,99,1,1,9.081915917400185e-11
CREATOR,SIG_CREATOR,0,100,1,1,4.6978598501042927e-14
CREATOR,SIG_CREATOR,0,101,1,1,4.700832415630718e-14
CREATOR,SIG_CREATOR,0,102,1,1,4.6217469563138706e-14
CREATOR,SIG_CREATOR,0,103,1,1,2.9904167988926833e-12
CREATOR,SIG_CREATOR,0,104,1,1,1.6142297793575933e-12
CREATOR,SIG_CREATOR,0,105,1,1,4.7578366022808924e-14
CREATOR,SIG_CREATOR,0,106,1,1,1.4275279064540772e-12
CREATOR,SIG_CREATOR,0,107,1,1,4.720600206258846e-14
CREATOR,SIG_CREATOR,0,108,1,1,1.7869312737694792e-12
CREATOR,SIG_CREATOR,0,109,1,1,1.825075835865255e-12
CREATOR,SIG_CREATOR,0,110,1,1,4.676731597021271e-14
CREATOR,SIG_CREATOR,0,111,1,1,4.680425429537081e-14
CREATOR,SIG_CREATOR,0,112,1,1,4.7114770080666335e-14
CREATOR,SIG_CREATOR,0,113,1,1,4.3189248317355614e-09
CREATOR,SIG_CREATOR,0,114,1,1,4.6636588787217247e-14
CREATOR,SIG_CREATOR,0,115,1,1,4.711782228800194e-14
CREATOR,SIG_CREATOR,0,116,1,1,1.6332766862481964e-12
CREATOR,SIG_CREATOR,0,117,1,1,1.1910476698305553e-12
CREATOR,SIG_CREATOR,0,118,1,1,1.2763096948252773e-12
CREATOR,SIG_CREATOR,0,119,1,1,4.7051711192302516e-14
CREATOR,SIG_CREATOR,0,120,1,1,1.729643695688686e-10
CREATOR,SIG_CREATOR,0,121,1,1,4.6526949602371655e-14
CREATOR,SIG_CREATOR,0,122,1,1,4.6346749860368967e-14
CREATOR,SIG_CREATOR,0,123,1,1,4.667856985085059e-14
CREATOR,SIG_CREATOR,0,124,1,1,4.662145733783644e-14
CREATOR,SIG_CREATOR,0,125,1,1,4.682718514870684e-14
CREATOR,SIG_CREATOR,0,126,1,1,4.62596169451289e-14
CREATOR,SIG_CREATOR,0,127,1,1,4.735416431514992e-14
CREATOR,SIG_CREATOR,0,128,1,1,4.6480838553022836e-14
CREATOR,SIG_CREATOR,0,129,1,1,1.596619406522194e-07
CREATOR,SIG_CREATOR,0,130,1,1,4.7672286537558616e-14
CREATOR,SIG_CREATOR,0,131,1,1,4.757185324593036e-14
CREATOR,SIG_CREATOR,0,132,1,1,4.664080606065408e-14
CREATOR,SIG_CREATOR,0,133,1,1,1.522744802222372e-10
CREATOR,SIG_CREATOR,0,134,1,1,1.5007679933367398e-12
CREATOR,SIG_CREATOR,0,135,1,1,4.6386385562500953e-14
CREATOR,SIG_CREATOR,0,136,1,1,4.7632590579961155e-14
CREATOR,SIG_CREATOR,0,137,1,1,4.730574750869064e-14
CREATOR,SIG_CREATOR,0,138,1,1,2.131650842153901e-12
CREATOR,SIG_CREATOR,0,139,1,1,1.7574882023000732e-12
CREATOR,SIG_CREATOR,0,140,1,1,4.68624281257768e-14
CREATOR,SIG_CREATOR,0,141,1,1,1.7431288295650297e-12
CREATOR,SIG_CREATOR,0,142,1,1,1.0875623194562655e-10
CREATOR,SIG_CREATOR,0,143,1,1,1.8656681285965346e-12
CREATOR,SIG_CREATOR,0,144,1,1,4.734076155360572e-14
CREATOR,SIG_CREATOR,0,145,1,1,4.651638227802098e-14
CREATOR,SIG_CREATOR,0,146,1,1,4.742398666697531e-14
CREATOR,SIG_CREATOR,0,147,1,1,4.70850501179128e-14
CREATOR,SIG_CREATOR,0,148,1,1,4.751853008215424e-14
CREATOR,SIG_CREATOR,0,149,1,1,2.262276290624325e-12
CREATOR,SIG_CREATOR,0,150,1,1,4.7607902017721564e-09
CREATOR,SIG_CREATOR,0,151,1,1,4.6060751633354237e-14
CREATOR,SIG_CREATOR,0,152,1,1,4.7434482806105575e-14
CREATOR,SIG_CREATOR,0,153,1,1,4.675686532502585e-14
CREATOR,SIG_CREATOR,0,154,1,1,1.8264838514533793e-12
CREATOR,SIG_CREATOR,0,155,1,1,4.577709247328769e-14
CREATOR,SIG_CREATOR,0,156,1,1,1.035961316229507e-12
CREATOR,SIG_CREATOR,0,157,1,1,6.71733333593533e-11
CREATOR,SIG_CREATOR,0,158,1,1,1.5465044176628547e-12
CREATOR,SIG_CREATOR,0,159,1,1,1.0413168595129263e-12
CREATOR,SIG_CREATOR,0,160,1,1,4.701696310481601e-14
CREATOR,SIG_CREATOR,0,161,1,1,4.7018622426080196e-14
CREATOR,SIG_CREATOR,0,162,1,1,2.1762584136095474e-12
CREATOR,SIG_CREATOR,0,163,1,1,2.1577394591325733e-12
CREATOR,SIG_CREATOR,0,164,1,1,4.7106588323608114e-14
CREATOR,SIG_CREATOR,0,165,1,1,4.548783836586286e-14
CREATOR,SIG_CREATOR,0,166,1,1,4.6095425792998914e-14
CREATOR,SIG_CREATOR,0,167,1,1,4.662006662372333e-14
CREATOR,SIG_CREATOR,0,168,1,1,2.048656596329758e-12
CREATOR,SIG_CREATOR,0,169,1,1,4.731053710510698e-14
CREATOR,SIG_CREATOR,0,170,1,1,9.854219086471431e-13
CREATOR,SIG_CREATOR,0,171,1,1,4.708810256861685e-14
CREATOR,SIG_CREATOR,0,172,1,1,1.5195057555298858e-12
CREATOR,SIG_CREATOR,0,173,1,1,4.591220206388251e-14
CREATOR,SIG_CREATOR,0,174,1,1,1.7995204093241002e-12
CREATOR,SIG_CREATOR,0,175,1,1,2.534127003917112e-12
CREATOR,SIG_CREATOR,0,176,1,1,1.3675844633109384e-12
CREATOR,SIG_CREATOR,0,177,1,1,1.4925429696655107e-12
CREATOR,SIG_CREATOR,0,178,1,1,4.641100223353127e-14
CREATOR,SIG_CREATOR,0,179,1,1,4.6787520059731765e-14
CREATOR,SIG_CREATOR,0,180,1,1,4.6178660855301484e-14
CREATOR,SIG_CREATOR,0,181,1,1,1.6351550967382633e-12
CREATOR,SIG_CREATOR,0,182,1,1,4.76235458569413e-14
CREATOR,SIG_CREATOR,0,183,1,1,1.6870228115841501e-12
CREATOR,SIG_CREATOR,0,184,1,1,1.6574127486610887e-12
CREATOR,SIG_CREATOR,0,185,1,1,1.1876472600564274e-12
CREATOR,SIG_CREATOR,0,186,1,1,4.615726383078164e-14
CREATOR,SIG_CREATOR,0,187,1,1,4.6649176550084516e-14
CREATOR,SIG_CREATOR,0,188,1,1,4.739999802410632e-14
CREATOR,SIG_CREATOR,0,189,1,1,4.7370515315034726e-14
CREATOR,SIG_CREATOR,0,190,1,1,4.5714338700901554e-14
CREATOR,SIG_CREATOR,0,191,1,1,4.7292974041629024e-14
CREATOR,SIG_CREATOR,0,192,1,1,4.619033837129231e-14
CREATOR,SIG_CREATOR,0,193,1,1,4.720828661918013e-14
CREATOR,SIG_CREATOR,0,194,1,1,4.7156965970118474e-14
CREATOR,SIG_CREATOR,0,195,1,1,4.670656221822948e-14
CREATOR,SIG_CREATOR,0,196,1,1,4.596357875071933e-14
CREATOR,SIG_CREATOR,0,197,1,1,1.2451240656633335e-12
CREATOR,SIG_CREATOR,0,198,1,1,2.0573444333821696e-12
CREATOR,SIG_CREATOR,0,199,1,1,4.755244588187123e-14
CREATOR,SIG_CREATOR,1,0,1,1,4.761541435743109e-14
CREATOR,SIG_CREATOR,1,1,1,1,4.559796693525961e-14
CREATOR,SIG_CREATOR,1,2,1,1,4.643095898085323e-14
CREATOR,SIG_CREATOR,1,3,1,1,4.5545092287809476e-14
CREATOR,SIG_CREATOR,1,4,1,1,1.9142598029001807e-12
CREATOR,SIG_CREATOR,1,5,1,1,4.724483788675353e-14
CREATOR,SIG_CREATOR,1,6,1,1,1.1839001148162714e-12
CREATOR,SIG_CREATOR,1,7,1,1,4.7481306868989504e-14
CREATOR,SIG_CREATOR,1,8,1,1,1.7186456005384373e-10
CREATOR,SIG_CREATOR,1,9,1,1,4.64824986549592e-14
CREATOR,SIG_CREATOR,1,10,1,1,4.660409504541482e-14
CREATOR,SIG_CREATOR,1,11,1,1,4.672257260537469e-14
CREATOR,SIG_CREATOR,1,12,1,1,1.0384859076141285e-12
CREATOR,SIG_CREATOR,1,13,1,1,1.5557870521714994e-12
CREATOR,SIG_CREATOR,1,14,1,1,1.6795855915844462e-12
CREATOR,SIG_CREATOR,1,15,1,1,4.598240263443976e-14
CREATOR,SIG_CREATOR,1,16,1,1,2.245726992920739e-12
CREATOR,SIG_CREATOR,1,17,1,1,1.5951302482251078e-10
CREATOR,SIG_CREATOR,1,18,1,1,4.7138690798767147e-14
CREATOR,SIG_CREATOR,1,19,1,1,1.7722937603029033e-12
CREATOR,SIG_CREATOR,1,20,1,1,2.277021373858922e-12
CREATOR,SIG_CREATOR,1,21,1,1,3.081052662160937e-12
CREATOR,SIG_CREATOR,1,22,1,1,4.585954339841659e-14
CREATOR,SIG_CREATOR,1,23,1,1,1.8924593105753933e-12
CREATOR,SIG_CREATOR,1,24,1,1,3.7798010266483795e-06
CREATOR,SIG_CREATOR,1,25,1,1,4.5894914225841454e-14
CREATOR,SIG_CREATOR,1,26,1,1,1.0774296010934907e-10
CREATOR,SIG_CREATOR,1,27,1,1,4.649174421687925e-14
CREATOR,SIG_CREATOR,1,28,1,1,2.342635536712718e-12
CREATOR,SIG_CREATOR,1,29,1,1,4.742869652967664e-14
CREATOR,SIG_CREATOR,1,30,1,1,1.4388273655547688e-12
CREATOR,SIG_CREATOR,1,31,1,1,4.668194734192783e-14
CREATOR,SIG_CREATOR,1,32,1,1,4.6538424247404844e-14
CREATOR,SIG_CREATOR,1,33,1,1,4.5990472055506644e-14
CREATOR,SIG_CREATOR,1,34,1,1,4.6436125443758776e-14
CREATOR,SIG_CREATOR,1,35,1,1,4.707836001848236e-14
CREATOR,SIG_CREATOR,1,36,1,1,1.359795772170061e-10
CREATOR,SIG_CREATOR,1,37,1,1,4.655475976576246e-14
CREATOR,SIG_CREATOR,1,38,1,1,4.6796887507291267e-14
CREATOR,SIG_CREATOR,1,39,1,1,3.2838912971968862e-09
CREATOR,SIG_CREATOR,1,40,1,1,4.6198021923292425e-14
CREATOR,SIG_CREATOR,1,41,1,1,2.5993214196206113e-09
CREATOR,SIG_CREATOR,1,42,1,1,1.8712472606761954e-12
CREATOR,SIG_CREATOR,1,43,1,1,4.754298822687187e-14
CREATOR,SIG_CREATOR,1,44,1,1,4.5769308683393915e-14
CREATOR,SIG_CREATOR,1,45,1,1,1.8389077362259647e-12
CREATOR,SIG_CREATOR,1,46,1,1,1.1927257191236411e-12
CREATOR,SIG_CREATOR,1,47,1,1,4.7162790257836354e-14
CREATOR,SIG_CREATOR,1,48,1,1,4.736096692130374e-14
CREATOR,SIG_CREATOR,1,49,1,1,1.2751084401356714e-12
CREATOR,SIG_CREATOR,1,50,1,1,4.730805143054455e-14
CREATOR,SIG_CREATOR,1,51,1,1,4.710467438273347e-14
CREATOR,SIG_CREATOR,1,52,1,1,4.5873758091109335e-14
CREATOR,SIG_CREATOR,1,53,1,1,4.6033661650833456e-14
CREATOR,SIG_CREATOR,1,54,1,1,4.764558683584944e-14
CREATOR,SIG_CREATOR,1,55,1,1,1.7029490920343773e-10
CREATOR,SIG_CREATOR,1,56,1,1,1.4401930173421767e-10
CREATOR,SIG_CREATOR,1,57,1,1,4.60241944603916e-14
CREATOR,SIG_CREATOR,1,58,1,1,4.59879165404109e-14
CREATOR,SIG_CREATOR,1,59,1,1,1.5873448230216388e-12
CREATOR,SIG_CREATOR,1,60,1,1,1.4859094180128051e-12
CREATOR,SIG_CREATOR,1,61,1,1,2.7846192070086612e-09
CREATOR,SIG_CREATOR,1,62,1,1,2.021677031137762e-12
CREATOR,SIG_CREATOR,1,63,1,1,2.692678466646097e-12
CREATOR,SIG_CREATOR,1,64,1,1,2.8378383858428016e-12
CREATOR,SIG_CREATOR,1,65,1,1,1.7602252076978527e-10
CREATOR,SIG_CREATOR,1,66,1,1,4.7605716023281e-14
CREATOR,SIG_CREATOR,1,67,1,1,4.5761907688325956e-14
CREATOR,SIG_CREATOR,1,68,1,1,4.6535563616710845e-14
CREATOR,SIG_CREATOR,1,69,1,1,4.566202654575859e-14
CREATOR,SIG_CREATOR,1,70,1,1,4.663540990718372e-14
CREATOR,SIG_CREATOR,1,71,1,1,4.656390237156343e-14
CREATOR,SIG_CREATOR,1,72,1,1,1.562858536022417e-10
CREATOR,SIG_CREATOR,1,73,1,1,2.396294562385387e-12
CREATOR,SIG_CREATOR,1,74,1,1,1.125496201036301e-12
CREATOR,SIG_CREATOR,1,75,1,1,1.0794046569244693e-12
CREATOR,SIG_CREATOR,1,76,1,1,2.362431204315158e-12
CREATOR,SIG_CREATOR,1,77,1,1,6.211845042741282e-11
CREATOR,SIG_CREATOR,1,78,1,1,4.6376620363485014e-14
CREATOR,SIG_CREATOR,1,79,1,1,1.783359596495171e-12
CREATOR,SIG_CREATOR,1,80,1,1,4.6236418570614743e-14
CREATOR,SIG_CREATOR,1,81,1,1,4.6474626636642144e-14
CREATOR,SIG_CREATOR,1,82,1,1,4.6609858501538834e-14
CREATOR,SIG_CREATOR,1,83,1,1,4.611200680488264e-14
CREATOR,SIG_CREATOR,1,84,1,1,4.724056902892494e-14
CREATOR,SIG_CREATOR,1,85,1,1,1.765280949545209e-12
CREATOR,SIG_CREATOR,1,86,1,1,4.7221289551954806e-14
CREATOR,SIG_CREATOR,1,87,1,1,4.744026877969335e-14
CREATOR,SIG_CREATOR,1,88,1,1,1.274048088996764e-12
CREATOR,SIG_CREATOR,1,89,1,1,4.717631034887626e-14
CREATOR,SIG_CREATOR,1,90,1,1,4.6347586742820287e-14
CREATOR,SIG_CREATOR,1,91,1,1,1.1592260820428973e-12
CREATOR,SIG_CREATOR,1,92,1,1,1.7584711968395747e-12
CREATOR,SIG_CREATOR,1,93,1,1,4.6367507152380875e-14
CREATOR,SIG_CREATOR,1,94,1,1,4.590619111118771e-14
CREATOR,SIG_CREATOR,1,95,1,1,4.736038472330845e-14
CREATOR,SIG_CREATOR,1,96,1,1,4.695074719791619e-14
CREATOR,SIG_CREATOR,1,97,1,1,4.757842130365966e-14
CREATOR,SIG_CREATOR,1,98,1,1,8.068232928772998e-08
CREATOR,SIG_CREATOR,1,99,1,1,1.7180514275860927e-12
CREATOR,SIG_CREATOR,1,100,1,1,4.691174385311594e-14
CREATOR,SIG_CREATOR,1,101,1,1,4.7280489584376296e-14
CREATOR,SIG_CREATOR,1,102,1,1,4.7027780214790074e-14
CREATOR,SIG_CREATOR,1,103,1,1,4.7057890921820576e-14
CREATOR,SIG_CREATOR,1,104,1,1,2.949079384822191e-12
CREATOR,SIG_CREATOR,1,105,1,1,4.640360308105672e-14
CREATOR,SIG_CREATOR,1,106,1,1,4.555627856038015e-14
CREATOR,SIG_CREATOR,1,107,1,1,4.7203372505868796e-14
CREATOR,SIG_CREATOR,1,108,1,1,2.1476023373049708e-12
CREATOR,SIG_CREATOR,1,109,1,1,4.610099690373178e-14
CREATOR,SIG_CREATOR,1,110,1,1,4.614447584019343e-14
CREATOR,SIG_CREATOR,1,111,1,1,1.5552729667793688e-10
CREATOR,SIG_CREATOR,1,112,1,1,4.5993741960373936e-14
CREATOR,SIG_CREATOR,1,113,1,1,4.6132149234806486e-14
CREATOR,SIG_CREATOR,1,114,1,1,1.2274419269747218e-12
CREATOR,SIG_CREATOR,1,115,1,1,1.5983297922420772e-10
CREATOR,SIG_CREATOR,1,116,1,1,4.681920117598959e-14
CREATOR,SIG_CREATOR,1,117,1,1,2.3956007222654047e-12
CREATOR,SIG_CREATOR,1,118,1,1,4.260282479216394e-09
CREATOR,SIG_CREATOR,1,119,1,1,8.727192150516356e-13
CREATOR,SIG_CREATOR,1,120,1,1,2.308949776164773e-12
CREATOR,SIG_CREATOR,1,121,1,1,4.622901547716154e-14
CREATOR,SIG_CREATOR,1,122,1,1,2.617692446337436e-12
CREATOR,SIG_CREATOR,1,123,1,1,4.739481036782047e-14
CREATOR,SIG_CREATOR,1,124,1,1,4.6884788944176284e-14
CREATOR,SIG_CREATOR,1,125,1,1,4.724827108630799e-14
CREATOR,SIG_CREATOR,1,126,1,1,4.588587678316255e-14
CREATOR,SIG_CREATOR,1,127,1,1,4.7387819932681174e-14
CREATOR,SIG_CREATOR,1,128,1,1,4.667162718118996e-14
CREATOR,SIG_CREATOR,1,129,1,1,4.718139212328797e-14
CREATOR,SIG_CREATOR,1,130,1,1,4.564474516481265e-14
CREATOR,SIG_CREATOR,1,131,1,1,4.703849182082024e-14
CREATOR,SIG_CREATOR,1,132,1,1,4.63194453991963e-14
CREATOR,SIG_CREATOR,1,133,1,1,1.86295752118652e-12
CREATOR,SIG_CREATOR,1,134,1,1,4.636446391857221e-14
CREATOR,SIG_CREATOR,1,135,1,1,4.697028303118446e-14
CREATOR,SIG_CREATOR,1,136,1,1,2.0481032797667836e-09
CREATOR,SIG_CREATOR,1,137,1,1,4.726225890222494e-14
CREATOR,SIG_CREATOR,1,138,1,1,4.697034431515686e-14
CREATOR,SIG_CREATOR,1,139,1,1,2.7343011476787087e-12
CREATOR,SIG_CREATOR,1,140,1,1,4.7674454958133485e-14
CREATOR,SIG_CREATOR,1,141,1,1,4.663483242630976e-14
CREATOR,SIG_CREATOR,1,142,1,1,4.758910260696759e-14
CREATOR,SIG_CREATOR,1,143,1,1,1.8138806553788198e-12
CREATOR,SIG_CREATOR,1,144,1,1,1.2991574364857671e-12
CREATOR,SIG_CREATOR,1,145,1,1,4.653707874821674e-14
CREATOR,SIG_CREATOR,1,146,1,1,2.137523440853419e-09
CREATOR,SIG_CREATOR,1,147,1,1,4.768569402244809e-14
CREATOR,SIG_CREATOR,1,148,1,1,4.6530934804866805e-14
CREATOR,SIG_CREATOR,1,149,1,1,1.9302120136754544e-10
CREATOR,SIG_CREATOR,1,150,1,1,9.319367294811425e-08
CREATOR,SIG_CREATOR,1,151,1,1,4.7508314174696004e-14
CREATOR,SIG_CREATOR,1,152,1,1,4.7137217743643894e-14
CREATOR,SIG_CREATOR,1,153,1,1,2.4715769398907064e-12
CREATOR,SIG_CREATOR,1,154,1,1,2.0161356975674535e-12
CREATOR,SIG_CREATOR,1,155,1,1,1.8775145530178816e-12
CREATOR,SIG_CREATOR,1,156,1,1,9.868048776829488e-11
CREATOR,SIG_CREATOR,1,157,1,1,1.6020479286396006e-10
CREATOR,SIG_CREATOR,1,158,1,1,4.718069692708083e-14
CREATOR,SIG_CREATOR,1,159,1,1,4.6444715637080286e-14
CREATOR,SIG_CREATOR,1,160,1,1,4.7234672351859217e-14
CREATOR,SIG_CREATOR,1,161,1,1,1.2030888973649805e-12
CREATOR,SIG_CREATOR,1,162,1,1,4.721155518109316e-14
CREATOR,SIG_CREATOR,1,163,1,1,1.283630026944936e-12
CREATOR,SIG_CREATOR,1,164,1,1,4.6989421798375004e-14
CREATOR,SIG_CREATOR,1,165,1,1,4.5969579995172126e-14
CREATOR,SIG_CREATOR,1,166,1,1,1.3218598264795053e-12
CREATOR,SIG_CREATOR,1,167,1,1,1.229916649578462e-10
CREATOR,SIG_CREATOR,1,168,1,1,2.1248156365510463e-12
CREATOR,SIG_CREATOR,1,169,1,1,1.4334526509380194e-12
CREATOR,SIG_CREATOR,1,170,1,1,4.61207740208522e-14
CREATOR,SIG_CREATOR,1,171,1,1,1.0865578551173754e-12
CREATOR,SIG_CREATOR,1,172,1,1,4.64565311939074e-14
CREATOR,SIG_CREATOR,1,173,1,1,1.6572287994265075e-12
CREATOR,SIG_CREATOR,1,174,1,1,1.2898030282776282e-12
CREATOR,SIG_CREATOR,1,175,1,1,1.7795100399150848e-10
CREATOR,SIG_CREATOR,1,176,1,1,2.7888117581592776e-12
CREATOR,SIG_CREATOR,1,177,1,1,4.7302895566933955e-14
CREATOR,SIG_CREATOR,1,178,1,1,9.3885559110175e-08
CREATOR,SIG_CREATOR,1,179,1,1,4.6857619358755816e-14
CREATOR,SIG_CREATOR,1,180,1,1,4.620153200135142e-14
CREATOR,SIG_CREATOR,1,181,1,1,4.6399880541901296e-14
CREATOR,SIG_CREATOR,1,182,1,1,2.1408153323838684e-12
CREATOR,SIG_CREATOR,1,183,1,1,4.7473038157230335e-14
CREATOR,SIG_CREATOR,1,184,1,1,1.2479361890434742e-12
CREATOR,SIG_CREATOR,1,185,1,1,1.838102658412651e-12
CREATOR,SIG_CREATOR,1,186,1,1,4.6444864661335277e-14
CREATOR,SIG_CREATOR,1,187,1,1,4.539405623540169e-14
CREATOR,SIG_CREATOR,1,188,1,1,1.404172926735251e-12
CREATOR,SIG_CREATOR,1,189,1,1,4.67807891731206e-14
CREATOR,SIG_CREATOR,1,190,1,1,1.3294225609575358e-12
CREATOR,SIG_CREATOR,1,191,1,1,4.630134147580401e-14
CREATOR,SIG_CREATOR,1,192,1,1,2.173842173101111e-12
CREATOR,SIG_CREATOR,1,193,1,1,4.6557152670361086e-14
CREATOR,SIG_CREATOR,1,194,1,1,4.692359227543793e-14
CREATOR,SIG_CREATOR,1,195,1,1,2.1419548623398333e-12
CREATOR,SIG_CREATOR,1,196,1,1,1.5921635922603879e-12
CREATOR,SIG_CREATOR,1,197,1,1,2.091100454617849e-12
CREATOR,SIG_CREATOR,1,198,1,1,1.999544133274161e-12
CREATOR,SIG_CREATOR,1,199,1,1,1.605864533562438e-12
CREATOR,SIG_CREATOR,2,0,1,1,2.528290809301945e-12
CREATOR,SIG_CREATOR,2,1,1,1,9.527361113698663e-13
CREATOR,SIG_CREATOR,2,2,1,1,4.698776625431098e-14
CREATOR,SIG_CREATOR,2,3,1,1,4.762296453153135e-14
CREATOR,SIG_CREATOR,2,4,1,1,2.1036680340800065e-09
CREATOR,SIG_CREATOR,2,5,1,1,6.126561045559443e-11
CREATOR,SIG_CREATOR,2,6,1,1,4.576254162209876e-14
CREATOR,SIG_CREATOR,2,7,1,1,1.1716326944072252e-12
CREATOR,SIG_CREATOR,2,8,1,1,1.1826945010343266e-10
CREATOR,SIG_CREATOR,2,9,1,1,4.5962267909453014e-14
CREATOR,SIG_CREATOR,2,10,1,1,4.6903671492081395e-14
CREATOR,SIG_CREATOR,2,11,1,1,9.866516015737052e-13
CREATOR,SIG_CREATOR,2,12,1,1,4.6942615302060005e-14
CREATOR,SIG_CREATOR,2,13,1,1,4.579708064645539e-14
CREATOR,SIG_CREATOR,2,14,1,1,4.6847733106715786e-14
CREATOR,SIG_CREATOR,2,15,1,1,4.701096874581402e-14
CREATOR,SIG_CREATOR,2,16,1,1,3.2993828860281243e-12
CREATOR,SIG_CREATOR,2,17,1,1,1.5664825881092507e-12
CREATOR,SIG_CREATOR,2,18,1,1,4.679860503318158e-14
CREATOR,SIG_CREATOR,2,19,1,1,4.750836479250302e-14
CREATOR,SIG_CREATOR,2,20,1,1,2.5659417356744532e-12
CREATOR,SIG_CREATOR,2,21,1,1,4.733701745060658e-14
CREATOR,SIG_CREATOR,2,22,1,1,4.751268611868522e-14
CREATOR,SIG_CREATOR,2,23,1,1,4.633614440958809e-14
CREATOR,SIG_CREATOR,2,24,1,1,4.7394125487259467e-14
CREATOR,SIG_CREATOR,2,25,1,1,4.631100040347961e-14
CREATOR,SIG_CREATOR,2,26,1,1,1.438789635107331e-10
CREATOR,SIG_CREATOR,2,27,1,1,2.130224239570466e-12
CREATOR,SIG_CREATOR,2,28,1,1,4.7273585497303546e-14
CREATOR,SIG_CREATOR,2,29,1,1,2.7471071303057775e-12
CREATOR,SIG_CREATOR,2,30,1,1,4.6952964313529827e-14
CREATOR,SIG_CREATOR,2,31,1,1,2.063314766006322e-12
CREATOR,SIG_CREATOR,2,32,1,1,2.879911950164035e-12
CREATOR,SIG_CREATOR,2,33,1,1,4.7461794218893653e-14
CREATOR,SIG_CREATOR,2,34,1,1,1.6670399681583856e-12
CREATOR,SIG_CREATOR,2,35,1,1,1.227961687967039e-12
CREATOR,SIG_CREATOR,2,36,1,1,1.5313168631553035e-12
CREATOR,SIG_CREATOR,2,37,1,1,1.3726947706153773e-12
CREATOR,SIG_CREATOR,2,38,1,1,4.578299479716765e-14
CREATOR,SIG_CREATOR,2,39,1,1,4.622118659412316e-14
CREATOR,SIG_CREATOR,2,40,1,1,1.2962976534821068e-12
CREATOR,SIG_CREATOR,2,41,1,1,2.6277458475673883e-12
CREATOR,SIG_CREATOR,2,42,1,1,2.771906071828199e-12
CREATOR,SIG_CREATOR,2,43,1,1,9.480239865175189e-11
CREATOR,SIG_CREATOR,2,44,1,1,1.5915527724776846e-10
CREATOR,SIG_CREATOR,2,45,1,1,1.1737168684081581e-12
CREATOR,SIG_CREATOR,2,46,1,1,4.6217299776821226e-14
CREATOR,SIG_CREATOR,2,47,1,1,2.294038332743164e-12
CREATOR,SIG_CREATOR,2,48,1,1,4.6330089644476495e-14
CREATOR,SIG_CREATOR,2,49,1,1,2.1994863055349813e-09
CREATOR,SIG_CREATOR,2,50,1,1,4.735455175465066e-14
CREATOR,SIG_CREATOR,2,51,1,1,8.905552702028452e-13
CREATOR,SIG_CREATOR,2,52,1,1,4.721165810693343e-14
CREATOR,SIG_CREATOR,2,53,1,1,4.5804713544392224e-14
CREATOR,SIG_CREATOR,2,54,1,1,2.2082747278712446e-12
CREATOR,SIG_CREATOR,2,55,1,1,1.288698717974389e-12
CREATOR,SIG_CREATOR,2,56,1,1,4.711664718248565e-14
CREATOR,SIG_CREATOR,2,57,1,1,1.5693533102262362e-09
CREATOR,SIG_CREATOR,2,58,1,1,1.7609217391397225e-12
CREATOR,SIG_CREATOR,2,59,1,1,4.5803641553644254e-14
CREATOR,SIG_CREATOR,2,60,1,1,1.2961047553280313e-12
CREATOR,SIG_CREATOR,2,61,1,1,2.3608905445806874e-12
CREATOR,SIG_CREATOR,2,62,1,1,4.647000671813954e-14
CREATOR,SIG_CREATOR,2,63,1,1,3.1848901182603803e-09
CREATOR,SIG_CREATOR,2,64,1,1,4.66180657753048e-14
CREATOR,SIG_CREATOR,2,65,1,1,1.0504572060778005e-10
CREATOR,SIG_CREATOR,2,66,1,1,4.7248613301715395e-14
CREATOR,SIG_CREATOR,2,67,1,1,2.1863381073405614e-12
CREATOR,SIG_CREATOR,2,68,1,1,1.6545483270519656e-12
CREATOR,SIG_CREATOR,2,69,1,1,4.661639954429347e-14
CREATOR,SIG_CREATOR,2,70,1,1,4.734606676738272e-14
CREATOR,SIG_CREATOR,2,71,1,1,4.717060234032499e-14
CREATOR,SIG_CREATOR,2,72,1,1,2.0107272127804355e-12
CREATOR,SIG_CREATOR,2,73,1,1,4.634769458674574e-14
CREATOR,SIG_CREATOR,2,74,1,1,4.758053720171142e-14
CREATOR,SIG_CREATOR,2,75,1,1,4.7109106634469906e-14
CREATOR,SIG_CREATOR,2,76,1,1,4.676468590976178e-14
CREATOR,SIG_CREATOR,2,77,1,1,4.7282241522160484e-14
CREATOR,SIG_CREATOR,2,78,1,1,4.7308224687204585e-14
CREATOR,SIG_CREATOR,2,79,1,1,2.1615488644497885e-09
CREATOR,SIG_CREATOR,2,80,1,1,4.594481807292494e-14
CREATOR,SIG_CREATOR,2,81,1,1,1.7687301213754446e-12
CREATOR,SIG_CREATOR,2,82,1,1,2.2456687564992576e-12
CREATOR,SIG_CREATOR,2,83,1,1,1.963618726148102e-12
CREATOR,SIG_CREATOR,2,84,1,1,4.742240337046978e-14
CREATOR,SIG_CREATOR,2,85,1,1,1.305679251388439e-12
CREATOR,SIG_CREATOR,2,86,1,1,4.680546618122725e-14
CREATOR,SIG_CREATOR,2,87,1,1,1.8299057725699508e-12
CREATOR,SIG_CREATOR,2,88,1,1,4.5782666781996296e-14
CREATOR,SIG_CREATOR,2,89,1,1,4.6973886995428067e-14
CREATOR,SIG_CREATOR,2,90,1,1,1.547661451538267e-12
CREATOR,SIG_CREATOR,2,91,1,1,4.726956493229463e-14
CREATOR,SIG_CREATOR,2,92,1,1,1.667385064939191e-12
CREATOR,SIG_CREATOR,2,93,1,1,1.4194999293674328e-10
CREATOR,SIG_CREATOR,2,94,1,1,4.71568198383242e-14
CREATOR,SIG_CREATOR,2,95,1,1,4.6426111912931494e-14
CREATOR,SIG_CREATOR,2,96,1,1,4.7282589190429984e-14
CREATOR,SIG_CREATOR,2,97,1,1,4.744600662986895e-14
CREATOR,SIG_CREATOR,2,98,1,1,4.6801565722510246e-14
CREATOR,SIG_CREATOR,2,99,1,1,4.699327659253279e-14
CREATOR,SIG_CREATOR,2,100,1,1,4.558201119623212e-14
CREATOR,SIG_CREATOR,2,101,1,1,1.4431661455673396e-12
CREATOR,SIG_CREATOR,2,102,1,1,4.704136078449842e-14
CREATOR,SIG_CREATOR,2,103,1,1,4.671859610339288e-14
CREATOR,SIG_CREATOR,2,104,1,1,4.6568356008332444e-14
CREATOR,SIG_CREATOR,2,105,1,1,4.620667217802991e-14
CREATOR,SIG_CREATOR,2,106,1,1,1.5756009266031132e-12
CREATOR,SIG_CREATOR,2,107,1,1,4.6515823560671947e-14
CREATOR,SIG_CREATOR,2,108,1,1,4.7562220349471155e-14
CREATOR,SIG_CREATOR,2,109,1,1,2.0535469165767105e-12
CREATOR,SIG_CREATOR,2,110,1,1,1.2864625644442315e-10
CREATOR,SIG_CREATOR,2,111,1,1,4.647700677792647e-14
CREATOR,SIG_CREATOR,2,112,1,1,2.4068349087224537e-12
CREATOR,SIG_CREATOR,2,113,1,1,4.6983189987889305e-14
CREATOR,SIG_CREATOR,2,114,1,1,4.606668582285663e-14
CREATOR,SIG_CREATOR,2,115,1,1,1.8042547427839855e-12
CREATOR,SIG_CREATOR,2,116,1,1,4.668806774664458e-14
CREATOR,SIG_CREATOR,2,117,1,1,4.688986864352437e-14
CREATOR,SIG_CREATOR,2,118,1,1,4.767118023730516e-14
CREATOR,SIG_CREATOR,2,119,1,1,4.744008303811468e-14
CREATOR,SIG_CREATOR,2,120,1,1,8.97153789786455e-11
CREATOR,SIG_CREATOR,2,121,1,1,4.602268674046474e-14
CREATOR,SIG_CREATOR,2,122,1,1,4.6795824590974094e-14
CREATOR,SIG_CREATOR,2,123,1,1,2.31782141191153e-12
CREATOR,SIG_CREATOR,2,124,1,1,1.2062230390355995e-10
CREATOR,SIG_CREATOR,2,125,1,1,1.173162175162837e-12
CREATOR,SIG_CREATOR,2,126,1,1,1.7461522126271902e-12
CREATOR,SIG_CREATOR,2,127,1,1,4.58870511207989e-14
CREATOR,SIG_CREATOR,2,128,1,1,4.682775640534644e-14
CREATOR,SIG_CREATOR,2,129,1,1,4.7470653321543865e-14
CREATOR,SIG_CREATOR,2,130,1,1,1.5472133803774504e-12
CREATOR,SIG_CREATOR,2,131,1,1,4.6087267252750594e-14
CREATOR,SIG_CREATOR,2,132,1,1,4.717377736079881e-14
CREATOR,SIG_CREATOR,2,133,1,1,4.6475686566853726e-14
CREATOR,SIG_CREATOR,2,134,1,1,2.2422350936911382e-12
CREATOR,SIG_CREATOR,2,135,1,1,1.7093518988757429e-12
CREATOR,SIG_CREATOR,2,136,1,1,1.2562511621935519e-12
CREATOR,SIG_CREATOR,2,137,1,1,1.363408323480697e-12
CREATOR,SIG_CREATOR,2,138,1,1,4.6685748973503553e-14
CREATOR,SIG_CREATOR,2,139,1,1,4.635523234560965e-14
CREATOR,SIG_CREATOR,2,140,1,1,9.099843737277015e-13
CREATOR,SIG_CREATOR,2,141,1,1,4.585510488009987e-14
CREATOR,SIG_CREATOR,2,142,1,1,1.5499375743952595e-12
CREATOR,SIG_CREATOR,2,143,1,1,4.7570084977722464e-14
CREATOR,SIG_CREATOR,2,144,1,1,2.27877799490347e-12
CREATOR,SIG_CREATOR,2,145,1,1,4.5675211824234474e-14
CREATOR,SIG_CREATOR,2,146,1,1,4.54083890694374e-14
CREATOR,SIG_CREATOR,2,147,1,1,1.091670059904814e-12
CREATOR,SIG_CREATOR,2,148,1,1,4.683910339253171e-14
CREATOR,SIG_CREATOR,2,149,1,1,4.642568542184429e-14
CREATOR,SIG_CREATOR,2,150,1,1,1.8613347697931153e-09
CREATOR,SIG_CREATOR,2,151,1,1,1.6189414447037217e-12
CREATOR,SIG_CREATOR,2,152,1,1,4.7184537863026974e-14
CREATOR,SIG_CREATOR,2,153,1,1,1.2853590554990836e-10
CREATOR,SIG_CREATOR,2,154,1,1,4.7106787199416936e-14
CREATOR,SIG_CREATOR,2,155,1,1,4.698312143204225e-14
CREATOR,SIG_CREATOR,2,156,1,1,1.415304231044604e-12
CREATOR,SIG_CREATOR,2,157,1,1,4.721297862708965e-14
CREATOR,SIG_CREATOR,2,158,1,1,9.943260689200414e-13
CREATOR,SIG_CREATOR,2,159,1,1,9.591840501105853e-11
CREATOR,SIG_CREATOR,2,160,1,1,4.651368839716148e-14
CREATOR,SIG_CREATOR,2,161,1,1,2.250537437093347e-12
CREATOR,SIG_CREATOR,2,162,1,1,4.7313095733517056e-14
CREATOR,SIG_CREATOR,2,163,1,1,1.7034594936340174e-12
CREATOR,SIG_CREATOR,2,164,1,1,4.600857387946756e-14
CREATOR,SIG_CREATOR,2,165,1,1,1.1771965146306742e-12
CREATOR,SIG_CREATOR,2,166,1,1,4.695504786020807e-14
CREATOR,SIG_CREATOR,2,167,1,1,1.4306088041210906e-12
CREATOR,SIG_CREATOR,2,168,1,1,1.953711161658363e-12
CREATOR,SIG_CREATOR,2,169,1,1,4.6433028204879125e-14
CREATOR,SIG_CREATOR,2,170,1,1,4.745913377251974e-14
CREATOR,SIG_CREATOR,2,171,1,1,1.4482465682527036e-10
CREATOR,SIG_CREATOR,2,172,1,1,1.320460297645699e-12
CREATOR,SIG_CREATOR,2,173,1,1,1.9539031930923215e-12
CREATOR,SIG_CREATOR,2,174,1,1,4.659606256184356e-14
CREATOR,SIG_CREATOR,2,175,1,1,4.619500199230538e-14
CREATOR,SIG_CREATOR,2,176,1,1,1.1380961969934422e-12
CREATOR,SIG_CREATOR,2,177,1,1,1.8481582566747343e-12
CREATOR,SIG_CREATOR,2,178,1,1,1.4887207302179877e-12
CREATOR,SIG_CREATOR,2,179,1,1,4.738674507772557e-14
CREATOR,SIG_CREATOR,2,180,1,1,2.273074904990654e-12
CREATOR,SIG_CREATOR,2,181,1,1,4.67705056033388e-14
CREATOR,SIG_CREATOR,2,182,1,1,4.640541887734235e-14
CREATOR,SIG_CREATOR,2,183,1,1,2.798047555592394e-06
CREATOR,SIG_CREATOR,2,184,1,1,1.7248917084523685e-12
CREATOR,SIG_CREATOR,2,185,1,1,1.4459994126073499e-12
CREATOR,SIG_CREATOR,2,186,1,1,1.2433163764359257e-12
CREATOR,SIG_CREATOR,2,187,1,1,1.1831177394564997e-12
CREATOR,SIG_CREATOR,2,188,1,1,1.2262272761337697e-12
CREATOR,SIG_CREATOR,2,189,1,1,4.71112195510585e-14
CREATOR,SIG_CREATOR,2,190,1,1,4.578182960292157e-14
CREATOR,SIG_CREATOR,2,191,1,1,4.588310932715681e-14
CREATOR,SIG_CREATOR,2,192,1,1,4.565711836881901e-14
CREATOR,SIG_CREATOR,2,193,1,1,1.412549306996125e-12
CREATOR,SIG_CREATOR,2,194,1,1,4.578463328625698e-14
CREATOR,SIG_CREATOR,2,195,1,1,4.6196264943702435e-14
CREATOR,SIG_CREATOR,2,196,1,1,4.5938349045541614e-14
CREATOR,SIG_CREATOR,2,197,1,1,4.705038761976438e-14
CREATOR,SIG_CREATOR,2,198,1,1,4.650151648268293e-14
CREATOR,SIG_CREATOR,2,199,1,1,1.925733316119811e-12
CREATOR,SIG_CREATOR,3,0,1,1,2.306025134918186e-12
CREATOR,SIG_CREATOR,3,1,1,1,4.6278648502936613e-14
CREATOR,SIG_CREATOR,3,2,1,1,2.5494398941760847e-12
CREATOR,SIG_CREATOR,3,3,1,1,1.2609594920689554e-12
CREATOR,SIG_CREATOR,3,4,1,1,4.672167248190838e-14
CREATOR,SIG_CREATOR,3,5,1,1,4.5846358077159534e-14
CREATOR,SIG_CREATOR,3,6,1,1,1.9456995463824221e-10
CREATOR,SIG_CREATOR,3,7,1,1,1.4239428934332023e-12
CREATOR,SIG_CREATOR,3,8,1,1,4.640778882712037e-14
CREATOR,SIG_CREATOR,3,9,1,1,4.712510151907439e-14
CREATOR,SIG_CREATOR,3,10,1,1,1.7161566133872222e-12
CREATOR,SIG_CREATOR,3,11,1,1,4.635597496919006e-14
CREATOR,SIG_CREATOR,3,12,1,1,4.6673780146167424e-14
CREATOR,SIG_CREATOR,3,13,1,1,4.73246607531359e-14
CREATOR,SIG_CREATOR,3,14,1,1,2.5906419599542094e-12
CREATOR,SIG_CREATOR,3,15,1,1,4.700011694188482e-14
CREATOR,SIG_CREATOR,3,16,1,1,4.651015074723955e-14
CREATOR,SIG_CREATOR,3,17,1,1,2.054753899028795e-12
CREATOR,SIG_CREATOR,3,18,1,1,1.7866440766078308e-12
CREATOR,SIG_CREATOR,3,19,1,1,4.7317144250433705e-14
CREATOR,SIG_CREATOR,3,20,1,1,1.5215909084680027e-12
CREATOR,SIG_CREATOR,3,21,1,1,4.7517886448518705e-14
CREATOR,SIG_CREATOR,3,22,1,1,4.5560444544492294e-14
CREATOR,SIG_CREATOR,3,23,1,1,2.131865088354213e-12
CREATOR,SIG_CREATOR,3,24,1,1,1.310053228428149e-12
CREATOR,SIG_CREATOR,3,25,1,1,4.7509085842191044e-14
CREATOR,SIG_CREATOR,3,26,1,1,9.978685980638903e-08
CREATOR,SIG_CREATOR,3,27,1,1,2.3550630750121803e-12
CREATOR,SIG_CREATOR,3,28,1,1,4.683080267550541e-14
CREATOR,SIG_CREATOR,3,29,1,1,4.746085844645505e-14
CREATOR,SIG_CREATOR,3,30,1,1,4.7230775923868855e-14
CREATOR,SIG_CREATOR,3,31,1,1,1.3894523656703007e-10
CREATOR,SIG_CREATOR,3,32,1,1,1.8788797097949344e-12
CREATOR,SIG_CREATOR,3,33,1,1,1.8567030078721313e-12
CREATOR,SIG_CREATOR,3,34,1,1,4.720856416178736e-14
CREATOR,SIG_CREATOR,3,35,1,1,1.9028301414745596e-12
CREATOR,SIG_CREATOR,3,36,1,1,1.5129503905694014e-12
CREATOR,SIG_CREATOR,3,37,1,1,1.6043525710751477e-12
CREATOR,SIG_CREATOR,3,38,1,1,4.62112154409942e-14
CREATOR,SIG_CREATOR,3,39,1,1,4.70625316777038e-14
CREATOR,SIG_CREATOR,3,40,1,1,4.719198585333415e-14
CREATOR,SIG_CREATOR,3,41,1,1,4.6242620900064256e-14
CREATOR,SIG_CREATOR,3,42,1,1,4.7200318235949947e-14
CREATOR,SIG_CREATOR,3,43,1,1,1.0516019033225052e-10
CREATOR,SIG_CREATOR,3,44,1,1,1.8519735779083528e-12
CREATOR,SIG_CREATOR,3,45,1,1,4.614858220865188e-14
CREATOR,SIG_CREATOR,3,46,1,1,4.630643331494026e-14
CREATOR,SIG_CREATOR,3,47,1,1,4.7221807581327955e-14
CREATOR,SIG_CREATOR,3,48,1,1,3.1892791271302925e-09
CREATOR,SIG_CREATOR,3,49,1,1,1.889769101257317e-12
CREATOR,SIG_CREATOR,3,50,1,1,4.6941027145935176e-14
CREATOR,SIG_CREATOR,3,51,1,1,1.7341747411436385e-12
CREATOR,SIG_CREATOR,3,52,1,1,4.616342391321657e-14
CREATOR,SIG_CREATOR,3,53,1,1,4.7300427638263764e-14
CREATOR,SIG_CREATOR,3,54,1,1,1.034465895332859e-10
CREATOR,SIG_CREATOR,3,55,1,1,1.8730342618033538e-12
CREATOR,SIG_CREATOR,3,56,1,1,4.728432640345669e-14
CREATOR,SIG_CREATOR,3,57,1,1,4.60776304330763e-14
CREATOR,SIG_CREATOR,3,58,1,1,9.44508780031956e-08
CREATOR,SIG_CREATOR,3,59,1,1,4.727377343966242e-14
CREATOR,SIG_CREATOR,3,60,1,1,1.8949432952613653e-12
CREATOR,SIG_CREATOR,3,61,1,1,4.699147258929897e-14
CREATOR,SIG_CREATOR,3,62,1,1,4.6467564448409497e-14
CREATOR,SIG_CREATOR,3,63,1,1,4.6077868734874884e-14
CREATOR,SIG_CREATOR,3,64,1,1,4.674552613818144e-14
CREATOR,SIG_CREATOR,3,65,1,1,9.247399251558328e-13
CREATOR,SIG_CREATOR,3,66,1,1,2.4546936589704603e-12
CREATOR,SIG_CREATOR,3,67,1,1,1.3545346885416096e-12
CREATOR,SIG_CREATOR,3,68,1,1,1.6908498492158444e-12
CREATOR,SIG_CREATOR,3,69,1,1,2.7871873856027165e-09
CREATOR,SIG_CREATOR,3,70,1,1,1.3006178776003185e-12
CREATOR,SIG_CREATOR,3,71,1,1,4.65634885588773e-14
CREATOR,SIG_CREATOR,3,72,1,1,4.69902355678268e-14
CREATOR,SIG_CREATOR,3,73,1,1,4.6183698659029826e-14
CREATOR,SIG_CREATOR,3,74,1,1,4.5653073147513186e-14
CREATOR,SIG_CREATOR,3,75,1,1,4.55043635651074e-14
CREATOR,SIG_CREATOR,3,76,1,1,4.6099666371140234e-14
CREATOR,SIG_CREATOR,3,77,1,1,5.731803973695974e-09
CREATOR,SIG_CREATOR,3,78,1,1,4.586244436453967e-14
CREATOR,SIG_CREATOR,3,79,1,1,2.2864625052534376e-12
CREATOR,SIG_CREATOR,3,80,1,1,4.7480570219982536e-14
CREATOR,SIG_CREATOR,3,81,1,1,9.274669419040088e-11
CREATOR,SIG_CREATOR,3,82,1,1,1.9730268575399758e-12
CREATOR,SIG_CREATOR,3,83,1,1,4.754776000717987e-14
CREATOR,SIG_CREATOR,3,84,1,1,1.4752484063412602e-12
CREATOR,SIG_CREATOR,3,85,1,1,4.742758825473413e-14
CREATOR,SIG_CREATOR,3,86,1,1,2.8703547777140834e-09
CREATOR,SIG_CREATOR,3,87,1,1,4.633621489798486e-14
CREATOR,SIG_CREATOR,3,88,1,1,4.650517737222485e-14
CREATOR,SIG_CREATOR,3,89,1,1,4.682834311648665e-14
CREATOR,SIG_CREATOR,3,90,1,1,2.515758570015224e-12
CREATOR,SIG_CREATOR,3,91,1,1,1.269914825153435e-12
CREATOR,SIG_CREATOR,3,92,1,1,4.747310674402569e-14
CREATOR,SIG_CREATOR,3,93,1,1,4.564989500842084e-14
CREATOR,SIG_CREATOR,3,94,1,1,4.583644365620798e-14
CREATOR,SIG_CREATOR,3,95,1,1,4.717870776517344e-14
CREATOR,SIG_CREATOR,3,96,1,1,4.753074274605774e-14
CREATOR,SIG_CREATOR,3,97,1,1,4.6759126685457346e-14
CREATOR,SIG_CREATOR,3,98,1,1,2.3141888460879204e-12
CREATOR,SIG_CREATOR,3,99,1,1,1.4419562150618877e-12
CREATOR,SIG_CREATOR,3,100,1,1,2.042837165248419e-12
CREATOR,SIG_CREATOR,3,101,1,1,3.434805988417263e-09
CREATOR,SIG_CREATOR,3,102,1,1,1.8465867691714674e-10
CREATOR,SIG_CREATOR,3,103,1,1,9.715367776613705e-13
CREATOR,SIG_CREATOR,3,104,1,1,1.4830590443840456e-12
CREATOR,SIG_CREATOR,3,105,1,1,4.652516127981213e-14
CREATOR,SIG_CREATOR,3,106,1,1,2.011002956990635e-12
CREATOR,SIG_CREATOR,3,107,1,1,1.9637378119748952e-12
CREATOR,SIG_CREATOR,3,108,1,1,4.7311817334654635e-14
CREATOR,SIG_CREATOR,3,109,1,1,4.6698454291772745e-14
CREATOR,SIG_CREATOR,3,110,1,1,4.767611799152888e-14
CREATOR,SIG_CREATOR,3,111,1,1,3.0615538228565873e-09
CREATOR,SIG_CREATOR,3,112,1,1,1.56846133037556e-12
CREATOR,SIG_CREATOR,3,113,1,1,4.595564812756033e-14
CREATOR,SIG_CREATOR,3,114,1,1,1.5582202410474652e-12
CREATOR,SIG_CREATOR,3,115,1,1,4.7577828587557345e-14
CREATOR,SIG_CREATOR,3,116,1,1,4.6430909902454766e-14
CREATOR,SIG_CREATOR,3,117,1,1,4.5906401447198426e-14
CREATOR,SIG_CREATOR,3,118,1,1,4.5751831161257683e-14
CREATOR,SIG_CREATOR,3,119,1,1,1.0632389577304487e-10
CREATOR,SIG_CREATOR,3,120,1,1,1.4900807317768685e-12
CREATOR,SIG_CREATOR,3,121,1,1,4.66666148372775e-14
CREATOR,SIG_CREATOR,3,122,1,1,4.6838787297901636e-14
CREATOR,SIG_CREATOR,3,123,1,1,4.624530046234435e-14
CREATOR,SIG_CREATOR,3,124,1,1,9.557296799260063e-08
CREATOR,SIG_CREATOR,3,125,1,1,4.7584616848225515e-14
CREATOR,SIG_CREATOR,3,126,1,1,9.305954462590245e-13
CREATOR,SIG_CREATOR,3,127,1,1,4.7123321134477706e-14
CREATOR,SIG_CREATOR,3,128,1,1,4.7588224260907345e-14
CREATOR,SIG_CREATOR,3,129,1,1,4.688152689046909e-14
CREATOR,SIG_CREATOR,3,130,1,1,2.4926528176728595e-12
CREATOR,SIG_CREATOR,3,131,1,1,1.20711343776908e-12
CREATOR,SIG_CREATOR,3,132,1,1,4.6671339095948657e-14
CREATOR,SIG_CREATOR,3,133,1,1,4.571626133769283e-14
CREATOR,SIG_CREATOR,3,134,1,1,4.6730470061100266e-14
CREATOR,SIG_CREATOR,3,135,1,1,4.6441562975885114e-14
CREATOR,SIG_CREATOR,3,136,1,1,4.6782917593517566e-14
CREATOR,SIG_CREATOR,3,137,1,1,1.5720922778228658e-12
CREATOR,SIG_CREATOR,3,138,1,1,4.744440266380853e-14
CREATOR,SIG_CREATOR,3,139,1,1,4.6324694864843924e-14
CREATOR,SIG_CREATOR,3,140,1,1,1.873575974386796e-12
CREATOR,SIG_CREATOR,3,141,1,1,4.673313328671177e-14
CREATOR,SIG_CREATOR,3,142,1,1,1.1610456685017379e-12
CREATOR,SIG_CREATOR,3,143,1,1,4.686213744763169e-14
CREATOR,SIG_CREATOR,3,144,1,1,4.747311480777336e-14
CREATOR,SIG_CREATOR,3,145,1,1,4.673866021436833e-14
CREATOR,SIG_CREATOR,3,146,1,1,4.752317150865116e-14
CREATOR,SIG_CREATOR,3,147,1,1,1.7357817193194346e-12
CREATOR,SIG_CREATOR,3,148,1,1,4.760266927289781e-14
CREATOR,SIG_CREATOR,3,149,1,1,4.655932484163016e-14
CREATOR,SIG_CREATOR,3,150,1,1,1.446622123315371e-12
CREATOR,SIG_CREATOR,3,151,1,1,1.8080638704357958e-12
CREATOR,SIG_CREATOR,3,152,1,1,4.739794740656591e-14
CREATOR,SIG_CREATOR,3,153,1,1,4.654484082664952e-14
CREATOR,SIG_CREATOR,3,154,1,1,1.040708008072044e-12
CREATOR,SIG_CREATOR,3,155,1,1,4.571238886943507e-14
CREATOR,SIG_CREATOR,3,156,1,1,4.7015558561271356e-14
CREATOR,SIG_CREATOR,3,157,1,1,4.596576950559624e-14
CREATOR,SIG_CREATOR,3,158,1,1,4.651090565117671e-14
CREATOR,SIG_CREATOR,3,159,1,1,4.590156957748943e-14
CREATOR,SIG_CREATOR,3,160,1,1,2.845807014516601e-12
CREATOR,SIG_CREATOR,3,161,1,1,4.639178883510113e-14
CREATOR,SIG_CREATOR,3,162,1,1,4.590350628977375e-14
CREATOR,SIG_CREATOR,3,163,1,1,2.8034926883242707e-12
CREATOR,SIG_CREATOR,3,164,1,1,4.7180222821019046e-14
CREATOR,SIG_CREATOR,3,165,1,1,4.718761436197685e-14
CREATOR,SIG_CREATOR,3,166,1,1,2.4453510524046537e-09
CREATOR,SIG_CREATOR,3,167,1,1,4.629234083039914e-14
CREATOR,SIG_CREATOR,3,168,1,1,4.688450454187924e-14
CREATOR,SIG_CREATOR,3,169,1,1,1.9108617348200523e-12
CREATOR,SIG_CREATOR,3,170,1,1,4.719028284877261e-14
CREATOR,SIG_CREATOR,3,171,1,1,4.671713553579056e-14
CREATOR,SIG_CREATOR,3,172,1,1,4.722818629138271e-14
CREATOR,SIG_CREATOR,3,173,1,1,2.610254080905561e-09
CREATOR,SIG_CREATOR,3,174,1,1,2.19875508069779e-12
CREATOR,SIG_CREATOR,3,175,1,1,4.6067406554069084e-14
CREATOR,SIG_CREATOR,3,176,1,1,4.728766569817342e-14
CREATOR,SIG_CREATOR,3,177,1,1,1.4143629873353765e-12
CREATOR,SIG_CREATOR,3,178,1,1,4.7633690977878415e-14
CREATOR,SIG_CREATOR,3,179,1,1,4.595982145891134e-14
CREATOR,SIG_CREATOR,3,180,1,1,1.7877185201555327e-12
CREATOR,SIG_CREATOR,3,181,1,1,1.4612658885851517e-12
CREATOR,SIG_CREATOR,3,182,1,1,1.023163623394335e-12
CREATOR,SIG_CREATOR,3,183,1,1,2.276604375928064e-09
CREATOR,SIG_CREATOR,3,184,1,1,4.691590005942084e-14
CREATOR,SIG_CREATOR,3,185,1,1,4.588455399323357e-14
CREATOR,SIG_CREATOR,3,186,1,1,1.843424612091714e-12
CREATOR,SIG_CREATOR,3,187,1,1,4.76388227178416e-14
CREATOR,SIG_CREATOR,3,188,1,1,1.977042118123751e-12
CREATOR,SIG_CREATOR,3,189,1,1,4.544030719752211e-14
CREATOR,SIG_CREATOR,3,190,1,1,4.699730089181351e-14
CREATOR,SIG_CREATOR,3,191,1,1,1.5577162214720206e-12
CREATOR,SIG_CREATOR,3,192,1,1,4.662472419270113e-14
CREATOR,SIG_CREATOR,3,193,1,1,4.74745040473626e-14
CREATOR,SIG_CREATOR,3,194,1,1,4.6296820195499745e-14
CREATOR,SIG_CREATOR,3,195,1,1,4.6657937571543786e-14
CREATOR,SIG_CREATOR,3,196,1,1,4.764870855314994e-14
CREATOR,SIG_CREATOR,3,197,1,1,2.116045199583591e-12
CREATOR,SIG_CREATOR,3,198,1,1,4.587794719924377e-14
CREATOR,SIG_CREATOR,3,199,1,1,2.2865032646953033e-12
CREATOR,SIG_CREATOR,4,0,1,1,1.61343462578383e-10
CREATOR,SIG_CREATOR,4,1,1,1,1.2846409314379687e-12
CREATOR,SIG_CREATOR,4,2,1,1,1.4033911201940086e-10
CREATOR,SIG_CREATOR,4,3,1,1,4.579119439917917e-14
CREATOR,SIG_CREATOR,4,4,1,1,4.6384920913391533e-14
CREATOR,SIG_CREATOR,4,5,1,1,2.5745659218360088e-12
CREATOR,SIG_CREATOR,4,6,1,1,2.4685839906897803e-12
CREATOR,SIG_CREATOR,4,7,1,1,1.8751165962876904e-12
CREATOR,SIG_CREATOR,4,8,1,1,4.707118791304286e-14
CREATOR,SIG_CREATOR,4,9,1,1,2.991389200586897e-12
CREATOR,SIG_CREATOR,4,10,1,1,4.680508510739093e-14
CREATOR,SIG_CREATOR,4,11,1,1,4.696441385806913e-14
CREATOR,SIG_CREATOR,4,12,1,1,1.0731414359404394e-12
CREATOR,SIG_CREATOR,4,13,1,1,8.81947106167583e-09
CREATOR,SIG_CREATOR,4,14,1,1,4.721742782359309e-14
CREATOR,SIG_CREATOR,4,15,1,1,1.8601185042189284e-12
CREATOR,SIG_CREATOR,4,16,1,1,4.6866409208745813e-14
CREATOR,SIG_CREATOR,4,17,1,1,4.660702307951025e-14
CREATOR,SIG_CREATOR,4,18,1,1,4.637527147223887e-14
CREATOR,SIG_CREATOR,4,19,1,1,1.7595010705972447e-12
CREATOR,SIG_CREATOR,4,20,1,1,1.481822674242698e-12
CREATOR,SIG_CREATOR,4,21,1,1,4.754842111984204e-14
CREATOR,SIG_CREATOR,4,22,1,1,1.9150728222482373e-12
CREATOR,SIG_CREATOR,4,23,1,1,4.740765583996611e-14
CREATOR,SIG_CREATOR,4,24,1,1,1.6540739987980716e-12
CREATOR,SIG_CREATOR,4,25,1,1,2.383228942960756e-12
CREATOR,SIG_CREATOR,4,26,1,1,4.618704234379769e-14
CREATOR,SIG_CREATOR,4,27,1,1,9.578315786827436e-11
CREATOR,SIG_CREATOR,4,28,1,1,4.6836476508722725e-14
CREATOR,SIG_CREATOR,4,29,1,1,1.7702689230380555e-10
CREATOR,SIG_CREATOR,4,30,1,1,1.2125169883119566e-12
CREATOR,SIG_CREATOR,4,31,1,1,2.347976886759565e-12
CREATOR,SIG_CREATOR,4,32,1,1,4.7156415245467544e-14
CREATOR,SIG_CREATOR,4,33,1,1,4.5941391222960857e-14
CREATOR,SIG_CREATOR,4,34,1,1,4.6116834748522476e-14
CREATOR,SIG_CREATOR,4,35,1,1,1.8120054368179573e-12
CREATOR,SIG_CREATOR,4,36,1,1,3.11938476223321e-12
CREATOR,SIG_CREATOR,4,37,1,1,4.6495852560623206e-14
CREATOR,SIG_CREATOR,4,38,1,1,4.701069247023532e-14
CREATOR,SIG_CREATOR,4,39,1,1,1.0097520324105672e-10
CREATOR,SIG_CREATOR,4,40,1,1,4.632119891368556e-14
CREATOR,SIG_CREATOR,4,41,1,1,2.4250103796149212e-12
CREATOR,SIG_CREATOR,4,42,1,1,4.7282404716686706e-14
CREATOR,SIG_CREATOR,4,43,1,1,4.800188654225588e-06
CREATOR,SIG_CREATOR,4,44,1,1,1.5139112901281962e-10
CREATOR,SIG_CREATOR,4,45,1,1,1.9491604323841626e-12
CREATOR,SIG_CREATOR,4,46,1,1,4.6787202992783047e-14
CREATOR,SIG_CREATOR,4,47,1,1,1.6949248909184283e-12
CREATOR,SIG_CREATOR,4,48,1,1,2.16058222562414e-12
CREATOR,SIG_CREATOR,4,49,1,1,4.732420739770569e-14
CREATOR,SIG_CREATOR,4,50,1,1,1.2489665960837767e-12
CREATOR,SIG_CREATOR,4,51,1,1,4.7519392063412784e-14
CREATOR,SIG_CREATOR,4,52,1,1,4.746138480690045e-14
CREATOR,SIG_CREATOR,4,53,1,1,1.0880001812871501e-12
CREATOR,SIG_CREATOR,4,54,1,1,8.917603123482033e-11
CREATOR,SIG_CREATOR,4,55,1,1,1.7196648547310126e-12
CREATOR,SIG_CREATOR,4,56,1,1,2.6447518312242646e-12
CREATOR,SIG_CREATOR,4,57,1,1,4.740655323932685e-14
CREATOR,SIG_CREATOR,4,58,1,1,1.7741252214577348e-12
CREATOR,SIG_CREATOR,4,59,1,1,4.6189601979211305e-14
CREATOR,SIG_CREATOR,4,60,1,1,5.5511314879953036e-08
CREATOR,SIG_CREATOR,4,61,1,1,4.648612117054394e-14
CREATOR,SIG_CREATOR,4,62,1,1,2.1055517502764733e-12
CREATOR,SIG_CREATOR,4,63,1,1,1.4588581171827507e-12
CREATOR,SIG_CREATOR,4,64,1,1,1.4779417888763131e-12
CREATOR,SIG_CREATOR,4,65,1,1,4.647453548092932e-14
CREATOR,SIG_CREATOR,4,66,1,1,2.995610551229436e-09
CREATOR,SIG_CREATOR,4,67,1,1,1.8508229022650496e-12
CREATOR,SIG_CREATOR,4,68,1,1,1.5169146474020126e-12
CREATOR,SIG_CREATOR,4,69,1,1,1.400496409926244e-12
CREATOR,SIG_CREATOR,4,70,1,1,1.9206038807890586e-12
CREATOR,SIG_CREATOR,4,71,1,1,4.7302381196200705e-14
CREATOR,SIG_CREATOR,4,72,1,1,1.026119364911382e-10
CREATOR,SIG_CREATOR,4,73,1,1,4.5708212016236734e-14
CREATOR,SIG_CREATOR,4,74,1,1,4.75068405411353e-14
CREATOR,SIG_CREATOR,4,75,1,1,1.182936374959533e-10
CREATOR,SIG_CREATOR,4,76,1,1,4.744160092028512e-14
CREATOR,SIG_CREATOR,4,77,1,1,1.8460691028936675e-12
CREATOR,SIG_CREATOR,4,78,1,1,4.740186292750077e-14
CREATOR,SIG_CREATOR,4,79,1,1,1.3177316537831219e-12
CREATOR,SIG_CREATOR,4,80,1,1,4.708939473970804e-14
CREATOR,SIG_CREATOR,4,81,1,1,4.712573902947119e-14
CREATOR,SIG_CREATOR,4,82,1,1,4.702801334688524e-14
CREATOR,SIG_CREATOR,4,83,1,1,4.7392081394622346e-14
CREATOR,SIG_CREATOR,4,84,1,1,4.7477822431503966e-14
CREATOR,SIG_CREATOR,4,85,1,1,2.1417741904149526e-12
CREATOR,SIG_CREATOR,4,86,1,1,4.7666631806795066e-14
CREATOR,SIG_CREATOR,4,87,1,1,4.618139454675933e-14
CREATOR,SIG_CREATOR,4,88,1,1,4.747564715766858e-14
CREATOR,SIG_CREATOR,4,89,1,1,4.751563699140055e-14
CREATOR,SIG_CREATOR,4,90,1,1,1.5664119921988163e-10
CREATOR,SIG_CREATOR,4,91,1,1,4.73956833474504e-14
CREATOR,SIG_CREATOR,4,92,1,1,4.579614300125276e-14
CREATOR,SIG_CREATOR,4,93,1,1,4.6104643309764786e-14
CREATOR,SIG_CREATOR,4,94,1,1,4.6293425272444555e-14
CREATOR,SIG_CREATOR,4,95,1,1,4.586998546845603e-09
CREATOR,SIG_CREATOR,4,96,1,1,8.049705003246564e-08
CREATOR,SIG_CREATOR,4,97,1,1,2.323752287891967e-12
CREATOR,SIG_CREATOR,4,98,1,1,4.5807319257169355e-14
CREATOR,SIG_CREATOR,4,99,1,1,1.4032203631867374e-12
CREATOR,SIG_CREATOR,4,100,1,1,4.742580216559529e-14
CREATOR,SIG_CREATOR,4,101,1,1,1.7476057945381707e-12
CREATOR,SIG_CREATOR,4,102,1,1,4.737910527444496e-14
CREATOR,SIG_CREATOR,4,103,1,1,4.6265843921413416e-14
CREATOR,SIG_CREATOR,4,104,1,1,4.642931087373393e-14
CREATOR,SIG_CREATOR,4,105,1,1,4.616909345228756e-14
CREATOR,SIG_CREATOR,4,106,1,1,4.72555688516692e-14
CREATOR,SIG_CREATOR,4,107,1,1,7.185914454454281e-11
CREATOR,SIG_CREATOR,4,108,1,1,4.657437534547537e-14
CREATOR,SIG_CREATOR,4,109,1,1,1.0548738485657108e-10
CREATOR,SIG_CREATOR,4,110,1,1,1.2549308112328092e-10
CREATOR,SIG_CREATOR,4,111,1,1,2.124490377328914e-12
CREATOR,SIG_CREATOR,4,112,1,1,4.740482232835996e-14
CREATOR,SIG_CREATOR,4,113,1,1,2.068551670278299e-09
CREATOR,SIG_CREATOR,4,114,1,1,4.647346152275269e-14
CREATOR,SIG_CREATOR,4,115,1,1,1.9409132767767496e-12
CREATOR,SIG_CREATOR,4,116,1,1,4.5877754232497595e-14
CREATOR,SIG_CREATOR,4,117,1,1,1.7819759472135146e-12
CREATOR,SIG_CREATOR,4,118,1,1,4.7083310455022275e-14
CREATOR,SIG_CREATOR,4,119,1,1,4.701478927219838e-14
CREATOR,SIG_CREATOR,4,120,1,1,4.710792635377261e-14
CREATOR,SIG_CREATOR,4,121,1,1,4.613132315995875e-14
CREATOR,SIG_CREATOR,4,122,1,1,2.5592592478175876e-09
CREATOR,SIG_CREATOR,4,123,1,1,4.73580862176235e-14
CREATOR,SIG_CREATOR,4,124,1,1,1.4940790022493649e-12
CREATOR,SIG_CREATOR,4,125,1,1,4.601767696113264e-14
CREATOR,SIG_CREATOR,4,126,1,1,1.303204812881265e-12
CREATOR,SIG_CREATOR,4,127,1,1,1.888071137814273e-10
CREATOR,SIG_CREATOR,4,128,1,1,1.0679273989671563e-12
CREATOR,SIG_CREATOR,4,129,1,1,4.752940009500687e-14
CREATOR,SIG_CREATOR,4,130,1,1,4.7015990736026536e-14
CREATOR,SIG_CREATOR,4,131,1,1,1.8584240703460226e-12
CREATOR,SIG_CREATOR,4,132,1,1,1.1497596364211718e-12
CREATOR,SIG_CREATOR,4,133,1,1,1.3557995524984135e-12
CREATOR,SIG_CREATOR,4,134,1,1,1.5830488843264884e-12
CREATOR,SIG_CREATOR,4,135,1,1,4.642895591782767e-14
CREATOR,SIG_CREATOR,4,136,1,1,1.2618736914381157e-09
CREATOR,SIG_CREATOR,4,137,1,1,4.6465651095729233e-14
CREATOR,SIG_CREATOR,4,138,1,1,2.3532272406425852e-12
CREATOR,SIG_CREATOR,4,139,1,1,4.749604332382602e-14
CREATOR,SIG_CREATOR,4,140,1,1,1.484711069029265e-12
CREATOR,SIG_CREATOR,4,141,1,1,4.62137334057856e-14
CREATOR,SIG_CREATOR,4,142,1,1,4.6403461441876553e-14
CREATOR,SIG_CREATOR,4,143,1,1,4.611930624461262e-14
CREATOR,SIG_CREATOR,4,144,1,1,4.541777335972389e-14
CREATOR,SIG_CREATOR,4,145,1,1,4.6299848064917085e-14
CREATOR,SIG_CREATOR,4,146,1,1,4.734711738074045e-14
CREATOR,SIG_CREATOR,4,147,1,1,1.3950428791481635e-12
CREATOR,SIG_CREATOR,4,148,1,1,4.57133880600867e-14
CREATOR,SIG_CREATOR,4,149,1,1,1.4540040067035613e-12
CREATOR,SIG_CREATOR,4,150,1,1,3.0538163333743736e-12
CREATOR,SIG_CREATOR,4,151,1,1,2.3327666983998604e-12
CREATOR,SIG_CREATOR,4,152,1,1,1.829608170969422e-12
CREATOR,SIG_CREATOR,4,153,1,1,1.771492760908761e-12
CREATOR,SIG_CREATOR,4,154,1,1,2.3384948101260195e-12
CREATOR,SIG_CREATOR,4,155,1,1,4.743489419427287e-14
CREATOR,SIG_CREATOR,4,156,1,1,4.732649168420815e-14
CREATOR,SIG_CREATOR,4,157,1,1,1.6875448094452e-12
CREATOR,SIG_CREATOR,4,158,1,1,2.6158014386728315e-09
CREATOR,SIG_CREATOR,4,159,1,1,4.644990148305952e-14
CREATOR,SIG_CREATOR,4,160,1,1,4.653692983661825e-14
CREATOR,SIG_CREATOR,4,161,1,1,4.533450560090427e-14
CREATOR,SIG_CREATOR,4,162,1,1,2.4035852125929148e-12
CREATOR,SIG_CREATOR,4,163,1,1,1.7400387820502668e-12
CREATOR,SIG_CREATOR,4,164,1,1,4.732809847457497e-14
CREATOR,SIG_CREATOR,4,165,1,1,4.643449949645733e-14
CREATOR,SIG_CREATOR,4,166,1,1,2.342781359797634e-12
CREATOR,SIG_CREATOR,4,167,1,1,4.634317921778958e-14
CREATOR,SIG_CREATOR,4,168,1,1,4.71513719120668e-14
CREATOR,SIG_CREATOR,4,169,1,1,6.788263999134498e-11
CREATOR,SIG_CREATOR,4,170,1,1,4.638809280166623e-14
CREATOR,SIG_CREATOR,4,171,1,1,4.652969143424989e-14
CREATOR,SIG_CREATOR,4,172,1,1,1.2323537420912608e-12
CREATOR,SIG_CREATOR,4,173,1,1,1.9598183670884418e-10
CREATOR,SIG_CREATOR,4,174,1,1,1.5678055441203207e-12
CREATOR,SIG_CREATOR,4,175,1,1,2.6299827308686756e-12
CREATOR,SIG_CREATOR,4,176,1,1,4.702096906362116e-14
CREATOR,SIG_CREATOR,4,177,1,1,4.7648492541501834e-14
CREATOR,SIG_CREATOR,4,178,1,1,1.996041992650837e-12
CREATOR,SIG_CREATOR,4,179,1,1,2.8397045294138655e-12
CREATOR,SIG_CREATOR,4,180,1,1,4.659979784366887e-14
CREATOR,SIG_CREATOR,4,181,1,1,4.737020691109706e-14
CREATOR,SIG_CREATOR,4,182,1,1,2.7285954222745243e-09
CREATOR,SIG_CREATOR,4,183,1,1,4.6463149615264016e-14
CREATOR,SIG_CREATOR,4,184,1,1,1.7844250453749566e-12
CREATOR,SIG_CREATOR,4,185,1,1,4.5622720875223796e-14
CREATOR,SIG_CREATOR,4,186,1,1,4.662826739284985e-14
CREATOR,SIG_CREATOR,4,187,1,1,1.0789709722185516e-12
CREATOR,SIG_CREATOR,4,188,1,1,4.709495404589898e-14
CREATOR,SIG_CREATOR,4,189,1,1,4.755961087215006e-14
CREATOR,SIG_CREATOR,4,190,1,1,4.706557038024043e-14
CREATOR,SIG_CREATOR,4,191,1,1,1.1597736344626773e-12
CREATOR,SIG_CREATOR,4,192,1,1,2.3016723587339153e-12
CREATOR,SIG_CREATOR,4,193,1,1,2.18076692153607e-12
CREATOR,SIG_CREATOR,4,194,1,1,4.768161763224695e-14
CREATOR,SIG_CREATOR,4,195,1,1,4.7338970539250244e-14
CREATOR,SIG_CREATOR,4,196,1,1,4.556704467305401e-14
CREATOR,SIG_CREATOR,4,197,1,1,4.719195360321338e-14
CREATOR,SIG_CREATOR,4,198,1,1,4.7415532202688385e-14
CREATOR,SIG_CREATOR,4,199,1,1,1.789249491512225e-10
CREATOR,SIG_CREATOR,5,0,1,1,1.1182803735636511e-10
CREATOR,SIG_CREATOR,5,1,1,1,1.9011696605296694e-12
CREATOR,SIG_CREATOR,5,2,1,1,4.62211314563454e-14
CREATOR,SIG_CREATOR,5,3,1,1,4.6256403298698244e-14
CREATOR,SIG_CREATOR,5,4,1,1,1.2605747333419558e-12
CREATOR,SIG_CREATOR,5,5,1,1,1.2463179947246968e-12
CREATOR,SIG_CREATOR,5,6,1,1,4.695888340784593e-14
CREATOR,SIG_CREATOR,5,7,1,1,4.6839257924024977e-14
CREATOR,SIG_CREATOR,5,8,1,1,4.57476018340137e-14
CREATOR,SIG_CREATOR,5,9,1,1,4.765818228675683e-14
CREATOR,SIG_CREATOR,5,10,1,1,4.741050149514801e-14
CREATOR,SIG_CREATOR,5,11,1,1,4.683052675729066e-14
CREATOR,SIG_CREATOR,5,12,1,1,4.7307967109643414e-14
CREATOR,SIG_CREATOR,5,13,1,1,1.5979128247699077e-12
CREATOR,SIG_CREATOR,5,14,1,1,4.756651643346955e-14
CREATOR,SIG_CREATOR,5,15,1,1,4.731138592281884e-14
CREATOR,SIG_CREATOR,5,16,1,1,4.7009109155266566e-14
CREATOR,SIG_CREATOR,5,17,1,1,7.0953759421756886e-09
CREATOR,SIG_CREATOR,5,18,1,1,1.4704680621183325e-12
CREATOR,SIG_CREATOR,5,19,1,1,7.938555824624836e-08
CREATOR,SIG_CREATOR,5,20,1,1,4.760616993967902e-14
CREATOR,SIG_CREATOR,5,21,1,1,1.210648360988742e-10
CREATOR,SIG_CREATOR,5,22,1,1,1.2299088295548798e-12
CREATOR,SIG_CREATOR,5,23,1,1,1.2579274814058993e-12
CREATOR,SIG_CREATOR,5,24,1,1,4.236608687704705e-09
CREATOR,SIG_CREATOR,5,25,1,1,1.0478246375540682e-12
CREATOR,SIG_CREATOR,5,26,1,1,4.741462581757903e-14
CREATOR,SIG_CREATOR,5,27,1,1,4.658224307557008e-14
CREATOR,SIG_CREATOR,5,28,1,1,1.3208705192105428e-12
CREATOR,SIG_CREATOR,5,29,1,1,4.673554941303516e-14
CREATOR,SIG_CREATOR,5,30,1,1,4.7669173912465316e-14
CREATOR,SIG_CREATOR,5,31,1,1,1.1229053405883071e-12
CREATOR,SIG_CREATOR,5,32,1,1,4.627332787204999e-14
CREATOR,SIG_CREATOR,5,33,1,1,1.7685800360135935e-12
CREATOR,SIG_CREATOR,5,34,1,1,1.636838163777839e-12
CREATOR,SIG_CREATOR,5,35,1,1,4.6278250108035074e-14
CREATOR,SIG_CREATOR,5,36,1,1,2.0431326573567536e-12
CREATOR,SIG_CREATOR,5,37,1,1,9.757484870908483e-09
CREATOR,SIG_CREATOR,5,38,1,1,4.74671146228434e-14
CREATOR,SIG_CREATOR,5,39,1,1,4.6508654734558294e-14
CREATOR,SIG_CREATOR,5,40,1,1,4.6665206667370775e-14
CREATOR,SIG_CREATOR,5,41,1,1,4.74662119607317e-14
CREATOR,SIG_CREATOR,5,42,1,1,2.3445635993593146e-09
CREATOR,SIG_CREATOR,5,43,1,1,4.5798803216315024e-14
CREATOR,SIG_CREATOR,5,44,1,1,4.6954921560177634e-14
CREATOR,SIG_CREATOR,5,45,1,1,4.673685225095558e-14
CREATOR,SIG_CREATOR,5,46,1,1,4.752904520057286e-14
CREATOR,SIG_CREATOR,5,47,1,1,1.1175879611276503e-12
CREATOR,SIG_CREATOR,5,48,1,1,4.6409662613299253e-14
CREATOR,SIG_CREATOR,5,49,1,1,1.8050297336507894e-12
CREATOR,SIG_CREATOR,5,50,1,1,4.747626962146352e-14
CREATOR,SIG_CREATOR,5,51,1,1,1.393096669515053e-12
CREATOR,SIG_CREATOR,5,52,1,1,1.2173463467174815e-12
CREATOR,SIG_CREATOR,5,53,1,1,4.648078653923758e-14
CREATOR,SIG_CREATOR,5,54,1,1,1.3215444109130618e-12
CREATOR,SIG_CREATOR,5,55,1,1,4.672800670506577e-14
CREATOR,SIG_CREATOR,5,56,1,1,4.649775465530729e-14
CREATOR,SIG_CREATOR,5,57,1,1,4.72183282911042e-14
CREATOR,SIG_CREATOR,5,58,1,1,1.8866756737899443e-12
CREATOR,SIG_CREATOR,5,59,1,1,4.653220920663102e-14
CREATOR,SIG_CREATOR,5,60,1,1,4.702968788465337e-14
CREATOR,SIG_CREATOR,5,61,1,1,4.6329304879745774e-14
CREATOR,SIG_CREATOR,5,62,1,1,4.733311455108671e-14
CREATOR,SIG_CREATOR,5,63,1,1,4.6832004014265943e-14
CREATOR,SIG_CREATOR,5,64,1,1,4.5624154398707513e-14
CREATOR,SIG_CREATOR,5,65,1,1,2.8994536916922065e-12
CREATOR,SIG_CREATOR,5,66,1,1,4.605867562641647e-14
CREATOR,SIG_CREATOR,5,67,1,1,4.646278456687742e-14
CREATOR,SIG_CREATOR,5,68,1,1,1.9132608928670576e-12
CREATOR,SIG_CREATOR,5,69,1,1,2.095174059144417e-12
CREATOR,SIG_CREATOR,5,70,1,1,1.0261058219624704e-12
CREATOR,SIG_CREATOR,5,71,1,1,1.919639456273091e-12
CREATOR,SIG_CREATOR,5,72,1,1,2.6211164241387846e-12
CREATOR,SIG_CREATOR,5,73,1,1,4.5420372247224066e-14
CREATOR,SIG_CREATOR,5,74,1,1,4.576520882732528e-14
CREATOR,SIG_CREATOR,5,75,1,1,7.990620314117115e-11
CREATOR,SIG_CREATOR,5,76,1,1,4.7097398379289004e-14
CREATOR,SIG_CREATOR,5,77,1,1,4.668870603249483e-14
CREATOR,SIG_CREATOR,5,78,1,1,1.4126576025019214e-12
CREATOR,SIG_CREATOR,5,79,1,1,4.5511765303093e-14
CREATOR,SIG_CREATOR,5,80,1,1,1.7519883988222044e-12
CREATOR,SIG_CREATOR,5,81,1,1,1.631579015685628e-12
CREATOR,SIG_CREATOR,5,82,1,1,1.2635487310963689e-07
CREATOR,SIG_CREATOR,5,83,1,1,4.750347199727364e-14
CREATOR,SIG_CREATOR,5,84,1,1,4.546269149371398e-14
CREATOR,SIG_CREATOR,5,85,1,1,4.585215420607977e-14
CREATOR,SIG_CREATOR,5,86,1,1,1.3394562759737143e-12
CREATOR,SIG_CREATOR,5,87,1,1,1.8336944605072494e-12
CREATOR,SIG_CREATOR,5,88,1,1,8.72376767583655e-11
CREATOR,SIG_CREATOR,5,89,1,1,4.595339062236475e-14
CREATOR,SIG_CREATOR,5,90,1,1,2.798939270264526e-12
CREATOR,SIG_CREATOR,5,91,1,1,4.7182566535506095e-14
CREATOR,SIG_CREATOR,5,92,1,1,4.702042014788277e-14
CREATOR,SIG_CREATOR,5,93,1,1,2.3260321245660343e-12
CREATOR,SIG_CREATOR,5,94,1,1,4.7649036641455216e-14
CREATOR,SIG_CREATOR,5,95,1,1,4.6397321847959366e-14
CREATOR,SIG_CREATOR,5,96,1,1,4.706964994659459e-14
CREATOR,SIG_CREATOR,5,97,1,1,2.0894376156602753e-12
CREATOR,SIG_CREATOR,5,98,1,1,4.74704510902731e-14
CREATOR,SIG_CREATOR,5,99,1,1,1.2111272701849967e-10
CREATOR,SIG_CREATOR,5,100,1,1,1.9931115382720207e-12
CREATOR,SIG_CREATOR,5,101,1,1,1.7073287803828048e-12
CREATOR,SIG_CREATOR,5,102,1,1,2.2723867557826047e-12
CREATOR,SIG_CREATOR,5,103,1,1,3.2600431776528334e-12
CREATOR,SIG_CREATOR,5,104,1,1,1.6770463633919783e-10
CREATOR,SIG_CREATOR,5,105,1,1,2.0389185551648305e-12
CREATOR,SIG_CREATOR,5,106,1,1,4.702486058809368e-14
CREATOR,SIG_CREATOR,5,107,1,1,1.6011786307513659e-12
CREATOR,SIG_CREATOR,5,108,1,1,1.4321299807028997e-12
CREATOR,SIG_CREATOR,5,109,1,1,2.2293448687521775e-12
CREATOR,SIG_CREATOR,5,110,1,1,8.505251058547029e-11
CREATOR,SIG_CREATOR,5,111,1,1,3.3012946380838753e-09
CREATOR,SIG_CREATOR,5,112,1,1,2.177856240938169e-12
CREATOR,SIG_CREATOR,5,113,1,1,2.2954860958599595e-12
CREATOR,SIG_CREATOR,5,114,1,1,2.485302799376467e-09
CREATOR,SIG_CREATOR,5,115,1,1,4.6270825744409746e-14
CREATOR,SIG_CREATOR,5,116,1,1,4.617998302958108e-14
CREATOR,SIG_CREATOR,5,117,1,1,4.615914317240825e-14
CREATOR,SIG_CREATOR,5,118,1,1,4.6557724163072644e-14
CREATOR,SIG_CREATOR,5,119,1,1,4.678673765301081e-14
CREATOR,SIG_CREATOR,5,120,1,1,1.7752856654181388e-12
CREATOR,SIG_CREATOR,5,121,1,1,4.739084839147384e-14
CREATOR,SIG_CREATOR,5,122,1,1,8.687003708594639e-08
CREATOR,SIG_CREATOR,5,123,1,1,4.754555132401811e-14
CREATOR,SIG_CREATOR,5,124,1,1,1.6995968983394933e-12
CREATOR,SIG_CREATOR,5,125,1,1,1.6089136377655994e-12
CREATOR,SIG_CREATOR,5,126,1,1,4.7063765855817274e-14
CREATOR,SIG_CREATOR,5,127,1,1,2.1247775243731607e-09
CREATOR,SIG_CREATOR,5,128,1,1,4.750983205339915e-14
CREATOR,SIG_CREATOR,5,129,1,1,4.660032887037653e-14
CREATOR,SIG_CREATOR,5,130,1,1,2.018055550423484e-12
CREATOR,SIG_CREATOR,5,131,1,1,4.706393210238608e-14
CREATOR,SIG_CREATOR,5,132,1,1,9.613591044569147e-13
CREATOR,SIG_CREATOR,5,133,1,1,4.6037396315148986e-14
CREATOR,SIG_CREATOR,5,134,1,1,1.5556248727384874e-12
CREATOR,SIG_CREATOR,5,135,1,1,4.6259632201162737e-14
CREATOR,SIG_CREATOR,5,136,1,1,1.6477137233741337e-12
CREATOR,SIG_CREATOR,5,137,1,1,4.750694772271232e-14
CREATOR,SIG_CREATOR,5,138,1,1,4.716716209733054e-14
CREATOR,SIG_CREATOR,5,139,1,1,4.63297297932653e-14
CREATOR,SIG_CREATOR,5,140,1,1,4.7255852115018104e-14
CREATOR,SIG_CREATOR,5,141,1,1,1.6689735439393653e-12
CREATOR,SIG_CREATOR,5,142,1,1,8.888005982579405e-11
CREATOR,SIG_CREATOR,5,143,1,1,4.684408896630126e-14
CREATOR,SIG_CREATOR,5,144,1,1,1.5732262776364932e-12
CREATOR,SIG_CREATOR,5,145,1,1,1.4533054927691068e-12
CREATOR,SIG_CREATOR,5,146,1,1,4.699548087418435e-14
CREATOR,SIG_CREATOR,5,147,1,1,4.761984385939108e-14
CREATOR,SIG_CREATOR,5,148,1,1,4.5799452283724883e-14
CREATOR,SIG_CREATOR,5,149,1,1,4.689975838573593e-14
CREATOR,SIG_CREATOR,5,150,1,1,4.742945656334297e-14
CREATOR,SIG_CREATOR,5,151,1,1,1.7957594080754241e-12
CREATOR,SIG_CREATOR,5,152,1,1,2.381325689966974e-12
CREATOR,SIG_CREATOR,5,153,1,1,4.55368628385436e-14
CREATOR,SIG_CREATOR,5,154,1,1,4.6825250247128385e-14
CREATOR,SIG_CREATOR,5,155,1,1,4.699191251943828e-14
CREATOR,SIG_CREATOR,5,156,1,1,4.68405226629787e-14
CREATOR,SIG_CREATOR,5,157,1,1,2.0929370832392764e-12
CREATOR,SIG_CREATOR,5,158,1,1,2.2807983978636486e-12
CREATOR,SIG_CREATOR,5,159,1,1,4.683081668386463e-14
CREATOR,SIG_CREATOR,5,160,1,1,7.751276426480874e-08
CREATOR,SIG_CREATOR,5,161,1,1,4.742863150789968e-14
CREATOR,SIG_CREATOR,5,162,1,1,4.764919889426093e-14
CREATOR,SIG_CREATOR,5,163,1,1,1.2149196254978529e-12
CREATOR,SIG_CREATOR,5,164,1,1,4.655224937224779e-14
CREATOR,SIG_CREATOR,5,165,1,1,1.2829134194776921e-12
CREATOR,SIG_CREATOR,5,166,1,1,4.6467684729126714e-14
CREATOR,SIG_CREATOR,5,167,1,1,4.6008959200121796e-14
CREATOR,SIG_CREATOR,5,168,1,1,4.6026847018265443e-14
CREATOR,SIG_CREATOR,5,169,1,1,2.3702026844730825e-12
CREATOR,SIG_CREATOR,5,170,1,1,4.582721274902616e-14
CREATOR,SIG_CREATOR,5,171,1,1,4.6769590854117294e-14
CREATOR,SIG_CREATOR,5,172,1,1,1.6373107030880442e-12
CREATOR,SIG_CREATOR,5,173,1,1,4.630039872366195e-14
CREATOR,SIG_CREATOR,5,174,1,1,1.2145340491757297e-12
CREATOR,SIG_CREATOR,5,175,1,1,4.704848866863189e-14
CREATOR,SIG_CREATOR,5,176,1,1,4.6441004037617606e-14
CREATOR,SIG_CREATOR,5,177,1,1,2.1971295400612166e-12
CREATOR,SIG_CREATOR,5,178,1,1,4.668332517578152e-14
CREATOR,SIG_CREATOR,5,179,1,1,4.019077247962681e-06
CREATOR,SIG_CREATOR,5,180,1,1,1.6968802619041756e-12
CREATOR,SIG_CREATOR,5,181,1,1,4.7494892082357606e-14
CREATOR,SIG_CREATOR,5,182,1,1,4.632957845819531e-14
CREATOR,SIG_CREATOR,5,183,1,1,4.612666849009927e-14
CREATOR,SIG_CREATOR,5,184,1,1,2.416858877817909e-09
CREATOR,SIG_CREATOR,5,185,1,1,6.25880393425014e-08
CREATOR,SIG_CREATOR,5,186,1,1,1.8134593268161797e-12
CREATOR,SIG_CREATOR,5,187,1,1,4.7320507333864556e-14
CREATOR,SIG_CREATOR,5,188,1,1,4.673714444076054e-14
CREATOR,SIG_CREATOR,5,189,1,1,1.2631220347224468e-12
CREATOR,SIG_CREATOR,5,190,1,1,9.468818080757885e-13
CREATOR,SIG_CREATOR,5,191,1,1,4.6150515104204556e-14
CREATOR,SIG_CREATOR,5,192,1,1,4.710756748383075e-14
CREATOR,SIG_CREATOR,5,193,1,1,4.7464209534511475e-14
CREATOR,SIG_CREATOR,5,194,1,1,1.5127786220503748e-10
CREATOR,SIG_CREATOR,5,195,1,1,4.7363131792481913e-14
CREATOR,SIG_CREATOR,5,196,1,1,4.7537970842614516e-14
CREATOR,SIG_CREATOR,5,197,1,1,4.581984642702186e-14
CREATOR,SIG_CREATOR,5,198,1,1,4.727088457959802e-14
CREATOR,SIG_CREATOR,5,199,1,1,4.683327984238909e-14
CREATOR,SIG_CREATOR,6,0,1,1,2.839327755532954e-12
CREATOR,SIG_CREATOR,6,1,1,1,1.6290693238119455e-12
CREATOR,SIG_CREATOR,6,2,1,1,4.752898836456898e-14
CREATOR,SIG_CREATOR,6,3,1,1,1.7162247620104295e-12
CREATOR,SIG_CREATOR,6,4,1,1,2.0859786621588353e-12
CREATOR,SIG_CREATOR,6,5,1,1,2.1470837650042416e-12
CREATOR,SIG_CREATOR,6,6,1,1,4.7209819949890346e-14
CREATOR,SIG_CREATOR,6,7,1,1,1.2356026220788755e-12
CREATOR,SIG_CREATOR,6,8,1,1,1.4476113243953068e-12
CREATOR,SIG_CREATOR,6,9,1,1,4.574004581213336e-14
CREATOR,SIG_CREATOR,6,10,1,1,4.709043220886756e-14
CREATOR,SIG_CREATOR,6,11,1,1,1.1450441736333394e-12
CREATOR,SIG_CREATOR,6,12,1,1,4.653332360932579e-14
CREATOR,SIG_CREATOR,6,13,1,1,4.728645045754255e-14
CREATOR,SIG_CREATOR,6,14,1,1,1.8627144387502717e-10
CREATOR,SIG_CREATOR,6,15,1,1,1.4737796749005921e-12
CREATOR,SIG_CREATOR,6,16,1,1,2.2597714425038524e-12
CREATOR,SIG_CREATOR,6,17,1,1,4.723925196877996e-14
CREATOR,SIG_CREATOR,6,18,1,1,1.4243110937819467e-12
CREATOR,SIG_CREATOR,6,19,1,1,1.0181509914568448e-10
CREATOR,SIG_CREATOR,6,20,1,1,4.7297631484929827e-14
CREATOR,SIG_CREATOR,6,21,1,1,4.7567658125086624e-14
CREATOR,SIG_CREATOR,6,22,1,1,1.0097261446616772e-12
CREATOR,SIG_CREATOR,6,23,1,1,4.6341646911326135e-14
CREATOR,SIG_CREATOR,6,24,1,1,4.568587305893762e-14
CREATOR,SIG_CREATOR,6,25,1,1,4.6768287963484226e-14
CREATOR,SIG_CREATOR,6,26,1,1,4.731196108817137e-14
CREATOR,SIG_CREATOR,6,27,1,1,1.4264667924193399e-12
CREATOR,SIG_CREATOR,6,28,1,1,4.675439469610305e-14
CREATOR,SIG_CREATOR,6,29,1,1,1.6882227229090112e-12
CREATOR,SIG_CREATOR,6,30,1,1,1.4641650536637528e-12
CREATOR,SIG_CREATOR,6,31,1,1,4.72417908827802e-14
CREATOR,SIG_CREATOR,6,32,1,1,4.671730700790562e-14
CREATOR,SIG_CREATOR,6,33,1,1,4.7375256739068237e-14
CREATOR,SIG_CREATOR,6,34,1,1,4.734273185177646e-14
CREATOR,SIG_CREATOR,6,35,1,1,2.7172693400725166e-12
CREATOR,SIG_CREATOR,6,36,1,1,4.6405757366774543e-14
CREATOR,SIG_CREATOR,6,37,1,1,2.05719407064243e-10
CREATOR,SIG_CREATOR,6,38,1,1,4.5978422487097164e-14
CREATOR,SIG_CREATOR,6,39,1,1,4.5737900174070655e-14
CREATOR,SIG_CREATOR,6,40,1,1,4.653206940299939e-14
CREATOR,SIG_CREATOR,6,41,1,1,7.261567591188562e-11
CREATOR,SIG_CREATOR,6,42,1,1,4.66333625619628e-14
CREATOR,SIG_CREATOR,6,43,1,1,2.0116801555969563e-12
CREATOR,SIG_CREATOR,6,44,1,1,2.753678892039844e-12
CREATOR,SIG_CREATOR,6,45,1,1,4.6431224591908506e-14
CREATOR,SIG_CREATOR,6,46,1,1,1.9498171563171434e-12
CREATOR,SIG_CREATOR,6,47,1,1,1.73082355506318e-10
CREATOR,SIG_CREATOR,6,48,1,1,2.4588148811411182e-12
CREATOR,SIG_CREATOR,6,49,1,1,4.65234749765331e-14
CREATOR,SIG_CREATOR,6,50,1,1,4.61079846075992e-14
CREATOR,SIG_CREATOR,6,51,1,1,4.718595744563555e-14
CREATOR,SIG_CREATOR,6,52,1,1,1.4158291057458683e-12
CREATOR,SIG_CREATOR,6,53,1,1,1.4099127225964754e-12
CREATOR,SIG_CREATOR,6,54,1,1,4.7008492976780365e-14
CREATOR,SIG_CREATOR,6,55,1,1,4.751601796189592e-14
CREATOR,SIG_CREATOR,6,56,1,1,4.666771672603303e-14
CREATOR,SIG_CREATOR,6,57,1,1,4.742749866072703e-14
CREATOR,SIG_CREATOR,6,58,1,1,4.706090612082902e-14
CREATOR,SIG_CREATOR,6,59,1,1,1.7391149113990947e-10
CREATOR,SIG_CREATOR,6,60,1,1,4.615648090726777e-14
CREATOR,SIG_CREATOR,6,61,1,1,4.719868646595373e-14
CREATOR,SIG_CREATOR,6,62,1,1,1.4782055238350236e-12
CREATOR,SIG_CREATOR,6,63,1,1,2.9432772558164146e-12
CREATOR,SIG_CREATOR,6,64,1,1,2.095118616049135e-12
CREATOR,SIG_CREATOR,6,65,1,1,1.5564933318438814e-12
CREATOR,SIG_CREATOR,6,66,1,1,4.6253786651480695e-14
CREATOR,SIG_CREATOR,6,67,1,1,1.6082211907650815e-12
CREATOR,SIG_CREATOR,6,68,1,1,4.6033360413942133e-14
CREATOR,SIG_CREATOR,6,69,1,1,1.4804148403495699e-12
CREATOR,SIG_CREATOR,6,70,1,1,4.650244590095465e-14
CREATOR,SIG_CREATOR,6,71,1,1,4.7336759181467164e-14
CREATOR,SIG_CREATOR,6,72,1,1,4.7051827785833236e-14
CREATOR,SIG_CREATOR,6,73,1,1,4.7190705391692226e-14
CREATOR,SIG_CREATOR,6,74,1,1,4.7495499147740176e-14
CREATOR,SIG_CREATOR,6,75,1,1,4.656965758984468e-14
CREATOR,SIG_CREATOR,6,76,1,1,1.413374217359004e-10
CREATOR,SIG_CREATOR,6,77,1,1,1.581139693557256e-10
CREATOR,SIG_CREATOR,6,78,1,1,4.683358058216168e-14
CREATOR,SIG_CREATOR,6,79,1,1,1.8077809158203233e-12
CREATOR,SIG_CREATOR,6,80,1,1,4.584612400667008e-14
CREATOR,SIG_CREATOR,6,81,1,1,4.691643786600116e-14
CREATOR,SIG_CREATOR,6,82,1,1,9.897726992286297e-11
CREATOR,SIG_CREATOR,6,83,1,1,3.24688469405762e-09
CREATOR,SIG_CREATOR,6,84,1,1,1.1839127241879048e-12
CREATOR,SIG_CREATOR,6,85,1,1,4.647904108983616e-14
CREATOR,SIG_CREATOR,6,86,1,1,1.6941609676936595e-12
CREATOR,SIG_CREATOR,6,87,1,1,4.7410636457474066e-14
CREATOR,SIG_CREATOR,6,88,1,1,4.7045556250540265e-14
CREATOR,SIG_CREATOR,6,89,1,1,4.71552538504696e-14
CREATOR,SIG_CREATOR,6,90,1,1,4.704254478320018e-14
CREATOR,SIG_CREATOR,6,91,1,1,4.762966745923291e-14
CREATOR,SIG_CREATOR,6,92,1,1,8.977068057609301e-13
CREATOR,SIG_CREATOR,6,93,1,1,4.7325895709135195e-14
CREATOR,SIG_CREATOR,6,94,1,1,4.5735605322994533e-14
CREATOR,SIG_CREATOR,6,95,1,1,1.2275278208670525e-12
CREATOR,SIG_CREATOR,6,96,1,1,1.4765327170357434e-12
CREATOR,SIG_CREATOR,6,97,1,1,1.665791315284741e-12
CREATOR,SIG_CREATOR,6,98,1,1,1.5411410762171973e-12
CREATOR,SIG_CREATOR,6,99,1,1,1.2921810106690523e-12
CREATOR,SIG_CREATOR,6,100,1,1,4.741453275524676e-14
CREATOR,SIG_CREATOR,6,101,1,1,4.5903053208523804e-14
CREATOR,SIG_CREATOR,6,102,1,1,4.5970181791264064e-14
CREATOR,SIG_CREATOR,6,103,1,1,4.645006483037623e-14
CREATOR,SIG_CREATOR,6,104,1,1,4.59991501093061e-14
CREATOR,SIG_CREATOR,6,105,1,1,2.5785292781044984e-12
CREATOR,SIG_CREATOR,6,106,1,1,8.537660244315892e-11
CREATOR,SIG_CREATOR,6,107,1,1,4.6111572864622065e-14
CREATOR,SIG_CREATOR,6,108,1,1,4.6908540133388405e-14
CREATOR,SIG_CREATOR,6,109,1,1,1.5838419637509606e-12
CREATOR,SIG_CREATOR,6,110,1,1,9.69899262894219e-08
CREATOR,SIG_CREATOR,6,111,1,1,4.656789034875905e-14
CREATOR,SIG_CREATOR,6,112,1,1,4.724126111779399e-14
CREATOR,SIG_CREATOR,6,113,1,1,4.6908819218881806e-14
CREATOR,SIG_CREATOR,6,114,1,1,1.916117622694305e-12
CREATOR,SIG_CREATOR,6,115,1,1,4.5783774420472654e-14
CREATOR,SIG_CREATOR,6,116,1,1,2.8498671647161488e-12
CREATOR,SIG_CREATOR,6,117,1,1,4.683268930456929e-14
CREATOR,SIG_CREATOR,6,118,1,1,1.205974040027416e-12
CREATOR,SIG_CREATOR,6,119,1,1,4.6993823751278874e-14
CREATOR,SIG_CREATOR,6,120,1,1,1.5860114559035847e-12
CREATOR,SIG_CREATOR,6,121,1,1,4.762088558636254e-14
CREATOR,SIG_CREATOR,6,122,1,1,4.6850023562929576e-14
CREATOR,SIG_CREATOR,6,123,1,1,4.709094307971917e-14
CREATOR,SIG_CREATOR,6,124,1,1,4.738948687281939e-14
CREATOR,SIG_CREATOR,6,125,1,1,4.6417942824111607e-14
CREATOR,SIG_CREATOR,6,126,1,1,2.3022121229362552e-12
CREATOR,SIG_CREATOR,6,127,1,1,4.727205273160665e-14
CREATOR,SIG_CREATOR,6,128,1,1,1.280324618126913e-10
CREATOR,SIG_CREATOR,6,129,1,1,4.650734390225256e-14
CREATOR,SIG_CREATOR,6,130,1,1,4.7582228883845905e-14
CREATOR,SIG_CREATOR,6,131,1,1,4.628861076734421e-14
CREATOR,SIG_CREATOR,6,132,1,1,4.544080937710633e-14
CREATOR,SIG_CREATOR,6,133,1,1,1.5407866613439721e-12
CREATOR,SIG_CREATOR,6,134,1,1,4.72832549515868e-14
CREATOR,SIG_CREATOR,6,135,1,1,1.3676735568528423e-10
CREATOR,SIG_CREATOR,6,136,1,1,4.655461690211565e-14
CREATOR,SIG_CREATOR,6,137,1,1,4.566002645825705e-14
CREATOR,SIG_CREATOR,6,138,1,1,4.723379347740092e-14
CREATOR,SIG_CREATOR,6,139,1,1,1.1417613322991716e-07
CREATOR,SIG_CREATOR,6,140,1,1,4.7546107779080075e-14
CREATOR,SIG_CREATOR,6,141,1,1,2.020549129206126e-10
CREATOR,SIG_CREATOR,6,142,1,1,1.9542842072728418e-12
CREATOR,SIG_CREATOR,6,143,1,1,4.5783771309783056e-14
CREATOR,SIG_CREATOR,6,144,1,1,4.7589189640425836e-14
CREATOR,SIG_CREATOR,6,145,1,1,4.528869840422989e-14
CREATOR,SIG_CREATOR,6,146,1,1,1.554900517733465e-12
CREATOR,SIG_CREATOR,6,147,1,1,4.7040790859768094e-14
CREATOR,SIG_CREATOR,6,148,1,1,1.99030359726199e-12
CREATOR,SIG_CREATOR,6,149,1,1,2.7975550354675257e-09
CREATOR,SIG_CREATOR,6,150,1,1,2.7358474057085996e-12
CREATOR,SIG_CREATOR,6,151,1,1,2.681146681094054e-12
CREATOR,SIG_CREATOR,6,152,1,1,2.5335083237963254e-12
CREATOR,SIG_CREATOR,6,153,1,1,1.6631717343520784e-12
CREATOR,SIG_CREATOR,6,154,1,1,4.709566371227772e-14
CREATOR,SIG_CREATOR,6,155,1,1,1.5744948537545204e-12
CREATOR,SIG_CREATOR,6,156,1,1,4.707472732724675e-14
CREATOR,SIG_CREATOR,6,157,1,1,4.633814701906753e-14
CREATOR,SIG_CREATOR,6,158,1,1,1.365262724776909e-12
CREATOR,SIG_CREATOR,6,159,1,1,1.0184064152648468e-12
CREATOR,SIG_CREATOR,6,160,1,1,4.630386557122764e-14
CREATOR,SIG_CREATOR,6,161,1,1,4.6690742632780275e-14
CREATOR,SIG_CREATOR,6,162,1,1,4.653569445461341e-14
CREATOR,SIG_CREATOR,6,163,1,1,4.5852141775706676e-14
CREATOR,SIG_CREATOR,6,164,1,1,8.942973373476625e-13
CREATOR,SIG_CREATOR,6,165,1,1,1.5960838067840353e-12
CREATOR,SIG_CREATOR,6,166,1,1,1.325206642406209e-10
CREATOR,SIG_CREATOR,6,167,1,1,1.6224511429446992e-12
CREATOR,SIG_CREATOR,6,168,1,1,1.7596257934772595e-10
CREATOR,SIG_CREATOR,6,169,1,1,2.5227479624129073e-12
CREATOR,SIG_CREATOR,6,170,1,1,4.592119767203332e-14
CREATOR,SIG_CREATOR,6,171,1,1,2.127988574383255e-12
CREATOR,SIG_CREATOR,6,172,1,1,1.5294676619324325e-12
CREATOR,SIG_CREATOR,6,173,1,1,2.377515859136629e-12
CREATOR,SIG_CREATOR,6,174,1,1,1.1401150713002346e-10
CREATOR,SIG_CREATOR,6,175,1,1,4.7077905497467745e-14
CREATOR,SIG_CREATOR,6,176,1,1,4.644968208757602e-14
CREATOR,SIG_CREATOR,6,177,1,1,4.572498985269861e-14
CREATOR,SIG_CREATOR,6,178,1,1,4.727770991437401e-14
CREATOR,SIG_CREATOR,6,179,1,1,1.7070293420560321e-12
CREATOR,SIG_CREATOR,6,180,1,1,4.660145573321238e-14
CREATOR,SIG_CREATOR,6,181,1,1,1.9812415351928004e-12
CREATOR,SIG_CREATOR,6,182,1,1,4.676734478796732e-14
CREATOR,SIG_CREATOR,6,183,1,1,1.1280530767895412e-12
CREATOR,SIG_CREATOR,6,184,1,1,1.7047361957001196e-12
CREATOR,SIG_CREATOR,6,185,1,1,1.3746823630296936e-10
CREATOR,SIG_CREATOR,6,186,1,1,4.7014064316470075e-14
CREATOR,SIG_CREATOR,6,187,1,1,3.0328382682394594e-12
CREATOR,SIG_CREATOR,6,188,1,1,4.719671787936586e-14
CREATOR,SIG_CREATOR,6,189,1,1,4.601043962267292e-14
CREATOR,SIG_CREATOR,6,190,1,1,4.5843554266655504e-14
CREATOR,SIG_CREATOR,6,191,1,1,4.737129894865532e-14
CREATOR,SIG_CREATOR,6,192,1,1,1.526607388091252e-10
CREATOR,SIG_CREATOR,6,193,1,1,4.746039338592558e-14
CREATOR,SIG_CREATOR,6,194,1,1,2.2025161972693494e-09
CREATOR,SIG_CREATOR,6,195,1,1,2.737070739114445e-09
CREATOR,SIG_CREATOR,6,196,1,1,4.7576102504208695e-14
CREATOR,SIG_CREATOR,6,197,1,1,4.709304390922272e-14
CREATOR,SIG_CREATOR,6,198,1,1,7.9397140836819e-11
CREATOR,SIG_CREATOR,6,199,1,1,4.729707529571861e-14
CREATOR,SIG_CREATOR,7,0,1,1,4.744208318555968e-14
CREATOR,SIG_CREATOR,7,1,1,1,4.6919775206277364e-14
CREATOR,SIG_CREATOR,7,2,1,1,4.7004123583832975e-14
CREATOR,SIG_CREATOR,7,3,1,1,4.615385904696249e-14
CREATOR,SIG_CREATOR,7,4,1,1,1.334050778322947e-12
CREATOR,SIG_CREATOR,7,5,1,1,1.9313035721302876e-12
CREATOR,SIG_CREATOR,7,6,1,1,1.4306682479426578e-12
CREATOR,SIG_CREATOR,7,7,1,1,4.728622776666431e-14
CREATOR,SIG_CREATOR,7,8,1,1,1.389234886433672e-10
CREATOR,SIG_CREATOR,7,9,1,1,1.4321681014852976e-12
CREATOR,SIG_CREATOR,7,10,1,1,2.530531614044083e-12
CREATOR,SIG_CREATOR,7,11,1,1,2.2092413328056387e-09
CREATOR,SIG_CREATOR,7,12,1,1,4.733595462316415e-14
CREATOR,SIG_CREATOR,7,13,1,1,3.980704654292641e-09
CREATOR,SIG_CREATOR,7,14,1,1,4.642664616013794e-14
CREATOR,SIG_CREATOR,7,15,1,1,4.733086200553994e-14
CREATOR,SIG_CREATOR,7,16,1,1,2.0511166639106535e-12
CREATOR,SIG_CREATOR,7,17,1,1,4.721644669566494e-14
CREATOR,SIG_CREATOR,7,18,1,1,1.6519755464523064e-12
CREATOR,SIG_CREATOR,7,19,1,1,1.721210147393773e-10
CREATOR,SIG_CREATOR,7,20,1,1,4.583448692518635e-14
CREATOR,SIG_CREATOR,7,21,1,1,1.8199533698635457e-12
CREATOR,SIG_CREATOR,7,22,1,1,2.168314104345182e-12
CREATOR,SIG_CREATOR,7,23,1,1,4.702732551971711e-14
CREATOR,SIG_CREATOR,7,24,1,1,1.44348042926101e-12
CREATOR,SIG_CREATOR,7,25,1,1,4.717856960596062e-14
CREATOR,SIG_CREATOR,7,26,1,1,4.7317640913243194e-14
CREATOR,SIG_CREATOR,7,27,1,1,2.171101520676087e-12
CREATOR,SIG_CREATOR,7,28,1,1,4.657320307225751e-14
CREATOR,SIG_CREATOR,7,29,1,1,2.071359986892077e-12
CREATOR,SIG_CREATOR,7,30,1,1,1.8555067383702297e-12
CREATOR,SIG_CREATOR,7,31,1,1,4.7493906201477926e-14
CREATOR,SIG_CREATOR,7,32,1,1,1.133754835316699e-12
CREATOR,SIG_CREATOR,7,33,1,1,4.597796023562692e-14
CREATOR,SIG_CREATOR,7,34,1,1,1.876429949602433e-12
CREATOR,SIG_CREATOR,7,35,1,1,1.727983751161809e-12
CREATOR,SIG_CREATOR,7,36,1,1,1.498424691065272e-12
CREATOR,SIG_CREATOR,7,37,1,1,4.5625284676912714e-14
CREATOR,SIG_CREATOR,7,38,1,1,1.7393091222831439e-09
CREATOR,SIG_CREATOR,7,39,1,1,4.7442899964075286e-14
CREATOR,SIG_CREATOR,7,40,1,1,4.759355767103404e-14
CREATOR,SIG_CREATOR,7,41,1,1,4.757324811918135e-14
CREATOR,SIG_CREATOR,7,42,1,1,1.6868105636270092e-12
CREATOR,SIG_CREATOR,7,43,1,1,2.199753092704844e-12
CREATOR,SIG_CREATOR,7,44,1,1,1.7993063018177708e-12
CREATOR,SIG_CREATOR,7,45,1,1,9.507641116937233e-13
CREATOR,SIG_CREATOR,7,46,1,1,1.5011292352568215e-12
CREATOR,SIG_CREATOR,7,47,1,1,1.4043561691184816e-12
CREATOR,SIG_CREATOR,7,48,1,1,4.6064544467926286e-14
CREATOR,SIG_CREATOR,7,49,1,1,4.6826975770417107e-14
CREATOR,SIG_CREATOR,7,50,1,1,1.8821497228736356e-12
CREATOR,SIG_CREATOR,7,51,1,1,4.638324720423957e-14
CREATOR,SIG_CREATOR,7,52,1,1,4.6867925193930303e-14
CREATOR,SIG_CREATOR,7,53,1,1,2.022397820539432e-12
CREATOR,SIG_CREATOR,7,54,1,1,4.560102364457331e-14
CREATOR,SIG_CREATOR,7,55,1,1,4.6157926484990823e-14
CREATOR,SIG_CREATOR,7,56,1,1,1.5834886318279914e-12
CREATOR,SIG_CREATOR,7,57,1,1,1.570950848369839e-12
CREATOR,SIG_CREATOR,7,58,1,1,1.5834281863044096e-12
CREATOR,SIG_CREATOR,7,59,1,1,4.647153916377942e-14
CREATOR,SIG_CREATOR,7,60,1,1,1.0287795390931068e-12
CREATOR,SIG_CREATOR,7,61,1,1,4.710143675499902e-14
CREATOR,SIG_CREATOR,7,62,1,1,4.634655213737036e-14
CREATOR,SIG_CREATOR,7,63,1,1,4.642253569433918e-14
CREATOR,SIG_CREATOR,7,64,1,1,4.763517263377401e-14
CREATOR,SIG_CREATOR,7,65,1,1,4.6765248193969975e-14
CREATOR,SIG_CREATOR,7,66,1,1,4.711203593821298e-14
CREATOR,SIG_CREATOR,7,67,1,1,1.0972029945054121e-12
CREATOR,SIG_CREATOR,7,68,1,1,4.6100070002428543e-14
CREATOR,SIG_CREATOR,7,69,1,1,4.555206469706886e-14
CREATOR,SIG_CREATOR,7,70,1,1,4.632613513640631e-14
CREATOR,SIG_CREATOR,7,71,1,1,4.6103864505803526e-14
CREATOR,SIG_CREATOR,7,72,1,1,1.2517002614862867e-12
CREATOR,SIG_CREATOR,7,73,1,1,4.741478933080645e-14
CREATOR,SIG_CREATOR,7,74,1,1,1.8711232231365293e-12
CREATOR,SIG_CREATOR,7,75,1,1,2.6390471319149457e-12
CREATOR,SIG_CREATOR,7,76,1,1,1.791614249358524e-12
CREATOR,SIG_CREATOR,7,77,1,1,4.580541115988832e-14
CREATOR,SIG_CREATOR,7,78,1,1,1.7103608095500937e-12
CREATOR,SIG_CREATOR,7,79,1,1,4.6240917551279224e-14
CREATOR,SIG_CREATOR,7,80,1,1,2.0374756246518452e-12
CREATOR,SIG_CREATOR,7,81,1,1,1.3385522505097105e-12
CREATOR,SIG_CREATOR,7,82,1,1,4.7624622082771783e-14
CREATOR,SIG_CREATOR,7,83,1,1,4.68326585724481e-14
CREATOR,SIG_CREATOR,7,84,1,1,4.61512058892634e-14
CREATOR,SIG_CREATOR,7,85,1,1,2.0458833964916686e-12
CREATOR,SIG_CREATOR,7,86,1,1,1.381259468407125e-12
CREATOR,SIG_CREATOR,7,87,1,1,1.9708746568871873e-12
CREATOR,SIG_CREATOR,7,88,1,1,2.549052929301512e-09
CREATOR,SIG_CREATOR,7,89,1,1,2.7744927169723896e-09
CREATOR,SIG_CREATOR,7,90,1,1,4.627227705453026e-14
CREATOR,SIG_CREATOR,7,91,1,1,4.6809943789325976e-14
CREATOR,SIG_CREATOR,7,92,1,1,4.6293292978647016e-14
CREATOR,SIG_CREATOR,7,93,1,1,3.1632905257526453e-12
CREATOR,SIG_CREATOR,7,94,1,1,8.404951914670619e-11
CREATOR,SIG_CREATOR,7,95,1,1,1.393872541632799e-12
CREATOR,SIG_CREATOR,7,96,1,1,1.8895613160537798e-12
CREATOR,SIG_CREATOR,7,97,1,1,1.6446095718253418e-12
CREATOR,SIG_CREATOR,7,98,1,1,1.853324168027733e-12
CREATOR,SIG_CREATOR,7,99,1,1,1.5109138495870257e-12
CREATOR,SIG_CREATOR,7,100,1,1,1.1285778325076564e-10
CREATOR,SIG_CREATOR,7,101,1,1,4.754342237757075e-14
CREATOR,SIG_CREATOR,7,102,1,1,1.6284350393516662e-09
CREATOR,SIG_CREATOR,7,103,1,1,4.712594977508285e-14
CREATOR,SIG_CREATOR,7,104,1,1,4.741340718627935e-14
CREATOR,SIG_CREATOR,7,105,1,1,4.7368796134183706e-14
CREATOR,SIG_CREATOR,7,106,1,1,4.638645714630013e-14
CREATOR,SIG_CREATOR,7,107,1,1,4.690864049396472e-14
CREATOR,SIG_CREATOR,7,108,1,1,1.0811110088551734e-10
CREATOR,SIG_CREATOR,7,109,1,1,1.4680393061509673e-10
CREATOR,SIG_CREATOR,7,110,1,1,4.710651678626338e-14
CREATOR,SIG_CREATOR,7,111,1,1,4.5675433812554976e-14
CREATOR,SIG_CREATOR,7,112,1,1,2.7010418476707065e-12
CREATOR,SIG_CREATOR,7,113,1,1,4.528950038659412e-14
CREATOR,SIG_CREATOR,7,114,1,1,4.6015369416968104e-14
CREATOR,SIG_CREATOR,7,115,1,1,1.6270008271328407e-12
CREATOR,SIG_CREATOR,7,116,1,1,4.733621936973245e-14
CREATOR,SIG_CREATOR,7,117,1,1,4.662421789446161e-06
CREATOR,SIG_CREATOR,7,118,1,1,1.4985096028938231e-12
CREATOR,SIG_CREATOR,7,119,1,1,1.3859367159187437e-10
CREATOR,SIG_CREATOR,7,120,1,1,4.675097637869426e-14
CREATOR,SIG_CREATOR,7,121,1,1,4.5903999846526326e-14
CREATOR,SIG_CREATOR,7,122,1,1,4.726618117184403e-14
CREATOR,SIG_CREATOR,7,123,1,1,2.0133316039372844e-12
CREATOR,SIG_CREATOR,7,124,1,1,2.0557385986710466e-12
CREATOR,SIG_CREATOR,7,125,1,1,1.9281274333641607e-12
CREATOR,SIG_CREATOR,7,126,1,1,1.2062617071390865e-10
CREATOR,SIG_CREATOR,7,127,1,1,1.0591601870173514e-12
CREATOR,SIG_CREATOR,7,128,1,1,2.6500416252150957e-12
CREATOR,SIG_CREATOR,7,129,1,1,4.745044014633068e-14
CREATOR,SIG_CREATOR,7,130,1,1,2.0108448808058987e-12
CREATOR,SIG_CREATOR,7,131,1,1,4.5318881393832025e-14
CREATOR,SIG_CREATOR,7,132,1,1,1.8142620087475343e-12
CREATOR,SIG_CREATOR,7,133,1,1,4.667897243804385e-14
CREATOR,SIG_CREATOR,7,134,1,1,1.3702128672909367e-12
CREATOR,SIG_CREATOR,7,135,1,1,4.748382749408514e-14
CREATOR,SIG_CREATOR,7,136,1,1,1.4781879623897215e-09
CREATOR,SIG_CREATOR,7,137,1,1,4.582617237037536e-14
CREATOR,SIG_CREATOR,7,138,1,1,1.0571240296593903e-07
CREATOR,SIG_CREATOR,7,139,1,1,4.6425972737900986e-14
CREATOR,SIG_CREATOR,7,140,1,1,4.654968168119978e-14
CREATOR,SIG_CREATOR,7,141,1,1,4.6558803995736876e-14
CREATOR,SIG_CREATOR,7,142,1,1,4.7235414475212796e-14
CREATOR,SIG_CREATOR,7,143,1,1,4.5543021012134227e-14
CREATOR,SIG_CREATOR,7,144,1,1,4.585386348029681e-14
CREATOR,SIG_CREATOR,7,145,1,1,4.614845710763221e-14
CREATOR,SIG_CREATOR,7,146,1,1,2.338558759721576e-12
CREATOR,SIG_CREATOR,7,147,1,1,1.683771704472852e-12
CREATOR,SIG_CREATOR,7,148,1,1,1.1760072810003595e-12
CREATOR,SIG_CREATOR,7,149,1,1,2.6731844746122634e-12
CREATOR,SIG_CREATOR,7,150,1,1,4.69539243523806e-14
CREATOR,SIG_CREATOR,7,151,1,1,4.145317441036208e-09
CREATOR,SIG_CREATOR,7,152,1,1,2.1638595938455434e-12
CREATOR,SIG_CREATOR,7,153,1,1,1.1820307038148568e-12
CREATOR,SIG_CREATOR,7,154,1,1,4.624753711891253e-14
CREATOR,SIG_CREATOR,7,155,1,1,4.6972823899855595e-14
CREATOR,SIG_CREATOR,7,156,1,1,2.9780296048908784e-12
CREATOR,SIG_CREATOR,7,157,1,1,8.357813606775417e-13
CREATOR,SIG_CREATOR,7,158,1,1,1.5534259784462326e-10
CREATOR,SIG_CREATOR,7,159,1,1,4.7353174374324153e-14
CREATOR,SIG_CREATOR,7,160,1,1,4.737385411458465e-14
CREATOR,SIG_CREATOR,7,161,1,1,4.76270369817848e-14
CREATOR,SIG_CREATOR,7,162,1,1,1.0090597853735537e-12
CREATOR,SIG_CREATOR,7,163,1,1,1.605130580212408e-12
CREATOR,SIG_CREATOR,7,164,1,1,2.0938240823274833e-12
CREATOR,SIG_CREATOR,7,165,1,1,4.677345658713766e-14
CREATOR,SIG_CREATOR,7,166,1,1,9.231976536991343e-08
CREATOR,SIG_CREATOR,7,167,1,1,4.6706587643877585e-14
CREATOR,SIG_CREATOR,7,168,1,1,4.657606658067921e-14
CREATOR,SIG_CREATOR,7,169,1,1,4.609464394540246e-14
CREATOR,SIG_CREATOR,7,170,1,1,4.740033616450109e-14
CREATOR,SIG_CREATOR,7,171,1,1,1.1576528047815405e-10
CREATOR,SIG_CREATOR,7,172,1,1,1.5111697147737167e-12
CREATOR,SIG_CREATOR,7,173,1,1,4.618825918967712e-14
CREATOR,SIG_CREATOR,7,174,1,1,2.363528033315725e-12
CREATOR,SIG_CREATOR,7,175,1,1,4.723144668459242e-14
CREATOR,SIG_CREATOR,7,176,1,1,4.761064781926687e-14
CREATOR,SIG_CREATOR,7,177,1,1,4.6908715965430824e-14
CREATOR,SIG_CREATOR,7,178,1,1,4.5220667983715767e-14
CREATOR,SIG_CREATOR,7,179,1,1,1.3684860638913932e-12
CREATOR,SIG_CREATOR,7,180,1,1,2.100818025204334e-09
CREATOR,SIG_CREATOR,7,181,1,1,1.5900808583991361e-12
CREATOR,SIG_CREATOR,7,182,1,1,4.7633520433180504e-14
CREATOR,SIG_CREATOR,7,183,1,1,4.7552809489459214e-14
CREATOR,SIG_CREATOR,7,184,1,1,1.7415738249190365e-12
CREATOR,SIG_CREATOR,7,185,1,1,2.2870704542389e-12
CREATOR,SIG_CREATOR,7,186,1,1,2.95797049319019e-12
CREATOR,SIG_CREATOR,7,187,1,1,4.617260969322284e-14
CREATOR,SIG_CREATOR,7,188,1,1,2.6406864956401957e-12
CREATOR,SIG_CREATOR,7,189,1,1,1.5768874573798024e-12
CREATOR,SIG_CREATOR,7,190,1,1,4.739939294036491e-14
CREATOR,SIG_CREATOR,7,191,1,1,4.558071209392172e-14
CREATOR,SIG_CREATOR,7,192,1,1,1.7540549018338479e-12
CREATOR,SIG_CREATOR,7,193,1,1,1.3437044936075422e-12
CREATOR,SIG_CREATOR,7,194,1,1,4.684150529359931e-14
CREATOR,SIG_CREATOR,7,195,1,1,4.583670726806073e-14
CREATOR,SIG_CREATOR,7,196,1,1,2.0742345255273255e-12
CREATOR,SIG_CREATOR,7,197,1,1,4.637739451673915e-14
CREATOR,SIG_CREATOR,7,198,1,1,4.572035756437897e-14
CREATOR,SIG_CREATOR,7,199,1,1,4.635357072754169e-14
CREATOR,SIG_CREATOR,8,0,1,1,1.4021537351520225e-07
CREATOR,SIG_CREATOR,8,1,1,1,2.027644805299974e-12
CREATOR,SIG_CREATOR,8,2,1,1,4.723153522004832e-14
CREATOR,SIG_CREATOR,8,3,1,1,4.6030106765559305e-14
CREATOR,SIG_CREATOR,8,4,1,1,4.654170488238402e-14
CREATOR,SIG_CREATOR,8,5,1,1,1.0569588608513215e-07
CREATOR,SIG_CREATOR,8,6,1,1,4.7414499349229645e-14
CREATOR,SIG_CREATOR,8,7,1,1,4.6151136344842916e-14
CREATOR,SIG_CREATOR,8,8,1,1,4.641178470038224e-14
CREATOR,SIG_CREATOR,8,9,1,1,2.0162635006830982e-12
CREATOR,SIG_CREATOR,8,10,1,1,4.6726200432327674e-14
CREATOR,SIG_CREATOR,8,11,1,1,2.9182074447672967e-12
CREATOR,SIG_CREATOR,8,12,1,1,4.7345629715753195e-14
CREATOR,SIG_CREATOR,8,13,1,1,1.7492118343341688e-12
CREATOR,SIG_CREATOR,8,14,1,1,4.669896861347803e-14
CREATOR,SIG_CREATOR,8,15,1,1,1.4631079170469422e-12
CREATOR,SIG_CREATOR,8,16,1,1,1.0736443379828192e-12
CREATOR,SIG_CREATOR,8,17,1,1,4.673980377555601e-14
CREATOR,SIG_CREATOR,8,18,1,1,1.5486345393975356e-12
CREATOR,SIG_CREATOR,8,19,1,1,1.9552436457447464e-12
CREATOR,SIG_CREATOR,8,20,1,1,2.114753015609562e-12
CREATOR,SIG_CREATOR,8,21,1,1,1.8451958386912092e-10
CREATOR,SIG_CREATOR,8,22,1,1,4.7558613000720904e-14
CREATOR,SIG_CREATOR,8,23,1,1,4.6151336000177535e-14
CREATOR,SIG_CREATOR,8,24,1,1,4.628686767949818e-14
CREATOR,SIG_CREATOR,8,25,1,1,9.737532100093246e-13
CREATOR,SIG_CREATOR,8,26,1,1,4.665577055385449e-14
CREATOR,SIG_CREATOR,8,27,1,1,1.8384449672213297e-12
CREATOR,SIG_CREATOR,8,28,1,1,1.371192744830175e-12
CREATOR,SIG_CREATOR,8,29,1,1,9.865862972601338e-11
CREATOR,SIG_CREATOR,8,30,1,1,4.747118258166795e-14
CREATOR,SIG_CREATOR,8,31,1,1,4.7542825849523016e-14
CREATOR,SIG_CREATOR,8,32,1,1,1.5406414348950217e-12
CREATOR,SIG_CREATOR,8,33,1,1,2.0859879890886542e-12
CREATOR,SIG_CREATOR,8,34,1,1,2.3005699455977477e-12
CREATOR,SIG_CREATOR,8,35,1,1,4.7429211947069525e-14
CREATOR,SIG_CREATOR,8,36,1,1,4.650301760961274e-14
CREATOR,SIG_CREATOR,8,37,1,1,4.542757658375549e-14
CREATOR,SIG_CREATOR,8,38,1,1,4.5602571395281394e-14
CREATOR,SIG_CREATOR,8,39,1,1,1.4652976809838941e-12
CREATOR,SIG_CREATOR,8,40,1,1,4.623042626503537e-14
CREATOR,SIG_CREATOR,8,41,1,1,4.7387238492670235e-14
CREATOR,SIG_CREATOR,8,42,1,1,4.7634533693009123e-14
CREATOR,SIG_CREATOR,8,43,1,1,1.7316718632234168e-12
CREATOR,SIG_CREATOR,8,44,1,1,4.6615660514751165e-14
CREATOR,SIG_CREATOR,8,45,1,1,6.365262494289547e-08
CREATOR,SIG_CREATOR,8,46,1,1,4.593606128607839e-14
CREATOR,SIG_CREATOR,8,47,1,1,1.925305209876732e-12
CREATOR,SIG_CREATOR,8,48,1,1,1.844689886308407e-12
CREATOR,SIG_CREATOR,8,49,1,1,1.924385915013705e-12
CREATOR,SIG_CREATOR,8,50,1,1,4.5957234246944734e-14
CREATOR,SIG_CREATOR,8,51,1,1,4.6591594386178775e-14
CREATOR,SIG_CREATOR,8,52,1,1,1.644371477943228e-10
CREATOR,SIG_CREATOR,8,53,1,1,1.7330242655021475e-12
CREATOR,SIG_CREATOR,8,54,1,1,9.909580497813777e-13
CREATOR,SIG_CREATOR,8,55,1,1,2.019029740314848e-12
CREATOR,SIG_CREATOR,8,56,1,1,4.741135686531954e-14
CREATOR,SIG_CREATOR,8,57,1,1,1.7028123416126172e-12
CREATOR,SIG_CREATOR,8,58,1,1,4.671227120666166e-14
CREATOR,SIG_CREATOR,8,59,1,1,4.736774171961376e-14
CREATOR,SIG_CREATOR,8,60,1,1,4.556370353466091e-14
CREATOR,SIG_CREATOR,8,61,1,1,4.5662824249477597e-14
CREATOR,SIG_CREATOR,8,62,1,1,1.4021045300124486e-12
CREATOR,SIG_CREATOR,8,63,1,1,2.4310350114439614e-12
CREATOR,SIG_CREATOR,8,64,1,1,4.738480501049731e-14
CREATOR,SIG_CREATOR,8,65,1,1,1.5976054385381899e-09
CREATOR,SIG_CREATOR,8,66,1,1,4.586096632071092e-14
CREATOR,SIG_CREATOR,8,67,1,1,4.73429931498538e-14
CREATOR,SIG_CREATOR,8,68,1,1,1.5654942878257016e-12
CREATOR,SIG_CREATOR,8,69,1,1,4.729189952028639e-14
CREATOR,SIG_CREATOR,8,70,1,1,1.816759572100097e-10
CREATOR,SIG_CREATOR,8,71,1,1,4.6418745422068994e-14
CREATOR,SIG_CREATOR,8,72,1,1,4.753202617130042e-14
CREATOR,SIG_CREATOR,8,73,1,1,4.635341545244015e-14
CREATOR,SIG_CREATOR,8,74,1,1,4.542840040030167e-14
CREATOR,SIG_CREATOR,8,75,1,1,4.7338565324989983e-14
CREATOR,SIG_CREATOR,8,76,1,1,4.679830063576295e-14
CREATOR,SIG_CREATOR,8,77,1,1,1.5346821593823526e-12
CREATOR,SIG_CREATOR,8,78,1,1,4.67168996952501e-14
CREATOR,SIG_CREATOR,8,79,1,1,1.1225008904977601e-12
CREATOR,SIG_CREATOR,8,80,1,1,4.7637928016981885e-14
CREATOR,SIG_CREATOR,8,81,1,1,1.6086219070690485e-12
CREATOR,SIG_CREATOR,8,82,1,1,4.763882676228666e-14
CREATOR,SIG_CREATOR,8,83,1,1,2.745572636693428e-12
CREATOR,SIG_CREATOR,8,84,1,1,4.604847700061789e-14
CREATOR,SIG_CREATOR,8,85,1,1,4.68830877585482e-14
CREATOR,SIG_CREATOR,8,86,1,1,1.6252243463974217e-12
CREATOR,SIG_CREATOR,8,87,1,1,1.5362346315584898e-12
CREATOR,SIG_CREATOR,8,88,1,1,4.70662646000345e-14
CREATOR,SIG_CREATOR,8,89,1,1,4.676937318775404e-14
CREATOR,SIG_CREATOR,8,90,1,1,1.4905138078226813e-10
CREATOR,SIG_CREATOR,8,91,1,1,1.0247755627043112e-10
CREATOR,SIG_CREATOR,8,92,1,1,1.990376790548709e-12
CREATOR,SIG_CREATOR,8,93,1,1,2.666297039716911e-09
CREATOR,SIG_CREATOR,8,94,1,1,4.7016172387373246e-14
CREATOR,SIG_CREATOR,8,95,1,1,9.826034943450546e-11
CREATOR,SIG_CREATOR,8,96,1,1,4.6371972425202295e-14
CREATOR,SIG_CREATOR,8,97,1,1,4.758997889624263e-14
CREATOR,SIG_CREATOR,8,98,1,1,4.723209566302027e-14
CREATOR,SIG_CREATOR,8,99,1,1,4.668122842212576e-14
CREATOR,SIG_CREATOR,8,100,1,1,2.106789719066047e-12
CREATOR,SIG_CREATOR,8,101,1,1,4.6456585175940734e-14
CREATOR,SIG_CREATOR,8,102,1,1,4.710362706801905e-14
CREATOR,SIG_CREATOR,8,103,1,1,4.577063992207308e-14
CREATOR,SIG_CREATOR,8,104,1,1,4.6172251641996404e-14
CREATOR,SIG_CREATOR,8,105,1,1,1.7366362127972983e-12
CREATOR,SIG_CREATOR,8,106,1,1,4.723026644737059e-14
CREATOR,SIG_CREATOR,8,107,1,1,4.557451415910734e-14
CREATOR,SIG_CREATOR,8,108,1,1,4.7630463750123247e-14
CREATOR,SIG_CREATOR,8,109,1,1,4.627451648993415e-14
CREATOR,SIG_CREATOR,8,110,1,1,4.6603217039058176e-14
CREATOR,SIG_CREATOR,8,111,1,1,1.0806582457091455e-12
CREATOR,SIG_CREATOR,8,112,1,1,6.265400593470277e-08
CREATOR,SIG_CREATOR,8,113,1,1,1.6297156356919012e-10
CREATOR,SIG_CREATOR,8,114,1,1,4.7009530241204656e-14
CREATOR,SIG_CREATOR,8,115,1,1,1.8060182623066704e-12
CREATOR,SIG_CREATOR,8,116,1,1,2.3192907442555533e-12
CREATOR,SIG_CREATOR,8,117,1,1,1.4568367386590585e-10
CREATOR,SIG_CREATOR,8,118,1,1,1.3861946046049092e-12
CREATOR,SIG_CREATOR,8,119,1,1,1.2879553574535337e-12
CREATOR,SIG_CREATOR,8,120,1,1,4.565860990228799e-14
CREATOR,SIG_CREATOR,8,121,1,1,4.627046423235167e-14
CREATOR,SIG_CREATOR,8,122,1,1,4.753660399470142e-14
CREATOR,SIG_CREATOR,8,123,1,1,1.54372871037118e-10
CREATOR,SIG_CREATOR,8,124,1,1,1.5270034049441825e-12
CREATOR,SIG_CREATOR,8,125,1,1,4.5790655599781664e-14
CREATOR,SIG_CREATOR,8,126,1,1,1.3047028067151937e-12
CREATOR,SIG_CREATOR,8,127,1,1,1.7959308365114066e-12
CREATOR,SIG_CREATOR,8,128,1,1,4.5904984230303603e-14
CREATOR,SIG_CREATOR,8,129,1,1,2.307124903463965e-12
CREATOR,SIG_CREATOR,8,130,1,1,1.3516861094228916e-12
CREATOR,SIG_CREATOR,8,131,1,1,4.620521216395106e-14
CREATOR,SIG_CREATOR,8,132,1,1,1.0344893729616862e-12
CREATOR,SIG_CREATOR,8,133,1,1,2.493197058141469e-12
CREATOR,SIG_CREATOR,8,134,1,1,1.2595991727018657e-10
CREATOR,SIG_CREATOR,8,135,1,1,4.587664212015859e-14
CREATOR,SIG_CREATOR,8,136,1,1,1.7364932224461777e-12
CREATOR,SIG_CREATOR,8,137,1,1,1.6948619333848427e-10
CREATOR,SIG_CREATOR,8,138,1,1,4.7200444577403e-14
CREATOR,SIG_CREATOR,8,139,1,1,4.620582594076155e-14
CREATOR,SIG_CREATOR,8,140,1,1,1.551124039692145e-09
CREATOR,SIG_CREATOR,8,141,1,1,4.643793736224037e-14
CREATOR,SIG_CREATOR,8,142,1,1,4.578304498924314e-14
CREATOR,SIG_CREATOR,8,143,1,1,4.564939066874138e-14
CREATOR,SIG_CREATOR,8,144,1,1,1.5783587069201071e-07
CREATOR,SIG_CREATOR,8,145,1,1,1.3345980233562843e-12
CREATOR,SIG_CREATOR,8,146,1,1,4.679818615245589e-14
CREATOR,SIG_CREATOR,8,147,1,1,4.7657842682730114e-14
CREATOR,SIG_CREATOR,8,148,1,1,4.647034332667765e-14
CREATOR,SIG_CREATOR,8,149,1,1,2.7185909260704345e-12
CREATOR,SIG_CREATOR,8,150,1,1,4.6564648769432954e-14
CREATOR,SIG_CREATOR,8,151,1,1,4.7421260849142653e-14
CREATOR,SIG_CREATOR,8,152,1,1,4.6861602002520787e-14
CREATOR,SIG_CREATOR,8,153,1,1,2.2575652681843962e-12
CREATOR,SIG_CREATOR,8,154,1,1,4.633110856721942e-14
CREATOR,SIG_CREATOR,8,155,1,1,1.0008801112799459e-12
CREATOR,SIG_CREATOR,8,156,1,1,2.0496698426510615e-09
CREATOR,SIG_CREATOR,8,157,1,1,4.62980849741165e-14
CREATOR,SIG_CREATOR,8,158,1,1,1.1287075929924419e-12
CREATOR,SIG_CREATOR,8,159,1,1,4.741461292454911e-14
CREATOR,SIG_CREATOR,8,160,1,1,4.696263735758455e-14
CREATOR,SIG_CREATOR,8,161,1,1,1.467845538179988e-12
CREATOR,SIG_CREATOR,8,162,1,1,4.72295219216563e-14
CREATOR,SIG_CREATOR,8,163,1,1,4.613988883063397e-14
CREATOR,SIG_CREATOR,8,164,1,1,2.4682980121478706e-12
CREATOR,SIG_CREATOR,8,165,1,1,4.675997949367697e-14
CREATOR,SIG_CREATOR,8,166,1,1,4.75690103486047e-14
CREATOR,SIG_CREATOR,8,167,1,1,8.874590539030291e-11
CREATOR,SIG_CREATOR,8,168,1,1,4.572208620083959e-14
CREATOR,SIG_CREATOR,8,169,1,1,4.6715503280077634e-14
CREATOR,SIG_CREATOR,8,170,1,1,2.5854546873402236e-12
CREATOR,SIG_CREATOR,8,171,1,1,1.6076625316654806e-12
CREATOR,SIG_CREATOR,8,172,1,1,1.8141473014179408e-12
CREATOR,SIG_CREATOR,8,173,1,1,4.572732215770268e-14
CREATOR,SIG_CREATOR,8,174,1,1,4.633420729941219e-14
CREATOR,SIG_CREATOR,8,175,1,1,4.5934693919473445e-14
CREATOR,SIG_CREATOR,8,176,1,1,4.618774371819465e-14
CREATOR,SIG_CREATOR,8,177,1,1,4.731609257942256e-14
CREATOR,SIG_CREATOR,8,178,1,1,3.232538333915383e-12
CREATOR,SIG_CREATOR,8,179,1,1,2.0553836006624563e-12
CREATOR,SIG_CREATOR,8,180,1,1,4.690167809925294e-14
CREATOR,SIG_CREATOR,8,181,1,1,1.954067836015909e-12
CREATOR,SIG_CREATOR,8,182,1,1,4.6545223349092436e-14
CREATOR,SIG_CREATOR,8,183,1,1,1.5821867175065578e-12
CREATOR,SIG_CREATOR,8,184,1,1,4.759282479114244e-14
CREATOR,SIG_CREATOR,8,185,1,1,1.4492505311948156e-12
CREATOR,SIG_CREATOR,8,186,1,1,1.3759991317742856e-12
CREATOR,SIG_CREATOR,8,187,1,1,3.0710889039506943e-12
CREATOR,SIG_CREATOR,8,188,1,1,4.702268184963142e-14
CREATOR,SIG_CREATOR,8,189,1,1,3.4848117064423996e-09
CREATOR,SIG_CREATOR,8,190,1,1,1.798840426620457e-09
CREATOR,SIG_CREATOR,8,191,1,1,1.1840612891454926e-07
CREATOR,SIG_CREATOR,8,192,1,1,4.752943744118911e-14
CREATOR,SIG_CREATOR,8,193,1,1,1.1243818618079285e-12
CREATOR,SIG_CREATOR,8,194,1,1,1.1656271960417397e-10
CREATOR,SIG_CREATOR,8,195,1,1,4.711194817075581e-14
CREATOR,SIG_CREATOR,8,196,1,1,4.649530274864319e-14
CREATOR,SIG_CREATOR,8,197,1,1,2.8288162715414783e-09
CREATOR,SIG_CREATOR,8,198,1,1,2.5332716962310815e-12
CREATOR,SIG_CREATOR,8,199,1,1,4.762317364687583e-14
CREATOR,SIG_CREATOR,9,0,1,1,2.115183756097857e-12
CREATOR,SIG_CREATOR,9,1,1,1,4.657055765024221e-14
CREATOR,SIG_CREATOR,9,2,1,1,4.6099660702467054e-14
CREATOR,SIG_CREATOR,9,3,1,1,1.8687904109811057e-12
CREATOR,SIG_CREATOR,9,4,1,1,1.1528376292366652e-12
CREATOR,SIG_CREATOR,9,5,1,1,1.3917735024877173e-12
CREATOR,SIG_CREATOR,9,6,1,1,4.718172130778693e-14
CREATOR,SIG_CREATOR,9,7,1,1,4.705519927439019e-14
CREATOR,SIG_CREATOR,9,8,1,1,4.724749022878568e-14
CREATOR,SIG_CREATOR,9,9,1,1,1.3493630945590028e-12
CREATOR,SIG_CREATOR,9,10,1,1,4.6407144249131044e-14
CREATOR,SIG_CREATOR,9,11,1,1,4.7014635950809605e-14
CREATOR,SIG_CREATOR,9,12,1,1,2.1720529474021927e-12
CREATOR,SIG_CREATOR,9,13,1,1,4.685796939059371e-14
CREATOR,SIG_CREATOR,9,14,1,1,4.737766604590018e-14
CREATOR,SIG_CREATOR,9,15,1,1,1.255435705418079e-10
CREATOR,SIG_CREATOR,9,16,1,1,3.0633358008621005e-12
CREATOR,SIG_CREATOR,9,17,1,1,4.697941984269575e-14
CREATOR,SIG_CREATOR,9,18,1,1,1.296097547381889e-12
CREATOR,SIG_CREATOR,9,19,1,1,4.650162630848899e-14
CREATOR,SIG_CREATOR,9,20,1,1,4.7581511797718397e-14
CREATOR,SIG_CREATOR,9,21,1,1,4.6218069763800244e-14
CREATOR,SIG_CREATOR,9,22,1,1,4.616324831020517e-14
CREATOR,SIG_CREATOR,9,23,1,1,1.5648004944534182e-12
CREATOR,SIG_CREATOR,9,24,1,1,4.6763597852146025e-14
CREATOR,SIG_CREATOR,9,25,1,1,4.56978218087467e-14
CREATOR,SIG_CREATOR,9,26,1,1,2.0854383215894474e-12
CREATOR,SIG_CREATOR,9,27,1,1,4.579571400299277e-14
CREATOR,SIG_CREATOR,9,28,1,1,4.713102154999258e-14
CREATOR,SIG_CREATOR,9,29,1,1,4.650197113487777e-14
CREATOR,SIG_CREATOR,9,30,1,1,4.6888980392129563e-14
CREATOR,SIG_CREATOR,9,31,1,1,4.739497546524705e-14
CREATOR,SIG_CREATOR,9,32,1,1,3.812510353358182e-09
CREATOR,SIG_CREATOR,9,33,1,1,1.2970476850782295e-12
CREATOR,SIG_CREATOR,9,34,1,1,4.687154011918686e-14
CREATOR,SIG_CREATOR,9,35,1,1,4.679711780103484e-14
CREATOR,SIG_CREATOR,9,36,1,1,2.203668816922205e-12
CREATOR,SIG_CREATOR,9,37,1,1,4.706117776768292e-14
CREATOR,SIG_CREATOR,9,38,1,1,4.664151071433039e-14
CREATOR,SIG_CREATOR,9,39,1,1,2.66212072020042e-12
CREATOR,SIG_CREATOR,9,40,1,1,4.583952175839365e-14
CREATOR,SIG_CREATOR,9,41,1,1,2.1338042824555417e-12
CREATOR,SIG_CREATOR,9,42,1,1,4.6425826725589406e-14
CREATOR,SIG_CREATOR,9,43,1,1,4.585585433934564e-14
CREATOR,SIG_CREATOR,9,44,1,1,2.295827465342342e-12
CREATOR,SIG_CREATOR,9,45,1,1,4.645698817141802e-14
CREATOR,SIG_CREATOR,9,46,1,1,4.691134936732663e-14
CREATOR,SIG_CREATOR,9,47,1,1,4.721783878768511e-14
CREATOR,SIG_CREATOR,9,48,1,1,1.3264919179615194e-12
CREATOR,SIG_CREATOR,9,49,1,1,4.7671253075830493e-14
CREATOR,SIG_CREATOR,9,50,1,1,4.757348892008092e-14
CREATOR,SIG_CREATOR,9,51,1,1,4.631624803389214e-14
CREATOR,SIG_CREATOR,9,52,1,1,4.758374945094798e-14
CREATOR,SIG_CREATOR,9,53,1,1,1.7436987999881113e-10
CREATOR,SIG_CREATOR,9,54,1,1,4.6742766042504746e-14
CREATOR,SIG_CREATOR,9,55,1,1,4.6498839828634507e-14
CREATOR,SIG_CREATOR,9,56,1,1,4.545077529516919e-14
CREATOR,SIG_CREATOR,9,57,1,1,1.417593122736506e-10
CREATOR,SIG_CREATOR,9,58,1,1,4.6217998005211415e-14
CREATOR,SIG_CREATOR,9,59,1,1,1.938377878947993e-12
CREATOR,SIG_CREATOR,9,60,1,1,4.646279504643817e-14
CREATOR,SIG_CREATOR,9,61,1,1,4.7105093416217176e-14
CREATOR,SIG_CREATOR,9,62,1,1,2.21679184226776e-12
CREATOR,SIG_CREATOR,9,63,1,1,2.1602777267174366e-12
CREATOR,SIG_CREATOR,9,64,1,1,1.1374491336017406e-12
CREATOR,SIG_CREATOR,9,65,1,1,4.6486238393454166e-14
CREATOR,SIG_CREATOR,9,66,1,1,1.327871066223695e-12
CREATOR,SIG_CREATOR,9,67,1,1,1.1644190927016675e-10
CREATOR,SIG_CREATOR,9,68,1,1,4.6578119068520685e-14
CREATOR,SIG_CREATOR,9,69,1,1,1.6533011033775386e-10
CREATOR,SIG_CREATOR,9,70,1,1,4.7448422690339697e-14
CREATOR,SIG_CREATOR,9,71,1,1,4.548265715489098e-14
CREATOR,SIG_CREATOR,9,72,1,1,1.5688002306769228e-12
CREATOR,SIG_CREATOR,9,73,1,1,4.5744069284745726e-14
CREATOR,SIG_CREATOR,9,74,1,1,8.562208740027127e-13
CREATOR,SIG_CREATOR,9,75,1,1,2.7741048662383346e-12
CREATOR,SIG_CREATOR,9,76,1,1,2.060420832250537e-12
CREATOR,SIG_CREATOR,9,77,1,1,1.8030965618646462e-12
CREATOR,SIG_CREATOR,9,78,1,1,4.739484576240518e-14
CREATOR,SIG_CREATOR,9,79,1,1,1.396572067724025e-12
CREATOR,SIG_CREATOR,9,80,1,1,4.583580362874451e-14
CREATOR,SIG_CREATOR,9,81,1,1,4.563049999477249e-14
CREATOR,SIG_CREATOR,9,82,1,1,4.547319127462752e-14
CREATOR,SIG_CREATOR,9,83,1,1,4.67797585846241e-14
CREATOR,SIG_CREATOR,9,84,1,1,1.0853267344730551e-10
CREATOR,SIG_CREATOR,9,85,1,1,2.389919844862381e-12
CREATOR,SIG_CREATOR,9,86,1,1,1.7802054207130488e-12
CREATOR,SIG_CREATOR,9,87,1,1,4.571934862079828e-14
CREATOR,SIG_CREATOR,9,88,1,1,2.2632255060842043e-12
CREATOR,SIG_CREATOR,9,89,1,1,1.7821647944133038e-12
CREATOR,SIG_CREATOR,9,90,1,1,4.7011765116635594e-14
CREATOR,SIG_CREATOR,9,91,1,1,1.813868971281713e-12
CREATOR,SIG_CREATOR,9,92,1,1,1.083748925808113e-12
CREATOR,SIG_CREATOR,9,93,1,1,4.7129828294315645e-14
CREATOR,SIG_CREATOR,9,94,1,1,4.7602142408121196e-14
CREATOR,SIG_CREATOR,9,95,1,1,4.58561328176478e-14
CREATOR,SIG_CREATOR,9,96,1,1,4.57036824785371e-14
CREATOR,SIG_CREATOR,9,97,1,1,4.747321367846157e-14
CREATOR,SIG_CREATOR,9,98,1,1,1.1610740436584409e-10
CREATOR,SIG_CREATOR,9,99,1,1,4.6690836820389696e-14
CREATOR,SIG_CREATOR,9,100,1,1,4.668356910013641e-14
CREATOR,SIG_CREATOR,9,101,1,1,1.1961475718224977e-12
CREATOR,SIG_CREATOR,9,102,1,1,4.668494967493146e-14
CREATOR,SIG_CREATOR,9,103,1,1,4.727624153718275e-14
CREATOR,SIG_CREATOR,9,104,1,1,1.9005215613254622e-10
CREATOR,SIG_CREATOR,9,105,1,1,9.110136846141172e-13
CREATOR,SIG_CREATOR,9,106,1,1,1.4168006771178556e-12
CREATOR,SIG_CREATOR,9,107,1,1,1.9682211348539555e-10
CREATOR,SIG_CREATOR,9,108,1,1,4.721533819670664e-14
CREATOR,SIG_CREATOR,9,109,1,1,4.7333596152503387e-14
CREATOR,SIG_CREATOR,9,110,1,1,4.6357774962233095e-14
CREATOR,SIG_CREATOR,9,111,1,1,4.7565201303031266e-14
CREATOR,SIG_CREATOR,9,112,1,1,4.634031353386405e-14
CREATOR,SIG_CREATOR,9,113,1,1,4.727050807421175e-14
CREATOR,SIG_CREATOR,9,114,1,1,9.945887429115127e-13
CREATOR,SIG_CREATOR,9,115,1,1,4.6685431591146295e-14
CREATOR,SIG_CREATOR,9,116,1,1,4.576701348022785e-14
CREATOR,SIG_CREATOR,9,117,1,1,2.4132792412974218e-12
CREATOR,SIG_CREATOR,9,118,1,1,1.6869215318501103e-10
CREATOR,SIG_CREATOR,9,119,1,1,2.3393725932782082e-12
CREATOR,SIG_CREATOR,9,120,1,1,4.6458388329425655e-14
CREATOR,SIG_CREATOR,9,121,1,1,3.3675235470870134e-12
CREATOR,SIG_CREATOR,9,122,1,1,4.685057427649472e-14
CREATOR,SIG_CREATOR,9,123,1,1,1.9760000525127967e-12
CREATOR,SIG_CREATOR,9,124,1,1,1.1307880788661755e-12
CREATOR,SIG_CREATOR,9,125,1,1,2.376854429558666e-12
CREATOR,SIG_CREATOR,9,126,1,1,4.463523832163143e-06
CREATOR,SIG_CREATOR,9,127,1,1,4.700472044859026e-14
CREATOR,SIG_CREATOR,9,128,1,1,4.6168802812758375e-14
CREATOR,SIG_CREATOR,9,129,1,1,1.965327983439854e-09
CREATOR,SIG_CREATOR,9,130,1,1,1.0820153167918482e-07
CREATOR,SIG_CREATOR,9,131,1,1,1.989470766470166e-12
CREATOR,SIG_CREATOR,9,132,1,1,4.722282452784421e-14
CREATOR,SIG_CREATOR,9,133,1,1,4.6852863931779144e-14
CREATOR,SIG_CREATOR,9,134,1,1,2.716222116978888e-09
CREATOR,SIG_CREATOR,9,135,1,1,4.5950860406563965e-14
CREATOR,SIG_CREATOR,9,136,1,1,4.7488116058574645e-14
CREATOR,SIG_CREATOR,9,137,1,1,4.688372868956999e-14
CREATOR,SIG_CREATOR,9,138,1,1,2.7136309960955833e-12
CREATOR,SIG_CREATOR,9,139,1,1,1.4553389909249055e-12
CREATOR,SIG_CREATOR,9,140,1,1,4.636402141285026e-14
CREATOR,SIG_CREATOR,9,141,1,1,4.661056926480379e-14
CREATOR,SIG_CREATOR,9,142,1,1,4.768362625794879e-14
CREATOR,SIG_CREATOR,9,143,1,1,9.658134626514857e-05
CREATOR,SIG_CREATOR,9,144,1,1,4.754055369846631e-14
CREATOR,SIG_CREATOR,9,145,1,1,4.6126065584790474e-14
CREATOR,SIG_CREATOR,9,146,1,1,4.6989677024156327e-14
CREATOR,SIG_CREATOR,9,147,1,1,4.626064162003932e-14
CREATOR,SIG_CREATOR,9,148,1,1,4.5614186665094686e-14
CREATOR,SIG_CREATOR,9,149,1,1,4.695810489392298e-14
CREATOR,SIG_CREATOR,9,150,1,1,4.586857685114776e-14
CREATOR,SIG_CREATOR,9,151,1,1,3.829984202314311e-09
CREATOR,SIG_CREATOR,9,152,1,1,4.619153880823527e-14
CREATOR,SIG_CREATOR,9,153,1,1,4.737598298837342e-14
CREATOR,SIG_CREATOR,9,154,1,1,4.670680056665924e-14
CREATOR,SIG_CREATOR,9,155,1,1,8.546542337828882e-13
CREATOR,SIG_CREATOR,9,156,1,1,4.661339710933108e-14
CREATOR,SIG_CREATOR,9,157,1,1,4.7120408685280144e-14
CREATOR,SIG_CREATOR,9,158,1,1,4.70239108853104e-14
CREATOR,SIG_CREATOR,9,159,1,1,4.682315409091594e-14
CREATOR,SIG_CREATOR,9,160,1,1,1.2914590259128567e-12
CREATOR,SIG_CREATOR,9,161,1,1,4.646213954498921e-14
CREATOR,SIG_CREATOR,9,162,1,1,2.1409771336655736e-12
CREATOR,SIG_CREATOR,9,163,1,1,4.735357140563758e-14
CREATOR,SIG_CREATOR,9,164,1,1,4.647857047428789e-14
CREATOR,SIG_CREATOR,9,165,1,1,4.6615326041306893e-14
CREATOR,SIG_CREATOR,9,166,1,1,1.796020482520926e-12
CREATOR,SIG_CREATOR,9,167,1,1,2.612827179856245e-09
CREATOR,SIG_CREATOR,9,168,1,1,1.0562810129873905e-10
CREATOR,SIG_CREATOR,9,169,1,1,4.7171493208803327e-14
CREATOR,SIG_CREATOR,9,170,1,1,2.0390426371124984e-09
CREATOR,SIG_CREATOR,9,171,1,1,1.747590010824528e-12
CREATOR,SIG_CREATOR,9,172,1,1,2.215564399884239e-12
CREATOR,SIG_CREATOR,9,173,1,1,1.87116279986857e-12
CREATOR,SIG_CREATOR,9,174,1,1,4.627249673215114e-14
CREATOR,SIG_CREATOR,9,175,1,1,4.566340481343629e-14
CREATOR,SIG_CREATOR,9,176,1,1,4.546817346270808e-14
CREATOR,SIG_CREATOR,9,177,1,1,2.6642275003114774e-09
CREATOR,SIG_CREATOR,9,178,1,1,1.418360562293843e-12
CREATOR,SIG_CREATOR,9,179,1,1,2.4846962167334146e-12
CREATOR,SIG_CREATOR,9,180,1,1,2.967106663365023e-12
CREATOR,SIG_CREATOR,9,181,1,1,1.6757588892313333e-09
CREATOR,SIG_CREATOR,9,182,1,1,1.2045174513857464e-12
CREATOR,SIG_CREATOR,9,183,1,1,1.3396987919434254e-12
CREATOR,SIG_CREATOR,9,184,1,1,4.721115721659111e-14
CREATOR,SIG_CREATOR,9,185,1,1,4.7327431349089896e-14
CREATOR,SIG_CREATOR,9,186,1,1,1.4533216779664406e-12
CREATOR,SIG_CREATOR,9,187,1,1,1.358352536433196e-12
CREATOR,SIG_CREATOR,9,188,1,1,1.984390042164208e-12
CREATOR,SIG_CREATOR,9,189,1,1,4.7053835082077856e-14
CREATOR,SIG_CREATOR,9,190,1,1,1.3184038993131454e-12
CREATOR,SIG_CREATOR,9,191,1,1,1.7621509224295349e-12
CREATOR,SIG_CREATOR,9,192,1,1,4.620118264266882e-14
CREATOR,SIG_CREATOR,9,193,1,1,1.3489176849127543e-12
CREATOR,SIG_CREATOR,9,194,1,1,4.648685955578094e-14
CREATOR,SIG_CREATOR,9,195,1,1,4.739434529303522e-14
CREATOR,SIG_CREATOR,9,196,1,1,4.7567438129668854e-14
CREATOR,SIG_CREATOR,9,197,1,1,4.6940036996790913e-14
CREATOR,SIG_CREATOR,9,198,1,1,1.3348977056543973e-07
CREATOR,SIG_CREATOR,9,199,1,1,1.6863966730261353e-12
CREATOR,SIG_CREATOR,10,0,1,1,4.581828063324818e-14
CREATOR,SIG_CREATOR,10,1,1,1,4.6852711681687274e-14
CREATOR,SIG_CREATOR,10,2,1,1,2.597381586234362e-12
CREATOR,SIG_CREATOR,10,3,1,1,1.1695984791578382e-12
CREATOR,SIG_CREATOR,10,4,1,1,4.5575460458479777e-14
CREATOR,SIG_CREATOR,10,5,1,1,2.4822823382217796e-12
CREATOR,SIG_CREATOR,10,6,1,1,2.0830235374244957e-12
CREATOR,SIG_CREATOR,10,7,1,1,4.714174333535123e-14
CREATOR,SIG_CREATOR,10,8,1,1,4.5261301028141976e-14
CREATOR,SIG_CREATOR,10,9,1,1,4.692978638609303e-14
CREATOR,SIG_CREATOR,10,10,1,1,1.808814064679132e-12
CREATOR,SIG_CREATOR,10,11,1,1,4.683788181956965e-14
CREATOR,SIG_CREATOR,10,12,1,1,4.390773665180338e-09
CREATOR,SIG_CREATOR,10,13,1,1,1.063308338166247e-10
CREATOR,SIG_CREATOR,10,14,1,1,4.596099007497984e-14
CREATOR,SIG_CREATOR,10,15,1,1,4.7076815392139473e-14
CREATOR,SIG_CREATOR,10,16,1,1,2.4175562544204923e-12
CREATOR,SIG_CREATOR,10,17,1,1,4.692683132520308e-14
CREATOR,SIG_CREATOR,10,18,1,1,4.6930821409072196e-14
CREATOR,SIG_CREATOR,10,19,1,1,4.7108337279862704e-14
CREATOR,SIG_CREATOR,10,20,1,1,4.74192823088589e-14
CREATOR,SIG_CREATOR,10,21,1,1,1.5400838114333137e-12
CREATOR,SIG_CREATOR,10,22,1,1,4.725736480167709e-14
CREATOR,SIG_CREATOR,10,23,1,1,4.5937072800276544e-14
CREATOR,SIG_CREATOR,10,24,1,1,4.6258371499989394e-14
CREATOR,SIG_CREATOR,10,25,1,1,2.0206186586380124e-12
CREATOR,SIG_CREATOR,10,26,1,1,1.4674448157828387e-12
CREATOR,SIG_CREATOR,10,27,1,1,4.579137217437358e-14
CREATOR,SIG_CREATOR,10,28,1,1,1.9014540998289623e-12
CREATOR,SIG_CREATOR,10,29,1,1,1.5492048037655215e-12
CREATOR,SIG_CREATOR,10,30,1,1,4.678817775613144e-14
CREATOR,SIG_CREATOR,10,31,1,1,1.8298642430861836e-09
CREATOR,SIG_CREATOR,10,32,1,1,2.2090978854875806e-12
CREATOR,SIG_CREATOR,10,33,1,1,4.673999897380579e-14
CREATOR,SIG_CREATOR,10,34,1,1,1.2366490312721775e-10
CREATOR,SIG_CREATOR,10,35,1,1,2.025645825644471e-12
CREATOR,SIG_CREATOR,10,36,1,1,2.6896988791121106e-12
CREATOR,SIG_CREATOR,10,37,1,1,4.67407632885496e-14
CREATOR,SIG_CREATOR,10,38,1,1,4.738241224600505e-14
CREATOR,SIG_CREATOR,10,39,1,1,1.0647108469695777e-12
CREATOR,SIG_CREATOR,10,40,1,1,4.7271898868568303e-14
CREATOR,SIG_CREATOR,10,41,1,1,4.690296984814034e-14
CREATOR,SIG_CREATOR,10,42,1,1,4.703951244206878e-14
CREATOR,SIG_CREATOR,10,43,1,1,4.586168080431684e-14
CREATOR,SIG_CREATOR,10,44,1,1,4.6595503610135727e-14
CREATOR,SIG_CREATOR,10,45,1,1,4.694709626300172e-14
CREATOR,SIG_CREATOR,10,46,1,1,1.4829717896744033e-09
CREATOR,SIG_CREATOR,10,47,1,1,2.4115071252408034e-09
CREATOR,SIG_CREATOR,10,48,1,1,4.551288566385911e-14
CREATOR,SIG_CREATOR,10,49,1,1,4.6570019328960886e-14
CREATOR,SIG_CREATOR,10,50,1,1,8.95121033168865e-13
CREATOR,SIG_CREATOR,10,51,1,1,4.582506103572959e-14
CREATOR,SIG_CREATOR,10,52,1,1,4.666336815560823e-14
CREATOR,SIG_CREATOR,10,53,1,1,1.974946262976401e-12
CREATOR,SIG_CREATOR,10,54,1,1,1.5015031779817887e-10
CREATOR,SIG_CREATOR,10,55,1,1,4.674059662994521e-14
CREATOR,SIG_CREATOR,10,56,1,1,2.4739309167895186e-12
CREATOR,SIG_CREATOR,10,57,1,1,4.5864240616954116e-14
CREATOR,SIG_CREATOR,10,58,1,1,4.687589656313022e-14
CREATOR,SIG_CREATOR,10,59,1,1,4.743084397439166e-14
CREATOR,SIG_CREATOR,10,60,1,1,4.673786025591027e-14
CREATOR,SIG_CREATOR,10,61,1,1,4.741919699161129e-14
CREATOR,SIG_CREATOR,10,62,1,1,4.763137909829725e-14
CREATOR,SIG_CREATOR,10,63,1,1,4.6692785077291043e-14
CREATOR,SIG_CREATOR,10,64,1,1,4.7574265386630305e-14
CREATOR,SIG_CREATOR,10,65,1,1,2.924365378469912e-12
CREATOR,SIG_CREATOR,10,66,1,1,6.673324296518482e-11
CREATOR,SIG_CREATOR,10,67,1,1,8.858193574909883e-13
CREATOR,SIG_CREATOR,10,68,1,1,1.353453508951285e-12
CREATOR,SIG_CREATOR,10,69,1,1,1.3334405422872025e-12
CREATOR,SIG_CREATOR,10,70,1,1,4.671157334034679e-14
CREATOR,SIG_CREATOR,10,71,1,1,4.6145153514135405e-14
CREATOR,SIG_CREATOR,10,72,1,1,4.682250739083726e-14
CREATOR,SIG_CREATOR,10,73,1,1,4.7222747979300495e-14
CREATOR,SIG_CREATOR,10,74,1,1,1.6778921648587074e-12
CREATOR,SIG_CREATOR,10,75,1,1,2.135762217057653e-12
CREATOR,SIG_CREATOR,10,76,1,1,4.667811213736779e-14
CREATOR,SIG_CREATOR,10,77,1,1,4.5561237772997495e-14
CREATOR,SIG_CREATOR,10,78,1,1,1.7677895687430496e-12
CREATOR,SIG_CREATOR,10,79,1,1,4.7311379319397626e-14
CREATOR,SIG_CREATOR,10,80,1,1,6.990157482909045e-08
CREATOR,SIG_CREATOR,10,81,1,1,3.4583402700456063e-12
CREATOR,SIG_CREATOR,10,82,1,1,4.6645329588505164e-14
CREATOR,SIG_CREATOR,10,83,1,1,4.659165871636398e-14
CREATOR,SIG_CREATOR,10,84,1,1,1.6472596409966867e-12
CREATOR,SIG_CREATOR,10,85,1,1,1.3299366623977965e-12
CREATOR,SIG_CREATOR,10,86,1,1,1.140608720434811e-12
CREATOR,SIG_CREATOR,10,87,1,1,1.48496877172311e-12
CREATOR,SIG_CREATOR,10,88,1,1,4.7574609856676995e-14
CREATOR,SIG_CREATOR,10,89,1,1,4.705958542543098e-14
CREATOR,SIG_CREATOR,10,90,1,1,4.754837853095255e-14
CREATOR,SIG_CREATOR,10,91,1,1,1.6768664785553476e-12
CREATOR,SIG_CREATOR,10,92,1,1,1.7850066588250857e-12
CREATOR,SIG_CREATOR,10,93,1,1,4.6655292744028655e-14
CREATOR,SIG_CREATOR,10,94,1,1,1.836935892278004e-12
CREATOR,SIG_CREATOR,10,95,1,1,4.6547503475260375e-14
CREATOR,SIG_CREATOR,10,96,1,1,4.7194938032591485e-14
CREATOR,SIG_CREATOR,10,97,1,1,4.578027970169016e-14
CREATOR,SIG_CREATOR,10,98,1,1,4.6227867039013307e-14
CREATOR,SIG_CREATOR,10,99,1,1,4.733367910626984e-14
CREATOR,SIG_CREATOR,10,100,1,1,3.242303220386633e-12
CREATOR,SIG_CREATOR,10,101,1,1,4.7170293666101255e-14
CREATOR,SIG_CREATOR,10,102,1,1,1.2634144972398562e-10
CREATOR,SIG_CREATOR,10,103,1,1,1.8815402324441015e-12
CREATOR,SIG_CREATOR,10,104,1,1,4.651066994058038e-14
CREATOR,SIG_CREATOR,10,105,1,1,1.6902649663876743e-12
CREATOR,SIG_CREATOR,10,106,1,1,4.6898319111613696e-14
CREATOR,SIG_CREATOR,10,107,1,1,1.0587080702193243e-12
CREATOR,SIG_CREATOR,10,108,1,1,4.696250730841342e-14
CREATOR,SIG_CREATOR,10,109,1,1,2.1283809768019855e-12
CREATOR,SIG_CREATOR,10,110,1,1,1.901379616843005e-10
CREATOR,SIG_CREATOR,10,111,1,1,2.261710913341099e-12
CREATOR,SIG_CREATOR,10,112,1,1,1.8431511339868413e-10
CREATOR,SIG_CREATOR,10,113,1,1,8.040998305606282e-11
CREATOR,SIG_CREATOR,10,114,1,1,4.741291082906733e-14
CREATOR,SIG_CREATOR,10,115,1,1,4.7468044034071455e-14
CREATOR,SIG_CREATOR,10,116,1,1,1.3570084536850303e-12
CREATOR,SIG_CREATOR,10,117,1,1,1.4573694818493885e-12
CREATOR,SIG_CREATOR,10,118,1,1,1.3821396513302545e-12
CREATOR,SIG_CREATOR,10,119,1,1,1.0165114018112796e-08
CREATOR,SIG_CREATOR,10,120,1,1,1.3304579432356465e-12
CREATOR,SIG_CREATOR,10,121,1,1,4.64036524171051e-14
CREATOR,SIG_CREATOR,10,122,1,1,1.587289132507764e-12
CREATOR,SIG_CREATOR,10,123,1,1,1.67450024134831e-12
CREATOR,SIG_CREATOR,10,124,1,1,4.588371188567701e-14
CREATOR,SIG_CREATOR,10,125,1,1,4.64057676425577e-14
CREATOR,SIG_CREATOR,10,126,1,1,2.077917705212002e-12
CREATOR,SIG_CREATOR,10,127,1,1,4.6781839703888204e-14
CREATOR,SIG_CREATOR,10,128,1,1,1.89508229262054e-12
CREATOR,SIG_CREATOR,10,129,1,1,4.656645679533776e-14
CREATOR,SIG_CREATOR,10,130,1,1,4.706562450034901e-14
CREATOR,SIG_CREATOR,10,131,1,1,1.4792032097611374e-12
CREATOR,SIG_CREATOR,10,132,1,1,4.759377298480063e-14
CREATOR,SIG_CREATOR,10,133,1,1,4.7569898122356055e-14
CREATOR,SIG_CREATOR,10,134,1,1,4.750200598006218e-14
CREATOR,SIG_CREATOR,10,135,1,1,1.6844637166191088e-12
CREATOR,SIG_CREATOR,10,136,1,1,1.592033620413043e-12
CREATOR,SIG_CREATOR,10,137,1,1,1.6715040296996983e-12
CREATOR,SIG_CREATOR,10,138,1,1,1.5391167691254905e-12
CREATOR,SIG_CREATOR,10,139,1,1,1.870697618328161e-12
CREATOR,SIG_CREATOR,10,140,1,1,1.2446861903502055e-10
CREATOR,SIG_CREATOR,10,141,1,1,4.768297995751917e-14
CREATOR,SIG_CREATOR,10,142,1,1,4.680193914789179e-14
CREATOR,SIG_CREATOR,10,143,1,1,1.2722102707036968e-12
CREATOR,SIG_CREATOR,10,144,1,1,4.681748841233894e-14
CREATOR,SIG_CREATOR,10,145,1,1,4.6873275047672004e-14
CREATOR,SIG_CREATOR,10,146,1,1,1.5213156634342906e-10
CREATOR,SIG_CREATOR,10,147,1,1,1.447167643379076e-12
CREATOR,SIG_CREATOR,10,148,1,1,4.712621893464275e-14
CREATOR,SIG_CREATOR,10,149,1,1,4.721396585974875e-14
CREATOR,SIG_CREATOR,10,150,1,1,2.329953941833261e-12
CREATOR,SIG_CREATOR,10,151,1,1,4.706561091733453e-14
CREATOR,SIG_CREATOR,10,152,1,1,1.0692168465958236e-10
CREATOR,SIG_CREATOR,10,153,1,1,4.626031816757456e-14
CREATOR,SIG_CREATOR,10,154,1,1,4.67328591763168e-14
CREATOR,SIG_CREATOR,10,155,1,1,1.077704298345156e-12
CREATOR,SIG_CREATOR,10,156,1,1,4.5806196850562235e-14
CREATOR,SIG_CREATOR,10,157,1,1,4.712654739028275e-14
CREATOR,SIG_CREATOR,10,158,1,1,4.727265794098342e-14
CREATOR,SIG_CREATOR,10,159,1,1,4.5853979507320334e-14
CREATOR,SIG_CREATOR,10,160,1,1,2.796319656882719e-12
CREATOR,SIG_CREATOR,10,161,1,1,1.530461749512989e-12
CREATOR,SIG_CREATOR,10,162,1,1,1.1185632580302167e-10
CREATOR,SIG_CREATOR,10,163,1,1,4.6449771786946615e-14
CREATOR,SIG_CREATOR,10,164,1,1,4.738819781471712e-14
CREATOR,SIG_CREATOR,10,165,1,1,4.701206069336967e-14
CREATOR,SIG_CREATOR,10,166,1,1,2.0142315505552564e-12
CREATOR,SIG_CREATOR,10,167,1,1,2.1740605013737212e-12
CREATOR,SIG_CREATOR,10,168,1,1,4.747520039144418e-14
CREATOR,SIG_CREATOR,10,169,1,1,9.74803185001215e-13
CREATOR,SIG_CREATOR,10,170,1,1,4.678010460226239e-14
CREATOR,SIG_CREATOR,10,171,1,1,4.708433837660272e-14
CREATOR,SIG_CREATOR,10,172,1,1,4.73327085081022e-14
CREATOR,SIG_CREATOR,10,173,1,1,4.74453772997176e-14
CREATOR,SIG_CREATOR,10,174,1,1,4.734530346713812e-14
CREATOR,SIG_CREATOR,10,175,1,1,4.6768666535142386e-14
CREATOR,SIG_CREATOR,10,176,1,1,4.5700437373114245e-14
CREATOR,SIG_CREATOR,10,177,1,1,4.751732787778438e-14
CREATOR,SIG_CREATOR,10,178,1,1,1.6839890142672204e-10
CREATOR,SIG_CREATOR,10,179,1,1,4.705077332584388e-14
CREATOR,SIG_CREATOR,10,180,1,1,4.653938878666148e-14
CREATOR,SIG_CREATOR,10,181,1,1,4.744863300237114e-14
CREATOR,SIG_CREATOR,10,182,1,1,2.0066635270403758e-12
CREATOR,SIG_CREATOR,10,183,1,1,4.7036865301371684e-14
CREATOR,SIG_CREATOR,10,184,1,1,9.38278143603622e-13
CREATOR,SIG_CREATOR,10,185,1,1,4.736173938912526e-14
CREATOR,SIG_CREATOR,10,186,1,1,1.6932095953561765e-12
CREATOR,SIG_CREATOR,10,187,1,1,9.793647150806471e-08
CREATOR,SIG_CREATOR,10,188,1,1,2.099669423997368e-12
CREATOR,SIG_CREATOR,10,189,1,1,4.6938069740690074e-14
CREATOR,SIG_CREATOR,10,190,1,1,4.708162748241067e-14
CREATOR,SIG_CREATOR,10,191,1,1,4.687451085985935e-14
CREATOR,SIG_CREATOR,10,192,1,1,4.643294689838025e-14
CREATOR,SIG_CREATOR,10,193,1,1,3.4388664627360824e-09
CREATOR,SIG_CREATOR,10,194,1,1,4.692822180028147e-14
CREATOR,SIG_CREATOR,10,195,1,1,4.713295870160465e-14
CREATOR,SIG_CREATOR,10,196,1,1,4.6157586691644825e-14
CREATOR,SIG_CREATOR,10,197,1,1,1.3499189089214315e-10
CREATOR,SIG_CREATOR,10,198,1,1,4.6509804726313543e-14
CREATOR,SIG_CREATOR,10,199,1,1,1.7059173155676832e-12
CREATOR,SIG_CREATOR,11,0,1,1,1.5820973664892061e-12
CREATOR,SIG_CREATOR,11,1,1,1,2.0505981915290456e-12
CREATOR,SIG_CREATOR,11,2,1,1,4.759830016725797e-14
CREATOR,SIG_CREATOR,11,3,1,1,4.749487086931581e-14
CREATOR,SIG_CREATOR,11,4,1,1,3.150258738901286e-09
CREATOR,SIG_CREATOR,11,5,1,1,4.582176957028815e-14
CREATOR,SIG_CREATOR,11,6,1,1,3.1985468770528177e-12
CREATOR,SIG_CREATOR,11,7,1,1,4.664006002949948e-14
CREATOR,SIG_CREATOR,11,8,1,1,1.475002458789021e-07
CREATOR,SIG_CREATOR,11,9,1,1,4.623622476383931e-14
CREATOR,SIG_CREATOR,11,10,1,1,4.632244970413629e-14
CREATOR,SIG_CREATOR,11,11,1,1,4.6529191014602224e-14
CREATOR,SIG_CREATOR,11,12,1,1,4.670487752667556e-14
CREATOR,SIG_CREATOR,11,13,1,1,2.751231103666817e-12
CREATOR,SIG_CREATOR,11,14,1,1,2.90362800645232e-09
CREATOR,SIG_CREATOR,11,15,1,1,4.6839909766873714e-14
CREATOR,SIG_CREATOR,11,16,1,1,1.3191415817144636e-12
CREATOR,SIG_CREATOR,11,17,1,1,1.3600047582542838e-10
CREATOR,SIG_CREATOR,11,18,1,1,1.1926127954428823e-10
CREATOR,SIG_CREATOR,11,19,1,1,2.1561017659963324e-12
CREATOR,SIG_CREATOR,11,20,1,1,4.5764566762897206e-14
CREATOR,SIG_CREATOR,11,21,1,1,1.3015875431972478e-12
CREATOR,SIG_CREATOR,11,22,1,1,4.737371441309937e-14
CREATOR,SIG_CREATOR,11,23,1,1,4.729568696143251e-14
CREATOR,SIG_CREATOR,11,24,1,1,1.7205232749807782e-12
CREATOR,SIG_CREATOR,11,25,1,1,4.630511058529805e-14
CREATOR,SIG_CREATOR,11,26,1,1,1.286510232076544e-12
CREATOR,SIG_CREATOR,11,27,1,1,4.613462207286851e-14
CREATOR,SIG_CREATOR,11,28,1,1,2.8570826889649943e-12
CREATOR,SIG_CREATOR,11,29,1,1,4.5468631715507274e-14
CREATOR,SIG_CREATOR,11,30,1,1,2.454483708849221e-09
CREATOR,SIG_CREATOR,11,31,1,1,4.6848014212930006e-14
CREATOR,SIG_CREATOR,11,32,1,1,4.745302710974184e-14
CREATOR,SIG_CREATOR,11,33,1,1,1.9473754297293085e-10
CREATOR,SIG_CREATOR,11,34,1,1,4.676049934308805e-14
CREATOR,SIG_CREATOR,11,35,1,1,4.638814043734665e-14
CREATOR,SIG_CREATOR,11,36,1,1,1.3443208863114555e-12
CREATOR,SIG_CREATOR,11,37,1,1,1.4534904564140065e-12
CREATOR,SIG_CREATOR,11,38,1,1,4.682311588028146e-14
CREATOR,SIG_CREATOR,11,39,1,1,1.1529545153471061e-10
CREATOR,SIG_CREATOR,11,40,1,1,2.439047758575116e-09
CREATOR,SIG_CREATOR,11,41,1,1,1.5268738380591005e-12
CREATOR,SIG_CREATOR,11,42,1,1,2.3666154473636385e-12
CREATOR,SIG_CREATOR,11,43,1,1,4.754314898070449e-14
CREATOR,SIG_CREATOR,11,44,1,1,3.5415497909403374e-09
CREATOR,SIG_CREATOR,11,45,1,1,4.6458498810912765e-14
CREATOR,SIG_CREATOR,11,46,1,1,1.4289668138651576e-10
CREATOR,SIG_CREATOR,11,47,1,1,1.60269993355428e-10
CREATOR,SIG_CREATOR,11,48,1,1,1.5326141821821513e-10
CREATOR,SIG_CREATOR,11,49,1,1,1.5439695757857543e-10
CREATOR,SIG_CREATOR,11,50,1,1,9.99978124810865e-13
CREATOR,SIG_CREATOR,11,51,1,1,4.63126336407577e-14
CREATOR,SIG_CREATOR,11,52,1,1,4.731674827714946e-14
CREATOR,SIG_CREATOR,11,53,1,1,1.8125569360814787e-12
CREATOR,SIG_CREATOR,11,54,1,1,4.754073650743162e-14
CREATOR,SIG_CREATOR,11,55,1,1,2.9609752855334717e-12
CREATOR,SIG_CREATOR,11,56,1,1,1.0951151668516345e-08
CREATOR,SIG_CREATOR,11,57,1,1,4.574810968173593e-14
CREATOR,SIG_CREATOR,11,58,1,1,4.651616152362188e-14
CREATOR,SIG_CREATOR,11,59,1,1,3.3026120733677693e-12
CREATOR,SIG_CREATOR,11,60,1,1,4.6957836561523e-14
CREATOR,SIG_CREATOR,11,61,1,1,1.2058319894812105e-10
CREATOR,SIG_CREATOR,11,62,1,1,1.3180454790030917e-12
CREATOR,SIG_CREATOR,11,63,1,1,2.2687897160209366e-12
CREATOR,SIG_CREATOR,11,64,1,1,1.7608720917763325e-12
CREATOR,SIG_CREATOR,11,65,1,1,3.2425824928622227e-09
CREATOR,SIG_CREATOR,11,66,1,1,1.3609642786522362e-12
CREATOR,SIG_CREATOR,11,67,1,1,4.584403360506112e-14
CREATOR,SIG_CREATOR,11,68,1,1,2.023825026183694e-12
CREATOR,SIG_CREATOR,11,69,1,1,4.752141811823938e-14
CREATOR,SIG_CREATOR,11,70,1,1,1.9145108512083127e-12
CREATOR,SIG_CREATOR,11,71,1,1,4.613208748060606e-14
CREATOR,SIG_CREATOR,11,72,1,1,4.7680054288495857e-14
CREATOR,SIG_CREATOR,11,73,1,1,4.7570311424985e-14
CREATOR,SIG_CREATOR,11,74,1,1,1.6319833451166407e-12
CREATOR,SIG_CREATOR,11,75,1,1,4.705538811988226e-14
CREATOR,SIG_CREATOR,11,76,1,1,1.931755783860066e-12
CREATOR,SIG_CREATOR,11,77,1,1,4.7345918305382027e-14
CREATOR,SIG_CREATOR,11,78,1,1,4.674308568668106e-14
CREATOR,SIG_CREATOR,11,79,1,1,9.885868016907421e-11
CREATOR,SIG_CREATOR,11,80,1,1,4.5704710887343154e-14
CREATOR,SIG_CREATOR,11,81,1,1,1.519781137867164e-12
CREATOR,SIG_CREATOR,11,82,1,1,4.613943355449538e-14
CREATOR,SIG_CREATOR,11,83,1,1,4.736682319432073e-14
CREATOR,SIG_CREATOR,11,84,1,1,4.610785141620846e-14
CREATOR,SIG_CREATOR,11,85,1,1,4.7625429853128404e-14
CREATOR,SIG_CREATOR,11,86,1,1,4.7397120345452483e-14
CREATOR,SIG_CREATOR,11,87,1,1,1.2036132546260918e-12
CREATOR,SIG_CREATOR,11,88,1,1,1.4293119015998107e-12
CREATOR,SIG_CREATOR,11,89,1,1,2.586397144098644e-12
CREATOR,SIG_CREATOR,11,90,1,1,1.839910842849838e-12
CREATOR,SIG_CREATOR,11,91,1,1,4.694942464653848e-14
CREATOR,SIG_CREATOR,11,92,1,1,4.648149416936863e-14
CREATOR,SIG_CREATOR,11,93,1,1,4.694936601103184e-14
CREATOR,SIG_CREATOR,11,94,1,1,3.5213951557348415e-09
CREATOR,SIG_CREATOR,11,95,1,1,2.870416674643942e-12
CREATOR,SIG_CREATOR,11,96,1,1,4.6463569202000456e-14
CREATOR,SIG_CREATOR,11,97,1,1,4.5879490870569836e-14
CREATOR,SIG_CREATOR,11,98,1,1,2.6293294607471984e-12
CREATOR,SIG_CREATOR,11,99,1,1,2.2178385714539484e-12
CREATOR,SIG_CREATOR,11,100,1,1,4.728046633323665e-14
CREATOR,SIG_CREATOR,11,101,1,1,4.695047275580416e-14
CREATOR,SIG_CREATOR,11,102,1,1,4.659883947669499e-14
CREATOR,SIG_CREATOR,11,103,1,1,2.6177447980404298e-12
CREATOR,SIG_CREATOR,11,104,1,1,1.2963462208655462e-10
CREATOR,SIG_CREATOR,11,105,1,1,4.6660969364640675e-14
CREATOR,SIG_CREATOR,11,106,1,1,4.738451609249313e-14
CREATOR,SIG_CREATOR,11,107,1,1,4.639186949255982e-14
CREATOR,SIG_CREATOR,11,108,1,1,1.95687792583019e-12
CREATOR,SIG_CREATOR,11,109,1,1,1.0522597775503346e-12
CREATOR,SIG_CREATOR,11,110,1,1,1.7189933987589785e-12
CREATOR,SIG_CREATOR,11,111,1,1,1.6065468736215492e-12
CREATOR,SIG_CREATOR,11,112,1,1,2.570555348744323e-09
CREATOR,SIG_CREATOR,11,113,1,1,2.445534801127696e-12
CREATOR,SIG_CREATOR,11,114,1,1,4.655123792878118e-14
CREATOR,SIG_CREATOR,11,115,1,1,8.279258863660964e-11
CREATOR,SIG_CREATOR,11,116,1,1,1.7446814000222517e-12
CREATOR,SIG_CREATOR,11,117,1,1,4.67234706990017e-14
CREATOR,SIG_CREATOR,11,118,1,1,4.765375687284595e-14
CREATOR,SIG_CREATOR,11,119,1,1,1.9255171987726906e-12
CREATOR,SIG_CREATOR,11,120,1,1,1.8121943268090117e-12
CREATOR,SIG_CREATOR,11,121,1,1,2.719917997366516e-09
CREATOR,SIG_CREATOR,11,122,1,1,1.523553126032864e-10
CREATOR,SIG_CREATOR,11,123,1,1,1.8068759285703655e-12
CREATOR,SIG_CREATOR,11,124,1,1,2.9596817838651216e-12
CREATOR,SIG_CREATOR,11,125,1,1,1.1572605804931566e-12
CREATOR,SIG_CREATOR,11,126,1,1,4.6315425575789305e-14
CREATOR,SIG_CREATOR,11,127,1,1,4.716075157135944e-14
CREATOR,SIG_CREATOR,11,128,1,1,1.2373812817655103e-10
CREATOR,SIG_CREATOR,11,129,1,1,1.8048191553633754e-12
CREATOR,SIG_CREATOR,11,130,1,1,1.3748512192602854e-10
CREATOR,SIG_CREATOR,11,131,1,1,2.3485639029335435e-09
CREATOR,SIG_CREATOR,11,132,1,1,4.688229468880373e-14
CREATOR,SIG_CREATOR,11,133,1,1,4.65536660220256e-14
CREATOR,SIG_CREATOR,11,134,1,1,1.333883132352431e-12
CREATOR,SIG_CREATOR,11,135,1,1,1.419557817671906e-12
CREATOR,SIG_CREATOR,11,136,1,1,4.6513625290107687e-14
CREATOR,SIG_CREATOR,11,137,1,1,4.659597946231741e-14
CREATOR,SIG_CREATOR,11,138,1,1,4.745710830841756e-14
CREATOR,SIG_CREATOR,11,139,1,1,1.7773089306519074e-12
CREATOR,SIG_CREATOR,11,140,1,1,1.0156822374651767e-10
CREATOR,SIG_CREATOR,11,141,1,1,2.9014121520125045e-12
CREATOR,SIG_CREATOR,11,142,1,1,4.754392503154444e-14
CREATOR,SIG_CREATOR,11,143,1,1,1.5020562827787164e-12
CREATOR,SIG_CREATOR,11,144,1,1,1.6023430038203219e-12
CREATOR,SIG_CREATOR,11,145,1,1,4.6546792364389043e-14
CREATOR,SIG_CREATOR,11,146,1,1,1.897513337005625e-12
CREATOR,SIG_CREATOR,11,147,1,1,4.647131641236547e-14
CREATOR,SIG_CREATOR,11,148,1,1,2.0732936825189725e-12
CREATOR,SIG_CREATOR,11,149,1,1,4.725077060248632e-14
CREATOR,SIG_CREATOR,11,150,1,1,4.6629491382517835e-14
CREATOR,SIG_CREATOR,11,151,1,1,4.635901943406702e-14
CREATOR,SIG_CREATOR,11,152,1,1,4.753030803455829e-14
CREATOR,SIG_CREATOR,11,153,1,1,4.6681996616519836e-14
CREATOR,SIG_CREATOR,11,154,1,1,4.688870973242192e-14
CREATOR,SIG_CREATOR,11,155,1,1,2.4055423160969807e-12
CREATOR,SIG_CREATOR,11,156,1,1,1.1723744755867517e-12
CREATOR,SIG_CREATOR,11,157,1,1,4.6811950915816204e-14
CREATOR,SIG_CREATOR,11,158,1,1,1.6531881968692196e-12
CREATOR,SIG_CREATOR,11,159,1,1,1.4947801662525621e-12
CREATOR,SIG_CREATOR,11,160,1,1,4.616580913279812e-14
CREATOR,SIG_CREATOR,11,161,1,1,1.95101438925774e-12
CREATOR,SIG_CREATOR,11,162,1,1,4.593566270706856e-14
CREATOR,SIG_CREATOR,11,163,1,1,4.712803137896924e-14
CREATOR,SIG_CREATOR,11,164,1,1,1.2665594600171765e-12
CREATOR,SIG_CREATOR,11,165,1,1,1.7521726554961892e-12
CREATOR,SIG_CREATOR,11,166,1,1,1.6785945304851116e-12
CREATOR,SIG_CREATOR,11,167,1,1,2.1027049492483505e-10
CREATOR,SIG_CREATOR,11,168,1,1,4.6790147985776037e-14
CREATOR,SIG_CREATOR,11,169,1,1,1.7781041834010639e-12
CREATOR,SIG_CREATOR,11,170,1,1,8.614391581141525e-11
CREATOR,SIG_CREATOR,11,171,1,1,4.665617716999161e-14
CREATOR,SIG_CREATOR,11,172,1,1,1.19233343189874e-10
CREATOR,SIG_CREATOR,11,173,1,1,1.8868518896258316e-12
CREATOR,SIG_CREATOR,11,174,1,1,2.210615848939193e-12
CREATOR,SIG_CREATOR,11,175,1,1,4.7302306808550185e-14
CREATOR,SIG_CREATOR,11,176,1,1,2.1184055314857013e-12
CREATOR,SIG_CREATOR,11,177,1,1,1.7808473372568476e-10
CREATOR,SIG_CREATOR,11,178,1,1,1.839564091406089e-12
CREATOR,SIG_CREATOR,11,179,1,1,4.7677426296025875e-14
CREATOR,SIG_CREATOR,11,180,1,1,4.587071743764182e-14
CREATOR,SIG_CREATOR,11,181,1,1,1.03279547637528e-12
CREATOR,SIG_CREATOR,11,182,1,1,4.718383970312954e-14
CREATOR,SIG_CREATOR,11,183,1,1,1.0177569619578566e-12
CREATOR,SIG_CREATOR,11,184,1,1,1.9463325072256186e-12
CREATOR,SIG_CREATOR,11,185,1,1,4.662682147562823e-14
CREATOR,SIG_CREATOR,11,186,1,1,4.745333226387055e-14
CREATOR,SIG_CREATOR,11,187,1,1,3.625792750809035e-09
CREATOR,SIG_CREATOR,11,188,1,1,4.5985359726194095e-14
CREATOR,SIG_CREATOR,11,189,1,1,4.583413196907406e-14
CREATOR,SIG_CREATOR,11,190,1,1,4.6758340150589883e-14
CREATOR,SIG_CREATOR,11,191,1,1,4.7347218246235526e-14
CREATOR,SIG_CREATOR,11,192,1,1,1.441786064465788e-12
CREATOR,SIG_CREATOR,11,193,1,1,4.661995708516289e-14
CREATOR,SIG_CREATOR,11,194,1,1,4.6778122689583525e-14
CREATOR,SIG_CREATOR,11,195,1,1,1.5861596624297747e-12
CREATOR,SIG_CREATOR,11,196,1,1,1.7430091085163904e-12
CREATOR,SIG_CREATOR,11,197,1,1,1.836261838663588e-12
CREATOR,SIG_CREATOR,11,198,1,1,1.25273028312638e-12
CREATOR,SIG_CREATOR,11,199,1,1,1.8458687233339772e-12
CREATOR,SIG_CREATOR,12,0,1,1,1.332201734257317e-12
CREATOR,SIG_CREATOR,12,1,1,1,4.693489759434589e-14
CREATOR,SIG_CREATOR,12,2,1,1,4.727086112200444e-14
CREATOR,SIG_CREATOR,12,3,1,1,4.6975526832400514e-14
CREATOR,SIG_CREATOR,12,4,1,1,9.454360807072215e-13
CREATOR,SIG_CREATOR,12,5,1,1,2.0379983658165716e-12
CREATOR,SIG_CREATOR,12,6,1,1,2.668043160809399e-12
CREATOR,SIG_CREATOR,12,7,1,1,1.912773227359516e-12
CREATOR,SIG_CREATOR,12,8,1,1,2.6124985143765723e-12
CREATOR,SIG_CREATOR,12,9,1,1,2.2445161530428227e-12
CREATOR,SIG_CREATOR,12,10,1,1,1.629875703926713e-12
CREATOR,SIG_CREATOR,12,11,1,1,4.764220113992731e-14
CREATOR,SIG_CREATOR,12,12,1,1,1.3053148987708878e-12
CREATOR,SIG_CREATOR,12,13,1,1,4.63685804398036e-14
CREATOR,SIG_CREATOR,12,14,1,1,4.559695166050271e-14
CREATOR,SIG_CREATOR,12,15,1,1,1.301094426968586e-10
CREATOR,SIG_CREATOR,12,16,1,1,4.7428250486720494e-14
CREATOR,SIG_CREATOR,12,17,1,1,1.9782077107773796e-12
CREATOR,SIG_CREATOR,12,18,1,1,4.624048261805617e-14
CREATOR,SIG_CREATOR,12,19,1,1,1.7357337875675308e-12
CREATOR,SIG_CREATOR,12,20,1,1,2.40907830498144e-12
CREATOR,SIG_CREATOR,12,21,1,1,4.640065999150354e-14
CREATOR,SIG_CREATOR,12,22,1,1,4.7547967037781846e-14
CREATOR,SIG_CREATOR,12,23,1,1,4.7521055126108833e-14
CREATOR,SIG_CREATOR,12,24,1,1,1.7005424900424922e-12
CREATOR,SIG_CREATOR,12,25,1,1,4.763163365179044e-14
CREATOR,SIG_CREATOR,12,26,1,1,1.918636363009365e-12
CREATOR,SIG_CREATOR,12,27,1,1,4.670042254070148e-14
CREATOR,SIG_CREATOR,12,28,1,1,4.6724757095545694e-14
CREATOR,SIG_CREATOR,12,29,1,1,4.684529134522799e-14
CREATOR,SIG_CREATOR,12,30,1,1,4.624901589978419e-14
CREATOR,SIG_CREATOR,12,31,1,1,4.678704224476896e-14
CREATOR,SIG_CREATOR,12,32,1,1,4.690403971108012e-14
CREATOR,SIG_CREATOR,12,33,1,1,4.657869434820256e-14
CREATOR,SIG_CREATOR,12,34,1,1,1.2222230673765162e-12
CREATOR,SIG_CREATOR,12,35,1,1,2.2477687707744504e-09
CREATOR,SIG_CREATOR,12,36,1,1,4.688146145980768e-14
CREATOR,SIG_CREATOR,12,37,1,1,1.142041886528753e-10
CREATOR,SIG_CREATOR,12,38,1,1,4.6932999798626194e-14
CREATOR,SIG_CREATOR,12,39,1,1,4.5837206897735885e-14
CREATOR,SIG_CREATOR,12,40,1,1,4.716461472686439e-14
CREATOR,SIG_CREATOR,12,41,1,1,1.882026481717583e-12
CREATOR,SIG_CREATOR,12,42,1,1,1.3957768073613375e-10
CREATOR,SIG_CREATOR,12,43,1,1,4.685537494387409e-14
CREATOR,SIG_CREATOR,12,44,1,1,4.693333481464552e-14
CREATOR,SIG_CREATOR,12,45,1,1,4.748667918873253e-14
CREATOR,SIG_CREATOR,12,46,1,1,4.6607776023980626e-14
CREATOR,SIG_CREATOR,12,47,1,1,2.0136521076640033e-12
CREATOR,SIG_CREATOR,12,48,1,1,4.715073929147909e-09
CREATOR,SIG_CREATOR,12,49,1,1,1.5016517012997333e-12
CREATOR,SIG_CREATOR,12,50,1,1,2.6078716413218976e-12
CREATOR,SIG_CREATOR,12,51,1,1,2.9070935712660125e-12
CREATOR,SIG_CREATOR,12,52,1,1,4.75838706564226e-14
CREATOR,SIG_CREATOR,12,53,1,1,2.6498681648789755e-12
CREATOR,SIG_CREATOR,12,54,1,1,4.7425456418038084e-14
CREATOR,SIG_CREATOR,12,55,1,1,4.689023679825219e-14
CREATOR,SIG_CREATOR,12,56,1,1,4.6162104335200645e-14
CREATOR,SIG_CREATOR,12,57,1,1,1.4389695128089548e-12
CREATOR,SIG_CREATOR,12,58,1,1,2.027050105615176e-12
CREATOR,SIG_CREATOR,12,59,1,1,4.72025626014627e-14
CREATOR,SIG_CREATOR,12,60,1,1,1.7107512748984239e-12
CREATOR,SIG_CREATOR,12,61,1,1,4.731233717723586e-14
CREATOR,SIG_CREATOR,12,62,1,1,4.7140815569092184e-14
CREATOR,SIG_CREATOR,12,63,1,1,4.685575066865157e-14
CREATOR,SIG_CREATOR,12,64,1,1,1.5784643625774175e-12
CREATOR,SIG_CREATOR,12,65,1,1,4.663722209961251e-14
CREATOR,SIG_CREATOR,12,66,1,1,1.1918303014956511e-12
CREATOR,SIG_CREATOR,12,67,1,1,2.3217365192746805e-12
CREATOR,SIG_CREATOR,12,68,1,1,4.61602315959254e-14
CREATOR,SIG_CREATOR,12,69,1,1,4.69041306118406e-14
CREATOR,SIG_CREATOR,12,70,1,1,4.676285912737626e-14
CREATOR,SIG_CREATOR,12,71,1,1,1.0098254500044481e-07
CREATOR,SIG_CREATOR,12,72,1,1,1.5329483429914072e-12
CREATOR,SIG_CREATOR,12,73,1,1,4.587464006157083e-14
CREATOR,SIG_CREATOR,12,74,1,1,2.5578605197282577e-12
CREATOR,SIG_CREATOR,12,75,1,1,4.6923205938352976e-14
CREATOR,SIG_CREATOR,12,76,1,1,4.760090023376482e-14
CREATOR,SIG_CREATOR,12,77,1,1,4.6429424956074704e-14
CREATOR,SIG_CREATOR,12,78,1,1,4.625230146718003e-14
CREATOR,SIG_CREATOR,12,79,1,1,8.433080160774855e-11
CREATOR,SIG_CREATOR,12,80,1,1,1.4907227974655991e-12
CREATOR,SIG_CREATOR,12,81,1,1,1.2466342312834323e-10
CREATOR,SIG_CREATOR,12,82,1,1,4.71684660149424e-14
CREATOR,SIG_CREATOR,12,83,1,1,1.6403677496590224e-12
CREATOR,SIG_CREATOR,12,84,1,1,4.7396562113919876e-14
CREATOR,SIG_CREATOR,12,85,1,1,2.6547363722456384e-12
CREATOR,SIG_CREATOR,12,86,1,1,4.692893756711102e-14
CREATOR,SIG_CREATOR,12,87,1,1,4.646335376068134e-14
CREATOR,SIG_CREATOR,12,88,1,1,4.7671389266576607e-14
CREATOR,SIG_CREATOR,12,89,1,1,1.226519235805811e-10
CREATOR,SIG_CREATOR,12,90,1,1,2.012300555599096e-12
CREATOR,SIG_CREATOR,12,91,1,1,1.4281800371410685e-12
CREATOR,SIG_CREATOR,12,92,1,1,1.3538289783120682e-10
CREATOR,SIG_CREATOR,12,93,1,1,8.507697880116842e-11
CREATOR,SIG_CREATOR,12,94,1,1,4.677883639948147e-14
CREATOR,SIG_CREATOR,12,95,1,1,1.3244764452004858e-12
CREATOR,SIG_CREATOR,12,96,1,1,2.0525986258111305e-12
CREATOR,SIG_CREATOR,12,97,1,1,4.63216120535442e-14
CREATOR,SIG_CREATOR,12,98,1,1,4.671483736720063e-14
CREATOR,SIG_CREATOR,12,99,1,1,4.63777016763163e-14
CREATOR,SIG_CREATOR,12,100,1,1,4.718789067241683e-14
CREATOR,SIG_CREATOR,12,101,1,1,1.7740841277385089e-12
CREATOR,SIG_CREATOR,12,102,1,1,4.757803482125305e-14
CREATOR,SIG_CREATOR,12,103,1,1,4.6766783920738517e-14
CREATOR,SIG_CREATOR,12,104,1,1,4.7289474698757736e-14
CREATOR,SIG_CREATOR,12,105,1,1,4.543017300703481e-14
CREATOR,SIG_CREATOR,12,106,1,1,3.3963927468226125e-09
CREATOR,SIG_CREATOR,12,107,1,1,1.0884970723664323e-07
CREATOR,SIG_CREATOR,12,108,1,1,4.576507305339898e-14
CREATOR,SIG_CREATOR,12,109,1,1,4.752008226218317e-14
CREATOR,SIG_CREATOR,12,110,1,1,1.8518579583491885e-12
CREATOR,SIG_CREATOR,12,111,1,1,4.6662601248276406e-14
CREATOR,SIG_CREATOR,12,112,1,1,4.5658115805430345e-14
CREATOR,SIG_CREATOR,12,113,1,1,4.712139298082856e-14
CREATOR,SIG_CREATOR,12,114,1,1,1.0644255617321163e-12
CREATOR,SIG_CREATOR,12,115,1,1,2.1298478565776904e-12
CREATOR,SIG_CREATOR,12,116,1,1,2.5744273424478802e-12
CREATOR,SIG_CREATOR,12,117,1,1,4.6206394246288836e-14
CREATOR,SIG_CREATOR,12,118,1,1,4.708562336521767e-14
CREATOR,SIG_CREATOR,12,119,1,1,4.6821666047552535e-14
CREATOR,SIG_CREATOR,12,120,1,1,1.0900258354829239e-12
CREATOR,SIG_CREATOR,12,121,1,1,4.622882693758671e-14
CREATOR,SIG_CREATOR,12,122,1,1,4.6339143501285295e-14
CREATOR,SIG_CREATOR,12,123,1,1,1.170800927977228e-12
CREATOR,SIG_CREATOR,12,124,1,1,2.14408786068495e-12
CREATOR,SIG_CREATOR,12,125,1,1,2.298015393870931e-12
CREATOR,SIG_CREATOR,12,126,1,1,1.6191287980444349e-12
CREATOR,SIG_CREATOR,12,127,1,1,4.562335786330546e-14
CREATOR,SIG_CREATOR,12,128,1,1,1.7899955822922216e-12
CREATOR,SIG_CREATOR,12,129,1,1,4.602791952343724e-14
CREATOR,SIG_CREATOR,12,130,1,1,4.6969865110945385e-14
CREATOR,SIG_CREATOR,12,131,1,1,4.613089985243168e-14
CREATOR,SIG_CREATOR,12,132,1,1,4.6758455253426616e-14
CREATOR,SIG_CREATOR,12,133,1,1,4.690398153190282e-14
CREATOR,SIG_CREATOR,12,134,1,1,3.1426292772492316e-09
CREATOR,SIG_CREATOR,12,135,1,1,4.6599895437814784e-14
CREATOR,SIG_CREATOR,12,136,1,1,4.701230397157306e-14
CREATOR,SIG_CREATOR,12,137,1,1,4.726333868115731e-14
CREATOR,SIG_CREATOR,12,138,1,1,1.5297700998852993e-12
CREATOR,SIG_CREATOR,12,139,1,1,1.881261601391429e-12
CREATOR,SIG_CREATOR,12,140,1,1,4.742556450399293e-14
CREATOR,SIG_CREATOR,12,141,1,1,4.7582760391097294e-14
CREATOR,SIG_CREATOR,12,142,1,1,4.688847161807346e-14
CREATOR,SIG_CREATOR,12,143,1,1,4.7464222620804954e-14
CREATOR,SIG_CREATOR,12,144,1,1,4.6096953887981316e-14
CREATOR,SIG_CREATOR,12,145,1,1,2.6030742206306536e-12
CREATOR,SIG_CREATOR,12,146,1,1,8.024588698861419e-11
CREATOR,SIG_CREATOR,12,147,1,1,4.661960815749091e-14
CREATOR,SIG_CREATOR,12,148,1,1,4.6940897247642045e-14
CREATOR,SIG_CREATOR,12,149,1,1,1.8991921065218273e-12
CREATOR,SIG_CREATOR,12,150,1,1,1.7545877797895997e-12
CREATOR,SIG_CREATOR,12,151,1,1,4.7329752767999326e-14
CREATOR,SIG_CREATOR,12,152,1,1,1.506990389417454e-12
CREATOR,SIG_CREATOR,12,153,1,1,4.741814950520659e-14
CREATOR,SIG_CREATOR,12,154,1,1,4.6187574549035803e-14
CREATOR,SIG_CREATOR,12,155,1,1,1.3528167000603689e-10
CREATOR,SIG_CREATOR,12,156,1,1,4.5667272546511786e-14
CREATOR,SIG_CREATOR,12,157,1,1,4.690034513000712e-14
CREATOR,SIG_CREATOR,12,158,1,1,1.6211524084827279e-12
CREATOR,SIG_CREATOR,12,159,1,1,4.763392846306362e-14
CREATOR,SIG_CREATOR,12,160,1,1,4.6340355413499556e-14
CREATOR,SIG_CREATOR,12,161,1,1,2.4988470868655673e-12
CREATOR,SIG_CREATOR,12,162,1,1,4.6598403401859057e-14
CREATOR,SIG_CREATOR,12,163,1,1,4.56235028165788e-14
CREATOR,SIG_CREATOR,12,164,1,1,1.5045612468497522e-12
CREATOR,SIG_CREATOR,12,165,1,1,4.5760452311123673e-14
CREATOR,SIG_CREATOR,12,166,1,1,4.665814712632055e-14
CREATOR,SIG_CREATOR,12,167,1,1,4.710749286541363e-14
CREATOR,SIG_CREATOR,12,168,1,1,1.7082183302325916e-10
CREATOR,SIG_CREATOR,12,169,1,1,1.5272372289873733e-12
CREATOR,SIG_CREATOR,12,170,1,1,4.712218042448893e-14
CREATOR,SIG_CREATOR,12,171,1,1,4.6964064723654265e-14
CREATOR,SIG_CREATOR,12,172,1,1,1.0272764353133477e-12
CREATOR,SIG_CREATOR,12,173,1,1,4.6658234188434405e-14
CREATOR,SIG_CREATOR,12,174,1,1,2.100981628349414e-12
CREATOR,SIG_CREATOR,12,175,1,1,1.5914753543162837e-12
CREATOR,SIG_CREATOR,12,176,1,1,1.845984774822282e-12
CREATOR,SIG_CREATOR,12,177,1,1,4.7662859286695976e-14
CREATOR,SIG_CREATOR,12,178,1,1,4.621598078174206e-14
CREATOR,SIG_CREATOR,12,179,1,1,2.509460374019206e-12
CREATOR,SIG_CREATOR,12,180,1,1,4.627979147661715e-14
CREATOR,SIG_CREATOR,12,181,1,1,1.8333658711704263e-12
CREATOR,SIG_CREATOR,12,182,1,1,2.0015339874489993e-12
CREATOR,SIG_CREATOR,12,183,1,1,9.963645196289967e-13
CREATOR,SIG_CREATOR,12,184,1,1,4.590082581622377e-14
CREATOR,SIG_CREATOR,12,185,1,1,1.821893808935979e-12
CREATOR,SIG_CREATOR,12,186,1,1,1.8016993900995184e-12
CREATOR,SIG_CREATOR,12,187,1,1,9.597983677524673e-13
CREATOR,SIG_CREATOR,12,188,1,1,4.682723304038876e-14
CREATOR,SIG_CREATOR,12,189,1,1,4.6807749943948434e-14
CREATOR,SIG_CREATOR,12,190,1,1,4.632952760599739e-14
CREATOR,SIG_CREATOR,12,191,1,1,1.3542199947032047e-12
CREATOR,SIG_CREATOR,12,192,1,1,4.700058232072346e-14
CREATOR,SIG_CREATOR,12,193,1,1,4.718954366851674e-14
CREATOR,SIG_CREATOR,12,194,1,1,4.732769136009658e-14
CREATOR,SIG_CREATOR,12,195,1,1,3.2359460221245036e-12
CREATOR,SIG_CREATOR,12,196,1,1,2.340267099281337e-12
CREATOR,SIG_CREATOR,12,197,1,1,4.691981619842308e-14
CREATOR,SIG_CREATOR,12,198,1,1,4.54192159114709e-14
CREATOR,SIG_CREATOR,12,199,1,1,1.9984180906284415e-12
CREATOR,SIG_CREATOR,13,0,1,1,1.837690618409977e-12
CREATOR,SIG_CREATOR,13,1,1,1,4.579089441006294e-14
CREATOR,SIG_CREATOR,13,2,1,1,1.2004868286987218e-12
CREATOR,SIG_CREATOR,13,3,1,1,1.4171669015972215e-12
CREATOR,SIG_CREATOR,13,4,1,1,2.238726327113976e-12
CREATOR,SIG_CREATOR,13,5,1,1,1.8053764572954471e-12
CREATOR,SIG_CREATOR,13,6,1,1,4.5296799469289385e-14
CREATOR,SIG_CREATOR,13,7,1,1,1.1024911612885275e-12
CREATOR,SIG_CREATOR,13,8,1,1,1.5343149169400666e-12
CREATOR,SIG_CREATOR,13,9,1,1,4.6409228845127124e-14
CREATOR,SIG_CREATOR,13,10,1,1,2.667125520751381e-09
CREATOR,SIG_CREATOR,13,11,1,1,4.693972059823755e-14
CREATOR,SIG_CREATOR,13,12,1,1,4.746672595425718e-14
CREATOR,SIG_CREATOR,13,13,1,1,4.55483338634491e-14
CREATOR,SIG_CREATOR,13,14,1,1,4.693286432291796e-14
CREATOR,SIG_CREATOR,13,15,1,1,4.762478330090797e-14
CREATOR,SIG_CREATOR,13,16,1,1,4.6525088013517913e-14
CREATOR,SIG_CREATOR,13,17,1,1,2.7882282524500915e-12
CREATOR,SIG_CREATOR,13,18,1,1,1.1983891174498355e-12
CREATOR,SIG_CREATOR,13,19,1,1,1.1464364717895666e-07
CREATOR,SIG_CREATOR,13,20,1,1,4.653334703016257e-14
CREATOR,SIG_CREATOR,13,21,1,1,4.7242111278085436e-14
CREATOR,SIG_CREATOR,13,22,1,1,4.6536323211843367e-14
CREATOR,SIG_CREATOR,13,23,1,1,4.720266278248839e-14
CREATOR,SIG_CREATOR,13,24,1,1,4.7225307859216365e-14
CREATOR,SIG_CREATOR,13,25,1,1,4.60810324460468e-14
CREATOR,SIG_CREATOR,13,26,1,1,4.679098442136876e-14
CREATOR,SIG_CREATOR,13,27,1,1,2.759661677258315e-09
CREATOR,SIG_CREATOR,13,28,1,1,1.5661886802988366e-09
CREATOR,SIG_CREATOR,13,29,1,1,4.634817901033333e-14
CREATOR,SIG_CREATOR,13,30,1,1,4.691317197326718e-14
CREATOR,SIG_CREATOR,13,31,1,1,4.666991096503515e-14
CREATOR,SIG_CREATOR,13,32,1,1,1.0017030679073322e-10
CREATOR,SIG_CREATOR,13,33,1,1,1.5438448935192505e-12
CREATOR,SIG_CREATOR,13,34,1,1,4.683594374866142e-14
CREATOR,SIG_CREATOR,13,35,1,1,4.6944999005657536e-14
CREATOR,SIG_CREATOR,13,36,1,1,4.574840260139243e-14
CREATOR,SIG_CREATOR,13,37,1,1,3.0602451790291504e-12
CREATOR,SIG_CREATOR,13,38,1,1,4.6739299433628394e-14
CREATOR,SIG_CREATOR,13,39,1,1,4.635670158127348e-14
CREATOR,SIG_CREATOR,13,40,1,1,1.476045136946374e-09
CREATOR,SIG_CREATOR,13,41,1,1,4.7022306840794256e-14
CREATOR,SIG_CREATOR,13,42,1,1,1.6380534084385477e-12
CREATOR,SIG_CREATOR,13,43,1,1,1.293342790179813e-12
CREATOR,SIG_CREATOR,13,44,1,1,4.5334770078972266e-14
CREATOR,SIG_CREATOR,13,45,1,1,1.6291129166658666e-10
CREATOR,SIG_CREATOR,13,46,1,1,4.716388800441469e-14
CREATOR,SIG_CREATOR,13,47,1,1,4.585868396322242e-14
CREATOR,SIG_CREATOR,13,48,1,1,4.5743941094510364e-14
CREATOR,SIG_CREATOR,13,49,1,1,4.584989497040565e-14
CREATOR,SIG_CREATOR,13,50,1,1,4.6386153675005415e-14
CREATOR,SIG_CREATOR,13,51,1,1,1.2971742999351405e-12
CREATOR,SIG_CREATOR,13,52,1,1,1.0940474198230012e-12
CREATOR,SIG_CREATOR,13,53,1,1,1.5103605692854692e-12
CREATOR,SIG_CREATOR,13,54,1,1,1.863202691826479e-12
CREATOR,SIG_CREATOR,13,55,1,1,1.357117168869243e-12
CREATOR,SIG_CREATOR,13,56,1,1,4.7488850174601576e-14
CREATOR,SIG_CREATOR,13,57,1,1,4.7521455700778084e-14
CREATOR,SIG_CREATOR,13,58,1,1,4.645911066757924e-14
CREATOR,SIG_CREATOR,13,59,1,1,1.438241469702078e-10
CREATOR,SIG_CREATOR,13,60,1,1,1.3825934256480221e-12
CREATOR,SIG_CREATOR,13,61,1,1,3.348974543949303e-12
CREATOR,SIG_CREATOR,13,62,1,1,2.959563308826882e-09
CREATOR,SIG_CREATOR,13,63,1,1,1.59435378091858e-12
CREATOR,SIG_CREATOR,13,64,1,1,1.98571900117844e-12
CREATOR,SIG_CREATOR,13,65,1,1,4.744907043341925e-14
CREATOR,SIG_CREATOR,13,66,1,1,4.684406328156988e-14
CREATOR,SIG_CREATOR,13,67,1,1,2.0411767331256756e-12
CREATOR,SIG_CREATOR,13,68,1,1,4.725183117585386e-14
CREATOR,SIG_CREATOR,13,69,1,1,4.651369012899789e-14
CREATOR,SIG_CREATOR,13,70,1,1,4.710239410282804e-14
CREATOR,SIG_CREATOR,13,71,1,1,4.7363242186736815e-14
CREATOR,SIG_CREATOR,13,72,1,1,4.75616881732721e-14
CREATOR,SIG_CREATOR,13,73,1,1,4.6965335493972526e-14
CREATOR,SIG_CREATOR,13,74,1,1,4.55766659217544e-14
CREATOR,SIG_CREATOR,13,75,1,1,4.6097834619338924e-14
CREATOR,SIG_CREATOR,13,76,1,1,4.70167466613705e-14
CREATOR,SIG_CREATOR,13,77,1,1,1.1331893431483565e-12
CREATOR,SIG_CREATOR,13,78,1,1,2.2180155935979268e-12
CREATOR,SIG_CREATOR,13,79,1,1,4.651389410521404e-14
CREATOR,SIG_CREATOR,13,80,1,1,4.6691401345929916e-14
CREATOR,SIG_CREATOR,13,81,1,1,1.8760147917632446e-12
CREATOR,SIG_CREATOR,13,82,1,1,1.6455947826834196e-10
CREATOR,SIG_CREATOR,13,83,1,1,1.7858680537011874e-12
CREATOR,SIG_CREATOR,13,84,1,1,4.761110520660399e-14
CREATOR,SIG_CREATOR,13,85,1,1,4.604905575702956e-14
CREATOR,SIG_CREATOR,13,86,1,1,1.6980062065797928e-12
CREATOR,SIG_CREATOR,13,87,1,1,4.758367206163468e-14
CREATOR,SIG_CREATOR,13,88,1,1,2.1112259322026047e-12
CREATOR,SIG_CREATOR,13,89,1,1,4.7556670138169443e-14
CREATOR,SIG_CREATOR,13,90,1,1,4.710980292571724e-14
CREATOR,SIG_CREATOR,13,91,1,1,9.504357034475904e-09
CREATOR,SIG_CREATOR,13,92,1,1,4.603097032637925e-14
CREATOR,SIG_CREATOR,13,93,1,1,4.703915587990746e-14
CREATOR,SIG_CREATOR,13,94,1,1,4.7424718772849835e-14
CREATOR,SIG_CREATOR,13,95,1,1,1.7251050516668627e-12
CREATOR,SIG_CREATOR,13,96,1,1,4.754304811914165e-14
CREATOR,SIG_CREATOR,13,97,1,1,4.729950417355422e-14
CREATOR,SIG_CREATOR,13,98,1,1,4.683325551637626e-14
CREATOR,SIG_CREATOR,13,99,1,1,4.5928594867988564e-14
CREATOR,SIG_CREATOR,13,100,1,1,4.709276395686165e-14
CREATOR,SIG_CREATOR,13,101,1,1,2.7302557734502215e-12
CREATOR,SIG_CREATOR,13,102,1,1,4.566221961271766e-14
CREATOR,SIG_CREATOR,13,103,1,1,4.6298103406193135e-14
CREATOR,SIG_CREATOR,13,104,1,1,1.778842471182293e-12
CREATOR,SIG_CREATOR,13,105,1,1,1.7794392705300005e-12
CREATOR,SIG_CREATOR,13,106,1,1,2.517535376756018e-12
CREATOR,SIG_CREATOR,13,107,1,1,2.4878898599133094e-12
CREATOR,SIG_CREATOR,13,108,1,1,4.732382492335293e-14
CREATOR,SIG_CREATOR,13,109,1,1,4.751584336687388e-14
CREATOR,SIG_CREATOR,13,110,1,1,8.089985233161561e-11
CREATOR,SIG_CREATOR,13,111,1,1,1.3682077189587203e-10
CREATOR,SIG_CREATOR,13,112,1,1,2.762688250887914e-12
CREATOR,SIG_CREATOR,13,113,1,1,1.6226057110177273e-12
CREATOR,SIG_CREATOR,13,114,1,1,4.649826037161745e-14
CREATOR,SIG_CREATOR,13,115,1,1,1.879152278173128e-09
CREATOR,SIG_CREATOR,13,116,1,1,4.649212069888844e-14
CREATOR,SIG_CREATOR,13,117,1,1,4.630732614215986e-14
CREATOR,SIG_CREATOR,13,118,1,1,4.6302226421247923e-14
CREATOR,SIG_CREATOR,13,119,1,1,4.688174492144725e-14
CREATOR,SIG_CREATOR,13,120,1,1,4.700769300050868e-14
CREATOR,SIG_CREATOR,13,121,1,1,2.447990157555801e-09
CREATOR,SIG_CREATOR,13,122,1,1,1.4605979290986701e-12
CREATOR,SIG_CREATOR,13,123,1,1,4.544806396969452e-14
CREATOR,SIG_CREATOR,13,124,1,1,1.4770186049286257e-09
CREATOR,SIG_CREATOR,13,125,1,1,4.653193824081884e-14
CREATOR,SIG_CREATOR,13,126,1,1,1.3709377309354812e-12
CREATOR,SIG_CREATOR,13,127,1,1,1.509125663119285e-12
CREATOR,SIG_CREATOR,13,128,1,1,4.571691249577648e-14
CREATOR,SIG_CREATOR,13,129,1,1,2.531567202315828e-12
CREATOR,SIG_CREATOR,13,130,1,1,1.4520543589028065e-07
CREATOR,SIG_CREATOR,13,131,1,1,3.615097168519066e-09
CREATOR,SIG_CREATOR,13,132,1,1,4.69993319522948e-14
CREATOR,SIG_CREATOR,13,133,1,1,1.9269329595373757e-12
CREATOR,SIG_CREATOR,13,134,1,1,1.8404037468879222e-12
CREATOR,SIG_CREATOR,13,135,1,1,4.5987229720432133e-14
CREATOR,SIG_CREATOR,13,136,1,1,1.881992561800545e-12
CREATOR,SIG_CREATOR,13,137,1,1,1.829867539171476e-12
CREATOR,SIG_CREATOR,13,138,1,1,4.754509982544347e-14
CREATOR,SIG_CREATOR,13,139,1,1,3.3326477680096048e-12
CREATOR,SIG_CREATOR,13,140,1,1,4.7524789264227444e-14
CREATOR,SIG_CREATOR,13,141,1,1,2.827685702131029e-12
CREATOR,SIG_CREATOR,13,142,1,1,4.543730750046462e-14
CREATOR,SIG_CREATOR,13,143,1,1,9.213992578804519e-11
CREATOR,SIG_CREATOR,13,144,1,1,4.6100531790776777e-14
CREATOR,SIG_CREATOR,13,145,1,1,4.598952285376683e-14
CREATOR,SIG_CREATOR,13,146,1,1,1.1566742001208103e-12
CREATOR,SIG_CREATOR,13,147,1,1,4.6650325362436924e-14
CREATOR,SIG_CREATOR,13,148,1,1,4.617893936713442e-14
CREATOR,SIG_CREATOR,13,149,1,1,4.75902092863677e-14
CREATOR,SIG_CREATOR,13,150,1,1,2.2626976846856605e-12
CREATOR,SIG_CREATOR,13,151,1,1,4.724858311909915e-14
CREATOR,SIG_CREATOR,13,152,1,1,4.7669470529186015e-14
CREATOR,SIG_CREATOR,13,153,1,1,2.4816909542089153e-12
CREATOR,SIG_CREATOR,13,154,1,1,1.4909663652440405e-10
CREATOR,SIG_CREATOR,13,155,1,1,1.7319415827247129e-12
CREATOR,SIG_CREATOR,13,156,1,1,1.854229332005219e-12
CREATOR,SIG_CREATOR,13,157,1,1,1.3574124444476918e-10
CREATOR,SIG_CREATOR,13,158,1,1,1.4717164125421778e-12
CREATOR,SIG_CREATOR,13,159,1,1,4.696276947707525e-14
CREATOR,SIG_CREATOR,13,160,1,1,4.704310566650021e-14
CREATOR,SIG_CREATOR,13,161,1,1,1.28204940994162e-12
CREATOR,SIG_CREATOR,13,162,1,1,2.0387121691487816e-12
CREATOR,SIG_CREATOR,13,163,1,1,1.4301894568939408e-12
CREATOR,SIG_CREATOR,13,164,1,1,1.8278463878634486e-12
CREATOR,SIG_CREATOR,13,165,1,1,4.743148833937415e-14
CREATOR,SIG_CREATOR,13,166,1,1,4.5967509872617776e-14
CREATOR,SIG_CREATOR,13,167,1,1,4.684025782492468e-14
CREATOR,SIG_CREATOR,13,168,1,1,2.0871318423945635e-12
CREATOR,SIG_CREATOR,13,169,1,1,4.563068943646158e-14
CREATOR,SIG_CREATOR,13,170,1,1,4.624519256832843e-14
CREATOR,SIG_CREATOR,13,171,1,1,4.728874035205726e-14
CREATOR,SIG_CREATOR,13,172,1,1,4.7369530613935405e-14
CREATOR,SIG_CREATOR,13,173,1,1,4.582230767767936e-14
CREATOR,SIG_CREATOR,13,174,1,1,4.720234244435077e-14
CREATOR,SIG_CREATOR,13,175,1,1,4.75639648908874e-14
CREATOR,SIG_CREATOR,13,176,1,1,4.5968131619842856e-14
CREATOR,SIG_CREATOR,13,177,1,1,4.673819166458819e-14
CREATOR,SIG_CREATOR,13,178,1,1,4.6107986954679153e-14
CREATOR,SIG_CREATOR,13,179,1,1,4.593627075166759e-14
CREATOR,SIG_CREATOR,13,180,1,1,1.6139422966871975e-10
CREATOR,SIG_CREATOR,13,181,1,1,4.759411271208704e-14
CREATOR,SIG_CREATOR,13,182,1,1,5.282971723333021e-06
CREATOR,SIG_CREATOR,13,183,1,1,1.8966877587996548e-12
CREATOR,SIG_CREATOR,13,184,1,1,4.680066232275876e-14
CREATOR,SIG_CREATOR,13,185,1,1,4.7115914616350445e-14
CREATOR,SIG_CREATOR,13,186,1,1,1.8012697413487356e-12
CREATOR,SIG_CREATOR,13,187,1,1,2.2694535806720807e-12
CREATOR,SIG_CREATOR,13,188,1,1,4.618906927314258e-14
CREATOR,SIG_CREATOR,13,189,1,1,4.748704907139072e-14
CREATOR,SIG_CREATOR,13,190,1,1,4.750468634675679e-14
CREATOR,SIG_CREATOR,13,191,1,1,1.497807831281426e-10
CREATOR,SIG_CREATOR,13,192,1,1,4.61438656593593e-14
CREATOR,SIG_CREATOR,13,193,1,1,1.384331557877333e-12
CREATOR,SIG_CREATOR,13,194,1,1,4.663602915519033e-14
CREATOR,SIG_CREATOR,13,195,1,1,4.75229682599106e-14
CREATOR,SIG_CREATOR,13,196,1,1,4.742162518913819e-14
CREATOR,SIG_CREATOR,13,197,1,1,4.6397586140726414e-14
CREATOR,SIG_CREATOR,13,198,1,1,4.756622003100245e-14
CREATOR,SIG_CREATOR,13,199,1,1,2.232557908293366e-12
CREATOR,SIG_CREATOR,14,0,1,1,1.4230981387975267e-12
CREATOR,SIG_CREATOR,14,1,1,1,2.073601147182797e-12
CREATOR,SIG_CREATOR,14,2,1,1,4.708677022343079e-14
CREATOR,SIG_CREATOR,14,3,1,1,4.738573518939921e-14
CREATOR,SIG_CREATOR,14,4,1,1,1.3995979705416745e-12
CREATOR,SIG_CREATOR,14,5,1,1,4.76370309525927e-14
CREATOR,SIG_CREATOR,14,6,1,1,1.709151993262049e-12
CREATOR,SIG_CREATOR,14,7,1,1,3.7061302887740147e-09
CREATOR,SIG_CREATOR,14,8,1,1,2.9813851800037954e-12
CREATOR,SIG_CREATOR,14,9,1,1,4.5626336976178446e-14
CREATOR,SIG_CREATOR,14,10,1,1,4.672258790106285e-14
CREATOR,SIG_CREATOR,14,11,1,1,2.17144815708163e-12
CREATOR,SIG_CREATOR,14,12,1,1,4.6993891778101616e-14
CREATOR,SIG_CREATOR,14,13,1,1,1.4189356152690496e-12
CREATOR,SIG_CREATOR,14,14,1,1,4.742804319935305e-14
CREATOR,SIG_CREATOR,14,15,1,1,1.835690929731728e-10
CREATOR,SIG_CREATOR,14,16,1,1,2.7599523820003916e-09
CREATOR,SIG_CREATOR,14,17,1,1,4.698155176820606e-14
CREATOR,SIG_CREATOR,14,18,1,1,4.711140881407989e-14
CREATOR,SIG_CREATOR,14,19,1,1,1.5680635790281298e-12
CREATOR,SIG_CREATOR,14,20,1,1,4.7227737097373085e-14
CREATOR,SIG_CREATOR,14,21,1,1,4.686014183132932e-14
CREATOR,SIG_CREATOR,14,22,1,1,4.621201309947214e-14
CREATOR,SIG_CREATOR,14,23,1,1,4.730050846050398e-14
CREATOR,SIG_CREATOR,14,24,1,1,1.0669354315344297e-12
CREATOR,SIG_CREATOR,14,25,1,1,2.2312508338126044e-12
CREATOR,SIG_CREATOR,14,26,1,1,1.4177561258764374e-12
CREATOR,SIG_CREATOR,14,27,1,1,4.708270098242976e-14
CREATOR,SIG_CREATOR,14,28,1,1,2.334406855469078e-12
CREATOR,SIG_CREATOR,14,29,1,1,1.6128905932454767e-10
CREATOR,SIG_CREATOR,14,30,1,1,2.7038094388111375e-12
CREATOR,SIG_CREATOR,14,31,1,1,4.644154080334986e-14
CREATOR,SIG_CREATOR,14,32,1,1,4.7629469299056364e-14
CREATOR,SIG_CREATOR,14,33,1,1,2.850400642966554e-12
CREATOR,SIG_CREATOR,14,34,1,1,2.020998552722546e-12
CREATOR,SIG_CREATOR,14,35,1,1,4.7351243054803743e-14
CREATOR,SIG_CREATOR,14,36,1,1,4.627112248774898e-14
CREATOR,SIG_CREATOR,14,37,1,1,4.6589901766588717e-14
CREATOR,SIG_CREATOR,14,38,1,1,1.1649400646070596e-12
CREATOR,SIG_CREATOR,14,39,1,1,4.6336430479936046e-14
CREATOR,SIG_CREATOR,14,40,1,1,4.664403631679673e-14
CREATOR,SIG_CREATOR,14,41,1,1,1.536423320892847e-07
CREATOR,SIG_CREATOR,14,42,1,1,4.7330415181758494e-14
CREATOR,SIG_CREATOR,14,43,1,1,1.7275395874007796e-12
CREATOR,SIG_CREATOR,14,44,1,1,4.560693060443147e-14
CREATOR,SIG_CREATOR,14,45,1,1,4.693306634703662e-14
CREATOR,SIG_CREATOR,14,46,1,1,1.6276739948038863e-07
CREATOR,SIG_CREATOR,14,47,1,1,4.764901072071312e-14
CREATOR,SIG_CREATOR,14,48,1,1,4.6619147621420196e-14
CREATOR,SIG_CREATOR,14,49,1,1,4.7028970163278555e-14
CREATOR,SIG_CREATOR,14,50,1,1,1.5389862470546755e-12
CREATOR,SIG_CREATOR,14,51,1,1,4.702814472441002e-14
CREATOR,SIG_CREATOR,14,52,1,1,4.5456610285040254e-14
CREATOR,SIG_CREATOR,14,53,1,1,2.1604007523070128e-12
CREATOR,SIG_CREATOR,14,54,1,1,4.6296490320522e-14
CREATOR,SIG_CREATOR,14,55,1,1,4.663684592219756e-14
CREATOR,SIG_CREATOR,14,56,1,1,2.1607302261484954e-12
CREATOR,SIG_CREATOR,14,57,1,1,2.428225699534672e-12
CREATOR,SIG_CREATOR,14,58,1,1,4.7676629828584627e-14
CREATOR,SIG_CREATOR,14,59,1,1,2.3823625323990266e-12
CREATOR,SIG_CREATOR,14,60,1,1,1.046501902260188e-12
CREATOR,SIG_CREATOR,14,61,1,1,7.110230298766075e-11
CREATOR,SIG_CREATOR,14,62,1,1,2.3599479744616237e-12
CREATOR,SIG_CREATOR,14,63,1,1,1.749867481861654e-12
CREATOR,SIG_CREATOR,14,64,1,1,2.2546523266069446e-12
CREATOR,SIG_CREATOR,14,65,1,1,4.6556113132830575e-14
CREATOR,SIG_CREATOR,14,66,1,1,4.661252436106694e-14
CREATOR,SIG_CREATOR,14,67,1,1,2.032887441515998e-12
CREATOR,SIG_CREATOR,14,68,1,1,4.657187871124083e-14
CREATOR,SIG_CREATOR,14,69,1,1,4.5600605542057164e-14
CREATOR,SIG_CREATOR,14,70,1,1,4.7190952769063965e-14
CREATOR,SIG_CREATOR,14,71,1,1,4.736766945952069e-14
CREATOR,SIG_CREATOR,14,72,1,1,4.731644174491123e-14
CREATOR,SIG_CREATOR,14,73,1,1,4.6832261548967835e-14
CREATOR,SIG_CREATOR,14,74,1,1,2.0088418641899997e-09
CREATOR,SIG_CREATOR,14,75,1,1,3.2086814711909795e-12
CREATOR,SIG_CREATOR,14,76,1,1,1.577420438438219e-12
CREATOR,SIG_CREATOR,14,77,1,1,4.7314974704289213e-14
CREATOR,SIG_CREATOR,14,78,1,1,4.6132374252689784e-14
CREATOR,SIG_CREATOR,14,79,1,1,4.6748860428035176e-14
CREATOR,SIG_CREATOR,14,80,1,1,1.9388521772804917e-12
CREATOR,SIG_CREATOR,14,81,1,1,4.5801262089926796e-14
CREATOR,SIG_CREATOR,14,82,1,1,4.6712114736760854e-14
CREATOR,SIG_CREATOR,14,83,1,1,4.656695664825075e-14
CREATOR,SIG_CREATOR,14,84,1,1,4.672852269986253e-14
CREATOR,SIG_CREATOR,14,85,1,1,4.74626382027825e-14
CREATOR,SIG_CREATOR,14,86,1,1,4.767102861250218e-14
CREATOR,SIG_CREATOR,14,87,1,1,4.659972097188672e-14
CREATOR,SIG_CREATOR,14,88,1,1,4.7499148303345286e-14
CREATOR,SIG_CREATOR,14,89,1,1,4.7395765687778986e-14
CREATOR,SIG_CREATOR,14,90,1,1,4.642148992690224e-09
CREATOR,SIG_CREATOR,14,91,1,1,1.7141992838362903e-12
CREATOR,SIG_CREATOR,14,92,1,1,8.730127601667407e-11
CREATOR,SIG_CREATOR,14,93,1,1,1.792702058877224e-12
CREATOR,SIG_CREATOR,14,94,1,1,1.1919353999082882e-10
CREATOR,SIG_CREATOR,14,95,1,1,4.7303393439957975e-14
CREATOR,SIG_CREATOR,14,96,1,1,4.6280752667116976e-14
CREATOR,SIG_CREATOR,14,97,1,1,1.939710229222797e-12
CREATOR,SIG_CREATOR,14,98,1,1,1.646972899121576e-12
CREATOR,SIG_CREATOR,14,99,1,1,2.3486367152071676e-12
CREATOR,SIG_CREATOR,14,100,1,1,4.678279736036178e-14
CREATOR,SIG_CREATOR,14,101,1,1,1.7720434734784111e-12
CREATOR,SIG_CREATOR,14,102,1,1,1.6406799530041045e-12
CREATOR,SIG_CREATOR,14,103,1,1,1.681210989609612e-12
CREATOR,SIG_CREATOR,14,104,1,1,4.543532781628684e-14
CREATOR,SIG_CREATOR,14,105,1,1,4.6206580496460166e-14
CREATOR,SIG_CREATOR,14,106,1,1,4.6280273790725e-14
CREATOR,SIG_CREATOR,14,107,1,1,1.7675288688547533e-12
CREATOR,SIG_CREATOR,14,108,1,1,9.64252181994286e-13
CREATOR,SIG_CREATOR,14,109,1,1,1.6917791205453722e-10
CREATOR,SIG_CREATOR,14,110,1,1,4.7026320035496945e-14
CREATOR,SIG_CREATOR,14,111,1,1,4.7515720283741955e-14
CREATOR,SIG_CREATOR,14,112,1,1,1.092753948252225e-12
CREATOR,SIG_CREATOR,14,113,1,1,4.638924441377845e-14
CREATOR,SIG_CREATOR,14,114,1,1,4.72322957406687e-14
CREATOR,SIG_CREATOR,14,115,1,1,2.083977403726025e-12
CREATOR,SIG_CREATOR,14,116,1,1,2.3756031369000132e-12
CREATOR,SIG_CREATOR,14,117,1,1,1.4452587123622282e-10
CREATOR,SIG_CREATOR,14,118,1,1,4.5887473262579624e-14
CREATOR,SIG_CREATOR,14,119,1,1,4.694677169024442e-14
CREATOR,SIG_CREATOR,14,120,1,1,4.6006593272150675e-14
CREATOR,SIG_CREATOR,14,121,1,1,1.0103282291068323e-10
CREATOR,SIG_CREATOR,14,122,1,1,4.623133545888867e-14
CREATOR,SIG_CREATOR,14,123,1,1,4.688197360612636e-14
CREATOR,SIG_CREATOR,14,124,1,1,1.7762110825888861e-12
CREATOR,SIG_CREATOR,14,125,1,1,4.685430351733006e-14
CREATOR,SIG_CREATOR,14,126,1,1,1.2915537773238913e-12
CREATOR,SIG_CREATOR,14,127,1,1,4.740672422639474e-14
CREATOR,SIG_CREATOR,14,128,1,1,4.7457190649509726e-14
CREATOR,SIG_CREATOR,14,129,1,1,1.2235796015521604e-10
CREATOR,SIG_CREATOR,14,130,1,1,4.687804045079229e-14
CREATOR,SIG_CREATOR,14,131,1,1,2.1441339202968977e-09
CREATOR,SIG_CREATOR,14,132,1,1,2.1804195690434424e-12
CREATOR,SIG_CREATOR,14,133,1,1,4.635473420147533e-14
CREATOR,SIG_CREATOR,14,134,1,1,1.6049207226965993e-12
CREATOR,SIG_CREATOR,14,135,1,1,2.1846008939846484e-12
CREATOR,SIG_CREATOR,14,136,1,1,2.180427037261505e-12
CREATOR,SIG_CREATOR,14,137,1,1,1.5917868174545257e-12
CREATOR,SIG_CREATOR,14,138,1,1,1.909915488266549e-12
CREATOR,SIG_CREATOR,14,139,1,1,4.6249984748115894e-14
CREATOR,SIG_CREATOR,14,140,1,1,4.6188926403700964e-14
CREATOR,SIG_CREATOR,14,141,1,1,4.714927238193805e-14
CREATOR,SIG_CREATOR,14,142,1,1,1.7254716674713614e-12
CREATOR,SIG_CREATOR,14,143,1,1,4.555877969624123e-14
CREATOR,SIG_CREATOR,14,144,1,1,4.6504638233009943e-14
CREATOR,SIG_CREATOR,14,145,1,1,1.5352098645056686e-12
CREATOR,SIG_CREATOR,14,146,1,1,2.4977496394920534e-12
CREATOR,SIG_CREATOR,14,147,1,1,1.4936252075128199e-12
CREATOR,SIG_CREATOR,14,148,1,1,1.3988039618829273e-10
CREATOR,SIG_CREATOR,14,149,1,1,1.2945087777676528e-12
CREATOR,SIG_CREATOR,14,150,1,1,9.069593751798994e-13
CREATOR,SIG_CREATOR,14,151,1,1,4.7502243132463346e-14
CREATOR,SIG_CREATOR,14,152,1,1,4.675644477545532e-14
CREATOR,SIG_CREATOR,14,153,1,1,4.661947280974323e-14
CREATOR,SIG_CREATOR,14,154,1,1,4.730114136667059e-14
CREATOR,SIG_CREATOR,14,155,1,1,4.60278755908481e-14
CREATOR,SIG_CREATOR,14,156,1,1,4.768703070761129e-14
CREATOR,SIG_CREATOR,14,157,1,1,2.171713415845981e-12
CREATOR,SIG_CREATOR,14,158,1,1,4.6892516763543365e-14
CREATOR,SIG_CREATOR,14,159,1,1,4.764247843265075e-14
CREATOR,SIG_CREATOR,14,160,1,1,4.7630278726772145e-14
CREATOR,SIG_CREATOR,14,161,1,1,1.038153732398625e-12
CREATOR,SIG_CREATOR,14,162,1,1,4.637496428305253e-14
CREATOR,SIG_CREATOR,14,163,1,1,4.569856989037407e-14
CREATOR,SIG_CREATOR,14,164,1,1,4.57371846549976e-14
CREATOR,SIG_CREATOR,14,165,1,1,4.708411430438102e-14
CREATOR,SIG_CREATOR,14,166,1,1,1.061663055825748e-12
CREATOR,SIG_CREATOR,14,167,1,1,4.741201936148803e-14
CREATOR,SIG_CREATOR,14,168,1,1,4.5848892888791014e-14
CREATOR,SIG_CREATOR,14,169,1,1,4.7326977042097424e-14
CREATOR,SIG_CREATOR,14,170,1,1,4.740037097113338e-14
CREATOR,SIG_CREATOR,14,171,1,1,1.6232907925910619e-12
CREATOR,SIG_CREATOR,14,172,1,1,9.627761593817672e-11
CREATOR,SIG_CREATOR,14,173,1,1,4.581975390533281e-14
CREATOR,SIG_CREATOR,14,174,1,1,1.9408650340089366e-10
CREATOR,SIG_CREATOR,14,175,1,1,1.3065148030102334e-12
CREATOR,SIG_CREATOR,14,176,1,1,4.5523510501724513e-14
CREATOR,SIG_CREATOR,14,177,1,1,1.087851108673586e-12
CREATOR,SIG_CREATOR,14,178,1,1,1.2550902086672428e-10
CREATOR,SIG_CREATOR,14,179,1,1,1.9976048765036943e-12
CREATOR,SIG_CREATOR,14,180,1,1,4.720308397425095e-14
CREATOR,SIG_CREATOR,14,181,1,1,4.723638167290115e-14
CREATOR,SIG_CREATOR,14,182,1,1,1.3092994870933212e-12
CREATOR,SIG_CREATOR,14,183,1,1,4.654582421720146e-14
CREATOR,SIG_CREATOR,14,184,1,1,4.753104009516615e-14
CREATOR,SIG_CREATOR,14,185,1,1,1.9680582216631516e-12
CREATOR,SIG_CREATOR,14,186,1,1,1.779134786650655e-12
CREATOR,SIG_CREATOR,14,187,1,1,4.6431832656114095e-14
CREATOR,SIG_CREATOR,14,188,1,1,4.603001058110114e-14
CREATOR,SIG_CREATOR,14,189,1,1,4.693146520379099e-14
CREATOR,SIG_CREATOR,14,190,1,1,4.6271535963488023e-14
CREATOR,SIG_CREATOR,14,191,1,1,4.630193410341546e-14
CREATOR,SIG_CREATOR,14,192,1,1,1.4362286558636657e-12
CREATOR,SIG_CREATOR,14,193,1,1,1.9082792419031353e-12
CREATOR,SIG_CREATOR,14,194,1,1,2.3066085286554896e-12
CREATOR,SIG_CREATOR,14,195,1,1,2.1902954343751066e-12
CREATOR,SIG_CREATOR,14,196,1,1,1.2002950330022012e-12
CREATOR,SIG_CREATOR,14,197,1,1,1.4316934697883224e-12
CREATOR,SIG_CREATOR,14,198,1,1,4.604734958382401e-14
CREATOR,SIG_CREATOR,14,199,1,1,4.586436372316376e-14
CREATOR,SIG_CREATOR,15,0,1,1,4.690943805023633e-14
CREATOR,SIG_CREATOR,15,1,1,1,2.0167560536481535e-09
CREATOR,SIG_CREATOR,15,2,1,1,1.215595053103945e-10
CREATOR,SIG_CREATOR,15,3,1,1,2.7254876925671095e-12
CREATOR,SIG_CREATOR,15,4,1,1,1.0448528527575305e-12
CREATOR,SIG_CREATOR,15,5,1,1,4.5871183095958346e-14
CREATOR,SIG_CREATOR,15,6,1,1,4.6292131968301706e-14
CREATOR,SIG_CREATOR,15,7,1,1,1.5927491342493861e-12
CREATOR,SIG_CREATOR,15,8,1,1,4.604126542889346e-14
CREATOR,SIG_CREATOR,15,9,1,1,4.561131614912446e-14
CREATOR,SIG_CREATOR,15,10,1,1,3.015731486263412e-12
CREATOR,SIG_CREATOR,15,11,1,1,1.5234774263954456e-12
CREATOR,SIG_CREATOR,15,12,1,1,4.605382812571837e-14
CREATOR,SIG_CREATOR,15,13,1,1,1.583621176584114e-10
CREATOR,SIG_CREATOR,15,14,1,1,4.6678829705199214e-14
CREATOR,SIG_CREATOR,15,15,1,1,1.8922493631605738e-12
CREATOR,SIG_CREATOR,15,16,1,1,4.6971956722705883e-14
CREATOR,SIG_CREATOR,15,17,1,1,4.6783955893731574e-14
CREATOR,SIG_CREATOR,15,18,1,1,4.568102571092575e-14
CREATOR,SIG_CREATOR,15,19,1,1,4.934818648374995e-06
CREATOR,SIG_CREATOR,15,20,1,1,4.6360646859265385e-14
CREATOR,SIG_CREATOR,15,21,1,1,1.2313772798988905e-12
CREATOR,SIG_CREATOR,15,22,1,1,1.175022001921124e-10
CREATOR,SIG_CREATOR,15,23,1,1,1.7822017227205209e-12
CREATOR,SIG_CREATOR,15,24,1,1,4.617988141397272e-14
CREATOR,SIG_CREATOR,15,25,1,1,4.595492589377067e-14
CREATOR,SIG_CREATOR,15,26,1,1,1.06396006986218e-12
CREATOR,SIG_CREATOR,15,27,1,1,4.721919872227156e-14
CREATOR,SIG_CREATOR,15,28,1,1,4.7355483234901446e-14
CREATOR,SIG_CREATOR,15,29,1,1,4.664981764715023e-14
CREATOR,SIG_CREATOR,15,30,1,1,4.652681428878347e-14
CREATOR,SIG_CREATOR,15,31,1,1,1.5249977859978889e-12
CREATOR,SIG_CREATOR,15,32,1,1,1.8432874915004237e-09
CREATOR,SIG_CREATOR,15,33,1,1,4.72036478795196e-14
CREATOR,SIG_CREATOR,15,34,1,1,1.7034521841551963e-12
CREATOR,SIG_CREATOR,15,35,1,1,3.3945641755683967e-09
CREATOR,SIG_CREATOR,15,36,1,1,2.728710706975213e-09
CREATOR,SIG_CREATOR,15,37,1,1,4.713438501170955e-14
CREATOR,SIG_CREATOR,15,38,1,1,2.379126445384651e-12
CREATOR,SIG_CREATOR,15,39,1,1,4.7137895401006576e-14
CREATOR,SIG_CREATOR,15,40,1,1,4.695062383590097e-14
CREATOR,SIG_CREATOR,15,41,1,1,2.5932402382483e-12
CREATOR,SIG_CREATOR,15,42,1,1,1.2815787387883712e-10
CREATOR,SIG_CREATOR,15,43,1,1,1.5192368068626889e-12
CREATOR,SIG_CREATOR,15,44,1,1,1.8145582947952064e-12
CREATOR,SIG_CREATOR,15,45,1,1,4.696641891210958e-14
CREATOR,SIG_CREATOR,15,46,1,1,4.6557301396708316e-14
CREATOR,SIG_CREATOR,15,47,1,1,4.768444295616113e-14
CREATOR,SIG_CREATOR,15,48,1,1,2.092234669289382e-12
CREATOR,SIG_CREATOR,15,49,1,1,4.60134221385359e-14
CREATOR,SIG_CREATOR,15,50,1,1,4.69877498730979e-14
CREATOR,SIG_CREATOR,15,51,1,1,2.2564680423337527e-12
CREATOR,SIG_CREATOR,15,52,1,1,2.4523777970698214e-12
CREATOR,SIG_CREATOR,15,53,1,1,2.2310037850573076e-12
CREATOR,SIG_CREATOR,15,54,1,1,4.72574853745755e-14
CREATOR,SIG_CREATOR,15,55,1,1,4.606972038652382e-14
CREATOR,SIG_CREATOR,15,56,1,1,1.618332602259773e-12
CREATOR,SIG_CREATOR,15,57,1,1,1.5710676862996014e-12
CREATOR,SIG_CREATOR,15,58,1,1,4.6684136568049464e-14
CREATOR,SIG_CREATOR,15,59,1,1,2.2271522384853498e-12
CREATOR,SIG_CREATOR,15,60,1,1,1.004159898569036e-10
CREATOR,SIG_CREATOR,15,61,1,1,4.736762529566494e-14
CREATOR,SIG_CREATOR,15,62,1,1,2.3804006557556364e-12
CREATOR,SIG_CREATOR,15,63,1,1,1.4595574592703416e-12
CREATOR,SIG_CREATOR,15,64,1,1,4.625465762543777e-14
CREATOR,SIG_CREATOR,15,65,1,1,2.2571220664624936e-12
CREATOR,SIG_CREATOR,15,66,1,1,4.686686198245804e-14
CREATOR,SIG_CREATOR,15,67,1,1,4.718390923770229e-14
CREATOR,SIG_CREATOR,15,68,1,1,1.2365779700459135e-12
CREATOR,SIG_CREATOR,15,69,1,1,4.6371205825314597e-14
CREATOR,SIG_CREATOR,15,70,1,1,4.642015985813498e-14
CREATOR,SIG_CREATOR,15,71,1,1,1.7511256244118909e-12
CREATOR,SIG_CREATOR,15,72,1,1,4.5731670887471346e-14
CREATOR,SIG_CREATOR,15,73,1,1,4.6874957370809727e-14
CREATOR,SIG_CREATOR,15,74,1,1,4.608033895563886e-14
CREATOR,SIG_CREATOR,15,75,1,1,4.5989690624943246e-14
CREATOR,SIG_CREATOR,15,76,1,1,2.090666458478291e-12
CREATOR,SIG_CREATOR,15,77,1,1,4.75231361903563e-14
CREATOR,SIG_CREATOR,15,78,1,1,4.593004937249643e-14
CREATOR,SIG_CREATOR,15,79,1,1,1.1361411474570462e-10
CREATOR,SIG_CREATOR,15,80,1,1,4.7249095428702236e-14
CREATOR,SIG_CREATOR,15,81,1,1,4.698843307116057e-14
CREATOR,SIG_CREATOR,15,82,1,1,1.1185739288260443e-12
CREATOR,SIG_CREATOR,15,83,1,1,4.59676465920161e-14
CREATOR,SIG_CREATOR,15,84,1,1,4.664615478479378e-14
CREATOR,SIG_CREATOR,15,85,1,1,4.6705830395610175e-14
CREATOR,SIG_CREATOR,15,86,1,1,4.662465469753542e-14
CREATOR,SIG_CREATOR,15,87,1,1,2.043831849591677e-12
CREATOR,SIG_CREATOR,15,88,1,1,4.5304491037960264e-14
CREATOR,SIG_CREATOR,15,89,1,1,4.7543251323576386e-14
CREATOR,SIG_CREATOR,15,90,1,1,1.7281588180663452e-12
CREATOR,SIG_CREATOR,15,91,1,1,4.5434363549954234e-14
CREATOR,SIG_CREATOR,15,92,1,1,4.6653104336286183e-14
CREATOR,SIG_CREATOR,15,93,1,1,4.601040116493703e-14
CREATOR,SIG_CREATOR,15,94,1,1,1.941470854894719e-12
CREATOR,SIG_CREATOR,15,95,1,1,4.64268908581388e-14
CREATOR,SIG_CREATOR,15,96,1,1,2.324081125063359e-12
CREATOR,SIG_CREATOR,15,97,1,1,1.520013134095195e-10
CREATOR,SIG_CREATOR,15,98,1,1,1.027764445148093e-12
CREATOR,SIG_CREATOR,15,99,1,1,2.3504324865898564e-09
CREATOR,SIG_CREATOR,15,100,1,1,1.6435917404248406e-12
CREATOR,SIG_CREATOR,15,101,1,1,4.7513420720021703e-14
CREATOR,SIG_CREATOR,15,102,1,1,1.945364137563405e-12
CREATOR,SIG_CREATOR,15,103,1,1,1.180265241096374e-12
CREATOR,SIG_CREATOR,15,104,1,1,4.586847621813994e-14
CREATOR,SIG_CREATOR,15,105,1,1,1.6660896678661426e-12
CREATOR,SIG_CREATOR,15,106,1,1,4.682964921546992e-14
CREATOR,SIG_CREATOR,15,107,1,1,4.763798079431307e-14
CREATOR,SIG_CREATOR,15,108,1,1,4.611838140283575e-14
CREATOR,SIG_CREATOR,15,109,1,1,1.470141325988087e-12
CREATOR,SIG_CREATOR,15,110,1,1,4.720934012796418e-14
CREATOR,SIG_CREATOR,15,111,1,1,2.214206869240002e-12
CREATOR,SIG_CREATOR,15,112,1,1,1.7343360509507807e-12
CREATOR,SIG_CREATOR,15,113,1,1,1.0192765196662093e-10
CREATOR,SIG_CREATOR,15,114,1,1,9.107831948414007e-13
CREATOR,SIG_CREATOR,15,115,1,1,4.671258468452033e-14
CREATOR,SIG_CREATOR,15,116,1,1,1.0117234588985079e-10
CREATOR,SIG_CREATOR,15,117,1,1,1.741308451203858e-12
CREATOR,SIG_CREATOR,15,118,1,1,4.595499101848946e-14
CREATOR,SIG_CREATOR,15,119,1,1,2.1087525572694976e-12
CREATOR,SIG_CREATOR,15,120,1,1,9.028747566813868e-11
CREATOR,SIG_CREATOR,15,121,1,1,4.5693477499469924e-14
CREATOR,SIG_CREATOR,15,122,1,1,1.9659296668237475e-12
CREATOR,SIG_CREATOR,15,123,1,1,1.8416268339633124e-12
CREATOR,SIG_CREATOR,15,124,1,1,9.812940252472338e-13
CREATOR,SIG_CREATOR,15,125,1,1,4.658056322180979e-14
CREATOR,SIG_CREATOR,15,126,1,1,4.608170745507262e-14
CREATOR,SIG_CREATOR,15,127,1,1,4.569367731201479e-14
CREATOR,SIG_CREATOR,15,128,1,1,4.587617631130949e-14
CREATOR,SIG_CREATOR,15,129,1,1,1.869685144665615e-12
CREATOR,SIG_CREATOR,15,130,1,1,4.7453811487401116e-14
CREATOR,SIG_CREATOR,15,131,1,1,1.0297963312044367e-10
CREATOR,SIG_CREATOR,15,132,1,1,2.0256681300171177e-10
CREATOR,SIG_CREATOR,15,133,1,1,1.4497033548434052e-10
CREATOR,SIG_CREATOR,15,134,1,1,1.5567557704026127e-12
CREATOR,SIG_CREATOR,15,135,1,1,1.8898248949374585e-12
CREATOR,SIG_CREATOR,15,136,1,1,4.6426106651203704e-14
CREATOR,SIG_CREATOR,15,137,1,1,4.6248057051462037e-14
CREATOR,SIG_CREATOR,15,138,1,1,1.8119529594276935e-12
CREATOR,SIG_CREATOR,15,139,1,1,1.903378039292378e-12
CREATOR,SIG_CREATOR,15,140,1,1,1.4764590519507819e-12
CREATOR,SIG_CREATOR,15,141,1,1,1.789070202990163e-12
CREATOR,SIG_CREATOR,15,142,1,1,4.7567217535728184e-14
CREATOR,SIG_CREATOR,15,143,1,1,1.3981242428235574e-12
CREATOR,SIG_CREATOR,15,144,1,1,1.4769221778990735e-12
CREATOR,SIG_CREATOR,15,145,1,1,4.6055522777835836e-14
CREATOR,SIG_CREATOR,15,146,1,1,1.5118371043401093e-12
CREATOR,SIG_CREATOR,15,147,1,1,1.9480119501245705e-12
CREATOR,SIG_CREATOR,15,148,1,1,4.73712868554441e-14
CREATOR,SIG_CREATOR,15,149,1,1,4.6426225678881896e-14
CREATOR,SIG_CREATOR,15,150,1,1,4.628295640321261e-14
CREATOR,SIG_CREATOR,15,151,1,1,1.8463143225474447e-12
CREATOR,SIG_CREATOR,15,152,1,1,4.6122677988164373e-14
CREATOR,SIG_CREATOR,15,153,1,1,4.748030682214759e-14
CREATOR,SIG_CREATOR,15,154,1,1,2.1264333338541326e-12
CREATOR,SIG_CREATOR,15,155,1,1,1.0658908987334648e-12
CREATOR,SIG_CREATOR,15,156,1,1,4.7390330820858875e-14
CREATOR,SIG_CREATOR,15,157,1,1,4.7468776385171376e-14
CREATOR,SIG_CREATOR,15,158,1,1,2.2722218943638507e-12
CREATOR,SIG_CREATOR,15,159,1,1,1.1100415767415014e-12
CREATOR,SIG_CREATOR,15,160,1,1,4.681912705510286e-14
CREATOR,SIG_CREATOR,15,161,1,1,2.8915207820706553e-12
CREATOR,SIG_CREATOR,15,162,1,1,8.944251553452183e-08
CREATOR,SIG_CREATOR,15,163,1,1,3.1030576145659585e-09
CREATOR,SIG_CREATOR,15,164,1,1,1.3539553458880167e-12
CREATOR,SIG_CREATOR,15,165,1,1,4.636110659469411e-14
CREATOR,SIG_CREATOR,15,166,1,1,4.644872954563781e-14
CREATOR,SIG_CREATOR,15,167,1,1,1.942499659218884e-12
CREATOR,SIG_CREATOR,15,168,1,1,1.6862897070876914e-10
CREATOR,SIG_CREATOR,15,169,1,1,1.5203699005395579e-12
CREATOR,SIG_CREATOR,15,170,1,1,1.204950632855751e-12
CREATOR,SIG_CREATOR,15,171,1,1,4.736581858125865e-14
CREATOR,SIG_CREATOR,15,172,1,1,1.4187412558780302e-12
CREATOR,SIG_CREATOR,15,173,1,1,2.7225038762849958e-09
CREATOR,SIG_CREATOR,15,174,1,1,1.3463856801099896e-10
CREATOR,SIG_CREATOR,15,175,1,1,4.6416262362109796e-14
CREATOR,SIG_CREATOR,15,176,1,1,2.335147006532658e-09
CREATOR,SIG_CREATOR,15,177,1,1,4.5989857766017755e-14
CREATOR,SIG_CREATOR,15,178,1,1,4.765854691223527e-14
CREATOR,SIG_CREATOR,15,179,1,1,4.7234371308720627e-14
CREATOR,SIG_CREATOR,15,180,1,1,1.4764998652871382e-12
CREATOR,SIG_CREATOR,15,181,1,1,1.3245682429475775e-12
CREATOR,SIG_CREATOR,15,182,1,1,1.8963104775897416e-12
CREATOR,SIG_CREATOR,15,183,1,1,4.740674504155932e-14
CREATOR,SIG_CREATOR,15,184,1,1,4.564231828083671e-14
CREATOR,SIG_CREATOR,15,185,1,1,4.720508611382625e-14
CREATOR,SIG_CREATOR,15,186,1,1,4.7115928075652954e-14
CREATOR,SIG_CREATOR,15,187,1,1,4.713811129651986e-14
CREATOR,SIG_CREATOR,15,188,1,1,4.687166163870415e-14
CREATOR,SIG_CREATOR,15,189,1,1,4.7045302956493436e-14
CREATOR,SIG_CREATOR,15,190,1,1,4.671258964459321e-14
CREATOR,SIG_CREATOR,15,191,1,1,4.345208656997346e-09
CREATOR,SIG_CREATOR,15,192,1,1,1.7713510847723327e-12
CREATOR,SIG_CREATOR,15,193,1,1,2.4911190310176184e-12
CREATOR,SIG_CREATOR,15,194,1,1,1.7058227662300192e-09
CREATOR,SIG_CREATOR,15,195,1,1,9.062925849360721e-11
CREATOR,SIG_CREATOR,15,196,1,1,1.477423627850947e-12
CREATOR,SIG_CREATOR,15,197,1,1,4.7281720073077e-14
CREATOR,SIG_CREATOR,15,198,1,1,4.755358767307108e-14
CREATOR,SIG_CREATOR,15,199,1,1,2.1843690197357605e-12
CREATOR,SIG_CREATOR,16,0,1,1,4.5954394773579243e-14
CREATOR,SIG_CREATOR,16,1,1,1,4.5227156373503255e-14
CREATOR,SIG_CREATOR,16,2,1,1,5.130828735802761e-09
CREATOR,SIG_CREATOR,16,3,1,1,1.3175897727322877e-12
CREATOR,SIG_CREATOR,16,4,1,1,2.562506719926727e-12
CREATOR,SIG_CREATOR,16,5,1,1,4.631287686741019e-14
CREATOR,SIG_CREATOR,16,6,1,1,1.3756050439500475e-12
CREATOR,SIG_CREATOR,16,7,1,1,3.3037038126820327e-06
CREATOR,SIG_CREATOR,16,8,1,1,1.630600246670402e-12
CREATOR,SIG_CREATOR,16,9,1,1,4.615649828347272e-14
CREATOR,SIG_CREATOR,16,10,1,1,4.7628486281592e-14
CREATOR,SIG_CREATOR,16,11,1,1,1.1279641740152449e-10
CREATOR,SIG_CREATOR,16,12,1,1,4.6748094877386786e-14
CREATOR,SIG_CREATOR,16,13,1,1,4.765367528183671e-14
CREATOR,SIG_CREATOR,16,14,1,1,4.738139315846265e-14
CREATOR,SIG_CREATOR,16,15,1,1,1.769446717902215e-12
CREATOR,SIG_CREATOR,16,16,1,1,1.3123930737465562e-12
CREATOR,SIG_CREATOR,16,17,1,1,4.571949153221151e-14
CREATOR,SIG_CREATOR,16,18,1,1,4.7637072195574266e-14
CREATOR,SIG_CREATOR,16,19,1,1,4.657966727776141e-14
CREATOR,SIG_CREATOR,16,20,1,1,1.831326452499321e-12
CREATOR,SIG_CREATOR,16,21,1,1,1.467510008215713e-12
CREATOR,SIG_CREATOR,16,22,1,1,1.3222145179747214e-12
CREATOR,SIG_CREATOR,16,23,1,1,4.7354149550167725e-14
CREATOR,SIG_CREATOR,16,24,1,1,1.2685329227068388e-12
CREATOR,SIG_CREATOR,16,25,1,1,1.5161330331821716e-12
CREATOR,SIG_CREATOR,16,26,1,1,4.686047552850642e-14
CREATOR,SIG_CREATOR,16,27,1,1,4.7356738680722306e-14
CREATOR,SIG_CREATOR,16,28,1,1,4.758410305680413e-14
CREATOR,SIG_CREATOR,16,29,1,1,1.9122605561717847e-09
CREATOR,SIG_CREATOR,16,30,1,1,2.5554940554082886e-12
CREATOR,SIG_CREATOR,16,31,1,1,9.789224302158662e-11
CREATOR,SIG_CREATOR,16,32,1,1,4.5587289735276904e-14
CREATOR,SIG_CREATOR,16,33,1,1,4.6704535891174565e-14
CREATOR,SIG_CREATOR,16,34,1,1,1.4757138481405672e-12
CREATOR,SIG_CREATOR,16,35,1,1,2.7383062468313216e-12
CREATOR,SIG_CREATOR,16,36,1,1,4.568359390181513e-14
CREATOR,SIG_CREATOR,16,37,1,1,4.544174333424903e-14
CREATOR,SIG_CREATOR,16,38,1,1,1.5463654591447992e-10
CREATOR,SIG_CREATOR,16,39,1,1,0.00014254741395280227
CREATOR,SIG_CREATOR,16,40,1,1,4.7510795234416726e-14
CREATOR,SIG_CREATOR,16,41,1,1,4.655435553874385e-14
CREATOR,SIG_CREATOR,16,42,1,1,4.665661396759217e-14
CREATOR,SIG_CREATOR,16,43,1,1,1.1740146461472641e-12
CREATOR,SIG_CREATOR,16,44,1,1,9.155109893082957e-08
CREATOR,SIG_CREATOR,16,45,1,1,1.7832535948899932e-12
CREATOR,SIG_CREATOR,16,46,1,1,1.5546706089446758e-12
CREATOR,SIG_CREATOR,16,47,1,1,4.7181112622598974e-14
CREATOR,SIG_CREATOR,16,48,1,1,4.7195887801907105e-14
CREATOR,SIG_CREATOR,16,49,1,1,4.64124267422063e-14
CREATOR,SIG_CREATOR,16,50,1,1,2.7444004876775337e-09
CREATOR,SIG_CREATOR,16,51,1,1,2.2966344100263473e-12
CREATOR,SIG_CREATOR,16,52,1,1,4.678813610807676e-14
CREATOR,SIG_CREATOR,16,53,1,1,1.6528004770058553e-12
CREATOR,SIG_CREATOR,16,54,1,1,1.862891255024161e-12
CREATOR,SIG_CREATOR,16,55,1,1,9.564609726753697e-09
CREATOR,SIG_CREATOR,16,56,1,1,4.677823096892036e-14
CREATOR,SIG_CREATOR,16,57,1,1,4.6338369324837035e-14
CREATOR,SIG_CREATOR,16,58,1,1,4.6601143715948133e-14
CREATOR,SIG_CREATOR,16,59,1,1,4.7223715357171334e-14
CREATOR,SIG_CREATOR,16,60,1,1,2.009855534038296e-12
CREATOR,SIG_CREATOR,16,61,1,1,2.082296555680547e-12
CREATOR,SIG_CREATOR,16,62,1,1,4.7043026708045966e-14
CREATOR,SIG_CREATOR,16,63,1,1,4.7191236168087506e-14
CREATOR,SIG_CREATOR,16,64,1,1,4.6000764227262794e-14
CREATOR,SIG_CREATOR,16,65,1,1,4.7429199375092315e-14
CREATOR,SIG_CREATOR,16,66,1,1,4.7229349785199784e-14
CREATOR,SIG_CREATOR,16,67,1,1,2.051306238780637e-12
CREATOR,SIG_CREATOR,16,68,1,1,4.572860493083768e-14
CREATOR,SIG_CREATOR,16,69,1,1,2.0503971555746543e-12
CREATOR,SIG_CREATOR,16,70,1,1,4.7032568794761453e-14
CREATOR,SIG_CREATOR,16,71,1,1,2.5550078544924805e-12
CREATOR,SIG_CREATOR,16,72,1,1,1.4670416971271416e-10
CREATOR,SIG_CREATOR,16,73,1,1,1.2173888854537764e-10
CREATOR,SIG_CREATOR,16,74,1,1,1.5581767780751872e-10
CREATOR,SIG_CREATOR,16,75,1,1,2.836246344018184e-12
CREATOR,SIG_CREATOR,16,76,1,1,2.321187877918065e-12
CREATOR,SIG_CREATOR,16,77,1,1,4.60130278366783e-14
CREATOR,SIG_CREATOR,16,78,1,1,4.6319516551663315e-14
CREATOR,SIG_CREATOR,16,79,1,1,4.7632937200432734e-14
CREATOR,SIG_CREATOR,16,80,1,1,4.587697249248876e-14
CREATOR,SIG_CREATOR,16,81,1,1,4.619179716645687e-14
CREATOR,SIG_CREATOR,16,82,1,1,1.1343143657135694e-12
CREATOR,SIG_CREATOR,16,83,1,1,9.164387642060658e-09
CREATOR,SIG_CREATOR,16,84,1,1,4.6206348572260414e-14
CREATOR,SIG_CREATOR,16,85,1,1,1.5412543504474266e-12
CREATOR,SIG_CREATOR,16,86,1,1,1.8911233210273677e-10
CREATOR,SIG_CREATOR,16,87,1,1,4.68078110906613e-14
CREATOR,SIG_CREATOR,16,88,1,1,1.1945700970094847e-12
CREATOR,SIG_CREATOR,16,89,1,1,1.1321174909041534e-12
CREATOR,SIG_CREATOR,16,90,1,1,4.709365247317624e-14
CREATOR,SIG_CREATOR,16,91,1,1,4.755893401807735e-14
CREATOR,SIG_CREATOR,16,92,1,1,4.7386924965631475e-14
CREATOR,SIG_CREATOR,16,93,1,1,1.1732780594937495e-12
CREATOR,SIG_CREATOR,16,94,1,1,4.480284300782136e-09
CREATOR,SIG_CREATOR,16,95,1,1,4.574204955363283e-14
CREATOR,SIG_CREATOR,16,96,1,1,4.7583508877249504e-14
CREATOR,SIG_CREATOR,16,97,1,1,1.9009340360726784e-10
CREATOR,SIG_CREATOR,16,98,1,1,4.7479618167911855e-14
CREATOR,SIG_CREATOR,16,99,1,1,4.6439291564432985e-14
CREATOR,SIG_CREATOR,16,100,1,1,1.0307995237438874e-12
CREATOR,SIG_CREATOR,16,101,1,1,4.712803293590335e-14
CREATOR,SIG_CREATOR,16,102,1,1,1.28223409350589e-10
CREATOR,SIG_CREATOR,16,103,1,1,4.577269339464026e-14
CREATOR,SIG_CREATOR,16,104,1,1,1.4141883959764042e-12
CREATOR,SIG_CREATOR,16,105,1,1,1.8676041540747266e-12
CREATOR,SIG_CREATOR,16,106,1,1,1.304962605020045e-07
CREATOR,SIG_CREATOR,16,107,1,1,1.5818091873368265e-12
CREATOR,SIG_CREATOR,16,108,1,1,6.612580561251783e-08
CREATOR,SIG_CREATOR,16,109,1,1,1.948388567370919e-09
CREATOR,SIG_CREATOR,16,110,1,1,1.3134516621685316e-12
CREATOR,SIG_CREATOR,16,111,1,1,4.5838354368656615e-14
CREATOR,SIG_CREATOR,16,112,1,1,2.5959130177693026e-12
CREATOR,SIG_CREATOR,16,113,1,1,4.710047379506574e-14
CREATOR,SIG_CREATOR,16,114,1,1,2.3246900115395147e-12
CREATOR,SIG_CREATOR,16,115,1,1,1.3574676106398724e-10
CREATOR,SIG_CREATOR,16,116,1,1,4.5755104932339315e-14
CREATOR,SIG_CREATOR,16,117,1,1,4.604022460854253e-14
CREATOR,SIG_CREATOR,16,118,1,1,4.6456209348160314e-14
CREATOR,SIG_CREATOR,16,119,1,1,4.678365085382647e-14
CREATOR,SIG_CREATOR,16,120,1,1,1.5462528569546242e-12
CREATOR,SIG_CREATOR,16,121,1,1,4.6842168027886605e-14
CREATOR,SIG_CREATOR,16,122,1,1,4.7384652311993224e-14
CREATOR,SIG_CREATOR,16,123,1,1,1.260358854400835e-12
CREATOR,SIG_CREATOR,16,124,1,1,4.717604291881809e-14
CREATOR,SIG_CREATOR,16,125,1,1,1.2002302824591512e-10
CREATOR,SIG_CREATOR,16,126,1,1,4.582740191432866e-14
CREATOR,SIG_CREATOR,16,127,1,1,4.6876836942043266e-14
CREATOR,SIG_CREATOR,16,128,1,1,4.6183996859998714e-14
CREATOR,SIG_CREATOR,16,129,1,1,1.390565283336562e-12
CREATOR,SIG_CREATOR,16,130,1,1,4.6992571258780255e-14
CREATOR,SIG_CREATOR,16,131,1,1,4.691558893389615e-14
CREATOR,SIG_CREATOR,16,132,1,1,4.7576523657144837e-14
CREATOR,SIG_CREATOR,16,133,1,1,4.684230469114828e-14
CREATOR,SIG_CREATOR,16,134,1,1,1.64010126804602e-10
CREATOR,SIG_CREATOR,16,135,1,1,4.755477315631465e-14
CREATOR,SIG_CREATOR,16,136,1,1,1.5529342024189592e-12
CREATOR,SIG_CREATOR,16,137,1,1,2.0612747083503443e-12
CREATOR,SIG_CREATOR,16,138,1,1,4.673676153881556e-14
CREATOR,SIG_CREATOR,16,139,1,1,4.696631571349432e-14
CREATOR,SIG_CREATOR,16,140,1,1,1.6326302149139639e-12
CREATOR,SIG_CREATOR,16,141,1,1,1.1599037548153504e-12
CREATOR,SIG_CREATOR,16,142,1,1,4.679541279500323e-14
CREATOR,SIG_CREATOR,16,143,1,1,4.623860739177509e-14
CREATOR,SIG_CREATOR,16,144,1,1,4.646124903775403e-14
CREATOR,SIG_CREATOR,16,145,1,1,4.687382617190655e-14
CREATOR,SIG_CREATOR,16,146,1,1,4.6443271477961684e-14
CREATOR,SIG_CREATOR,16,147,1,1,9.764894384372123e-13
CREATOR,SIG_CREATOR,16,148,1,1,4.680817519279223e-14
CREATOR,SIG_CREATOR,16,149,1,1,4.6096056752836446e-14
CREATOR,SIG_CREATOR,16,150,1,1,1.5182089046004438e-12
CREATOR,SIG_CREATOR,16,151,1,1,9.500849326762386e-11
CREATOR,SIG_CREATOR,16,152,1,1,4.69261915092467e-14
CREATOR,SIG_CREATOR,16,153,1,1,2.4786191271380713e-12
CREATOR,SIG_CREATOR,16,154,1,1,4.666574616715506e-14
CREATOR,SIG_CREATOR,16,155,1,1,2.2411572696662523e-12
CREATOR,SIG_CREATOR,16,156,1,1,2.4484803113734946e-12
CREATOR,SIG_CREATOR,16,157,1,1,1.6581818453209412e-12
CREATOR,SIG_CREATOR,16,158,1,1,4.731779625764126e-14
CREATOR,SIG_CREATOR,16,159,1,1,4.7396527295800347e-14
CREATOR,SIG_CREATOR,16,160,1,1,4.711084483070658e-14
CREATOR,SIG_CREATOR,16,161,1,1,2.8031432895257003e-12
CREATOR,SIG_CREATOR,16,162,1,1,1.7551239492654997e-12
CREATOR,SIG_CREATOR,16,163,1,1,1.0717081477751368e-12
CREATOR,SIG_CREATOR,16,164,1,1,1.5236661928499676e-12
CREATOR,SIG_CREATOR,16,165,1,1,4.62794379781399e-14
CREATOR,SIG_CREATOR,16,166,1,1,4.7435372339903356e-14
CREATOR,SIG_CREATOR,16,167,1,1,4.715681190566592e-14
CREATOR,SIG_CREATOR,16,168,1,1,4.705961590566055e-14
CREATOR,SIG_CREATOR,16,169,1,1,4.735957211472759e-14
CREATOR,SIG_CREATOR,16,170,1,1,4.6283874260672935e-14
CREATOR,SIG_CREATOR,16,171,1,1,4.766394160422721e-14
CREATOR,SIG_CREATOR,16,172,1,1,2.0761921934460464e-12
CREATOR,SIG_CREATOR,16,173,1,1,4.707014613093423e-14
CREATOR,SIG_CREATOR,16,174,1,1,4.6788389552862754e-14
CREATOR,SIG_CREATOR,16,175,1,1,2.153702129233422e-12
CREATOR,SIG_CREATOR,16,176,1,1,4.683520153375035e-14
CREATOR,SIG_CREATOR,16,177,1,1,1.0398503722585616e-12
CREATOR,SIG_CREATOR,16,178,1,1,1.969885644541521e-12
CREATOR,SIG_CREATOR,16,179,1,1,4.700951863786735e-14
CREATOR,SIG_CREATOR,16,180,1,1,2.0920164187108103e-12
CREATOR,SIG_CREATOR,16,181,1,1,4.607038778561415e-14
CREATOR,SIG_CREATOR,16,182,1,1,4.568647399035093e-14
CREATOR,SIG_CREATOR,16,183,1,1,4.5500407543628603e-14
CREATOR,SIG_CREATOR,16,184,1,1,4.716553405576398e-14
CREATOR,SIG_CREATOR,16,185,1,1,4.759349018796555e-14
CREATOR,SIG_CREATOR,16,186,1,1,4.6183991650651894e-14
CREATOR,SIG_CREATOR,16,187,1,1,2.128004718660522e-12
CREATOR,SIG_CREATOR,16,188,1,1,8.687975860886554e-11
CREATOR,SIG_CREATOR,16,189,1,1,4.595927433273674e-14
CREATOR,SIG_CREATOR,16,190,1,1,1.3137994859784294e-12
CREATOR,SIG_CREATOR,16,191,1,1,4.684682321848131e-14
CREATOR,SIG_CREATOR,16,192,1,1,2.256799716435761e-12
CREATOR,SIG_CREATOR,16,193,1,1,4.668236651614777e-14
CREATOR,SIG_CREATOR,16,194,1,1,4.73821764555157e-14
CREATOR,SIG_CREATOR,16,195,1,1,4.5679091336980055e-14
CREATOR,SIG_CREATOR,16,196,1,1,1.4932628959270286e-10
CREATOR,SIG_CREATOR,16,197,1,1,1.3191550020605574e-10
CREATOR,SIG_CREATOR,16,198,1,1,4.578157463287214e-14
CREATOR,SIG_CREATOR,16,199,1,1,4.6233283771246214e-14
CREATOR,SIG_CREATOR,17,0,1,1,4.7331682809867954e-14
CREATOR,SIG_CREATOR,17,1,1,1,4.5957350016983454e-14
CREATOR,SIG_CREATOR,17,2,1,1,2.3290102776414443e-12
CREATOR,SIG_CREATOR,17,3,1,1,9.917064495824042e-13
CREATOR,SIG_CREATOR,17,4,1,1,2.3152837711272777e-12
CREATOR,SIG_CREATOR,17,5,1,1,2.495487522851075e-12
CREATOR,SIG_CREATOR,17,6,1,1,2.297048702985535e-12
CREATOR,SIG_CREATOR,17,7,1,1,1.5998721842235828e-12
CREATOR,SIG_CREATOR,17,8,1,1,4.66447780080159e-14
CREATOR,SIG_CREATOR,17,9,1,1,4.720145629309411e-14
CREATOR,SIG_CREATOR,17,10,1,1,4.641497376650722e-14
CREATOR,SIG_CREATOR,17,11,1,1,2.9333470321471145e-12
CREATOR,SIG_CREATOR,17,12,1,1,1.6561318351553355e-12
CREATOR,SIG_CREATOR,17,13,1,1,3.1982403147816623e-12
CREATOR,SIG_CREATOR,17,14,1,1,2.029731172010222e-09
CREATOR,SIG_CREATOR,17,15,1,1,2.4288560312815946e-12
CREATOR,SIG_CREATOR,17,16,1,1,4.6295025264837685e-14
CREATOR,SIG_CREATOR,17,17,1,1,4.7468310899495454e-14
CREATOR,SIG_CREATOR,17,18,1,1,4.739257808935597e-14
CREATOR,SIG_CREATOR,17,19,1,1,1.889118889030076e-12
CREATOR,SIG_CREATOR,17,20,1,1,1.8846551192103607e-12
CREATOR,SIG_CREATOR,17,21,1,1,2.0111036121457872e-12
CREATOR,SIG_CREATOR,17,22,1,1,4.6027936334856396e-14
CREATOR,SIG_CREATOR,17,23,1,1,1.2463174528487995e-07
CREATOR,SIG_CREATOR,17,24,1,1,4.560415753521136e-14
CREATOR,SIG_CREATOR,17,25,1,1,1.6627033655920057e-12
CREATOR,SIG_CREATOR,17,26,1,1,4.744512035025131e-14
CREATOR,SIG_CREATOR,17,27,1,1,2.3689043399948192e-09
CREATOR,SIG_CREATOR,17,28,1,1,1.8081468794037722e-12
CREATOR,SIG_CREATOR,17,29,1,1,4.749837905054573e-14
CREATOR,SIG_CREATOR,17,30,1,1,1.9220141958035534e-12
CREATOR,SIG_CREATOR,17,31,1,1,4.6470564212491905e-14
CREATOR,SIG_CREATOR,17,32,1,1,1.6038393508596628e-12
CREATOR,SIG_CREATOR,17,33,1,1,2.6848622354567205e-12
CREATOR,SIG_CREATOR,17,34,1,1,1.3207097580370021e-12
CREATOR,SIG_CREATOR,17,35,1,1,4.6997395166743054e-14
CREATOR,SIG_CREATOR,17,36,1,1,1.3490645315023766e-12
CREATOR,SIG_CREATOR,17,37,1,1,2.022265751763549e-12
CREATOR,SIG_CREATOR,17,38,1,1,4.7084385217992534e-14
CREATOR,SIG_CREATOR,17,39,1,1,2.9270305247196368e-09
CREATOR,SIG_CREATOR,17,40,1,1,1.708351433016798e-12
CREATOR,SIG_CREATOR,17,41,1,1,4.612049201897063e-14
CREATOR,SIG_CREATOR,17,42,1,1,4.7627472152287587e-14
CREATOR,SIG_CREATOR,17,43,1,1,4.70505663235111e-14
CREATOR,SIG_CREATOR,17,44,1,1,2.4008566395566037e-12
CREATOR,SIG_CREATOR,17,45,1,1,4.6297040370999074e-14
CREATOR,SIG_CREATOR,17,46,1,1,1.247884179374789e-10
CREATOR,SIG_CREATOR,17,47,1,1,4.6462069943019837e-14
CREATOR,SIG_CREATOR,17,48,1,1,4.743992995063995e-14
CREATOR,SIG_CREATOR,17,49,1,1,4.743643399168133e-14
CREATOR,SIG_CREATOR,17,50,1,1,4.727048988631998e-14
CREATOR,SIG_CREATOR,17,51,1,1,4.723139792031296e-14
CREATOR,SIG_CREATOR,17,52,1,1,4.6451555396537e-14
CREATOR,SIG_CREATOR,17,53,1,1,4.720674360687046e-14
CREATOR,SIG_CREATOR,17,54,1,1,4.7286630132658997e-14
CREATOR,SIG_CREATOR,17,55,1,1,1.447238382501632e-12
CREATOR,SIG_CREATOR,17,56,1,1,4.629916513330364e-14
CREATOR,SIG_CREATOR,17,57,1,1,9.902624593355784e-13
CREATOR,SIG_CREATOR,17,58,1,1,3.6659785531094862e-09
CREATOR,SIG_CREATOR,17,59,1,1,1.190359569348581e-10
CREATOR,SIG_CREATOR,17,60,1,1,1.4335205795407719e-12
CREATOR,SIG_CREATOR,17,61,1,1,4.7492110603487264e-14
CREATOR,SIG_CREATOR,17,62,1,1,2.7771301026325637e-12
CREATOR,SIG_CREATOR,17,63,1,1,4.663424433578881e-14
CREATOR,SIG_CREATOR,17,64,1,1,4.7494672730487e-14
CREATOR,SIG_CREATOR,17,65,1,1,1.7757864125042684e-12
CREATOR,SIG_CREATOR,17,66,1,1,4.7034722685677064e-14
CREATOR,SIG_CREATOR,17,67,1,1,1.3541048422295839e-12
CREATOR,SIG_CREATOR,17,68,1,1,1.7888230394741958e-12
CREATOR,SIG_CREATOR,17,69,1,1,4.691400984572065e-14
CREATOR,SIG_CREATOR,17,70,1,1,4.635622454028817e-14
CREATOR,SIG_CREATOR,17,71,1,1,1.0415641894333961e-10
CREATOR,SIG_CREATOR,17,72,1,1,4.660066987306261e-14
CREATOR,SIG_CREATOR,17,73,1,1,4.703180710117344e-14
CREATOR,SIG_CREATOR,17,74,1,1,6.463711183966046e-11
CREATOR,SIG_CREATOR,17,75,1,1,1.2732353158042774e-12
CREATOR,SIG_CREATOR,17,76,1,1,1.8741164201708704e-12
CREATOR,SIG_CREATOR,17,77,1,1,4.6752937760882594e-14
CREATOR,SIG_CREATOR,17,78,1,1,1.5592181363610664e-12
CREATOR,SIG_CREATOR,17,79,1,1,1.0738711632075987e-12
CREATOR,SIG_CREATOR,17,80,1,1,4.633934276931098e-14
CREATOR,SIG_CREATOR,17,81,1,1,1.5365107907077983e-12
CREATOR,SIG_CREATOR,17,82,1,1,4.7267161690056995e-14
CREATOR,SIG_CREATOR,17,83,1,1,2.803456658497424e-12
CREATOR,SIG_CREATOR,17,84,1,1,4.668928870112351e-14
CREATOR,SIG_CREATOR,17,85,1,1,4.7435485821544614e-14
CREATOR,SIG_CREATOR,17,86,1,1,4.6121532414967113e-14
CREATOR,SIG_CREATOR,17,87,1,1,4.7551062524553016e-14
CREATOR,SIG_CREATOR,17,88,1,1,1.592693574366241e-12
CREATOR,SIG_CREATOR,17,89,1,1,2.4473448182654034e-09
CREATOR,SIG_CREATOR,17,90,1,1,4.7597254983550435e-14
CREATOR,SIG_CREATOR,17,91,1,1,2.0178082125905145e-12
CREATOR,SIG_CREATOR,17,92,1,1,4.5936189940761136e-14
CREATOR,SIG_CREATOR,17,93,1,1,4.6591262862315966e-14
CREATOR,SIG_CREATOR,17,94,1,1,1.2959654224974755e-12
CREATOR,SIG_CREATOR,17,95,1,1,1.1039082961015128e-12
CREATOR,SIG_CREATOR,17,96,1,1,4.6557477131204014e-14
CREATOR,SIG_CREATOR,17,97,1,1,2.053351815214981e-09
CREATOR,SIG_CREATOR,17,98,1,1,1.9944351187430077e-12
CREATOR,SIG_CREATOR,17,99,1,1,1.5169765058213161e-12
CREATOR,SIG_CREATOR,17,100,1,1,1.2584643838542673e-12
CREATOR,SIG_CREATOR,17,101,1,1,1.2521166230859448e-12
CREATOR,SIG_CREATOR,17,102,1,1,1.8344260786904965e-10
CREATOR,SIG_CREATOR,17,103,1,1,4.6562733457768826e-14
CREATOR,SIG_CREATOR,17,104,1,1,1.9796832001861897e-12
CREATOR,SIG_CREATOR,17,105,1,1,4.5748682482735686e-14
CREATOR,SIG_CREATOR,17,106,1,1,1.1700576112086858e-12
CREATOR,SIG_CREATOR,17,107,1,1,4.6881856494981874e-14
CREATOR,SIG_CREATOR,17,108,1,1,4.7164066707998445e-14
CREATOR,SIG_CREATOR,17,109,1,1,2.470304776950956e-09
CREATOR,SIG_CREATOR,17,110,1,1,4.623999539495636e-14
CREATOR,SIG_CREATOR,17,111,1,1,1.8391279077700072e-12
CREATOR,SIG_CREATOR,17,112,1,1,1.6487624306373448e-12
CREATOR,SIG_CREATOR,17,113,1,1,4.624971810059478e-14
CREATOR,SIG_CREATOR,17,114,1,1,2.0823178547902424e-12
CREATOR,SIG_CREATOR,17,115,1,1,1.3514446228648487e-12
CREATOR,SIG_CREATOR,17,116,1,1,4.674579927548066e-14
CREATOR,SIG_CREATOR,17,117,1,1,2.2990988303635993e-12
CREATOR,SIG_CREATOR,17,118,1,1,4.7512599525190354e-14
CREATOR,SIG_CREATOR,17,119,1,1,2.5287421977970537e-12
CREATOR,SIG_CREATOR,17,120,1,1,1.9586619713206954e-12
CREATOR,SIG_CREATOR,17,121,1,1,4.753742787303372e-14
CREATOR,SIG_CREATOR,17,122,1,1,4.66136545664673e-14
CREATOR,SIG_CREATOR,17,123,1,1,4.67329324856277e-14
CREATOR,SIG_CREATOR,17,124,1,1,4.583388254816711e-14
CREATOR,SIG_CREATOR,17,125,1,1,2.0471666623005616e-12
CREATOR,SIG_CREATOR,17,126,1,1,4.6813961792884795e-14
CREATOR,SIG_CREATOR,17,127,1,1,4.735059660467977e-14
CREATOR,SIG_CREATOR,17,128,1,1,1.554204234267335e-12
CREATOR,SIG_CREATOR,17,129,1,1,4.614453235870343e-14
CREATOR,SIG_CREATOR,17,130,1,1,4.7477304619570487e-14
CREATOR,SIG_CREATOR,17,131,1,1,4.737572808997203e-14
CREATOR,SIG_CREATOR,17,132,1,1,1.9155440942105706e-12
CREATOR,SIG_CREATOR,17,133,1,1,4.6351537367378854e-14
CREATOR,SIG_CREATOR,17,134,1,1,4.602309631258684e-14
CREATOR,SIG_CREATOR,17,135,1,1,4.6950420265976677e-14
CREATOR,SIG_CREATOR,17,136,1,1,1.2370998281993243e-12
CREATOR,SIG_CREATOR,17,137,1,1,4.696604198588764e-14
CREATOR,SIG_CREATOR,17,138,1,1,4.548048988364674e-14
CREATOR,SIG_CREATOR,17,139,1,1,4.7025264582785096e-14
CREATOR,SIG_CREATOR,17,140,1,1,1.657555719257012e-12
CREATOR,SIG_CREATOR,17,141,1,1,1.3118039026235103e-12
CREATOR,SIG_CREATOR,17,142,1,1,4.7555844112987195e-14
CREATOR,SIG_CREATOR,17,143,1,1,1.933686611697799e-12
CREATOR,SIG_CREATOR,17,144,1,1,4.7328464584969856e-14
CREATOR,SIG_CREATOR,17,145,1,1,4.629151483810167e-14
CREATOR,SIG_CREATOR,17,146,1,1,2.2365347695907415e-12
CREATOR,SIG_CREATOR,17,147,1,1,1.4847715344566705e-12
CREATOR,SIG_CREATOR,17,148,1,1,4.7351224807208834e-14
CREATOR,SIG_CREATOR,17,149,1,1,1.3465077618204845e-10
CREATOR,SIG_CREATOR,17,150,1,1,4.59384280504335e-14
CREATOR,SIG_CREATOR,17,151,1,1,4.58843291691894e-14
CREATOR,SIG_CREATOR,17,152,1,1,1.3438837158327016e-12
CREATOR,SIG_CREATOR,17,153,1,1,4.624877925999176e-14
CREATOR,SIG_CREATOR,17,154,1,1,4.6649198209901954e-14
CREATOR,SIG_CREATOR,17,155,1,1,4.5232413080281454e-14
CREATOR,SIG_CREATOR,17,156,1,1,4.642407469571451e-14
CREATOR,SIG_CREATOR,17,157,1,1,1.2209175106472503e-12
CREATOR,SIG_CREATOR,17,158,1,1,4.654935007248349e-14
CREATOR,SIG_CREATOR,17,159,1,1,7.739950067332596e-11
CREATOR,SIG_CREATOR,17,160,1,1,2.1487632222083148e-09
CREATOR,SIG_CREATOR,17,161,1,1,1.897660467084557e-12
CREATOR,SIG_CREATOR,17,162,1,1,4.6073162457505775e-14
CREATOR,SIG_CREATOR,17,163,1,1,1.918033646792357e-12
CREATOR,SIG_CREATOR,17,164,1,1,4.703731628253796e-14
CREATOR,SIG_CREATOR,17,165,1,1,4.6991806747082927e-14
CREATOR,SIG_CREATOR,17,166,1,1,4.622227837461675e-14
CREATOR,SIG_CREATOR,17,167,1,1,2.3793048121894318e-12
CREATOR,SIG_CREATOR,17,168,1,1,2.5119309655153265e-12
CREATOR,SIG_CREATOR,17,169,1,1,4.653479182495747e-14
CREATOR,SIG_CREATOR,17,170,1,1,4.672956952835513e-14
CREATOR,SIG_CREATOR,17,171,1,1,1.447450502577038e-10
CREATOR,SIG_CREATOR,17,172,1,1,1.3155687144383767e-12
CREATOR,SIG_CREATOR,17,173,1,1,1.9453752362211065e-12
CREATOR,SIG_CREATOR,17,174,1,1,1.4016947819187444e-12
CREATOR,SIG_CREATOR,17,175,1,1,4.590415128708981e-14
CREATOR,SIG_CREATOR,17,176,1,1,4.5437280035549806e-14
CREATOR,SIG_CREATOR,17,177,1,1,4.7228327751838435e-14
CREATOR,SIG_CREATOR,17,178,1,1,2.176810971220668e-12
CREATOR,SIG_CREATOR,17,179,1,1,2.0596261709966498e-12
CREATOR,SIG_CREATOR,17,180,1,1,4.618766007870697e-14
CREATOR,SIG_CREATOR,17,181,1,1,4.575920828033047e-14
CREATOR,SIG_CREATOR,17,182,1,1,4.710018488925752e-14
CREATOR,SIG_CREATOR,17,183,1,1,1.9809895622344277e-09
CREATOR,SIG_CREATOR,17,184,1,1,4.7047101368324026e-14
CREATOR,SIG_CREATOR,17,185,1,1,4.753487272733355e-14
CREATOR,SIG_CREATOR,17,186,1,1,4.608161610210182e-14
CREATOR,SIG_CREATOR,17,187,1,1,2.5955484942661138e-12
CREATOR,SIG_CREATOR,17,188,1,1,1.5057392318981915e-12
CREATOR,SIG_CREATOR,17,189,1,1,1.7822787188994838e-09
CREATOR,SIG_CREATOR,17,190,1,1,4.575931433224313e-14
CREATOR,SIG_CREATOR,17,191,1,1,2.558152310109848e-09
CREATOR,SIG_CREATOR,17,192,1,1,1.5241677130446268e-12
CREATOR,SIG_CREATOR,17,193,1,1,4.6974620678858426e-14
CREATOR,SIG_CREATOR,17,194,1,1,4.6808222977888446e-14
CREATOR,SIG_CREATOR,17,195,1,1,4.5744206667759525e-14
CREATOR,SIG_CREATOR,17,196,1,1,1.6053662349889835e-12
CREATOR,SIG_CREATOR,17,197,1,1,2.222208364401961e-09
CREATOR,SIG_CREATOR,17,198,1,1,1.5746872296808848e-09
CREATOR,SIG_CREATOR,17,199,1,1,2.160422300663536e-12
CREATOR,SIG_CREATOR,18,0,1,1,1.5578684276770335e-12
CREATOR,SIG_CREATOR,18,1,1,1,4.7296129156845093e-14
CREATOR,SIG_CREATOR,18,2,1,1,4.6817358634459765e-14
CREATOR,SIG_CREATOR,18,3,1,1,2.4695367634691194e-12
CREATOR,SIG_CREATOR,18,4,1,1,4.7033661193537474e-14
CREATOR,SIG_CREATOR,18,5,1,1,4.753980800840667e-14
CREATOR,SIG_CREATOR,18,6,1,1,4.68821872353983e-14
CREATOR,SIG_CREATOR,18,7,1,1,4.6041221130075584e-14
CREATOR,SIG_CREATOR,18,8,1,1,4.588724962573283e-14
CREATOR,SIG_CREATOR,18,9,1,1,3.183176369264745e-12
CREATOR,SIG_CREATOR,18,10,1,1,4.6511838033940146e-14
CREATOR,SIG_CREATOR,18,11,1,1,4.7041537201968475e-14
CREATOR,SIG_CREATOR,18,12,1,1,2.862099130615596e-09
CREATOR,SIG_CREATOR,18,13,1,1,4.738706357075213e-14
CREATOR,SIG_CREATOR,18,14,1,1,4.74965969800273e-14
CREATOR,SIG_CREATOR,18,15,1,1,1.1439659610546226e-12
CREATOR,SIG_CREATOR,18,16,1,1,1.7154365849525978e-12
CREATOR,SIG_CREATOR,18,17,1,1,4.706598808923785e-14
CREATOR,SIG_CREATOR,18,18,1,1,1.3174760937743594e-10
CREATOR,SIG_CREATOR,18,19,1,1,2.0738200382027424e-09
CREATOR,SIG_CREATOR,18,20,1,1,4.643204353042514e-14
CREATOR,SIG_CREATOR,18,21,1,1,2.651791214945194e-12
CREATOR,SIG_CREATOR,18,22,1,1,4.688311168050017e-14
CREATOR,SIG_CREATOR,18,23,1,1,4.557304284459025e-14
CREATOR,SIG_CREATOR,18,24,1,1,1.936318346028832e-12
CREATOR,SIG_CREATOR,18,25,1,1,4.75991875337294e-14
CREATOR,SIG_CREATOR,18,26,1,1,1.2661319654577067e-10
CREATOR,SIG_CREATOR,18,27,1,1,9.603313322306361e-13
CREATOR,SIG_CREATOR,18,28,1,1,2.4067227398725023e-12
CREATOR,SIG_CREATOR,18,29,1,1,4.633343744907016e-14
CREATOR,SIG_CREATOR,18,30,1,1,2.6124095313027696e-09
CREATOR,SIG_CREATOR,18,31,1,1,4.552088858505563e-14
CREATOR,SIG_CREATOR,18,32,1,1,4.762961976520995e-14
CREATOR,SIG_CREATOR,18,33,1,1,1.65982294395827e-10
CREATOR,SIG_CREATOR,18,34,1,1,4.622441961000662e-14
CREATOR,SIG_CREATOR,18,35,1,1,4.5599430222716434e-14
CREATOR,SIG_CREATOR,18,36,1,1,2.6543543920660866e-09
CREATOR,SIG_CREATOR,18,37,1,1,4.6510524480368495e-14
CREATOR,SIG_CREATOR,18,38,1,1,1.6776456561450086e-10
CREATOR,SIG_CREATOR,18,39,1,1,4.761943060826397e-14
CREATOR,SIG_CREATOR,18,40,1,1,2.0095548158565713e-12
CREATOR,SIG_CREATOR,18,41,1,1,4.7675114764357965e-14
CREATOR,SIG_CREATOR,18,42,1,1,4.755343481131074e-14
CREATOR,SIG_CREATOR,18,43,1,1,4.5529230738004617e-14
CREATOR,SIG_CREATOR,18,44,1,1,4.766452121561932e-14
CREATOR,SIG_CREATOR,18,45,1,1,4.676640942907493e-14
CREATOR,SIG_CREATOR,18,46,1,1,4.6986117470861377e-14
CREATOR,SIG_CREATOR,18,47,1,1,3.650606375721588e-09
CREATOR,SIG_CREATOR,18,48,1,1,1.2330537918143645e-12
CREATOR,SIG_CREATOR,18,49,1,1,1.2366315563057612e-12
CREATOR,SIG_CREATOR,18,50,1,1,4.687815800689694e-14
CREATOR,SIG_CREATOR,18,51,1,1,4.709034963680856e-14
CREATOR,SIG_CREATOR,18,52,1,1,4.7567146986730194e-14
CREATOR,SIG_CREATOR,18,53,1,1,4.744980532451772e-14
CREATOR,SIG_CREATOR,18,54,1,1,2.9561088282133767e-09
CREATOR,SIG_CREATOR,18,55,1,1,4.6628562586024325e-14
CREATOR,SIG_CREATOR,18,56,1,1,4.7047489560660355e-14
CREATOR,SIG_CREATOR,18,57,1,1,4.691675203486377e-14
CREATOR,SIG_CREATOR,18,58,1,1,4.712201704329436e-14
CREATOR,SIG_CREATOR,18,59,1,1,1.3872762021009577e-12
CREATOR,SIG_CREATOR,18,60,1,1,4.673943701916195e-14
CREATOR,SIG_CREATOR,18,61,1,1,4.54431435247517e-14
CREATOR,SIG_CREATOR,18,62,1,1,2.1454704131263647e-12
CREATOR,SIG_CREATOR,18,63,1,1,4.537979080441174e-14
CREATOR,SIG_CREATOR,18,64,1,1,4.604757638000171e-14
CREATOR,SIG_CREATOR,18,65,1,1,1.5112160335427904e-12
CREATOR,SIG_CREATOR,18,66,1,1,1.4650785406854306e-12
CREATOR,SIG_CREATOR,18,67,1,1,1.7418408469966096e-12
CREATOR,SIG_CREATOR,18,68,1,1,2.23785612316648e-12
CREATOR,SIG_CREATOR,18,69,1,1,1.254085550629244e-10
CREATOR,SIG_CREATOR,18,70,1,1,1.167029737045004e-10
CREATOR,SIG_CREATOR,18,71,1,1,2.564534389338903e-12
CREATOR,SIG_CREATOR,18,72,1,1,4.717123281811074e-14
CREATOR,SIG_CREATOR,18,73,1,1,9.368502169138672e-13
CREATOR,SIG_CREATOR,18,74,1,1,2.3517259111947407e-12
CREATOR,SIG_CREATOR,18,75,1,1,1.7503491329301109e-12
CREATOR,SIG_CREATOR,18,76,1,1,3.0555307182820713e-12
CREATOR,SIG_CREATOR,18,77,1,1,2.014585892645504e-12
CREATOR,SIG_CREATOR,18,78,1,1,4.660466309261058e-14
CREATOR,SIG_CREATOR,18,79,1,1,9.784598266040377e-11
CREATOR,SIG_CREATOR,18,80,1,1,1.5270088792373881e-12
CREATOR,SIG_CREATOR,18,81,1,1,4.750401757197062e-14
CREATOR,SIG_CREATOR,18,82,1,1,4.74641981118348e-14
CREATOR,SIG_CREATOR,18,83,1,1,4.7342678526739075e-14
CREATOR,SIG_CREATOR,18,84,1,1,4.731171786085941e-14
CREATOR,SIG_CREATOR,18,85,1,1,1.6398900446595637e-12
CREATOR,SIG_CREATOR,18,86,1,1,4.600267056865313e-14
CREATOR,SIG_CREATOR,18,87,1,1,4.6819497209317986e-14
CREATOR,SIG_CREATOR,18,88,1,1,3.3286998702675254e-09
CREATOR,SIG_CREATOR,18,89,1,1,4.5813957411015777e-14
CREATOR,SIG_CREATOR,18,90,1,1,1.5789126214390544e-12
CREATOR,SIG_CREATOR,18,91,1,1,4.6158918142615836e-14
CREATOR,SIG_CREATOR,18,92,1,1,4.697948099358645e-14
CREATOR,SIG_CREATOR,18,93,1,1,4.75170517157797e-14
CREATOR,SIG_CREATOR,18,94,1,1,2.072846323166589e-12
CREATOR,SIG_CREATOR,18,95,1,1,9.939601879264888e-13
CREATOR,SIG_CREATOR,18,96,1,1,4.660504239012594e-14
CREATOR,SIG_CREATOR,18,97,1,1,2.9661185062227164e-12
CREATOR,SIG_CREATOR,18,98,1,1,4.761260800677593e-14
CREATOR,SIG_CREATOR,18,99,1,1,4.700151572997225e-14
CREATOR,SIG_CREATOR,18,100,1,1,3.8257528758050875e-09
CREATOR,SIG_CREATOR,18,101,1,1,1.522308714291412e-12
CREATOR,SIG_CREATOR,18,102,1,1,1.5324165119239778e-12
CREATOR,SIG_CREATOR,18,103,1,1,4.642338478541661e-14
CREATOR,SIG_CREATOR,18,104,1,1,4.73874918484986e-14
CREATOR,SIG_CREATOR,18,105,1,1,4.658778014384741e-14
CREATOR,SIG_CREATOR,18,106,1,1,4.633340366960279e-14
CREATOR,SIG_CREATOR,18,107,1,1,4.715861888585661e-14
CREATOR,SIG_CREATOR,18,108,1,1,4.749798112271098e-14
CREATOR,SIG_CREATOR,18,109,1,1,4.709506402827869e-14
CREATOR,SIG_CREATOR,18,110,1,1,1.8798660361824845e-12
CREATOR,SIG_CREATOR,18,111,1,1,4.6542986519767414e-14
CREATOR,SIG_CREATOR,18,112,1,1,4.696258243618405e-14
CREATOR,SIG_CREATOR,18,113,1,1,1.2742910232437962e-12
CREATOR,SIG_CREATOR,18,114,1,1,4.7192748183115464e-14
CREATOR,SIG_CREATOR,18,115,1,1,4.658316000949073e-14
CREATOR,SIG_CREATOR,18,116,1,1,2.3626358284101003e-12
CREATOR,SIG_CREATOR,18,117,1,1,4.639600216661184e-14
CREATOR,SIG_CREATOR,18,118,1,1,1.4670520644405502e-12
CREATOR,SIG_CREATOR,18,119,1,1,1.3357010687478037e-12
CREATOR,SIG_CREATOR,18,120,1,1,4.61569510946205e-14
CREATOR,SIG_CREATOR,18,121,1,1,4.692964882974909e-14
CREATOR,SIG_CREATOR,18,122,1,1,1.8182178756123607e-12
CREATOR,SIG_CREATOR,18,123,1,1,1.4803859898926967e-12
CREATOR,SIG_CREATOR,18,124,1,1,4.8340848987561464e-09
CREATOR,SIG_CREATOR,18,125,1,1,4.7133660687631845e-14
CREATOR,SIG_CREATOR,18,126,1,1,4.743802691868324e-14
CREATOR,SIG_CREATOR,18,127,1,1,9.464347642628802e-13
CREATOR,SIG_CREATOR,18,128,1,1,1.872412020113793e-12
CREATOR,SIG_CREATOR,18,129,1,1,4.702243229074707e-14
CREATOR,SIG_CREATOR,18,130,1,1,1.8454848117146638e-12
CREATOR,SIG_CREATOR,18,131,1,1,4.663333245164241e-14
CREATOR,SIG_CREATOR,18,132,1,1,1.2474742292614257e-12
CREATOR,SIG_CREATOR,18,133,1,1,4.711943154380905e-14
CREATOR,SIG_CREATOR,18,134,1,1,1.2182892339587176e-12
CREATOR,SIG_CREATOR,18,135,1,1,2.501281505217515e-12
CREATOR,SIG_CREATOR,18,136,1,1,1.9263447261429907e-12
CREATOR,SIG_CREATOR,18,137,1,1,4.554331997382845e-14
CREATOR,SIG_CREATOR,18,138,1,1,2.522937491118779e-12
CREATOR,SIG_CREATOR,18,139,1,1,4.5983216244619846e-14
CREATOR,SIG_CREATOR,18,140,1,1,4.71861379062587e-14
CREATOR,SIG_CREATOR,18,141,1,1,4.6955982879489184e-14
CREATOR,SIG_CREATOR,18,142,1,1,1.101741046932432e-12
CREATOR,SIG_CREATOR,18,143,1,1,2.148590138632241e-12
CREATOR,SIG_CREATOR,18,144,1,1,4.7496246180780616e-14
CREATOR,SIG_CREATOR,18,145,1,1,4.651649722767137e-14
CREATOR,SIG_CREATOR,18,146,1,1,2.2553510279017636e-12
CREATOR,SIG_CREATOR,18,147,1,1,4.590309846391459e-14
CREATOR,SIG_CREATOR,18,148,1,1,1.2282293354091285e-12
CREATOR,SIG_CREATOR,18,149,1,1,1.4072539414376204e-12
CREATOR,SIG_CREATOR,18,150,1,1,4.652709538512003e-14
CREATOR,SIG_CREATOR,18,151,1,1,2.213096150159453e-12
CREATOR,SIG_CREATOR,18,152,1,1,1.6536096269748202e-12
CREATOR,SIG_CREATOR,18,153,1,1,9.705361021512241e-13
CREATOR,SIG_CREATOR,18,154,1,1,3.0860409314232602e-09
CREATOR,SIG_CREATOR,18,155,1,1,4.6269144784585927e-14
CREATOR,SIG_CREATOR,18,156,1,1,4.657561099944685e-14
CREATOR,SIG_CREATOR,18,157,1,1,1.5317795317652841e-12
CREATOR,SIG_CREATOR,18,158,1,1,1.3558687211566848e-12
CREATOR,SIG_CREATOR,18,159,1,1,1.5973943574835408e-12
CREATOR,SIG_CREATOR,18,160,1,1,4.7066563062285506e-14
CREATOR,SIG_CREATOR,18,161,1,1,4.600252687112753e-14
CREATOR,SIG_CREATOR,18,162,1,1,4.7002165068668256e-14
CREATOR,SIG_CREATOR,18,163,1,1,4.5753999453249695e-14
CREATOR,SIG_CREATOR,18,164,1,1,7.979217859894417e-11
CREATOR,SIG_CREATOR,18,165,1,1,1.0150544957998872e-12
CREATOR,SIG_CREATOR,18,166,1,1,4.672955328803246e-14
CREATOR,SIG_CREATOR,18,167,1,1,4.662908492709823e-14
CREATOR,SIG_CREATOR,18,168,1,1,4.6547622411200727e-14
CREATOR,SIG_CREATOR,18,169,1,1,1.2000156735396002e-09
CREATOR,SIG_CREATOR,18,170,1,1,4.6203350196512185e-14
CREATOR,SIG_CREATOR,18,171,1,1,4.7609791865583477e-14
CREATOR,SIG_CREATOR,18,172,1,1,4.6517146080840695e-14
CREATOR,SIG_CREATOR,18,173,1,1,1.5921867935567656e-12
CREATOR,SIG_CREATOR,18,174,1,1,4.6883989894371896e-14
CREATOR,SIG_CREATOR,18,175,1,1,4.700957167321516e-14
CREATOR,SIG_CREATOR,18,176,1,1,4.7542409115811086e-14
CREATOR,SIG_CREATOR,18,177,1,1,4.54590525571048e-14
CREATOR,SIG_CREATOR,18,178,1,1,1.5388057229856609e-12
CREATOR,SIG_CREATOR,18,179,1,1,4.75418359521352e-14
CREATOR,SIG_CREATOR,18,180,1,1,4.7223324877495695e-14
CREATOR,SIG_CREATOR,18,181,1,1,2.084143301100371e-12
CREATOR,SIG_CREATOR,18,182,1,1,4.570004404675523e-14
CREATOR,SIG_CREATOR,18,183,1,1,4.685110991560414e-14
CREATOR,SIG_CREATOR,18,184,1,1,1.3546814894414694e-10
CREATOR,SIG_CREATOR,18,185,1,1,1.1907518953538334e-12
CREATOR,SIG_CREATOR,18,186,1,1,7.62015709664149e-08
CREATOR,SIG_CREATOR,18,187,1,1,1.2524288155044107e-12
CREATOR,SIG_CREATOR,18,188,1,1,4.740412522794112e-14
CREATOR,SIG_CREATOR,18,189,1,1,4.5796093788004916e-14
CREATOR,SIG_CREATOR,18,190,1,1,2.2304825710422347e-12
CREATOR,SIG_CREATOR,18,191,1,1,1.8640298130789662e-12
CREATOR,SIG_CREATOR,18,192,1,1,9.081236472093532e-13
CREATOR,SIG_CREATOR,18,193,1,1,1.3698644949151602e-12
CREATOR,SIG_CREATOR,18,194,1,1,4.660587491622819e-14
CREATOR,SIG_CREATOR,18,195,1,1,4.683305545094061e-14
CREATOR,SIG_CREATOR,18,196,1,1,4.564242218559639e-14
CREATOR,SIG_CREATOR,18,197,1,1,4.7425765493291913e-14
CREATOR,SIG_CREATOR,18,198,1,1,1.9455053775575997e-12
CREATOR,SIG_CREATOR,18,199,1,1,4.569590828105915e-14
CREATOR,SIG_CREATOR,19,0,1,1,1.250786488605615e-12
CREATOR,SIG_CREATOR,19,1,1,1,4.664889347981335e-14
CREATOR,SIG_CREATOR,19,2,1,1,1.190025975626505e-12
CREATOR,SIG_CREATOR,19,3,1,1,2.1818816024404034e-12
CREATOR,SIG_CREATOR,19,4,1,1,1.7592232432584442e-12
CREATOR,SIG_CREATOR,19,5,1,1,1.189935350155064e-12
CREATOR,SIG_CREATOR,19,6,1,1,4.654789552446803e-14
CREATOR,SIG_CREATOR,19,7,1,1,1.997870540379779e-10
CREATOR,SIG_CREATOR,19,8,1,1,4.592166847661276e-14
CREATOR,SIG_CREATOR,19,9,1,1,4.566887693046116e-14
CREATOR,SIG_CREATOR,19,10,1,1,2.1251693374868155e-12
CREATOR,SIG_CREATOR,19,11,1,1,4.679214370532037e-14
CREATOR,SIG_CREATOR,19,12,1,1,1.7019523383758088e-10
CREATOR,SIG_CREATOR,19,13,1,1,4.7030995043990014e-14
CREATOR,SIG_CREATOR,19,14,1,1,4.7171745264003514e-14
CREATOR,SIG_CREATOR,19,15,1,1,4.652459984974687e-14
CREATOR,SIG_CREATOR,19,16,1,1,4.6092234682402325e-14
CREATOR,SIG_CREATOR,19,17,1,1,1.1861233597764246e-12
CREATOR,SIG_CREATOR,19,18,1,1,4.7026367696834033e-14
CREATOR,SIG_CREATOR,19,19,1,1,2.4899917354587418e-12
CREATOR,SIG_CREATOR,19,20,1,1,1.8525566094271343e-12
CREATOR,SIG_CREATOR,19,21,1,1,1.2342206615986003e-12
CREATOR,SIG_CREATOR,19,22,1,1,4.761534707047187e-14
CREATOR,SIG_CREATOR,19,23,1,1,4.672155267387324e-14
CREATOR,SIG_CREATOR,19,24,1,1,2.0676515891563776e-12
CREATOR,SIG_CREATOR,19,25,1,1,4.6954066548547524e-14
CREATOR,SIG_CREATOR,19,26,1,1,1.529796956298879e-12
CREATOR,SIG_CREATOR,19,27,1,1,1.307019801489444e-10
CREATOR,SIG_CREATOR,19,28,1,1,4.698597082100729e-14
CREATOR,SIG_CREATOR,19,29,1,1,1.3197180403761486e-12
CREATOR,SIG_CREATOR,19,30,1,1,4.531897788249405e-14
CREATOR,SIG_CREATOR,19,31,1,1,4.6722686338405297e-14
CREATOR,SIG_CREATOR,19,32,1,1,4.6628608978455714e-14
CREATOR,SIG_CREATOR,19,33,1,1,2.6775081693254873e-09
CREATOR,SIG_CREATOR,19,34,1,1,4.7357305314764045e-14
CREATOR,SIG_CREATOR,19,35,1,1,9.905696936895315e-13
CREATOR,SIG_CREATOR,19,36,1,1,4.716216942424006e-14
CREATOR,SIG_CREATOR,19,37,1,1,4.6879468057303234e-14
CREATOR,SIG_CREATOR,19,38,1,1,4.746768746634052e-14
CREATOR,SIG_CREATOR,19,39,1,1,1.9385573000441877e-12
CREATOR,SIG_CREATOR,19,40,1,1,4.739146929385779e-14
CREATOR,SIG_CREATOR,19,41,1,1,4.7063542150168884e-14
CREATOR,SIG_CREATOR,19,42,1,1,4.6217769787973054e-14
CREATOR,SIG_CREATOR,19,43,1,1,4.6869012443357235e-14
CREATOR,SIG_CREATOR,19,44,1,1,4.6448114421641704e-14
CREATOR,SIG_CREATOR,19,45,1,1,1.6525567115557688e-12
CREATOR,SIG_CREATOR,19,46,1,1,4.7160150965031906e-14
CREATOR,SIG_CREATOR,19,47,1,1,4.64387646840693e-14
CREATOR,SIG_CREATOR,19,48,1,1,4.655615967732114e-14
CREATOR,SIG_CREATOR,19,49,1,1,4.719709438383419e-14
CREATOR,SIG_CREATOR,19,50,1,1,4.716593682120791e-14
CREATOR,SIG_CREATOR,19,51,1,1,4.621833369024665e-14
CREATOR,SIG_CREATOR,19,52,1,1,2.152115947083509e-12
CREATOR,SIG_CREATOR,19,53,1,1,4.678722058043732e-14
CREATOR,SIG_CREATOR,19,54,1,1,4.749365798706665e-14
CREATOR,SIG_CREATOR,19,55,1,1,1.6159059907372073e-12
CREATOR,SIG_CREATOR,19,56,1,1,1.3829693611697754e-12
CREATOR,SIG_CREATOR,19,57,1,1,3.2300721220597493e-09
CREATOR,SIG_CREATOR,19,58,1,1,4.6754354885181644e-14
CREATOR,SIG_CREATOR,19,59,1,1,4.617862051367606e-14
CREATOR,SIG_CREATOR,19,60,1,1,4.614482390830088e-14
CREATOR,SIG_CREATOR,19,61,1,1,4.6825216720384223e-14
CREATOR,SIG_CREATOR,19,62,1,1,4.7639691877050756e-14
CREATOR,SIG_CREATOR,19,63,1,1,2.0941059633752754e-12
CREATOR,SIG_CREATOR,19,64,1,1,1.8244496905589004e-12
CREATOR,SIG_CREATOR,19,65,1,1,4.5450652368225895e-14
CREATOR,SIG_CREATOR,19,66,1,1,4.768394927164022e-14
CREATOR,SIG_CREATOR,19,67,1,1,2.2669520691019394e-12
CREATOR,SIG_CREATOR,19,68,1,1,4.548180903390657e-14
CREATOR,SIG_CREATOR,19,69,1,1,1.3396681467216007e-12
CREATOR,SIG_CREATOR,19,70,1,1,4.624647691738531e-14
CREATOR,SIG_CREATOR,19,71,1,1,1.045798726121097e-12
CREATOR,SIG_CREATOR,19,72,1,1,4.558597546955659e-14
CREATOR,SIG_CREATOR,19,73,1,1,2.6684397664252327e-12
CREATOR,SIG_CREATOR,19,74,1,1,4.6832292166215856e-14
CREATOR,SIG_CREATOR,19,75,1,1,4.705757529198802e-14
CREATOR,SIG_CREATOR,19,76,1,1,4.7609894867659235e-14
CREATOR,SIG_CREATOR,19,77,1,1,4.724210494682955e-14
CREATOR,SIG_CREATOR,19,78,1,1,2.3656364221339658e-12
CREATOR,SIG_CREATOR,19,79,1,1,1.7255627104306885e-12
CREATOR,SIG_CREATOR,19,80,1,1,1.152193778563755e-10
CREATOR,SIG_CREATOR,19,81,1,1,2.1053372961357568e-12
CREATOR,SIG_CREATOR,19,82,1,1,4.571147518084545e-14
CREATOR,SIG_CREATOR,19,83,1,1,4.646102753332854e-14
CREATOR,SIG_CREATOR,19,84,1,1,4.637786757440196e-14
CREATOR,SIG_CREATOR,19,85,1,1,4.7607050562950005e-14
CREATOR,SIG_CREATOR,19,86,1,1,1.8482852815061496e-12
CREATOR,SIG_CREATOR,19,87,1,1,4.611042009976665e-14
CREATOR,SIG_CREATOR,19,88,1,1,4.713690637257838e-14
CREATOR,SIG_CREATOR,19,89,1,1,4.7205922702276085e-14
CREATOR,SIG_CREATOR,19,90,1,1,1.122053597636393e-12
CREATOR,SIG_CREATOR,19,91,1,1,4.7609379645867046e-14
CREATOR,SIG_CREATOR,19,92,1,1,4.5820906677663074e-14
CREATOR,SIG_CREATOR,19,93,1,1,4.5482838014478216e-14
CREATOR,SIG_CREATOR,19,94,1,1,2.2179802690260584e-12
CREATOR,SIG_CREATOR,19,95,1,1,1.5209749370224304e-12
CREATOR,SIG_CREATOR,19,96,1,1,2.0267731127902762e-12
CREATOR,SIG_CREATOR,19,97,1,1,4.687397672410566e-14
CREATOR,SIG_CREATOR,19,98,1,1,4.7440759908237143e-14
CREATOR,SIG_CREATOR,19,99,1,1,4.7399633581900585e-14
CREATOR,SIG_CREATOR,19,100,1,1,4.764444599610667e-14
CREATOR,SIG_CREATOR,19,101,1,1,4.72147196284623e-14
CREATOR,SIG_CREATOR,19,102,1,1,4.7456120409857087e-14
CREATOR,SIG_CREATOR,19,103,1,1,3.1812209209845743e-12
CREATOR,SIG_CREATOR,19,104,1,1,1.9152226406117253e-12
CREATOR,SIG_CREATOR,19,105,1,1,4.641857399504436e-14
CREATOR,SIG_CREATOR,19,106,1,1,1.33469276654431e-10
CREATOR,SIG_CREATOR,19,107,1,1,4.59140950153709e-14
CREATOR,SIG_CREATOR,19,108,1,1,2.0088792205558706e-12
CREATOR,SIG_CREATOR,19,109,1,1,1.2419394947792614e-12
CREATOR,SIG_CREATOR,19,110,1,1,4.595679980175973e-14
CREATOR,SIG_CREATOR,19,111,1,1,4.672358790515711e-14
CREATOR,SIG_CREATOR,19,112,1,1,2.0252738145672165e-12
CREATOR,SIG_CREATOR,19,113,1,1,4.7328302380669325e-14
CREATOR,SIG_CREATOR,19,114,1,1,4.688499040168533e-14
CREATOR,SIG_CREATOR,19,115,1,1,4.697098167708784e-14
CREATOR,SIG_CREATOR,19,116,1,1,4.523472929274707e-14
CREATOR,SIG_CREATOR,19,117,1,1,1.4256298653179763e-12
CREATOR,SIG_CREATOR,19,118,1,1,4.684817097980548e-14
CREATOR,SIG_CREATOR,19,119,1,1,4.626215192100752e-14
CREATOR,SIG_CREATOR,19,120,1,1,4.6815384827915055e-14
CREATOR,SIG_CREATOR,19,121,1,1,4.680928170096683e-14
CREATOR,SIG_CREATOR,19,122,1,1,1.598706283097036e-12
CREATOR,SIG_CREATOR,19,123,1,1,4.547157049669933e-14
CREATOR,SIG_CREATOR,19,124,1,1,1.859619156910433e-12
CREATOR,SIG_CREATOR,19,125,1,1,4.6349178848630885e-14
CREATOR,SIG_CREATOR,19,126,1,1,1.6662182311867852e-12
CREATOR,SIG_CREATOR,19,127,1,1,4.6967815698352915e-14
CREATOR,SIG_CREATOR,19,128,1,1,4.765806850285572e-14
CREATOR,SIG_CREATOR,19,129,1,1,1.973353317414533e-12
CREATOR,SIG_CREATOR,19,130,1,1,4.6495861181015985e-14
CREATOR,SIG_CREATOR,19,131,1,1,1.918584794908875e-12
CREATOR,SIG_CREATOR,19,132,1,1,4.616199755558503e-14
CREATOR,SIG_CREATOR,19,133,1,1,1.2326606858656802e-12
CREATOR,SIG_CREATOR,19,134,1,1,4.680622285323326e-14
CREATOR,SIG_CREATOR,19,135,1,1,4.6071860788606784e-14
CREATOR,SIG_CREATOR,19,136,1,1,4.597700443823577e-14
CREATOR,SIG_CREATOR,19,137,1,1,4.589118957572818e-14
CREATOR,SIG_CREATOR,19,138,1,1,2.1513910153381948e-12
CREATOR,SIG_CREATOR,19,139,1,1,4.68006211365368e-14
CREATOR,SIG_CREATOR,19,140,1,1,4.7593233556615794e-14
CREATOR,SIG_CREATOR,19,141,1,1,4.693405930072264e-14
CREATOR,SIG_CREATOR,19,142,1,1,1.7217994476740086e-12
CREATOR,SIG_CREATOR,19,143,1,1,1.4026940025387102e-10
CREATOR,SIG_CREATOR,19,144,1,1,8.660784371423573e-13
CREATOR,SIG_CREATOR,19,145,1,1,4.7202413596416916e-14
CREATOR,SIG_CREATOR,19,146,1,1,4.708886858873147e-14
CREATOR,SIG_CREATOR,19,147,1,1,1.4695804327158242e-12
CREATOR,SIG_CREATOR,19,148,1,1,4.556292970281811e-14
CREATOR,SIG_CREATOR,19,149,1,1,4.619648736547933e-14
CREATOR,SIG_CREATOR,19,150,1,1,1.6875554428073456e-12
CREATOR,SIG_CREATOR,19,151,1,1,1.5217605172546502e-10
CREATOR,SIG_CREATOR,19,152,1,1,4.6330796961995715e-14
CREATOR,SIG_CREATOR,19,153,1,1,4.672198530165595e-14
CREATOR,SIG_CREATOR,19,154,1,1,1.3576657157024533e-12
CREATOR,SIG_CREATOR,19,155,1,1,1.3009408793267046e-07
CREATOR,SIG_CREATOR,19,156,1,1,1.923641309064987e-12
CREATOR,SIG_CREATOR,19,157,1,1,4.6841263422592584e-14
CREATOR,SIG_CREATOR,19,158,1,1,4.580088861032778e-14
CREATOR,SIG_CREATOR,19,159,1,1,4.552399720769831e-14
CREATOR,SIG_CREATOR,19,160,1,1,4.721044089860243e-14
CREATOR,SIG_CREATOR,19,161,1,1,4.6628667139794236e-14
CREATOR,SIG_CREATOR,19,162,1,1,1.1573145105294381e-12
CREATOR,SIG_CREATOR,19,163,1,1,1.111144489382711e-12
CREATOR,SIG_CREATOR,19,164,1,1,4.6310342456266276e-14
CREATOR,SIG_CREATOR,19,165,1,1,1.1669942802282615e-10
CREATOR,SIG_CREATOR,19,166,1,1,1.8133505880794886e-12
CREATOR,SIG_CREATOR,19,167,1,1,4.748942084799545e-14
CREATOR,SIG_CREATOR,19,168,1,1,4.696190242104413e-14
CREATOR,SIG_CREATOR,19,169,1,1,4.6877690090436274e-14
CREATOR,SIG_CREATOR,19,170,1,1,4.715764242507677e-14
CREATOR,SIG_CREATOR,19,171,1,1,9.683547870857973e-08
CREATOR,SIG_CREATOR,19,172,1,1,4.699327911849494e-14
CREATOR,SIG_CREATOR,19,173,1,1,1.8499941731130628e-12
CREATOR,SIG_CREATOR,19,174,1,1,4.6172701705562167e-14
CREATOR,SIG_CREATOR,19,175,1,1,4.6831969987030085e-14
CREATOR,SIG_CREATOR,19,176,1,1,4.6874880625866766e-14
CREATOR,SIG_CREATOR,19,177,1,1,4.62905863884815e-14
CREATOR,SIG_CREATOR,19,178,1,1,2.409975879995835e-12
CREATOR,SIG_CREATOR,19,179,1,1,1.3994873297637315e-12
CREATOR,SIG_CREATOR,19,180,1,1,4.5357827346134004e-14
CREATOR,SIG_CREATOR,19,181,1,1,1.1481411771092712e-12
CREATOR,SIG_CREATOR,19,182,1,1,4.7623233288170423e-14
CREATOR,SIG_CREATOR,19,183,1,1,4.670185997574416e-14
CREATOR,SIG_CREATOR,19,184,1,1,1.0159384458811793e-12
CREATOR,SIG_CREATOR,19,185,1,1,1.5511630044720324e-12
CREATOR,SIG_CREATOR,19,186,1,1,4.643875157189516e-14
CREATOR,SIG_CREATOR,19,187,1,1,4.698082513511501e-14
CREATOR,SIG_CREATOR,19,188,1,1,4.651085622094595e-14
CREATOR,SIG_CREATOR,19,189,1,1,4.673213626023577e-14
CREATOR,SIG_CREATOR,19,190,1,1,4.659091846029397e-14
CREATOR,SIG_CREATOR,19,191,1,1,4.756928333333449e-14
CREATOR,SIG_CREATOR,19,192,1,1,4.754894330016563e-14
CREATOR,SIG_CREATOR,19,193,1,1,4.6183011293752956e-14
CREATOR,SIG_CREATOR,19,194,1,1,4.546205477944742e-14
CREATOR,SIG_CREATOR,19,195,1,1,1.430175108852897e-09
CREATOR,SIG_CREATOR,19,196,1,1,1.2023027961437942e-10
CREATOR,SIG_CREATOR,19,197,1,1,2.690983630832921e-12
CREATOR,SIG_CREATOR,19,198,1,1,4.6456953764309665e-14
CREATOR,SIG_CREATOR,19,199,1,1,4.5979552766203534e-14
CREATOR,SIG_GHOST,0,0,1,1,0.0032856207965441895
CREATOR,SIG_GHOST,0,1,1,1,0.05893587764213974
CREATOR,SIG_GHOST,0,2,1,1,0.09569373335197387
CREATOR,SIG_GHOST,0,3,1,1,0.01551307023221034
CREATOR,SIG_GHOST,0,4,1,1,0.0035001763307455653
CREATOR,SIG_GHOST,0,5,1,1,0.03898381137724731
CREATOR,SIG_GHOST,0,6,1,1,0.00450232026534514
CREATOR,SIG_GHOST,0,7,1,1,0.00030924487408784954
CREATOR,SIG_GHOST,0,8,1,1,0.10934780187785173
CREATOR,SIG_GHOST,0,9,1,1,0.21493192190926583
CREATOR,SIG_GHOST,0,10,1,1,0.0025250159531431185
CREATOR,SIG_GHOST,0,11,1,1,0.4157811998967118
CREATOR,SIG_GHOST,0,12,1,1,0.016663715035391734
CREATOR,SIG_GHOST,0,13,1,1,0.003688922203446458
CREATOR,SIG_GHOST,0,14,1,1,0.6011107838272574
CREATOR,SIG_GHOST,0,15,1,1,0.11042366767862113
CREATOR,SIG_GHOST,0,16,1,1,0.0013821205364271149
CREATOR,SIG_GHOST,0,17,1,1,0.5104368862129711
CREATOR,SIG_GHOST,0,18,1,1,0.0028794264218875883
CREATOR,SIG_GHOST,0,19,1,1,0.5638388775973742
CREATOR,SIG_GHOST,0,20,1,1,0.08891494016182122
CREATOR,SIG_GHOST,0,21,1,1,0.004240216066794066
CREATOR,SIG_GHOST,0,22,1,1,0.11560548290550779
CREATOR,SIG_GHOST,0,23,1,1,0.08389652520549952
CREATOR,SIG_GHOST,0,24,1,1,0.022224236111850162
CREATOR,SIG_GHOST,0,25,1,1,0.006458217230895875
CREATOR,SIG_GHOST,0,26,1,1,0.0693995941132426
CREATOR,SIG_GHOST,0,27,1,1,0.00023439768602147721
CREATOR,SIG_GHOST,0,28,1,1,0.0047104812558380685
CREATOR,SIG_GHOST,0,29,1,1,0.06256134731312324
CREATOR,SIG_GHOST,0,30,1,1,0.031254667818477924
CREATOR,SIG_GHOST,0,31,1,1,0.015421516313517026
CREATOR,SIG_GHOST,0,32,1,1,0.2547029439559422
CREATOR,SIG_GHOST,0,33,1,1,0.13494060756239146
CREATOR,SIG_GHOST,0,34,1,1,0.013368812580689629
CREATOR,SIG_GHOST,0,35,1,1,0.04961593233722571
CREATOR,SIG_GHOST,0,36,1,1,0.0831016323782891
CREATOR,SIG_GHOST,0,37,1,1,0.06892278555770615
CREATOR,SIG_GHOST,0,38,1,1,0.0025348815865590753
CREATOR,SIG_GHOST,0,39,1,1,0.04164924617680173
CREATOR,SIG_GHOST,0,40,1,1,0.008449170923117581
CREATOR,SIG_GHOST,0,41,1,1,0.16388497987108075
CREATOR,SIG_GHOST,0,42,1,1,0.05480958582772147
CREATOR,SIG_GHOST,0,43,1,1,0.010899024477875314
CREATOR,SIG_GHOST,0,44,1,1,0.024816543059834453
CREATOR,SIG_GHOST,0,45,1,1,0.05515321374450065
CREATOR,SIG_GHOST,0,46,1,1,0.035175400864943945
CREATOR,SIG_GHOST,0,47,1,1,0.0011617873545961442
CREATOR,SIG_GHOST,0,48,1,1,0.0009248151758801695
CREATOR,SIG_GHOST,0,49,1,1,0.08797511758667953
CREATOR,SIG_GHOST,0,50,1,1,0.05153128052103784
CREATOR,SIG_GHOST,0,51,1,1,0.01425560766868487
CREATOR,SIG_GHOST,0,52,1,1,0.34525439156883875
CREATOR,SIG_GHOST,0,53,1,1,0.0028611916386783428
CREATOR,SIG_GHOST,0,54,1,1,0.0627217137079701
CREATOR,SIG_GHOST,0,55,1,1,0.36707350350401075
CREATOR,SIG_GHOST,0,56,1,1,0.002818363903583703
CREATOR,SIG_GHOST,0,57,1,1,0.02879155698514607
CREATOR,SIG_GHOST,0,58,1,1,0.02328948007994138
CREATOR,SIG_GHOST,0,59,1,1,0.03432094170167245
CREATOR,SIG_GHOST,0,60,1,1,0.03192179488472828
CREATOR,SIG_GHOST,0,61,1,1,0.14321307630967856
CREATOR,SIG_GHOST,0,62,1,1,0.05698891896779328
CREATOR,SIG_GHOST,0,63,1,1,0.15020493522873601
CREATOR,SIG_GHOST,0,64,1,1,0.0027925198656380775
CREATOR,SIG_GHOST,0,65,1,1,0.0507287180413024
CREATOR,SIG_GHOST,0,66,1,1,0.009163650501829969
CREATOR,SIG_GHOST,0,67,1,1,0.02902047956567713
CREATOR,SIG_GHOST,0,68,1,1,0.0012517591281431828
CREATOR,SIG_GHOST,0,69,1,1,0.16253107081833554
CREATOR,SIG_GHOST,0,70,1,1,0.018164790944326492
CREATOR,SIG_GHOST,0,71,1,1,0.025460325503929584
CREATOR,SIG_GHOST,0,72,1,1,0.01597689042964626
CREATOR,SIG_GHOST,0,73,1,1,0.054980692825600724
CREATOR,SIG_GHOST,0,74,1,1,0.04738257681170599
CREATOR,SIG_GHOST,0,75,1,1,0.006238412604944343
CREATOR,SIG_GHOST,0,76,1,1,0.044492792298511906
CREATOR,SIG_GHOST,0,77,1,1,0.07707249337611634
CREATOR,SIG_GHOST,0,78,1,1,0.013560980625382184
CREATOR,SIG_GHOST,0,79,1,1,0.342242444811762
CREATOR,SIG_GHOST,0,80,1,1,0.007271825500165225
CREATOR,SIG_GHOST,0,81,1,1,0.00025062882562596866
CREATOR,SIG_GHOST,0,82,1,1,0.004433915550074225
CREATOR,SIG_GHOST,0,83,1,1,0.015151849476790165
CREATOR,SIG_GHOST,0,84,1,1,0.04492437790134971
CREATOR,SIG_GHOST,0,85,1,1,0.0012842921617068962
CREATOR,SIG_GHOST,0,86,1,1,0.014641845945259215
CREATOR,SIG_GHOST,0,87,1,1,0.0518792201477968
CREATOR,SIG_GHOST,0,88,1,1,0.04573499775551905
CREATOR,SIG_GHOST,0,89,1,1,0.015558181525560839
CREATOR,SIG_GHOST,0,90,1,1,0.0008471685521705
CREATOR,SIG_GHOST,0,91,1,1,0.03573775377106546
CREATOR,SIG_GHOST,0,92,1,1,0.01531253712475348
CREATOR,SIG_GHOST,0,93,1,1,0.006951945000550116
CREATOR,SIG_GHOST,0,94,1,1,0.029024162540792018
CREATOR,SIG_GHOST,0,95,1,1,0.009408054131294849
CREATOR,SIG_GHOST,0,96,1,1,0.01227556109504095
CREATOR,SIG_GHOST,0,97,1,1,0.013501672509106518
CREATOR,SIG_GHOST,0,98,1,1,0.023141042123416465
CREATOR,SIG_GHOST,0,99,1,1,0.004841352008399544
CREATOR,SIG_GHOST,0,100,1,1,0.013009529271920086
CREATOR,SIG_GHOST,0,101,1,1,0.03736726459163175
CREATOR,SIG_GHOST,0,102,1,1,0.028160615682253625
CREATOR,SIG_GHOST,0,103,1,1,0.036106522034200554
CREATOR,SIG_GHOST,0,104,1,1,0.1289048225547267
CREATOR,SIG_GHOST,0,105,1,1,0.015930738880731474
CREATOR,SIG_GHOST,0,106,1,1,0.0030492046593023226
CREATOR,SIG_GHOST,0,107,1,1,0.004703876370129854
CREATOR,SIG_GHOST,0,108,1,1,0.0012695901221844894
CREATOR,SIG_GHOST,0,109,1,1,0.014639755166835678
CREATOR,SIG_GHOST,0,110,1,1,0.0028029588214809435
CREATOR,SIG_GHOST,0,111,1,1,0.04008902331164189
CREATOR,SIG_GHOST,0,112,1,1,0.014230232858601238
CREATOR,SIG_GHOST,0,113,1,1,0.01878405169651013
CREATOR,SIG_GHOST,0,114,1,1,0.12651476858211913
CREATOR,SIG_GHOST,0,115,1,1,0.5831573649420586
CREATOR,SIG_GHOST,0,116,1,1,0.012274300688072793
CREATOR,SIG_GHOST,0,117,1,1,0.023976573173789047
CREATOR,SIG_GHOST,0,118,1,1,0.009120039573601616
CREATOR,SIG_GHOST,0,119,1,1,0.003902933741796931
CREATOR,SIG_GHOST,0,120,1,1,0.009157375011143932
CREATOR,SIG_GHOST,0,121,1,1,0.03114857188033984
CREATOR,SIG_GHOST,0,122,1,1,0.0011848152134370177
CREATOR,SIG_GHOST,0,123,1,1,0.00985461641996621
CREATOR,SIG_GHOST,0,124,1,1,0.09363088577903772
CREATOR,SIG_GHOST,0,125,1,1,0.04434167298517819
CREATOR,SIG_GHOST,0,126,1,1,0.052049870867367426
CREATOR,SIG_GHOST,0,127,1,1,0.01316303749493058
CREATOR,SIG_GHOST,0,128,1,1,0.001463507116575356
CREATOR,SIG_GHOST,0,129,1,1,0.005262207423516064
CREATOR,SIG_GHOST,0,130,1,1,0.012841159713674315
CREATOR,SIG_GHOST,0,131,1,1,0.053456455120117055
CREATOR,SIG_GHOST,0,132,1,1,0.01585779697151666
CREATOR,SIG_GHOST,0,133,1,1,0.004453245429284796
CREATOR,SIG_GHOST,0,134,1,1,0.025357286114602844
CREATOR,SIG_GHOST,0,135,1,1,0.11149136950758941
CREATOR,SIG_GHOST,0,136,1,1,0.11858290660051451
CREATOR,SIG_GHOST,0,137,1,1,0.04211758977896707
CREATOR,SIG_GHOST,0,138,1,1,0.003160702871702939
CREATOR,SIG_GHOST,0,139,1,1,0.04341898598493611
CREATOR,SIG_GHOST,0,140,1,1,0.048775931796926034
CREATOR,SIG_GHOST,0,141,1,1,0.3607614952518875
CREATOR,SIG_GHOST,0,142,1,1,0.13867362450080437
CREATOR,SIG_GHOST,0,143,1,1,0.012863661501141552
CREATOR,SIG_GHOST,0,144,1,1,0.07996684423668785
CREATOR,SIG_GHOST,0,145,1,1,0.008602431955893629
CREATOR,SIG_GHOST,0,146,1,1,0.05023435987857022
CREATOR,SIG_GHOST,0,147,1,1,0.2841750298028552
CREATOR,SIG_GHOST,0,148,1,1,0.005867337430491016
CREATOR,SIG_GHOST,0,149,1,1,0.12594014526737507
CREATOR,SIG_GHOST,0,150,1,1,0.12435818232098747
CREATOR,SIG_GHOST,0,151,1,1,0.008307879877939331
CREATOR,SIG_GHOST,0,152,1,1,0.1355303056696487
CREATOR,SIG_GHOST,0,153,1,1,0.42669657535025535
CREATOR,SIG_GHOST,0,154,1,1,0.33813580457756415
CREATOR,SIG_GHOST,0,155,1,1,0.16263904989347178
CREATOR,SIG_GHOST,0,156,1,1,0.04700362901095616
CREATOR,SIG_GHOST,0,157,1,1,0.016840406285567284
CREATOR,SIG_GHOST,0,158,1,1,0.5146881815790667
CREATOR,SIG_GHOST,0,159,1,1,0.041870212599815396
CREATOR,SIG_GHOST,0,160,1,1,0.0011663489371627478
CREATOR,SIG_GHOST,0,161,1,1,0.05167031841781733
CREATOR,SIG_GHOST,0,162,1,1,0.003720893825057377
CREATOR,SIG_GHOST,0,163,1,1,0.048838429520781435
CREATOR,SIG_GHOST,0,164,1,1,0.028266011152658005
CREATOR,SIG_GHOST,0,165,1,1,0.03494652127092792
CREATOR,SIG_GHOST,0,166,1,1,0.001433893685758011
CREATOR,SIG_GHOST,0,167,1,1,0.18243958311082498
CREATOR,SIG_GHOST,0,168,1,1,0.01518003939063768
CREATOR,SIG_GHOST,0,169,1,1,0.04442892476849866
CREATOR,SIG_GHOST,0,170,1,1,0.0015602197931262854
CREATOR,SIG_GHOST,0,171,1,1,0.0036474869294271465
CREATOR,SIG_GHOST,0,172,1,1,0.015919358308539577
CREATOR,SIG_GHOST,0,173,1,1,0.1367939294197063
CREATOR,SIG_GHOST,0,174,1,1,0.0016012232719267746
CREATOR,SIG_GHOST,0,175,1,1,0.014310217519518597
CREATOR,SIG_GHOST,0,176,1,1,0.017843696510546295
CREATOR,SIG_GHOST,0,177,1,1,0.7263386857795116
CREATOR,SIG_GHOST,0,178,1,1,0.6307252522383061
CREATOR,SIG_GHOST,0,179,1,1,0.01214142858628719
CREATOR,SIG_GHOST,0,180,1,1,0.005382400956171164
CREATOR,SIG_GHOST,0,181,1,1,0.015982840102966783
CREATOR,SIG_GHOST,0,182,1,1,0.004969216066266597
CREATOR,SIG_GHOST,0,183,1,1,0.05791816687285585
CREATOR,SIG_GHOST,0,184,1,1,0.02461547444427951
CREATOR,SIG_GHOST,0,185,1,1,0.021524245241164267
CREATOR,SIG_GHOST,0,186,1,1,0.35994196645574805
CREATOR,SIG_GHOST,0,187,1,1,0.013191538409840171
CREATOR,SIG_GHOST,0,188,1,1,0.011617912551381076
CREATOR,SIG_GHOST,0,189,1,1,0.015682604320618895
CREATOR,SIG_GHOST,0,190,1,1,0.0077079545153535935
CREATOR,SIG_GHOST,0,191,1,1,0.0028289049778417626
CREATOR,SIG_GHOST,0,192,1,1,0.011793126443333836
CREATOR,SIG_GHOST,0,193,1,1,0.031429423445776025
CREATOR,SIG_GHOST,0,194,1,1,0.0012070782182561598
CREATOR,SIG_GHOST,0,195,1,1,0.012926228415561104
CREATOR,SIG_GHOST,0,196,1,1,0.003761131511928215
CREATOR,SIG_GHOST,0,197,1,1,0.01450545999577593
CREATOR,SIG_GHOST,0,198,1,1,0.0036573697849391997
CREATOR,SIG_GHOST,0,199,1,1,0.053426412434247866
CREATOR,SIG_GHOST,1,0,1,1,0.02384298374180743
CREATOR,SIG_GHOST,1,1,1,1,0.1311515502467357
CREATOR,SIG_GHOST,1,2,1,1,0.10580567644355159
CREATOR,SIG_GHOST,1,3,1,1,0.3220103780996879
CREATOR,SIG_GHOST,1,4,1,1,0.04284095164211016
CREATOR,SIG_GHOST,1,5,1,1,0.011541624754810912
CREATOR,SIG_GHOST,1,6,1,1,0.02386477213192332
CREATOR,SIG_GHOST,1,7,1,1,0.1153263768833065
CREATOR,SIG_GHOST,1,8,1,1,0.030167055088345558
CREATOR,SIG_GHOST,1,9,1,1,0.0009836334824800345
CREATOR,SIG_GHOST,1,10,1,1,0.005199573218672581
CREATOR,SIG_GHOST,1,11,1,1,0.0021676517550651034
CREATOR,SIG_GHOST,1,12,1,1,0.06764611931703475
CREATOR,SIG_GHOST,1,13,1,1,0.4385653487460154
CREATOR,SIG_GHOST,1,14,1,1,0.032488001876719734
CREATOR,SIG_GHOST,1,15,1,1,0.0009889381763372102
CREATOR,SIG_GHOST,1,16,1,1,0.010163141871190717
CREATOR,SIG_GHOST,1,17,1,1,0.04761671799733594
CREATOR,SIG_GHOST,1,18,1,1,0.04374835114932579
CREATOR,SIG_GHOST,1,19,1,1,0.0026650672124362584
CREATOR,SIG_GHOST,1,20,1,1,0.0014323238121163836
CREATOR,SIG_GHOST,1,21,1,1,0.023116056934053233
CREATOR,SIG_GHOST,1,22,1,1,0.011941649372789484
CREATOR,SIG_GHOST,1,23,1,1,0.0025201538358447895
CREATOR,SIG_GHOST,1,24,1,1,0.40183108973933196
CREATOR,SIG_GHOST,1,25,1,1,0.004281642170399587
CREATOR,SIG_GHOST,1,26,1,1,0.0030220299127866027
CREATOR,SIG_GHOST,1,27,1,1,0.053020781370725883
CREATOR,SIG_GHOST,1,28,1,1,0.0472198785226165
CREATOR,SIG_GHOST,1,29,1,1,0.014506057941095746
CREATOR,SIG_GHOST,1,30,1,1,0.012590721583175351
CREATOR,SIG_GHOST,1,31,1,1,0.0295662628996083
CREATOR,SIG_GHOST,1,32,1,1,0.03571206776473847
CREATOR,SIG_GHOST,1,33,1,1,0.013836111582466972
CREATOR,SIG_GHOST,1,34,1,1,0.004790547353013768
CREATOR,SIG_GHOST,1,35,1,1,0.01661066383043238
CREATOR,SIG_GHOST,1,36,1,1,0.008555439578421094
CREATOR,SIG_GHOST,1,37,1,1,0.7133038690957512
CREATOR,SIG_GHOST,1,38,1,1,0.04196693470446809
CREATOR,SIG_GHOST,1,39,1,1,0.05496800699639985
CREATOR,SIG_GHOST,1,40,1,1,0.7109009305741819
CREATOR,SIG_GHOST,1,41,1,1,0.006453296915711329
CREATOR,SIG_GHOST,1,42,1,1,0.004608367461135432
CREATOR,SIG_GHOST,1,43,1,1,0.4132780450011197
CREATOR,SIG_GHOST,1,44,1,1,0.04758595279325034
CREATOR,SIG_GHOST,1,45,1,1,0.06512371142276413
CREATOR,SIG_GHOST,1,46,1,1,0.013953857236874933
CREATOR,SIG_GHOST,1,47,1,1,0.016578699953762432
CREATOR,SIG_GHOST,1,48,1,1,0.7064773464752988
CREATOR,SIG_GHOST,1,49,1,1,1.0128875545804743
CREATOR,SIG_GHOST,1,50,1,1,0.0369041454076023
CREATOR,SIG_GHOST,1,51,1,1,0.408007663998468
CREATOR,SIG_GHOST,1,52,1,1,0.014606067049408625
CREATOR,SIG_GHOST,1,53,1,1,0.046863227464458694
CREATOR,SIG_GHOST,1,54,1,1,0.010106719706048184
CREATOR,SIG_GHOST,1,55,1,1,0.000776013233477017
CREATOR,SIG_GHOST,1,56,1,1,0.010272680565196677
CREATOR,SIG_GHOST,1,57,1,1,0.0021039293485388285
CREATOR,SIG_GHOST,1,58,1,1,0.43890221390725215
CREATOR,SIG_GHOST,1,59,1,1,0.01702020423328894
CREATOR,SIG_GHOST,1,60,1,1,0.15015018781656225
CREATOR,SIG_GHOST,1,61,1,1,0.0004499222197361651
CREATOR,SIG_GHOST,1,62,1,1,0.048974371536902296
CREATOR,SIG_GHOST,1,63,1,1,0.1262752435910369
CREATOR,SIG_GHOST,1,64,1,1,0.003910305649274965
CREATOR,SIG_GHOST,1,65,1,1,0.07265212441169969
CREATOR,SIG_GHOST,1,66,1,1,0.008868383229328545
CREATOR,SIG_GHOST,1,67,1,1,0.04701172463783598
CREATOR,SIG_GHOST,1,68,1,1,0.05537588533833872
CREATOR,SIG_GHOST,1,69,1,1,0.001543740922778076
CREATOR,SIG_GHOST,1,70,1,1,0.016639687443698616
CREATOR,SIG_GHOST,1,71,1,1,0.02491983843100338
CREATOR,SIG_GHOST,1,72,1,1,0.09152595007011062
CREATOR,SIG_GHOST,1,73,1,1,0.03808201399989917
CREATOR,SIG_GHOST,1,74,1,1,0.012857658037308668
CREATOR,SIG_GHOST,1,75,1,1,0.11374321886540203
CREATOR,SIG_GHOST,1,76,1,1,0.010803293987799716
CREATOR,SIG_GHOST,1,77,1,1,0.011447848527394755
CREATOR,SIG_GHOST,1,78,1,1,0.03972396214123131
CREATOR,SIG_GHOST,1,79,1,1,9.989237553225495e-05
CREATOR,SIG_GHOST,1,80,1,1,0.003271050887441191
CREATOR,SIG_GHOST,1,81,1,1,0.008559938339335235
CREATOR,SIG_GHOST,1,82,1,1,0.013440302057493718
CREATOR,SIG_GHOST,1,83,1,1,0.1031702595403963
CREATOR,SIG_GHOST,1,84,1,1,0.40232379196500057
CREATOR,SIG_GHOST,1,85,1,1,0.017232982719011206
CREATOR,SIG_GHOST,1,86,1,1,0.09152911603216064
CREATOR,SIG_GHOST,1,87,1,1,0.002594238661876163
CREATOR,SIG_GHOST,1,88,1,1,0.06838569552165077
CREATOR,SIG_GHOST,1,89,1,1,0.0048984415027167535
CREATOR,SIG_GHOST,1,90,1,1,0.0047913973210783264
CREATOR,SIG_GHOST,1,91,1,1,0.007877290602259935
CREATOR,SIG_GHOST,1,92,1,1,0.03650642512339261
CREATOR,SIG_GHOST,1,93,1,1,0.43153759997727825
CREATOR,SIG_GHOST,1,94,1,1,0.0031989249597558587
CREATOR,SIG_GHOST,1,95,1,1,0.018827699677868345
CREATOR,SIG_GHOST,1,96,1,1,0.007417925607708341
CREATOR,SIG_GHOST,1,97,1,1,0.06625590300350748
CREATOR,SIG_GHOST,1,98,1,1,0.004156553241813805
CREATOR,SIG_GHOST,1,99,1,1,0.0004345150157412288
CREATOR,SIG_GHOST,1,100,1,1,0.020646361393324618
CREATOR,SIG_GHOST,1,101,1,1,0.013131003851474319
CREATOR,SIG_GHOST,1,102,1,1,0.037148623796747764
CREATOR,SIG_GHOST,1,103,1,1,0.18867124799401125
CREATOR,SIG_GHOST,1,104,1,1,0.014289471323093429
CREATOR,SIG_GHOST,1,105,1,1,0.004148899580694827
CREATOR,SIG_GHOST,1,106,1,1,0.5365456446520356
CREATOR,SIG_GHOST,1,107,1,1,0.48413788204957153
CREATOR,SIG_GHOST,1,108,1,1,0.0014175418041987675
CREATOR,SIG_GHOST,1,109,1,1,0.030495907979487636
CREATOR,SIG_GHOST,1,110,1,1,0.0015216004492082829
CREATOR,SIG_GHOST,1,111,1,1,0.0018960503160569196
CREATOR,SIG_GHOST,1,112,1,1,0.003587960005589543
CREATOR,SIG_GHOST,1,113,1,1,0.25276699288400006
CREATOR,SIG_GHOST,1,114,1,1,0.11352758086402315
CREATOR,SIG_GHOST,1,115,1,1,1.1508689162713077
CREATOR,SIG_GHOST,1,116,1,1,0.009190567038374
CREATOR,SIG_GHOST,1,117,1,1,0.004890537766901323
CREATOR,SIG_GHOST,1,118,1,1,0.11076291968786373
CREATOR,SIG_GHOST,1,119,1,1,0.004784994004185951
CREATOR,SIG_GHOST,1,120,1,1,0.006859230000527294
CREATOR,SIG_GHOST,1,121,1,1,0.00509034091215857
CREATOR,SIG_GHOST,1,122,1,1,0.2871253691982544
CREATOR,SIG_GHOST,1,123,1,1,0.3273322328008127
CREATOR,SIG_GHOST,1,124,1,1,0.008728110559784282
CREATOR,SIG_GHOST,1,125,1,1,0.038875218342173154
CREATOR,SIG_GHOST,1,126,1,1,0.05888356165063417
CREATOR,SIG_GHOST,1,127,1,1,0.04550042695183302
CREATOR,SIG_GHOST,1,128,1,1,0.08491224101452582
CREATOR,SIG_GHOST,1,129,1,1,0.011130927641056582
CREATOR,SIG_GHOST,1,130,1,1,0.0013736118048449965
CREATOR,SIG_GHOST,1,131,1,1,0.08587790223226158
CREATOR,SIG_GHOST,1,132,1,1,0.05417222827847368
CREATOR,SIG_GHOST,1,133,1,1,0.03765901681603809
CREATOR,SIG_GHOST,1,134,1,1,0.009029224578242559
CREATOR,SIG_GHOST,1,135,1,1,0.030400214979873115
CREATOR,SIG_GHOST,1,136,1,1,0.0530448798068163
CREATOR,SIG_GHOST,1,137,1,1,0.004383968007969141
CREATOR,SIG_GHOST,1,138,1,1,0.003130874471537339
CREATOR,SIG_GHOST,1,139,1,1,0.005304751244500567
CREATOR,SIG_GHOST,1,140,1,1,0.00044874518942867355
CREATOR,SIG_GHOST,1,141,1,1,0.07116332541141943
CREATOR,SIG_GHOST,1,142,1,1,0.046751423423324306
CREATOR,SIG_GHOST,1,143,1,1,0.009233307532375116
CREATOR,SIG_GHOST,1,144,1,1,0.05002018006931514
CREATOR,SIG_GHOST,1,145,1,1,0.013319976119670424
CREATOR,SIG_GHOST,1,146,1,1,0.013791842094528536
CREATOR,SIG_GHOST,1,147,1,1,0.08654707575319175
CREATOR,SIG_GHOST,1,148,1,1,0.07368437053583421
CREATOR,SIG_GHOST,1,149,1,1,0.0009312243356459171
CREATOR,SIG_GHOST,1,150,1,1,0.0014579210739043742
CREATOR,SIG_GHOST,1,151,1,1,0.010222976128941158
CREATOR,SIG_GHOST,1,152,1,1,0.005249178492117704
CREATOR,SIG_GHOST,1,153,1,1,0.004857235540228025
CREATOR,SIG_GHOST,1,154,1,1,0.09761498402229196
CREATOR,SIG_GHOST,1,155,1,1,0.006624994104702979
CREATOR,SIG_GHOST,1,156,1,1,0.001651903016485808
CREATOR,SIG_GHOST,1,157,1,1,0.01827430564984621
CREATOR,SIG_GHOST,1,158,1,1,0.04456775933275557
CREATOR,SIG_GHOST,1,159,1,1,0.0003155895023372446
CREATOR,SIG_GHOST,1,160,1,1,0.0042577920753362475
CREATOR,SIG_GHOST,1,161,1,1,0.23982057570776766
CREATOR,SIG_GHOST,1,162,1,1,0.0053891808125406905
CREATOR,SIG_GHOST,1,163,1,1,0.3364310344255347
CREATOR,SIG_GHOST,1,164,1,1,0.03021448733807936
CREATOR,SIG_GHOST,1,165,1,1,0.00583640462684705
CREATOR,SIG_GHOST,1,166,1,1,0.004645334135223398
CREATOR,SIG_GHOST,1,167,1,1,0.015442525528544006
CREATOR,SIG_GHOST,1,168,1,1,0.0012782781880852044
CREATOR,SIG_GHOST,1,169,1,1,0.040727023116324514
CREATOR,SIG_GHOST,1,170,1,1,0.18305498628800115
CREATOR,SIG_GHOST,1,171,1,1,0.12339605847509275
CREATOR,SIG_GHOST,1,172,1,1,0.040785659220335724
CREATOR,SIG_GHOST,1,173,1,1,0.050784360486320984
CREATOR,SIG_GHOST,1,174,1,1,0.0035503784561911247
CREATOR,SIG_GHOST,1,175,1,1,0.041601699310287704
CREATOR,SIG_GHOST,1,176,1,1,0.0014776805896252521
CREATOR,SIG_GHOST,1,177,1,1,0.011646636748985648
CREATOR,SIG_GHOST,1,178,1,1,0.048915166542593674
CREATOR,SIG_GHOST,1,179,1,1,0.028028337035765925
CREATOR,SIG_GHOST,1,180,1,1,0.100369431493861
CREATOR,SIG_GHOST,1,181,1,1,0.012463432441761384
CREATOR,SIG_GHOST,1,182,1,1,0.1751784612092456
CREATOR,SIG_GHOST,1,183,1,1,0.018883002667803423
CREATOR,SIG_GHOST,1,184,1,1,0.013150457506837885
CREATOR,SIG_GHOST,1,185,1,1,0.00525520807714659
CREATOR,SIG_GHOST,1,186,1,1,1.1087170752961224
CREATOR,SIG_GHOST,1,187,1,1,0.0057740242040744795
CREATOR,SIG_GHOST,1,188,1,1,0.5010946106953151
CREATOR,SIG_GHOST,1,189,1,1,0.016375697674512593
CREATOR,SIG_GHOST,1,190,1,1,0.25291632049605983
CREATOR,SIG_GHOST,1,191,1,1,0.18331891239985898
CREATOR,SIG_GHOST,1,192,1,1,0.015710906499346228
CREATOR,SIG_GHOST,1,193,1,1,0.03662078294449007
CREATOR,SIG_GHOST,1,194,1,1,0.00011655194774192768
CREATOR,SIG_GHOST,1,195,1,1,0.08194000354612149
CREATOR,SIG_GHOST,1,196,1,1,0.005079649365830165
CREATOR,SIG_GHOST,1,197,1,1,0.009231411045839555
CREATOR,SIG_GHOST,1,198,1,1,0.052176307637626235
CREATOR,SIG_GHOST,1,199,1,1,0.0012381682982648174
CREATOR,SIG_GHOST,2,0,1,1,0.017101468179749283
CREATOR,SIG_GHOST,2,1,1,1,0.0009087116695492936
CREATOR,SIG_GHOST,2,2,1,1,0.0012690659799197057
CREATOR,SIG_GHOST,2,3,1,1,0.011807413450534088
CREATOR,SIG_GHOST,2,4,1,1,0.11430519320868804
CREATOR,SIG_GHOST,2,5,1,1,0.046443576550397624
CREATOR,SIG_GHOST,2,6,1,1,0.0024411588782821277
CREATOR,SIG_GHOST,2,7,1,1,0.0009488017988034229
CREATOR,SIG_GHOST,2,8,1,1,0.013435499574284734
CREATOR,SIG_GHOST,2,9,1,1,0.020462124858516187
CREATOR,SIG_GHOST,2,10,1,1,0.0970068123089135
CREATOR,SIG_GHOST,2,11,1,1,0.001260043477632136
CREATOR,SIG_GHOST,2,12,1,1,0.09354753584007099
CREATOR,SIG_GHOST,2,13,1,1,0.0004570202919917869
CREATOR,SIG_GHOST,2,14,1,1,0.4663873463159755
CREATOR,SIG_GHOST,2,15,1,1,0.009355182137509053
CREATOR,SIG_GHOST,2,16,1,1,0.12606207302392877
CREATOR,SIG_GHOST,2,17,1,1,0.0021563558112211883
CREATOR,SIG_GHOST,2,18,1,1,0.2476655384524151
CREATOR,SIG_GHOST,2,19,1,1,0.44235859127744037
CREATOR,SIG_GHOST,2,20,1,1,0.15836872840650545
CREATOR,SIG_GHOST,2,21,1,1,0.012170948413826153
CREATOR,SIG_GHOST,2,22,1,1,0.09427487716591684
CREATOR,SIG_GHOST,2,23,1,1,0.0025118405257280193
CREATOR,SIG_GHOST,2,24,1,1,0.09560126030237227
CREATOR,SIG_GHOST,2,25,1,1,0.4447806120145769
CREATOR,SIG_GHOST,2,26,1,1,0.004285465660709551
CREATOR,SIG_GHOST,2,27,1,1,0.016331963676111463
CREATOR,SIG_GHOST,2,28,1,1,0.0009747756097349446
CREATOR,SIG_GHOST,2,29,1,1,0.0031901438608116324
CREATOR,SIG_GHOST,2,30,1,1,0.40999657234039255
CREATOR,SIG_GHOST,2,31,1,1,0.39889275775556116
CREATOR,SIG_GHOST,2,32,1,1,0.0008567773400097393
CREATOR,SIG_GHOST,2,33,1,1,0.0004082105769740204
CREATOR,SIG_GHOST,2,34,1,1,0.3748707206215204
CREATOR,SIG_GHOST,2,35,1,1,0.03304310406851991
CREATOR,SIG_GHOST,2,36,1,1,0.0006052497236708711
CREATOR,SIG_GHOST,2,37,1,1,0.0011835269196236826
CREATOR,SIG_GHOST,2,38,1,1,0.08873312186213059
CREATOR,SIG_GHOST,2,39,1,1,0.0038480558228560133
CREATOR,SIG_GHOST,2,40,1,1,0.03367813728388947
CREATOR,SIG_GHOST,2,41,1,1,0.00011203777774040033
CREATOR,SIG_GHOST,2,42,1,1,0.5197041923985566
CREATOR,SIG_GHOST,2,43,1,1,0.19142364035929973
CREATOR,SIG_GHOST,2,44,1,1,0.17521904811070993
CREATOR,SIG_GHOST,2,45,1,1,0.05304451403197083
CREATOR,SIG_GHOST,2,46,1,1,0.00042757913464607975
CREATOR,SIG_GHOST,2,47,1,1,0.0036042292936972766
CREATOR,SIG_GHOST,2,48,1,1,0.03782965118419953
CREATOR,SIG_GHOST,2,49,1,1,0.46619312375276023
CREATOR,SIG_GHOST,2,50,1,1,0.0016656111991249127
CREATOR,SIG_GHOST,2,51,1,1,0.0012842308147532461
CREATOR,SIG_GHOST,2,52,1,1,0.017250127170887142
CREATOR,SIG_GHOST,2,53,1,1,0.08335130827476984
CREATOR,SIG_GHOST,2,54,1,1,0.0408601350943364
CREATOR,SIG_GHOST,2,55,1,1,0.023691992326593928
CREATOR,SIG_GHOST,2,56,1,1,0.08328816692731508
CREATOR,SIG_GHOST,2,57,1,1,0.1453231678241339
CREATOR,SIG_GHOST,2,58,1,1,0.4327398097466027
CREATOR,SIG_GHOST,2,59,1,1,0.022981881724163822
CREATOR,SIG_GHOST,2,60,1,1,0.01621777884047736
CREATOR,SIG_GHOST,2,61,1,1,1.2987022201060112
CREATOR,SIG_GHOST,2,62,1,1,0.0035762946259668867
CREATOR,SIG_GHOST,2,63,1,1,0.28772144493847013
CREATOR,SIG_GHOST,2,64,1,1,0.00027916668284507884
CREATOR,SIG_GHOST,2,65,1,1,0.6357642855124295
CREATOR,SIG_GHOST,2,66,1,1,0.009587897878359272
CREATOR,SIG_GHOST,2,67,1,1,0.006131645381619189
CREATOR,SIG_GHOST,2,68,1,1,0.004249679374402857
CREATOR,SIG_GHOST,2,69,1,1,0.01533826541177685
CREATOR,SIG_GHOST,2,70,1,1,0.004285876889137631
CREATOR,SIG_GHOST,2,71,1,1,0.0865507699044018
CREATOR,SIG_GHOST,2,72,1,1,0.5552005361669821
CREATOR,SIG_GHOST,2,73,1,1,0.10261257472152907
CREATOR,SIG_GHOST,2,74,1,1,0.001750553484308749
CREATOR,SIG_GHOST,2,75,1,1,0.00974509550478065
CREATOR,SIG_GHOST,2,76,1,1,0.01667635661624291
CREATOR,SIG_GHOST,2,77,1,1,0.040746331206392344
CREATOR,SIG_GHOST,2,78,1,1,0.1632672853891795
CREATOR,SIG_GHOST,2,79,1,1,0.003669660043191773
CREATOR,SIG_GHOST,2,80,1,1,0.03739795608229519
CREATOR,SIG_GHOST,2,81,1,1,0.0007037647986254901
CREATOR,SIG_GHOST,2,82,1,1,0.025658821992272138
CREATOR,SIG_GHOST,2,83,1,1,0.051993274776352905
CREATOR,SIG_GHOST,2,84,1,1,0.0874215081232463
CREATOR,SIG_GHOST,2,85,1,1,0.0033461888922779667
CREATOR,SIG_GHOST,2,86,1,1,0.02627455105872436
CREATOR,SIG_GHOST,2,87,1,1,0.01477241741966882
CREATOR,SIG_GHOST,2,88,1,1,0.011777458002661872
CREATOR,SIG_GHOST,2,89,1,1,0.016667214912667268
CREATOR,SIG_GHOST,2,90,1,1,0.05228111216511355
CREATOR,SIG_GHOST,2,91,1,1,0.23423846215821836
CREATOR,SIG_GHOST,2,92,1,1,0.01710116279092212
CREATOR,SIG_GHOST,2,93,1,1,0.6156690645363204
CREATOR,SIG_GHOST,2,94,1,1,0.0011638907380062998
CREATOR,SIG_GHOST,2,95,1,1,0.0011850113456598264
CREATOR,SIG_GHOST,2,96,1,1,0.004187129002082856
CREATOR,SIG_GHOST,2,97,1,1,0.03528366840822999
CREATOR,SIG_GHOST,2,98,1,1,0.013542378406330376
CREATOR,SIG_GHOST,2,99,1,1,0.004267404643174095
CREATOR,SIG_GHOST,2,100,1,1,0.0003278640344734682
CREATOR,SIG_GHOST,2,101,1,1,0.18097736575602077
CREATOR,SIG_GHOST,2,102,1,1,0.14380570677786214
CREATOR,SIG_GHOST,2,103,1,1,0.013624713311499538
CREATOR,SIG_GHOST,2,104,1,1,0.01649162476011453
CREATOR,SIG_GHOST,2,105,1,1,0.045300765502739315
CREATOR,SIG_GHOST,2,106,1,1,0.02907388552274426
CREATOR,SIG_GHOST,2,107,1,1,0.015204143854852706
CREATOR,SIG_GHOST,2,108,1,1,0.01697718403167672
CREATOR,SIG_GHOST,2,109,1,1,0.04277043613097282
CREATOR,SIG_GHOST,2,110,1,1,0.1343682489543371
CREATOR,SIG_GHOST,2,111,1,1,0.00424249417476256
CREATOR,SIG_GHOST,2,112,1,1,0.01655401575260972
CREATOR,SIG_GHOST,2,113,1,1,0.012524890471145793
CREATOR,SIG_GHOST,2,114,1,1,0.07726094211896052
CREATOR,SIG_GHOST,2,115,1,1,0.06923986416322342
CREATOR,SIG_GHOST,2,116,1,1,0.014761700642757478
CREATOR,SIG_GHOST,2,117,1,1,0.010388304046836962
CREATOR,SIG_GHOST,2,118,1,1,0.299173102215833
CREATOR,SIG_GHOST,2,119,1,1,0.016807533724878827
CREATOR,SIG_GHOST,2,120,1,1,0.0109138822173462
CREATOR,SIG_GHOST,2,121,1,1,0.004962555694014921
CREATOR,SIG_GHOST,2,122,1,1,0.043951938142831146
CREATOR,SIG_GHOST,2,123,1,1,0.0009495951551409572
CREATOR,SIG_GHOST,2,124,1,1,0.04775414610641103
CREATOR,SIG_GHOST,2,125,1,1,0.09234559098507733
CREATOR,SIG_GHOST,2,126,1,1,0.001384635400644676
CREATOR,SIG_GHOST,2,127,1,1,0.6380633667999949
CREATOR,SIG_GHOST,2,128,1,1,0.004771595841171537
CREATOR,SIG_GHOST,2,129,1,1,0.004573971725820931
CREATOR,SIG_GHOST,2,130,1,1,0.0012500451132486609
CREATOR,SIG_GHOST,2,131,1,1,0.004656698629618011
CREATOR,SIG_GHOST,2,132,1,1,0.35322169589915214
CREATOR,SIG_GHOST,2,133,1,1,0.08892720509507096
CREATOR,SIG_GHOST,2,134,1,1,0.02839426746286474
CREATOR,SIG_GHOST,2,135,1,1,0.010451615653698072
CREATOR,SIG_GHOST,2,136,1,1,0.0012646015809419128
CREATOR,SIG_GHOST,2,137,1,1,0.004067676005678897
CREATOR,SIG_GHOST,2,138,1,1,0.28893309761840225
CREATOR,SIG_GHOST,2,139,1,1,0.006552258140844461
CREATOR,SIG_GHOST,2,140,1,1,0.009173305737427325
CREATOR,SIG_GHOST,2,141,1,1,0.658456197611208
CREATOR,SIG_GHOST,2,142,1,1,0.00037226955924403275
CREATOR,SIG_GHOST,2,143,1,1,0.01708417998182186
CREATOR,SIG_GHOST,2,144,1,1,0.037674778794253405
CREATOR,SIG_GHOST,2,145,1,1,0.011098282625115915
CREATOR,SIG_GHOST,2,146,1,1,0.020150369775446233
CREATOR,SIG_GHOST,2,147,1,1,0.0060856987598955185
CREATOR,SIG_GHOST,2,148,1,1,0.3362497093505282
CREATOR,SIG_GHOST,2,149,1,1,0.0004009871526017753
CREATOR,SIG_GHOST,2,150,1,1,0.022460166223843666
CREATOR,SIG_GHOST,2,151,1,1,3.573869349522665e-05
CREATOR,SIG_GHOST,2,152,1,1,0.005682125703585292
CREATOR,SIG_GHOST,2,153,1,1,0.0042435711746554635
CREATOR,SIG_GHOST,2,154,1,1,0.0036511586439056604
CREATOR,SIG_GHOST,2,155,1,1,0.05520093529481289
CREATOR,SIG_GHOST,2,156,1,1,0.0797659257701043
CREATOR,SIG_GHOST,2,157,1,1,0.030742424267832885
CREATOR,SIG_GHOST,2,158,1,1,0.06942533655445127
CREATOR,SIG_GHOST,2,159,1,1,0.012969532531974321
CREATOR,SIG_GHOST,2,160,1,1,0.06153382322775301
CREATOR,SIG_GHOST,2,161,1,1,0.0011945447800727398
CREATOR,SIG_GHOST,2,162,1,1,0.06146594352402111
CREATOR,SIG_GHOST,2,163,1,1,0.05646513016192501
CREATOR,SIG_GHOST,2,164,1,1,0.0033896599542493746
CREATOR,SIG_GHOST,2,165,1,1,0.042305127252743525
CREATOR,SIG_GHOST,2,166,1,1,8.813629472882194e-05
CREATOR,SIG_GHOST,2,167,1,1,0.0013640121270821004
CREATOR,SIG_GHOST,2,168,1,1,0.007598238141344803
CREATOR,SIG_GHOST,2,169,1,1,0.05358832648666849
CREATOR,SIG_GHOST,2,170,1,1,0.0040808470723057745
CREATOR,SIG_GHOST,2,171,1,1,0.004697829877563552
CREATOR,SIG_GHOST,2,172,1,1,0.002106607247088551
CREATOR,SIG_GHOST,2,173,1,1,0.2288961997410104
CREATOR,SIG_GHOST,2,174,1,1,0.7596910869510125
CREATOR,SIG_GHOST,2,175,1,1,0.002666399371911185
CREATOR,SIG_GHOST,2,176,1,1,0.005039804864332498
CREATOR,SIG_GHOST,2,177,1,1,0.018161460428241915
CREATOR,SIG_GHOST,2,178,1,1,0.0415438085597037
CREATOR,SIG_GHOST,2,179,1,1,0.00021416558884812179
CREATOR,SIG_GHOST,2,180,1,1,0.144668176011919
CREATOR,SIG_GHOST,2,181,1,1,0.05142075141012327
CREATOR,SIG_GHOST,2,182,1,1,0.08483551383351001
CREATOR,SIG_GHOST,2,183,1,1,0.0997705640350086
CREATOR,SIG_GHOST,2,184,1,1,0.0002820811019480645
CREATOR,SIG_GHOST,2,185,1,1,0.014701793251341761
CREATOR,SIG_GHOST,2,186,1,1,0.004098468590564744
CREATOR,SIG_GHOST,2,187,1,1,0.0012892890876864526
CREATOR,SIG_GHOST,2,188,1,1,0.0347635036678252
CREATOR,SIG_GHOST,2,189,1,1,0.323398827865689
CREATOR,SIG_GHOST,2,190,1,1,0.1765985300009005
CREATOR,SIG_GHOST,2,191,1,1,0.051062701242227865
CREATOR,SIG_GHOST,2,192,1,1,0.03285658222103627
CREATOR,SIG_GHOST,2,193,1,1,0.008199486607982462
CREATOR,SIG_GHOST,2,194,1,1,0.008134252751441483
CREATOR,SIG_GHOST,2,195,1,1,0.08446168529925678
CREATOR,SIG_GHOST,2,196,1,1,0.09868586985125012
CREATOR,SIG_GHOST,2,197,1,1,0.0012813861371222075
CREATOR,SIG_GHOST,2,198,1,1,0.0002769637826680678
CREATOR,SIG_GHOST,2,199,1,1,0.0012122597287844731
CREATOR,SIG_GHOST,3,0,1,1,0.0037558093119671445
CREATOR,SIG_GHOST,3,1,1,1,0.002301615744935019
CREATOR,SIG_GHOST,3,2,1,1,0.10250524225620168
CREATOR,SIG_GHOST,3,3,1,1,0.002463639387305527
CREATOR,SIG_GHOST,3,4,1,1,0.08444898677807162
CREATOR,SIG_GHOST,3,5,1,1,0.07133013389364924
CREATOR,SIG_GHOST,3,6,1,1,0.0031381456887922907
CREATOR,SIG_GHOST,3,7,1,1,0.009797224785878328
CREATOR,SIG_GHOST,3,8,1,1,0.7902740469411843
CREATOR,SIG_GHOST,3,9,1,1,0.15988729385195752
CREATOR,SIG_GHOST,3,10,1,1,0.15405328720912387
CREATOR,SIG_GHOST,3,11,1,1,0.002806130150272608
CREATOR,SIG_GHOST,3,12,1,1,0.4423140775730625
CREATOR,SIG_GHOST,3,13,1,1,0.0002685436760743376
CREATOR,SIG_GHOST,3,14,1,1,0.003602807348484584
CREATOR,SIG_GHOST,3,15,1,1,0.44490779691125304
CREATOR,SIG_GHOST,3,16,1,1,0.0346158335706008
CREATOR,SIG_GHOST,3,17,1,1,0.03381121188870545
CREATOR,SIG_GHOST,3,18,1,1,0.0009931652441776734
CREATOR,SIG_GHOST,3,19,1,1,0.0013525075361234058
CREATOR,SIG_GHOST,3,20,1,1,0.13117281452389357
CREATOR,SIG_GHOST,3,21,1,1,0.022509581872532235
CREATOR,SIG_GHOST,3,22,1,1,0.0011385657851110753
CREATOR,SIG_GHOST,3,23,1,1,0.004816168044374369
CREATOR,SIG_GHOST,3,24,1,1,0.013202245433783334
CREATOR,SIG_GHOST,3,25,1,1,0.00834692414435564
CREATOR,SIG_GHOST,3,26,1,1,0.0043511143128753
CREATOR,SIG_GHOST,3,27,1,1,0.013028468766124816
CREATOR,SIG_GHOST,3,28,1,1,0.03139402958529712
CREATOR,SIG_GHOST,3,29,1,1,0.04428010429169034
CREATOR,SIG_GHOST,3,30,1,1,0.27252327279780886
CREATOR,SIG_GHOST,3,31,1,1,0.05184151060412082
CREATOR,SIG_GHOST,3,32,1,1,0.07225021679707823
CREATOR,SIG_GHOST,3,33,1,1,0.005018981302891004
CREATOR,SIG_GHOST,3,34,1,1,0.05538965509854987
CREATOR,SIG_GHOST,3,35,1,1,0.03434550745467417
CREATOR,SIG_GHOST,3,36,1,1,0.0012140176189413933
CREATOR,SIG_GHOST,3,37,1,1,0.015529781328057317
CREATOR,SIG_GHOST,3,38,1,1,0.05498587531984163
CREATOR,SIG_GHOST,3,39,1,1,1.097151342718636
CREATOR,SIG_GHOST,3,40,1,1,0.13978620321934598
CREATOR,SIG_GHOST,3,41,1,1,0.004212335457575861
CREATOR,SIG_GHOST,3,42,1,1,0.015178459902835922
CREATOR,SIG_GHOST,3,43,1,1,0.000890108937921398
CREATOR,SIG_GHOST,3,44,1,1,0.10539360680590484
CREATOR,SIG_GHOST,3,45,1,1,0.0014000213973103907
CREATOR,SIG_GHOST,3,46,1,1,0.004457045334617774
CREATOR,SIG_GHOST,3,47,1,1,0.004053008866355563
CREATOR,SIG_GHOST,3,48,1,1,0.0033787494021284108
CREATOR,SIG_GHOST,3,49,1,1,0.10539951079449399
CREATOR,SIG_GHOST,3,50,1,1,0.20025991085662
CREATOR,SIG_GHOST,3,51,1,1,0.01394395956591902
CREATOR,SIG_GHOST,3,52,1,1,0.11880360970930695
CREATOR,SIG_GHOST,3,53,1,1,0.012296153230903578
CREATOR,SIG_GHOST,3,54,1,1,0.036830846160046976
CREATOR,SIG_GHOST,3,55,1,1,0.00040852980418401043
CREATOR,SIG_GHOST,3,56,1,1,0.0011315995080552082
CREATOR,SIG_GHOST,3,57,1,1,0.0033299564111420312
CREATOR,SIG_GHOST,3,58,1,1,0.7357932906301491
CREATOR,SIG_GHOST,3,59,1,1,0.00323321197010042
CREATOR,SIG_GHOST,3,60,1,1,0.027615010016576215
CREATOR,SIG_GHOST,3,61,1,1,0.05234246665229543
CREATOR,SIG_GHOST,3,62,1,1,0.0014193293827934276
CREATOR,SIG_GHOST,3,63,1,1,0.5308572745518828
CREATOR,SIG_GHOST,3,64,1,1,0.10474149678306141
CREATOR,SIG_GHOST,3,65,1,1,0.014217556287357167
CREATOR,SIG_GHOST,3,66,1,1,0.4708192621144912
CREATOR,SIG_GHOST,3,67,1,1,0.012384998732232925
CREATOR,SIG_GHOST,3,68,1,1,0.028987394159213704
CREATOR,SIG_GHOST,3,69,1,1,0.010779953910300004
CREATOR,SIG_GHOST,3,70,1,1,0.040531174670534825
CREATOR,SIG_GHOST,3,71,1,1,0.2674006874547118
CREATOR,SIG_GHOST,3,72,1,1,0.0044155126363955655
CREATOR,SIG_GHOST,3,73,1,1,0.0005653283129377774
CREATOR,SIG_GHOST,3,74,1,1,0.003078752880847146
CREATOR,SIG_GHOST,3,75,1,1,0.07085503705441201
CREATOR,SIG_GHOST,3,76,1,1,0.0010545315802041196
CREATOR,SIG_GHOST,3,77,1,1,0.08944403774301043
CREATOR,SIG_GHOST,3,78,1,1,0.04534722223688557
CREATOR,SIG_GHOST,3,79,1,1,0.15871604267548817
CREATOR,SIG_GHOST,3,80,1,1,0.02487590925601708
CREATOR,SIG_GHOST,3,81,1,1,0.04529301094254917
CREATOR,SIG_GHOST,3,82,1,1,0.00013446720341322204
CREATOR,SIG_GHOST,3,83,1,1,0.012352522891756045
CREATOR,SIG_GHOST,3,84,1,1,0.010913420640738768
CREATOR,SIG_GHOST,3,85,1,1,0.000877654919075549
CREATOR,SIG_GHOST,3,86,1,1,0.8586214901322579
CREATOR,SIG_GHOST,3,87,1,1,0.0123932777183323
CREATOR,SIG_GHOST,3,88,1,1,0.015543601771404717
CREATOR,SIG_GHOST,3,89,1,1,0.012395066735023528
CREATOR,SIG_GHOST,3,90,1,1,0.0013946271433270662
CREATOR,SIG_GHOST,3,91,1,1,0.149550237776907
CREATOR,SIG_GHOST,3,92,1,1,0.01030961392793547
CREATOR,SIG_GHOST,3,93,1,1,0.04331943157793501
CREATOR,SIG_GHOST,3,94,1,1,0.5020637157464849
CREATOR,SIG_GHOST,3,95,1,1,0.04364464909711831
CREATOR,SIG_GHOST,3,96,1,1,0.01132557529290867
CREATOR,SIG_GHOST,3,97,1,1,0.004212546928257497
CREATOR,SIG_GHOST,3,98,1,1,0.0038611983267958193
CREATOR,SIG_GHOST,3,99,1,1,0.27028890541810513
CREATOR,SIG_GHOST,3,100,1,1,0.07951148444374545
CREATOR,SIG_GHOST,3,101,1,1,0.013714502724442218
CREATOR,SIG_GHOST,3,102,1,1,0.3828174521319062
CREATOR,SIG_GHOST,3,103,1,1,0.02835394062636562
CREATOR,SIG_GHOST,3,104,1,1,0.005762802741573233
CREATOR,SIG_GHOST,3,105,1,1,0.0011886105590845212
CREATOR,SIG_GHOST,3,106,1,1,0.011336483782996728
CREATOR,SIG_GHOST,3,107,1,1,0.013639436374205246
CREATOR,SIG_GHOST,3,108,1,1,0.0043915817970337865
CREATOR,SIG_GHOST,3,109,1,1,0.003846923248734181
CREATOR,SIG_GHOST,3,110,1,1,0.05442292130416393
CREATOR,SIG_GHOST,3,111,1,1,0.006738856528390364
CREATOR,SIG_GHOST,3,112,1,1,0.2590221327602015
CREATOR,SIG_GHOST,3,113,1,1,0.0045474733445408505
CREATOR,SIG_GHOST,3,114,1,1,0.0008148598729364864
CREATOR,SIG_GHOST,3,115,1,1,0.002622113864187348
CREATOR,SIG_GHOST,3,116,1,1,0.02953502074560996
CREATOR,SIG_GHOST,3,117,1,1,0.0376845700604562
CREATOR,SIG_GHOST,3,118,1,1,0.021345115503809003
CREATOR,SIG_GHOST,3,119,1,1,0.017560291433406296
CREATOR,SIG_GHOST,3,120,1,1,0.007210442837996065
CREATOR,SIG_GHOST,3,121,1,1,0.029463679993497936
CREATOR,SIG_GHOST,3,122,1,1,0.001976684114366336
CREATOR,SIG_GHOST,3,123,1,1,0.01660678374413539
CREATOR,SIG_GHOST,3,124,1,1,0.000442133674992738
CREATOR,SIG_GHOST,3,125,1,1,0.33588319752580004
CREATOR,SIG_GHOST,3,126,1,1,0.041232749027050125
CREATOR,SIG_GHOST,3,127,1,1,0.04052825935970753
CREATOR,SIG_GHOST,3,128,1,1,0.038954073331841206
CREATOR,SIG_GHOST,3,129,1,1,0.017758214176062697
CREATOR,SIG_GHOST,3,130,1,1,0.6037523093373542
CREATOR,SIG_GHOST,3,131,1,1,0.26328768684160814
CREATOR,SIG_GHOST,3,132,1,1,0.05233333984456725
CREATOR,SIG_GHOST,3,133,1,1,0.04371455540059224
CREATOR,SIG_GHOST,3,134,1,1,0.0008455911628992256
CREATOR,SIG_GHOST,3,135,1,1,0.14996144263061456
CREATOR,SIG_GHOST,3,136,1,1,0.038780506345443
CREATOR,SIG_GHOST,3,137,1,1,0.04768753842999515
CREATOR,SIG_GHOST,3,138,1,1,0.004884290892296439
CREATOR,SIG_GHOST,3,139,1,1,0.005125002812876561
CREATOR,SIG_GHOST,3,140,1,1,0.00037286801857316465
CREATOR,SIG_GHOST,3,141,1,1,0.007832677044237672
CREATOR,SIG_GHOST,3,142,1,1,0.033531229755804415
CREATOR,SIG_GHOST,3,143,1,1,0.14136013047150736
CREATOR,SIG_GHOST,3,144,1,1,0.17282858593722839
CREATOR,SIG_GHOST,3,145,1,1,0.029178390070512476
CREATOR,SIG_GHOST,3,146,1,1,0.0003210988465109196
CREATOR,SIG_GHOST,3,147,1,1,0.0011592605310045353
CREATOR,SIG_GHOST,3,148,1,1,0.01203558103369473
CREATOR,SIG_GHOST,3,149,1,1,0.0027543641960054393
CREATOR,SIG_GHOST,3,150,1,1,1.0737688945183776
CREATOR,SIG_GHOST,3,151,1,1,0.9369993847592795
CREATOR,SIG_GHOST,3,152,1,1,0.0002617272674028132
CREATOR,SIG_GHOST,3,153,1,1,0.015393136170320128
CREATOR,SIG_GHOST,3,154,1,1,0.053259233351642156
CREATOR,SIG_GHOST,3,155,1,1,0.01838460995145555
CREATOR,SIG_GHOST,3,156,1,1,0.052918235541761435
CREATOR,SIG_GHOST,3,157,1,1,0.046944878023656336
CREATOR,SIG_GHOST,3,158,1,1,0.5210132951942575
CREATOR,SIG_GHOST,3,159,1,1,0.09855859751564955
CREATOR,SIG_GHOST,3,160,1,1,0.01435184705972429
CREATOR,SIG_GHOST,3,161,1,1,0.0014776435124397387
CREATOR,SIG_GHOST,3,162,1,1,0.004682170454086977
CREATOR,SIG_GHOST,3,163,1,1,0.0004468807161365958
CREATOR,SIG_GHOST,3,164,1,1,0.0047427548188271945
CREATOR,SIG_GHOST,3,165,1,1,0.01348075022984908
CREATOR,SIG_GHOST,3,166,1,1,7.09577976584049e-05
CREATOR,SIG_GHOST,3,167,1,1,0.047252281800279364
CREATOR,SIG_GHOST,3,168,1,1,0.290104760931272
CREATOR,SIG_GHOST,3,169,1,1,0.0024530283911225756
CREATOR,SIG_GHOST,3,170,1,1,0.03637623738543134
CREATOR,SIG_GHOST,3,171,1,1,0.027511366986388223
CREATOR,SIG_GHOST,3,172,1,1,0.15680654643013275
CREATOR,SIG_GHOST,3,173,1,1,0.018550720785330918
CREATOR,SIG_GHOST,3,174,1,1,0.032680768531624514
CREATOR,SIG_GHOST,3,175,1,1,0.4143953733308492
CREATOR,SIG_GHOST,3,176,1,1,0.0050366771062858254
CREATOR,SIG_GHOST,3,177,1,1,0.02552019510102144
CREATOR,SIG_GHOST,3,178,1,1,0.148110635279408
CREATOR,SIG_GHOST,3,179,1,1,0.03488927324552582
CREATOR,SIG_GHOST,3,180,1,1,0.5184632557568103
CREATOR,SIG_GHOST,3,181,1,1,0.0036240307883044914
CREATOR,SIG_GHOST,3,182,1,1,0.0117075256208721
CREATOR,SIG_GHOST,3,183,1,1,0.038515883590671735
CREATOR,SIG_GHOST,3,184,1,1,0.0033776917281736793
CREATOR,SIG_GHOST,3,185,1,1,0.3186694566481104
CREATOR,SIG_GHOST,3,186,1,1,0.37515089972105503
CREATOR,SIG_GHOST,3,187,1,1,0.004411020791057976
CREATOR,SIG_GHOST,3,188,1,1,0.02665239751207967
CREATOR,SIG_GHOST,3,189,1,1,0.02067866250935257
CREATOR,SIG_GHOST,3,190,1,1,0.007132447201739805
CREATOR,SIG_GHOST,3,191,1,1,0.3308717583181379
CREATOR,SIG_GHOST,3,192,1,1,0.03962057179000709
CREATOR,SIG_GHOST,3,193,1,1,0.034618324675544626
CREATOR,SIG_GHOST,3,194,1,1,0.1413912396100393
CREATOR,SIG_GHOST,3,195,1,1,0.00847552624806678
CREATOR,SIG_GHOST,3,196,1,1,0.14514978720626043
CREATOR,SIG_GHOST,3,197,1,1,0.7591209145800687
CREATOR,SIG_GHOST,3,198,1,1,0.08832148862086975
CREATOR,SIG_GHOST,3,199,1,1,0.004337211697050947
CREATOR,SIG_GHOST,4,0,1,1,0.534411744253568
CREATOR,SIG_GHOST,4,1,1,1,0.017483876767963487
CREATOR,SIG_GHOST,4,2,1,1,0.0050799086163429985
CREATOR,SIG_GHOST,4,3,1,1,0.016347777504527154
CREATOR,SIG_GHOST,4,4,1,1,0.046861580471096696
CREATOR,SIG_GHOST,4,5,1,1,0.0517922296335555
CREATOR,SIG_GHOST,4,6,1,1,0.011152408921087171
CREATOR,SIG_GHOST,4,7,1,1,0.10089387554965173
CREATOR,SIG_GHOST,4,8,1,1,0.17151234299358822
CREATOR,SIG_GHOST,4,9,1,1,0.7697128730376845
CREATOR,SIG_GHOST,4,10,1,1,0.003718740083558979
CREATOR,SIG_GHOST,4,11,1,1,0.0004195453646590462
CREATOR,SIG_GHOST,4,12,1,1,0.4207680434384153
CREATOR,SIG_GHOST,4,13,1,1,0.03930303086854894
CREATOR,SIG_GHOST,4,14,1,1,0.0009786587157612542
CREATOR,SIG_GHOST,4,15,1,1,0.0010006401902495467
CREATOR,SIG_GHOST,4,16,1,1,0.1193728901670321
CREATOR,SIG_GHOST,4,17,1,1,0.15123051555812986
CREATOR,SIG_GHOST,4,18,1,1,0.08686612003654302
CREATOR,SIG_GHOST,4,19,1,1,0.01800357915053022
CREATOR,SIG_GHOST,4,20,1,1,0.0048600782275223815
CREATOR,SIG_GHOST,4,21,1,1,0.2632081321176782
CREATOR,SIG_GHOST,4,22,1,1,0.09417311707684255
CREATOR,SIG_GHOST,4,23,1,1,0.004521603213181224
CREATOR,SIG_GHOST,4,24,1,1,0.17990622412596574
CREATOR,SIG_GHOST,4,25,1,1,0.012215867958620445
CREATOR,SIG_GHOST,4,26,1,1,0.00797529260828754
CREATOR,SIG_GHOST,4,27,1,1,0.005133879416248977
CREATOR,SIG_GHOST,4,28,1,1,0.5582116253111666
CREATOR,SIG_GHOST,4,29,1,1,1.3244887955027072
CREATOR,SIG_GHOST,4,30,1,1,0.0036666832155703077
CREATOR,SIG_GHOST,4,31,1,1,0.0006841870247709465
CREATOR,SIG_GHOST,4,32,1,1,0.028591802824218304
CREATOR,SIG_GHOST,4,33,1,1,0.07665191447548195
CREATOR,SIG_GHOST,4,34,1,1,0.07631706192767508
CREATOR,SIG_GHOST,4,35,1,1,0.008492380902431661
CREATOR,SIG_GHOST,4,36,1,1,0.035526101725610465
CREATOR,SIG_GHOST,4,37,1,1,0.14151485788557422
CREATOR,SIG_GHOST,4,38,1,1,0.08355158980334103
CREATOR,SIG_GHOST,4,39,1,1,0.05785577876035342
CREATOR,SIG_GHOST,4,40,1,1,0.013496880919425715
CREATOR,SIG_GHOST,4,41,1,1,0.06432349165265194
CREATOR,SIG_GHOST,4,42,1,1,0.006371721546505105
CREATOR,SIG_GHOST,4,43,1,1,0.0035596729311056685
CREATOR,SIG_GHOST,4,44,1,1,0.09071967740285128
CREATOR,SIG_GHOST,4,45,1,1,0.005210635698996812
CREATOR,SIG_GHOST,4,46,1,1,0.26641059368373876
CREATOR,SIG_GHOST,4,47,1,1,0.0033823983417077207
CREATOR,SIG_GHOST,4,48,1,1,0.004940379890832135
CREATOR,SIG_GHOST,4,49,1,1,0.01993132510532362
CREATOR,SIG_GHOST,4,50,1,1,0.004532289824914535
CREATOR,SIG_GHOST,4,51,1,1,0.31138755698331266
CREATOR,SIG_GHOST,4,52,1,1,0.10401855943102731
CREATOR,SIG_GHOST,4,53,1,1,0.005118005312077935
CREATOR,SIG_GHOST,4,54,1,1,0.16179366977283713
CREATOR,SIG_GHOST,4,55,1,1,0.0002714869697145221
CREATOR,SIG_GHOST,4,56,1,1,0.16366274764212224
CREATOR,SIG_GHOST,4,57,1,1,0.005482584701716196
CREATOR,SIG_GHOST,4,58,1,1,0.06253757167475793
CREATOR,SIG_GHOST,4,59,1,1,0.008389434686639784
CREATOR,SIG_GHOST,4,60,1,1,0.04557277651798506
CREATOR,SIG_GHOST,4,61,1,1,0.010315624762875366
CREATOR,SIG_GHOST,4,62,1,1,0.047456697231689014
CREATOR,SIG_GHOST,4,63,1,1,0.09300735557017614
CREATOR,SIG_GHOST,4,64,1,1,0.013172777989964139
CREATOR,SIG_GHOST,4,65,1,1,0.015089483938948324
CREATOR,SIG_GHOST,4,66,1,1,0.01597296739914572
CREATOR,SIG_GHOST,4,67,1,1,0.2132488223832683
CREATOR,SIG_GHOST,4,68,1,1,0.02596551643374135
CREATOR,SIG_GHOST,4,69,1,1,0.14355985995284934
CREATOR,SIG_GHOST,4,70,1,1,0.0014707348824619978
CREATOR,SIG_GHOST,4,71,1,1,0.5236985317966537
CREATOR,SIG_GHOST,4,72,1,1,0.016977609295984845
CREATOR,SIG_GHOST,4,73,1,1,0.005126821753718444
CREATOR,SIG_GHOST,4,74,1,1,0.1157277611158634
CREATOR,SIG_GHOST,4,75,1,1,0.01078526591779302
CREATOR,SIG_GHOST,4,76,1,1,0.002456589319848934
CREATOR,SIG_GHOST,4,77,1,1,0.04162609954034964
CREATOR,SIG_GHOST,4,78,1,1,0.04831242172237628
CREATOR,SIG_GHOST,4,79,1,1,0.14007815962883996
CREATOR,SIG_GHOST,4,80,1,1,0.02091146587655144
CREATOR,SIG_GHOST,4,81,1,1,0.051997237395197
CREATOR,SIG_GHOST,4,82,1,1,0.11447189304202185
CREATOR,SIG_GHOST,4,83,1,1,0.1891407371506199
CREATOR,SIG_GHOST,4,84,1,1,0.0003838132695753563
CREATOR,SIG_GHOST,4,85,1,1,0.04701126091729646
CREATOR,SIG_GHOST,4,86,1,1,0.08262997127349017
CREATOR,SIG_GHOST,4,87,1,1,0.00040594401497822633
CREATOR,SIG_GHOST,4,88,1,1,0.13323109237400246
CREATOR,SIG_GHOST,4,89,1,1,0.0348925450460943
CREATOR,SIG_GHOST,4,90,1,1,0.15225736882187982
CREATOR,SIG_GHOST,4,91,1,1,0.010487143567903912
CREATOR,SIG_GHOST,4,92,1,1,0.005178211678730468
CREATOR,SIG_GHOST,4,93,1,1,0.4896229531158293
CREATOR,SIG_GHOST,4,94,1,1,0.3948874891369907
CREATOR,SIG_GHOST,4,95,1,1,0.01699709046018634
CREATOR,SIG_GHOST,4,96,1,1,0.2566523004779358
CREATOR,SIG_GHOST,4,97,1,1,0.10949658050143832
CREATOR,SIG_GHOST,4,98,1,1,0.0036240353028625886
CREATOR,SIG_GHOST,4,99,1,1,0.44556043823188
CREATOR,SIG_GHOST,4,100,1,1,0.01909220438552997
CREATOR,SIG_GHOST,4,101,1,1,0.0027507420574084404
CREATOR,SIG_GHOST,4,102,1,1,0.01599409976407084
CREATOR,SIG_GHOST,4,103,1,1,0.0009948685638114312
CREATOR,SIG_GHOST,4,104,1,1,0.012597377968975327
CREATOR,SIG_GHOST,4,105,1,1,0.09448482584580425
CREATOR,SIG_GHOST,4,106,1,1,0.11370401419525632
CREATOR,SIG_GHOST,4,107,1,1,0.012786596466999665
CREATOR,SIG_GHOST,4,108,1,1,0.17479990214302665
CREATOR,SIG_GHOST,4,109,1,1,0.01568522126274559
CREATOR,SIG_GHOST,4,110,1,1,0.046395310722711074
CREATOR,SIG_GHOST,4,111,1,1,0.002423873508111754
CREATOR,SIG_GHOST,4,112,1,1,0.04536361491259184
CREATOR,SIG_GHOST,4,113,1,1,0.9329764177392033
CREATOR,SIG_GHOST,4,114,1,1,0.05482401430200101
CREATOR,SIG_GHOST,4,115,1,1,0.0011394099349618647
CREATOR,SIG_GHOST,4,116,1,1,0.004386270540885093
CREATOR,SIG_GHOST,4,117,1,1,0.047254062466518074
CREATOR,SIG_GHOST,4,118,1,1,0.0465858641198029
CREATOR,SIG_GHOST,4,119,1,1,0.023859884994703026
CREATOR,SIG_GHOST,4,120,1,1,0.1789286007303472
CREATOR,SIG_GHOST,4,121,1,1,0.011209013042748359
CREATOR,SIG_GHOST,4,122,1,1,0.0011409095139853853
CREATOR,SIG_GHOST,4,123,1,1,0.2625932696181576
CREATOR,SIG_GHOST,4,124,1,1,0.09721284482883766
CREATOR,SIG_GHOST,4,125,1,1,0.01720720892421084
CREATOR,SIG_GHOST,4,126,1,1,0.2788591837183297
CREATOR,SIG_GHOST,4,127,1,1,0.004800308235952129
CREATOR,SIG_GHOST,4,128,1,1,0.051241235467581636
CREATOR,SIG_GHOST,4,129,1,1,0.004993888272839205
CREATOR,SIG_GHOST,4,130,1,1,0.04894545706152145
CREATOR,SIG_GHOST,4,131,1,1,0.02990817842277983
CREATOR,SIG_GHOST,4,132,1,1,0.0037271736084256617
CREATOR,SIG_GHOST,4,133,1,1,0.0038631592115871134
CREATOR,SIG_GHOST,4,134,1,1,0.04713135289734819
CREATOR,SIG_GHOST,4,135,1,1,0.0011182182270918152
CREATOR,SIG_GHOST,4,136,1,1,0.008062748788677212
CREATOR,SIG_GHOST,4,137,1,1,0.015305810305630288
CREATOR,SIG_GHOST,4,138,1,1,0.05114320006452544
CREATOR,SIG_GHOST,4,139,1,1,0.05040630138137332
CREATOR,SIG_GHOST,4,140,1,1,0.013497882952356636
CREATOR,SIG_GHOST,4,141,1,1,0.05441731020370053
CREATOR,SIG_GHOST,4,142,1,1,0.0017555319276865763
CREATOR,SIG_GHOST,4,143,1,1,0.21230085981615565
CREATOR,SIG_GHOST,4,144,1,1,0.049985019811170435
CREATOR,SIG_GHOST,4,145,1,1,0.10502159172756058
CREATOR,SIG_GHOST,4,146,1,1,0.0011786241930096992
CREATOR,SIG_GHOST,4,147,1,1,0.14190186078267214
CREATOR,SIG_GHOST,4,148,1,1,0.0027179536079780043
CREATOR,SIG_GHOST,4,149,1,1,0.01304101936309858
CREATOR,SIG_GHOST,4,150,1,1,0.0037648136188945937
CREATOR,SIG_GHOST,4,151,1,1,0.013062468390822052
CREATOR,SIG_GHOST,4,152,1,1,0.00043794904159076857
CREATOR,SIG_GHOST,4,153,1,1,0.445287680225566
CREATOR,SIG_GHOST,4,154,1,1,0.000330293028416298
CREATOR,SIG_GHOST,4,155,1,1,0.05249811384167792
CREATOR,SIG_GHOST,4,156,1,1,0.004882833166080606
CREATOR,SIG_GHOST,4,157,1,1,0.2749374090884707
CREATOR,SIG_GHOST,4,158,1,1,0.1513559269589922
CREATOR,SIG_GHOST,4,159,1,1,0.0036752816285231427
CREATOR,SIG_GHOST,4,160,1,1,0.00709277698086585
CREATOR,SIG_GHOST,4,161,1,1,0.36917638167224565
CREATOR,SIG_GHOST,4,162,1,1,0.15214573756429642
CREATOR,SIG_GHOST,4,163,1,1,0.003339658140690824
CREATOR,SIG_GHOST,4,164,1,1,0.2652130025750332
CREATOR,SIG_GHOST,4,165,1,1,0.04650611767810023
CREATOR,SIG_GHOST,4,166,1,1,0.28726340919831067
CREATOR,SIG_GHOST,4,167,1,1,0.0012087853682361442
CREATOR,SIG_GHOST,4,168,1,1,0.02641101124793555
CREATOR,SIG_GHOST,4,169,1,1,0.03744309971407813
CREATOR,SIG_GHOST,4,170,1,1,0.007598819076270435
CREATOR,SIG_GHOST,4,171,1,1,0.007242460072144085
CREATOR,SIG_GHOST,4,172,1,1,0.10825074729087747
CREATOR,SIG_GHOST,4,173,1,1,0.0010097225100233623
CREATOR,SIG_GHOST,4,174,1,1,0.0233102036176113
CREATOR,SIG_GHOST,4,175,1,1,0.001400112760301633
CREATOR,SIG_GHOST,4,176,1,1,0.04800969076999496
CREATOR,SIG_GHOST,4,177,1,1,0.046082563602067035
CREATOR,SIG_GHOST,4,178,1,1,0.0014949814179375698
CREATOR,SIG_GHOST,4,179,1,1,0.090341046215398
CREATOR,SIG_GHOST,4,180,1,1,0.11477991323511483
CREATOR,SIG_GHOST,4,181,1,1,0.0046983631125175045
CREATOR,SIG_GHOST,4,182,1,1,0.16369595191247233
CREATOR,SIG_GHOST,4,183,1,1,0.0183716913918844
CREATOR,SIG_GHOST,4,184,1,1,0.08835993893426139
CREATOR,SIG_GHOST,4,185,1,1,0.0008421980524607975
CREATOR,SIG_GHOST,4,186,1,1,0.014132887654751236
CREATOR,SIG_GHOST,4,187,1,1,0.09806846385398894
CREATOR,SIG_GHOST,4,188,1,1,0.4982360629251638
CREATOR,SIG_GHOST,4,189,1,1,0.10792280002165994
CREATOR,SIG_GHOST,4,190,1,1,0.0003632925289097237
CREATOR,SIG_GHOST,4,191,1,1,0.0432323023308674
CREATOR,SIG_GHOST,4,192,1,1,0.04419330396181003
CREATOR,SIG_GHOST,4,193,1,1,0.0018896857463662068
CREATOR,SIG_GHOST,4,194,1,1,0.01608574957391372
CREATOR,SIG_GHOST,4,195,1,1,0.05182554041304878
CREATOR,SIG_GHOST,4,196,1,1,0.025946924533280118
CREATOR,SIG_GHOST,4,197,1,1,0.044483083428601064
CREATOR,SIG_GHOST,4,198,1,1,0.01691662506862248
CREATOR,SIG_GHOST,4,199,1,1,0.3906191112180767
CREATOR,SIG_GHOST,5,0,1,1,0.010425077169138645
CREATOR,SIG_GHOST,5,1,1,1,0.07120909918706073
CREATOR,SIG_GHOST,5,2,1,1,0.12389433190576372
CREATOR,SIG_GHOST,5,3,1,1,0.43505259668564017
CREATOR,SIG_GHOST,5,4,1,1,0.012368514824055172
CREATOR,SIG_GHOST,5,5,1,1,0.001374727640820188
CREATOR,SIG_GHOST,5,6,1,1,0.01808248004418331
CREATOR,SIG_GHOST,5,7,1,1,0.8898003155443965
CREATOR,SIG_GHOST,5,8,1,1,0.00955162098197682
CREATOR,SIG_GHOST,5,9,1,1,0.013122675640344594
CREATOR,SIG_GHOST,5,10,1,1,0.2155298584508344
CREATOR,SIG_GHOST,5,11,1,1,0.2596409882025031
CREATOR,SIG_GHOST,5,12,1,1,0.0047521676040876955
CREATOR,SIG_GHOST,5,13,1,1,0.018477315580957998
CREATOR,SIG_GHOST,5,14,1,1,0.03140964656881177
CREATOR,SIG_GHOST,5,15,1,1,0.8215228797209326
CREATOR,SIG_GHOST,5,16,1,1,0.01522147328504935
CREATOR,SIG_GHOST,5,17,1,1,0.287417538207116
CREATOR,SIG_GHOST,5,18,1,1,0.04463717738841569
CREATOR,SIG_GHOST,5,19,1,1,0.02256042671772409
CREATOR,SIG_GHOST,5,20,1,1,0.03734007556846951
CREATOR,SIG_GHOST,5,21,1,1,0.06913427307506685
CREATOR,SIG_GHOST,5,22,1,1,0.005250334124742969
CREATOR,SIG_GHOST,5,23,1,1,0.002757497624649354
CREATOR,SIG_GHOST,5,24,1,1,0.00361908026632858
CREATOR,SIG_GHOST,5,25,1,1,0.003548551485151951
CREATOR,SIG_GHOST,5,26,1,1,0.43274211703379845
CREATOR,SIG_GHOST,5,27,1,1,0.014837444786769582
CREATOR,SIG_GHOST,5,28,1,1,0.2766078642346729
CREATOR,SIG_GHOST,5,29,1,1,0.016672663036316978
CREATOR,SIG_GHOST,5,30,1,1,0.008409271205805745
CREATOR,SIG_GHOST,5,31,1,1,0.012592676703917734
CREATOR,SIG_GHOST,5,32,1,1,0.04355891092215057
CREATOR,SIG_GHOST,5,33,1,1,0.010633281448640139
CREATOR,SIG_GHOST,5,34,1,1,0.01703886630528361
CREATOR,SIG_GHOST,5,35,1,1,0.04473428904250922
CREATOR,SIG_GHOST,5,36,1,1,0.2899687920523786
CREATOR,SIG_GHOST,5,37,1,1,0.01618563594148133
CREATOR,SIG_GHOST,5,38,1,1,0.015502889185725755
CREATOR,SIG_GHOST,5,39,1,1,0.02352163080170776
CREATOR,SIG_GHOST,5,40,1,1,0.004775156506937699
CREATOR,SIG_GHOST,5,41,1,1,0.0013525804244764945
CREATOR,SIG_GHOST,5,42,1,1,0.0015289405173187084
CREATOR,SIG_GHOST,5,43,1,1,0.0029790074110322
CREATOR,SIG_GHOST,5,44,1,1,0.0984562161352647
CREATOR,SIG_GHOST,5,45,1,1,0.0015120388581115374
CREATOR,SIG_GHOST,5,46,1,1,0.42092822886556797
CREATOR,SIG_GHOST,5,47,1,1,0.009834591331348008
CREATOR,SIG_GHOST,5,48,1,1,0.09967690878316655
CREATOR,SIG_GHOST,5,49,1,1,0.5600748887181596
CREATOR,SIG_GHOST,5,50,1,1,0.01381460965712776
CREATOR,SIG_GHOST,5,51,1,1,0.030572524634676287
CREATOR,SIG_GHOST,5,52,1,1,0.39856722511208853
CREATOR,SIG_GHOST,5,53,1,1,0.0011995722820404685
CREATOR,SIG_GHOST,5,54,1,1,0.023463169790115677
CREATOR,SIG_GHOST,5,55,1,1,0.008237820063638351
CREATOR,SIG_GHOST,5,56,1,1,0.0536323820477493
CREATOR,SIG_GHOST,5,57,1,1,0.0013064467527608575
CREATOR,SIG_GHOST,5,58,1,1,0.0015156120114617473
CREATOR,SIG_GHOST,5,59,1,1,0.017332607743410288
CREATOR,SIG_GHOST,5,60,1,1,0.003146998550469655
CREATOR,SIG_GHOST,5,61,1,1,0.3702336989605299
CREATOR,SIG_GHOST,5,62,1,1,0.1514731748806664
CREATOR,SIG_GHOST,5,63,1,1,0.004231416391139035
CREATOR,SIG_GHOST,5,64,1,1,0.002953528047516989
CREATOR,SIG_GHOST,5,65,1,1,0.0014088837821447627
CREATOR,SIG_GHOST,5,66,1,1,0.003474200193095322
CREATOR,SIG_GHOST,5,67,1,1,0.0012763899782623316
CREATOR,SIG_GHOST,5,68,1,1,0.006853623082034364
CREATOR,SIG_GHOST,5,69,1,1,0.0025219013900874654
CREATOR,SIG_GHOST,5,70,1,1,0.03356695426720284
CREATOR,SIG_GHOST,5,71,1,1,0.0316019817863014
CREATOR,SIG_GHOST,5,72,1,1,0.009342935036097998
CREATOR,SIG_GHOST,5,73,1,1,0.036252922830310744
CREATOR,SIG_GHOST,5,74,1,1,0.005062269115249503
CREATOR,SIG_GHOST,5,75,1,1,0.0030608671432986677
CREATOR,SIG_GHOST,5,76,1,1,0.08229336629375492
CREATOR,SIG_GHOST,5,77,1,1,0.0005222562776175791
CREATOR,SIG_GHOST,5,78,1,1,0.023308112782309258
CREATOR,SIG_GHOST,5,79,1,1,0.003073371792886355
CREATOR,SIG_GHOST,5,80,1,1,0.019519392560147186
CREATOR,SIG_GHOST,5,81,1,1,0.04162824097219817
CREATOR,SIG_GHOST,5,82,1,1,0.01109280980987297
CREATOR,SIG_GHOST,5,83,1,1,0.004357840209957115
CREATOR,SIG_GHOST,5,84,1,1,0.01331715962396732
CREATOR,SIG_GHOST,5,85,1,1,0.008433528475688151
CREATOR,SIG_GHOST,5,86,1,1,0.2390073640461537
CREATOR,SIG_GHOST,5,87,1,1,0.003479989297228553
CREATOR,SIG_GHOST,5,88,1,1,0.47876561857844335
CREATOR,SIG_GHOST,5,89,1,1,0.6011705423980205
CREATOR,SIG_GHOST,5,90,1,1,0.02738461695381858
CREATOR,SIG_GHOST,5,91,1,1,0.03464460416964412
CREATOR,SIG_GHOST,5,92,1,1,0.09666935482486352
CREATOR,SIG_GHOST,5,93,1,1,0.0052738194831869565
CREATOR,SIG_GHOST,5,94,1,1,0.004649313508021715
CREATOR,SIG_GHOST,5,95,1,1,0.004839048140239747
CREATOR,SIG_GHOST,5,96,1,1,0.0011458774627042987
CREATOR,SIG_GHOST,5,97,1,1,0.34283847541403695
CREATOR,SIG_GHOST,5,98,1,1,0.0020382304743749385
CREATOR,SIG_GHOST,5,99,1,1,0.06212698457724149
CREATOR,SIG_GHOST,5,100,1,1,0.0013792192608346903
CREATOR,SIG_GHOST,5,101,1,1,0.0875224493444808
CREATOR,SIG_GHOST,5,102,1,1,0.10433316677367538
CREATOR,SIG_GHOST,5,103,1,1,0.27457386873727263
CREATOR,SIG_GHOST,5,104,1,1,0.014998004162340393
CREATOR,SIG_GHOST,5,105,1,1,0.015567030834258994
CREATOR,SIG_GHOST,5,106,1,1,0.00040051595197173657
CREATOR,SIG_GHOST,5,107,1,1,0.04487665243421468
CREATOR,SIG_GHOST,5,108,1,1,0.275246377711847
CREATOR,SIG_GHOST,5,109,1,1,0.002633878068535668
CREATOR,SIG_GHOST,5,110,1,1,0.010720740326621576
CREATOR,SIG_GHOST,5,111,1,1,0.2543549780223759
CREATOR,SIG_GHOST,5,112,1,1,0.0012843277277811084
CREATOR,SIG_GHOST,5,113,1,1,0.12065177033057572
CREATOR,SIG_GHOST,5,114,1,1,0.017433233605087438
CREATOR,SIG_GHOST,5,115,1,1,0.0875838206316191
CREATOR,SIG_GHOST,5,116,1,1,0.009779057823576763
CREATOR,SIG_GHOST,5,117,1,1,0.045187738733417575
CREATOR,SIG_GHOST,5,118,1,1,0.0591781361342357
CREATOR,SIG_GHOST,5,119,1,1,0.005298053077252099
CREATOR,SIG_GHOST,5,120,1,1,0.009930434236431852
CREATOR,SIG_GHOST,5,121,1,1,0.8942256340098991
CREATOR,SIG_GHOST,5,122,1,1,0.0009216253351164679
CREATOR,SIG_GHOST,5,123,1,1,0.046235494002175664
CREATOR,SIG_GHOST,5,124,1,1,0.01570680282938167
CREATOR,SIG_GHOST,5,125,1,1,0.12727765900455107
CREATOR,SIG_GHOST,5,126,1,1,0.0030131198677309386
CREATOR,SIG_GHOST,5,127,1,1,0.10124793472775338
CREATOR,SIG_GHOST,5,128,1,1,0.1519175394685639
CREATOR,SIG_GHOST,5,129,1,1,0.018305810348478432
CREATOR,SIG_GHOST,5,130,1,1,0.024476223454998912
CREATOR,SIG_GHOST,5,131,1,1,0.011098463541374073
CREATOR,SIG_GHOST,5,132,1,1,0.027682565908363085
CREATOR,SIG_GHOST,5,133,1,1,0.8453554029031844
CREATOR,SIG_GHOST,5,134,1,1,0.0013737149049640799
CREATOR,SIG_GHOST,5,135,1,1,0.00934626525011376
CREATOR,SIG_GHOST,5,136,1,1,0.11472855569866211
CREATOR,SIG_GHOST,5,137,1,1,0.01157578407797345
CREATOR,SIG_GHOST,5,138,1,1,0.008223281705703748
CREATOR,SIG_GHOST,5,139,1,1,0.08759519559111122
CREATOR,SIG_GHOST,5,140,1,1,0.00036241856154854186
CREATOR,SIG_GHOST,5,141,1,1,0.003072181291794978
CREATOR,SIG_GHOST,5,142,1,1,0.03184772343431477
CREATOR,SIG_GHOST,5,143,1,1,0.0050228008320882195
CREATOR,SIG_GHOST,5,144,1,1,0.005024822611845528
CREATOR,SIG_GHOST,5,145,1,1,0.03038099829638402
CREATOR,SIG_GHOST,5,146,1,1,0.20720575344588388
CREATOR,SIG_GHOST,5,147,1,1,0.412038087570518
CREATOR,SIG_GHOST,5,148,1,1,0.014175695596047528
CREATOR,SIG_GHOST,5,149,1,1,0.056670223468922545
CREATOR,SIG_GHOST,5,150,1,1,0.03156609088612851
CREATOR,SIG_GHOST,5,151,1,1,0.04126766642058623
CREATOR,SIG_GHOST,5,152,1,1,0.0011713633497141592
CREATOR,SIG_GHOST,5,153,1,1,0.04082453244762218
CREATOR,SIG_GHOST,5,154,1,1,0.004148435558289719
CREATOR,SIG_GHOST,5,155,1,1,0.0019787961156287085
CREATOR,SIG_GHOST,5,156,1,1,0.0015334674636768412
CREATOR,SIG_GHOST,5,157,1,1,0.23882458541967477
CREATOR,SIG_GHOST,5,158,1,1,0.07389902504947446
CREATOR,SIG_GHOST,5,159,1,1,0.041017418922470426
CREATOR,SIG_GHOST,5,160,1,1,0.10003697954802639
CREATOR,SIG_GHOST,5,161,1,1,0.005700766911463343
CREATOR,SIG_GHOST,5,162,1,1,0.0035289110708577372
CREATOR,SIG_GHOST,5,163,1,1,0.03126976286796298
CREATOR,SIG_GHOST,5,164,1,1,1.1526794704248555
CREATOR,SIG_GHOST,5,165,1,1,0.01640351121083891
CREATOR,SIG_GHOST,5,166,1,1,0.06427999561358853
CREATOR,SIG_GHOST,5,167,1,1,0.16707531253123975
CREATOR,SIG_GHOST,5,168,1,1,0.016494426520652822
CREATOR,SIG_GHOST,5,169,1,1,0.012183724336084872
CREATOR,SIG_GHOST,5,170,1,1,0.31052430073047965
CREATOR,SIG_GHOST,5,171,1,1,6.896380797012957e-05
CREATOR,SIG_GHOST,5,172,1,1,0.02582115352014016
CREATOR,SIG_GHOST,5,173,1,1,0.004131624837124051
CREATOR,SIG_GHOST,5,174,1,1,0.01721118348619722
CREATOR,SIG_GHOST,5,175,1,1,0.03346488758693229
CREATOR,SIG_GHOST,5,176,1,1,0.0006165669153860122
CREATOR,SIG_GHOST,5,177,1,1,0.0013893861954902974
CREATOR,SIG_GHOST,5,178,1,1,0.23837299415308638
CREATOR,SIG_GHOST,5,179,1,1,0.028699985007152495
CREATOR,SIG_GHOST,5,180,1,1,0.07191114291230329
CREATOR,SIG_GHOST,5,181,1,1,0.0024300140368682956
CREATOR,SIG_GHOST,5,182,1,1,0.01319712990285998
CREATOR,SIG_GHOST,5,183,1,1,0.2773001770498935
CREATOR,SIG_GHOST,5,184,1,1,0.08645377088512855
CREATOR,SIG_GHOST,5,185,1,1,0.280978640387246
CREATOR,SIG_GHOST,5,186,1,1,0.052735253290961084
CREATOR,SIG_GHOST,5,187,1,1,0.0645513943270936
CREATOR,SIG_GHOST,5,188,1,1,0.027536067245286802
CREATOR,SIG_GHOST,5,189,1,1,0.018729852740189974
CREATOR,SIG_GHOST,5,190,1,1,0.014715220317586077
CREATOR,SIG_GHOST,5,191,1,1,0.015255074328762903
CREATOR,SIG_GHOST,5,192,1,1,0.0037566070101593884
CREATOR,SIG_GHOST,5,193,1,1,0.03332662372173294
CREATOR,SIG_GHOST,5,194,1,1,0.002555027356936105
CREATOR,SIG_GHOST,5,195,1,1,0.0008168694614938046
CREATOR,SIG_GHOST,5,196,1,1,0.002419644260770755
CREATOR,SIG_GHOST,5,197,1,1,0.157902969479009
CREATOR,SIG_GHOST,5,198,1,1,0.011828153279983024
CREATOR,SIG_GHOST,5,199,1,1,0.11613138278091006
CREATOR,SIG_GHOST,6,0,1,1,0.003468807252922974
CREATOR,SIG_GHOST,6,1,1,1,0.05285286629241369
CREATOR,SIG_GHOST,6,2,1,1,0.004563914342405864
CREATOR,SIG_GHOST,6,3,1,1,0.0021978244901342224
CREATOR,SIG_GHOST,6,4,1,1,0.017345058169433145
CREATOR,SIG_GHOST,6,5,1,1,0.1972531512009717
CREATOR,SIG_GHOST,6,6,1,1,0.0009766568084349867
CREATOR,SIG_GHOST,6,7,1,1,0.005596869703267179
CREATOR,SIG_GHOST,6,8,1,1,0.17880827446405884
CREATOR,SIG_GHOST,6,9,1,1,0.0002751321452051506
CREATOR,SIG_GHOST,6,10,1,1,0.012130516851876105
CREATOR,SIG_GHOST,6,11,1,1,0.012203607661985298
CREATOR,SIG_GHOST,6,12,1,1,0.003005658327301348
CREATOR,SIG_GHOST,6,13,1,1,0.020426563731667003
CREATOR,SIG_GHOST,6,14,1,1,0.0015607787386758476
CREATOR,SIG_GHOST,6,15,1,1,0.0005559988089190042
CREATOR,SIG_GHOST,6,16,1,1,0.19649333084735493
CREATOR,SIG_GHOST,6,17,1,1,0.8240495189312145
CREATOR,SIG_GHOST,6,18,1,1,0.011968011583716999
CREATOR,SIG_GHOST,6,19,1,1,0.10387668493386115
CREATOR,SIG_GHOST,6,20,1,1,0.11864419595440757
CREATOR,SIG_GHOST,6,21,1,1,0.012184205924418988
CREATOR,SIG_GHOST,6,22,1,1,0.00393012864949567
CREATOR,SIG_GHOST,6,23,1,1,0.026042834491950516
CREATOR,SIG_GHOST,6,24,1,1,0.10954094389824617
CREATOR,SIG_GHOST,6,25,1,1,0.03392763124291113
CREATOR,SIG_GHOST,6,26,1,1,0.23644434775847945
CREATOR,SIG_GHOST,6,27,1,1,0.007869335607630536
CREATOR,SIG_GHOST,6,28,1,1,0.26266010464885897
CREATOR,SIG_GHOST,6,29,1,1,0.013498393699565486
CREATOR,SIG_GHOST,6,30,1,1,0.0036201080603735364
CREATOR,SIG_GHOST,6,31,1,1,0.10663261021137056
CREATOR,SIG_GHOST,6,32,1,1,0.3329662186767669
CREATOR,SIG_GHOST,6,33,1,1,0.04066212383156168
CREATOR,SIG_GHOST,6,34,1,1,0.014238203181980125
CREATOR,SIG_GHOST,6,35,1,1,0.580661950808639
CREATOR,SIG_GHOST,6,36,1,1,0.05506002222206022
CREATOR,SIG_GHOST,6,37,1,1,0.10382316350238133
CREATOR,SIG_GHOST,6,38,1,1,0.00297118708711183
CREATOR,SIG_GHOST,6,39,1,1,0.0013621759524604453
CREATOR,SIG_GHOST,6,40,1,1,0.05049690139099677
CREATOR,SIG_GHOST,6,41,1,1,0.004795065315460795
CREATOR,SIG_GHOST,6,42,1,1,0.01237453489686
CREATOR,SIG_GHOST,6,43,1,1,0.0012063884625786812
CREATOR,SIG_GHOST,6,44,1,1,0.01342034318364363
CREATOR,SIG_GHOST,6,45,1,1,0.004437877039530984
CREATOR,SIG_GHOST,6,46,1,1,0.012150760832526954
CREATOR,SIG_GHOST,6,47,1,1,0.29483369502160206
CREATOR,SIG_GHOST,6,48,1,1,0.33264191260372367
CREATOR,SIG_GHOST,6,49,1,1,0.010150629127956522
CREATOR,SIG_GHOST,6,50,1,1,0.7268944247453286
CREATOR,SIG_GHOST,6,51,1,1,0.00037924462460180847
CREATOR,SIG_GHOST,6,52,1,1,0.0012674840699718674
CREATOR,SIG_GHOST,6,53,1,1,0.001463201240528211
CREATOR,SIG_GHOST,6,54,1,1,0.022210231656910766
CREATOR,SIG_GHOST,6,55,1,1,0.0074495865101542515
CREATOR,SIG_GHOST,6,56,1,1,0.6700782880943282
CREATOR,SIG_GHOST,6,57,1,1,0.299280003283439
CREATOR,SIG_GHOST,6,58,1,1,0.0029102501485084274
CREATOR,SIG_GHOST,6,59,1,1,0.004581140326811031
CREATOR,SIG_GHOST,6,60,1,1,0.005551289882500461
CREATOR,SIG_GHOST,6,61,1,1,0.2439440334265624
CREATOR,SIG_GHOST,6,62,1,1,0.8698453685674548
CREATOR,SIG_GHOST,6,63,1,1,0.04625125939268185
CREATOR,SIG_GHOST,6,64,1,1,0.08680493386252144
CREATOR,SIG_GHOST,6,65,1,1,0.16322885036268722
CREATOR,SIG_GHOST,6,66,1,1,0.05314796505537495
CREATOR,SIG_GHOST,6,67,1,1,0.0029117162957605514
CREATOR,SIG_GHOST,6,68,1,1,0.019611088553491383
CREATOR,SIG_GHOST,6,69,1,1,0.011794337434972936
CREATOR,SIG_GHOST,6,70,1,1,0.011164420426085342
CREATOR,SIG_GHOST,6,71,1,1,0.14980611440193348
CREATOR,SIG_GHOST,6,72,1,1,0.31911618841128386
CREATOR,SIG_GHOST,6,73,1,1,0.3313083210497956
CREATOR,SIG_GHOST,6,74,1,1,0.20078386251767372
CREATOR,SIG_GHOST,6,75,1,1,0.08357488671748818
CREATOR,SIG_GHOST,6,76,1,1,0.010455979479436986
CREATOR,SIG_GHOST,6,77,1,1,0.0015535351604653133
CREATOR,SIG_GHOST,6,78,1,1,0.2969747316916228
CREATOR,SIG_GHOST,6,79,1,1,0.04256960908050089
CREATOR,SIG_GHOST,6,80,1,1,0.005212300936765866
CREATOR,SIG_GHOST,6,81,1,1,0.004848070925164182
CREATOR,SIG_GHOST,6,82,1,1,0.0046408093519127004
CREATOR,SIG_GHOST,6,83,1,1,0.013063930643798106
CREATOR,SIG_GHOST,6,84,1,1,0.008598979774509434
CREATOR,SIG_GHOST,6,85,1,1,0.017256948439907847
CREATOR,SIG_GHOST,6,86,1,1,0.012605349072720068
CREATOR,SIG_GHOST,6,87,1,1,0.041401924779694954
CREATOR,SIG_GHOST,6,88,1,1,0.007179487951832866
CREATOR,SIG_GHOST,6,89,1,1,0.038909619863850914
CREATOR,SIG_GHOST,6,90,1,1,0.00487653628491275
CREATOR,SIG_GHOST,6,91,1,1,0.18137480367496792
CREATOR,SIG_GHOST,6,92,1,1,0.08081622985894958
CREATOR,SIG_GHOST,6,93,1,1,0.0012512832270599964
CREATOR,SIG_GHOST,6,94,1,1,0.004835123019975064
CREATOR,SIG_GHOST,6,95,1,1,0.016924129160714507
CREATOR,SIG_GHOST,6,96,1,1,0.006767429085598426
CREATOR,SIG_GHOST,6,97,1,1,0.03480491308273165
CREATOR,SIG_GHOST,6,98,1,1,0.00962856301729289
CREATOR,SIG_GHOST,6,99,1,1,0.0023968473339156682
CREATOR,SIG_GHOST,6,100,1,1,0.013024895030061878
CREATOR,SIG_GHOST,6,101,1,1,0.0010401066828264315
CREATOR,SIG_GHOST,6,102,1,1,0.6452375044059621
CREATOR,SIG_GHOST,6,103,1,1,0.008244208236628752
CREATOR,SIG_GHOST,6,104,1,1,0.023638736442383537
CREATOR,SIG_GHOST,6,105,1,2,1.1514752043641023
CREATOR,SIG_GHOST,6,106,1,1,0.19276778439250794
CREATOR,SIG_GHOST,6,107,1,1,0.05247930498789927
CREATOR,SIG_GHOST,6,108,1,1,0.00032501040838300117
CREATOR,SIG_GHOST,6,109,1,1,0.12698177425303966
CREATOR,SIG_GHOST,6,110,1,1,0.09681320962081583
CREATOR,SIG_GHOST,6,111,1,2,0.8792725629734094
CREATOR,SIG_GHOST,6,112,1,1,0.0016903474026058267
CREATOR,SIG_GHOST,6,113,1,1,0.12174782407357237
CREATOR,SIG_GHOST,6,114,1,1,0.00040525524760503303
CREATOR,SIG_GHOST,6,115,1,1,0.015321927234468898
CREATOR,SIG_GHOST,6,116,1,1,0.011840163103001459
CREATOR,SIG_GHOST,6,117,1,1,0.029525697339751196
CREATOR,SIG_GHOST,6,118,1,1,0.027252583063588173
CREATOR,SIG_GHOST,6,119,1,1,0.00010436993525109631
CREATOR,SIG_GHOST,6,120,1,1,0.23148384690883295
CREATOR,SIG_GHOST,6,121,1,1,0.02932584210361892
CREATOR,SIG_GHOST,6,122,1,1,0.06812180247692859
CREATOR,SIG_GHOST,6,123,1,1,0.004100248429098922
CREATOR,SIG_GHOST,6,124,1,1,0.011394538730452696
CREATOR,SIG_GHOST,6,125,1,1,0.34920655349124136
CREATOR,SIG_GHOST,6,126,1,1,0.01522838205865636
CREATOR,SIG_GHOST,6,127,1,1,0.01726318576069339
CREATOR,SIG_GHOST,6,128,1,1,0.08711602541239832
CREATOR,SIG_GHOST,6,129,1,1,0.0013176171746451572
CREATOR,SIG_GHOST,6,130,1,1,0.015202491971743112
CREATOR,SIG_GHOST,6,131,1,1,0.032077553306968584
CREATOR,SIG_GHOST,6,132,1,1,0.1568807179858006
CREATOR,SIG_GHOST,6,133,1,1,0.04920937583930472
CREATOR,SIG_GHOST,6,134,1,1,0.014095460798714838
CREATOR,SIG_GHOST,6,135,1,1,0.008602247874150391
CREATOR,SIG_GHOST,6,136,1,1,0.009939020260693598
CREATOR,SIG_GHOST,6,137,1,1,0.001326732861553005
CREATOR,SIG_GHOST,6,138,1,1,0.0101991026450966
CREATOR,SIG_GHOST,6,139,1,1,0.013436059786173765
CREATOR,SIG_GHOST,6,140,1,1,0.003519038637155583
CREATOR,SIG_GHOST,6,141,1,1,0.16157372019293578
CREATOR,SIG_GHOST,6,142,1,1,0.10979326430318949
CREATOR,SIG_GHOST,6,143,1,1,0.0046364040499972305
CREATOR,SIG_GHOST,6,144,1,1,0.009792362360014004
CREATOR,SIG_GHOST,6,145,1,1,0.036631928484377775
CREATOR,SIG_GHOST,6,146,1,1,0.16192689448129355
CREATOR,SIG_GHOST,6,147,1,1,0.0008380596857177839
CREATOR,SIG_GHOST,6,148,1,1,0.010820749256965453
CREATOR,SIG_GHOST,6,149,1,1,0.03439423033484683
CREATOR,SIG_GHOST,6,150,1,1,0.037465878498775536
CREATOR,SIG_GHOST,6,151,1,1,0.0032402421232752116
CREATOR,SIG_GHOST,6,152,1,1,0.013874096109364588
CREATOR,SIG_GHOST,6,153,1,1,0.29890274019007634
CREATOR,SIG_GHOST,6,154,1,1,0.00035423431947712497
CREATOR,SIG_GHOST,6,155,1,1,0.018818990889021437
CREATOR,SIG_GHOST,6,156,1,1,0.14681710197301753
CREATOR,SIG_GHOST,6,157,1,1,0.046984605395420515
CREATOR,SIG_GHOST,6,158,1,1,0.05370467241440043
CREATOR,SIG_GHOST,6,159,1,1,0.016113425191419103
CREATOR,SIG_GHOST,6,160,1,1,0.17669136716842984
CREATOR,SIG_GHOST,6,161,1,1,0.2762837605979931
CREATOR,SIG_GHOST,6,162,1,1,0.0007797599107048244
CREATOR,SIG_GHOST,6,163,1,1,0.005094813520545662
CREATOR,SIG_GHOST,6,164,1,1,0.8962385934449193
CREATOR,SIG_GHOST,6,165,1,1,0.005054654033436053
CREATOR,SIG_GHOST,6,166,1,1,0.011750263059464482
CREATOR,SIG_GHOST,6,167,1,1,0.002805525919249637
CREATOR,SIG_GHOST,6,168,1,1,0.014792005174649127
CREATOR,SIG_GHOST,6,169,1,1,0.09385478739538222
CREATOR,SIG_GHOST,6,170,1,1,0.00023176509652903023
CREATOR,SIG_GHOST,6,171,1,1,0.18622607501413865
CREATOR,SIG_GHOST,6,172,1,1,0.6250074044348006
CREATOR,SIG_GHOST,6,173,1,1,0.2631817595157337
CREATOR,SIG_GHOST,6,174,1,1,0.07215333741294655
CREATOR,SIG_GHOST,6,175,1,1,0.13344382248659853
CREATOR,SIG_GHOST,6,176,1,1,0.15682641714851517
CREATOR,SIG_GHOST,6,177,1,1,0.13291817374574516
CREATOR,SIG_GHOST,6,178,1,1,0.029738193046974892
CREATOR,SIG_GHOST,6,179,1,1,0.29088482399202364
CREATOR,SIG_GHOST,6,180,1,1,0.1425902499745998
CREATOR,SIG_GHOST,6,181,1,1,0.03247969202068823
CREATOR,SIG_GHOST,6,182,1,1,0.10102517046883386
CREATOR,SIG_GHOST,6,183,1,1,0.000781866186713754
CREATOR,SIG_GHOST,6,184,1,1,0.010047560983755808
CREATOR,SIG_GHOST,6,185,1,1,0.011827940651408521
CREATOR,SIG_GHOST,6,186,1,1,0.013364253818527383
CREATOR,SIG_GHOST,6,187,1,1,0.015578319302011485
CREATOR,SIG_GHOST,6,188,1,1,0.04336500310187422
CREATOR,SIG_GHOST,6,189,1,1,0.016073049827441135
CREATOR,SIG_GHOST,6,190,1,1,0.3176361843998512
CREATOR,SIG_GHOST,6,191,1,1,0.014921180891103874
CREATOR,SIG_GHOST,6,192,1,1,0.11047690783262934
CREATOR,SIG_GHOST,6,193,1,1,0.6588964522317569
CREATOR,SIG_GHOST,6,194,1,1,0.044413035777765814
CREATOR,SIG_GHOST,6,195,1,1,0.003261014133203173
CREATOR,SIG_GHOST,6,196,1,1,0.013563863782309383
CREATOR,SIG_GHOST,6,197,1,1,0.045378797421009684
CREATOR,SIG_GHOST,6,198,1,1,0.13742619480012067
CREATOR,SIG_GHOST,6,199,1,1,0.16205527607219508
CREATOR,SIG_GHOST,7,0,1,1,0.5457700825984539
CREATOR,SIG_GHOST,7,1,1,1,0.09407443056127138
CREATOR,SIG_GHOST,7,2,1,1,0.0029646640313148783
CREATOR,SIG_GHOST,7,3,1,1,0.031047383988915125
CREATOR,SIG_GHOST,7,4,1,1,0.06305561011953116
CREATOR,SIG_GHOST,7,5,1,1,0.0008955784575636224
CREATOR,SIG_GHOST,7,6,1,1,0.002781506160052974
CREATOR,SIG_GHOST,7,7,1,1,1.0224474618172508
CREATOR,SIG_GHOST,7,8,1,1,0.00988264684096765
CREATOR,SIG_GHOST,7,9,1,1,0.2465760036536479
CREATOR,SIG_GHOST,7,10,1,1,0.012426949199462321
CREATOR,SIG_GHOST,7,11,1,1,0.04042519615936683
CREATOR,SIG_GHOST,7,12,1,1,0.12385890764350682
CREATOR,SIG_GHOST,7,13,1,1,0.014114500155084956
CREATOR,SIG_GHOST,7,14,1,1,0.9271098732623989
CREATOR,SIG_GHOST,7,15,1,1,0.43847349569589006
CREATOR,SIG_GHOST,7,16,1,1,0.08188818223024505
CREATOR,SIG_GHOST,7,17,1,1,0.011959841764738013
CREATOR,SIG_GHOST,7,18,1,1,0.09857668120253318
CREATOR,SIG_GHOST,7,19,1,1,0.020369027191516145
CREATOR,SIG_GHOST,7,20,1,1,0.0522887916861792
CREATOR,SIG_GHOST,7,21,1,1,0.030858345480330007
CREATOR,SIG_GHOST,7,22,1,1,0.010601412559351568
CREATOR,SIG_GHOST,7,23,1,1,0.011774504729619432
CREATOR,SIG_GHOST,7,24,1,1,0.0038251295554115085
CREATOR,SIG_GHOST,7,25,1,1,0.006905645863922107
CREATOR,SIG_GHOST,7,26,1,1,0.004004237839002873
CREATOR,SIG_GHOST,7,27,1,1,0.0015083705110557077
CREATOR,SIG_GHOST,7,28,1,1,0.09719057665518949
CREATOR,SIG_GHOST,7,29,1,1,0.2569462566041557
CREATOR,SIG_GHOST,7,30,1,1,0.8032834276203692
CREATOR,SIG_GHOST,7,31,1,1,0.0010334766048858655
CREATOR,SIG_GHOST,7,32,1,1,0.0014403654764522092
CREATOR,SIG_GHOST,7,33,1,1,0.04626783338644506
CREATOR,SIG_GHOST,7,34,1,1,0.003606643671951427
CREATOR,SIG_GHOST,7,35,1,1,0.06391310402363375
CREATOR,SIG_GHOST,7,36,1,1,0.013613774600956141
CREATOR,SIG_GHOST,7,37,1,1,0.014836260695865409
CREATOR,SIG_GHOST,7,38,1,1,0.008131675858327898
CREATOR,SIG_GHOST,7,39,1,1,0.004629682661456194
CREATOR,SIG_GHOST,7,40,1,1,0.4202342863176124
CREATOR,SIG_GHOST,7,41,1,1,0.016265100684062637
CREATOR,SIG_GHOST,7,42,1,1,0.11118037281492321
CREATOR,SIG_GHOST,7,43,1,1,0.09388119300877655
CREATOR,SIG_GHOST,7,44,1,1,0.04252798466995838
CREATOR,SIG_GHOST,7,45,1,1,0.04455112515510788
CREATOR,SIG_GHOST,7,46,1,1,0.04144864142681088
CREATOR,SIG_GHOST,7,47,1,1,0.09317097345870284
CREATOR,SIG_GHOST,7,48,1,1,0.04600025975142331
CREATOR,SIG_GHOST,7,49,1,1,0.001692679637363664
CREATOR,SIG_GHOST,7,50,1,1,0.00100663168601178
CREATOR,SIG_GHOST,7,51,1,1,0.003124790884917495
CREATOR,SIG_GHOST,7,52,1,1,0.14915231350714883
CREATOR,SIG_GHOST,7,53,1,1,0.0004585545847679335
CREATOR,SIG_GHOST,7,54,1,1,0.13801940282110642
CREATOR,SIG_GHOST,7,55,1,1,0.0015520039129273458
CREATOR,SIG_GHOST,7,56,1,1,0.00970296051040625
CREATOR,SIG_GHOST,7,57,1,1,0.007565963519322905
CREATOR,SIG_GHOST,7,58,1,1,0.0445679570065501
CREATOR,SIG_GHOST,7,59,1,1,0.003998915215203042
CREATOR,SIG_GHOST,7,60,1,1,0.004229915534359179
CREATOR,SIG_GHOST,7,61,1,1,0.047065689673153686
CREATOR,SIG_GHOST,7,62,1,1,0.00035159639597880717
CREATOR,SIG_GHOST,7,63,1,1,0.0477614951797172
CREATOR,SIG_GHOST,7,64,1,1,0.4474410758581997
CREATOR,SIG_GHOST,7,65,1,1,0.011922665832835185
CREATOR,SIG_GHOST,7,66,1,1,0.10951932719797491
CREATOR,SIG_GHOST,7,67,1,1,0.05044758178131012
CREATOR,SIG_GHOST,7,68,1,1,0.002882150108713428
CREATOR,SIG_GHOST,7,69,1,1,0.09786428512887148
CREATOR,SIG_GHOST,7,70,1,1,0.14872456987290628
CREATOR,SIG_GHOST,7,71,1,1,0.029460812883940216
CREATOR,SIG_GHOST,7,72,1,1,0.6128315466322362
CREATOR,SIG_GHOST,7,73,1,1,0.004855502290203057
CREATOR,SIG_GHOST,7,74,1,1,0.000386937298264297
CREATOR,SIG_GHOST,7,75,1,1,0.35285384971216127
CREATOR,SIG_GHOST,7,76,1,1,0.0013661183434563753
CREATOR,SIG_GHOST,7,77,1,1,0.003529522488514642
CREATOR,SIG_GHOST,7,78,1,1,0.6650897985621582
CREATOR,SIG_GHOST,7,79,1,1,0.07953795947207672
CREATOR,SIG_GHOST,7,80,1,1,0.019125750013214676
CREATOR,SIG_GHOST,7,81,1,1,0.02258935598437742
CREATOR,SIG_GHOST,7,82,1,1,0.6836616068695386
CREATOR,SIG_GHOST,7,83,1,1,0.011059156924316336
CREATOR,SIG_GHOST,7,84,1,1,0.4301936102886328
CREATOR,SIG_GHOST,7,85,1,1,0.9129209112667273
CREATOR,SIG_GHOST,7,86,1,1,0.5966187486266199
CREATOR,SIG_GHOST,7,87,1,1,0.03086181496808213
CREATOR,SIG_GHOST,7,88,1,1,0.01564164731430523
CREATOR,SIG_GHOST,7,89,1,1,0.10023033016865354
CREATOR,SIG_GHOST,7,90,1,1,0.6940102486478269
CREATOR,SIG_GHOST,7,91,1,1,0.0023736451625533993
CREATOR,SIG_GHOST,7,92,1,1,0.028616028539874414
CREATOR,SIG_GHOST,7,93,1,1,0.0014750371464906458
CREATOR,SIG_GHOST,7,94,1,1,0.00930952737999273
CREATOR,SIG_GHOST,7,95,1,1,0.15237349599157046
CREATOR,SIG_GHOST,7,96,1,1,0.051918140691724596
CREATOR,SIG_GHOST,7,97,1,1,0.45018289803225187
CREATOR,SIG_GHOST,7,98,1,1,0.03883290193434537
CREATOR,SIG_GHOST,7,99,1,1,0.003676512163029933
CREATOR,SIG_GHOST,7,100,1,1,0.01667795411936587
CREATOR,SIG_GHOST,7,101,1,1,0.0062261531040609715
CREATOR,SIG_GHOST,7,102,1,1,0.014441402808140972
CREATOR,SIG_GHOST,7,103,1,1,0.5070758557112008
CREATOR,SIG_GHOST,7,104,1,1,0.2322793257005247
CREATOR,SIG_GHOST,7,105,1,1,0.04656125093122121
CREATOR,SIG_GHOST,7,106,1,1,0.023548632772025437
CREATOR,SIG_GHOST,7,107,1,1,0.008667669786609102
CREATOR,SIG_GHOST,7,108,1,1,0.00027377924038888456
CREATOR,SIG_GHOST,7,109,1,1,0.0537832039722684
CREATOR,SIG_GHOST,7,110,1,1,0.014499399920594392
CREATOR,SIG_GHOST,7,111,1,1,0.019390949805206916
CREATOR,SIG_GHOST,7,112,1,1,0.011305730219684377
CREATOR,SIG_GHOST,7,113,1,1,0.003701422322076302
CREATOR,SIG_GHOST,7,114,1,1,0.038660179530835836
CREATOR,SIG_GHOST,7,115,1,1,0.004995885602624737
CREATOR,SIG_GHOST,7,116,1,1,0.016160990697674044
CREATOR,SIG_GHOST,7,117,1,1,0.049057958827993374
CREATOR,SIG_GHOST,7,118,1,1,0.04895377945779337
CREATOR,SIG_GHOST,7,119,1,1,0.003572834311484631
CREATOR,SIG_GHOST,7,120,1,1,0.00011702645083174443
CREATOR,SIG_GHOST,7,121,1,1,0.0014050127278495141
CREATOR,SIG_GHOST,7,122,1,1,0.003874317891842665
CREATOR,SIG_GHOST,7,123,1,1,0.011086866759720971
CREATOR,SIG_GHOST,7,124,1,1,0.02532761254900033
CREATOR,SIG_GHOST,7,125,1,1,0.0019342346455474002
CREATOR,SIG_GHOST,7,126,1,1,0.10957462531220716
CREATOR,SIG_GHOST,7,127,1,1,0.20740796873754166
CREATOR,SIG_GHOST,7,128,1,1,0.1598603871921051
CREATOR,SIG_GHOST,7,129,1,1,0.03501509457541512
CREATOR,SIG_GHOST,7,130,1,1,0.01267562725743285
CREATOR,SIG_GHOST,7,131,1,1,0.016459448117414777
CREATOR,SIG_GHOST,7,132,1,1,0.5799403840063228
CREATOR,SIG_GHOST,7,133,1,1,0.046735829909812336
CREATOR,SIG_GHOST,7,134,1,1,0.011533445344107504
CREATOR,SIG_GHOST,7,135,1,1,0.008935427092052698
CREATOR,SIG_GHOST,7,136,1,1,0.004204600645952755
CREATOR,SIG_GHOST,7,137,1,1,0.03677940980948921
CREATOR,SIG_GHOST,7,138,1,0,1.2672395238268905
CREATOR,SIG_GHOST,7,139,1,1,0.03986732621179992
CREATOR,SIG_GHOST,7,140,1,1,0.8681335291478472
CREATOR,SIG_GHOST,7,141,1,1,0.008790735700741127
CREATOR,SIG_GHOST,7,142,1,1,0.04189901679959233
CREATOR,SIG_GHOST,7,143,1,1,0.004557988884859108
CREATOR,SIG_GHOST,7,144,1,1,0.0011848104466969508
CREATOR,SIG_GHOST,7,145,1,1,0.2099176566249195
CREATOR,SIG_GHOST,7,146,1,1,0.0007943367622441204
CREATOR,SIG_GHOST,7,147,1,1,0.01127361929772614
CREATOR,SIG_GHOST,7,148,1,1,0.08233076807493887
CREATOR,SIG_GHOST,7,149,1,1,0.049799002180940674
CREATOR,SIG_GHOST,7,150,1,1,0.005842734981536492
CREATOR,SIG_GHOST,7,151,1,1,0.04144399945321309
CREATOR,SIG_GHOST,7,152,1,1,0.05200850713840865
CREATOR,SIG_GHOST,7,153,1,1,0.0009283787957183327
CREATOR,SIG_GHOST,7,154,1,1,0.053684157636426796
CREATOR,SIG_GHOST,7,155,1,1,0.007772455445262782
CREATOR,SIG_GHOST,7,156,1,1,0.02585709251982233
CREATOR,SIG_GHOST,7,157,1,1,0.16360840127635556
CREATOR,SIG_GHOST,7,158,1,1,0.58843610365559
CREATOR,SIG_GHOST,7,159,1,1,0.03105454230102829
CREATOR,SIG_GHOST,7,160,1,1,0.01264485083625923
CREATOR,SIG_GHOST,7,161,1,1,0.06329324295408414
CREATOR,SIG_GHOST,7,162,1,1,0.3052304936014052
CREATOR,SIG_GHOST,7,163,1,1,0.0037941464487251733
CREATOR,SIG_GHOST,7,164,1,1,0.035584056118113445
CREATOR,SIG_GHOST,7,165,1,1,0.005003209846281646
CREATOR,SIG_GHOST,7,166,1,1,0.014786536421480947
CREATOR,SIG_GHOST,7,167,1,1,0.195292073950807
CREATOR,SIG_GHOST,7,168,1,1,0.18064214946077545
CREATOR,SIG_GHOST,7,169,1,1,0.09481197820216232
CREATOR,SIG_GHOST,7,170,1,1,0.012520855616689282
CREATOR,SIG_GHOST,7,171,1,1,0.01681818828495434
CREATOR,SIG_GHOST,7,172,1,1,0.028376417403788812
CREATOR,SIG_GHOST,7,173,1,1,0.46718575111687366
CREATOR,SIG_GHOST,7,174,1,1,0.004139597362624033
CREATOR,SIG_GHOST,7,175,1,1,0.0149815581693153
CREATOR,SIG_GHOST,7,176,1,1,0.0095500543510901
CREATOR,SIG_GHOST,7,177,1,1,0.10971911786303593
CREATOR,SIG_GHOST,7,178,1,1,0.049683933806020555
CREATOR,SIG_GHOST,7,179,1,1,0.5272087376098169
CREATOR,SIG_GHOST,7,180,1,1,0.0033111006089719267
CREATOR,SIG_GHOST,7,181,1,1,0.1636426211574053
CREATOR,SIG_GHOST,7,182,1,1,0.12313018375219315
CREATOR,SIG_GHOST,7,183,1,1,0.04261415602279621
CREATOR,SIG_GHOST,7,184,1,1,0.00174228258204151
CREATOR,SIG_GHOST,7,185,1,1,0.00044433102654770854
CREATOR,SIG_GHOST,7,186,1,1,0.0484369634434524
CREATOR,SIG_GHOST,7,187,1,1,0.018387014091371494
CREATOR,SIG_GHOST,7,188,1,1,0.16117685017925965
CREATOR,SIG_GHOST,7,189,1,1,0.012729492251766037
CREATOR,SIG_GHOST,7,190,1,1,0.042469691262211055
CREATOR,SIG_GHOST,7,191,1,1,0.0027148393362291363
CREATOR,SIG_GHOST,7,192,1,1,0.008655702121839588
CREATOR,SIG_GHOST,7,193,1,1,0.3706357132153759
CREATOR,SIG_GHOST,7,194,1,1,0.015811257932441335
CREATOR,SIG_GHOST,7,195,1,1,0.006394220785696392
CREATOR,SIG_GHOST,7,196,1,1,0.003210908615265162
CREATOR,SIG_GHOST,7,197,1,1,0.004979579484005881
CREATOR,SIG_GHOST,7,198,1,1,0.051205851388101305
CREATOR,SIG_GHOST,7,199,1,1,0.09039931156677475
CREATOR,SIG_GHOST,8,0,1,1,0.1412828332345848
CREATOR,SIG_GHOST,8,1,1,1,0.23449065908262512
CREATOR,SIG_GHOST,8,2,1,1,0.07031046056924802
CREATOR,SIG_GHOST,8,3,1,1,0.015152636229597517
CREATOR,SIG_GHOST,8,4,1,1,0.010134665848284676
CREATOR,SIG_GHOST,8,5,1,1,0.015128890900227886
CREATOR,SIG_GHOST,8,6,1,1,0.1470127665593081
CREATOR,SIG_GHOST,8,7,1,1,0.05939809654528369
CREATOR,SIG_GHOST,8,8,1,1,0.04901174635771119
CREATOR,SIG_GHOST,8,9,1,1,0.00034689298433193433
CREATOR,SIG_GHOST,8,10,1,1,0.10684742498110131
CREATOR,SIG_GHOST,8,11,1,1,0.26422487107336096
CREATOR,SIG_GHOST,8,12,1,1,0.05207274509318279
CREATOR,SIG_GHOST,8,13,1,1,0.009087140558097504
CREATOR,SIG_GHOST,8,14,1,1,0.0342205484343125
CREATOR,SIG_GHOST,8,15,1,1,0.11447178244839265
CREATOR,SIG_GHOST,8,16,1,1,0.010462078580936231
CREATOR,SIG_GHOST,8,17,1,1,0.017155171738275618
CREATOR,SIG_GHOST,8,18,1,1,0.021799272936525775
CREATOR,SIG_GHOST,8,19,1,1,0.027277424429839114
CREATOR,SIG_GHOST,8,20,1,1,1.0378929802500068
CREATOR,SIG_GHOST,8,21,1,1,0.07712003120940548
CREATOR,SIG_GHOST,8,22,1,1,0.003004618761329945
CREATOR,SIG_GHOST,8,23,1,1,0.14936642357786847
CREATOR,SIG_GHOST,8,24,1,1,0.10030324377460838
CREATOR,SIG_GHOST,8,25,1,1,0.028636158647519352
CREATOR,SIG_GHOST,8,26,1,1,0.015927753587468778
CREATOR,SIG_GHOST,8,27,1,1,0.08442256097289619
CREATOR,SIG_GHOST,8,28,1,1,0.0010315886323421738
CREATOR,SIG_GHOST,8,29,1,1,0.00043989085559744485
CREATOR,SIG_GHOST,8,30,1,1,0.01658900883941022
CREATOR,SIG_GHOST,8,31,1,1,0.014340611750287627
CREATOR,SIG_GHOST,8,32,1,1,0.02176267246518778
CREATOR,SIG_GHOST,8,33,1,1,0.056939455488252
CREATOR,SIG_GHOST,8,34,1,1,0.03710163622349244
CREATOR,SIG_GHOST,8,35,1,1,0.01235425147880825
CREATOR,SIG_GHOST,8,36,1,1,0.011598462393258926
CREATOR,SIG_GHOST,8,37,1,1,0.015520070238897368
CREATOR,SIG_GHOST,8,38,1,1,0.13453671215094842
CREATOR,SIG_GHOST,8,39,1,1,0.013361149614693812
CREATOR,SIG_GHOST,8,40,1,1,0.010658404912174419
CREATOR,SIG_GHOST,8,41,1,1,0.004531695445222285
CREATOR,SIG_GHOST,8,42,1,1,0.01345407836260631
CREATOR,SIG_GHOST,8,43,1,1,0.007263687505108132
CREATOR,SIG_GHOST,8,44,1,1,0.001963914424451217
CREATOR,SIG_GHOST,8,45,1,1,0.07647903773145345
CREATOR,SIG_GHOST,8,46,1,1,0.0012015419053151952
CREATOR,SIG_GHOST,8,47,1,1,0.10977022525556043
CREATOR,SIG_GHOST,8,48,1,1,0.3012513750443493
CREATOR,SIG_GHOST,8,49,1,1,0.16548291146694155
CREATOR,SIG_GHOST,8,50,1,1,0.009076603608838826
CREATOR,SIG_GHOST,8,51,1,1,0.00446404745190097
CREATOR,SIG_GHOST,8,52,1,1,0.30746107248499566
CREATOR,SIG_GHOST,8,53,1,1,0.014205922179930938
CREATOR,SIG_GHOST,8,54,1,1,0.6023712898761092
CREATOR,SIG_GHOST,8,55,1,1,0.11156849699383818
CREATOR,SIG_GHOST,8,56,1,1,0.0014387333655238837
CREATOR,SIG_GHOST,8,57,1,1,0.0165706545018559
CREATOR,SIG_GHOST,8,58,1,1,0.0073768948351965215
CREATOR,SIG_GHOST,8,59,1,1,0.0037286634187916647
CREATOR,SIG_GHOST,8,60,1,1,0.04248633485702623
CREATOR,SIG_GHOST,8,61,1,1,0.15709720309882802
CREATOR,SIG_GHOST,8,62,1,1,0.010696227594439856
CREATOR,SIG_GHOST,8,63,1,1,0.03799610771181894
CREATOR,SIG_GHOST,8,64,1,1,0.0030006986284763833
CREATOR,SIG_GHOST,8,65,1,1,0.011407724307337398
CREATOR,SIG_GHOST,8,66,1,1,0.016579177398139966
CREATOR,SIG_GHOST,8,67,1,1,0.004852177259911531
CREATOR,SIG_GHOST,8,68,1,1,0.0047224535307300725
CREATOR,SIG_GHOST,8,69,1,1,0.043378329020094045
CREATOR,SIG_GHOST,8,70,1,1,0.15497357480868426
CREATOR,SIG_GHOST,8,71,1,1,0.014364335086257602
CREATOR,SIG_GHOST,8,72,1,1,0.01684605714926249
CREATOR,SIG_GHOST,8,73,1,1,0.044648523378729765
CREATOR,SIG_GHOST,8,74,1,1,0.0099957147981702
CREATOR,SIG_GHOST,8,75,1,1,0.00938560738360306
CREATOR,SIG_GHOST,8,76,1,1,0.00560485911571021
CREATOR,SIG_GHOST,8,77,1,1,0.012247946469172198
CREATOR,SIG_GHOST,8,78,1,1,0.0013293510009687371
CREATOR,SIG_GHOST,8,79,1,1,0.10591884280757229
CREATOR,SIG_GHOST,8,80,1,1,0.0004311704713037109
CREATOR,SIG_GHOST,8,81,1,1,0.0014963649514191186
CREATOR,SIG_GHOST,8,82,1,1,0.31657017731022696
CREATOR,SIG_GHOST,8,83,1,1,0.142356962297849
CREATOR,SIG_GHOST,8,84,1,1,0.004459253281564645
CREATOR,SIG_GHOST,8,85,1,1,0.08822793900836055
CREATOR,SIG_GHOST,8,86,1,1,0.7687884731873724
CREATOR,SIG_GHOST,8,87,1,1,0.00358524118338254
CREATOR,SIG_GHOST,8,88,1,1,0.03340660994219369
CREATOR,SIG_GHOST,8,89,1,1,0.0003681488249443266
CREATOR,SIG_GHOST,8,90,1,1,0.002384037438181901
CREATOR,SIG_GHOST,8,91,1,1,0.017082647025588385
CREATOR,SIG_GHOST,8,92,1,1,0.9419866156468195
CREATOR,SIG_GHOST,8,93,1,1,0.811442159482709
CREATOR,SIG_GHOST,8,94,1,1,0.1493620813751017
CREATOR,SIG_GHOST,8,95,1,1,0.019149225911558265
CREATOR,SIG_GHOST,8,96,1,1,0.011468085731511776
CREATOR,SIG_GHOST,8,97,1,1,0.6565212159380899
CREATOR,SIG_GHOST,8,98,1,1,0.007501721051608756
CREATOR,SIG_GHOST,8,99,1,1,0.1623785407592655
CREATOR,SIG_GHOST,8,100,1,1,0.04898091335191519
CREATOR,SIG_GHOST,8,101,1,1,0.035221428252659684
CREATOR,SIG_GHOST,8,102,1,1,0.008022624422729956
CREATOR,SIG_GHOST,8,103,1,1,0.018847989729126973
CREATOR,SIG_GHOST,8,104,1,1,0.012144477297359756
CREATOR,SIG_GHOST,8,105,1,1,0.14337279734994854
CREATOR,SIG_GHOST,8,106,1,1,0.0015670755112833232
CREATOR,SIG_GHOST,8,107,1,1,0.028052075512053017
CREATOR,SIG_GHOST,8,108,1,1,0.16627030171952295
CREATOR,SIG_GHOST,8,109,1,1,0.001518515537334029
CREATOR,SIG_GHOST,8,110,1,1,0.007553253883497802
CREATOR,SIG_GHOST,8,111,1,1,0.001556253831813855
CREATOR,SIG_GHOST,8,112,1,1,0.001193694992878819
CREATOR,SIG_GHOST,8,113,1,1,0.014129633539745657
CREATOR,SIG_GHOST,8,114,1,1,0.011803716570077546
CREATOR,SIG_GHOST,8,115,1,1,0.1923751053731263
CREATOR,SIG_GHOST,8,116,1,1,0.0057393945004531235
CREATOR,SIG_GHOST,8,117,1,1,0.04454780989909518
CREATOR,SIG_GHOST,8,118,1,1,0.8765942839676917
CREATOR,SIG_GHOST,8,119,1,1,0.0015317878979782726
CREATOR,SIG_GHOST,8,120,1,1,0.0004324414614771588
CREATOR,SIG_GHOST,8,121,1,1,0.061850658929791295
CREATOR,SIG_GHOST,8,122,1,1,0.041010975337866865
CREATOR,SIG_GHOST,8,123,1,1,0.04689749351015316
CREATOR,SIG_GHOST,8,124,1,1,0.1354886056356523
CREATOR,SIG_GHOST,8,125,1,1,0.14531129796165013
CREATOR,SIG_GHOST,8,126,1,1,0.01991245043941125
CREATOR,SIG_GHOST,8,127,1,1,0.013313579108543095
CREATOR,SIG_GHOST,8,128,1,1,0.0006450943764688291
CREATOR,SIG_GHOST,8,129,1,1,0.0008687807595994851
CREATOR,SIG_GHOST,8,130,1,1,0.07154164073946871
CREATOR,SIG_GHOST,8,131,1,1,0.1014754340760887
CREATOR,SIG_GHOST,8,132,1,1,0.0019329611128308779
CREATOR,SIG_GHOST,8,133,1,1,0.007100428239937581
CREATOR,SIG_GHOST,8,134,1,1,0.024982593895289625
CREATOR,SIG_GHOST,8,135,1,1,0.00994951303659583
CREATOR,SIG_GHOST,8,136,1,1,0.1119446669055676
CREATOR,SIG_GHOST,8,137,1,1,0.011153663137712547
CREATOR,SIG_GHOST,8,138,1,1,0.03168900861207281
CREATOR,SIG_GHOST,8,139,1,1,0.015148906648418689
CREATOR,SIG_GHOST,8,140,1,1,0.08541259003312032
CREATOR,SIG_GHOST,8,141,1,1,0.4427857376508457
CREATOR,SIG_GHOST,8,142,1,1,0.027579206459846076
CREATOR,SIG_GHOST,8,143,1,1,0.7060703744581747
CREATOR,SIG_GHOST,8,144,1,1,0.017699974155143103
CREATOR,SIG_GHOST,8,145,1,1,0.0011483692503867146
CREATOR,SIG_GHOST,8,146,1,1,0.06187224592974502
CREATOR,SIG_GHOST,8,147,1,1,0.07725111684978764
CREATOR,SIG_GHOST,8,148,1,1,0.0014912722417383928
CREATOR,SIG_GHOST,8,149,1,1,0.00496987934609211
CREATOR,SIG_GHOST,8,150,1,1,0.004869370120903974
CREATOR,SIG_GHOST,8,151,1,1,0.000419164652160206
CREATOR,SIG_GHOST,8,152,1,1,0.21905781404463026
CREATOR,SIG_GHOST,8,153,1,1,0.002955482586479943
CREATOR,SIG_GHOST,8,154,1,1,0.043723193347358795
CREATOR,SIG_GHOST,8,155,1,1,0.01699078448865668
CREATOR,SIG_GHOST,8,156,1,1,0.029297859172632636
CREATOR,SIG_GHOST,8,157,1,1,0.08094646243065393
CREATOR,SIG_GHOST,8,158,1,1,0.010408373535969346
CREATOR,SIG_GHOST,8,159,1,1,0.1400321178248672
CREATOR,SIG_GHOST,8,160,1,1,0.005062504846611654
CREATOR,SIG_GHOST,8,161,1,1,0.058264000967167426
CREATOR,SIG_GHOST,8,162,1,1,0.26646737133464704
CREATOR,SIG_GHOST,8,163,1,1,0.040735678724566786
CREATOR,SIG_GHOST,8,164,1,1,0.10194379948827509
CREATOR,SIG_GHOST,8,165,1,1,0.016904757483539857
CREATOR,SIG_GHOST,8,166,1,1,0.0012985469741932298
CREATOR,SIG_GHOST,8,167,1,1,0.05332780051782009
CREATOR,SIG_GHOST,8,168,1,1,0.13429980383529078
CREATOR,SIG_GHOST,8,169,1,1,0.001923713173767628
CREATOR,SIG_GHOST,8,170,1,1,0.03752407194472883
CREATOR,SIG_GHOST,8,171,1,1,0.016013509299667786
CREATOR,SIG_GHOST,8,172,1,1,0.0011297114888817155
CREATOR,SIG_GHOST,8,173,1,1,0.001024845768835737
CREATOR,SIG_GHOST,8,174,1,1,0.04775344858509034
CREATOR,SIG_GHOST,8,175,1,1,0.005024875504595913
CREATOR,SIG_GHOST,8,176,1,1,0.0013261281180666068
CREATOR,SIG_GHOST,8,177,1,1,0.013121091573973604
CREATOR,SIG_GHOST,8,178,1,1,0.003771994964968834
CREATOR,SIG_GHOST,8,179,1,1,0.13797039963134497
CREATOR,SIG_GHOST,8,180,1,1,0.060833645505105116
CREATOR,SIG_GHOST,8,181,1,1,0.004669035931997896
CREATOR,SIG_GHOST,8,182,1,1,0.0037881979208846646
CREATOR,SIG_GHOST,8,183,1,1,0.09765562523817242
CREATOR,SIG_GHOST,8,184,1,1,0.0010390517326176775
CREATOR,SIG_GHOST,8,185,1,1,0.22737106945595242
CREATOR,SIG_GHOST,8,186,1,1,0.002741941510173198
CREATOR,SIG_GHOST,8,187,1,1,0.0031487722537364314
CREATOR,SIG_GHOST,8,188,1,1,0.00037368974488193935
CREATOR,SIG_GHOST,8,189,1,1,0.08166845703763889
CREATOR,SIG_GHOST,8,190,1,1,0.35750011011904276
CREATOR,SIG_GHOST,8,191,1,1,0.49423747039098775
CREATOR,SIG_GHOST,8,192,1,1,0.14522796513907282
CREATOR,SIG_GHOST,8,193,1,1,0.004896242038678652
CREATOR,SIG_GHOST,8,194,1,1,0.002382184553995515
CREATOR,SIG_GHOST,8,195,1,1,0.09246060934290254
CREATOR,SIG_GHOST,8,196,1,1,0.0003888843960721506
CREATOR,SIG_GHOST,8,197,1,1,0.001253041258243901
CREATOR,SIG_GHOST,8,198,1,1,0.0011419427606256466
CREATOR,SIG_GHOST,8,199,1,1,0.012811977806653089
CREATOR,SIG_GHOST,9,0,1,1,0.08337743609696263
CREATOR,SIG_GHOST,9,1,1,1,0.41938951079028725
CREATOR,SIG_GHOST,9,2,1,1,0.24091609534079
CREATOR,SIG_GHOST,9,3,1,1,0.062186270649146974
CREATOR,SIG_GHOST,9,4,1,1,0.1729885218163378
CREATOR,SIG_GHOST,9,5,1,1,0.4243138598033858
CREATOR,SIG_GHOST,9,6,1,1,0.015950986287012418
CREATOR,SIG_GHOST,9,7,1,1,0.012733706363627233
CREATOR,SIG_GHOST,9,8,1,1,0.043849838894285856
CREATOR,SIG_GHOST,9,9,1,1,0.004409656675018599
CREATOR,SIG_GHOST,9,10,1,1,0.013185416916125951
CREATOR,SIG_GHOST,9,11,1,1,0.010318450919931617
CREATOR,SIG_GHOST,9,12,1,1,0.11090195163250578
CREATOR,SIG_GHOST,9,13,1,1,0.321819090676073
CREATOR,SIG_GHOST,9,14,1,1,0.03669575920832803
CREATOR,SIG_GHOST,9,15,1,1,0.006419270773736628
CREATOR,SIG_GHOST,9,16,1,1,0.029931597434536116
CREATOR,SIG_GHOST,9,17,1,1,0.0032493531562632957
CREATOR,SIG_GHOST,9,18,1,1,0.011313443467867354
CREATOR,SIG_GHOST,9,19,1,1,0.012645089972479559
CREATOR,SIG_GHOST,9,20,1,1,0.4481227882288086
CREATOR,SIG_GHOST,9,21,1,1,0.014922803286186597
CREATOR,SIG_GHOST,9,22,1,1,0.019749983867697996
CREATOR,SIG_GHOST,9,23,1,1,0.09973778925552516
CREATOR,SIG_GHOST,9,24,1,1,0.5766461854086382
CREATOR,SIG_GHOST,9,25,1,1,0.2718832967999984
CREATOR,SIG_GHOST,9,26,1,1,0.2039393965433553
CREATOR,SIG_GHOST,9,27,1,1,0.03579889468012519
CREATOR,SIG_GHOST,9,28,1,1,0.0015908541638935804
CREATOR,SIG_GHOST,9,29,1,1,0.011262059569415365
CREATOR,SIG_GHOST,9,30,1,1,0.07693670303868556
CREATOR,SIG_GHOST,9,31,1,1,0.011563483587215779
CREATOR,SIG_GHOST,9,32,1,1,0.014088598445126433
CREATOR,SIG_GHOST,9,33,1,1,0.002717977427330141
CREATOR,SIG_GHOST,9,34,1,1,0.02382393452220826
CREATOR,SIG_GHOST,9,35,1,1,0.004963692170564029
CREATOR,SIG_GHOST,9,36,1,1,0.006388449855207337
CREATOR,SIG_GHOST,9,37,1,1,0.03193198329929288
CREATOR,SIG_GHOST,9,38,1,1,0.08913861313418776
CREATOR,SIG_GHOST,9,39,1,1,0.15086645958813233
CREATOR,SIG_GHOST,9,40,1,1,0.017995539037778115
CREATOR,SIG_GHOST,9,41,1,1,0.10447205043441107
CREATOR,SIG_GHOST,9,42,1,1,0.031751171911094944
CREATOR,SIG_GHOST,9,43,1,1,0.004391683739542029
CREATOR,SIG_GHOST,9,44,1,1,0.1626393939918609
CREATOR,SIG_GHOST,9,45,1,1,0.008812184939399384
CREATOR,SIG_GHOST,9,46,1,1,0.18892202212922776
CREATOR,SIG_GHOST,9,47,1,1,0.04536816419226534
CREATOR,SIG_GHOST,9,48,1,1,0.0017078615308462543
CREATOR,SIG_GHOST,9,49,1,1,0.2624733199953325
CREATOR,SIG_GHOST,9,50,1,1,0.07674276052628247
CREATOR,SIG_GHOST,9,51,1,1,0.03640366461551871
CREATOR,SIG_GHOST,9,52,1,1,0.31279320668324323
CREATOR,SIG_GHOST,9,53,1,1,0.153160265120715
CREATOR,SIG_GHOST,9,54,1,1,0.2506128511792303
CREATOR,SIG_GHOST,9,55,1,1,0.2655710116478026
CREATOR,SIG_GHOST,9,56,1,1,0.000953810267185346
CREATOR,SIG_GHOST,9,57,1,1,0.010606211916036976
CREATOR,SIG_GHOST,9,58,1,1,0.01440627756236389
CREATOR,SIG_GHOST,9,59,1,1,0.003695213322520651
CREATOR,SIG_GHOST,9,60,1,1,0.05017895652286705
CREATOR,SIG_GHOST,9,61,1,1,0.05356519899681851
CREATOR,SIG_GHOST,9,62,1,1,0.0008931569756535536
CREATOR,SIG_GHOST,9,63,1,1,0.009008335231994805
CREATOR,SIG_GHOST,9,64,1,1,0.004857684301790505
CREATOR,SIG_GHOST,9,65,1,1,0.5622558515902738
CREATOR,SIG_GHOST,9,66,1,1,0.009771780951574348
CREATOR,SIG_GHOST,9,67,1,1,0.026357130561072795
CREATOR,SIG_GHOST,9,68,1,1,0.0003392606728219995
CREATOR,SIG_GHOST,9,69,1,1,0.000896227587286138
CREATOR,SIG_GHOST,9,70,1,1,0.004749502581964149
CREATOR,SIG_GHOST,9,71,1,1,0.13954986896052535
CREATOR,SIG_GHOST,9,72,1,1,0.003521392509392455
CREATOR,SIG_GHOST,9,73,1,1,0.003763868124894451
CREATOR,SIG_GHOST,9,74,1,1,0.3219966432739829
CREATOR,SIG_GHOST,9,75,1,1,0.03009978935252723
CREATOR,SIG_GHOST,9,76,1,1,0.027152672878923312
CREATOR,SIG_GHOST,9,77,1,1,0.01871638439146794
CREATOR,SIG_GHOST,9,78,1,1,0.1322161542349683
CREATOR,SIG_GHOST,9,79,1,1,0.011071800549134777
CREATOR,SIG_GHOST,9,80,1,1,0.004448597158075227
CREATOR,SIG_GHOST,9,81,1,1,0.00040205515136364505
CREATOR,SIG_GHOST,9,82,1,1,0.33827850151441785
CREATOR,SIG_GHOST,9,83,1,1,0.0030769303044024133
CREATOR,SIG_GHOST,9,84,1,1,0.0016465092816656034
CREATOR,SIG_GHOST,9,85,1,1,0.0013030959913655433
CREATOR,SIG_GHOST,9,86,1,1,1.004981484317002
CREATOR,SIG_GHOST,9,87,1,1,0.0025610301776790153
CREATOR,SIG_GHOST,9,88,1,1,0.05667245220271973
CREATOR,SIG_GHOST,9,89,1,1,0.05380801678966368
CREATOR,SIG_GHOST,9,90,1,1,0.013230080179153055
CREATOR,SIG_GHOST,9,91,1,1,0.012941867094721497
CREATOR,SIG_GHOST,9,92,1,1,0.014179403271191724
CREATOR,SIG_GHOST,9,93,1,1,0.1387500032278055
CREATOR,SIG_GHOST,9,94,1,1,1.0633859484812695
CREATOR,SIG_GHOST,9,95,1,1,0.04525976237465556
CREATOR,SIG_GHOST,9,96,1,1,0.29176544566757134
CREATOR,SIG_GHOST,9,97,1,1,0.06706466391563287
CREATOR,SIG_GHOST,9,98,1,1,0.003983379498293695
CREATOR,SIG_GHOST,9,99,1,1,0.0011551840042760056
CREATOR,SIG_GHOST,9,100,1,1,0.19166887900412058
CREATOR,SIG_GHOST,9,101,1,1,0.00489462201587294
CREATOR,SIG_GHOST,9,102,1,1,0.0027905490383891137
CREATOR,SIG_GHOST,9,103,1,1,0.004593167617017318
CREATOR,SIG_GHOST,9,104,1,1,0.0003629426808889581
CREATOR,SIG_GHOST,9,105,1,1,0.016517603945111075
CREATOR,SIG_GHOST,9,106,1,1,0.009640431262308333
CREATOR,SIG_GHOST,9,107,1,1,0.051394657793550326
CREATOR,SIG_GHOST,9,108,1,1,0.004485480635486835
CREATOR,SIG_GHOST,9,109,1,1,0.3101334924346796
CREATOR,SIG_GHOST,9,110,1,1,0.0012592966914531472
CREATOR,SIG_GHOST,9,111,1,1,0.003636674582941533
CREATOR,SIG_GHOST,9,112,1,1,0.052515562236082745
CREATOR,SIG_GHOST,9,113,1,1,0.015070048195505493
CREATOR,SIG_GHOST,9,114,1,1,0.03840364901386038
CREATOR,SIG_GHOST,9,115,1,1,0.012454752120154124
CREATOR,SIG_GHOST,9,116,1,1,0.004666729017622036
CREATOR,SIG_GHOST,9,117,1,1,0.015058543977580524
CREATOR,SIG_GHOST,9,118,1,1,0.01091132511813059
CREATOR,SIG_GHOST,9,119,1,1,0.04635168572344307
CREATOR,SIG_GHOST,9,120,1,1,0.0012068824055930338
CREATOR,SIG_GHOST,9,121,1,1,0.01661399667802231
CREATOR,SIG_GHOST,9,122,1,1,0.004019072890498975
CREATOR,SIG_GHOST,9,123,1,1,0.020591432076167007
CREATOR,SIG_GHOST,9,124,1,1,0.003196733269671915
CREATOR,SIG_GHOST,9,125,1,1,0.003980511113067664
CREATOR,SIG_GHOST,9,126,1,1,0.0032533142679011017
CREATOR,SIG_GHOST,9,127,1,1,0.03328066094766757
CREATOR,SIG_GHOST,9,128,1,1,0.004163425304911101
CREATOR,SIG_GHOST,9,129,1,1,0.1648739689252738
CREATOR,SIG_GHOST,9,130,1,1,0.56583156078949
CREATOR,SIG_GHOST,9,131,1,1,0.024697269826351682
CREATOR,SIG_GHOST,9,132,1,1,0.0072607607623650155
CREATOR,SIG_GHOST,9,133,1,1,0.16634758038249942
CREATOR,SIG_GHOST,9,134,1,1,0.010163851685989853
CREATOR,SIG_GHOST,9,135,1,1,0.02432098021524608
CREATOR,SIG_GHOST,9,136,1,1,0.11624055268638889
CREATOR,SIG_GHOST,9,137,1,1,0.03570156469194711
CREATOR,SIG_GHOST,9,138,1,1,0.016792468267421718
CREATOR,SIG_GHOST,9,139,1,1,0.007957198022148029
CREATOR,SIG_GHOST,9,140,1,1,0.0030764228984456587
CREATOR,SIG_GHOST,9,141,1,1,0.00036134228220544067
CREATOR,SIG_GHOST,9,142,1,1,0.001321912208076442
CREATOR,SIG_GHOST,9,143,1,1,0.005151146592351074
CREATOR,SIG_GHOST,9,144,1,1,0.015503505357833923
CREATOR,SIG_GHOST,9,145,1,1,0.09583475177062988
CREATOR,SIG_GHOST,9,146,1,1,0.051993415094429014
CREATOR,SIG_GHOST,9,147,1,1,0.23565688344847788
CREATOR,SIG_GHOST,9,148,1,1,0.005654738641513241
CREATOR,SIG_GHOST,9,149,1,1,0.027752034665667263
CREATOR,SIG_GHOST,9,150,1,1,0.3358931812400493
CREATOR,SIG_GHOST,9,151,1,1,0.0003078695795427056
CREATOR,SIG_GHOST,9,152,1,1,0.0052019142235040115
CREATOR,SIG_GHOST,9,153,1,1,0.003719875477967935
CREATOR,SIG_GHOST,9,154,1,1,0.0030733725186793716
CREATOR,SIG_GHOST,9,155,1,1,0.04755523789900608
CREATOR,SIG_GHOST,9,156,1,1,0.00011736180330361895
CREATOR,SIG_GHOST,9,157,1,1,0.01094553921828179
CREATOR,SIG_GHOST,9,158,1,1,0.05446293715454903
CREATOR,SIG_GHOST,9,159,1,1,0.09167476186717821
CREATOR,SIG_GHOST,9,160,1,1,0.00064630826038063
CREATOR,SIG_GHOST,9,161,1,1,0.05858490603410841
CREATOR,SIG_GHOST,9,162,1,1,0.015697624794366132
CREATOR,SIG_GHOST,9,163,1,1,0.6629203048926009
CREATOR,SIG_GHOST,9,164,1,1,0.00036781726758452403
CREATOR,SIG_GHOST,9,165,1,1,0.016357293954000204
CREATOR,SIG_GHOST,9,166,1,1,0.004939460331650306
CREATOR,SIG_GHOST,9,167,1,1,0.054648218313677284
CREATOR,SIG_GHOST,9,168,1,1,0.015430243200861091
CREATOR,SIG_GHOST,9,169,1,1,0.005020447614942973
CREATOR,SIG_GHOST,9,170,1,1,0.01731293975222996
CREATOR,SIG_GHOST,9,171,1,1,0.013956337043091202
CREATOR,SIG_GHOST,9,172,1,1,0.011839495172745271
CREATOR,SIG_GHOST,9,173,1,1,0.0003826161051307556
CREATOR,SIG_GHOST,9,174,1,1,0.0028297566383178943
CREATOR,SIG_GHOST,9,175,1,1,0.030632600037552072
CREATOR,SIG_GHOST,9,176,1,1,0.032779263666353364
CREATOR,SIG_GHOST,9,177,1,1,0.03105521900553361
CREATOR,SIG_GHOST,9,178,1,1,0.04177425493354364
CREATOR,SIG_GHOST,9,179,1,1,0.05313509153618308
CREATOR,SIG_GHOST,9,180,1,1,0.004784399850392311
CREATOR,SIG_GHOST,9,181,1,1,0.044500842531016584
CREATOR,SIG_GHOST,9,182,1,1,0.3853002869842616
CREATOR,SIG_GHOST,9,183,1,1,0.00015764607117789957
CREATOR,SIG_GHOST,9,184,1,1,0.061935197233408276
CREATOR,SIG_GHOST,9,185,1,1,0.13443938711432799
CREATOR,SIG_GHOST,9,186,1,1,0.011068371918452162
CREATOR,SIG_GHOST,9,187,1,1,0.043547420607645354
CREATOR,SIG_GHOST,9,188,1,1,0.00121565012014286
CREATOR,SIG_GHOST,9,189,1,1,0.04534053471776867
CREATOR,SIG_GHOST,9,190,1,1,0.00720545327882565
CREATOR,SIG_GHOST,9,191,1,1,0.4707470215523267
CREATOR,SIG_GHOST,9,192,1,1,0.003442972928509
CREATOR,SIG_GHOST,9,193,1,1,0.2490528479477694
CREATOR,SIG_GHOST,9,194,1,1,0.045709544950169004
CREATOR,SIG_GHOST,9,195,1,1,0.05501369528258748
CREATOR,SIG_GHOST,9,196,1,1,0.05536448840548982
CREATOR,SIG_GHOST,9,197,1,1,0.1200513114100098
CREATOR,SIG_GHOST,9,198,1,1,0.16945039368319997
CREATOR,SIG_GHOST,9,199,1,1,0.10476317324396081
CREATOR,SIG_GHOST,10,0,1,1,0.0013413511224028955
CREATOR,SIG_GHOST,10,1,1,1,0.01301160060869731
CREATOR,SIG_GHOST,10,2,1,1,0.036072045193843626
CREATOR,SIG_GHOST,10,3,1,1,0.021174649975222608
CREATOR,SIG_GHOST,10,4,1,1,0.03477170017279585
CREATOR,SIG_GHOST,10,5,1,1,0.008456441506965371
CREATOR,SIG_GHOST,10,6,1,1,0.26091618738525363
CREATOR,SIG_GHOST,10,7,1,1,0.029000415954333877
CREATOR,SIG_GHOST,10,8,1,1,0.012776760758739205
CREATOR,SIG_GHOST,10,9,1,1,0.0027378477093822204
CREATOR,SIG_GHOST,10,10,1,1,0.2341391291804531
CREATOR,SIG_GHOST,10,11,1,1,0.046368276056843696
CREATOR,SIG_GHOST,10,12,1,1,0.4546714100823467
CREATOR,SIG_GHOST,10,13,1,1,0.018761068829991647
CREATOR,SIG_GHOST,10,14,1,1,0.16155374142877277
CREATOR,SIG_GHOST,10,15,1,1,0.07152723581901267
CREATOR,SIG_GHOST,10,16,1,1,0.1468314425964496
CREATOR,SIG_GHOST,10,17,1,1,0.018446295647856343
CREATOR,SIG_GHOST,10,18,1,1,0.6905930109218966
CREATOR,SIG_GHOST,10,19,1,1,0.015508530507125147
CREATOR,SIG_GHOST,10,20,1,1,0.0008734914165626162
CREATOR,SIG_GHOST,10,21,1,1,0.020437961388711942
CREATOR,SIG_GHOST,10,22,1,1,0.0500367524733822
CREATOR,SIG_GHOST,10,23,1,1,0.0009369817923758212
CREATOR,SIG_GHOST,10,24,1,1,0.00010148936409206626
CREATOR,SIG_GHOST,10,25,1,1,0.013521908562021621
CREATOR,SIG_GHOST,10,26,1,1,0.5640814077925002
CREATOR,SIG_GHOST,10,27,1,1,0.011440748553450718
CREATOR,SIG_GHOST,10,28,1,1,0.0009022048936260218
CREATOR,SIG_GHOST,10,29,1,1,0.009324085685962512
CREATOR,SIG_GHOST,10,30,1,1,0.04252680373092109
CREATOR,SIG_GHOST,10,31,1,1,0.019151957943693593
CREATOR,SIG_GHOST,10,32,1,1,0.2434302360771527
CREATOR,SIG_GHOST,10,33,1,1,0.00043170476484664445
CREATOR,SIG_GHOST,10,34,1,1,0.01412701890826526
CREATOR,SIG_GHOST,10,35,1,1,0.0167374486275055
CREATOR,SIG_GHOST,10,36,1,1,0.07152956734882505
CREATOR,SIG_GHOST,10,37,1,1,0.0011688678540178684
CREATOR,SIG_GHOST,10,38,1,1,0.0007852676477434219
CREATOR,SIG_GHOST,10,39,1,1,0.0508280173339464
CREATOR,SIG_GHOST,10,40,1,1,0.004950050645621804
CREATOR,SIG_GHOST,10,41,1,1,0.13848691593605342
CREATOR,SIG_GHOST,10,42,1,1,0.689237232835105
CREATOR,SIG_GHOST,10,43,1,1,0.04583027998447274
CREATOR,SIG_GHOST,10,44,1,1,0.03369811549872794
CREATOR,SIG_GHOST,10,45,1,1,0.04433162769371885
CREATOR,SIG_GHOST,10,46,1,1,0.04127896515998111
CREATOR,SIG_GHOST,10,47,1,1,0.0038023871063352648
CREATOR,SIG_GHOST,10,48,1,1,0.010908814612025218
CREATOR,SIG_GHOST,10,49,1,1,0.0013379485354459192
CREATOR,SIG_GHOST,10,50,1,1,0.045259064676095404
CREATOR,SIG_GHOST,10,51,1,1,0.012027558565216707
CREATOR,SIG_GHOST,10,52,1,1,0.00044713833654029257
CREATOR,SIG_GHOST,10,53,1,1,0.6415034706436286
CREATOR,SIG_GHOST,10,54,1,1,0.014341464713069088
CREATOR,SIG_GHOST,10,55,1,1,0.03485515106379011
CREATOR,SIG_GHOST,10,56,1,1,0.01697625092230157
CREATOR,SIG_GHOST,10,57,1,1,0.05139392703790622
CREATOR,SIG_GHOST,10,58,1,1,0.4756044683801919
CREATOR,SIG_GHOST,10,59,1,1,0.010816589761250172
CREATOR,SIG_GHOST,10,60,1,1,0.004955333332239902
CREATOR,SIG_GHOST,10,61,1,1,0.14810311979701576
CREATOR,SIG_GHOST,10,62,1,1,0.9303081075253979
CREATOR,SIG_GHOST,10,63,1,1,0.015645289201185304
CREATOR,SIG_GHOST,10,64,1,1,0.003284554083925104
CREATOR,SIG_GHOST,10,65,1,1,0.03215089610766382
CREATOR,SIG_GHOST,10,66,1,1,0.009639019222935159
CREATOR,SIG_GHOST,10,67,1,1,0.01626462172890466
CREATOR,SIG_GHOST,10,68,1,1,0.05203952023673698
CREATOR,SIG_GHOST,10,69,1,1,0.010562159022549596
CREATOR,SIG_GHOST,10,70,1,1,0.010246518618391303
CREATOR,SIG_GHOST,10,71,1,1,0.040496643617499536
CREATOR,SIG_GHOST,10,72,1,1,0.23709934059660115
CREATOR,SIG_GHOST,10,73,1,1,0.10028836010186504
CREATOR,SIG_GHOST,10,74,1,1,0.0046524547884154565
CREATOR,SIG_GHOST,10,75,1,1,0.2504424730720385
CREATOR,SIG_GHOST,10,76,1,1,0.4079916030925547
CREATOR,SIG_GHOST,10,77,1,1,0.0027761481010591636
CREATOR,SIG_GHOST,10,78,1,1,0.01357989010306198
CREATOR,SIG_GHOST,10,79,1,1,0.09404893014604594
CREATOR,SIG_GHOST,10,80,1,1,1.2413028040333494
CREATOR,SIG_GHOST,10,81,1,1,0.048226380179044265
CREATOR,SIG_GHOST,10,82,1,1,0.0012934972773064367
CREATOR,SIG_GHOST,10,83,1,1,0.14232711404327747
CREATOR,SIG_GHOST,10,84,1,1,0.036540919498803205
CREATOR,SIG_GHOST,10,85,1,1,0.0012316483413338144
CREATOR,SIG_GHOST,10,86,1,1,0.0875040459314409
CREATOR,SIG_GHOST,10,87,1,1,0.013164909187777447
CREATOR,SIG_GHOST,10,88,1,1,0.02946432307377794
CREATOR,SIG_GHOST,10,89,1,1,0.004927289522541716
CREATOR,SIG_GHOST,10,90,1,1,0.676347308922691
CREATOR,SIG_GHOST,10,91,1,1,0.012495937989236802
CREATOR,SIG_GHOST,10,92,1,1,0.017224967158331585
CREATOR,SIG_GHOST,10,93,1,1,0.0014764610984714043
CREATOR,SIG_GHOST,10,94,1,1,0.37073471792522855
CREATOR,SIG_GHOST,10,95,1,1,0.0008324555713535969
CREATOR,SIG_GHOST,10,96,1,1,0.16191067913838353
CREATOR,SIG_GHOST,10,97,1,1,0.1318184267557024
CREATOR,SIG_GHOST,10,98,1,1,0.6580656567395622
CREATOR,SIG_GHOST,10,99,1,1,0.07749510058645093
CREATOR,SIG_GHOST,10,100,1,1,0.06589984964415282
CREATOR,SIG_GHOST,10,101,1,1,0.009750475788075252
CREATOR,SIG_GHOST,10,102,1,1,0.007635745450774466
CREATOR,SIG_GHOST,10,103,1,1,0.01636996783828594
CREATOR,SIG_GHOST,10,104,1,1,0.004338581985484247
CREATOR,SIG_GHOST,10,105,1,1,0.0035063879586343044
CREATOR,SIG_GHOST,10,106,1,1,0.8648154293375125
CREATOR,SIG_GHOST,10,107,1,1,0.0037262149866990916
CREATOR,SIG_GHOST,10,108,1,1,0.005051640645341371
CREATOR,SIG_GHOST,10,109,1,1,0.027581259610618455
CREATOR,SIG_GHOST,10,110,1,1,0.03882316176679796
CREATOR,SIG_GHOST,10,111,1,1,0.14106505301209177
CREATOR,SIG_GHOST,10,112,1,1,0.009591093817126514
CREATOR,SIG_GHOST,10,113,1,1,0.15862692444682447
CREATOR,SIG_GHOST,10,114,1,1,0.0333650766090164
CREATOR,SIG_GHOST,10,115,1,1,0.000971435573466836
CREATOR,SIG_GHOST,10,116,1,1,0.030060508361826763
CREATOR,SIG_GHOST,10,117,1,1,0.001303965140405047
CREATOR,SIG_GHOST,10,118,1,1,0.5656817082602877
CREATOR,SIG_GHOST,10,119,1,1,0.01251370467955729
CREATOR,SIG_GHOST,10,120,1,1,0.09490770310191537
CREATOR,SIG_GHOST,10,121,1,1,0.00028546212321954893
CREATOR,SIG_GHOST,10,122,1,1,0.05161768381357393
CREATOR,SIG_GHOST,10,123,1,1,0.011307555386717525
CREATOR,SIG_GHOST,10,124,1,1,0.12878979458669618
CREATOR,SIG_GHOST,10,125,1,1,0.014293065066186482
CREATOR,SIG_GHOST,10,126,1,1,0.0019445395969087385
CREATOR,SIG_GHOST,10,127,1,1,0.011241081154009526
CREATOR,SIG_GHOST,10,128,1,1,0.03758027910043242
CREATOR,SIG_GHOST,10,129,1,1,0.0037548522903211356
CREATOR,SIG_GHOST,10,130,1,1,0.028699258455104192
CREATOR,SIG_GHOST,10,131,1,1,0.01121543265540464
CREATOR,SIG_GHOST,10,132,1,1,0.055070436930175944
CREATOR,SIG_GHOST,10,133,1,1,0.026921929664565115
CREATOR,SIG_GHOST,10,134,1,1,0.058654136742753306
CREATOR,SIG_GHOST,10,135,1,1,0.001382213047087386
CREATOR,SIG_GHOST,10,136,1,1,0.3082563969480469
CREATOR,SIG_GHOST,10,137,1,1,0.14827261831603472
CREATOR,SIG_GHOST,10,138,1,1,0.01055124491309365
CREATOR,SIG_GHOST,10,139,1,1,0.1529169363440182
CREATOR,SIG_GHOST,10,140,1,1,0.013268061267970664
CREATOR,SIG_GHOST,10,141,1,1,0.0002480139728208113
CREATOR,SIG_GHOST,10,142,1,1,0.36878441697200426
CREATOR,SIG_GHOST,10,143,1,1,0.052794555931030766
CREATOR,SIG_GHOST,10,144,1,1,0.163801402364745
CREATOR,SIG_GHOST,10,145,1,1,0.044276868726891044
CREATOR,SIG_GHOST,10,146,1,1,0.002480928172330101
CREATOR,SIG_GHOST,10,147,1,1,0.9162937193118548
CREATOR,SIG_GHOST,10,148,1,1,0.07397058404023595
CREATOR,SIG_GHOST,10,149,1,1,0.07472125805314608
CREATOR,SIG_GHOST,10,150,1,1,0.052551345006686796
CREATOR,SIG_GHOST,10,151,1,1,0.01216810433992107
CREATOR,SIG_GHOST,10,152,1,1,0.9804660396751428
CREATOR,SIG_GHOST,10,153,1,1,0.0009418321973979501
CREATOR,SIG_GHOST,10,154,1,1,0.05132769486303316
CREATOR,SIG_GHOST,10,155,1,1,0.04217809980867089
CREATOR,SIG_GHOST,10,156,1,1,0.000827529897985368
CREATOR,SIG_GHOST,10,157,1,1,0.0010879752400853619
CREATOR,SIG_GHOST,10,158,1,1,0.004885077932447027
CREATOR,SIG_GHOST,10,159,1,1,0.030590070463367817
CREATOR,SIG_GHOST,10,160,1,1,0.006980240960565073
CREATOR,SIG_GHOST,10,161,1,1,0.810501381495542
CREATOR,SIG_GHOST,10,162,1,1,0.07348678999600375
CREATOR,SIG_GHOST,10,163,1,1,0.031008967056800552
CREATOR,SIG_GHOST,10,164,1,1,0.10501746598790301
CREATOR,SIG_GHOST,10,165,1,1,0.00552364881363751
CREATOR,SIG_GHOST,10,166,1,1,0.4495703047899736
CREATOR,SIG_GHOST,10,167,1,1,0.009602483462468761
CREATOR,SIG_GHOST,10,168,1,1,0.0030636564343710405
CREATOR,SIG_GHOST,10,169,1,1,0.000910877718548293
CREATOR,SIG_GHOST,10,170,1,1,0.016589732549340486
CREATOR,SIG_GHOST,10,171,1,1,0.6823090360675552
CREATOR,SIG_GHOST,10,172,1,1,0.013417687741292435
CREATOR,SIG_GHOST,10,173,1,1,0.04409841513723592
CREATOR,SIG_GHOST,10,174,1,1,0.08488181568493353
CREATOR,SIG_GHOST,10,175,1,1,0.041702062358048825
CREATOR,SIG_GHOST,10,176,1,1,0.012083266088524017
CREATOR,SIG_GHOST,10,177,1,1,0.0992239535194387
CREATOR,SIG_GHOST,10,178,1,1,0.008501641435363794
CREATOR,SIG_GHOST,10,179,1,1,0.009339980995593453
CREATOR,SIG_GHOST,10,180,1,1,0.013900835974155465
CREATOR,SIG_GHOST,10,181,1,1,0.03427442760440281
CREATOR,SIG_GHOST,10,182,1,1,0.00433667387627003
CREATOR,SIG_GHOST,10,183,1,1,0.0009788884814834332
CREATOR,SIG_GHOST,10,184,1,1,0.005124407158378717
CREATOR,SIG_GHOST,10,185,1,1,0.03485283099589582
CREATOR,SIG_GHOST,10,186,1,1,0.03201654737105312
CREATOR,SIG_GHOST,10,187,1,1,0.14233229267870018
CREATOR,SIG_GHOST,10,188,1,1,0.013855350619616413
CREATOR,SIG_GHOST,10,189,1,1,0.012330823701165752
CREATOR,SIG_GHOST,10,190,1,1,0.04927414154467221
CREATOR,SIG_GHOST,10,191,1,1,0.015022968134176314
CREATOR,SIG_GHOST,10,192,1,1,0.00795932360601306
CREATOR,SIG_GHOST,10,193,1,1,0.004759316166843069
CREATOR,SIG_GHOST,10,194,1,1,0.1594024900775655
CREATOR,SIG_GHOST,10,195,1,1,0.0038252081375745846
CREATOR,SIG_GHOST,10,196,1,1,1.3135393637622905
CREATOR,SIG_GHOST,10,197,1,1,0.6781206935805255
CREATOR,SIG_GHOST,10,198,1,1,0.0387191876094113
CREATOR,SIG_GHOST,10,199,1,1,0.30785530967907665
CREATOR,SIG_GHOST,11,0,1,1,0.028743317677309314
CREATOR,SIG_GHOST,11,1,1,1,0.11893157143436872
CREATOR,SIG_GHOST,11,2,1,1,0.003612723549200677
CREATOR,SIG_GHOST,11,3,1,1,0.00432397185711558
CREATOR,SIG_GHOST,11,4,1,1,0.39375105374456465
CREATOR,SIG_GHOST,11,5,1,1,0.63699933153666
CREATOR,SIG_GHOST,11,6,1,1,0.013396186166538464
CREATOR,SIG_GHOST,11,7,1,1,0.03405876868630397
CREATOR,SIG_GHOST,11,8,1,1,0.010619296858723233
CREATOR,SIG_GHOST,11,9,1,1,0.13489010252555478
CREATOR,SIG_GHOST,11,10,1,1,0.001114741751965299
CREATOR,SIG_GHOST,11,11,1,1,0.004388811364119036
CREATOR,SIG_GHOST,11,12,1,1,0.25694335643771116
CREATOR,SIG_GHOST,11,13,1,1,0.007766364160757145
CREATOR,SIG_GHOST,11,14,1,1,0.09875270101157435
CREATOR,SIG_GHOST,11,15,1,1,0.004975943689470882
CREATOR,SIG_GHOST,11,16,1,1,0.023075262470825114
CREATOR,SIG_GHOST,11,17,1,1,0.004809524098572947
CREATOR,SIG_GHOST,11,18,1,1,0.039918996755005355
CREATOR,SIG_GHOST,11,19,1,1,0.16402362076290183
CREATOR,SIG_GHOST,11,20,1,1,0.000441821988937537
CREATOR,SIG_GHOST,11,21,1,1,0.008581260819190148
CREATOR,SIG_GHOST,11,22,1,1,0.0009021035505237447
CREATOR,SIG_GHOST,11,23,1,1,0.029506872836965525
CREATOR,SIG_GHOST,11,24,1,1,0.01714638987957235
CREATOR,SIG_GHOST,11,25,1,1,0.04115069817436936
CREATOR,SIG_GHOST,11,26,1,1,0.031237738756888567
CREATOR,SIG_GHOST,11,27,1,1,0.07349073312706503
CREATOR,SIG_GHOST,11,28,1,1,0.014788654213435427
CREATOR,SIG_GHOST,11,29,1,1,0.0521067908824677
CREATOR,SIG_GHOST,11,30,1,1,0.0043596795697617985
CREATOR,SIG_GHOST,11,31,1,1,0.009280244445419639
CREATOR,SIG_GHOST,11,32,1,1,0.00046288737087075765
CREATOR,SIG_GHOST,11,33,1,1,0.6950745584331091
CREATOR,SIG_GHOST,11,34,1,1,0.07114364279777081
CREATOR,SIG_GHOST,11,35,1,1,0.014986418530315437
CREATOR,SIG_GHOST,11,36,1,1,0.6664173616238264
CREATOR,SIG_GHOST,11,37,1,1,0.09520482556654514
CREATOR,SIG_GHOST,11,38,1,1,0.16290391335918922
CREATOR,SIG_GHOST,11,39,1,1,0.004670025710844422
CREATOR,SIG_GHOST,11,40,1,1,0.03126128455326879
CREATOR,SIG_GHOST,11,41,1,1,0.9477268487863586
CREATOR,SIG_GHOST,11,42,1,1,0.0010397815852739127
CREATOR,SIG_GHOST,11,43,1,1,0.0015894902358263028
CREATOR,SIG_GHOST,11,44,1,1,0.03679603797922359
CREATOR,SIG_GHOST,11,45,1,1,0.036747060447558315
CREATOR,SIG_GHOST,11,46,1,1,0.007468334129953565
CREATOR,SIG_GHOST,11,47,1,1,0.0372932636670428
CREATOR,SIG_GHOST,11,48,1,1,0.027483482505814283
CREATOR,SIG_GHOST,11,49,1,1,0.00029562129292219456
CREATOR,SIG_GHOST,11,50,1,1,0.007737795246133754
CREATOR,SIG_GHOST,11,51,1,1,0.05852050814754141
CREATOR,SIG_GHOST,11,52,1,1,0.014157966845218908
CREATOR,SIG_GHOST,11,53,1,1,0.15370956275775433
CREATOR,SIG_GHOST,11,54,1,1,0.048327231802723164
CREATOR,SIG_GHOST,11,55,1,1,0.05199752128300415
CREATOR,SIG_GHOST,11,56,1,1,0.001309928343804878
CREATOR,SIG_GHOST,11,57,1,1,0.04517141483000972
CREATOR,SIG_GHOST,11,58,1,1,0.00418913067169469
CREATOR,SIG_GHOST,11,59,1,1,0.18872782943646385
CREATOR,SIG_GHOST,11,60,1,1,0.002053781432022382
CREATOR,SIG_GHOST,11,61,1,1,0.036546114457158774
CREATOR,SIG_GHOST,11,62,1,1,0.0013585295949719598
CREATOR,SIG_GHOST,11,63,1,1,0.027034703203408436
CREATOR,SIG_GHOST,11,64,1,1,0.011398768430085793
CREATOR,SIG_GHOST,11,65,1,1,0.17361576659602912
CREATOR,SIG_GHOST,11,66,1,1,0.0015418200032469506
CREATOR,SIG_GHOST,11,67,1,1,0.009357312556539961
CREATOR,SIG_GHOST,11,68,1,1,0.03449279991385164
CREATOR,SIG_GHOST,11,69,1,1,0.0006317776695415511
CREATOR,SIG_GHOST,11,70,1,1,0.6235190973075218
CREATOR,SIG_GHOST,11,71,1,1,0.10545686931474238
CREATOR,SIG_GHOST,11,72,1,1,0.004886967142130527
CREATOR,SIG_GHOST,11,73,1,1,0.0013958014233586167
CREATOR,SIG_GHOST,11,74,1,1,0.01603252202695117
CREATOR,SIG_GHOST,11,75,1,1,0.013512069707587645
CREATOR,SIG_GHOST,11,76,1,1,0.05499391024071823
CREATOR,SIG_GHOST,11,77,1,1,0.15841952917637614
CREATOR,SIG_GHOST,11,78,1,1,0.004698533145972874
CREATOR,SIG_GHOST,11,79,1,1,0.09252408025937865
CREATOR,SIG_GHOST,11,80,1,1,0.03296907476675804
CREATOR,SIG_GHOST,11,81,1,1,0.00953272148662586
CREATOR,SIG_GHOST,11,82,1,1,0.06665399527568346
CREATOR,SIG_GHOST,11,83,1,1,0.015651277274086998
CREATOR,SIG_GHOST,11,84,1,1,0.013225728656432876
CREATOR,SIG_GHOST,11,85,1,1,0.05969486326527349
CREATOR,SIG_GHOST,11,86,1,1,0.13765032828612528
CREATOR,SIG_GHOST,11,87,1,1,0.0013291194438377805
CREATOR,SIG_GHOST,11,88,1,1,2.9495444203666703e-05
CREATOR,SIG_GHOST,11,89,1,1,0.0412417725005347
CREATOR,SIG_GHOST,11,90,1,1,0.028140711859238384
CREATOR,SIG_GHOST,11,91,1,1,0.05091887392319862
CREATOR,SIG_GHOST,11,92,1,1,0.0152283659674342
CREATOR,SIG_GHOST,11,93,1,1,0.012893905388676156
CREATOR,SIG_GHOST,11,94,1,1,0.0027965284883717033
CREATOR,SIG_GHOST,11,95,1,1,0.004763270473183596
CREATOR,SIG_GHOST,11,96,1,1,0.014737941953218666
CREATOR,SIG_GHOST,11,97,1,1,0.03827877063587965
CREATOR,SIG_GHOST,11,98,1,1,0.09212549808650483
CREATOR,SIG_GHOST,11,99,1,1,0.047869611507772525
CREATOR,SIG_GHOST,11,100,1,1,0.014637222801125494
CREATOR,SIG_GHOST,11,101,1,1,0.2763569969254236
CREATOR,SIG_GHOST,11,102,1,1,0.014838495618872148
CREATOR,SIG_GHOST,11,103,1,1,0.02472898556319507
CREATOR,SIG_GHOST,11,104,1,1,0.0023402403343705715
CREATOR,SIG_GHOST,11,105,1,1,0.0010181557380120562
CREATOR,SIG_GHOST,11,106,1,1,0.0016080597097147885
CREATOR,SIG_GHOST,11,107,1,1,0.05025860381758407
CREATOR,SIG_GHOST,11,108,1,1,1.182393618483389
CREATOR,SIG_GHOST,11,109,1,1,0.02439932436710563
CREATOR,SIG_GHOST,11,110,1,1,0.004728800813035045
CREATOR,SIG_GHOST,11,111,1,1,0.0896509879787897
CREATOR,SIG_GHOST,11,112,1,1,0.003316949889795243
CREATOR,SIG_GHOST,11,113,1,1,0.3324444096283996
CREATOR,SIG_GHOST,11,114,1,1,0.013329218052711643
CREATOR,SIG_GHOST,11,115,1,1,0.06501564945332644
CREATOR,SIG_GHOST,11,116,1,1,0.23916230348926917
CREATOR,SIG_GHOST,11,117,1,1,0.8334028719568138
CREATOR,SIG_GHOST,11,118,1,1,0.016692183772706915
CREATOR,SIG_GHOST,11,119,1,1,0.05294251601613793
CREATOR,SIG_GHOST,11,120,1,1,0.11914051903675256
CREATOR,SIG_GHOST,11,121,1,1,0.056147528716621806
CREATOR,SIG_GHOST,11,122,1,1,0.00492233663564356
CREATOR,SIG_GHOST,11,123,1,1,0.23562967966003948
CREATOR,SIG_GHOST,11,124,1,1,0.007016118898925176
CREATOR,SIG_GHOST,11,125,1,1,0.0008855972423122392
CREATOR,SIG_GHOST,11,126,1,1,0.013648465452907606
CREATOR,SIG_GHOST,11,127,1,1,0.03285764784630427
CREATOR,SIG_GHOST,11,128,1,1,0.0044120385147426895
CREATOR,SIG_GHOST,11,129,1,1,0.0032936602012806943
CREATOR,SIG_GHOST,11,130,1,1,0.004171743447044747
CREATOR,SIG_GHOST,11,131,1,1,0.013649642467814617
CREATOR,SIG_GHOST,11,132,1,1,0.08406916173901798
CREATOR,SIG_GHOST,11,133,1,1,0.0008717942170538336
CREATOR,SIG_GHOST,11,134,1,1,0.03170492708875227
CREATOR,SIG_GHOST,11,135,1,1,0.030641808731510605
CREATOR,SIG_GHOST,11,136,1,1,0.19924344857514364
CREATOR,SIG_GHOST,11,137,1,1,0.061427220279816175
CREATOR,SIG_GHOST,11,138,1,1,0.025076946770064244
CREATOR,SIG_GHOST,11,139,1,1,0.11674716510505784
CREATOR,SIG_GHOST,11,140,1,1,0.00151311181063051
CREATOR,SIG_GHOST,11,141,1,1,0.0004537280841493759
CREATOR,SIG_GHOST,11,142,1,1,0.002997701186724101
CREATOR,SIG_GHOST,11,143,1,1,0.0067944058099697
CREATOR,SIG_GHOST,11,144,1,1,0.04148794089404954
CREATOR,SIG_GHOST,11,145,1,1,0.0008126492593370849
CREATOR,SIG_GHOST,11,146,1,1,0.027265998177306915
CREATOR,SIG_GHOST,11,147,1,1,0.12482318238942475
CREATOR,SIG_GHOST,11,148,1,1,0.001357286887061909
CREATOR,SIG_GHOST,11,149,1,1,0.02098408280508512
CREATOR,SIG_GHOST,11,150,1,1,0.12404196951276908
CREATOR,SIG_GHOST,11,151,1,1,0.0009443960367100535
CREATOR,SIG_GHOST,11,152,1,1,0.025002113746787402
CREATOR,SIG_GHOST,11,153,1,1,0.003019564841298397
CREATOR,SIG_GHOST,11,154,1,1,0.0022747331438243965
CREATOR,SIG_GHOST,11,155,1,1,0.10944833716579082
CREATOR,SIG_GHOST,11,156,1,1,0.04143006197282231
CREATOR,SIG_GHOST,11,157,1,1,0.023231676962989983
CREATOR,SIG_GHOST,11,158,1,1,0.23578231188871226
CREATOR,SIG_GHOST,11,159,1,1,0.9142390764314966
CREATOR,SIG_GHOST,11,160,1,1,0.10721495562884979
CREATOR,SIG_GHOST,11,161,1,1,0.3861407453163538
CREATOR,SIG_GHOST,11,162,1,1,0.1102825507005348
CREATOR,SIG_GHOST,11,163,1,1,0.008309839450329004
CREATOR,SIG_GHOST,11,164,1,1,0.04572753617804151
CREATOR,SIG_GHOST,11,165,1,1,0.0009418626785326434
CREATOR,SIG_GHOST,11,166,1,1,0.05526799707249448
CREATOR,SIG_GHOST,11,167,1,1,0.000950552083102219
CREATOR,SIG_GHOST,11,168,1,1,0.05101670519223081
CREATOR,SIG_GHOST,11,169,1,1,0.004044723828548029
CREATOR,SIG_GHOST,11,170,1,1,0.005008425609278922
CREATOR,SIG_GHOST,11,171,1,1,0.001469082146194638
CREATOR,SIG_GHOST,11,172,1,1,0.15728629804013763
CREATOR,SIG_GHOST,11,173,1,1,0.036341536240203205
CREATOR,SIG_GHOST,11,174,1,1,0.011959042353792769
CREATOR,SIG_GHOST,11,175,1,1,0.006951873544324691
CREATOR,SIG_GHOST,11,176,1,1,0.010573486645719055
CREATOR,SIG_GHOST,11,177,1,1,0.005342204522679386
CREATOR,SIG_GHOST,11,178,1,1,0.13927070508250936
CREATOR,SIG_GHOST,11,179,1,1,0.035796974164842774
CREATOR,SIG_GHOST,11,180,1,1,0.18248231549090352
CREATOR,SIG_GHOST,11,181,1,1,0.014838055677759317
CREATOR,SIG_GHOST,11,182,1,1,0.030437968136525623
CREATOR,SIG_GHOST,11,183,1,1,0.01636866336966427
CREATOR,SIG_GHOST,11,184,1,1,0.0019769526395725457
CREATOR,SIG_GHOST,11,185,1,1,0.04061620597447544
CREATOR,SIG_GHOST,11,186,1,1,0.029605470524657323
CREATOR,SIG_GHOST,11,187,1,1,0.026503846985242885
CREATOR,SIG_GHOST,11,188,1,1,0.015118886050059892
CREATOR,SIG_GHOST,11,189,1,1,0.047916518935223126
CREATOR,SIG_GHOST,11,190,1,1,0.6110319945255899
CREATOR,SIG_GHOST,11,191,1,1,0.2779220412670487
CREATOR,SIG_GHOST,11,192,1,1,0.00044378774614969223
CREATOR,SIG_GHOST,11,193,1,1,0.004400426096629971
CREATOR,SIG_GHOST,11,194,1,1,0.35585402753009765
CREATOR,SIG_GHOST,11,195,1,1,0.8218934945007107
CREATOR,SIG_GHOST,11,196,1,1,0.008722353148620385
CREATOR,SIG_GHOST,11,197,1,1,0.14513211447484795
CREATOR,SIG_GHOST,11,198,1,1,0.0010304365246587256
CREATOR,SIG_GHOST,11,199,1,1,0.37469779218899807
CREATOR,SIG_GHOST,12,0,1,1,0.0007524298655558727
CREATOR,SIG_GHOST,12,1,1,1,0.0012969870006529073
CREATOR,SIG_GHOST,12,2,1,1,0.013836042851723178
CREATOR,SIG_GHOST,12,3,1,1,0.12077231732918184
CREATOR,SIG_GHOST,12,4,1,1,0.8730653016063719
CREATOR,SIG_GHOST,12,5,1,1,0.2791255268149286
CREATOR,SIG_GHOST,12,6,1,1,0.04532517423956899
CREATOR,SIG_GHOST,12,7,1,1,0.0029107783251408653
CREATOR,SIG_GHOST,12,8,1,1,0.04605947509174881
CREATOR,SIG_GHOST,12,9,1,1,0.0011217848775240736
CREATOR,SIG_GHOST,12,10,1,1,0.1607119729275366
CREATOR,SIG_GHOST,12,11,1,1,0.6897086745476525
CREATOR,SIG_GHOST,12,12,1,1,0.018875433360268194
CREATOR,SIG_GHOST,12,13,1,1,0.3794795014056023
CREATOR,SIG_GHOST,12,14,1,1,0.052175336688096485
CREATOR,SIG_GHOST,12,15,1,1,0.0009915807696687388
CREATOR,SIG_GHOST,12,16,1,1,0.003915528008903741
CREATOR,SIG_GHOST,12,17,1,1,0.017848229862512794
CREATOR,SIG_GHOST,12,18,1,1,0.0014638628362708046
CREATOR,SIG_GHOST,12,19,1,1,0.007657944043482806
CREATOR,SIG_GHOST,12,20,1,1,0.0010881231056267264
CREATOR,SIG_GHOST,12,21,1,1,0.008048800295952294
CREATOR,SIG_GHOST,12,22,1,1,0.06566468121209691
CREATOR,SIG_GHOST,12,23,1,1,0.04378210468524424
CREATOR,SIG_GHOST,12,24,1,1,0.12539553074964307
CREATOR,SIG_GHOST,12,25,1,1,0.4377171927926651
CREATOR,SIG_GHOST,12,26,1,1,0.05434469963308776
CREATOR,SIG_GHOST,12,27,1,1,0.018974640676672795
CREATOR,SIG_GHOST,12,28,1,1,0.026200227104522283
CREATOR,SIG_GHOST,12,29,1,1,0.006983128488330496
CREATOR,SIG_GHOST,12,30,1,1,0.03790166853070156
CREATOR,SIG_GHOST,12,31,1,1,0.08347736721924157
CREATOR,SIG_GHOST,12,32,1,1,0.37475026044408777
CREATOR,SIG_GHOST,12,33,1,1,0.1507476608722854
CREATOR,SIG_GHOST,12,34,1,1,0.13443615048198765
CREATOR,SIG_GHOST,12,35,1,1,0.06780602370713308
CREATOR,SIG_GHOST,12,36,1,1,0.06279024545696468
CREATOR,SIG_GHOST,12,37,1,1,0.028922257372771067
CREATOR,SIG_GHOST,12,38,1,1,0.2572684445238819
CREATOR,SIG_GHOST,12,39,1,1,0.0126670574960801
CREATOR,SIG_GHOST,12,40,1,1,0.0007186814003464661
CREATOR,SIG_GHOST,12,41,1,1,0.017128152674283505
CREATOR,SIG_GHOST,12,42,1,1,0.14123468687725907
CREATOR,SIG_GHOST,12,43,1,1,0.05807571574522808
CREATOR,SIG_GHOST,12,44,1,1,0.0008075936541611099
CREATOR,SIG_GHOST,12,45,1,1,0.0011873520274167746
CREATOR,SIG_GHOST,12,46,1,1,0.04177662807042445
CREATOR,SIG_GHOST,12,47,1,1,0.05178340550484546
CREATOR,SIG_GHOST,12,48,1,1,0.0465399204653244
CREATOR,SIG_GHOST,12,49,1,1,0.0010857718352769016
CREATOR,SIG_GHOST,12,50,1,1,0.13255930203028754
CREATOR,SIG_GHOST,12,51,1,1,0.06799984228330268
CREATOR,SIG_GHOST,12,52,1,1,0.5196546520132518
CREATOR,SIG_GHOST,12,53,1,1,0.0004470430376310085
CREATOR,SIG_GHOST,12,54,1,1,0.16104273169143202
CREATOR,SIG_GHOST,12,55,1,1,0.014619965009293237
CREATOR,SIG_GHOST,12,56,1,1,0.135132635320186
CREATOR,SIG_GHOST,12,57,1,1,0.10528383095803202
CREATOR,SIG_GHOST,12,58,1,1,0.018793438514536406
CREATOR,SIG_GHOST,12,59,1,1,0.016640105711055234
CREATOR,SIG_GHOST,12,60,1,1,0.004556963252182771
CREATOR,SIG_GHOST,12,61,1,1,0.017282115969453612
CREATOR,SIG_GHOST,12,62,1,1,0.00326124946543581
CREATOR,SIG_GHOST,12,63,1,1,0.028585352407677567
CREATOR,SIG_GHOST,12,64,1,1,0.03743694099034923
CREATOR,SIG_GHOST,12,65,1,1,0.005161590037234378
CREATOR,SIG_GHOST,12,66,1,1,0.10011421245048209
CREATOR,SIG_GHOST,12,67,1,1,0.0806532288210996
CREATOR,SIG_GHOST,12,68,1,1,0.011549884034436943
CREATOR,SIG_GHOST,12,69,1,1,0.0077195879776960664
CREATOR,SIG_GHOST,12,70,1,1,0.16766719181455403
CREATOR,SIG_GHOST,12,71,1,1,0.08674421308791845
CREATOR,SIG_GHOST,12,72,1,1,0.10449606760076771
CREATOR,SIG_GHOST,12,73,1,1,0.002632863837318
CREATOR,SIG_GHOST,12,74,1,1,0.0017122878484374167
CREATOR,SIG_GHOST,12,75,1,1,0.09944079092091287
CREATOR,SIG_GHOST,12,76,1,1,0.10238848523117874
CREATOR,SIG_GHOST,12,77,1,1,0.058216505706643044
CREATOR,SIG_GHOST,12,78,1,1,0.0031144444461425314
CREATOR,SIG_GHOST,12,79,1,1,0.09885257984545386
CREATOR,SIG_GHOST,12,80,1,1,0.16216955913665176
CREATOR,SIG_GHOST,12,81,1,1,0.014992993815553822
CREATOR,SIG_GHOST,12,82,1,1,0.007979728211470192
CREATOR,SIG_GHOST,12,83,1,1,0.014749036421148325
CREATOR,SIG_GHOST,12,84,1,1,0.05885843446964747
CREATOR,SIG_GHOST,12,85,1,1,0.2717606632362112
CREATOR,SIG_GHOST,12,86,1,1,0.04603938548430596
CREATOR,SIG_GHOST,12,87,1,1,0.8631185813241378
CREATOR,SIG_GHOST,12,88,1,1,0.11345528905094845
CREATOR,SIG_GHOST,12,89,1,1,0.012158795528313341
CREATOR,SIG_GHOST,12,90,1,1,0.14914239051977482
CREATOR,SIG_GHOST,12,91,1,1,0.6890610976728063
CREATOR,SIG_GHOST,12,92,1,1,0.17177217247351936
CREATOR,SIG_GHOST,12,93,1,1,0.003991265180279179
CREATOR,SIG_GHOST,12,94,1,1,7.242397089703495e-05
CREATOR,SIG_GHOST,12,95,1,1,0.2692750217339077
CREATOR,SIG_GHOST,12,96,1,1,0.002716125433938351
CREATOR,SIG_GHOST,12,97,1,1,0.051757114047298824
CREATOR,SIG_GHOST,12,98,1,1,0.0030163570006356997
CREATOR,SIG_GHOST,12,99,1,1,0.01646717976998327
CREATOR,SIG_GHOST,12,100,1,1,0.06590641420765685
CREATOR,SIG_GHOST,12,101,1,1,0.05189831962377213
CREATOR,SIG_GHOST,12,102,1,1,0.27964756068121516
CREATOR,SIG_GHOST,12,103,1,1,0.004064119054110129
CREATOR,SIG_GHOST,12,104,1,1,0.09287549236146826
CREATOR,SIG_GHOST,12,105,1,1,0.35331137002687907
CREATOR,SIG_GHOST,12,106,1,1,0.005134565398575102
CREATOR,SIG_GHOST,12,107,1,1,0.09372164709296726
CREATOR,SIG_GHOST,12,108,1,1,0.05146985630268174
CREATOR,SIG_GHOST,12,109,1,1,0.020802785848182008
CREATOR,SIG_GHOST,12,110,1,1,0.17178843109781075
CREATOR,SIG_GHOST,12,111,1,1,0.09587276272807377
CREATOR,SIG_GHOST,12,112,1,1,0.0046647593603223615
CREATOR,SIG_GHOST,12,113,1,1,0.0014505693631787714
CREATOR,SIG_GHOST,12,114,1,1,0.014028479343359924
CREATOR,SIG_GHOST,12,115,1,1,0.0004407664089745205
CREATOR,SIG_GHOST,12,116,1,1,0.0038014322727535155
CREATOR,SIG_GHOST,12,117,1,1,0.011309428729657258
CREATOR,SIG_GHOST,12,118,1,1,0.013130453859762112
CREATOR,SIG_GHOST,12,119,1,1,0.00032349024177133283
CREATOR,SIG_GHOST,12,120,1,1,0.07111788500762636
CREATOR,SIG_GHOST,12,121,1,1,0.07985748361416753
CREATOR,SIG_GHOST,12,122,1,1,0.016965647467000963
CREATOR,SIG_GHOST,12,123,1,1,0.10905181173708205
CREATOR,SIG_GHOST,12,124,1,1,0.0010971928363300721
CREATOR,SIG_GHOST,12,125,1,1,0.04332713792498127
CREATOR,SIG_GHOST,12,126,1,1,0.0026745382786964953
CREATOR,SIG_GHOST,12,127,1,1,8.702397993793337e-05
CREATOR,SIG_GHOST,12,128,1,1,0.0012533598799812716
CREATOR,SIG_GHOST,12,129,1,1,0.006340524244446139
CREATOR,SIG_GHOST,12,130,1,1,0.002697417513581745
CREATOR,SIG_GHOST,12,131,1,1,0.0487939171715818
CREATOR,SIG_GHOST,12,132,1,1,0.01201162058467136
CREATOR,SIG_GHOST,12,133,1,1,0.00527211622645344
CREATOR,SIG_GHOST,12,134,1,1,0.016169806479090675
CREATOR,SIG_GHOST,12,135,1,1,0.014434921250948758
CREATOR,SIG_GHOST,12,136,1,1,0.00940088502463567
CREATOR,SIG_GHOST,12,137,1,1,0.04074265615622476
CREATOR,SIG_GHOST,12,138,1,1,0.04461728809234199
CREATOR,SIG_GHOST,12,139,1,1,0.15575088288776454
CREATOR,SIG_GHOST,12,140,1,1,0.03407865332061013
CREATOR,SIG_GHOST,12,141,1,1,0.22684902837519877
CREATOR,SIG_GHOST,12,142,1,1,0.00056939579431025
CREATOR,SIG_GHOST,12,143,1,1,0.015280075995868744
CREATOR,SIG_GHOST,12,144,1,1,1.007447144950751
CREATOR,SIG_GHOST,12,145,1,1,0.04601918727027002
CREATOR,SIG_GHOST,12,146,1,1,0.007480182712664558
CREATOR,SIG_GHOST,12,147,1,1,0.00989581145233632
CREATOR,SIG_GHOST,12,148,1,1,0.05263616017054151
CREATOR,SIG_GHOST,12,149,1,1,0.6259623769585618
CREATOR,SIG_GHOST,12,150,1,1,0.003605958898142106
CREATOR,SIG_GHOST,12,151,1,1,0.016868637070587514
CREATOR,SIG_GHOST,12,152,1,1,0.08795324536241862
CREATOR,SIG_GHOST,12,153,1,1,0.015405227431913474
CREATOR,SIG_GHOST,12,154,1,1,0.042926532132132905
CREATOR,SIG_GHOST,12,155,1,1,0.014072491893536926
CREATOR,SIG_GHOST,12,156,1,1,0.00042030671682395253
CREATOR,SIG_GHOST,12,157,1,1,0.016926652543497702
CREATOR,SIG_GHOST,12,158,1,1,0.010427288410905598
CREATOR,SIG_GHOST,12,159,1,1,0.002865667436973698
CREATOR,SIG_GHOST,12,160,1,1,0.0487776725812619
CREATOR,SIG_GHOST,12,161,1,1,0.0669999578153454
CREATOR,SIG_GHOST,12,162,1,1,0.0926171503169751
CREATOR,SIG_GHOST,12,163,1,1,0.01336473379174946
CREATOR,SIG_GHOST,12,164,1,1,0.15430262693100605
CREATOR,SIG_GHOST,12,165,1,1,0.0008128536741946133
CREATOR,SIG_GHOST,12,166,1,1,0.0013416705320514484
CREATOR,SIG_GHOST,12,167,1,1,7.704143811681546e-05
CREATOR,SIG_GHOST,12,168,1,1,0.42310928637585404
CREATOR,SIG_GHOST,12,169,1,1,0.26663027167981546
CREATOR,SIG_GHOST,12,170,1,1,1.024775838976185
CREATOR,SIG_GHOST,12,171,1,1,0.01611465154073302
CREATOR,SIG_GHOST,12,172,1,1,0.015339627578579816
CREATOR,SIG_GHOST,12,173,1,1,0.1079165909176232
CREATOR,SIG_GHOST,12,174,1,1,0.13960894321808745
CREATOR,SIG_GHOST,12,175,1,1,0.01160960443581159
CREATOR,SIG_GHOST,12,176,1,1,0.00495129378489872
CREATOR,SIG_GHOST,12,177,1,1,0.005488005314680438
CREATOR,SIG_GHOST,12,178,1,1,0.008698336682453874
CREATOR,SIG_GHOST,12,179,1,1,0.31879436878790834
CREATOR,SIG_GHOST,12,180,1,1,0.000814803900743648
CREATOR,SIG_GHOST,12,181,1,1,0.004877150955731043
CREATOR,SIG_GHOST,12,182,1,1,0.0029376876812772863
CREATOR,SIG_GHOST,12,183,1,1,0.024932422119669787
CREATOR,SIG_GHOST,12,184,1,1,0.014046683664108911
CREATOR,SIG_GHOST,12,185,1,1,0.016798937074656205
CREATOR,SIG_GHOST,12,186,1,1,0.11704214985877856
CREATOR,SIG_GHOST,12,187,1,1,0.08897317551149377
CREATOR,SIG_GHOST,12,188,1,1,0.13498944563848672
CREATOR,SIG_GHOST,12,189,1,1,0.036576482448478616
CREATOR,SIG_GHOST,12,190,1,1,0.1610669916914664
CREATOR,SIG_GHOST,12,191,1,1,0.008098485333104487
CREATOR,SIG_GHOST,12,192,1,1,0.031246699036438445
CREATOR,SIG_GHOST,12,193,1,1,0.0035000919317461614
CREATOR,SIG_GHOST,12,194,1,1,0.07904718305864963
CREATOR,SIG_GHOST,12,195,1,1,0.045764622451841264
CREATOR,SIG_GHOST,12,196,1,1,0.022079350119816404
CREATOR,SIG_GHOST,12,197,1,1,0.042838494026532004
CREATOR,SIG_GHOST,12,198,1,1,0.0121640156232741
CREATOR,SIG_GHOST,12,199,1,1,0.08588826504881554
CREATOR,SIG_GHOST,13,0,1,1,0.19882917326834149
CREATOR,SIG_GHOST,13,1,1,1,0.05539295413728333
CREATOR,SIG_GHOST,13,2,1,1,0.10118144070817753
CREATOR,SIG_GHOST,13,3,1,1,0.004650542928207305
CREATOR,SIG_GHOST,13,4,1,1,0.0007763276302081259
CREATOR,SIG_GHOST,13,5,1,1,0.007929896646302729
CREATOR,SIG_GHOST,13,6,1,1,0.09766037912682773
CREATOR,SIG_GHOST,13,7,1,1,0.1359870880166581
CREATOR,SIG_GHOST,13,8,1,1,0.0004049547447626294
CREATOR,SIG_GHOST,13,9,1,1,0.023067398505601924
CREATOR,SIG_GHOST,13,10,1,1,0.01639150116298269
CREATOR,SIG_GHOST,13,11,1,1,0.004858722631170102
CREATOR,SIG_GHOST,13,12,1,1,0.08880109243086876
CREATOR,SIG_GHOST,13,13,1,1,0.3376591918334223
CREATOR,SIG_GHOST,13,14,1,1,0.015455395665315034
CREATOR,SIG_GHOST,13,15,1,1,0.01379757105537456
CREATOR,SIG_GHOST,13,16,1,1,0.278892351933947
CREATOR,SIG_GHOST,13,17,1,1,0.016076826669532463
CREATOR,SIG_GHOST,13,18,1,1,0.058150492942845675
CREATOR,SIG_GHOST,13,19,1,1,0.004615361896705114
CREATOR,SIG_GHOST,13,20,1,1,0.04496947163982
CREATOR,SIG_GHOST,13,21,1,1,0.0064076406310836775
CREATOR,SIG_GHOST,13,22,1,1,1.2780556404973409
CREATOR,SIG_GHOST,13,23,1,1,0.008418709507507612
CREATOR,SIG_GHOST,13,24,1,1,0.07416508347390079
CREATOR,SIG_GHOST,13,25,1,1,0.36103707105727717
CREATOR,SIG_GHOST,13,26,1,1,0.08955870868812899
CREATOR,SIG_GHOST,13,27,1,1,0.03671983241229934
CREATOR,SIG_GHOST,13,28,1,1,0.16263855342705394
CREATOR,SIG_GHOST,13,29,1,1,0.007967418244401985
CREATOR,SIG_GHOST,13,30,1,1,0.011396456118732735
CREATOR,SIG_GHOST,13,31,1,1,0.002958466719596421
CREATOR,SIG_GHOST,13,32,1,1,0.011082635109788175
CREATOR,SIG_GHOST,13,33,1,1,0.00950242481787562
CREATOR,SIG_GHOST,13,34,1,1,0.01411255270991794
CREATOR,SIG_GHOST,13,35,1,1,0.08246604739284677
CREATOR,SIG_GHOST,13,36,1,1,0.014527871250158335
CREATOR,SIG_GHOST,13,37,1,1,0.015887584870168163
CREATOR,SIG_GHOST,13,38,1,1,0.008784155305991463
CREATOR,SIG_GHOST,13,39,1,1,0.008354070599935341
CREATOR,SIG_GHOST,13,40,1,1,0.008340692148239277
CREATOR,SIG_GHOST,13,41,1,1,0.15610005110057995
CREATOR,SIG_GHOST,13,42,1,1,0.01244403739663707
CREATOR,SIG_GHOST,13,43,1,1,0.3354835894140732
CREATOR,SIG_GHOST,13,44,1,1,0.016051748454047183
CREATOR,SIG_GHOST,13,45,1,1,0.015579899542375542
CREATOR,SIG_GHOST,13,46,1,1,0.4090800074238627
CREATOR,SIG_GHOST,13,47,1,1,0.01592550338043643
CREATOR,SIG_GHOST,13,48,1,1,0.004507317843090345
CREATOR,SIG_GHOST,13,49,1,1,0.015624306534656473
CREATOR,SIG_GHOST,13,50,1,1,0.053599003915458056
CREATOR,SIG_GHOST,13,51,1,1,0.28747431342702157
CREATOR,SIG_GHOST,13,52,1,1,0.0011489391154280377
CREATOR,SIG_GHOST,13,53,1,1,0.0067923347813739435
CREATOR,SIG_GHOST,13,54,1,1,0.10268365131805088
CREATOR,SIG_GHOST,13,55,1,1,0.10776369858692009
CREATOR,SIG_GHOST,13,56,1,1,0.10697561083007463
CREATOR,SIG_GHOST,13,57,1,1,0.00026422627214956693
CREATOR,SIG_GHOST,13,58,1,1,0.01666851051829899
CREATOR,SIG_GHOST,13,59,1,1,0.06580670570038218
CREATOR,SIG_GHOST,13,60,1,1,0.05027551193708514
CREATOR,SIG_GHOST,13,61,1,1,0.038186802221829054
CREATOR,SIG_GHOST,13,62,1,1,0.13060463893109486
CREATOR,SIG_GHOST,13,63,1,1,0.000877807998226539
CREATOR,SIG_GHOST,13,64,1,1,0.03382281830213147
CREATOR,SIG_GHOST,13,65,1,1,0.009959141472664444
CREATOR,SIG_GHOST,13,66,1,1,0.09881136463754948
CREATOR,SIG_GHOST,13,67,1,1,0.004568813282584568
CREATOR,SIG_GHOST,13,68,1,1,0.00021849175931613313
CREATOR,SIG_GHOST,13,69,1,1,0.011007586315984978
CREATOR,SIG_GHOST,13,70,1,1,0.007338398383454519
CREATOR,SIG_GHOST,13,71,1,1,0.1198686846676333
CREATOR,SIG_GHOST,13,72,1,1,0.029260847406418808
CREATOR,SIG_GHOST,13,73,1,1,1.027335671533169
CREATOR,SIG_GHOST,13,74,1,1,0.0770091023817447
CREATOR,SIG_GHOST,13,75,1,1,0.004349506067323604
CREATOR,SIG_GHOST,13,76,1,1,0.05325754398883796
CREATOR,SIG_GHOST,13,77,1,1,0.007995377914785561
CREATOR,SIG_GHOST,13,78,1,1,0.0017432716127110267
CREATOR,SIG_GHOST,13,79,1,1,0.044685973594936326
CREATOR,SIG_GHOST,13,80,1,1,0.04143104832545392
CREATOR,SIG_GHOST,13,81,1,1,0.007981331317313333
CREATOR,SIG_GHOST,13,82,1,1,0.04998947828296035
CREATOR,SIG_GHOST,13,83,1,1,0.01928901210267709
CREATOR,SIG_GHOST,13,84,1,1,0.005110179984648975
CREATOR,SIG_GHOST,13,85,1,1,1.0652713673705838
CREATOR,SIG_GHOST,13,86,1,1,0.7068808662938629
CREATOR,SIG_GHOST,13,87,1,1,0.003783356604626958
CREATOR,SIG_GHOST,13,88,1,1,0.5925000952207009
CREATOR,SIG_GHOST,13,89,1,1,0.02355846213240512
CREATOR,SIG_GHOST,13,90,1,1,0.029164156001120087
CREATOR,SIG_GHOST,13,91,1,1,0.1057011621040018
CREATOR,SIG_GHOST,13,92,1,1,0.00029024862438227944
CREATOR,SIG_GHOST,13,93,1,1,0.09256566881493238
CREATOR,SIG_GHOST,13,94,1,1,0.029683006225101206
CREATOR,SIG_GHOST,13,95,1,1,0.04416019145231124
CREATOR,SIG_GHOST,13,96,1,1,0.42800507673574634
CREATOR,SIG_GHOST,13,97,1,1,0.14718911320337863
CREATOR,SIG_GHOST,13,98,1,1,0.01698068028060535
CREATOR,SIG_GHOST,13,99,1,1,0.0036608234211179215
CREATOR,SIG_GHOST,13,100,1,1,0.0008655828923948682
CREATOR,SIG_GHOST,13,101,1,1,0.09611747819000449
CREATOR,SIG_GHOST,13,102,1,1,0.002233900416229258
CREATOR,SIG_GHOST,13,103,1,1,0.004833474022367281
CREATOR,SIG_GHOST,13,104,1,1,0.0015453395964567288
CREATOR,SIG_GHOST,13,105,1,1,0.014196696634647954
CREATOR,SIG_GHOST,13,106,1,1,0.012700326281458642
CREATOR,SIG_GHOST,13,107,1,1,0.04634974879655231
CREATOR,SIG_GHOST,13,108,1,1,0.003420308662281309
CREATOR,SIG_GHOST,13,109,1,1,0.006738282851391216
CREATOR,SIG_GHOST,13,110,1,1,0.011290623344295713
CREATOR,SIG_GHOST,13,111,1,1,0.005145908103376719
CREATOR,SIG_GHOST,13,112,1,1,0.016902604434821028
CREATOR,SIG_GHOST,13,113,1,1,0.0389691582156433
CREATOR,SIG_GHOST,13,114,1,1,0.05255404499786418
CREATOR,SIG_GHOST,13,115,1,1,0.4185139898231521
CREATOR,SIG_GHOST,13,116,1,1,0.036555380042091704
CREATOR,SIG_GHOST,13,117,1,1,0.08729122580025535
CREATOR,SIG_GHOST,13,118,1,1,0.015119917667136365
CREATOR,SIG_GHOST,13,119,1,1,0.15672201626046683
CREATOR,SIG_GHOST,13,120,1,1,0.000957382753079535
CREATOR,SIG_GHOST,13,121,1,1,0.0027622374310417195
CREATOR,SIG_GHOST,13,122,1,1,0.00463435393600814
CREATOR,SIG_GHOST,13,123,1,1,0.2942903956241533
CREATOR,SIG_GHOST,13,124,1,1,0.009668026344857677
CREATOR,SIG_GHOST,13,125,1,1,0.3547035895978498
CREATOR,SIG_GHOST,13,126,1,1,0.016992782000845107
CREATOR,SIG_GHOST,13,127,1,1,0.04706119584145557
CREATOR,SIG_GHOST,13,128,1,1,0.012619832700714581
CREATOR,SIG_GHOST,13,129,1,1,0.015000336193934512
CREATOR,SIG_GHOST,13,130,1,1,0.016919445759836026
CREATOR,SIG_GHOST,13,131,1,1,0.11221962546977834
CREATOR,SIG_GHOST,13,132,1,1,0.013998749370222337
CREATOR,SIG_GHOST,13,133,1,1,0.011280327521897721
CREATOR,SIG_GHOST,13,134,1,1,0.004722078159088441
CREATOR,SIG_GHOST,13,135,1,1,0.0035403730769756414
CREATOR,SIG_GHOST,13,136,1,1,0.013531523688690116
CREATOR,SIG_GHOST,13,137,1,1,0.13225172214461978
CREATOR,SIG_GHOST,13,138,1,1,0.056786089662894015
CREATOR,SIG_GHOST,13,139,1,1,0.0031350590214887725
CREATOR,SIG_GHOST,13,140,1,1,0.010968272306025357
CREATOR,SIG_GHOST,13,141,1,1,0.282276741026296
CREATOR,SIG_GHOST,13,142,1,1,0.1654054504885807
CREATOR,SIG_GHOST,13,143,1,1,0.08296425740864444
CREATOR,SIG_GHOST,13,144,1,1,0.05299568183626103
CREATOR,SIG_GHOST,13,145,1,1,0.015268806370270928
CREATOR,SIG_GHOST,13,146,1,1,0.03967899834898282
CREATOR,SIG_GHOST,13,147,1,1,0.0013958984456391012
CREATOR,SIG_GHOST,13,148,1,1,0.052146789228923886
CREATOR,SIG_GHOST,13,149,1,1,0.003013458991243615
CREATOR,SIG_GHOST,13,150,1,1,0.0020288052700385808
CREATOR,SIG_GHOST,13,151,1,1,0.014159714668976378
CREATOR,SIG_GHOST,13,152,1,1,0.010724584467292983
CREATOR,SIG_GHOST,13,153,1,1,0.03407931883963365
CREATOR,SIG_GHOST,13,154,1,1,0.01666854202364222
CREATOR,SIG_GHOST,13,155,1,1,0.004557466864934181
CREATOR,SIG_GHOST,13,156,1,1,0.04351808845460274
CREATOR,SIG_GHOST,13,157,1,1,0.010691416989656128
CREATOR,SIG_GHOST,13,158,1,1,0.11231413355363573
CREATOR,SIG_GHOST,13,159,1,1,0.00041152866585710424
CREATOR,SIG_GHOST,13,160,1,1,0.05367835666393901
CREATOR,SIG_GHOST,13,161,1,1,0.03478661204194532
CREATOR,SIG_GHOST,13,162,1,1,0.0010002936419058572
CREATOR,SIG_GHOST,13,163,1,1,0.1276442306736348
CREATOR,SIG_GHOST,13,164,1,1,0.0009865446868417864
CREATOR,SIG_GHOST,13,165,1,1,0.04174679483592292
CREATOR,SIG_GHOST,13,166,1,1,0.01691695626864423
CREATOR,SIG_GHOST,13,167,1,1,0.009028314781066787
CREATOR,SIG_GHOST,13,168,1,1,3.0855662541758376e-05
CREATOR,SIG_GHOST,13,169,1,1,0.010567780376377865
CREATOR,SIG_GHOST,13,170,1,1,0.009551967958711792
CREATOR,SIG_GHOST,13,171,1,1,0.0010771041073709953
CREATOR,SIG_GHOST,13,172,1,1,0.005830322884925904
CREATOR,SIG_GHOST,13,173,1,1,0.014326994924753682
CREATOR,SIG_GHOST,13,174,1,1,0.061198411328084915
CREATOR,SIG_GHOST,13,175,1,1,0.0051545111871438825
CREATOR,SIG_GHOST,13,176,1,1,0.04725481597351898
CREATOR,SIG_GHOST,13,177,1,1,0.013781651571940437
CREATOR,SIG_GHOST,13,178,1,1,0.016417655115985884
CREATOR,SIG_GHOST,13,179,1,1,0.004865541597704593
CREATOR,SIG_GHOST,13,180,1,1,0.8350408079399729
CREATOR,SIG_GHOST,13,181,1,1,0.00332771426936601
CREATOR,SIG_GHOST,13,182,1,1,0.11000024523216796
CREATOR,SIG_GHOST,13,183,1,1,0.00026430499587043596
CREATOR,SIG_GHOST,13,184,1,1,0.011424213641497098
CREATOR,SIG_GHOST,13,185,1,1,0.010536088208138774
CREATOR,SIG_GHOST,13,186,1,1,0.016229351376371964
CREATOR,SIG_GHOST,13,187,1,1,0.008948541401518318
CREATOR,SIG_GHOST,13,188,1,1,0.019481361592301117
CREATOR,SIG_GHOST,13,189,1,1,0.016885548494351366
CREATOR,SIG_GHOST,13,190,1,1,0.04663814486464439
CREATOR,SIG_GHOST,13,191,1,1,0.045404476739484965
CREATOR,SIG_GHOST,13,192,1,1,0.031435401824046916
CREATOR,SIG_GHOST,13,193,1,1,0.10951241021701427
CREATOR,SIG_GHOST,13,194,1,1,0.029518630651960975
CREATOR,SIG_GHOST,13,195,1,2,1.0843467050898057
CREATOR,SIG_GHOST,13,196,1,1,0.013149581385301801
CREATOR,SIG_GHOST,13,197,1,1,0.1465567482933358
CREATOR,SIG_GHOST,13,198,1,1,0.11575804087761514
CREATOR,SIG_GHOST,13,199,1,1,0.049053876249937414
CREATOR,SIG_GHOST,14,0,1,1,0.21950354601349142
CREATOR,SIG_GHOST,14,1,1,1,0.0033337804736270375
CREATOR,SIG_GHOST,14,2,1,1,0.0011021030850508883
CREATOR,SIG_GHOST,14,3,1,1,0.008398120846021368
CREATOR,SIG_GHOST,14,4,1,1,0.09387638331723883
CREATOR,SIG_GHOST,14,5,1,1,0.007996919075124249
CREATOR,SIG_GHOST,14,6,1,1,0.2321569612088823
CREATOR,SIG_GHOST,14,7,1,1,0.10075838661964985
CREATOR,SIG_GHOST,14,8,1,1,0.05130446605222649
CREATOR,SIG_GHOST,14,9,1,1,0.040741343148052014
CREATOR,SIG_GHOST,14,10,1,1,0.004225279775368558
CREATOR,SIG_GHOST,14,11,1,1,0.2798289019206402
CREATOR,SIG_GHOST,14,12,1,1,0.41567793015300314
CREATOR,SIG_GHOST,14,13,1,1,0.01234619970124616
CREATOR,SIG_GHOST,14,14,1,1,0.1585414390035439
CREATOR,SIG_GHOST,14,15,1,1,0.014588452535838538
CREATOR,SIG_GHOST,14,16,1,1,0.0003397440164714397
CREATOR,SIG_GHOST,14,17,1,1,0.04484818556534164
CREATOR,SIG_GHOST,14,18,1,1,0.0013951274085963316
CREATOR,SIG_GHOST,14,19,1,1,0.016560366463662064
CREATOR,SIG_GHOST,14,20,1,1,0.01028115275757319
CREATOR,SIG_GHOST,14,21,1,1,0.047439644111180276
CREATOR,SIG_GHOST,14,22,1,1,0.06331501012630436
CREATOR,SIG_GHOST,14,23,1,1,0.012183977319540979
CREATOR,SIG_GHOST,14,24,1,1,0.004971945058546812
CREATOR,SIG_GHOST,14,25,1,1,0.028235390663120533
CREATOR,SIG_GHOST,14,26,1,1,0.0051597217885359205
CREATOR,SIG_GHOST,14,27,1,1,0.1428336500149215
CREATOR,SIG_GHOST,14,28,1,1,0.07401724618652972
CREATOR,SIG_GHOST,14,29,1,1,0.001047774392349011
CREATOR,SIG_GHOST,14,30,1,1,0.029339511656229954
CREATOR,SIG_GHOST,14,31,1,1,0.2070857064965252
CREATOR,SIG_GHOST,14,32,1,1,0.004783645246910082
CREATOR,SIG_GHOST,14,33,1,1,0.0864676183324127
CREATOR,SIG_GHOST,14,34,1,1,0.140952377225792
CREATOR,SIG_GHOST,14,35,1,1,0.0013298038497218563
CREATOR,SIG_GHOST,14,36,1,1,0.04394903469868641
CREATOR,SIG_GHOST,14,37,1,1,0.007268989447681123
CREATOR,SIG_GHOST,14,38,1,1,0.00029893358160311217
CREATOR,SIG_GHOST,14,39,1,1,0.3262188128231684
CREATOR,SIG_GHOST,14,40,1,1,0.02705678186951863
CREATOR,SIG_GHOST,14,41,1,1,0.0011953838481286389
CREATOR,SIG_GHOST,14,42,1,1,0.05786177013444274
CREATOR,SIG_GHOST,14,43,1,1,0.05295291622406907
CREATOR,SIG_GHOST,14,44,1,1,0.1196929926809839
CREATOR,SIG_GHOST,14,45,1,1,0.013113865856317106
CREATOR,SIG_GHOST,14,46,1,1,0.14752364150043096
CREATOR,SIG_GHOST,14,47,1,1,0.04124208666424526
CREATOR,SIG_GHOST,14,48,1,1,0.012127136222430506
CREATOR,SIG_GHOST,14,49,1,1,0.05143399777306479
CREATOR,SIG_GHOST,14,50,1,1,0.02255999879115908
CREATOR,SIG_GHOST,14,51,1,1,0.05333154628827265
CREATOR,SIG_GHOST,14,52,1,1,0.6339033829497205
CREATOR,SIG_GHOST,14,53,1,1,0.012066869849141279
CREATOR,SIG_GHOST,14,54,1,1,0.11064102324298969
CREATOR,SIG_GHOST,14,55,1,1,0.005754234769758516
CREATOR,SIG_GHOST,14,56,1,1,0.000369460228411022
CREATOR,SIG_GHOST,14,57,1,1,0.03768703724677405
CREATOR,SIG_GHOST,14,58,1,1,0.10029921493737758
CREATOR,SIG_GHOST,14,59,1,1,0.004607038587875971
CREATOR,SIG_GHOST,14,60,1,1,0.414955977106485
CREATOR,SIG_GHOST,14,61,1,1,0.14625483222178248
CREATOR,SIG_GHOST,14,62,1,1,0.1637480098322234
CREATOR,SIG_GHOST,14,63,1,1,0.009098987606297387
CREATOR,SIG_GHOST,14,64,1,1,0.05906557270396441
CREATOR,SIG_GHOST,14,65,1,1,0.09936507469211307
CREATOR,SIG_GHOST,14,66,1,1,0.43531923931453226
CREATOR,SIG_GHOST,14,67,1,1,0.3091629253906753
CREATOR,SIG_GHOST,14,68,1,1,0.004137056901980485
CREATOR,SIG_GHOST,14,69,1,1,0.030755312926619822
CREATOR,SIG_GHOST,14,70,1,1,0.004901320572964862
CREATOR,SIG_GHOST,14,71,1,1,0.14262834376114136
CREATOR,SIG_GHOST,14,72,1,1,0.04891103853791069
CREATOR,SIG_GHOST,14,73,1,1,0.044817040882623865
CREATOR,SIG_GHOST,14,74,1,1,0.05163257375508171
CREATOR,SIG_GHOST,14,75,1,1,0.037687329199155226
CREATOR,SIG_GHOST,14,76,1,1,0.007672637317284075
CREATOR,SIG_GHOST,14,77,1,1,0.004545993097700644
CREATOR,SIG_GHOST,14,78,1,1,0.1626126479024495
CREATOR,SIG_GHOST,14,79,1,1,0.021947863788371026
CREATOR,SIG_GHOST,14,80,1,1,0.06317457624218023
CREATOR,SIG_GHOST,14,81,1,1,0.049987171819001135
CREATOR,SIG_GHOST,14,82,1,1,0.01670389158042179
CREATOR,SIG_GHOST,14,83,1,1,0.04743232983841578
CREATOR,SIG_GHOST,14,84,1,1,0.053012808473691685
CREATOR,SIG_GHOST,14,85,1,1,0.026748641586766722
CREATOR,SIG_GHOST,14,86,1,1,0.005502210597370588
CREATOR,SIG_GHOST,14,87,1,1,0.012091744704336346
CREATOR,SIG_GHOST,14,88,1,1,0.004985544412837217
CREATOR,SIG_GHOST,14,89,1,1,0.06331324324477935
CREATOR,SIG_GHOST,14,90,1,1,0.16218023836550738
CREATOR,SIG_GHOST,14,91,1,1,0.004794287927658084
CREATOR,SIG_GHOST,14,92,1,1,0.07689186349541265
CREATOR,SIG_GHOST,14,93,1,1,0.21401966410873535
CREATOR,SIG_GHOST,14,94,1,1,0.027523317677915125
CREATOR,SIG_GHOST,14,95,1,1,0.1085827398973814
CREATOR,SIG_GHOST,14,96,1,1,0.023852369930513904
CREATOR,SIG_GHOST,14,97,1,1,0.07745141950484886
CREATOR,SIG_GHOST,14,98,1,1,0.0035424727288731945
CREATOR,SIG_GHOST,14,99,1,1,0.00666108160717991
CREATOR,SIG_GHOST,14,100,1,1,0.0015258516984797462
CREATOR,SIG_GHOST,14,101,1,1,0.010241320104452379
CREATOR,SIG_GHOST,14,102,1,1,0.016513949345953623
CREATOR,SIG_GHOST,14,103,1,1,0.165561164215004
CREATOR,SIG_GHOST,14,104,1,1,0.26578456344201884
CREATOR,SIG_GHOST,14,105,1,1,0.5368063838271986
CREATOR,SIG_GHOST,14,106,1,1,0.011932532278841685
CREATOR,SIG_GHOST,14,107,1,1,0.2718802933613776
CREATOR,SIG_GHOST,14,108,1,1,0.3305425379736516
CREATOR,SIG_GHOST,14,109,1,1,1.3344316395552913
CREATOR,SIG_GHOST,14,110,1,1,0.373153191580655
CREATOR,SIG_GHOST,14,111,1,1,0.03644975765045151
CREATOR,SIG_GHOST,14,112,1,1,0.005686523407336384
CREATOR,SIG_GHOST,14,113,1,1,0.2140432070011667
CREATOR,SIG_GHOST,14,114,1,1,0.0401124618468568
CREATOR,SIG_GHOST,14,115,1,1,1.1972800048199304
CREATOR,SIG_GHOST,14,116,1,1,0.005049157144489139
CREATOR,SIG_GHOST,14,117,1,1,0.014751092936848533
CREATOR,SIG_GHOST,14,118,1,1,0.04606238085536665
CREATOR,SIG_GHOST,14,119,1,1,0.02663301031896665
CREATOR,SIG_GHOST,14,120,1,1,0.032367866968717594
CREATOR,SIG_GHOST,14,121,1,1,0.10225487049276669
CREATOR,SIG_GHOST,14,122,1,1,0.12541140594541325
CREATOR,SIG_GHOST,14,123,1,1,0.1568025230474602
CREATOR,SIG_GHOST,14,124,1,1,0.006234041869596373
CREATOR,SIG_GHOST,14,125,1,1,0.2760880195340747
CREATOR,SIG_GHOST,14,126,1,1,0.4134570696922534
CREATOR,SIG_GHOST,14,127,1,1,0.03820381298276345
CREATOR,SIG_GHOST,14,128,1,1,0.029369993706277533
CREATOR,SIG_GHOST,14,129,1,1,0.0038077602887501578
CREATOR,SIG_GHOST,14,130,1,1,0.03221348450960921
CREATOR,SIG_GHOST,14,131,1,1,0.010317889669341334
CREATOR,SIG_GHOST,14,132,1,1,0.1987414977521669
CREATOR,SIG_GHOST,14,133,1,1,0.014377345643744297
CREATOR,SIG_GHOST,14,134,1,1,0.013011171729238337
CREATOR,SIG_GHOST,14,135,1,1,0.2847609543173397
CREATOR,SIG_GHOST,14,136,1,1,0.05747251653905895
CREATOR,SIG_GHOST,14,137,1,1,0.023154793551922265
CREATOR,SIG_GHOST,14,138,1,1,0.04421978099864965
CREATOR,SIG_GHOST,14,139,1,1,0.0007458064395417613
CREATOR,SIG_GHOST,14,140,1,1,0.0242190271786958
CREATOR,SIG_GHOST,14,141,1,1,0.0010556844871957324
CREATOR,SIG_GHOST,14,142,1,1,0.021793219219298568
CREATOR,SIG_GHOST,14,143,1,1,0.003307471333948077
CREATOR,SIG_GHOST,14,144,1,1,0.05244065160635469
CREATOR,SIG_GHOST,14,145,1,1,0.13584910572655678
CREATOR,SIG_GHOST,14,146,1,1,0.00010640346246768665
CREATOR,SIG_GHOST,14,147,1,1,0.18350036411543985
CREATOR,SIG_GHOST,14,148,1,1,0.5297020685705994
CREATOR,SIG_GHOST,14,149,1,1,0.002191751777620638
CREATOR,SIG_GHOST,14,150,1,1,0.34795230649387954
CREATOR,SIG_GHOST,14,151,1,1,0.04649980227632888
CREATOR,SIG_GHOST,14,152,1,1,0.057482283478024754
CREATOR,SIG_GHOST,14,153,1,1,0.003835545244427545
CREATOR,SIG_GHOST,14,154,1,1,0.005012780548746291
CREATOR,SIG_GHOST,14,155,1,1,0.0043118780112100475
CREATOR,SIG_GHOST,14,156,1,1,0.4925313959348214
CREATOR,SIG_GHOST,14,157,1,1,0.00363311396241178
CREATOR,SIG_GHOST,14,158,1,1,0.03141445773326592
CREATOR,SIG_GHOST,14,159,1,1,0.003474655010885409
CREATOR,SIG_GHOST,14,160,1,1,0.003080466288609824
CREATOR,SIG_GHOST,14,161,1,1,0.0029672342937619093
CREATOR,SIG_GHOST,14,162,1,1,0.15319722029278582
CREATOR,SIG_GHOST,14,163,1,1,0.0014552604144269833
CREATOR,SIG_GHOST,14,164,1,1,0.005164010315077671
CREATOR,SIG_GHOST,14,165,1,1,0.007640678607952326
CREATOR,SIG_GHOST,14,166,1,1,0.01698290193344894
CREATOR,SIG_GHOST,14,167,1,1,0.5984696895434294
CREATOR,SIG_GHOST,14,168,1,1,0.13273208013406915
CREATOR,SIG_GHOST,14,169,1,1,0.028648227174492995
CREATOR,SIG_GHOST,14,170,1,1,0.0516338234935331
CREATOR,SIG_GHOST,14,171,1,1,0.19676026983030964
CREATOR,SIG_GHOST,14,172,1,1,0.035792851239989376
CREATOR,SIG_GHOST,14,173,1,1,0.0983125297577106
CREATOR,SIG_GHOST,14,174,1,1,0.011108398202548109
CREATOR,SIG_GHOST,14,175,1,1,0.018577607171482838
CREATOR,SIG_GHOST,14,176,1,1,0.05873163054239766
CREATOR,SIG_GHOST,14,177,1,1,0.2857849756469023
CREATOR,SIG_GHOST,14,178,1,1,0.014296671567565242
CREATOR,SIG_GHOST,14,179,1,1,0.01864523376431835
CREATOR,SIG_GHOST,14,180,1,1,0.060225256055413505
CREATOR,SIG_GHOST,14,181,1,1,0.0013207080059520284
CREATOR,SIG_GHOST,14,182,1,1,0.32311336640451777
CREATOR,SIG_GHOST,14,183,1,1,0.044273562695078705
CREATOR,SIG_GHOST,14,184,1,1,0.011218404779013185
CREATOR,SIG_GHOST,14,185,1,1,0.013388740916534417
CREATOR,SIG_GHOST,14,186,1,1,0.0881141945355095
CREATOR,SIG_GHOST,14,187,1,1,0.05300986371575951
CREATOR,SIG_GHOST,14,188,1,1,0.010021344535167256
CREATOR,SIG_GHOST,14,189,1,1,0.01355811596509418
CREATOR,SIG_GHOST,14,190,1,1,0.0012003195527920077
CREATOR,SIG_GHOST,14,191,1,1,0.04728608064614723
CREATOR,SIG_GHOST,14,192,1,1,0.010687708742342452
CREATOR,SIG_GHOST,14,193,1,1,0.005961524873006723
CREATOR,SIG_GHOST,14,194,1,1,0.008157915585902016
CREATOR,SIG_GHOST,14,195,1,1,0.37467425975930396
CREATOR,SIG_GHOST,14,196,1,1,0.0011029451754845545
CREATOR,SIG_GHOST,14,197,1,1,0.055062889193862444
CREATOR,SIG_GHOST,14,198,1,1,0.11649734831182103
CREATOR,SIG_GHOST,14,199,1,1,0.05480312807710202
CREATOR,SIG_GHOST,15,0,1,1,0.11119448365142608
CREATOR,SIG_GHOST,15,1,1,1,0.04476235278274797
CREATOR,SIG_GHOST,15,2,1,1,0.08565692317965129
CREATOR,SIG_GHOST,15,3,1,1,0.05009632999217221
CREATOR,SIG_GHOST,15,4,1,1,0.14519772481303167
CREATOR,SIG_GHOST,15,5,1,1,0.009342285205299975
CREATOR,SIG_GHOST,15,6,1,1,0.018399614387026322
CREATOR,SIG_GHOST,15,7,1,1,0.014089609700028666
CREATOR,SIG_GHOST,15,8,1,1,0.0033216011956903697
CREATOR,SIG_GHOST,15,9,1,1,0.03381654335994787
CREATOR,SIG_GHOST,15,10,1,1,0.012272424653016412
CREATOR,SIG_GHOST,15,11,1,1,0.38447790615767563
CREATOR,SIG_GHOST,15,12,1,1,0.03477366851706949
CREATOR,SIG_GHOST,15,13,1,1,0.06165616396086138
CREATOR,SIG_GHOST,15,14,1,1,0.027735124236095816
CREATOR,SIG_GHOST,15,15,1,1,0.21940780894429202
CREATOR,SIG_GHOST,15,16,1,1,0.0014383519215954983
CREATOR,SIG_GHOST,15,17,1,1,0.035457741736493874
CREATOR,SIG_GHOST,15,18,1,1,0.08663845662368444
CREATOR,SIG_GHOST,15,19,1,1,0.004744128865189516
CREATOR,SIG_GHOST,15,20,1,1,0.12481237405922839
CREATOR,SIG_GHOST,15,21,1,1,0.026227037800769345
CREATOR,SIG_GHOST,15,22,1,1,0.07492251419854803
CREATOR,SIG_GHOST,15,23,1,1,0.05165181303606292
CREATOR,SIG_GHOST,15,24,1,1,0.06494463067914821
CREATOR,SIG_GHOST,15,25,1,1,0.052831763724187755
CREATOR,SIG_GHOST,15,26,1,1,0.16547309953404385
CREATOR,SIG_GHOST,15,27,1,1,0.4457818362698442
CREATOR,SIG_GHOST,15,28,1,1,0.01598520728132675
CREATOR,SIG_GHOST,15,29,1,1,0.05320367479380651
CREATOR,SIG_GHOST,15,30,1,1,0.02644907016279281
CREATOR,SIG_GHOST,15,31,1,1,0.0024338815985349006
CREATOR,SIG_GHOST,15,32,1,1,0.0068827561489572635
CREATOR,SIG_GHOST,15,33,1,1,0.007036222206592156
CREATOR,SIG_GHOST,15,34,1,1,0.11310049989493323
CREATOR,SIG_GHOST,15,35,1,1,0.0036475555324130965
CREATOR,SIG_GHOST,15,36,1,1,0.016422612669692055
CREATOR,SIG_GHOST,15,37,1,1,0.07090307962824158
CREATOR,SIG_GHOST,15,38,1,1,0.0014649388834177416
CREATOR,SIG_GHOST,15,39,1,1,0.001295083045809943
CREATOR,SIG_GHOST,15,40,1,1,0.030668095473564222
CREATOR,SIG_GHOST,15,41,1,1,0.030096162254581945
CREATOR,SIG_GHOST,15,42,1,1,0.9706501234741757
CREATOR,SIG_GHOST,15,43,1,1,0.16369875835189482
CREATOR,SIG_GHOST,15,44,1,1,0.08955713299636248
CREATOR,SIG_GHOST,15,45,1,1,0.007793109272765796
CREATOR,SIG_GHOST,15,46,1,1,0.019881174165994445
CREATOR,SIG_GHOST,15,47,1,1,0.0010506933125982608
CREATOR,SIG_GHOST,15,48,1,1,0.10647988741429129
CREATOR,SIG_GHOST,15,49,1,1,0.09565662867686361
CREATOR,SIG_GHOST,15,50,1,1,0.15942516212119062
CREATOR,SIG_GHOST,15,51,1,1,0.09116832300925962
CREATOR,SIG_GHOST,15,52,1,1,0.03780979465673409
CREATOR,SIG_GHOST,15,53,1,1,0.0011659124241719706
CREATOR,SIG_GHOST,15,54,1,1,0.0012998630385141158
CREATOR,SIG_GHOST,15,55,1,1,0.01930028958786236
CREATOR,SIG_GHOST,15,56,1,1,0.12657269526256368
CREATOR,SIG_GHOST,15,57,1,1,0.4838657859159635
CREATOR,SIG_GHOST,15,58,1,1,0.018864549185477926
CREATOR,SIG_GHOST,15,59,1,1,0.031759174932050396
CREATOR,SIG_GHOST,15,60,1,1,0.6341043773611199
CREATOR,SIG_GHOST,15,61,1,1,0.6045312730989901
CREATOR,SIG_GHOST,15,62,1,1,0.00477007382282305
CREATOR,SIG_GHOST,15,63,1,1,0.011372929854500703
CREATOR,SIG_GHOST,15,64,1,1,0.004758967136009195
CREATOR,SIG_GHOST,15,65,1,1,0.056435513145755206
CREATOR,SIG_GHOST,15,66,1,1,0.017207602575629533
CREATOR,SIG_GHOST,15,67,1,1,0.0004155193755388551
CREATOR,SIG_GHOST,15,68,1,1,0.010864045954768652
CREATOR,SIG_GHOST,15,69,1,1,0.16941752393267856
CREATOR,SIG_GHOST,15,70,1,1,0.02938726379747262
CREATOR,SIG_GHOST,15,71,1,1,0.005423909622532367
CREATOR,SIG_GHOST,15,72,1,1,0.0009132361071031091
CREATOR,SIG_GHOST,15,73,1,1,0.03268939735382869
CREATOR,SIG_GHOST,15,74,1,1,0.011604590054860786
CREATOR,SIG_GHOST,15,75,1,1,0.007613163194161752
CREATOR,SIG_GHOST,15,76,1,1,0.10638138234509412
CREATOR,SIG_GHOST,15,77,1,1,0.004718581486410684
CREATOR,SIG_GHOST,15,78,1,1,0.003002594732637198
CREATOR,SIG_GHOST,15,79,1,1,0.03422685053165503
CREATOR,SIG_GHOST,15,80,1,1,0.010217865161514322
CREATOR,SIG_GHOST,15,81,1,1,0.44414295300491935
CREATOR,SIG_GHOST,15,82,1,1,0.1462461411718079
CREATOR,SIG_GHOST,15,83,1,1,0.008419801433380645
CREATOR,SIG_GHOST,15,84,1,1,0.031968769957597856
CREATOR,SIG_GHOST,15,85,1,1,0.004011334898968873
CREATOR,SIG_GHOST,15,86,1,1,0.002954675477946668
CREATOR,SIG_GHOST,15,87,1,1,0.017331252087884053
CREATOR,SIG_GHOST,15,88,1,1,0.14215822279486745
CREATOR,SIG_GHOST,15,89,1,1,0.04387766084247279
CREATOR,SIG_GHOST,15,90,1,1,0.052374898505725166
CREATOR,SIG_GHOST,15,91,1,1,0.003690266383602755
CREATOR,SIG_GHOST,15,92,1,1,0.00031663760021704006
CREATOR,SIG_GHOST,15,93,1,1,0.13629609144784832
CREATOR,SIG_GHOST,15,94,1,1,0.03523154187672205
CREATOR,SIG_GHOST,15,95,1,1,0.1456983487527504
CREATOR,SIG_GHOST,15,96,1,1,0.008236521582735006
CREATOR,SIG_GHOST,15,97,1,1,0.015805899173086446
CREATOR,SIG_GHOST,15,98,1,1,0.05449323896137431
CREATOR,SIG_GHOST,15,99,1,1,0.0786077801525948
CREATOR,SIG_GHOST,15,100,1,1,0.04531404226028282
CREATOR,SIG_GHOST,15,101,1,1,0.027110823587417704
CREATOR,SIG_GHOST,15,102,1,1,0.22427612304132594
CREATOR,SIG_GHOST,15,103,1,1,0.008929085396962843
CREATOR,SIG_GHOST,15,104,1,1,0.019903226669392517
CREATOR,SIG_GHOST,15,105,1,1,0.009946998188857234
CREATOR,SIG_GHOST,15,106,1,1,0.08082871431403559
CREATOR,SIG_GHOST,15,107,1,1,0.025227206761951088
CREATOR,SIG_GHOST,15,108,1,1,0.16494183813128693
CREATOR,SIG_GHOST,15,109,1,1,0.04113248506567657
CREATOR,SIG_GHOST,15,110,1,1,0.001012932629036498
CREATOR,SIG_GHOST,15,111,1,1,0.04468310813155339
CREATOR,SIG_GHOST,15,112,1,1,0.015218730834608687
CREATOR,SIG_GHOST,15,113,1,1,0.052475872936308864
CREATOR,SIG_GHOST,15,114,1,1,0.0094862659414668
CREATOR,SIG_GHOST,15,115,1,1,0.001265864343210913
CREATOR,SIG_GHOST,15,116,1,1,0.03301731967448224
CREATOR,SIG_GHOST,15,117,1,1,0.09191457040612225
CREATOR,SIG_GHOST,15,118,1,2,0.8829601897071502
CREATOR,SIG_GHOST,15,119,1,1,0.019360254762324582
CREATOR,SIG_GHOST,15,120,1,1,0.0002682657660319699
CREATOR,SIG_GHOST,15,121,1,1,0.004597334306649664
CREATOR,SIG_GHOST,15,122,1,1,0.004100858827111715
CREATOR,SIG_GHOST,15,123,1,1,0.0022428010638846003
CREATOR,SIG_GHOST,15,124,1,1,0.28190717982937324
CREATOR,SIG_GHOST,15,125,1,1,0.002619186169191698
CREATOR,SIG_GHOST,15,126,1,1,0.8747304717848653
CREATOR,SIG_GHOST,15,127,1,1,0.11006520296201519
CREATOR,SIG_GHOST,15,128,1,1,0.03322922782563698
CREATOR,SIG_GHOST,15,129,1,1,0.005831345037279583
CREATOR,SIG_GHOST,15,130,1,1,0.015990150265327848
CREATOR,SIG_GHOST,15,131,1,1,0.010805942550247725
CREATOR,SIG_GHOST,15,132,1,1,0.00457115479220376
CREATOR,SIG_GHOST,15,133,1,1,0.01005023995570847
CREATOR,SIG_GHOST,15,134,1,1,0.04540785951794174
CREATOR,SIG_GHOST,15,135,1,1,0.2704974292724163
CREATOR,SIG_GHOST,15,136,1,1,0.006896708137870754
CREATOR,SIG_GHOST,15,137,1,1,0.3806493836696053
CREATOR,SIG_GHOST,15,138,1,1,0.0025157653785946917
CREATOR,SIG_GHOST,15,139,1,1,0.015134981754837675
CREATOR,SIG_GHOST,15,140,1,1,0.02347636916510757
CREATOR,SIG_GHOST,15,141,1,1,0.009589306941405088
CREATOR,SIG_GHOST,15,142,1,1,0.3089779219435828
CREATOR,SIG_GHOST,15,143,1,1,0.04263385848437173
CREATOR,SIG_GHOST,15,144,1,1,0.01657691692132349
CREATOR,SIG_GHOST,15,145,1,1,0.005206946894537184
CREATOR,SIG_GHOST,15,146,1,1,0.04501239169683589
CREATOR,SIG_GHOST,15,147,1,1,0.0250148516524748
CREATOR,SIG_GHOST,15,148,1,1,0.5618769911203583
CREATOR,SIG_GHOST,15,149,1,1,0.01362238296557739
CREATOR,SIG_GHOST,15,150,1,1,0.031057478804546214
CREATOR,SIG_GHOST,15,151,1,1,0.01896552857403293
CREATOR,SIG_GHOST,15,152,1,1,1.02536235954635
CREATOR,SIG_GHOST,15,153,1,1,0.017156388665694598
CREATOR,SIG_GHOST,15,154,1,1,0.06150667913963795
CREATOR,SIG_GHOST,15,155,1,1,0.0014901515841628061
CREATOR,SIG_GHOST,15,156,1,1,0.004947335981413665
CREATOR,SIG_GHOST,15,157,1,1,0.05606506321753132
CREATOR,SIG_GHOST,15,158,1,1,0.12527619113949742
CREATOR,SIG_GHOST,15,159,1,1,0.0008926545628428326
CREATOR,SIG_GHOST,15,160,1,1,0.0014092143246552907
CREATOR,SIG_GHOST,15,161,1,1,0.08950968365077548
CREATOR,SIG_GHOST,15,162,1,1,0.01141916845465692
CREATOR,SIG_GHOST,15,163,1,1,0.005550387480091874
CREATOR,SIG_GHOST,15,164,1,1,0.34231818792367563
CREATOR,SIG_GHOST,15,165,1,1,0.3671987573402252
CREATOR,SIG_GHOST,15,166,1,1,0.01672532731519722
CREATOR,SIG_GHOST,15,167,1,1,0.3342066740757875
CREATOR,SIG_GHOST,15,168,1,1,0.0014147495846378974
CREATOR,SIG_GHOST,15,169,1,1,0.1371579324523162
CREATOR,SIG_GHOST,15,170,1,1,0.012501329215922584
CREATOR,SIG_GHOST,15,171,1,1,0.0003336600615875973
CREATOR,SIG_GHOST,15,172,1,1,0.027835810918382796
CREATOR,SIG_GHOST,15,173,1,1,0.007040774957302017
CREATOR,SIG_GHOST,15,174,1,1,0.0011101273967373624
CREATOR,SIG_GHOST,15,175,1,1,0.029518060586949113
CREATOR,SIG_GHOST,15,176,1,1,0.0596689841982572
CREATOR,SIG_GHOST,15,177,1,1,0.15783920863968998
CREATOR,SIG_GHOST,15,178,1,1,0.44484465635480974
CREATOR,SIG_GHOST,15,179,1,1,0.8162234504191512
CREATOR,SIG_GHOST,15,180,1,1,0.0003773117949640879
CREATOR,SIG_GHOST,15,181,1,1,0.015598080696603681
CREATOR,SIG_GHOST,15,182,1,1,0.010878014455682896
CREATOR,SIG_GHOST,15,183,1,1,0.005744272958339285
CREATOR,SIG_GHOST,15,184,1,1,0.014717835731180377
CREATOR,SIG_GHOST,15,185,1,1,0.0014702818871508631
CREATOR,SIG_GHOST,15,186,1,1,0.039358389023714156
CREATOR,SIG_GHOST,15,187,1,1,0.002589617400396419
CREATOR,SIG_GHOST,15,188,1,1,0.01011172918113458
CREATOR,SIG_GHOST,15,189,1,1,0.01680277100613211
CREATOR,SIG_GHOST,15,190,1,1,0.05420509295788554
CREATOR,SIG_GHOST,15,191,1,1,0.01282657129663063
CREATOR,SIG_GHOST,15,192,1,1,0.001433255149181942
CREATOR,SIG_GHOST,15,193,1,1,0.055125563773498545
CREATOR,SIG_GHOST,15,194,1,1,0.38555282061525264
CREATOR,SIG_GHOST,15,195,1,1,0.0070142701810807
CREATOR,SIG_GHOST,15,196,1,1,0.0007836682913454255
CREATOR,SIG_GHOST,15,197,1,1,0.05294039439184001
CREATOR,SIG_GHOST,15,198,1,1,0.003250764764982858
CREATOR,SIG_GHOST,15,199,1,1,0.10082121311877584
CREATOR,SIG_GHOST,16,0,1,1,0.0041337854193378406
CREATOR,SIG_GHOST,16,1,1,1,0.22498631579698158
CREATOR,SIG_GHOST,16,2,1,1,0.043664768464639805
CREATOR,SIG_GHOST,16,3,1,1,0.0023918093296313074
CREATOR,SIG_GHOST,16,4,1,1,0.012262863064427084
CREATOR,SIG_GHOST,16,5,1,1,0.0008921110528611589
CREATOR,SIG_GHOST,16,6,1,1,0.00497305014850499
CREATOR,SIG_GHOST,16,7,1,1,0.01512256388002696
CREATOR,SIG_GHOST,16,8,1,1,0.015086131858436812
CREATOR,SIG_GHOST,16,9,1,1,0.2849339041255159
CREATOR,SIG_GHOST,16,10,1,1,0.09664185867612868
CREATOR,SIG_GHOST,16,11,1,1,0.11154668812494244
CREATOR,SIG_GHOST,16,12,1,1,0.01689990329308544
CREATOR,SIG_GHOST,16,13,1,1,0.03879533694553451
CREATOR,SIG_GHOST,16,14,1,1,0.010215262701495156
CREATOR,SIG_GHOST,16,15,1,1,0.01557775475770553
CREATOR,SIG_GHOST,16,16,1,1,0.03461680412459274
CREATOR,SIG_GHOST,16,17,1,1,0.037481279874978575
CREATOR,SIG_GHOST,16,18,1,1,0.0001294483222832233
CREATOR,SIG_GHOST,16,19,1,1,0.002423650280187319
CREATOR,SIG_GHOST,16,20,1,1,0.0010887433343811067
CREATOR,SIG_GHOST,16,21,1,1,0.035321662523589516
CREATOR,SIG_GHOST,16,22,1,1,0.038224621106836706
CREATOR,SIG_GHOST,16,23,1,1,0.03008499252111891
CREATOR,SIG_GHOST,16,24,1,1,0.0041388297715572635
CREATOR,SIG_GHOST,16,25,1,1,0.00470945557990392
CREATOR,SIG_GHOST,16,26,1,1,0.046884471859652804
CREATOR,SIG_GHOST,16,27,1,1,0.01383490415594519
CREATOR,SIG_GHOST,16,28,1,1,0.9796337155817634
CREATOR,SIG_GHOST,16,29,1,1,0.12279260252105226
CREATOR,SIG_GHOST,16,30,1,1,0.4306991505101157
CREATOR,SIG_GHOST,16,31,1,1,0.3618605375795954
CREATOR,SIG_GHOST,16,32,1,1,0.010956097947682791
CREATOR,SIG_GHOST,16,33,1,1,0.018621293650904192
CREATOR,SIG_GHOST,16,34,1,1,0.00245187736599456
CREATOR,SIG_GHOST,16,35,1,1,0.0032396724669529267
CREATOR,SIG_GHOST,16,36,1,1,0.43351620629237997
CREATOR,SIG_GHOST,16,37,1,1,0.011562087560450369
CREATOR,SIG_GHOST,16,38,1,1,0.06207400958059852
CREATOR,SIG_GHOST,16,39,1,1,0.07582526642737131
CREATOR,SIG_GHOST,16,40,1,1,0.004306766084280076
CREATOR,SIG_GHOST,16,41,1,1,0.00412020953799421
CREATOR,SIG_GHOST,16,42,1,1,0.036271113523637426
CREATOR,SIG_GHOST,16,43,1,1,0.040691373131638245
CREATOR,SIG_GHOST,16,44,1,1,0.009286261907052918
CREATOR,SIG_GHOST,16,45,1,1,0.0012301836235038617
CREATOR,SIG_GHOST,16,46,1,1,0.055590132899731574
CREATOR,SIG_GHOST,16,47,1,1,0.008979457205646128
CREATOR,SIG_GHOST,16,48,1,1,0.010575517255967875
CREATOR,SIG_GHOST,16,49,1,1,0.051073078451625856
CREATOR,SIG_GHOST,16,50,1,1,0.00027034503564699877
CREATOR,SIG_GHOST,16,51,1,1,0.004923631626658237
CREATOR,SIG_GHOST,16,52,1,1,0.007881231815306613
CREATOR,SIG_GHOST,16,53,1,1,0.0039354514778163815
CREATOR,SIG_GHOST,16,54,1,1,0.24979757557757645
CREATOR,SIG_GHOST,16,55,1,1,0.027485367961328958
CREATOR,SIG_GHOST,16,56,1,1,0.0004230211478071891
CREATOR,SIG_GHOST,16,57,1,1,0.005055870434197472
CREATOR,SIG_GHOST,16,58,1,1,0.31812095483174607
CREATOR,SIG_GHOST,16,59,1,1,0.06028730950835606
CREATOR,SIG_GHOST,16,60,1,1,0.3648965406733101
CREATOR,SIG_GHOST,16,61,1,1,0.011521386537555942
CREATOR,SIG_GHOST,16,62,1,1,0.0031348230693912537
CREATOR,SIG_GHOST,16,63,1,1,0.011054243442234244
CREATOR,SIG_GHOST,16,64,1,1,0.147259303560778
CREATOR,SIG_GHOST,16,65,1,1,0.050938470843876205
CREATOR,SIG_GHOST,16,66,1,1,0.05355642447574592
CREATOR,SIG_GHOST,16,67,1,1,0.03107719996825767
CREATOR,SIG_GHOST,16,68,1,1,0.12507808570586737
CREATOR,SIG_GHOST,16,69,1,1,0.00756831991183605
CREATOR,SIG_GHOST,16,70,1,1,0.014072613216547219
CREATOR,SIG_GHOST,16,71,1,1,0.015455270508240158
CREATOR,SIG_GHOST,16,72,1,1,0.005164760070365839
CREATOR,SIG_GHOST,16,73,1,1,0.24000824845463178
CREATOR,SIG_GHOST,16,74,1,1,0.001342546372387679
CREATOR,SIG_GHOST,16,75,1,1,0.03818321376210273
CREATOR,SIG_GHOST,16,76,1,1,0.06722422804303778
CREATOR,SIG_GHOST,16,77,1,1,0.3298385390264395
CREATOR,SIG_GHOST,16,78,1,1,0.004166592137028257
CREATOR,SIG_GHOST,16,79,1,1,0.04767148331451017
CREATOR,SIG_GHOST,16,80,1,1,0.010371307252180243
CREATOR,SIG_GHOST,16,81,1,1,0.004170739530782034
CREATOR,SIG_GHOST,16,82,1,1,0.04865756838946764
CREATOR,SIG_GHOST,16,83,1,1,0.0811040500470521
CREATOR,SIG_GHOST,16,84,1,1,0.13481266685025056
CREATOR,SIG_GHOST,16,85,1,1,0.33015451046832955
CREATOR,SIG_GHOST,16,86,1,1,0.022792035683279255
CREATOR,SIG_GHOST,16,87,1,1,0.3880855641867006
CREATOR,SIG_GHOST,16,88,1,1,0.015602645327580092
CREATOR,SIG_GHOST,16,89,1,1,0.0030883477939179023
CREATOR,SIG_GHOST,16,90,1,1,0.01775771087514865
CREATOR,SIG_GHOST,16,91,1,1,0.00781564444535858
CREATOR,SIG_GHOST,16,92,1,1,0.008124073747434351
CREATOR,SIG_GHOST,16,93,1,1,0.11077425780242922
CREATOR,SIG_GHOST,16,94,1,1,0.09685354919924964
CREATOR,SIG_GHOST,16,95,1,1,0.17425035361400798
CREATOR,SIG_GHOST,16,96,1,1,0.0053062858654293645
CREATOR,SIG_GHOST,16,97,1,1,0.09733116155170797
CREATOR,SIG_GHOST,16,98,1,1,0.13611015356416484
CREATOR,SIG_GHOST,16,99,1,1,0.013155320744173048
CREATOR,SIG_GHOST,16,100,1,1,0.3657492725820793
CREATOR,SIG_GHOST,16,101,1,1,0.041741874484449396
CREATOR,SIG_GHOST,16,102,1,1,0.003012474080692486
CREATOR,SIG_GHOST,16,103,1,1,0.014075850082649465
CREATOR,SIG_GHOST,16,104,1,1,0.0007782145355222608
CREATOR,SIG_GHOST,16,105,1,1,0.01702286335567111
CREATOR,SIG_GHOST,16,106,1,1,0.004658540636682919
CREATOR,SIG_GHOST,16,107,1,1,0.05535862010885102
CREATOR,SIG_GHOST,16,108,1,1,0.4775760800583876
CREATOR,SIG_GHOST,16,109,1,1,0.0007733726395638152
CREATOR,SIG_GHOST,16,110,1,1,0.0032356243698606684
CREATOR,SIG_GHOST,16,111,1,1,0.14918839857714272
CREATOR,SIG_GHOST,16,112,1,1,0.022898236891551484
CREATOR,SIG_GHOST,16,113,1,1,0.060638331140451224
CREATOR,SIG_GHOST,16,114,1,1,0.09419340064324092
CREATOR,SIG_GHOST,16,115,1,1,0.04730840760554061
CREATOR,SIG_GHOST,16,116,1,1,0.1594272002289221
CREATOR,SIG_GHOST,16,117,1,1,0.09570315510309049
CREATOR,SIG_GHOST,16,118,1,1,0.000783732925558968
CREATOR,SIG_GHOST,16,119,1,1,0.03883749638235648
CREATOR,SIG_GHOST,16,120,1,1,0.06705441468134841
CREATOR,SIG_GHOST,16,121,1,1,0.03546196245273172
CREATOR,SIG_GHOST,16,122,1,1,0.00034727462631729014
CREATOR,SIG_GHOST,16,123,1,1,0.009036983888393713
CREATOR,SIG_GHOST,16,124,1,1,0.001548163616984831
CREATOR,SIG_GHOST,16,125,1,1,0.03538852960609251
CREATOR,SIG_GHOST,16,126,1,1,0.023161081041306084
CREATOR,SIG_GHOST,16,127,1,1,0.00412424267736027
CREATOR,SIG_GHOST,16,128,1,1,0.0014187558003577318
CREATOR,SIG_GHOST,16,129,1,1,0.009253842849944374
CREATOR,SIG_GHOST,16,130,1,1,0.001341206876191978
CREATOR,SIG_GHOST,16,131,1,1,0.2485967291948088
CREATOR,SIG_GHOST,16,132,1,1,0.004176092878158434
CREATOR,SIG_GHOST,16,133,1,1,0.0004008368442664362
CREATOR,SIG_GHOST,16,134,1,1,0.053065224479189224
CREATOR,SIG_GHOST,16,135,1,1,0.017171763585963343
CREATOR,SIG_GHOST,16,136,1,1,0.00880958411967596
CREATOR,SIG_GHOST,16,137,1,1,0.3277641963991169
CREATOR,SIG_GHOST,16,138,1,1,0.006051632301372923
CREATOR,SIG_GHOST,16,139,1,1,0.003076036460317068
CREATOR,SIG_GHOST,16,140,1,1,0.32912523048508907
CREATOR,SIG_GHOST,16,141,1,1,0.013851606912462433
CREATOR,SIG_GHOST,16,142,1,1,0.05056320767814898
CREATOR,SIG_GHOST,16,143,1,1,0.00971699024690969
CREATOR,SIG_GHOST,16,144,1,1,0.04640609375408514
CREATOR,SIG_GHOST,16,145,1,1,0.003682719305222522
CREATOR,SIG_GHOST,16,146,1,1,0.005319289775503618
CREATOR,SIG_GHOST,16,147,1,1,0.050310571712562466
CREATOR,SIG_GHOST,16,148,1,1,0.060198941940720285
CREATOR,SIG_GHOST,16,149,1,1,0.00023149819937805878
CREATOR,SIG_GHOST,16,150,1,1,0.030682456504070022
CREATOR,SIG_GHOST,16,151,1,1,0.03815544718906601
CREATOR,SIG_GHOST,16,152,1,1,0.031070893621784935
CREATOR,SIG_GHOST,16,153,1,1,0.0014877552005311853
CREATOR,SIG_GHOST,16,154,1,1,0.006394528103296936
CREATOR,SIG_GHOST,16,155,1,1,0.034560514783842956
CREATOR,SIG_GHOST,16,156,1,1,0.012308276248616579
CREATOR,SIG_GHOST,16,157,1,1,0.050346516381733264
CREATOR,SIG_GHOST,16,158,1,1,0.8229737695887155
CREATOR,SIG_GHOST,16,159,1,1,0.23643387090596893
CREATOR,SIG_GHOST,16,160,1,1,0.0015337118551367553
CREATOR,SIG_GHOST,16,161,1,1,0.004006711990986475
CREATOR,SIG_GHOST,16,162,1,1,0.023349608324449263
CREATOR,SIG_GHOST,16,163,1,1,0.047863229717919856
CREATOR,SIG_GHOST,16,164,1,1,0.016087125677579597
CREATOR,SIG_GHOST,16,165,1,1,0.04662748378873346
CREATOR,SIG_GHOST,16,166,1,1,0.5965430592541725
CREATOR,SIG_GHOST,16,167,1,1,0.13696317968979954
CREATOR,SIG_GHOST,16,168,1,1,0.012063010854988584
CREATOR,SIG_GHOST,16,169,1,1,0.008009244393186428
CREATOR,SIG_GHOST,16,170,1,1,0.4391499263153159
CREATOR,SIG_GHOST,16,171,1,1,0.13143279450498774
CREATOR,SIG_GHOST,16,172,1,1,0.10220463800544587
CREATOR,SIG_GHOST,16,173,1,1,0.02735771462906525
CREATOR,SIG_GHOST,16,174,1,1,0.0033710285277492287
CREATOR,SIG_GHOST,16,175,1,1,0.11208479298278029
CREATOR,SIG_GHOST,16,176,1,1,0.0020119954860909903
CREATOR,SIG_GHOST,16,177,1,1,0.0020738702356954087
CREATOR,SIG_GHOST,16,178,1,1,0.10768685899706797
CREATOR,SIG_GHOST,16,179,1,1,0.008134434361736834
CREATOR,SIG_GHOST,16,180,1,1,0.0235557470632346
CREATOR,SIG_GHOST,16,181,1,1,1.0874713988468376
CREATOR,SIG_GHOST,16,182,1,1,0.09964033973568155
CREATOR,SIG_GHOST,16,183,1,1,0.03930265134625241
CREATOR,SIG_GHOST,16,184,1,1,0.0421855085148085
CREATOR,SIG_GHOST,16,185,1,1,0.024952510258391288
CREATOR,SIG_GHOST,16,186,1,1,0.04226535622800661
CREATOR,SIG_GHOST,16,187,1,1,0.0029522929559831794
CREATOR,SIG_GHOST,16,188,1,1,0.05590658566936936
CREATOR,SIG_GHOST,16,189,1,1,0.6423188442970683
CREATOR,SIG_GHOST,16,190,1,1,0.004864350468461677
CREATOR,SIG_GHOST,16,191,1,1,0.3313328932998163
CREATOR,SIG_GHOST,16,192,1,1,0.11188637380167461
CREATOR,SIG_GHOST,16,193,1,1,0.017479760739789477
CREATOR,SIG_GHOST,16,194,1,1,0.35129055230555634
CREATOR,SIG_GHOST,16,195,1,1,0.005044891823855807
CREATOR,SIG_GHOST,16,196,1,1,0.014143879611858154
CREATOR,SIG_GHOST,16,197,1,1,0.00032062283726390416
CREATOR,SIG_GHOST,16,198,1,1,0.029504362774861383
CREATOR,SIG_GHOST,16,199,1,1,0.016176320468149274
CREATOR,SIG_GHOST,17,0,1,1,0.0004173261898660085
CREATOR,SIG_GHOST,17,1,1,1,0.04535466845973154
CREATOR,SIG_GHOST,17,2,1,1,0.001825310486421622
CREATOR,SIG_GHOST,17,3,1,1,0.2628632775170022
CREATOR,SIG_GHOST,17,4,1,1,0.11662334171123745
CREATOR,SIG_GHOST,17,5,1,1,0.01259736455616585
CREATOR,SIG_GHOST,17,6,1,1,0.011778442113006066
CREATOR,SIG_GHOST,17,7,1,1,0.003838696606105368
CREATOR,SIG_GHOST,17,8,1,1,0.0725595799630611
CREATOR,SIG_GHOST,17,9,1,1,0.0009557909349803852
CREATOR,SIG_GHOST,17,10,1,1,0.0052406581603346245
CREATOR,SIG_GHOST,17,11,1,1,0.004098347905882755
CREATOR,SIG_GHOST,17,12,1,1,0.053645118404601566
CREATOR,SIG_GHOST,17,13,1,1,0.025822490081331723
CREATOR,SIG_GHOST,17,14,1,1,0.00010578969430424554
CREATOR,SIG_GHOST,17,15,1,1,0.016101682343367646
CREATOR,SIG_GHOST,17,16,1,1,0.027615660609789715
CREATOR,SIG_GHOST,17,17,1,1,0.005725837979062013
CREATOR,SIG_GHOST,17,18,1,1,0.003546371088094756
CREATOR,SIG_GHOST,17,19,1,1,0.015337645216008493
CREATOR,SIG_GHOST,17,20,1,1,0.014944464638526982
CREATOR,SIG_GHOST,17,21,1,1,0.0009381027721606695
CREATOR,SIG_GHOST,17,22,1,1,0.004851813501667763
CREATOR,SIG_GHOST,17,23,1,1,0.03539302363484637
CREATOR,SIG_GHOST,17,24,1,1,0.04835128734422018
CREATOR,SIG_GHOST,17,25,1,1,0.05320558419637002
CREATOR,SIG_GHOST,17,26,1,1,0.012435841201504249
CREATOR,SIG_GHOST,17,27,1,1,0.10935561268279564
CREATOR,SIG_GHOST,17,28,1,1,0.1967056693637569
CREATOR,SIG_GHOST,17,29,1,1,0.04755791073798876
CREATOR,SIG_GHOST,17,30,1,1,0.028121036780931002
CREATOR,SIG_GHOST,17,31,1,1,0.004962061575196932
CREATOR,SIG_GHOST,17,32,1,1,0.005099057306894295
CREATOR,SIG_GHOST,17,33,1,1,0.012546983684273125
CREATOR,SIG_GHOST,17,34,1,1,0.0030444560151039624
CREATOR,SIG_GHOST,17,35,1,1,0.11266157083741862
CREATOR,SIG_GHOST,17,36,1,1,0.0011131941145586972
CREATOR,SIG_GHOST,17,37,1,1,0.010909238835376114
CREATOR,SIG_GHOST,17,38,1,1,0.03508549385791314
CREATOR,SIG_GHOST,17,39,1,1,0.03976229947184633
CREATOR,SIG_GHOST,17,40,1,1,0.0026443652977956272
CREATOR,SIG_GHOST,17,41,1,1,0.03196476936712899
CREATOR,SIG_GHOST,17,42,1,1,0.0011970957339377285
CREATOR,SIG_GHOST,17,43,1,1,0.1545983045440527
CREATOR,SIG_GHOST,17,44,1,1,0.003876522872280308
CREATOR,SIG_GHOST,17,45,1,1,0.016583012513955303
CREATOR,SIG_GHOST,17,46,1,1,0.04038429582554076
CREATOR,SIG_GHOST,17,47,1,1,0.008653302604174582
CREATOR,SIG_GHOST,17,48,1,1,0.004309802430953005
CREATOR,SIG_GHOST,17,49,1,1,0.056733007562048896
CREATOR,SIG_GHOST,17,50,1,1,0.004253252662338263
CREATOR,SIG_GHOST,17,51,1,1,0.9149952089093452
CREATOR,SIG_GHOST,17,52,1,1,0.1576029238106612
CREATOR,SIG_GHOST,17,53,1,1,0.03488586549935095
CREATOR,SIG_GHOST,17,54,1,1,0.4508614608975431
CREATOR,SIG_GHOST,17,55,1,1,0.011686796652804692
CREATOR,SIG_GHOST,17,56,1,1,0.03812133922552347
CREATOR,SIG_GHOST,17,57,1,1,0.012791658650291396
CREATOR,SIG_GHOST,17,58,1,1,0.009693483561994957
CREATOR,SIG_GHOST,17,59,1,1,0.0015289574099625414
CREATOR,SIG_GHOST,17,60,1,1,0.04331096104622591
CREATOR,SIG_GHOST,17,61,1,1,0.0009750602966820789
CREATOR,SIG_GHOST,17,62,1,1,0.20778405813783676
CREATOR,SIG_GHOST,17,63,1,1,0.0171433507825169
CREATOR,SIG_GHOST,17,64,1,1,0.007089072916214526
CREATOR,SIG_GHOST,17,65,1,1,0.007665220857026502
CREATOR,SIG_GHOST,17,66,1,1,0.2842121083971211
CREATOR,SIG_GHOST,17,67,1,1,0.014374529733132817
CREATOR,SIG_GHOST,17,68,1,1,0.34627879353638313
CREATOR,SIG_GHOST,17,69,1,1,0.004508489265032091
CREATOR,SIG_GHOST,17,70,1,1,0.00518741091277313
CREATOR,SIG_GHOST,17,71,1,1,0.0004161004965131008
CREATOR,SIG_GHOST,17,72,1,1,0.004634947787416158
CREATOR,SIG_GHOST,17,73,1,1,0.2758865993266524
CREATOR,SIG_GHOST,17,74,1,1,0.014644784640737485
CREATOR,SIG_GHOST,17,75,1,1,0.00978595517557462
CREATOR,SIG_GHOST,17,76,1,1,0.37520766580483284
CREATOR,SIG_GHOST,17,77,1,1,0.05827699792513198
CREATOR,SIG_GHOST,17,78,1,1,0.04843066143694982
CREATOR,SIG_GHOST,17,79,1,1,0.0014438283252246006
CREATOR,SIG_GHOST,17,80,1,1,0.005057655043784699
CREATOR,SIG_GHOST,17,81,1,1,0.19196095560908952
CREATOR,SIG_GHOST,17,82,1,1,0.42829928202958745
CREATOR,SIG_GHOST,17,83,1,1,0.04576640637452888
CREATOR,SIG_GHOST,17,84,1,1,0.012843507094866383
CREATOR,SIG_GHOST,17,85,1,1,0.6378622694625953
CREATOR,SIG_GHOST,17,86,1,1,0.6185972471508776
CREATOR,SIG_GHOST,17,87,1,1,0.00212672592613546
CREATOR,SIG_GHOST,17,88,1,1,0.03614531650777221
CREATOR,SIG_GHOST,17,89,1,1,0.11435818430450609
CREATOR,SIG_GHOST,17,90,1,1,0.2306500801249064
CREATOR,SIG_GHOST,17,91,1,1,0.003361404970131449
CREATOR,SIG_GHOST,17,92,1,1,0.032194417476678686
CREATOR,SIG_GHOST,17,93,1,1,0.00020854492561309674
CREATOR,SIG_GHOST,17,94,1,1,0.00024415719147008957
CREATOR,SIG_GHOST,17,95,1,1,0.011515940491836369
CREATOR,SIG_GHOST,17,96,1,1,0.04252277617605847
CREATOR,SIG_GHOST,17,97,1,1,0.005179521039006769
CREATOR,SIG_GHOST,17,98,1,1,0.00649765005120421
CREATOR,SIG_GHOST,17,99,1,1,0.018777888786908864
CREATOR,SIG_GHOST,17,100,1,1,0.0026128613849401247
CREATOR,SIG_GHOST,17,101,1,1,0.038413762304682075
CREATOR,SIG_GHOST,17,102,1,1,0.021463154718059218
CREATOR,SIG_GHOST,17,103,1,1,0.005979936714172188
CREATOR,SIG_GHOST,17,104,1,1,0.14536532393881857
CREATOR,SIG_GHOST,17,105,1,1,0.003394552646450582
CREATOR,SIG_GHOST,17,106,1,1,0.00022604133847789877
CREATOR,SIG_GHOST,17,107,1,1,0.0405465218142827
CREATOR,SIG_GHOST,17,108,1,1,0.1437183783633453
CREATOR,SIG_GHOST,17,109,1,1,0.0043667021847222315
CREATOR,SIG_GHOST,17,110,1,1,0.017798012229812782
CREATOR,SIG_GHOST,17,111,1,1,0.001478851542694384
CREATOR,SIG_GHOST,17,112,1,1,0.027377091167003348
CREATOR,SIG_GHOST,17,113,1,1,0.32641186245147535
CREATOR,SIG_GHOST,17,114,1,1,0.002671807152093647
CREATOR,SIG_GHOST,17,115,1,1,0.003820397431763091
CREATOR,SIG_GHOST,17,116,1,1,0.37650105784643995
CREATOR,SIG_GHOST,17,117,1,1,0.02098528528002718
CREATOR,SIG_GHOST,17,118,1,1,0.01931354325382792
CREATOR,SIG_GHOST,17,119,1,1,0.016920097970598364
CREATOR,SIG_GHOST,17,120,1,1,0.010849829718530539
CREATOR,SIG_GHOST,17,121,1,1,0.05238583389968266
CREATOR,SIG_GHOST,17,122,1,1,0.053792257487630786
CREATOR,SIG_GHOST,17,123,1,1,0.22282020583006096
CREATOR,SIG_GHOST,17,124,1,1,0.015715883273269077
CREATOR,SIG_GHOST,17,125,1,1,0.023518454104796326
CREATOR,SIG_GHOST,17,126,1,1,0.06293219852073784
CREATOR,SIG_GHOST,17,127,1,1,0.010230040489968365
CREATOR,SIG_GHOST,17,128,1,1,0.010479476663179891
CREATOR,SIG_GHOST,17,129,1,1,0.035309345477265795
CREATOR,SIG_GHOST,17,130,1,1,0.005233772744308385
CREATOR,SIG_GHOST,17,131,1,1,0.0032771024419425768
CREATOR,SIG_GHOST,17,132,1,1,0.03391873672736579
CREATOR,SIG_GHOST,17,133,1,1,0.01160421047594261
CREATOR,SIG_GHOST,17,134,1,1,0.003589907166729166
CREATOR,SIG_GHOST,17,135,1,1,0.0049972095036193405
CREATOR,SIG_GHOST,17,136,1,1,0.029241958777058957
CREATOR,SIG_GHOST,17,137,1,1,0.1559779605713778
CREATOR,SIG_GHOST,17,138,1,1,0.11850559526318313
CREATOR,SIG_GHOST,17,139,1,1,0.05865806127510029
CREATOR,SIG_GHOST,17,140,1,1,0.002427963083687829
CREATOR,SIG_GHOST,17,141,1,1,0.16346631835912484
CREATOR,SIG_GHOST,17,142,1,1,0.15660533920044917
CREATOR,SIG_GHOST,17,143,1,1,0.01245864278635191
CREATOR,SIG_GHOST,17,144,1,1,0.003175322059991159
CREATOR,SIG_GHOST,17,145,1,1,0.034381476454317536
CREATOR,SIG_GHOST,17,146,1,1,0.0006689113385438224
CREATOR,SIG_GHOST,17,147,1,1,0.028911964202679018
CREATOR,SIG_GHOST,17,148,1,1,0.017356870743537284
CREATOR,SIG_GHOST,17,149,1,1,0.9190620447926006
CREATOR,SIG_GHOST,17,150,1,1,0.009270243995165059
CREATOR,SIG_GHOST,17,151,1,1,0.030290085414094677
CREATOR,SIG_GHOST,17,152,1,1,0.0015576100048020592
CREATOR,SIG_GHOST,17,153,1,1,0.051367846942639794
CREATOR,SIG_GHOST,17,154,1,1,0.010570230008447779
CREATOR,SIG_GHOST,17,155,1,1,0.00027359149185638706
CREATOR,SIG_GHOST,17,156,1,1,0.42423531331601577
CREATOR,SIG_GHOST,17,157,1,1,0.1642119025109464
CREATOR,SIG_GHOST,17,158,1,1,0.044254978098195716
CREATOR,SIG_GHOST,17,159,1,1,0.008278688200883458
CREATOR,SIG_GHOST,17,160,1,1,0.11941446738148313
CREATOR,SIG_GHOST,17,161,1,1,0.005697118939311312
CREATOR,SIG_GHOST,17,162,1,1,0.011478351368776707
CREATOR,SIG_GHOST,17,163,1,1,0.07845175618554173
CREATOR,SIG_GHOST,17,164,1,1,0.012287766584011817
CREATOR,SIG_GHOST,17,165,1,1,0.0026920681417299188
CREATOR,SIG_GHOST,17,166,1,1,0.1601887379915076
CREATOR,SIG_GHOST,17,167,1,1,0.01785565500457933
CREATOR,SIG_GHOST,17,168,1,1,0.04252867615196032
CREATOR,SIG_GHOST,17,169,1,1,0.08303646316721328
CREATOR,SIG_GHOST,17,170,1,1,0.014802446909955287
CREATOR,SIG_GHOST,17,171,1,1,0.39870625153859884
CREATOR,SIG_GHOST,17,172,1,1,0.00035749409376751884
CREATOR,SIG_GHOST,17,173,1,1,0.034743477089410335
CREATOR,SIG_GHOST,17,174,1,1,0.6807787442191428
CREATOR,SIG_GHOST,17,175,1,1,0.1873776277958056
CREATOR,SIG_GHOST,17,176,1,1,0.024424421171191268
CREATOR,SIG_GHOST,17,177,1,1,0.007657735958205571
CREATOR,SIG_GHOST,17,178,1,1,0.03880157221948802
CREATOR,SIG_GHOST,17,179,1,1,0.0030548691885156362
CREATOR,SIG_GHOST,17,180,1,1,0.005145927173852271
CREATOR,SIG_GHOST,17,181,1,1,0.0013359945727821638
CREATOR,SIG_GHOST,17,182,1,1,0.004044489702050214
CREATOR,SIG_GHOST,17,183,1,1,0.5082986360281301
CREATOR,SIG_GHOST,17,184,1,1,0.04436057232845042
CREATOR,SIG_GHOST,17,185,1,1,0.3889180556574212
CREATOR,SIG_GHOST,17,186,1,1,0.005011974756218521
CREATOR,SIG_GHOST,17,187,1,1,0.0009006324913871779
CREATOR,SIG_GHOST,17,188,1,1,0.14826939940359857
CREATOR,SIG_GHOST,17,189,1,1,0.12467146974755519
CREATOR,SIG_GHOST,17,190,1,1,0.26019081479758754
CREATOR,SIG_GHOST,17,191,1,1,0.018891083753257324
CREATOR,SIG_GHOST,17,192,1,1,0.15268911706920774
CREATOR,SIG_GHOST,17,193,1,1,0.0007931196232100456
CREATOR,SIG_GHOST,17,194,1,1,0.11020170821210387
CREATOR,SIG_GHOST,17,195,1,1,0.04946359631872473
CREATOR,SIG_GHOST,17,196,1,1,0.43542536991147984
CREATOR,SIG_GHOST,17,197,1,1,0.007603490504319377
CREATOR,SIG_GHOST,17,198,1,1,0.31824454829936333
CREATOR,SIG_GHOST,17,199,1,1,0.05638149718419118
CREATOR,SIG_GHOST,18,0,1,1,0.05479804229530522
CREATOR,SIG_GHOST,18,1,1,1,0.2868466885555457
CREATOR,SIG_GHOST,18,2,1,1,0.0077892811035844365
CREATOR,SIG_GHOST,18,3,1,1,0.0049012229087069354
CREATOR,SIG_GHOST,18,4,1,1,0.05903206562131591
CREATOR,SIG_GHOST,18,5,1,1,0.004968412393292085
CREATOR,SIG_GHOST,18,6,1,1,0.03669343284075455
CREATOR,SIG_GHOST,18,7,1,1,0.00035228386560168885
CREATOR,SIG_GHOST,18,8,1,1,0.004103243085580873
CREATOR,SIG_GHOST,18,9,1,1,0.003825735666118081
CREATOR,SIG_GHOST,18,10,1,1,0.02881208277920166
CREATOR,SIG_GHOST,18,11,1,1,0.017951402220901653
CREATOR,SIG_GHOST,18,12,1,1,0.04246857032568067
CREATOR,SIG_GHOST,18,13,1,1,0.015335928109397236
CREATOR,SIG_GHOST,18,14,1,1,0.00035596985401680035
CREATOR,SIG_GHOST,18,15,1,1,0.0009747863243471105
CREATOR,SIG_GHOST,18,16,1,1,0.0009443912466038378
CREATOR,SIG_GHOST,18,17,1,1,0.09404307774471443
CREATOR,SIG_GHOST,18,18,1,1,0.1552500084071377
CREATOR,SIG_GHOST,18,19,1,1,0.08616301716838659
CREATOR,SIG_GHOST,18,20,1,1,0.003321872790734301
CREATOR,SIG_GHOST,18,21,1,1,0.002863783969389238
CREATOR,SIG_GHOST,18,22,1,1,0.03844920947321298
CREATOR,SIG_GHOST,18,23,1,1,0.0012272396383561442
CREATOR,SIG_GHOST,18,24,1,1,0.013695617628019388
CREATOR,SIG_GHOST,18,25,1,1,0.04764069586411433
CREATOR,SIG_GHOST,18,26,1,1,0.002464247443178915
CREATOR,SIG_GHOST,18,27,1,1,0.0024523648490471692
CREATOR,SIG_GHOST,18,28,1,1,0.00041223525229431863
CREATOR,SIG_GHOST,18,29,1,1,0.011856712936546606
CREATOR,SIG_GHOST,18,30,1,1,0.04298956002296748
CREATOR,SIG_GHOST,18,31,1,1,0.11828086113637332
CREATOR,SIG_GHOST,18,32,1,1,0.024154387245841694
CREATOR,SIG_GHOST,18,33,1,1,0.11608815382202693
CREATOR,SIG_GHOST,18,34,1,1,0.0419996435608394
CREATOR,SIG_GHOST,18,35,1,1,0.03991954276231454
CREATOR,SIG_GHOST,18,36,1,1,0.6400097325225418
CREATOR,SIG_GHOST,18,37,1,1,0.0002875188516472079
CREATOR,SIG_GHOST,18,38,1,1,0.0023637439261101336
CREATOR,SIG_GHOST,18,39,1,1,0.1685233847314942
CREATOR,SIG_GHOST,18,40,1,1,0.004104344105745077
CREATOR,SIG_GHOST,18,41,1,1,0.13532768228739583
CREATOR,SIG_GHOST,18,42,1,1,0.0002919598789175606
CREATOR,SIG_GHOST,18,43,1,1,0.030757287854695496
CREATOR,SIG_GHOST,18,44,1,1,0.1404579007780489
CREATOR,SIG_GHOST,18,45,1,1,0.6744340414133907
CREATOR,SIG_GHOST,18,46,1,1,0.04567331693334192
CREATOR,SIG_GHOST,18,47,1,1,0.00263175200824825
CREATOR,SIG_GHOST,18,48,1,1,0.038108101337895973
CREATOR,SIG_GHOST,18,49,1,1,0.014695296416108145
CREATOR,SIG_GHOST,18,50,1,1,0.16155151995352113
CREATOR,SIG_GHOST,18,51,1,1,0.007177467795973159
CREATOR,SIG_GHOST,18,52,1,1,0.0165253247240999
CREATOR,SIG_GHOST,18,53,1,1,0.04407211822122867
CREATOR,SIG_GHOST,18,54,1,1,0.012238266929643573
CREATOR,SIG_GHOST,18,55,1,1,0.3031397163456867
CREATOR,SIG_GHOST,18,56,1,1,0.28256976277395157
CREATOR,SIG_GHOST,18,57,1,1,0.04761289888330954
CREATOR,SIG_GHOST,18,58,1,1,0.07583900282968642
CREATOR,SIG_GHOST,18,59,1,1,0.0010025410988720998
CREATOR,SIG_GHOST,18,60,1,1,0.3931942044625403
CREATOR,SIG_GHOST,18,61,1,1,0.001306106065688238
CREATOR,SIG_GHOST,18,62,1,1,0.004189063694767698
CREATOR,SIG_GHOST,18,63,1,1,0.05237812979004926
CREATOR,SIG_GHOST,18,64,1,1,0.01978817869878592
CREATOR,SIG_GHOST,18,65,1,1,0.13519527079666516
CREATOR,SIG_GHOST,18,66,1,1,0.04927666174046047
CREATOR,SIG_GHOST,18,67,1,1,0.5633786133997463
CREATOR,SIG_GHOST,18,68,1,1,0.6289702881065942
CREATOR,SIG_GHOST,18,69,1,1,0.02333070611409736
CREATOR,SIG_GHOST,18,70,1,1,0.0011725631027227732
CREATOR,SIG_GHOST,18,71,1,1,0.009835512701441819
CREATOR,SIG_GHOST,18,72,1,1,9.048704723836764e-05
CREATOR,SIG_GHOST,18,73,1,1,0.03768604447585112
CREATOR,SIG_GHOST,18,74,1,1,0.8491542909165436
CREATOR,SIG_GHOST,18,75,1,1,0.0017625575767230813
CREATOR,SIG_GHOST,18,76,1,1,0.31334736631423904
CREATOR,SIG_GHOST,18,77,1,1,0.06447246135167434
CREATOR,SIG_GHOST,18,78,1,1,0.014744986467049071
CREATOR,SIG_GHOST,18,79,1,1,0.0025265575900937157
CREATOR,SIG_GHOST,18,80,1,1,0.1898908226615162
CREATOR,SIG_GHOST,18,81,1,1,0.0036080624682872844
CREATOR,SIG_GHOST,18,82,1,1,0.012334036924985279
CREATOR,SIG_GHOST,18,83,1,1,0.8641244520799729
CREATOR,SIG_GHOST,18,84,1,1,0.0013991323839640463
CREATOR,SIG_GHOST,18,85,1,1,0.7511446462886774
CREATOR,SIG_GHOST,18,86,1,1,0.13944536260506446
CREATOR,SIG_GHOST,18,87,1,1,0.0043373881119903816
CREATOR,SIG_GHOST,18,88,1,1,0.00034609984597732904
CREATOR,SIG_GHOST,18,89,1,1,0.13175242191581799
CREATOR,SIG_GHOST,18,90,1,1,0.05495763900725904
CREATOR,SIG_GHOST,18,91,1,1,0.015511109839170268
CREATOR,SIG_GHOST,18,92,1,1,0.008459334718252394
CREATOR,SIG_GHOST,18,93,1,1,0.01396676296558689
CREATOR,SIG_GHOST,18,94,1,1,0.7035926832517969
CREATOR,SIG_GHOST,18,95,1,1,0.07880285234136825
CREATOR,SIG_GHOST,18,96,1,1,0.048897111584236014
CREATOR,SIG_GHOST,18,97,1,1,0.9295602728384664
CREATOR,SIG_GHOST,18,98,1,1,0.004823985234729198
CREATOR,SIG_GHOST,18,99,1,1,0.0004665675981979981
CREATOR,SIG_GHOST,18,100,1,1,0.00954671791025901
CREATOR,SIG_GHOST,18,101,1,1,0.029344477963671713
CREATOR,SIG_GHOST,18,102,1,1,0.013610219753115452
CREATOR,SIG_GHOST,18,103,1,1,0.2130974821281816
CREATOR,SIG_GHOST,18,104,1,1,0.03540197467919973
CREATOR,SIG_GHOST,18,105,1,1,0.032442504035333185
CREATOR,SIG_GHOST,18,106,1,1,0.0012996880569045464
CREATOR,SIG_GHOST,18,107,1,1,0.005168258867428567
CREATOR,SIG_GHOST,18,108,1,1,0.002619872825244943
CREATOR,SIG_GHOST,18,109,1,1,0.002669970335671737
CREATOR,SIG_GHOST,18,110,1,1,0.14671575099580036
CREATOR,SIG_GHOST,18,111,1,1,0.001049716256589041
CREATOR,SIG_GHOST,18,112,1,1,0.05306544815005393
CREATOR,SIG_GHOST,18,113,1,1,0.04105293381868119
CREATOR,SIG_GHOST,18,114,1,1,0.0037489831211300322
CREATOR,SIG_GHOST,18,115,1,1,0.004850562899888711
CREATOR,SIG_GHOST,18,116,1,1,0.015800995573566647
CREATOR,SIG_GHOST,18,117,1,1,0.0002463935223304334
CREATOR,SIG_GHOST,18,118,1,1,0.014438164396465966
CREATOR,SIG_GHOST,18,119,1,1,0.027850597642711847
CREATOR,SIG_GHOST,18,120,1,1,0.0002136436250122226
CREATOR,SIG_GHOST,18,121,1,1,0.029505518373717177
CREATOR,SIG_GHOST,18,122,1,1,0.0821872017887416
CREATOR,SIG_GHOST,18,123,1,1,0.2351295616881096
CREATOR,SIG_GHOST,18,124,1,1,0.04606312794574978
CREATOR,SIG_GHOST,18,125,1,1,0.2868421166360603
CREATOR,SIG_GHOST,18,126,1,1,0.0027294835488761754
CREATOR,SIG_GHOST,18,127,1,1,0.431255669829693
CREATOR,SIG_GHOST,18,128,1,1,0.06272408150392958
CREATOR,SIG_GHOST,18,129,1,1,0.0019045667699829293
CREATOR,SIG_GHOST,18,130,1,1,0.14373644772417277
CREATOR,SIG_GHOST,18,131,1,1,0.01689038132844849
CREATOR,SIG_GHOST,18,132,1,1,0.0443017899143126
CREATOR,SIG_GHOST,18,133,1,1,0.019698026662023048
CREATOR,SIG_GHOST,18,134,1,1,0.0027816534504705812
CREATOR,SIG_GHOST,18,135,1,1,0.003964660497039098
CREATOR,SIG_GHOST,18,136,1,1,0.026139515628024024
CREATOR,SIG_GHOST,18,137,1,1,0.039944936698088004
CREATOR,SIG_GHOST,18,138,1,1,0.04844593646026234
CREATOR,SIG_GHOST,18,139,1,1,0.11703556047856963
CREATOR,SIG_GHOST,18,140,1,1,0.019182938005271856
CREATOR,SIG_GHOST,18,141,1,1,0.013036103862850998
CREATOR,SIG_GHOST,18,142,1,1,0.00032574020718214604
CREATOR,SIG_GHOST,18,143,1,1,0.004434005756300718
CREATOR,SIG_GHOST,18,144,1,1,0.011722694395712841
CREATOR,SIG_GHOST,18,145,1,1,0.005059243784344056
CREATOR,SIG_GHOST,18,146,1,1,0.03953200295526851
CREATOR,SIG_GHOST,18,147,1,1,0.0030869936459202874
CREATOR,SIG_GHOST,18,148,1,1,0.01975757773500797
CREATOR,SIG_GHOST,18,149,1,1,0.04843122232674851
CREATOR,SIG_GHOST,18,150,1,1,0.04451201298093405
CREATOR,SIG_GHOST,18,151,1,1,0.049041874364431685
CREATOR,SIG_GHOST,18,152,1,1,0.03831418881257689
CREATOR,SIG_GHOST,18,153,1,1,0.0004465949636224479
CREATOR,SIG_GHOST,18,154,1,1,0.1139012489240129
CREATOR,SIG_GHOST,18,155,1,1,0.00245184451311046
CREATOR,SIG_GHOST,18,156,1,1,0.034834986829073905
CREATOR,SIG_GHOST,18,157,1,1,0.018302224934357708
CREATOR,SIG_GHOST,18,158,1,1,0.4095527077527594
CREATOR,SIG_GHOST,18,159,1,1,0.01879721010251371
CREATOR,SIG_GHOST,18,160,1,1,0.016410666851611324
CREATOR,SIG_GHOST,18,161,1,1,0.00028712566241092835
CREATOR,SIG_GHOST,18,162,1,1,0.18403486279362014
CREATOR,SIG_GHOST,18,163,1,1,0.07083816664704573
CREATOR,SIG_GHOST,18,164,1,1,0.0034081288414505063
CREATOR,SIG_GHOST,18,165,1,1,0.6756986474374903
CREATOR,SIG_GHOST,18,166,1,1,0.003972708267956137
CREATOR,SIG_GHOST,18,167,1,1,0.180217957373983
CREATOR,SIG_GHOST,18,168,1,1,0.002584128869230406
CREATOR,SIG_GHOST,18,169,1,1,0.09798493356144813
CREATOR,SIG_GHOST,18,170,1,1,0.011964269131810052
CREATOR,SIG_GHOST,18,171,1,1,0.004799050115849911
CREATOR,SIG_GHOST,18,172,1,1,0.004851883618737753
CREATOR,SIG_GHOST,18,173,1,1,0.03242150677245453
CREATOR,SIG_GHOST,18,174,1,1,0.24805687144141172
CREATOR,SIG_GHOST,18,175,1,1,0.011618818265861395
CREATOR,SIG_GHOST,18,176,1,1,0.0037497073810133855
CREATOR,SIG_GHOST,18,177,1,1,0.5980825923699948
CREATOR,SIG_GHOST,18,178,1,1,0.03139992229723865
CREATOR,SIG_GHOST,18,179,1,1,0.002698744961195902
CREATOR,SIG_GHOST,18,180,1,1,0.0041698855137807965
CREATOR,SIG_GHOST,18,181,1,1,0.0003384852348242166
CREATOR,SIG_GHOST,18,182,1,1,0.46453653444286114
CREATOR,SIG_GHOST,18,183,1,1,0.003347906548942862
CREATOR,SIG_GHOST,18,184,1,1,0.0008000341783508972
CREATOR,SIG_GHOST,18,185,1,1,0.679782963516586
CREATOR,SIG_GHOST,18,186,1,1,0.02694205165423355
CREATOR,SIG_GHOST,18,187,1,1,0.001059783056038253
CREATOR,SIG_GHOST,18,188,1,1,0.1531330825039977
CREATOR,SIG_GHOST,18,189,1,1,0.00328291860445319
CREATOR,SIG_GHOST,18,190,1,1,0.021463482234709116
CREATOR,SIG_GHOST,18,191,1,1,0.006858910427534303
CREATOR,SIG_GHOST,18,192,1,1,0.01622650777889369
CREATOR,SIG_GHOST,18,193,1,1,0.00038940261452496456
CREATOR,SIG_GHOST,18,194,1,1,0.06096744114143922
CREATOR,SIG_GHOST,18,195,1,1,0.00030211472090991036
CREATOR,SIG_GHOST,18,196,1,1,1.0960514617123924
CREATOR,SIG_GHOST,18,197,1,1,0.016174191469446618
CREATOR,SIG_GHOST,18,198,1,1,0.12414078926534915
CREATOR,SIG_GHOST,18,199,1,1,0.134703119922195
CREATOR,SIG_GHOST,19,0,1,1,0.05577059098471432
CREATOR,SIG_GHOST,19,1,1,1,0.01850091257599342
CREATOR,SIG_GHOST,19,2,1,1,0.07867662769159814
CREATOR,SIG_GHOST,19,3,1,1,0.004787378111886877
CREATOR,SIG_GHOST,19,4,1,1,0.005152162123244946
CREATOR,SIG_GHOST,19,5,1,1,0.4491831464574942
CREATOR,SIG_GHOST,19,6,1,1,0.11614504495662208
CREATOR,SIG_GHOST,19,7,1,1,0.004142706646747613
CREATOR,SIG_GHOST,19,8,1,1,0.009608162309829277
CREATOR,SIG_GHOST,19,9,1,1,0.0010450381334205648
CREATOR,SIG_GHOST,19,10,1,1,0.01385062307923627
CREATOR,SIG_GHOST,19,11,1,1,0.002531849074713807
CREATOR,SIG_GHOST,19,12,1,1,0.17443790137917392
CREATOR,SIG_GHOST,19,13,1,1,0.23394438946746515
CREATOR,SIG_GHOST,19,14,1,1,0.01597721984786571
CREATOR,SIG_GHOST,19,15,1,1,0.08949944628721028
CREATOR,SIG_GHOST,19,16,1,1,0.020599728333566422
CREATOR,SIG_GHOST,19,17,1,1,0.002685740913923086
CREATOR,SIG_GHOST,19,18,1,1,0.002302925445084962
CREATOR,SIG_GHOST,19,19,1,1,0.054669140495862266
CREATOR,SIG_GHOST,19,20,1,1,0.2419319391495253
CREATOR,SIG_GHOST,19,21,1,1,0.008629531895179648
CREATOR,SIG_GHOST,19,22,1,1,0.001559669391943359
CREATOR,SIG_GHOST,19,23,1,1,0.07469058066959641
CREATOR,SIG_GHOST,19,24,1,1,0.0016644594987141477
CREATOR,SIG_GHOST,19,25,1,1,0.15554664704331006
CREATOR,SIG_GHOST,19,26,1,1,0.0632135037895789
CREATOR,SIG_GHOST,19,27,1,1,0.0002958785276709634
CREATOR,SIG_GHOST,19,28,1,1,0.2882987028526699
CREATOR,SIG_GHOST,19,29,1,1,0.013469582034564795
CREATOR,SIG_GHOST,19,30,1,1,0.456553952936193
CREATOR,SIG_GHOST,19,31,1,1,0.017506163290295862
CREATOR,SIG_GHOST,19,32,1,1,0.029675543345063775
CREATOR,SIG_GHOST,19,33,1,1,0.0040948748399833815
CREATOR,SIG_GHOST,19,34,1,1,0.001211145676145446
CREATOR,SIG_GHOST,19,35,1,1,0.12112771476301742
CREATOR,SIG_GHOST,19,36,1,1,0.004981856762777867
CREATOR,SIG_GHOST,19,37,1,1,0.6935423397937133
CREATOR,SIG_GHOST,19,38,1,1,0.0033812700329569987
CREATOR,SIG_GHOST,19,39,1,1,0.016616336953945668
CREATOR,SIG_GHOST,19,40,1,1,0.01201645513101595
CREATOR,SIG_GHOST,19,41,1,1,0.19562674316430245
CREATOR,SIG_GHOST,19,42,1,1,0.0015449977465059174
CREATOR,SIG_GHOST,19,43,1,1,0.4827980921206146
CREATOR,SIG_GHOST,19,44,1,1,0.009284405582938516
CREATOR,SIG_GHOST,19,45,1,1,0.03168417123893133
CREATOR,SIG_GHOST,19,46,1,1,0.13579124663689685
CREATOR,SIG_GHOST,19,47,1,1,0.13854019308987142
CREATOR,SIG_GHOST,19,48,1,1,0.012721176994329508
CREATOR,SIG_GHOST,19,49,1,1,0.009844336145763409
CREATOR,SIG_GHOST,19,50,1,1,0.14107115620950067
CREATOR,SIG_GHOST,19,51,1,1,0.004084678507815233
CREATOR,SIG_GHOST,19,52,1,1,0.4046923810379095
CREATOR,SIG_GHOST,19,53,1,1,0.00425869906585678
CREATOR,SIG_GHOST,19,54,1,1,0.8649994142912028
CREATOR,SIG_GHOST,19,55,1,1,0.9286715044818196
CREATOR,SIG_GHOST,19,56,1,1,0.0013248103356251332
CREATOR,SIG_GHOST,19,57,1,1,0.01902992434443582
CREATOR,SIG_GHOST,19,58,1,1,0.001089254477415595
CREATOR,SIG_GHOST,19,59,1,1,0.003725220956062532
CREATOR,SIG_GHOST,19,60,1,1,0.15861992198464042
CREATOR,SIG_GHOST,19,61,1,1,0.05189992845778836
CREATOR,SIG_GHOST,19,62,1,1,0.0011249421362284158
CREATOR,SIG_GHOST,19,63,1,1,0.007909677495766862
CREATOR,SIG_GHOST,19,64,1,1,0.0491127695445785
CREATOR,SIG_GHOST,19,65,1,1,0.07553262233918578
CREATOR,SIG_GHOST,19,66,1,1,0.022914011850450874
CREATOR,SIG_GHOST,19,67,1,1,0.00425177798084671
CREATOR,SIG_GHOST,19,68,1,1,0.21928169033140288
CREATOR,SIG_GHOST,19,69,1,3,1.0780130653557969
CREATOR,SIG_GHOST,19,70,1,1,0.5669624141654235
CREATOR,SIG_GHOST,19,71,1,1,0.061289469639848757
CREATOR,SIG_GHOST,19,72,1,1,0.027192774047829184
CREATOR,SIG_GHOST,19,73,1,1,0.0013818922178120995
CREATOR,SIG_GHOST,19,74,1,1,0.0004099776412179719
CREATOR,SIG_GHOST,19,75,1,1,0.03489686193519906
CREATOR,SIG_GHOST,19,76,1,1,0.00033084616390160234
CREATOR,SIG_GHOST,19,77,1,1,0.00011369079919114992
CREATOR,SIG_GHOST,19,78,1,1,0.2626005775410374
CREATOR,SIG_GHOST,19,79,1,1,0.0011562266152899086
CREATOR,SIG_GHOST,19,80,1,1,0.030662956867620862
CREATOR,SIG_GHOST,19,81,1,1,0.004804515058427643
CREATOR,SIG_GHOST,19,82,1,1,0.009401878505985228
CREATOR,SIG_GHOST,19,83,1,1,0.0009451030323586214
CREATOR,SIG_GHOST,19,84,1,1,0.1298276060827284
CREATOR,SIG_GHOST,19,85,1,1,0.012338227344002157
CREATOR,SIG_GHOST,19,86,1,1,0.04293331583747547
CREATOR,SIG_GHOST,19,87,1,1,0.008600179086831273
CREATOR,SIG_GHOST,19,88,1,1,0.13025408891667248
CREATOR,SIG_GHOST,19,89,1,1,0.041143880471062294
CREATOR,SIG_GHOST,19,90,1,1,0.003756257949220583
CREATOR,SIG_GHOST,19,91,1,1,0.0014683873530217458
CREATOR,SIG_GHOST,19,92,1,1,0.6107934879749766
CREATOR,SIG_GHOST,19,93,1,1,0.1434795631264911
CREATOR,SIG_GHOST,19,94,1,1,0.03704699001158162
CREATOR,SIG_GHOST,19,95,1,1,1.2883084288378464
CREATOR,SIG_GHOST,19,96,1,1,0.01356490033904868
CREATOR,SIG_GHOST,19,97,1,1,0.0015051670753624855
CREATOR,SIG_GHOST,19,98,1,1,0.06958535037660671
CREATOR,SIG_GHOST,19,99,1,1,0.0038751293386978286
CREATOR,SIG_GHOST,19,100,1,1,0.0002703571816323049
CREATOR,SIG_GHOST,19,101,1,1,0.0440599548380876
CREATOR,SIG_GHOST,19,102,1,1,0.18178707025413593
CREATOR,SIG_GHOST,19,103,1,1,0.04714315463505774
CREATOR,SIG_GHOST,19,104,1,1,0.05458171790055738
CREATOR,SIG_GHOST,19,105,1,1,0.04254717715766515
CREATOR,SIG_GHOST,19,106,1,1,0.0003550958022166917
CREATOR,SIG_GHOST,19,107,1,1,0.010669500297206126
CREATOR,SIG_GHOST,19,108,1,1,0.0011687342982668499
CREATOR,SIG_GHOST,19,109,1,1,0.12302906576884676
CREATOR,SIG_GHOST,19,110,1,1,0.10506173724989099
CREATOR,SIG_GHOST,19,111,1,1,0.08440933367465613
CREATOR,SIG_GHOST,19,112,1,1,0.0002782409239602053
CREATOR,SIG_GHOST,19,113,1,1,0.7597689299182018
CREATOR,SIG_GHOST,19,114,1,1,0.015968746322093746
CREATOR,SIG_GHOST,19,115,1,1,0.007687154374074986
CREATOR,SIG_GHOST,19,116,1,1,0.13377552804128645
CREATOR,SIG_GHOST,19,117,1,1,0.6751676260493535
CREATOR,SIG_GHOST,19,118,1,1,0.08265072716078618
CREATOR,SIG_GHOST,19,119,1,1,0.011566915561462925
CREATOR,SIG_GHOST,19,120,1,1,0.0020803053326564677
CREATOR,SIG_GHOST,19,121,1,1,0.008219386339440731
CREATOR,SIG_GHOST,19,122,1,1,0.03462209210745021
CREATOR,SIG_GHOST,19,123,1,1,0.009720917760873428
CREATOR,SIG_GHOST,19,124,1,1,0.1165676306999925
CREATOR,SIG_GHOST,19,125,1,1,0.15152660790212774
CREATOR,SIG_GHOST,19,126,1,1,0.004205576951288329
CREATOR,SIG_GHOST,19,127,1,1,0.016221868007178078
CREATOR,SIG_GHOST,19,128,1,1,0.2584840242455448
CREATOR,SIG_GHOST,19,129,1,1,0.0028490021347469903
CREATOR,SIG_GHOST,19,130,1,1,0.016206058731318924
CREATOR,SIG_GHOST,19,131,1,1,0.0011322451356333982
CREATOR,SIG_GHOST,19,132,1,1,0.01715571879560916
CREATOR,SIG_GHOST,19,133,1,1,0.00488757287025934
CREATOR,SIG_GHOST,19,134,1,1,0.0024123164948364846
CREATOR,SIG_GHOST,19,135,1,1,0.014171807236377353
CREATOR,SIG_GHOST,19,136,1,1,0.1407595000537687
CREATOR,SIG_GHOST,19,137,1,1,0.0014953150119241324
CREATOR,SIG_GHOST,19,138,1,1,0.14702051310350064
CREATOR,SIG_GHOST,19,139,1,1,0.0008671592659553065
CREATOR,SIG_GHOST,19,140,1,1,0.0015545859506731023
CREATOR,SIG_GHOST,19,141,1,1,0.002542231364085766
CREATOR,SIG_GHOST,19,142,1,1,0.004680109354593721
CREATOR,SIG_GHOST,19,143,1,1,0.01940462285779289
CREATOR,SIG_GHOST,19,144,1,1,0.14482083885152844
CREATOR,SIG_GHOST,19,145,1,1,0.27059719192918885
CREATOR,SIG_GHOST,19,146,1,1,0.013468634098482032
CREATOR,SIG_GHOST,19,147,1,1,0.00012056108569868246
CREATOR,SIG_GHOST,19,148,1,1,0.02261630150170156
CREATOR,SIG_GHOST,19,149,1,1,0.04687414987813339
CREATOR,SIG_GHOST,19,150,1,1,0.0036458222316586965
CREATOR,SIG_GHOST,19,151,1,1,0.1135016802952252
CREATOR,SIG_GHOST,19,152,1,1,0.12933058176847045
CREATOR,SIG_GHOST,19,153,1,1,0.00156860253973834
CREATOR,SIG_GHOST,19,154,1,1,0.09940144524371189
CREATOR,SIG_GHOST,19,155,1,1,0.005766298247854208
CREATOR,SIG_GHOST,19,156,1,1,0.0043129772842054465
CREATOR,SIG_GHOST,19,157,1,1,0.00784806347191253
CREATOR,SIG_GHOST,19,158,1,1,0.10825763184610747
CREATOR,SIG_GHOST,19,159,1,1,0.04676513949986727
CREATOR,SIG_GHOST,19,160,1,1,0.054447163183200184
CREATOR,SIG_GHOST,19,161,1,1,0.0036056580978556354
CREATOR,SIG_GHOST,19,162,1,1,0.11911558661530816
CREATOR,SIG_GHOST,19,163,1,1,0.0974871638254556
CREATOR,SIG_GHOST,19,164,1,1,0.020475823979850715
CREATOR,SIG_GHOST,19,165,1,1,0.009997095009067612
CREATOR,SIG_GHOST,19,166,1,1,0.06085367629288197
CREATOR,SIG_GHOST,19,167,1,1,0.04717371256696541
CREATOR,SIG_GHOST,19,168,1,1,0.1830806913459836
CREATOR,SIG_GHOST,19,169,1,1,0.0009670082168298073
CREATOR,SIG_GHOST,19,170,1,1,0.005588085623165932
CREATOR,SIG_GHOST,19,171,1,1,0.8312662653737201
CREATOR,SIG_GHOST,19,172,1,1,0.041660754723683815
CREATOR,SIG_GHOST,19,173,1,1,0.1703149046145762
CREATOR,SIG_GHOST,19,174,1,1,0.9141868508797617
CREATOR,SIG_GHOST,19,175,1,1,0.020392674294007318
CREATOR,SIG_GHOST,19,176,1,1,0.13872296839252604
CREATOR,SIG_GHOST,19,177,1,1,0.001377932744808139
CREATOR,SIG_GHOST,19,178,1,1,0.0020013037787668564
CREATOR,SIG_GHOST,19,179,1,1,0.04764539348324883
CREATOR,SIG_GHOST,19,180,1,1,0.005111120973938333
CREATOR,SIG_GHOST,19,181,1,1,0.005852765395514046
CREATOR,SIG_GHOST,19,182,1,1,0.015749336252570786
CREATOR,SIG_GHOST,19,183,1,1,0.16582915380281027
CREATOR,SIG_GHOST,19,184,1,1,0.011766474469803598
CREATOR,SIG_GHOST,19,185,1,1,0.054138273303901405
CREATOR,SIG_GHOST,19,186,1,1,0.003813836450555437
CREATOR,SIG_GHOST,19,187,1,1,0.05343246050155184
CREATOR,SIG_GHOST,19,188,1,1,0.40486299151829264
CREATOR,SIG_GHOST,19,189,1,1,0.13356141201318414
CREATOR,SIG_GHOST,19,190,1,1,0.007890876450009016
CREATOR,SIG_GHOST,19,191,1,1,0.001325660080096325
CREATOR,SIG_GHOST,19,192,1,1,0.04802517914153264
CREATOR,SIG_GHOST,19,193,1,1,0.01231115961906295
CREATOR,SIG_GHOST,19,194,1,1,0.005171116086528191
CREATOR,SIG_GHOST,19,195,1,1,0.0013237963997069812
CREATOR,SIG_GHOST,19,196,1,1,0.030127905245939873
CREATOR,SIG_GHOST,19,197,1,1,0.08174166090635858
CREATOR,SIG_GHOST,19,198,1,1,0.00377932182685974
CREATOR,SIG_GHOST,19,199,1,1,0.0014960002504459903
GHOST,SIG_CREATOR,0,0,1,3,0.09362359416418932
GHOST,SIG_CREATOR,0,1,1,0,0.0030282688186440373
GHOST,SIG_CREATOR,0,2,1,1,0.09991745181214491
GHOST,SIG_CREATOR,0,3,1,0,0.0003188796993910821
GHOST,SIG_CREATOR,0,4,1,0,0.0918574645615281
GHOST,SIG_CREATOR,0,5,1,0,0.12344729491688052
GHOST,SIG_CREATOR,0,6,1,3,0.0002488289623784198
GHOST,SIG_CREATOR,0,7,1,3,0.0818159116282065
GHOST,SIG_CREATOR,0,8,1,0,0.006118473835427761
GHOST,SIG_CREATOR,0,9,1,0,0.09674069549955623
GHOST,SIG_CREATOR,0,10,1,3,0.004110659779842839
GHOST,SIG_CREATOR,0,11,1,2,0.14033693944600906
GHOST,SIG_CREATOR,0,12,1,2,0.09418314755837481
GHOST,SIG_CREATOR,0,13,1,1,0.13337726290725266
GHOST,SIG_CREATOR,0,14,1,2,0.11188163453812582
GHOST,SIG_CREATOR,0,15,1,2,0.00014345611774113168
GHOST,SIG_CREATOR,0,16,1,1,0.22979312625022935
GHOST,SIG_CREATOR,0,17,1,0,0.0973328004200132
GHOST,SIG_CREATOR,0,18,1,3,0.00013282982765714757
GHOST,SIG_CREATOR,0,19,1,3,0.15150604235958115
GHOST,SIG_CREATOR,0,20,1,3,0.2872057581420625
GHOST,SIG_CREATOR,0,21,1,0,0.13184654481830127
GHOST,SIG_CREATOR,0,22,1,2,0.09793383812779116
GHOST,SIG_CREATOR,0,23,1,3,0.11473309728347433
GHOST,SIG_CREATOR,0,24,1,2,0.2611973354755587
GHOST,SIG_CREATOR,0,25,1,0,0.16827510760149586
GHOST,SIG_CREATOR,0,26,1,1,0.0033085332011141334
GHOST,SIG_CREATOR,0,27,1,2,0.2494448850840701
GHOST,SIG_CREATOR,0,28,1,0,0.2164908717904164
GHOST,SIG_CREATOR,0,29,1,3,0.19505265981518283
GHOST,SIG_CREATOR,0,30,1,2,0.08209488970288835
GHOST,SIG_CREATOR,0,31,1,3,0.09686062160840374
GHOST,SIG_CREATOR,0,32,1,2,0.16265518608732044
GHOST,SIG_CREATOR,0,33,1,2,0.00018094302411274097
GHOST,SIG_CREATOR,0,34,1,1,0.1368894602979637
GHOST,SIG_CREATOR,0,35,1,2,0.004231686400185331
GHOST,SIG_CREATOR,0,36,1,3,0.004314366384237511
GHOST,SIG_CREATOR,0,37,1,1,0.2872707404822439
GHOST,SIG_CREATOR,0,38,1,0,0.1419771900354521
GHOST,SIG_CREATOR,0,39,1,2,0.006704604062629736
GHOST,SIG_CREATOR,0,40,1,0,0.11876196156814359
GHOST,SIG_CREATOR,0,41,1,2,0.2377787794281285
GHOST,SIG_CREATOR,0,42,1,0,0.14395414797804013
GHOST,SIG_CREATOR,0,43,1,0,0.10692023512375909
GHOST,SIG_CREATOR,0,44,1,2,0.0867330998060436
GHOST,SIG_CREATOR,0,45,1,3,0.14763008383987544
GHOST,SIG_CREATOR,0,46,1,3,0.15604689390257848
GHOST,SIG_CREATOR,0,47,1,3,0.2596711320130806
GHOST,SIG_CREATOR,0,48,1,0,0.0001856178233339646
GHOST,SIG_CREATOR,0,49,1,1,0.25209378624506823
GHOST,SIG_CREATOR,0,50,1,0,0.09709920921518139
GHOST,SIG_CREATOR,0,51,1,0,0.08575125261655388
GHOST,SIG_CREATOR,0,52,1,1,0.10128564220632119
GHOST,SIG_CREATOR,0,53,1,0,0.2820797577615899
GHOST,SIG_CREATOR,0,54,1,2,0.11006383462839313
GHOST,SIG_CREATOR,0,55,1,0,0.08807251492135894
GHOST,SIG_CREATOR,0,56,1,0,0.011594782043207885
GHOST,SIG_CREATOR,0,57,1,3,0.09173116963258754
GHOST,SIG_CREATOR,0,58,1,2,0.1034847069598885
GHOST,SIG_CREATOR,0,59,1,3,0.0003891245929684168
GHOST,SIG_CREATOR,0,60,1,3,0.0024348132619407825
GHOST,SIG_CREATOR,0,61,1,1,0.14129494767393533
GHOST,SIG_CREATOR,0,62,1,0,0.10444021173928851
GHOST,SIG_CREATOR,0,63,1,2,0.23588812282868674
GHOST,SIG_CREATOR,0,64,1,0,0.08869028131762913
GHOST,SIG_CREATOR,0,65,1,3,0.11421275044920667
GHOST,SIG_CREATOR,0,66,1,1,0.08366771719527326
GHOST,SIG_CREATOR,0,67,1,2,2.1411447189696794e-06
GHOST,SIG_CREATOR,0,68,1,0,0.2504469388916153
GHOST,SIG_CREATOR,0,69,1,3,9.597260007928271e-05
GHOST,SIG_CREATOR,0,70,1,0,0.10249239154549293
GHOST,SIG_CREATOR,0,71,1,3,0.11659837106713711
GHOST,SIG_CREATOR,0,72,1,2,0.003546896729130525
GHOST,SIG_CREATOR,0,73,1,1,0.08464534111591983
GHOST,SIG_CREATOR,0,74,1,0,9.404778690621165e-08
GHOST,SIG_CREATOR,0,75,1,1,3.7655545832124377e-06
GHOST,SIG_CREATOR,0,76,1,1,0.07868548472880733
GHOST,SIG_CREATOR,0,77,1,3,0.24662251879831287
GHOST,SIG_CREATOR,0,78,1,1,0.0038548131419637688
GHOST,SIG_CREATOR,0,79,1,3,0.12158072299216759
GHOST,SIG_CREATOR,0,80,1,2,0.00012062510409243109
GHOST,SIG_CREATOR,0,81,1,0,0.0867801627456862
GHOST,SIG_CREATOR,0,82,1,1,0.2939722240080518
GHOST,SIG_CREATOR,0,83,1,2,0.22735210080684032
GHOST,SIG_CREATOR,0,84,1,0,0.004030547908542502
GHOST,SIG_CREATOR,0,85,1,0,0.0733545121940057
GHOST,SIG_CREATOR,0,86,1,0,0.1039604125128459
GHOST,SIG_CREATOR,0,87,1,2,0.14428192816527097
GHOST,SIG_CREATOR,0,88,1,0,0.1574671227937368
GHOST,SIG_CREATOR,0,89,1,3,0.09700526093053013
GHOST,SIG_CREATOR,0,90,1,2,0.1119282517797171
GHOST,SIG_CREATOR,0,91,1,2,2.9956694715773536e-06
GHOST,SIG_CREATOR,0,92,1,3,0.1213848262414734
GHOST,SIG_CREATOR,0,93,1,1,0.013210525864170486
GHOST,SIG_CREATOR,0,94,1,0,0.28345157307588753
GHOST,SIG_CREATOR,0,95,1,2,0.00010446380114777249
GHOST,SIG_CREATOR,0,96,1,3,0.14321495396837522
GHOST,SIG_CREATOR,0,97,1,1,0.00010761346241265556
GHOST,SIG_CREATOR,0,98,1,2,0.1376445697028397
GHOST,SIG_CREATOR,0,99,1,1,0.09874978548519812
GHOST,SIG_CREATOR,0,100,1,1,0.006011817551643992
GHOST,SIG_CREATOR,0,101,1,2,0.0002577781108411266
GHOST,SIG_CREATOR,0,102,1,2,0.011196945203902298
GHOST,SIG_CREATOR,0,103,1,0,0.11409304606453503
GHOST,SIG_CREATOR,0,104,1,2,0.2649344977591429
GHOST,SIG_CREATOR,0,105,1,2,0.005385505940161486
GHOST,SIG_CREATOR,0,106,1,2,0.10128208770213841
GHOST,SIG_CREATOR,0,107,1,2,0.014854339629558937
GHOST,SIG_CREATOR,0,108,1,0,0.1941214866704221
GHOST,SIG_CREATOR,0,109,1,2,0.2302288973664656
GHOST,SIG_CREATOR,0,110,1,0,0.280963774566509
GHOST,SIG_CREATOR,0,111,1,1,0.015836794684317698
GHOST,SIG_CREATOR,0,112,1,1,0.10210728037628994
GHOST,SIG_CREATOR,0,113,1,0,0.08067014321998059
GHOST,SIG_CREATOR,0,114,1,3,0.014968978904486901
GHOST,SIG_CREATOR,0,115,1,1,0.19896805954950464
GHOST,SIG_CREATOR,0,116,1,2,0.00024432382474017455
GHOST,SIG_CREATOR,0,117,1,1,0.20034142121777798
GHOST,SIG_CREATOR,0,118,1,3,0.07820543419181392
GHOST,SIG_CREATOR,0,119,1,3,0.12245475549731626
GHOST,SIG_CREATOR,0,120,1,0,0.1903275320244279
GHOST,SIG_CREATOR,0,121,1,1,0.1227794140548391
GHOST,SIG_CREATOR,0,122,1,3,0.24969925928830977
GHOST,SIG_CREATOR,0,123,1,0,0.1336772187709015
GHOST,SIG_CREATOR,0,124,1,1,0.0002922230741631732
GHOST,SIG_CREATOR,0,125,1,1,0.10473968876843345
GHOST,SIG_CREATOR,0,126,1,3,0.15483449666504495
GHOST,SIG_CREATOR,0,127,1,3,0.16408925309162517
GHOST,SIG_CREATOR,0,128,1,1,0.14068068208764486
GHOST,SIG_CREATOR,0,129,1,0,3.049379194453879e-06
GHOST,SIG_CREATOR,0,130,1,2,0.20374378827454848
GHOST,SIG_CREATOR,0,131,1,3,0.004344107024924595
GHOST,SIG_CREATOR,0,132,1,1,8.883922468500772e-05
GHOST,SIG_CREATOR,0,133,1,0,0.1762832072507081
GHOST,SIG_CREATOR,0,134,1,2,0.15243413256962024
GHOST,SIG_CREATOR,0,135,1,3,0.082123810905117
GHOST,SIG_CREATOR,0,136,1,3,0.14263303798798777
GHOST,SIG_CREATOR,0,137,1,2,0.00025198726174220724
GHOST,SIG_CREATOR,0,138,1,1,0.1669525441983583
GHOST,SIG_CREATOR,0,139,1,1,0.00012471469070022908
GHOST,SIG_CREATOR,0,140,1,3,0.11035422310171808
GHOST,SIG_CREATOR,0,141,1,1,0.12017943783060622
GHOST,SIG_CREATOR,0,142,1,3,0.10098426526511933
GHOST,SIG_CREATOR,0,143,1,0,0.0026496001623850674
GHOST,SIG_CREATOR,0,144,1,0,0.24020398787006614
GHOST,SIG_CREATOR,0,145,1,3,0.06479910570694057
GHOST,SIG_CREATOR,0,146,1,1,0.00021175899949154046
GHOST,SIG_CREATOR,0,147,1,3,0.013115497818825945
GHOST,SIG_CREATOR,0,148,1,0,7.350895283546093e-06
GHOST,SIG_CREATOR,0,149,1,3,0.012891071346986503
GHOST,SIG_CREATOR,0,150,1,1,0.12779834602948428
GHOST,SIG_CREATOR,0,151,1,1,0.09382507168063599
GHOST,SIG_CREATOR,0,152,1,2,0.00011861127711308407
GHOST,SIG_CREATOR,0,153,1,2,0.101704112763643
GHOST,SIG_CREATOR,0,154,1,1,0.23799051128340654
GHOST,SIG_CREATOR,0,155,1,2,0.00030332337048046313
GHOST,SIG_CREATOR,0,156,1,1,0.14406816761585547
GHOST,SIG_CREATOR,0,157,1,1,0.12853756309572398
GHOST,SIG_CREATOR,0,158,1,2,0.0931457588567917
GHOST,SIG_CREATOR,0,159,1,2,0.1560652435277383
GHOST,SIG_CREATOR,0,160,1,2,0.162286265466248
GHOST,SIG_CREATOR,0,161,1,1,0.11109260028135466
GHOST,SIG_CREATOR,0,162,1,2,0.12261902835091858
GHOST,SIG_CREATOR,0,163,1,0,0.14483704618589371
GHOST,SIG_CREATOR,0,164,1,3,0.12251785788075609
GHOST,SIG_CREATOR,0,165,1,1,0.01681945032233501
GHOST,SIG_CREATOR,0,166,1,3,0.005595666452030408
GHOST,SIG_CREATOR,0,167,1,3,0.18453346112560484
GHOST,SIG_CREATOR,0,168,1,2,0.12924416605711186
GHOST,SIG_CREATOR,0,169,1,3,0.27123946343542155
GHOST,SIG_CREATOR,0,170,1,3,0.0023277806569295964
GHOST,SIG_CREATOR,0,171,1,1,9.041714623761883e-06
GHOST,SIG_CREATOR,0,172,1,3,0.07983817357628242
GHOST,SIG_CREATOR,0,173,1,1,0.13652541396158013
GHOST,SIG_CREATOR,0,174,1,2,0.22388499677824397
GHOST,SIG_CREATOR,0,175,1,2,0.010258070269156322
GHOST,SIG_CREATOR,0,176,1,0,0.18758672300942508
GHOST,SIG_CREATOR,0,177,1,1,0.0996325445489866
GHOST,SIG_CREATOR,0,178,1,0,0.09516666978728286
GHOST,SIG_CREATOR,0,179,1,3,0.2283507447527952
GHOST,SIG_CREATOR,0,180,1,2,0.13128401771322615
GHOST,SIG_CREATOR,0,181,1,3,0.10057622389735746
GHOST,SIG_CREATOR,0,182,1,1,0.08444247526208933
GHOST,SIG_CREATOR,0,183,1,0,0.015078653539266594
GHOST,SIG_CREATOR,0,184,1,3,0.10172251477984603
GHOST,SIG_CREATOR,0,185,1,0,0.18602788380955976
GHOST,SIG_CREATOR,0,186,1,3,0.013721319884785532
GHOST,SIG_CREATOR,0,187,1,1,0.0774797168989656
GHOST,SIG_CREATOR,0,188,1,2,0.15443959818732003
GHOST,SIG_CREATOR,0,189,1,3,0.10032785747731494
GHOST,SIG_CREATOR,0,190,1,0,0.1157622195156588
GHOST,SIG_CREATOR,0,191,1,1,4.663327041358284e-06
GHOST,SIG_CREATOR,0,192,1,2,0.18007648648539326
GHOST,SIG_CREATOR,0,193,1,3,0.09637009371803028
GHOST,SIG_CREATOR,0,194,1,1,3.8131548506127674e-06
GHOST,SIG_CREATOR,0,195,1,1,0.00022161822494984698
GHOST,SIG_CREATOR,0,196,1,2,0.12804156709162773
GHOST,SIG_CREATOR,0,197,1,3,0.15534448690297584
GHOST,SIG_CREATOR,0,198,1,3,0.09804951715578844
GHOST,SIG_CREATOR,0,199,1,2,0.1036440989025467
GHOST,SIG_CREATOR,1,0,1,0,0.0002983602326417017
GHOST,SIG_CREATOR,1,1,1,1,0.10432097985416962
GHOST,SIG_CREATOR,1,2,1,2,0.0058143337050667815
GHOST,SIG_CREATOR,1,3,1,3,0.1253019298004944
GHOST,SIG_CREATOR,1,4,1,2,0.24090622153786884
GHOST,SIG_CREATOR,1,5,1,3,0.08876300536607848
GHOST,SIG_CREATOR,1,6,1,2,0.12453212444013045
GHOST,SIG_CREATOR,1,7,1,3,0.00032522618305429467
GHOST,SIG_CREATOR,1,8,1,1,0.10675693226738346
GHOST,SIG_CREATOR,1,9,1,0,0.25649987823722636
GHOST,SIG_CREATOR,1,10,1,0,0.0032562371008891646
GHOST,SIG_CREATOR,1,11,1,3,8.34243974501319e-06
GHOST,SIG_CREATOR,1,12,1,1,0.004830701134863914
GHOST,SIG_CREATOR,1,13,1,3,0.2583179938889904
GHOST,SIG_CREATOR,1,14,1,0,0.014764822106439118
GHOST,SIG_CREATOR,1,15,1,1,0.12314268566979553
GHOST,SIG_CREATOR,1,16,1,1,0.10560934340189841
GHOST,SIG_CREATOR,1,17,1,3,0.25342492810497164
GHOST,SIG_CREATOR,1,18,1,1,0.0003704676402335582
GHOST,SIG_CREATOR,1,19,1,1,0.1066139427366804
GHOST,SIG_CREATOR,1,20,1,1,0.000309079308686524
GHOST,SIG_CREATOR,1,21,1,2,0.3031730640957505
GHOST,SIG_CREATOR,1,22,1,1,0.0076822124747148186
GHOST,SIG_CREATOR,1,23,1,2,0.06778023420182454
GHOST,SIG_CREATOR,1,24,1,2,0.20416209711383831
GHOST,SIG_CREATOR,1,25,1,3,0.11987980211578494
GHOST,SIG_CREATOR,1,26,1,2,0.11002099146141206
GHOST,SIG_CREATOR,1,27,1,2,0.00021399075439248268
GHOST,SIG_CREATOR,1,28,1,1,0.09749540463467607
GHOST,SIG_CREATOR,1,29,1,1,0.19059143524435398
GHOST,SIG_CREATOR,1,30,1,1,0.003710411623035109
GHOST,SIG_CREATOR,1,31,1,0,0.005251095037668215
GHOST,SIG_CREATOR,1,32,1,2,0.004844173775925717
GHOST,SIG_CREATOR,1,33,1,3,0.004713685139330542
GHOST,SIG_CREATOR,1,34,1,2,0.013851668701713636
GHOST,SIG_CREATOR,1,35,1,2,0.28442908295945635
GHOST,SIG_CREATOR,1,36,1,2,0.23510194850157462
GHOST,SIG_CREATOR,1,37,1,1,0.2036518999870519
GHOST,SIG_CREATOR,1,38,1,0,0.01663648919575243
GHOST,SIG_CREATOR,1,39,1,1,0.00028879242162323986
GHOST,SIG_CREATOR,1,40,1,1,0.1860014575027853
GHOST,SIG_CREATOR,1,41,1,3,0.005648351918436849
GHOST,SIG_CREATOR,1,42,1,0,2.203763869066772e-06
GHOST,SIG_CREATOR,1,43,1,0,4.369243256452378e-06
GHOST,SIG_CREATOR,1,44,1,2,0.10462339069980817
GHOST,SIG_CREATOR,1,45,1,3,0.004640510360474506
GHOST,SIG_CREATOR,1,46,1,1,0.1914402419954847
GHOST,SIG_CREATOR,1,47,1,2,0.013126918152483083
GHOST,SIG_CREATOR,1,48,1,0,9.832280966933223e-06
GHOST,SIG_CREATOR,1,49,1,1,2.53750187800578e-06
GHOST,SIG_CREATOR,1,50,1,2,0.20819610894420318
GHOST,SIG_CREATOR,1,51,1,0,0.017011363488300183
GHOST,SIG_CREATOR,1,52,1,3,0.09912795086501162
GHOST,SIG_CREATOR,1,53,1,2,0.08773878900252985
GHOST,SIG_CREATOR,1,54,1,2,0.11892986706188907
GHOST,SIG_CREATOR,1,55,1,0,0.0047563678811310545
GHOST,SIG_CREATOR,1,56,1,1,0.00011234176655721064
GHOST,SIG_CREATOR,1,57,1,3,0.28470697981062354
GHOST,SIG_CREATOR,1,58,1,2,0.0885899604243845
GHOST,SIG_CREATOR,1,59,1,3,0.09898474323018522
GHOST,SIG_CREATOR,1,60,1,3,0.00024959317122863093
GHOST,SIG_CREATOR,1,61,1,3,0.09755345132425347
GHOST,SIG_CREATOR,1,62,1,0,0.1702979869907633
GHOST,SIG_CREATOR,1,63,1,3,0.16486118187870638
GHOST,SIG_CREATOR,1,64,1,2,0.09864884667305383
GHOST,SIG_CREATOR,1,65,1,0,0.0002074620088284343
GHOST,SIG_CREATOR,1,66,1,2,0.09308840441263427
GHOST,SIG_CREATOR,1,67,1,2,0.1151550490908807
GHOST,SIG_CREATOR,1,68,1,2,0.09224583598519355
GHOST,SIG_CREATOR,1,69,1,2,0.12310885443726467
GHOST,SIG_CREATOR,1,70,1,0,0.15154285871708917
GHOST,SIG_CREATOR,1,71,1,0,0.005654419996557908
GHOST,SIG_CREATOR,1,72,1,2,0.14419974721245593
GHOST,SIG_CREATOR,1,73,1,1,0.21424649912694926
GHOST,SIG_CREATOR,1,74,1,3,0.10889417558972031
GHOST,SIG_CREATOR,1,75,1,0,0.12208715572180806
GHOST,SIG_CREATOR,1,76,1,1,0.11606362652015449
GHOST,SIG_CREATOR,1,77,1,3,0.0034003543710057317
GHOST,SIG_CREATOR,1,78,1,2,7.607676358406143e-08
GHOST,SIG_CREATOR,1,79,1,0,0.00023255464936054577
GHOST,SIG_CREATOR,1,80,1,2,0.1271925193846895
GHOST,SIG_CREATOR,1,81,1,1,0.07480523511928774
GHOST,SIG_CREATOR,1,82,1,3,0.0030095764405613846
GHOST,SIG_CREATOR,1,83,1,2,0.10808949900185641
GHOST,SIG_CREATOR,1,84,1,3,0.004787977516504957
GHOST,SIG_CREATOR,1,85,1,3,0.1816826320411682
GHOST,SIG_CREATOR,1,86,1,0,0.0034646395984663553
GHOST,SIG_CREATOR,1,87,1,2,0.10349661825674399
GHOST,SIG_CREATOR,1,88,1,3,4.572140548917396e-06
GHOST,SIG_CREATOR,1,89,1,2,0.005569766467162752
GHOST,SIG_CREATOR,1,90,1,3,0.009783776103172747
GHOST,SIG_CREATOR,1,91,1,0,0.20872879981872428
GHOST,SIG_CREATOR,1,92,1,0,0.11799791734292438
GHOST,SIG_CREATOR,1,93,1,3,0.14113308807716624
GHOST,SIG_CREATOR,1,94,1,0,0.00036048111239868477
GHOST,SIG_CREATOR,1,95,1,3,0.15820114125439522
GHOST,SIG_CREATOR,1,96,1,2,0.00822274677841497
GHOST,SIG_CREATOR,1,97,1,1,0.12931484049063355
GHOST,SIG_CREATOR,1,98,1,1,0.07201869158633849
GHOST,SIG_CREATOR,1,99,1,3,0.09154019162797777
GHOST,SIG_CREATOR,1,100,1,0,0.0002711717828108038
GHOST,SIG_CREATOR,1,101,1,3,0.10922503075671856
GHOST,SIG_CREATOR,1,102,1,2,0.11680903081835804
GHOST,SIG_CREATOR,1,103,1,0,0.0028309262676554864
GHOST,SIG_CREATOR,1,104,1,0,0.1379575230229575
GHOST,SIG_CREATOR,1,105,1,0,0.10387696048585197
GHOST,SIG_CREATOR,1,106,1,2,0.110435807341338
GHOST,SIG_CREATOR,1,107,1,0,8.277341063366235e-06
GHOST,SIG_CREATOR,1,108,1,1,0.0848417321610665
GHOST,SIG_CREATOR,1,109,1,2,0.006941734779469549
GHOST,SIG_CREATOR,1,110,1,3,0.23927052016741285
GHOST,SIG_CREATOR,1,111,1,2,0.0034214235616711725
GHOST,SIG_CREATOR,1,112,1,3,0.20684795593827912
GHOST,SIG_CREATOR,1,113,1,0,0.10921579803453818
GHOST,SIG_CREATOR,1,114,1,1,0.20068697332874408
GHOST,SIG_CREATOR,1,115,1,2,0.0937475202208324
GHOST,SIG_CREATOR,1,116,1,2,0.21844532327988125
GHOST,SIG_CREATOR,1,117,1,0,0.11882735662222978
GHOST,SIG_CREATOR,1,118,1,2,0.0796725773587142
GHOST,SIG_CREATOR,1,119,1,3,0.08669893569845932
GHOST,SIG_CREATOR,1,120,1,0,0.0827190514594944
GHOST,SIG_CREATOR,1,121,1,3,0.004111218386607199
GHOST,SIG_CREATOR,1,122,1,2,0.10410497890428494
GHOST,SIG_CREATOR,1,123,1,1,0.24244393258402575
GHOST,SIG_CREATOR,1,124,1,2,0.1668693695033901
GHOST,SIG_CREATOR,1,125,1,3,0.10875857827128371
GHOST,SIG_CREATOR,1,126,1,2,0.0002760555071268904
GHOST,SIG_CREATOR,1,127,1,3,0.08032062237802463
GHOST,SIG_CREATOR,1,128,1,0,0.015668627359795434
GHOST,SIG_CREATOR,1,129,1,3,0.2354087672100424
GHOST,SIG_CREATOR,1,130,1,1,0.0696885485432252
GHOST,SIG_CREATOR,1,131,1,2,0.004069806519766491
GHOST,SIG_CREATOR,1,132,1,2,0.00021838231804043653
GHOST,SIG_CREATOR,1,133,1,0,0.11843782337401496
GHOST,SIG_CREATOR,1,134,1,3,0.0004087581435415197
GHOST,SIG_CREATOR,1,135,1,1,0.26188196418888265
GHOST,SIG_CREATOR,1,136,1,2,4.628641364743227e-06
GHOST,SIG_CREATOR,1,137,1,1,0.11630326205226871
GHOST,SIG_CREATOR,1,138,1,0,0.11349870733780025
GHOST,SIG_CREATOR,1,139,1,1,0.006686968462840424
GHOST,SIG_CREATOR,1,140,1,1,0.12650330696463483
GHOST,SIG_CREATOR,1,141,1,0,0.1268844276031135
GHOST,SIG_CREATOR,1,142,1,3,0.13832967544463998
GHOST,SIG_CREATOR,1,143,1,1,0.22892940848940488
GHOST,SIG_CREATOR,1,144,1,0,0.0036367126407806467
GHOST,SIG_CREATOR,1,145,1,2,0.11324246285310827
GHOST,SIG_CREATOR,1,146,1,1,0.08782691389629559
GHOST,SIG_CREATOR,1,147,1,1,0.09623256558886994
GHOST,SIG_CREATOR,1,148,1,3,0.01531924950710517
GHOST,SIG_CREATOR,1,149,1,3,0.009746560053520288
GHOST,SIG_CREATOR,1,150,1,2,0.17307935439435912
GHOST,SIG_CREATOR,1,151,1,1,0.22436334436575248
GHOST,SIG_CREATOR,1,152,1,0,0.0002677827268475363
GHOST,SIG_CREATOR,1,153,1,1,0.1226100162510276
GHOST,SIG_CREATOR,1,154,1,2,0.005259665403685767
GHOST,SIG_CREATOR,1,155,1,2,0.00013126301742715884
GHOST,SIG_CREATOR,1,156,1,0,0.11657011332444071
GHOST,SIG_CREATOR,1,157,1,0,0.011239961532909857
GHOST,SIG_CREATOR,1,158,1,1,0.23934793086870595
GHOST,SIG_CREATOR,1,159,1,1,0.14180948270461483
GHOST,SIG_CREATOR,1,160,1,3,0.24840715602896268
GHOST,SIG_CREATOR,1,161,1,0,0.11970343969986655
GHOST,SIG_CREATOR,1,162,1,0,0.10586086307022272
GHOST,SIG_CREATOR,1,163,1,1,0.1367068708169415
GHOST,SIG_CREATOR,1,164,1,1,0.21092530787427935
GHOST,SIG_CREATOR,1,165,1,2,0.16552123944833125
GHOST,SIG_CREATOR,1,166,1,1,7.5786708791151235e-06
GHOST,SIG_CREATOR,1,167,1,1,3.547730214608446e-06
GHOST,SIG_CREATOR,1,168,1,0,0.1402156727425134
GHOST,SIG_CREATOR,1,169,1,0,0.20427262813904296
GHOST,SIG_CREATOR,1,170,1,0,0.2440454624632004
GHOST,SIG_CREATOR,1,171,1,0,0.011908065835351811
GHOST,SIG_CREATOR,1,172,1,3,0.005167002097364915
GHOST,SIG_CREATOR,1,173,1,0,0.09872459076301211
GHOST,SIG_CREATOR,1,174,1,3,0.09658178886480445
GHOST,SIG_CREATOR,1,175,1,0,0.11609411117022093
GHOST,SIG_CREATOR,1,176,1,0,0.15434517282730398
GHOST,SIG_CREATOR,1,177,1,2,0.17186859216302336
GHOST,SIG_CREATOR,1,178,1,3,0.2120167794804173
GHOST,SIG_CREATOR,1,179,1,0,0.12803423849361908
GHOST,SIG_CREATOR,1,180,1,0,0.13662945179503524
GHOST,SIG_CREATOR,1,181,1,2,0.1631799699860942
GHOST,SIG_CREATOR,1,182,1,2,0.14481915982834187
GHOST,SIG_CREATOR,1,183,1,0,4.307719308910507e-06
GHOST,SIG_CREATOR,1,184,1,3,0.17422089690245643
GHOST,SIG_CREATOR,1,185,1,3,0.07153901174341493
GHOST,SIG_CREATOR,1,186,1,1,0.00040090924840219635
GHOST,SIG_CREATOR,1,187,1,3,0.15981859040437502
GHOST,SIG_CREATOR,1,188,1,1,0.12457876965026748
GHOST,SIG_CREATOR,1,189,1,1,0.15376254760779448
GHOST,SIG_CREATOR,1,190,1,0,0.0001900242860114616
GHOST,SIG_CREATOR,1,191,1,1,0.2532234078562325
GHOST,SIG_CREATOR,1,192,1,3,0.2109615546871483
GHOST,SIG_CREATOR,1,193,1,1,0.20317008269228742
GHOST,SIG_CREATOR,1,194,1,3,0.1277352625367388
GHOST,SIG_CREATOR,1,195,1,3,0.09601020878295533
GHOST,SIG_CREATOR,1,196,1,1,0.09727502755305666
GHOST,SIG_CREATOR,1,197,1,2,0.07125707295910648
GHOST,SIG_CREATOR,1,198,1,1,0.11478037776679023
GHOST,SIG_CREATOR,1,199,1,0,0.00030791389696939155
GHOST,SIG_CREATOR,2,0,1,1,2.1373030110591037e-06
GHOST,SIG_CREATOR,2,1,1,2,0.11490012592135414
GHOST,SIG_CREATOR,2,2,1,0,0.0003037062706204941
GHOST,SIG_CREATOR,2,3,1,0,0.002647735869524608
GHOST,SIG_CREATOR,2,4,1,3,0.09306450304016375
GHOST,SIG_CREATOR,2,5,1,0,0.13060550063815157
GHOST,SIG_CREATOR,2,6,1,2,0.15568320741374678
GHOST,SIG_CREATOR,2,7,1,0,0.15279237464598805
GHOST,SIG_CREATOR,2,8,1,2,0.0003733103791051922
GHOST,SIG_CREATOR,2,9,1,2,0.004656055052299244
GHOST,SIG_CREATOR,2,10,1,3,0.06686098066132865
GHOST,SIG_CREATOR,2,11,1,2,0.00037717707327074545
GHOST,SIG_CREATOR,2,12,1,1,0.11321889646427791
GHOST,SIG_CREATOR,2,13,1,0,0.002100518014497136
GHOST,SIG_CREATOR,2,14,1,2,0.09221791183795688
GHOST,SIG_CREATOR,2,15,1,2,0.00027620865818811307
GHOST,SIG_CREATOR,2,16,1,0,0.1548925004791332
GHOST,SIG_CREATOR,2,17,1,2,0.015403718787055255
GHOST,SIG_CREATOR,2,18,1,0,0.09543188876939747
GHOST,SIG_CREATOR,2,19,1,3,0.007153277673724664
GHOST,SIG_CREATOR,2,20,1,1,0.2152283854484452
GHOST,SIG_CREATOR,2,21,1,2,2.402528294515084e-06
GHOST,SIG_CREATOR,2,22,1,1,0.11770658668604991
GHOST,SIG_CREATOR,2,23,1,0,0.003170575727725341
GHOST,SIG_CREATOR,2,24,1,3,0.12658795872872475
GHOST,SIG_CREATOR,2,25,1,0,0.10429437174045199
GHOST,SIG_CREATOR,2,26,1,0,0.0029056470090166623
GHOST,SIG_CREATOR,2,27,1,0,0.005603943628991465
GHOST,SIG_CREATOR,2,28,1,0,0.00022331459271217067
GHOST,SIG_CREATOR,2,29,1,3,9.455838214916286e-05
GHOST,SIG_CREATOR,2,30,1,3,0.06318674277581188
GHOST,SIG_CREATOR,2,31,1,1,0.1825751293134287
GHOST,SIG_CREATOR,2,32,1,1,0.11965960847568136
GHOST,SIG_CREATOR,2,33,1,0,0.009999206377411432
GHOST,SIG_CREATOR,2,34,1,0,0.20676000348647572
GHOST,SIG_CREATOR,2,35,1,1,0.14833743575239552
GHOST,SIG_CREATOR,2,36,1,0,0.08140371171200136
GHOST,SIG_CREATOR,2,37,1,2,0.07660742164454802
GHOST,SIG_CREATOR,2,38,1,1,2.6567605896691317e-06
GHOST,SIG_CREATOR,2,39,1,2,0.015841475994904947
GHOST,SIG_CREATOR,2,40,1,3,0.016737084772516668
GHOST,SIG_CREATOR,2,41,1,3,0.10116577615760525
GHOST,SIG_CREATOR,2,42,1,1,0.07396291273134477
GHOST,SIG_CREATOR,2,43,1,0,0.25439213314101966
GHOST,SIG_CREATOR,2,44,1,0,0.016254074131512596
GHOST,SIG_CREATOR,2,45,1,0,0.000357152833076646
GHOST,SIG_CREATOR,2,46,1,3,6.6466182359773585e-06
GHOST,SIG_CREATOR,2,47,1,3,0.1084104272442825
GHOST,SIG_CREATOR,2,48,1,2,0.10654729910612323
GHOST,SIG_CREATOR,2,49,1,1,0.0032624942971896005
GHOST,SIG_CREATOR,2,50,1,0,6.568536108408228e-06
GHOST,SIG_CREATOR,2,51,1,3,7.2036870939135266e-06
GHOST,SIG_CREATOR,2,52,1,0,0.2644642568679398
GHOST,SIG_CREATOR,2,53,1,1,0.13868953739411471
GHOST,SIG_CREATOR,2,54,1,3,0.10084080183735693
GHOST,SIG_CREATOR,2,55,1,3,0.07389568480848165
GHOST,SIG_CREATOR,2,56,1,2,0.09634847383949338
GHOST,SIG_CREATOR,2,57,1,3,0.00896875136951405
GHOST,SIG_CREATOR,2,58,1,1,0.004207783063340416
GHOST,SIG_CREATOR,2,59,1,1,0.21988624661608724
GHOST,SIG_CREATOR,2,60,1,0,0.08266123216640764
GHOST,SIG_CREATOR,2,61,1,3,0.16521343020932674
GHOST,SIG_CREATOR,2,62,1,3,0.086274719681247
GHOST,SIG_CREATOR,2,63,1,1,0.003748878376082054
GHOST,SIG_CREATOR,2,64,1,3,0.1991925455352389
GHOST,SIG_CREATOR,2,65,1,3,0.08265133035625766
GHOST,SIG_CREATOR,2,66,1,0,0.0819520695512155
GHOST,SIG_CREATOR,2,67,1,2,0.1474003259344908
GHOST,SIG_CREATOR,2,68,1,3,0.14795755529122284
GHOST,SIG_CREATOR,2,69,1,3,0.00013437157604827849
GHOST,SIG_CREATOR,2,70,1,0,7.329521911853701e-06
GHOST,SIG_CREATOR,2,71,1,1,0.25571884835758224
GHOST,SIG_CREATOR,2,72,1,2,0.08252806675677554
GHOST,SIG_CREATOR,2,73,1,3,0.15892942191960316
GHOST,SIG_CREATOR,2,74,1,2,0.00018647646701575523
GHOST,SIG_CREATOR,2,75,1,0,0.17235392922622492
GHOST,SIG_CREATOR,2,76,1,1,0.10814866937773765
GHOST,SIG_CREATOR,2,77,1,0,0.277085096257059
GHOST,SIG_CREATOR,2,78,1,0,0.0001568746173976244
GHOST,SIG_CREATOR,2,79,1,0,0.07561489550966738
GHOST,SIG_CREATOR,2,80,1,0,6.093337571373497e-06
GHOST,SIG_CREATOR,2,81,1,0,0.00014850270478980186
GHOST,SIG_CREATOR,2,82,1,2,0.0002495819450416191
GHOST,SIG_CREATOR,2,83,1,2,0.2401884311533379
GHOST,SIG_CREATOR,2,84,1,2,0.22989547684684647
GHOST,SIG_CREATOR,2,85,1,2,0.12800477672470073
GHOST,SIG_CREATOR,2,86,1,0,0.16856303661870606
GHOST,SIG_CREATOR,2,87,1,1,0.012029273035726762
GHOST,SIG_CREATOR,2,88,1,2,0.09404185297512002
GHOST,SIG_CREATOR,2,89,1,0,0.00016633284225826635
GHOST,SIG_CREATOR,2,90,1,1,0.119345621003568
GHOST,SIG_CREATOR,2,91,1,3,0.00024024027011298297
GHOST,SIG_CREATOR,2,92,1,1,0.10143369875815084
GHOST,SIG_CREATOR,2,93,1,2,0.12079671007509933
GHOST,SIG_CREATOR,2,94,1,2,0.00022168368983787289
GHOST,SIG_CREATOR,2,95,1,3,0.09352849232152077
GHOST,SIG_CREATOR,2,96,1,3,0.0001595468133616323
GHOST,SIG_CREATOR,2,97,1,2,0.00017281787368858762
GHOST,SIG_CREATOR,2,98,1,3,0.10947423846651179
GHOST,SIG_CREATOR,2,99,1,0,0.1259917284541733
GHOST,SIG_CREATOR,2,100,1,3,0.2795015408923613
GHOST,SIG_CREATOR,2,101,1,3,0.014395527165289534
GHOST,SIG_CREATOR,2,102,1,2,0.00017208413248557693
GHOST,SIG_CREATOR,2,103,1,1,0.09480251115855834
GHOST,SIG_CREATOR,2,104,1,3,0.07688261453320754
GHOST,SIG_CREATOR,2,105,1,0,0.06771030916208721
GHOST,SIG_CREATOR,2,106,1,2,0.0036712971648278476
GHOST,SIG_CREATOR,2,107,1,3,0.003703471238435093
GHOST,SIG_CREATOR,2,108,1,0,0.16677126944229215
GHOST,SIG_CREATOR,2,109,1,1,0.1135230315126627
GHOST,SIG_CREATOR,2,110,1,0,0.14628095971159072
GHOST,SIG_CREATOR,2,111,1,2,0.15501022066394407
GHOST,SIG_CREATOR,2,112,1,2,0.22612220468497116
GHOST,SIG_CREATOR,2,113,1,1,0.09810710984652025
GHOST,SIG_CREATOR,2,114,1,1,0.15078490519614268
GHOST,SIG_CREATOR,2,115,1,0,0.10601935909405386
GHOST,SIG_CREATOR,2,116,1,2,0.012080700265895803
GHOST,SIG_CREATOR,2,117,1,3,0.005535909407619927
GHOST,SIG_CREATOR,2,118,1,1,0.002145296396620522
GHOST,SIG_CREATOR,2,119,1,2,0.0003107289896392394
GHOST,SIG_CREATOR,2,120,1,2,0.07446767428230029
GHOST,SIG_CREATOR,2,121,1,2,0.09890469206071993
GHOST,SIG_CREATOR,2,122,1,0,0.14831362193508632
GHOST,SIG_CREATOR,2,123,1,2,0.07466356416975473
GHOST,SIG_CREATOR,2,124,1,2,0.13820952727770816
GHOST,SIG_CREATOR,2,125,1,2,0.01106450429403723
GHOST,SIG_CREATOR,2,126,1,2,0.20204004852324828
GHOST,SIG_CREATOR,2,127,1,2,0.08660559792873877
GHOST,SIG_CREATOR,2,128,1,1,0.17580966497689762
GHOST,SIG_CREATOR,2,129,1,3,0.21201576928878071
GHOST,SIG_CREATOR,2,130,1,3,0.15688404728879082
GHOST,SIG_CREATOR,2,131,1,3,0.0046131730764460786
GHOST,SIG_CREATOR,2,132,1,2,0.0808111442687606
GHOST,SIG_CREATOR,2,133,1,0,0.0038240554291261914
GHOST,SIG_CREATOR,2,134,1,0,0.0059997396512157155
GHOST,SIG_CREATOR,2,135,1,3,0.005924555939999945
GHOST,SIG_CREATOR,2,136,1,3,0.013181452593971249
GHOST,SIG_CREATOR,2,137,1,2,0.016497579429856864
GHOST,SIG_CREATOR,2,138,1,0,8.03196544743697e-06
GHOST,SIG_CREATOR,2,139,1,2,0.00373937598917323
GHOST,SIG_CREATOR,2,140,1,3,3.076787966730143e-06
GHOST,SIG_CREATOR,2,141,1,2,0.07482407757881107
GHOST,SIG_CREATOR,2,142,1,0,0.09593781516741177
GHOST,SIG_CREATOR,2,143,1,1,0.002751217344066242
GHOST,SIG_CREATOR,2,144,1,2,1.215883697613644e-07
GHOST,SIG_CREATOR,2,145,1,2,0.08365141031017075
GHOST,SIG_CREATOR,2,146,1,0,0.08733018540755613
GHOST,SIG_CREATOR,2,147,1,2,0.09355748363064594
GHOST,SIG_CREATOR,2,148,1,3,0.007586562441448416
GHOST,SIG_CREATOR,2,149,1,1,0.13080893656115497
GHOST,SIG_CREATOR,2,150,1,2,0.00022552000510956535
GHOST,SIG_CREATOR,2,151,1,3,0.11899618547168074
GHOST,SIG_CREATOR,2,152,1,3,0.13950408223967664
GHOST,SIG_CREATOR,2,153,1,1,0.23134296738161603
GHOST,SIG_CREATOR,2,154,1,0,0.13793894617705912
GHOST,SIG_CREATOR,2,155,1,1,0.011245572917651835
GHOST,SIG_CREATOR,2,156,1,1,0.1691803908359471
GHOST,SIG_CREATOR,2,157,1,0,5.54426501986864e-06
GHOST,SIG_CREATOR,2,158,1,2,0.09682152956598904
GHOST,SIG_CREATOR,2,159,1,1,6.777382633101453e-06
GHOST,SIG_CREATOR,2,160,1,3,0.00018159173830505995
GHOST,SIG_CREATOR,2,161,1,2,0.21548332036893905
GHOST,SIG_CREATOR,2,162,1,0,0.00012691555290404087
GHOST,SIG_CREATOR,2,163,1,2,0.1527408829803315
GHOST,SIG_CREATOR,2,164,1,0,0.06533690750502807
GHOST,SIG_CREATOR,2,165,1,1,0.009840292635332622
GHOST,SIG_CREATOR,2,166,1,0,0.1382704099773045
GHOST,SIG_CREATOR,2,167,1,0,0.18539065636559993
GHOST,SIG_CREATOR,2,168,1,2,0.07014780189594413
GHOST,SIG_CREATOR,2,169,1,0,0.00040352152885668165
GHOST,SIG_CREATOR,2,170,1,1,0.13122515881504504
GHOST,SIG_CREATOR,2,171,1,1,0.00016569343431203223
GHOST,SIG_CREATOR,2,172,1,0,0.0002124375204183783
GHOST,SIG_CREATOR,2,173,1,0,0.07333973100172864
GHOST,SIG_CREATOR,2,174,1,2,0.014393772143026584
GHOST,SIG_CREATOR,2,175,1,0,0.09439970500854163
GHOST,SIG_CREATOR,2,176,1,3,0.00029852336527741853
GHOST,SIG_CREATOR,2,177,1,2,0.14071593752625838
GHOST,SIG_CREATOR,2,178,1,2,0.0002128180320886833
GHOST,SIG_CREATOR,2,179,1,2,0.14453966613264949
GHOST,SIG_CREATOR,2,180,1,1,0.00684040843938234
GHOST,SIG_CREATOR,2,181,1,2,0.16139403025367158
GHOST,SIG_CREATOR,2,182,1,2,0.002496039128959006
GHOST,SIG_CREATOR,2,183,1,0,0.0002791318738293334
GHOST,SIG_CREATOR,2,184,1,0,0.2644837321314566
GHOST,SIG_CREATOR,2,185,1,1,0.11285199086499428
GHOST,SIG_CREATOR,2,186,1,3,0.00019747565167457248
GHOST,SIG_CREATOR,2,187,1,2,0.2397187051755148
GHOST,SIG_CREATOR,2,188,1,0,0.12288067661374531
GHOST,SIG_CREATOR,2,189,1,0,0.06218146787786571
GHOST,SIG_CREATOR,2,190,1,0,0.12140476820986115
GHOST,SIG_CREATOR,2,191,1,1,0.17810725826112322
GHOST,SIG_CREATOR,2,192,1,0,0.012985645863205492
GHOST,SIG_CREATOR,2,193,1,3,0.15418900798835167
GHOST,SIG_CREATOR,2,194,1,2,0.12024742288957775
GHOST,SIG_CREATOR,2,195,1,2,0.18833970356521157
GHOST,SIG_CREATOR,2,196,1,2,0.0003171929701943154
GHOST,SIG_CREATOR,2,197,1,3,0.00028117621405522445
GHOST,SIG_CREATOR,2,198,1,1,0.13539091791148736
GHOST,SIG_CREATOR,2,199,1,1,0.20798102014423844
GHOST,SIG_CREATOR,3,0,1,1,0.00024780137921599457
GHOST,SIG_CREATOR,3,1,1,1,0.15097235596625255
GHOST,SIG_CREATOR,3,2,1,2,0.10783452785783008
GHOST,SIG_CREATOR,3,3,1,2,0.003970853295350487
GHOST,SIG_CREATOR,3,4,1,0,0.11279615715059256
GHOST,SIG_CREATOR,3,5,1,3,0.10183875197288197
GHOST,SIG_CREATOR,3,6,1,0,0.09559152560016407
GHOST,SIG_CREATOR,3,7,1,0,0.0002438975806586074
GHOST,SIG_CREATOR,3,8,1,2,0.016009052220999603
GHOST,SIG_CREATOR,3,9,1,1,0.21423056068725949
GHOST,SIG_CREATOR,3,10,1,1,0.1453886540375866
GHOST,SIG_CREATOR,3,11,1,3,0.14201088081651
GHOST,SIG_CREATOR,3,12,1,2,0.22146487319644897
GHOST,SIG_CREATOR,3,13,1,2,0.00022241933881423626
GHOST,SIG_CREATOR,3,14,1,0,0.138946585961432
GHOST,SIG_CREATOR,3,15,1,3,0.00033433068547375895
GHOST,SIG_CREATOR,3,16,1,0,0.11255671271538176
GHOST,SIG_CREATOR,3,17,1,1,9.493557661489678e-06
GHOST,SIG_CREATOR,3,18,1,2,0.1130898770100212
GHOST,SIG_CREATOR,3,19,1,0,0.2015026557064123
GHOST,SIG_CREATOR,3,20,1,1,0.12632697296241863
GHOST,SIG_CREATOR,3,21,1,1,0.00035323712056006807
GHOST,SIG_CREATOR,3,22,1,2,0.13432637327827782
GHOST,SIG_CREATOR,3,23,1,0,0.004683234708205692
GHOST,SIG_CREATOR,3,24,1,0,0.09101641903487381
GHOST,SIG_CREATOR,3,25,1,2,0.13941288227887627
GHOST,SIG_CREATOR,3,26,1,2,0.004066269446389863
GHOST,SIG_CREATOR,3,27,1,3,0.004038364075636718
GHOST,SIG_CREATOR,3,28,1,0,0.15604844423523667
GHOST,SIG_CREATOR,3,29,1,0,0.003369746075113016
GHOST,SIG_CREATOR,3,30,1,3,0.07042895489249422
GHOST,SIG_CREATOR,3,31,1,0,0.09870462037582528
GHOST,SIG_CREATOR,3,32,1,3,0.14321308644769654
GHOST,SIG_CREATOR,3,33,1,0,0.06504211800190288
GHOST,SIG_CREATOR,3,34,1,3,4.461472975299105e-06
GHOST,SIG_CREATOR,3,35,1,3,0.1128434918901916
GHOST,SIG_CREATOR,3,36,1,3,0.08554059574998785
GHOST,SIG_CREATOR,3,37,1,2,0.0924311953018918
GHOST,SIG_CREATOR,3,38,1,3,0.015402130186779389
GHOST,SIG_CREATOR,3,39,1,0,0.0003997819725665653
GHOST,SIG_CREATOR,3,40,1,2,0.0003358110889598554
GHOST,SIG_CREATOR,3,41,1,2,0.10192571716681006
GHOST,SIG_CREATOR,3,42,1,3,0.008408823753427351
GHOST,SIG_CREATOR,3,43,1,1,0.00035208924803118813
GHOST,SIG_CREATOR,3,44,1,3,0.016348622745776496
GHOST,SIG_CREATOR,3,45,1,1,0.003879537517234454
GHOST,SIG_CREATOR,3,46,1,1,0.08648599894860359
GHOST,SIG_CREATOR,3,47,1,1,0.1509987712825976
GHOST,SIG_CREATOR,3,48,1,2,0.11349010743584656
GHOST,SIG_CREATOR,3,49,1,3,0.10936856583197925
GHOST,SIG_CREATOR,3,50,1,2,0.16062991050388659
GHOST,SIG_CREATOR,3,51,1,3,0.08075600016753971
GHOST,SIG_CREATOR,3,52,1,2,0.09619253729456322
GHOST,SIG_CREATOR,3,53,1,0,0.0036849671262949636
GHOST,SIG_CREATOR,3,54,1,3,0.19869093798414456
GHOST,SIG_CREATOR,3,55,1,1,0.1266801579121763
GHOST,SIG_CREATOR,3,56,1,0,0.10182817620592109
GHOST,SIG_CREATOR,3,57,1,0,0.00017069340171267357
GHOST,SIG_CREATOR,3,58,1,1,6.778369622554387e-06
GHOST,SIG_CREATOR,3,59,1,3,0.07036557931903824
GHOST,SIG_CREATOR,3,60,1,2,0.24602042170818417
GHOST,SIG_CREATOR,3,61,1,2,0.09890514566357517
GHOST,SIG_CREATOR,3,62,1,1,0.00018692901152185558
GHOST,SIG_CREATOR,3,63,1,1,0.099205016592548
GHOST,SIG_CREATOR,3,64,1,2,0.07471609985566172
GHOST,SIG_CREATOR,3,65,1,1,0.09584367576592179
GHOST,SIG_CREATOR,3,66,1,0,0.014996957481939561
GHOST,SIG_CREATOR,3,67,1,1,0.00021011816034081094
GHOST,SIG_CREATOR,3,68,1,3,0.09202739850808628
GHOST,SIG_CREATOR,3,69,1,1,0.00011301697887723567
GHOST,SIG_CREATOR,3,70,1,0,0.01585088698567032
GHOST,SIG_CREATOR,3,71,1,2,0.20703482363960266
GHOST,SIG_CREATOR,3,72,1,2,0.005518785084536135
GHOST,SIG_CREATOR,3,73,1,1,0.1327278882482793
GHOST,SIG_CREATOR,3,74,1,2,0.22855733091157923
GHOST,SIG_CREATOR,3,75,1,2,9.591836680060965e-06
GHOST,SIG_CREATOR,3,76,1,1,0.09122573039497296
GHOST,SIG_CREATOR,3,77,1,2,1.0011802340563943e-07
GHOST,SIG_CREATOR,3,78,1,2,0.00024439552011672883
GHOST,SIG_CREATOR,3,79,1,1,0.004496304468757965
GHOST,SIG_CREATOR,3,80,1,3,0.10449627026792274
GHOST,SIG_CREATOR,3,81,1,2,0.01623712009771473
GHOST,SIG_CREATOR,3,82,1,0,0.09904587141197352
GHOST,SIG_CREATOR,3,83,1,1,0.12531690422497288
GHOST,SIG_CREATOR,3,84,1,0,0.2165260704263256
GHOST,SIG_CREATOR,3,85,1,3,0.07879153613063379
GHOST,SIG_CREATOR,3,86,1,2,0.2642923437031487
GHOST,SIG_CREATOR,3,87,1,1,0.0002468634122562239
GHOST,SIG_CREATOR,3,88,1,0,0.10452612004095031
GHOST,SIG_CREATOR,3,89,1,1,0.08220501896859328
GHOST,SIG_CREATOR,3,90,1,2,0.16153303807197522
GHOST,SIG_CREATOR,3,91,1,0,0.21494944113891795
GHOST,SIG_CREATOR,3,92,1,1,0.2332695081900511
GHOST,SIG_CREATOR,3,93,1,1,0.014658678640901307
GHOST,SIG_CREATOR,3,94,1,1,0.0030377523307716734
GHOST,SIG_CREATOR,3,95,1,0,0.005846646464649478
GHOST,SIG_CREATOR,3,96,1,2,0.16339520579174582
GHOST,SIG_CREATOR,3,97,1,3,0.0033089639380234955
GHOST,SIG_CREATOR,3,98,1,2,0.09965147285051762
GHOST,SIG_CREATOR,3,99,1,0,0.20384672399630605
GHOST,SIG_CREATOR,3,100,1,3,0.0860643088582947
GHOST,SIG_CREATOR,3,101,1,2,0.11672291579437605
GHOST,SIG_CREATOR,3,102,1,1,8.242513994897619e-06
GHOST,SIG_CREATOR,3,103,1,2,0.14980933243945188
GHOST,SIG_CREATOR,3,104,1,3,0.23655030101423524
GHOST,SIG_CREATOR,3,105,1,3,0.06369926613015209
GHOST,SIG_CREATOR,3,106,1,2,0.09024511743317304
GHOST,SIG_CREATOR,3,107,1,3,0.16083684441774868
GHOST,SIG_CREATOR,3,108,1,0,0.13652239397003557
GHOST,SIG_CREATOR,3,109,1,0,0.10081800571992791
GHOST,SIG_CREATOR,3,110,1,1,0.09371202699397983
GHOST,SIG_CREATOR,3,111,1,0,8.736388586184134e-05
GHOST,SIG_CREATOR,3,112,1,2,0.12555827049442544
GHOST,SIG_CREATOR,3,113,1,1,0.11532729078167486
GHOST,SIG_CREATOR,3,114,1,3,0.27335150460888663
GHOST,SIG_CREATOR,3,115,1,3,0.20887854805800604
GHOST,SIG_CREATOR,3,116,1,3,0.07804991219405485
GHOST,SIG_CREATOR,3,117,1,2,0.013758923064790846
GHOST,SIG_CREATOR,3,118,1,3,0.21907993855462543
GHOST,SIG_CREATOR,3,119,1,1,0.01252770289468957
GHOST,SIG_CREATOR,3,120,1,1,0.11925775493738638
GHOST,SIG_CREATOR,3,121,1,0,0.00020608183535985702
GHOST,SIG_CREATOR,3,122,1,2,7.203688259903555e-06
GHOST,SIG_CREATOR,3,123,1,2,0.01020485132571577
GHOST,SIG_CREATOR,3,124,1,2,0.0028992936590850845
GHOST,SIG_CREATOR,3,125,1,0,0.01571566073632955
GHOST,SIG_CREATOR,3,126,1,0,0.10692332700675614
GHOST,SIG_CREATOR,3,127,1,0,0.08697886989362864
GHOST,SIG_CREATOR,3,128,1,0,0.17728385524722645
GHOST,SIG_CREATOR,3,129,1,0,0.10919475129065097
GHOST,SIG_CREATOR,3,130,1,3,0.016225440641157923
GHOST,SIG_CREATOR,3,131,1,2,0.10379748317813546
GHOST,SIG_CREATOR,3,132,1,0,0.07844824020018933
GHOST,SIG_CREATOR,3,133,1,0,0.14870212233954078
GHOST,SIG_CREATOR,3,134,1,3,0.00017462934100000627
GHOST,SIG_CREATOR,3,135,1,2,0.24270468318771707
GHOST,SIG_CREATOR,3,136,1,0,0.25259954108108257
GHOST,SIG_CREATOR,3,137,1,2,0.17604454891852417
GHOST,SIG_CREATOR,3,138,1,3,0.13488722841043718
GHOST,SIG_CREATOR,3,139,1,2,0.00031857771230928806
GHOST,SIG_CREATOR,3,140,1,3,0.1725904650060339
GHOST,SIG_CREATOR,3,141,1,0,0.2235909115823526
GHOST,SIG_CREATOR,3,142,1,2,5.731368313372859e-06
GHOST,SIG_CREATOR,3,143,1,0,0.12671735174610887
GHOST,SIG_CREATOR,3,144,1,3,0.0034751045327101764
GHOST,SIG_CREATOR,3,145,1,3,0.003914860556382632
GHOST,SIG_CREATOR,3,146,1,1,0.00032546149330753646
GHOST,SIG_CREATOR,3,147,1,1,0.13079809572297083
GHOST,SIG_CREATOR,3,148,1,0,0.26166255837084806
GHOST,SIG_CREATOR,3,149,1,1,0.07864509640157914
GHOST,SIG_CREATOR,3,150,1,3,0.2589385710014363
GHOST,SIG_CREATOR,3,151,1,1,0.0003708457075308247
GHOST,SIG_CREATOR,3,152,1,2,0.22265280045110425
GHOST,SIG_CREATOR,3,153,1,3,0.1503155387298904
GHOST,SIG_CREATOR,3,154,1,2,0.11148416293260839
GHOST,SIG_CREATOR,3,155,1,1,0.13578074490994535
GHOST,SIG_CREATOR,3,156,1,0,0.2047993931609473
GHOST,SIG_CREATOR,3,157,1,3,0.002991127798983813
GHOST,SIG_CREATOR,3,158,1,3,3.1579187617270758e-06
GHOST,SIG_CREATOR,3,159,1,2,0.09055836169114699
GHOST,SIG_CREATOR,3,160,1,1,0.2357149398267999
GHOST,SIG_CREATOR,3,161,1,2,0.1494835668975224
GHOST,SIG_CREATOR,3,162,1,0,0.1341342217048259
GHOST,SIG_CREATOR,3,163,1,2,0.0037384073716688632
GHOST,SIG_CREATOR,3,164,1,0,0.000157431165752035
GHOST,SIG_CREATOR,3,165,1,0,0.008441689888274373
GHOST,SIG_CREATOR,3,166,1,3,0.25191552938065953
GHOST,SIG_CREATOR,3,167,1,3,3.365820333582933e-06
GHOST,SIG_CREATOR,3,168,1,2,0.12906041506673183
GHOST,SIG_CREATOR,3,169,1,3,0.011707518323444724
GHOST,SIG_CREATOR,3,170,1,2,5.2497976435112345e-06
GHOST,SIG_CREATOR,3,171,1,3,0.07483671536567839
GHOST,SIG_CREATOR,3,172,1,3,0.1645560908016185
GHOST,SIG_CREATOR,3,173,1,0,0.07747570779614363
GHOST,SIG_CREATOR,3,174,1,0,0.0003032534611520346
GHOST,SIG_CREATOR,3,175,1,1,0.07530762611900507
GHOST,SIG_CREATOR,3,176,1,3,0.00020984259813298275
GHOST,SIG_CREATOR,3,177,1,1,0.17831326776963577
GHOST,SIG_CREATOR,3,178,1,2,0.22597898734606997
GHOST,SIG_CREATOR,3,179,1,2,0.00024396688986357557
GHOST,SIG_CREATOR,3,180,1,2,0.20086619423115204
GHOST,SIG_CREATOR,3,181,1,1,0.13682107132656027
GHOST,SIG_CREATOR,3,182,1,0,0.12651568119858875
GHOST,SIG_CREATOR,3,183,1,0,0.009341531698479663
GHOST,SIG_CREATOR,3,184,1,0,0.0830087559878129
GHOST,SIG_CREATOR,3,185,1,1,0.12810509437021148
GHOST,SIG_CREATOR,3,186,1,3,0.0001471906728653147
GHOST,SIG_CREATOR,3,187,1,2,0.13199435376344365
GHOST,SIG_CREATOR,3,188,1,3,0.00040081922925310105
GHOST,SIG_CREATOR,3,189,1,2,0.07404548643300778
GHOST,SIG_CREATOR,3,190,1,3,4.511681216820178e-06
GHOST,SIG_CREATOR,3,191,1,2,0.21552684846643932
GHOST,SIG_CREATOR,3,192,1,1,0.122412104291595
GHOST,SIG_CREATOR,3,193,1,0,0.14551987628489926
GHOST,SIG_CREATOR,3,194,1,3,0.11346396476873548
GHOST,SIG_CREATOR,3,195,1,3,0.13581321235794822
GHOST,SIG_CREATOR,3,196,1,2,0.00030725071759260894
GHOST,SIG_CREATOR,3,197,1,2,0.004231115268924917
GHOST,SIG_CREATOR,3,198,1,1,0.10396006309477354
GHOST,SIG_CREATOR,3,199,1,3,0.009708502484249763
GHOST,SIG_CREATOR,4,0,1,0,0.003973383652825329
GHOST,SIG_CREATOR,4,1,1,0,0.10461116142343668
GHOST,SIG_CREATOR,4,2,1,2,7.638936963480737e-09
GHOST,SIG_CREATOR,4,3,1,3,0.15981487820417642
GHOST,SIG_CREATOR,4,4,1,1,0.14794249108255955
GHOST,SIG_CREATOR,4,5,1,3,0.09666631883511889
GHOST,SIG_CREATOR,4,6,1,2,0.15052618230459675
GHOST,SIG_CREATOR,4,7,1,3,0.1564190050398248
GHOST,SIG_CREATOR,4,8,1,0,0.10211003345578826
GHOST,SIG_CREATOR,4,9,1,0,0.12262537780515544
GHOST,SIG_CREATOR,4,10,1,0,0.08968396557580552
GHOST,SIG_CREATOR,4,11,1,1,0.1276787863272023
GHOST,SIG_CREATOR,4,12,1,3,0.11926412523960384
GHOST,SIG_CREATOR,4,13,1,1,0.1677375084744197
GHOST,SIG_CREATOR,4,14,1,2,0.004064139971570265
GHOST,SIG_CREATOR,4,15,1,1,0.16261348325504382
GHOST,SIG_CREATOR,4,16,1,3,0.11448720988694917
GHOST,SIG_CREATOR,4,17,1,3,0.23166535661484552
GHOST,SIG_CREATOR,4,18,1,1,0.21316416518337064
GHOST,SIG_CREATOR,4,19,1,3,0.18854271010761992
GHOST,SIG_CREATOR,4,20,1,3,0.08306826505922706
GHOST,SIG_CREATOR,4,21,1,2,0.24693608185826463
GHOST,SIG_CREATOR,4,22,1,2,0.12196760679475072
GHOST,SIG_CREATOR,4,23,1,0,0.0028239867223968356
GHOST,SIG_CREATOR,4,24,1,0,0.0942514002414803
GHOST,SIG_CREATOR,4,25,1,3,0.15571030015831344
GHOST,SIG_CREATOR,4,26,1,0,0.10955867727169527
GHOST,SIG_CREATOR,4,27,1,2,0.00037786583500780895
GHOST,SIG_CREATOR,4,28,1,3,0.09814901477956126
GHOST,SIG_CREATOR,4,29,1,1,0.01386882771911321
GHOST,SIG_CREATOR,4,30,1,3,5.106485917290977e-09
GHOST,SIG_CREATOR,4,31,1,2,0.0778475483242681
GHOST,SIG_CREATOR,4,32,1,1,0.1260261024295088
GHOST,SIG_CREATOR,4,33,1,0,0.2514216881847643
GHOST,SIG_CREATOR,4,34,1,0,0.07125976093867378
GHOST,SIG_CREATOR,4,35,1,0,0.11262731910122327
GHOST,SIG_CREATOR,4,36,1,3,0.0028372529763292472
GHOST,SIG_CREATOR,4,37,1,1,9.33922384037271e-08
GHOST,SIG_CREATOR,4,38,1,0,0.18501551712696754
GHOST,SIG_CREATOR,4,39,1,2,0.11019804955208158
GHOST,SIG_CREATOR,4,40,1,0,0.15360648445671723
GHOST,SIG_CREATOR,4,41,1,2,0.12088114477949424
GHOST,SIG_CREATOR,4,42,1,1,0.0034079886018262544
GHOST,SIG_CREATOR,4,43,1,2,0.08203611209414079
GHOST,SIG_CREATOR,4,44,1,3,5.354923488198483e-06
GHOST,SIG_CREATOR,4,45,1,1,0.12407074435619758
GHOST,SIG_CREATOR,4,46,1,3,0.09498375131853282
GHOST,SIG_CREATOR,4,47,1,0,0.1263610983372726
GHOST,SIG_CREATOR,4,48,1,1,0.16113496716282774
GHOST,SIG_CREATOR,4,49,1,0,0.11435931026660968
GHOST,SIG_CREATOR,4,50,1,3,0.00029195171026348115
GHOST,SIG_CREATOR,4,51,1,1,0.08730747142067118
GHOST,SIG_CREATOR,4,52,1,1,0.06715105852386587
GHOST,SIG_CREATOR,4,53,1,0,0.11601968915937436
GHOST,SIG_CREATOR,4,54,1,0,0.1158041682474279
GHOST,SIG_CREATOR,4,55,1,0,0.06921982716226147
GHOST,SIG_CREATOR,4,56,1,2,0.0023150834561779985
GHOST,SIG_CREATOR,4,57,1,1,0.10713639197148944
GHOST,SIG_CREATOR,4,58,1,1,0.12887417211953542
GHOST,SIG_CREATOR,4,59,1,3,0.00026690086457669874
GHOST,SIG_CREATOR,4,60,1,0,0.0002931733767622034
GHOST,SIG_CREATOR,4,61,1,1,0.2387268279794717
GHOST,SIG_CREATOR,4,62,1,1,0.06302662907819458
GHOST,SIG_CREATOR,4,63,1,2,0.00025502948263890653
GHOST,SIG_CREATOR,4,64,1,0,0.1056758296939227
GHOST,SIG_CREATOR,4,65,1,2,0.20735590451996502
GHOST,SIG_CREATOR,4,66,1,1,0.19943825096001142
GHOST,SIG_CREATOR,4,67,1,3,0.07834108873930407
GHOST,SIG_CREATOR,4,68,1,3,0.11148571014844937
GHOST,SIG_CREATOR,4,69,1,0,0.00021292861568872118
GHOST,SIG_CREATOR,4,70,1,2,0.1095168712781307
GHOST,SIG_CREATOR,4,71,1,3,0.16858994132502414
GHOST,SIG_CREATOR,4,72,1,3,0.25479616869271376
GHOST,SIG_CREATOR,4,73,1,1,0.10801766328094473
GHOST,SIG_CREATOR,4,74,1,0,0.12341107203410356
GHOST,SIG_CREATOR,4,75,1,3,0.14428365953954836
GHOST,SIG_CREATOR,4,76,1,1,0.012534635666194012
GHOST,SIG_CREATOR,4,77,1,2,0.07745606303524105
GHOST,SIG_CREATOR,4,78,1,1,0.1560165793249862
GHOST,SIG_CREATOR,4,79,1,1,0.0989752045644123
GHOST,SIG_CREATOR,4,80,1,3,0.16654548928871743
GHOST,SIG_CREATOR,4,81,1,0,0.0003873384094039007
GHOST,SIG_CREATOR,4,82,1,3,0.0029784984433224955
GHOST,SIG_CREATOR,4,83,1,3,0.09011618618793583
GHOST,SIG_CREATOR,4,84,1,1,0.12550148573732495
GHOST,SIG_CREATOR,4,85,1,3,0.0002681962227001725
GHOST,SIG_CREATOR,4,86,1,2,0.0034202878299526623
GHOST,SIG_CREATOR,4,87,1,3,0.00018017190710763065
GHOST,SIG_CREATOR,4,88,1,1,0.14602078690332806
GHOST,SIG_CREATOR,4,89,1,1,0.19385638955703366
GHOST,SIG_CREATOR,4,90,1,3,0.009483922436574754
GHOST,SIG_CREATOR,4,91,1,3,0.004109666856474981
GHOST,SIG_CREATOR,4,92,1,0,0.06702147980202479
GHOST,SIG_CREATOR,4,93,1,2,0.10390957553884858
GHOST,SIG_CREATOR,4,94,1,3,0.26474756933610577
GHOST,SIG_CREATOR,4,95,1,0,0.11191925452654548
GHOST,SIG_CREATOR,4,96,1,2,0.01579892126871044
GHOST,SIG_CREATOR,4,97,1,2,0.10665287637232747
GHOST,SIG_CREATOR,4,98,1,0,0.004893460826926609
GHOST,SIG_CREATOR,4,99,1,3,0.07097123184462212
GHOST,SIG_CREATOR,4,100,1,3,0.09813935329150725
GHOST,SIG_CREATOR,4,101,1,0,0.11045384375334281
GHOST,SIG_CREATOR,4,102,1,1,0.1113366570319127
GHOST,SIG_CREATOR,4,103,1,0,0.09269449115258575
GHOST,SIG_CREATOR,4,104,1,1,0.1920310454082389
GHOST,SIG_CREATOR,4,105,1,2,0.012434657619322293
GHOST,SIG_CREATOR,4,106,1,1,0.1357743743132972
GHOST,SIG_CREATOR,4,107,1,3,0.22627291148836326
GHOST,SIG_CREATOR,4,108,1,1,4.604842614838828e-06
GHOST,SIG_CREATOR,4,109,1,3,0.014039493802060751
GHOST,SIG_CREATOR,4,110,1,2,0.0077064176537803225
GHOST,SIG_CREATOR,4,111,1,1,0.12030000896882674
GHOST,SIG_CREATOR,4,112,1,3,0.10693946779470845
GHOST,SIG_CREATOR,4,113,1,3,0.08445054560160399
GHOST,SIG_CREATOR,4,114,1,0,0.10501106146001202
GHOST,SIG_CREATOR,4,115,1,2,0.0003724733562557377
GHOST,SIG_CREATOR,4,116,1,0,0.1036821151829059
GHOST,SIG_CREATOR,4,117,1,3,0.1260046245679908
GHOST,SIG_CREATOR,4,118,1,0,0.015191874019983807
GHOST,SIG_CREATOR,4,119,1,0,0.06591874115227071
GHOST,SIG_CREATOR,4,120,1,2,0.09044558254543097
GHOST,SIG_CREATOR,4,121,1,3,0.0002677037945735857
GHOST,SIG_CREATOR,4,122,1,3,0.14935546981337122
GHOST,SIG_CREATOR,4,123,1,3,0.01543554124322775
GHOST,SIG_CREATOR,4,124,1,1,0.08089151879220603
GHOST,SIG_CREATOR,4,125,1,0,0.00621298931779624
GHOST,SIG_CREATOR,4,126,1,2,0.010970624915908257
GHOST,SIG_CREATOR,4,127,1,2,0.0958758980367686
GHOST,SIG_CREATOR,4,128,1,1,0.014823957415583839
GHOST,SIG_CREATOR,4,129,1,0,0.10942143535189347
GHOST,SIG_CREATOR,4,130,1,3,0.10554858111342122
GHOST,SIG_CREATOR,4,131,1,1,0.005288192702720816
GHOST,SIG_CREATOR,4,132,1,3,0.09851468169047867
GHOST,SIG_CREATOR,4,133,1,1,3.835177264434397e-06
GHOST,SIG_CREATOR,4,134,1,1,0.24524750638505294
GHOST,SIG_CREATOR,4,135,1,3,0.00023344985648665554
GHOST,SIG_CREATOR,4,136,1,3,0.0040621702853462565
GHOST,SIG_CREATOR,4,137,1,3,0.0869647934831071
GHOST,SIG_CREATOR,4,138,1,2,0.1587242828550332
GHOST,SIG_CREATOR,4,139,1,1,0.0003160288152862598
GHOST,SIG_CREATOR,4,140,1,2,0.0002851374529243874
GHOST,SIG_CREATOR,4,141,1,2,0.009168227385523158
GHOST,SIG_CREATOR,4,142,1,0,0.005460977189676031
GHOST,SIG_CREATOR,4,143,1,0,0.2131044764299953
GHOST,SIG_CREATOR,4,144,1,1,0.2160497839727972
GHOST,SIG_CREATOR,4,145,1,0,0.10723855418985621
GHOST,SIG_CREATOR,4,146,1,3,0.07956847906420995
GHOST,SIG_CREATOR,4,147,1,1,0.09477379683089675
GHOST,SIG_CREATOR,4,148,1,3,0.09250897473713413
GHOST,SIG_CREATOR,4,149,1,2,0.14862946822176962
GHOST,SIG_CREATOR,4,150,1,3,0.07955269933876993
GHOST,SIG_CREATOR,4,151,1,1,0.1370278018821312
GHOST,SIG_CREATOR,4,152,1,2,0.1561225048015628
GHOST,SIG_CREATOR,4,153,1,3,0.00019273023737522414
GHOST,SIG_CREATOR,4,154,1,0,0.0003655214786012194
GHOST,SIG_CREATOR,4,155,1,1,0.12135244546244597
GHOST,SIG_CREATOR,4,156,1,2,0.10921909731776527
GHOST,SIG_CREATOR,4,157,1,1,0.23802042725804035
GHOST,SIG_CREATOR,4,158,1,2,0.07560437227251869
GHOST,SIG_CREATOR,4,159,1,3,0.12368357238276965
GHOST,SIG_CREATOR,4,160,1,3,0.2353377519136096
GHOST,SIG_CREATOR,4,161,1,2,0.007000583758952967
GHOST,SIG_CREATOR,4,162,1,1,0.28365544437862994
GHOST,SIG_CREATOR,4,163,1,0,0.1049171755434748
GHOST,SIG_CREATOR,4,164,1,1,0.002510235575473828
GHOST,SIG_CREATOR,4,165,1,1,0.09403829873567959
GHOST,SIG_CREATOR,4,166,1,2,4.089247957866745e-06
GHOST,SIG_CREATOR,4,167,1,2,0.01316290479361145
GHOST,SIG_CREATOR,4,168,1,0,0.10666357329218648
GHOST,SIG_CREATOR,4,169,1,2,0.07769149248719023
GHOST,SIG_CREATOR,4,170,1,0,0.1796959133856733
GHOST,SIG_CREATOR,4,171,1,0,0.10318415841053893
GHOST,SIG_CREATOR,4,172,1,3,0.01599074562212023
GHOST,SIG_CREATOR,4,173,1,1,0.08443042246195367
GHOST,SIG_CREATOR,4,174,1,2,0.26088232695067415
GHOST,SIG_CREATOR,4,175,1,0,0.004978527522127252
GHOST,SIG_CREATOR,4,176,1,0,0.07597241447305643
GHOST,SIG_CREATOR,4,177,1,0,0.26230605482631075
GHOST,SIG_CREATOR,4,178,1,1,0.07418879466360906
GHOST,SIG_CREATOR,4,179,1,2,0.10870831967463
GHOST,SIG_CREATOR,4,180,1,2,0.01313284869591778
GHOST,SIG_CREATOR,4,181,1,1,0.12141212480049701
GHOST,SIG_CREATOR,4,182,1,0,4.454177172649085e-06
GHOST,SIG_CREATOR,4,183,1,2,0.13663049892703993
GHOST,SIG_CREATOR,4,184,1,3,0.08376426552004503
GHOST,SIG_CREATOR,4,185,1,0,0.16921449404179767
GHOST,SIG_CREATOR,4,186,1,0,0.00672636813058082
GHOST,SIG_CREATOR,4,187,1,2,0.07269465596962704
GHOST,SIG_CREATOR,4,188,1,3,0.0804444185803771
GHOST,SIG_CREATOR,4,189,1,1,0.00028464827409463726
GHOST,SIG_CREATOR,4,190,1,0,0.11416210910685794
GHOST,SIG_CREATOR,4,191,1,3,0.0666556669600391
GHOST,SIG_CREATOR,4,192,1,0,0.0051283173033967655
GHOST,SIG_CREATOR,4,193,1,1,0.22801745984237676
GHOST,SIG_CREATOR,4,194,1,3,0.07829210753239192
GHOST,SIG_CREATOR,4,195,1,0,0.11684272625029732
GHOST,SIG_CREATOR,4,196,1,2,0.0793397722414016
GHOST,SIG_CREATOR,4,197,1,3,8.514703562101807e-05
GHOST,SIG_CREATOR,4,198,1,0,0.10635219460526074
GHOST,SIG_CREATOR,4,199,1,3,0.16910740170197433
GHOST,SIG_CREATOR,5,0,1,2,0.012217260400594846
GHOST,SIG_CREATOR,5,1,1,1,0.010551530875132685
GHOST,SIG_CREATOR,5,2,1,0,0.003822333977505407
GHOST,SIG_CREATOR,5,3,1,3,0.00011266920266610927
GHOST,SIG_CREATOR,5,4,1,3,0.1079535069854284
GHOST,SIG_CREATOR,5,5,1,0,0.15641737626442076
GHOST,SIG_CREATOR,5,6,1,2,0.1202826550279166
GHOST,SIG_CREATOR,5,7,1,0,0.0048333813710275805
GHOST,SIG_CREATOR,5,8,1,1,0.007030564770826659
GHOST,SIG_CREATOR,5,9,1,1,0.12255067694055871
GHOST,SIG_CREATOR,5,10,1,2,0.14432170328800945
GHOST,SIG_CREATOR,5,11,1,3,0.0968450524465812
GHOST,SIG_CREATOR,5,12,1,1,0.13181747721744255
GHOST,SIG_CREATOR,5,13,1,3,0.12559138141890336
GHOST,SIG_CREATOR,5,14,1,0,0.2384352873733726
GHOST,SIG_CREATOR,5,15,1,3,0.002531433959622047
GHOST,SIG_CREATOR,5,16,1,2,0.1551593734913847
GHOST,SIG_CREATOR,5,17,1,2,0.10349457789640287
GHOST,SIG_CREATOR,5,18,1,2,0.0038666487633878077
GHOST,SIG_CREATOR,5,19,1,2,3.204498721676108e-06
GHOST,SIG_CREATOR,5,20,1,1,0.0058609292269581935
GHOST,SIG_CREATOR,5,21,1,0,0.003790503875657755
GHOST,SIG_CREATOR,5,22,1,1,0.0826509900576372
GHOST,SIG_CREATOR,5,23,1,3,0.004404738803321909
GHOST,SIG_CREATOR,5,24,1,3,4.39653341204033e-06
GHOST,SIG_CREATOR,5,25,1,3,0.01447466195100245
GHOST,SIG_CREATOR,5,26,1,1,0.014035290428755048
GHOST,SIG_CREATOR,5,27,1,1,0.0058494391704367885
GHOST,SIG_CREATOR,5,28,1,3,3.814231488197393e-06
GHOST,SIG_CREATOR,5,29,1,2,0.24456008099758472
GHOST,SIG_CREATOR,5,30,1,2,0.01691148211010094
GHOST,SIG_CREATOR,5,31,1,3,0.007320512205744158
GHOST,SIG_CREATOR,5,32,1,3,0.10188755882754959
GHOST,SIG_CREATOR,5,33,1,2,0.2458070035645878
GHOST,SIG_CREATOR,5,34,1,1,0.00023504972713853735
GHOST,SIG_CREATOR,5,35,1,2,4.792479083085315e-06
GHOST,SIG_CREATOR,5,36,1,0,0.011399887010186169
GHOST,SIG_CREATOR,5,37,1,1,0.12602308193480735
GHOST,SIG_CREATOR,5,38,1,0,0.003047776167505287
GHOST,SIG_CREATOR,5,39,1,0,0.0030049975017973746
GHOST,SIG_CREATOR,5,40,1,3,0.16029272465682293
GHOST,SIG_CREATOR,5,41,1,2,0.005637871917984468
GHOST,SIG_CREATOR,5,42,1,1,0.08686773300004406
GHOST,SIG_CREATOR,5,43,1,1,0.10211895300959903
GHOST,SIG_CREATOR,5,44,1,1,0.0038895156233858036
GHOST,SIG_CREATOR,5,45,1,2,0.00025568793088746595
GHOST,SIG_CREATOR,5,46,1,1,0.0878563816643275
GHOST,SIG_CREATOR,5,47,1,3,0.23182664038426587
GHOST,SIG_CREATOR,5,48,1,1,0.07137872542573315
GHOST,SIG_CREATOR,5,49,1,1,0.1270859354050766
GHOST,SIG_CREATOR,5,50,1,1,0.09824618496256167
GHOST,SIG_CREATOR,5,51,1,3,0.17637013000106208
GHOST,SIG_CREATOR,5,52,1,3,0.00030613650307510933
GHOST,SIG_CREATOR,5,53,1,0,0.013483804238730343
GHOST,SIG_CREATOR,5,54,1,2,0.10691178468559873
GHOST,SIG_CREATOR,5,55,1,0,0.22999627099509132
GHOST,SIG_CREATOR,5,56,1,3,0.19339940787037055
GHOST,SIG_CREATOR,5,57,1,3,0.11717763098445814
GHOST,SIG_CREATOR,5,58,1,0,0.15233614606220058
GHOST,SIG_CREATOR,5,59,1,3,0.2720788862059973
GHOST,SIG_CREATOR,5,60,1,0,0.07159329963740592
GHOST,SIG_CREATOR,5,61,1,1,0.0060972620826467185
GHOST,SIG_CREATOR,5,62,1,0,0.0003221035429514101
GHOST,SIG_CREATOR,5,63,1,3,0.13606553945516486
GHOST,SIG_CREATOR,5,64,1,0,0.2529504824370358
GHOST,SIG_CREATOR,5,65,1,0,0.0002492726744470556
GHOST,SIG_CREATOR,5,66,1,0,0.09070575070520842
GHOST,SIG_CREATOR,5,67,1,0,0.12873302146104673
GHOST,SIG_CREATOR,5,68,1,0,0.21466375783977754
GHOST,SIG_CREATOR,5,69,1,3,0.13053160488086524
GHOST,SIG_CREATOR,5,70,1,1,0.004420855826677113
GHOST,SIG_CREATOR,5,71,1,2,0.00013581062354953995
GHOST,SIG_CREATOR,5,72,1,2,0.11062636973934534
GHOST,SIG_CREATOR,5,73,1,3,0.10893680274375774
GHOST,SIG_CREATOR,5,74,1,3,1.0865732762538225e-05
GHOST,SIG_CREATOR,5,75,1,2,0.00030405062238774593
GHOST,SIG_CREATOR,5,76,1,0,0.2657369357622867
GHOST,SIG_CREATOR,5,77,1,0,0.07437671663658305
GHOST,SIG_CREATOR,5,78,1,0,0.0025376465726293525
GHOST,SIG_CREATOR,5,79,1,0,0.13041201786993792
GHOST,SIG_CREATOR,5,80,1,3,7.12314005746266e-08
GHOST,SIG_CREATOR,5,81,1,0,0.2547289117025774
GHOST,SIG_CREATOR,5,82,1,3,0.27850954240183284
GHOST,SIG_CREATOR,5,83,1,2,9.067689795335835e-05
GHOST,SIG_CREATOR,5,84,1,0,0.1143865382642158
GHOST,SIG_CREATOR,5,85,1,1,0.14995596795196361
GHOST,SIG_CREATOR,5,86,1,1,0.22617956985228388
GHOST,SIG_CREATOR,5,87,1,1,0.012492056146042815
GHOST,SIG_CREATOR,5,88,1,2,0.11865213184874406
GHOST,SIG_CREATOR,5,89,1,1,0.06580575224352624
GHOST,SIG_CREATOR,5,90,1,0,3.1140435786022418e-06
GHOST,SIG_CREATOR,5,91,1,3,0.17384281570100799
GHOST,SIG_CREATOR,5,92,1,1,0.07367880952375838
GHOST,SIG_CREATOR,5,93,1,0,2.8825226097150878e-06
GHOST,SIG_CREATOR,5,94,1,0,0.15102280159853712
GHOST,SIG_CREATOR,5,95,1,2,0.09721782821675506
GHOST,SIG_CREATOR,5,96,1,0,0.0027786941713064547
GHOST,SIG_CREATOR,5,97,1,1,0.008015894073117527
GHOST,SIG_CREATOR,5,98,1,2,0.2741375374184939
GHOST,SIG_CREATOR,5,99,1,2,0.12597979379440175
GHOST,SIG_CREATOR,5,100,1,2,0.10081954011688377
GHOST,SIG_CREATOR,5,101,1,0,0.00013122548382459639
GHOST,SIG_CREATOR,5,102,1,2,0.1981182858997428
GHOST,SIG_CREATOR,5,103,1,1,0.14133090659496317
GHOST,SIG_CREATOR,5,104,1,3,5.252590513724695e-06
GHOST,SIG_CREATOR,5,105,1,2,0.1043229566332511
GHOST,SIG_CREATOR,5,106,1,2,0.08623466378811372
GHOST,SIG_CREATOR,5,107,1,0,0.10727274526126539
GHOST,SIG_CREATOR,5,108,1,3,0.24493821716132808
GHOST,SIG_CREATOR,5,109,1,0,0.004077485700611647
GHOST,SIG_CREATOR,5,110,1,0,0.004995037572155922
GHOST,SIG_CREATOR,5,111,1,2,0.0002721242851438677
GHOST,SIG_CREATOR,5,112,1,1,0.06991237137798041
GHOST,SIG_CREATOR,5,113,1,0,0.1454492490309709
GHOST,SIG_CREATOR,5,114,1,2,0.10976759146176943
GHOST,SIG_CREATOR,5,115,1,3,0.00016451869816187995
GHOST,SIG_CREATOR,5,116,1,2,0.08500232550441063
GHOST,SIG_CREATOR,5,117,1,3,0.09645147005593062
GHOST,SIG_CREATOR,5,118,1,3,0.10053268262180194
GHOST,SIG_CREATOR,5,119,1,0,0.09730307484041022
GHOST,SIG_CREATOR,5,120,1,2,0.09016666011230039
GHOST,SIG_CREATOR,5,121,1,2,0.0026978539141680673
GHOST,SIG_CREATOR,5,122,1,3,0.12548165761063768
GHOST,SIG_CREATOR,5,123,1,3,0.10203688366856645
GHOST,SIG_CREATOR,5,124,1,1,0.13208506761713654
GHOST,SIG_CREATOR,5,125,1,3,0.00016455939042795043
GHOST,SIG_CREATOR,5,126,1,3,0.11858096203499936
GHOST,SIG_CREATOR,5,127,1,0,0.0002617621379052438
GHOST,SIG_CREATOR,5,128,1,1,0.004650650958608395
GHOST,SIG_CREATOR,5,129,1,3,0.07769509111552657
GHOST,SIG_CREATOR,5,130,1,2,0.0061154386210424665
GHOST,SIG_CREATOR,5,131,1,0,0.1516638866385826
GHOST,SIG_CREATOR,5,132,1,0,0.08458093199924192
GHOST,SIG_CREATOR,5,133,1,3,0.00013967627653249312
GHOST,SIG_CREATOR,5,134,1,2,0.005930590481099593
GHOST,SIG_CREATOR,5,135,1,1,0.11213007951531546
GHOST,SIG_CREATOR,5,136,1,2,0.08963087988131774
GHOST,SIG_CREATOR,5,137,1,0,0.005868749004408705
GHOST,SIG_CREATOR,5,138,1,1,0.14686501662072535
GHOST,SIG_CREATOR,5,139,1,0,0.10143455038634612
GHOST,SIG_CREATOR,5,140,1,3,0.015739143250592214
GHOST,SIG_CREATOR,5,141,1,3,0.201726725045084
GHOST,SIG_CREATOR,5,142,1,2,0.00025918546385430376
GHOST,SIG_CREATOR,5,143,1,1,0.00024287727098786687
GHOST,SIG_CREATOR,5,144,1,2,0.07737643166763757
GHOST,SIG_CREATOR,5,145,1,3,1.3665905750404358e-07
GHOST,SIG_CREATOR,5,146,1,3,6.07035573150344e-08
GHOST,SIG_CREATOR,5,147,1,2,0.00018042701936675382
GHOST,SIG_CREATOR,5,148,1,0,0.06280372359213174
GHOST,SIG_CREATOR,5,149,1,0,0.26978919647195987
GHOST,SIG_CREATOR,5,150,1,3,0.060299745596024135
GHOST,SIG_CREATOR,5,151,1,1,0.15134862958944445
GHOST,SIG_CREATOR,5,152,1,2,0.11480777305132761
GHOST,SIG_CREATOR,5,153,1,3,0.2332671942342246
GHOST,SIG_CREATOR,5,154,1,1,0.12496634157004362
GHOST,SIG_CREATOR,5,155,1,2,0.0002273592599656001
GHOST,SIG_CREATOR,5,156,1,3,0.2014671939778928
GHOST,SIG_CREATOR,5,157,1,3,0.15674266853746882
GHOST,SIG_CREATOR,5,158,1,3,0.015808783295311657
GHOST,SIG_CREATOR,5,159,1,2,0.003025753832622652
GHOST,SIG_CREATOR,5,160,1,3,0.14837197975369518
GHOST,SIG_CREATOR,5,161,1,0,0.0037377512227602734
GHOST,SIG_CREATOR,5,162,1,1,0.10108471432135022
GHOST,SIG_CREATOR,5,163,1,2,0.00025026637446598314
GHOST,SIG_CREATOR,5,164,1,3,0.0048959878654673186
GHOST,SIG_CREATOR,5,165,1,2,0.004911658876487081
GHOST,SIG_CREATOR,5,166,1,0,0.22334479777174454
GHOST,SIG_CREATOR,5,167,1,1,0.20746912660917816
GHOST,SIG_CREATOR,5,168,1,1,0.06793327268128271
GHOST,SIG_CREATOR,5,169,1,1,0.10253757152221886
GHOST,SIG_CREATOR,5,170,1,3,0.004388996735976091
GHOST,SIG_CREATOR,5,171,1,2,0.17928015607540662
GHOST,SIG_CREATOR,5,172,1,0,0.10269267825149017
GHOST,SIG_CREATOR,5,173,1,1,0.06972474785071636
GHOST,SIG_CREATOR,5,174,1,2,0.003492193152313798
GHOST,SIG_CREATOR,5,175,1,0,0.11267312135911631
GHOST,SIG_CREATOR,5,176,1,1,0.11953925158761705
GHOST,SIG_CREATOR,5,177,1,2,0.12069832085964437
GHOST,SIG_CREATOR,5,178,1,0,0.10345435499996078
GHOST,SIG_CREATOR,5,179,1,2,0.06334482921080294
GHOST,SIG_CREATOR,5,180,1,2,0.11953787737852886
GHOST,SIG_CREATOR,5,181,1,1,0.014939996303985782
GHOST,SIG_CREATOR,5,182,1,2,0.004885545970841398
GHOST,SIG_CREATOR,5,183,1,1,0.093516557599631
GHOST,SIG_CREATOR,5,184,1,0,0.09400515902075877
GHOST,SIG_CREATOR,5,185,1,3,0.0057065687570695845
GHOST,SIG_CREATOR,5,186,1,0,0.29040269429136634
GHOST,SIG_CREATOR,5,187,1,3,0.004519698468066167
GHOST,SIG_CREATOR,5,188,1,3,0.12094762471343404
GHOST,SIG_CREATOR,5,189,1,3,0.1051712935448346
GHOST,SIG_CREATOR,5,190,1,0,0.26017364953067024
GHOST,SIG_CREATOR,5,191,1,0,0.08626053795141496
GHOST,SIG_CREATOR,5,192,1,0,0.11969577286661708
GHOST,SIG_CREATOR,5,193,1,1,0.11427957651322394
GHOST,SIG_CREATOR,5,194,1,0,0.28000805470808654
GHOST,SIG_CREATOR,5,195,1,3,0.015618670651148163
GHOST,SIG_CREATOR,5,196,1,2,0.12482872478195392
GHOST,SIG_CREATOR,5,197,1,2,0.06484663464550601
GHOST,SIG_CREATOR,5,198,1,0,0.21485839390375128
GHOST,SIG_CREATOR,5,199,1,3,0.00027686983730545415
GHOST,SIG_CREATOR,6,0,1,0,0.15781297502913888
GHOST,SIG_CREATOR,6,1,1,2,0.12387951511422779
GHOST,SIG_CREATOR,6,2,1,0,0.08973586837472208
GHOST,SIG_CREATOR,6,3,1,2,0.014073321671336564
GHOST,SIG_CREATOR,6,4,1,0,0.12861221219022645
GHOST,SIG_CREATOR,6,5,1,2,0.0931142278216002
GHOST,SIG_CREATOR,6,6,1,0,0.004948073574538693
GHOST,SIG_CREATOR,6,7,1,3,0.16213573175743456
GHOST,SIG_CREATOR,6,8,1,1,0.15008023034384574
GHOST,SIG_CREATOR,6,9,1,3,0.09963842822597571
GHOST,SIG_CREATOR,6,10,1,1,9.884809385565507e-05
GHOST,SIG_CREATOR,6,11,1,0,0.08206454100598955
GHOST,SIG_CREATOR,6,12,1,2,0.00020984059693262945
GHOST,SIG_CREATOR,6,13,1,1,0.09944037978912686
GHOST,SIG_CREATOR,6,14,1,2,0.0749424463729884
GHOST,SIG_CREATOR,6,15,1,1,0.0003717647559191375
GHOST,SIG_CREATOR,6,16,1,3,0.002700973880599986
GHOST,SIG_CREATOR,6,17,1,2,0.00020609326286589392
GHOST,SIG_CREATOR,6,18,1,2,0.013324489917384661
GHOST,SIG_CREATOR,6,19,1,0,0.25926688876542653
GHOST,SIG_CREATOR,6,20,1,1,0.00015822033403241928
GHOST,SIG_CREATOR,6,21,1,1,0.13050960383971863
GHOST,SIG_CREATOR,6,22,1,3,0.1106691610640825
GHOST,SIG_CREATOR,6,23,1,1,0.166597620656781
GHOST,SIG_CREATOR,6,24,1,2,0.0032084971688255697
GHOST,SIG_CREATOR,6,25,1,1,0.12054012457189732
GHOST,SIG_CREATOR,6,26,1,1,0.11874689487543003
GHOST,SIG_CREATOR,6,27,1,3,0.003756060268029669
GHOST,SIG_CREATOR,6,28,1,3,0.09548263460763777
GHOST,SIG_CREATOR,6,29,1,1,0.12861748981963814
GHOST,SIG_CREATOR,6,30,1,1,5.238518867180173e-06
GHOST,SIG_CREATOR,6,31,1,0,0.0001956916892089366
GHOST,SIG_CREATOR,6,32,1,2,0.00037980184673167363
GHOST,SIG_CREATOR,6,33,1,3,0.2135256119622604
GHOST,SIG_CREATOR,6,34,1,1,0.10833321865121963
GHOST,SIG_CREATOR,6,35,1,1,0.00021948479246380873
GHOST,SIG_CREATOR,6,36,1,2,0.0930323574157605
GHOST,SIG_CREATOR,6,37,1,2,0.14935881060692213
GHOST,SIG_CREATOR,6,38,1,1,0.0002778149644768164
GHOST,SIG_CREATOR,6,39,1,2,0.1363090028356933
GHOST,SIG_CREATOR,6,40,1,1,0.07860705300588681
GHOST,SIG_CREATOR,6,41,1,0,0.11810285043282212
GHOST,SIG_CREATOR,6,42,1,3,0.21829565922022215
GHOST,SIG_CREATOR,6,43,1,3,0.008392801846544992
GHOST,SIG_CREATOR,6,44,1,3,0.013173289151264624
GHOST,SIG_CREATOR,6,45,1,0,0.1001069239885391
GHOST,SIG_CREATOR,6,46,1,0,6.593471499057821e-08
GHOST,SIG_CREATOR,6,47,1,3,1.5686886720995196e-07
GHOST,SIG_CREATOR,6,48,1,0,0.004774343048573409
GHOST,SIG_CREATOR,6,49,1,1,0.00017944707328502665
GHOST,SIG_CREATOR,6,50,1,0,0.10038227299973312
GHOST,SIG_CREATOR,6,51,1,0,0.003447264354974546
GHOST,SIG_CREATOR,6,52,1,1,0.013379090898994415
GHOST,SIG_CREATOR,6,53,1,2,0.08176378633383678
GHOST,SIG_CREATOR,6,54,1,1,4.0356456765684676e-06
GHOST,SIG_CREATOR,6,55,1,0,0.12841268341881146
GHOST,SIG_CREATOR,6,56,1,1,0.18271779097203444
GHOST,SIG_CREATOR,6,57,1,0,0.0003340188746767824
GHOST,SIG_CREATOR,6,58,1,1,0.09318307200571056
GHOST,SIG_CREATOR,6,59,1,0,0.07650477615346236
GHOST,SIG_CREATOR,6,60,1,2,0.00019352835402686817
GHOST,SIG_CREATOR,6,61,1,3,8.196460063088885e-06
GHOST,SIG_CREATOR,6,62,1,0,0.07936025519226962
GHOST,SIG_CREATOR,6,63,1,1,0.00014930707429498073
GHOST,SIG_CREATOR,6,64,1,1,0.0971646330237865
GHOST,SIG_CREATOR,6,65,1,1,0.12989558199815363
GHOST,SIG_CREATOR,6,66,1,2,0.1506798239016478
GHOST,SIG_CREATOR,6,67,1,2,0.19598797296422468
GHOST,SIG_CREATOR,6,68,1,3,0.18261161891153702
GHOST,SIG_CREATOR,6,69,1,1,0.00029898614106904176
GHOST,SIG_CREATOR,6,70,1,2,8.543161132617833e-09
GHOST,SIG_CREATOR,6,71,1,1,0.1412995466838742
GHOST,SIG_CREATOR,6,72,1,2,0.00022460978979002252
GHOST,SIG_CREATOR,6,73,1,2,1.6330311507453886e-07
GHOST,SIG_CREATOR,6,74,1,1,0.0003429683277648599
GHOST,SIG_CREATOR,6,75,1,3,0.01702339734047936
GHOST,SIG_CREATOR,6,76,1,1,0.07059516091140713
GHOST,SIG_CREATOR,6,77,1,1,0.11945032008293263
GHOST,SIG_CREATOR,6,78,1,3,0.0675598803736785
GHOST,SIG_CREATOR,6,79,1,1,0.0029752348366737396
GHOST,SIG_CREATOR,6,80,1,3,0.11627906869472787
GHOST,SIG_CREATOR,6,81,1,2,0.012461363969043137
GHOST,SIG_CREATOR,6,82,1,3,0.012828506497933502
GHOST,SIG_CREATOR,6,83,1,0,0.2465973756468481
GHOST,SIG_CREATOR,6,84,1,2,0.09141577094326332
GHOST,SIG_CREATOR,6,85,1,2,0.00024220080640928807
GHOST,SIG_CREATOR,6,86,1,3,4.911544714035658e-06
GHOST,SIG_CREATOR,6,87,1,2,9.89291186304756e-05
GHOST,SIG_CREATOR,6,88,1,1,0.17694524694149605
GHOST,SIG_CREATOR,6,89,1,0,0.13043216173183886
GHOST,SIG_CREATOR,6,90,1,2,0.1834958365390327
GHOST,SIG_CREATOR,6,91,1,2,0.002587381142483776
GHOST,SIG_CREATOR,6,92,1,0,0.0038328971510974757
GHOST,SIG_CREATOR,6,93,1,3,0.008656847865157608
GHOST,SIG_CREATOR,6,94,1,3,0.16850855176996044
GHOST,SIG_CREATOR,6,95,1,0,1.1199216181525982e-07
GHOST,SIG_CREATOR,6,96,1,0,0.11399091927872396
GHOST,SIG_CREATOR,6,97,1,0,0.002985695658800706
GHOST,SIG_CREATOR,6,98,1,0,0.0003062354209475769
GHOST,SIG_CREATOR,6,99,1,3,0.10729407011484621
GHOST,SIG_CREATOR,6,100,1,0,0.0036547293059512867
GHOST,SIG_CREATOR,6,101,1,1,0.07968709313911033
GHOST,SIG_CREATOR,6,102,1,3,0.10056661741228289
GHOST,SIG_CREATOR,6,103,1,2,0.2406383623245949
GHOST,SIG_CREATOR,6,104,1,0,9.640101415533849e-08
GHOST,SIG_CREATOR,6,105,1,0,0.19152962934861797
GHOST,SIG_CREATOR,6,106,1,3,0.004677290723566784
GHOST,SIG_CREATOR,6,107,1,1,0.09644059864287272
GHOST,SIG_CREATOR,6,108,1,3,0.12342397044266913
GHOST,SIG_CREATOR,6,109,1,0,0.12734603695603425
GHOST,SIG_CREATOR,6,110,1,3,0.013306623231382552
GHOST,SIG_CREATOR,6,111,1,0,0.0002658945075613914
GHOST,SIG_CREATOR,6,112,1,1,0.1947350286019226
GHOST,SIG_CREATOR,6,113,1,3,0.013681062320180487
GHOST,SIG_CREATOR,6,114,1,2,0.004709021626958397
GHOST,SIG_CREATOR,6,115,1,3,5.240208516028186e-06
GHOST,SIG_CREATOR,6,116,1,0,0.1764786005590706
GHOST,SIG_CREATOR,6,117,1,3,0.07334903089149106
GHOST,SIG_CREATOR,6,118,1,3,0.1550028696258364
GHOST,SIG_CREATOR,6,119,1,0,0.08358876449899305
GHOST,SIG_CREATOR,6,120,1,0,0.10881208872019818
GHOST,SIG_CREATOR,6,121,1,0,0.15735193380772683
GHOST,SIG_CREATOR,6,122,1,2,0.12343012511308527
GHOST,SIG_CREATOR,6,123,1,3,0.006521975084455551
GHOST,SIG_CREATOR,6,124,1,2,0.0001122433778056948
GHOST,SIG_CREATOR,6,125,1,1,0.1037367411405052
GHOST,SIG_CREATOR,6,126,1,2,0.20013760768421207
GHOST,SIG_CREATOR,6,127,1,0,0.0030448934554837413
GHOST,SIG_CREATOR,6,128,1,1,0.10859036235451484
GHOST,SIG_CREATOR,6,129,1,0,6.180016511578393e-06
GHOST,SIG_CREATOR,6,130,1,2,0.11895245482578347
GHOST,SIG_CREATOR,6,131,1,1,0.09793929172110746
GHOST,SIG_CREATOR,6,132,1,2,0.002732264227020721
GHOST,SIG_CREATOR,6,133,1,0,0.06143316834695043
GHOST,SIG_CREATOR,6,134,1,1,0.009647992035619727
GHOST,SIG_CREATOR,6,135,1,0,0.0772671728846959
GHOST,SIG_CREATOR,6,136,1,3,0.07159467576685655
GHOST,SIG_CREATOR,6,137,1,1,0.24972823582464163
GHOST,SIG_CREATOR,6,138,1,3,0.003579062850328005
GHOST,SIG_CREATOR,6,139,1,2,0.06752867198243016
GHOST,SIG_CREATOR,6,140,1,0,3.3017364476369796e-06
GHOST,SIG_CREATOR,6,141,1,3,0.08565954095181284
GHOST,SIG_CREATOR,6,142,1,1,0.006328174696174974
GHOST,SIG_CREATOR,6,143,1,3,0.10373230105098988
GHOST,SIG_CREATOR,6,144,1,3,0.1561513516238111
GHOST,SIG_CREATOR,6,145,1,0,0.14047609433127847
GHOST,SIG_CREATOR,6,146,1,1,9.157015216003063e-06
GHOST,SIG_CREATOR,6,147,1,3,0.003213341129678811
GHOST,SIG_CREATOR,6,148,1,2,0.004712703322775607
GHOST,SIG_CREATOR,6,149,1,1,0.13061001286332014
GHOST,SIG_CREATOR,6,150,1,2,0.013501757073851303
GHOST,SIG_CREATOR,6,151,1,2,0.005277728314973859
GHOST,SIG_CREATOR,6,152,1,2,0.09549666067568648
GHOST,SIG_CREATOR,6,153,1,2,0.00014659405818657437
GHOST,SIG_CREATOR,6,154,1,0,0.13785897558308946
GHOST,SIG_CREATOR,6,155,1,1,0.1126815922753189
GHOST,SIG_CREATOR,6,156,1,3,0.11286086791714496
GHOST,SIG_CREATOR,6,157,1,3,0.00019500806590390713
GHOST,SIG_CREATOR,6,158,1,3,0.007215677827388375
GHOST,SIG_CREATOR,6,159,1,3,0.015492736027027812
GHOST,SIG_CREATOR,6,160,1,1,4.479513031714106e-06
GHOST,SIG_CREATOR,6,161,1,2,0.00034512706091379493
GHOST,SIG_CREATOR,6,162,1,3,0.13117218289479665
GHOST,SIG_CREATOR,6,163,1,1,0.004387379099044269
GHOST,SIG_CREATOR,6,164,1,1,0.0654474077720775
GHOST,SIG_CREATOR,6,165,1,1,0.000304594595986184
GHOST,SIG_CREATOR,6,166,1,1,0.012972989859842347
GHOST,SIG_CREATOR,6,167,1,2,0.10788883860564724
GHOST,SIG_CREATOR,6,168,1,1,0.09819980173991844
GHOST,SIG_CREATOR,6,169,1,2,0.12159563414847643
GHOST,SIG_CREATOR,6,170,1,3,0.08042267226855018
GHOST,SIG_CREATOR,6,171,1,2,0.08597778783906301
GHOST,SIG_CREATOR,6,172,1,2,0.00022038224825720557
GHOST,SIG_CREATOR,6,173,1,2,0.11754925761003604
GHOST,SIG_CREATOR,6,174,1,2,0.08912390570813994
GHOST,SIG_CREATOR,6,175,1,1,0.005267032158046398
GHOST,SIG_CREATOR,6,176,1,3,3.496059905054202e-06
GHOST,SIG_CREATOR,6,177,1,1,0.08769992295821702
GHOST,SIG_CREATOR,6,178,1,0,0.093504534981806
GHOST,SIG_CREATOR,6,179,1,0,0.15818289614970085
GHOST,SIG_CREATOR,6,180,1,2,0.08232255893505516
GHOST,SIG_CREATOR,6,181,1,1,0.1020006069236325
GHOST,SIG_CREATOR,6,182,1,1,0.09666245505578815
GHOST,SIG_CREATOR,6,183,1,1,0.016629709986319685
GHOST,SIG_CREATOR,6,184,1,2,0.2343571355565553
GHOST,SIG_CREATOR,6,185,1,2,0.0035310323970726355
GHOST,SIG_CREATOR,6,186,1,0,2.734312788587938e-06
GHOST,SIG_CREATOR,6,187,1,1,0.00025817132429390506
GHOST,SIG_CREATOR,6,188,1,2,0.1829659399138918
GHOST,SIG_CREATOR,6,189,1,1,0.12104305771523047
GHOST,SIG_CREATOR,6,190,1,1,0.15207575652597577
GHOST,SIG_CREATOR,6,191,1,2,0.1609031241518988
GHOST,SIG_CREATOR,6,192,1,3,0.01191491262414128
GHOST,SIG_CREATOR,6,193,1,2,0.09724653490221218
GHOST,SIG_CREATOR,6,194,1,2,0.00027882852548480894
GHOST,SIG_CREATOR,6,195,1,3,0.1486092337176756
GHOST,SIG_CREATOR,6,196,1,0,0.0002430812036003077
GHOST,SIG_CREATOR,6,197,1,2,0.10645595537193286
GHOST,SIG_CREATOR,6,198,1,3,4.827035137387644e-06
GHOST,SIG_CREATOR,6,199,1,2,0.0038124072594839407
GHOST,SIG_CREATOR,7,0,1,1,0.12066747917556087
GHOST,SIG_CREATOR,7,1,1,1,0.0002772410838198962
GHOST,SIG_CREATOR,7,2,1,2,0.09230378684308055
GHOST,SIG_CREATOR,7,3,1,3,0.12594771937210336
GHOST,SIG_CREATOR,7,4,1,2,0.0934089122294956
GHOST,SIG_CREATOR,7,5,1,0,0.10837980425024774
GHOST,SIG_CREATOR,7,6,1,2,0.00020776840148493616
GHOST,SIG_CREATOR,7,7,1,1,0.1347567185145395
GHOST,SIG_CREATOR,7,8,1,3,0.10920216105708748
GHOST,SIG_CREATOR,7,9,1,2,0.2397956151977591
GHOST,SIG_CREATOR,7,10,1,3,0.07931142741991473
GHOST,SIG_CREATOR,7,11,1,0,0.127432495844218
GHOST,SIG_CREATOR,7,12,1,2,0.08485913636951091
GHOST,SIG_CREATOR,7,13,1,1,0.24743895316937703
GHOST,SIG_CREATOR,7,14,1,0,0.13254543107991956
GHOST,SIG_CREATOR,7,15,1,2,0.16061502863884755
GHOST,SIG_CREATOR,7,16,1,2,0.10225367815362288
GHOST,SIG_CREATOR,7,17,1,3,0.25461985357642103
GHOST,SIG_CREATOR,7,18,1,1,0.11792961486932164
GHOST,SIG_CREATOR,7,19,1,3,0.08649701575275968
GHOST,SIG_CREATOR,7,20,1,3,0.1453000957581034
GHOST,SIG_CREATOR,7,21,1,2,0.0002346124270318757
GHOST,SIG_CREATOR,7,22,1,1,0.0906975943765995
GHOST,SIG_CREATOR,7,23,1,1,0.006367637483842962
GHOST,SIG_CREATOR,7,24,1,0,0.00034736060064827597
GHOST,SIG_CREATOR,7,25,1,0,0.1260831135823815
GHOST,SIG_CREATOR,7,26,1,0,0.1102779945991205
GHOST,SIG_CREATOR,7,27,1,3,0.16495754119048603
GHOST,SIG_CREATOR,7,28,1,2,0.09447782052389439
GHOST,SIG_CREATOR,7,29,1,2,0.08827234131850388
GHOST,SIG_CREATOR,7,30,1,2,0.0034276926781846295
GHOST,SIG_CREATOR,7,31,1,1,0.11742888262954403
GHOST,SIG_CREATOR,7,32,1,1,0.0752864081983506
GHOST,SIG_CREATOR,7,33,1,1,0.08257180485433696
GHOST,SIG_CREATOR,7,34,1,3,0.09117957005546154
GHOST,SIG_CREATOR,7,35,1,3,0.14756689503468284
GHOST,SIG_CREATOR,7,36,1,2,0.11020416230935356
GHOST,SIG_CREATOR,7,37,1,3,0.07503765173191408
GHOST,SIG_CREATOR,7,38,1,0,0.14929977562684982
GHOST,SIG_CREATOR,7,39,1,1,0.12090748816550392
GHOST,SIG_CREATOR,7,40,1,3,0.00019202229849075097
GHOST,SIG_CREATOR,7,41,1,2,0.09559234017738291
GHOST,SIG_CREATOR,7,42,1,1,0.2607103616375872
GHOST,SIG_CREATOR,7,43,1,3,0.0033714701922325343
GHOST,SIG_CREATOR,7,44,1,0,0.11636803948479285
GHOST,SIG_CREATOR,7,45,1,1,0.00021700265305589332
GHOST,SIG_CREATOR,7,46,1,0,0.11229075150702944
GHOST,SIG_CREATOR,7,47,1,1,0.08461950744213337
GHOST,SIG_CREATOR,7,48,1,2,0.09685169729562002
GHOST,SIG_CREATOR,7,49,1,0,0.00032969126595788604
GHOST,SIG_CREATOR,7,50,1,3,0.12223219736288443
GHOST,SIG_CREATOR,7,51,1,3,0.0003296073854893586
GHOST,SIG_CREATOR,7,52,1,3,1.0456858724209351e-05
GHOST,SIG_CREATOR,7,53,1,2,0.005634556232984757
GHOST,SIG_CREATOR,7,54,1,2,0.07174147704205999
GHOST,SIG_CREATOR,7,55,1,0,0.09844540718798105
GHOST,SIG_CREATOR,7,56,1,2,4.018657205108339e-06
GHOST,SIG_CREATOR,7,57,1,2,0.08968670551685354
GHOST,SIG_CREATOR,7,58,1,2,0.11949383327202939
GHOST,SIG_CREATOR,7,59,1,3,0.14738330188895832
GHOST,SIG_CREATOR,7,60,1,3,0.21772020382488072
GHOST,SIG_CREATOR,7,61,1,1,0.2067471441826912
GHOST,SIG_CREATOR,7,62,1,2,0.004745154145522285
GHOST,SIG_CREATOR,7,63,1,1,0.09658195391303104
GHOST,SIG_CREATOR,7,64,1,1,0.14042226803628793
GHOST,SIG_CREATOR,7,65,1,1,0.11731105996854643
GHOST,SIG_CREATOR,7,66,1,3,0.15667516547262542
GHOST,SIG_CREATOR,7,67,1,2,0.2531304879040863
GHOST,SIG_CREATOR,7,68,1,0,0.12160161680524055
GHOST,SIG_CREATOR,7,69,1,1,0.10960608681096701
GHOST,SIG_CREATOR,7,70,1,1,0.13637034454589797
GHOST,SIG_CREATOR,7,71,1,1,0.0811773143655761
GHOST,SIG_CREATOR,7,72,1,2,0.08555767902543061
GHOST,SIG_CREATOR,7,73,1,0,0.10579600614020955
GHOST,SIG_CREATOR,7,74,1,1,0.0033770512406485053
GHOST,SIG_CREATOR,7,75,1,0,0.010889429648425052
GHOST,SIG_CREATOR,7,76,1,2,2.371389084079549e-06
GHOST,SIG_CREATOR,7,77,1,3,0.0003327242987136548
GHOST,SIG_CREATOR,7,78,1,1,0.13054391775814622
GHOST,SIG_CREATOR,7,79,1,2,0.10982543816174992
GHOST,SIG_CREATOR,7,80,1,0,0.013622704350664289
GHOST,SIG_CREATOR,7,81,1,3,0.0864605173312617
GHOST,SIG_CREATOR,7,82,1,3,0.1850504078697828
GHOST,SIG_CREATOR,7,83,1,0,0.00010501794050589536
GHOST,SIG_CREATOR,7,84,1,2,0.00022824762211019414
GHOST,SIG_CREATOR,7,85,1,3,0.13265368155826296
GHOST,SIG_CREATOR,7,86,1,1,0.0003098695967580396
GHOST,SIG_CREATOR,7,87,1,1,0.01466878851542113
GHOST,SIG_CREATOR,7,88,1,0,0.12375990882604143
GHOST,SIG_CREATOR,7,89,1,2,0.2300951163855002
GHOST,SIG_CREATOR,7,90,1,2,0.09108942422198936
GHOST,SIG_CREATOR,7,91,1,2,0.11038791939717411
GHOST,SIG_CREATOR,7,92,1,0,0.00015113932513962763
GHOST,SIG_CREATOR,7,93,1,3,0.10313780826610154
GHOST,SIG_CREATOR,7,94,1,3,0.07760901035656396
GHOST,SIG_CREATOR,7,95,1,3,0.1386074690443649
GHOST,SIG_CREATOR,7,96,1,3,0.01559569330121548
GHOST,SIG_CREATOR,7,97,1,3,0.2954558322980854
GHOST,SIG_CREATOR,7,98,1,0,0.11105947610183362
GHOST,SIG_CREATOR,7,99,1,2,0.10612522325146141
GHOST,SIG_CREATOR,7,100,1,3,0.10513919460483218
GHOST,SIG_CREATOR,7,101,1,0,0.10708829953562435
GHOST,SIG_CREATOR,7,102,1,3,0.09237314122209822
GHOST,SIG_CREATOR,7,103,1,2,0.16060063928701068
GHOST,SIG_CREATOR,7,104,1,1,0.19154089754227913
GHOST,SIG_CREATOR,7,105,1,3,0.006457661946956147
GHOST,SIG_CREATOR,7,106,1,3,0.2696431446475956
GHOST,SIG_CREATOR,7,107,1,2,0.12353480173033285
GHOST,SIG_CREATOR,7,108,1,2,0.00019997013233407658
GHOST,SIG_CREATOR,7,109,1,2,0.01187593166984705
GHOST,SIG_CREATOR,7,110,1,0,0.22779499890822846
GHOST,SIG_CREATOR,7,111,1,2,0.10550742711638968
GHOST,SIG_CREATOR,7,112,1,1,0.14123535533186138
GHOST,SIG_CREATOR,7,113,1,0,0.2468857180537276
GHOST,SIG_CREATOR,7,114,1,0,0.14385189428774622
GHOST,SIG_CREATOR,7,115,1,2,0.11103635021054208
GHOST,SIG_CREATOR,7,116,1,1,0.24359798437558206
GHOST,SIG_CREATOR,7,117,1,0,0.17120100908383218
GHOST,SIG_CREATOR,7,118,1,0,2.561109038713278e-06
GHOST,SIG_CREATOR,7,119,1,0,0.013933287266014848
GHOST,SIG_CREATOR,7,120,1,0,0.015336438919303376
GHOST,SIG_CREATOR,7,121,1,0,0.00033642112601660454
GHOST,SIG_CREATOR,7,122,1,2,0.013521511315410887
GHOST,SIG_CREATOR,7,123,1,0,0.004286408055409236
GHOST,SIG_CREATOR,7,124,1,0,0.0030358944749570792
GHOST,SIG_CREATOR,7,125,1,2,1.3118332562168644e-10
GHOST,SIG_CREATOR,7,126,1,3,0.0075319870889822005
GHOST,SIG_CREATOR,7,127,1,1,0.1051396885993661
GHOST,SIG_CREATOR,7,128,1,3,0.004966603298432319
GHOST,SIG_CREATOR,7,129,1,3,0.003418445326869323
GHOST,SIG_CREATOR,7,130,1,1,0.14586014761879998
GHOST,SIG_CREATOR,7,131,1,3,0.1551133818066167
GHOST,SIG_CREATOR,7,132,1,1,0.07163110919685871
GHOST,SIG_CREATOR,7,133,1,0,0.1072236114891784
GHOST,SIG_CREATOR,7,134,1,2,0.22848319855635552
GHOST,SIG_CREATOR,7,135,1,2,0.14830601638381435
GHOST,SIG_CREATOR,7,136,1,2,0.10223452398018323
GHOST,SIG_CREATOR,7,137,1,2,0.0861237394053088
GHOST,SIG_CREATOR,7,138,1,2,0.11292047575147326
GHOST,SIG_CREATOR,7,139,1,2,0.00623473124779996
GHOST,SIG_CREATOR,7,140,1,0,0.21001719062530627
GHOST,SIG_CREATOR,7,141,1,2,0.2131505241625239
GHOST,SIG_CREATOR,7,142,1,2,0.09152589617169495
GHOST,SIG_CREATOR,7,143,1,0,2.6354224462223755e-06
GHOST,SIG_CREATOR,7,144,1,1,6.239508612057298e-06
GHOST,SIG_CREATOR,7,145,1,2,0.011004969745841503
GHOST,SIG_CREATOR,7,146,1,3,0.09392232145587291
GHOST,SIG_CREATOR,7,147,1,3,0.00015582496733351515
GHOST,SIG_CREATOR,7,148,1,3,0.00430747628595708
GHOST,SIG_CREATOR,7,149,1,1,0.11182361509865234
GHOST,SIG_CREATOR,7,150,1,0,0.0024803491395944325
GHOST,SIG_CREATOR,7,151,1,0,0.004357339224799844
GHOST,SIG_CREATOR,7,152,1,0,0.00015767127384693942
GHOST,SIG_CREATOR,7,153,1,1,0.005059078466133595
GHOST,SIG_CREATOR,7,154,1,0,0.1706488647563375
GHOST,SIG_CREATOR,7,155,1,2,0.1374849192509865
GHOST,SIG_CREATOR,7,156,1,2,0.12238464835142265
GHOST,SIG_CREATOR,7,157,1,0,0.1134915641293684
GHOST,SIG_CREATOR,7,158,1,0,0.011461870245049995
GHOST,SIG_CREATOR,7,159,1,0,0.07548324345137639
GHOST,SIG_CREATOR,7,160,1,3,0.13710041153328698
GHOST,SIG_CREATOR,7,161,1,2,0.006236931086479456
GHOST,SIG_CREATOR,7,162,1,1,0.12820182461243762
GHOST,SIG_CREATOR,7,163,1,3,0.07493986467438503
GHOST,SIG_CREATOR,7,164,1,3,0.09064798869288798
GHOST,SIG_CREATOR,7,165,1,3,0.26075454231778783
GHOST,SIG_CREATOR,7,166,1,2,0.11717687128090973
GHOST,SIG_CREATOR,7,167,1,1,0.07182862694723081
GHOST,SIG_CREATOR,7,168,1,1,0.08885724963520457
GHOST,SIG_CREATOR,7,169,1,3,1.0328880051949372e-07
GHOST,SIG_CREATOR,7,170,1,3,0.2248202455589512
GHOST,SIG_CREATOR,7,171,1,3,0.0043128870178083915
GHOST,SIG_CREATOR,7,172,1,1,0.003914367649110244
GHOST,SIG_CREATOR,7,173,1,2,0.12179176198138948
GHOST,SIG_CREATOR,7,174,1,3,0.00035339246699814253
GHOST,SIG_CREATOR,7,175,1,2,0.09338359281619435
GHOST,SIG_CREATOR,7,176,1,1,0.2268099576806133
GHOST,SIG_CREATOR,7,177,1,3,0.0073047203811766985
GHOST,SIG_CREATOR,7,178,1,2,0.071653375801674
GHOST,SIG_CREATOR,7,179,1,2,0.2785899787593904
GHOST,SIG_CREATOR,7,180,1,3,0.00018215273094182352
GHOST,SIG_CREATOR,7,181,1,2,0.0003009857908022608
GHOST,SIG_CREATOR,7,182,1,0,0.12033513915442268
GHOST,SIG_CREATOR,7,183,1,0,2.47453126136894e-06
GHOST,SIG_CREATOR,7,184,1,3,0.10582524144502226
GHOST,SIG_CREATOR,7,185,1,0,0.06273272301242301
GHOST,SIG_CREATOR,7,186,1,2,0.013272486194653411
GHOST,SIG_CREATOR,7,187,1,3,7.545565603464167e-06
GHOST,SIG_CREATOR,7,188,1,1,6.656333967703738e-06
GHOST,SIG_CREATOR,7,189,1,2,0.0960848207099338
GHOST,SIG_CREATOR,7,190,1,3,0.09212710800947008
GHOST,SIG_CREATOR,7,191,1,1,0.12812147426309042
GHOST,SIG_CREATOR,7,192,1,2,0.12061412506393861
GHOST,SIG_CREATOR,7,193,1,0,0.23843938020630573
GHOST,SIG_CREATOR,7,194,1,3,0.005078506894658848
GHOST,SIG_CREATOR,7,195,1,1,0.0029938708781269436
GHOST,SIG_CREATOR,7,196,1,1,0.17362090226411625
GHOST,SIG_CREATOR,7,197,1,0,0.09064498196510884
GHOST,SIG_CREATOR,7,198,1,0,0.23212766751653352
GHOST,SIG_CREATOR,7,199,1,1,0.07944715849082622
GHOST,SIG_CREATOR,8,0,1,2,0.005230650721581091
GHOST,SIG_CREATOR,8,1,1,3,0.013829936984456895
GHOST,SIG_CREATOR,8,2,1,0,0.003872691849071466
GHOST,SIG_CREATOR,8,3,1,1,0.11271671959776831
GHOST,SIG_CREATOR,8,4,1,3,0.004560774356120012
GHOST,SIG_CREATOR,8,5,1,1,0.13513448486119278
GHOST,SIG_CREATOR,8,6,1,3,0.12917540121630416
GHOST,SIG_CREATOR,8,7,1,3,0.014167314946347095
GHOST,SIG_CREATOR,8,8,1,3,0.0937140637939609
GHOST,SIG_CREATOR,8,9,1,3,0.1275274115926642
GHOST,SIG_CREATOR,8,10,1,3,0.013371612197719328
GHOST,SIG_CREATOR,8,11,1,3,0.13036745812188885
GHOST,SIG_CREATOR,8,12,1,2,0.2179145317552339
GHOST,SIG_CREATOR,8,13,1,2,0.08574635335073723
GHOST,SIG_CREATOR,8,14,1,0,0.07170997734358903
GHOST,SIG_CREATOR,8,15,1,2,0.2681001650209633
GHOST,SIG_CREATOR,8,16,1,0,0.006159087522844423
GHOST,SIG_CREATOR,8,17,1,3,4.676852262341506e-06
GHOST,SIG_CREATOR,8,18,1,2,0.1020056301918658
GHOST,SIG_CREATOR,8,19,1,0,0.0002158953181477787
GHOST,SIG_CREATOR,8,20,1,1,0.07211689231674345
GHOST,SIG_CREATOR,8,21,1,2,0.0029902375596208607
GHOST,SIG_CREATOR,8,22,1,2,0.002759432774540601
GHOST,SIG_CREATOR,8,23,1,0,1.7782391605056092e-06
GHOST,SIG_CREATOR,8,24,1,1,0.11535321664940731
GHOST,SIG_CREATOR,8,25,1,2,0.09399430372530079
GHOST,SIG_CREATOR,8,26,1,3,0.2519448952033998
GHOST,SIG_CREATOR,8,27,1,1,0.016642175476155832
GHOST,SIG_CREATOR,8,28,1,0,0.00011527626258538514
GHOST,SIG_CREATOR,8,29,1,2,0.07804990576468189
GHOST,SIG_CREATOR,8,30,1,2,0.17064417149302857
GHOST,SIG_CREATOR,8,31,1,0,0.14339269671369956
GHOST,SIG_CREATOR,8,32,1,0,0.09018276016055136
GHOST,SIG_CREATOR,8,33,1,0,0.07374505753331059
GHOST,SIG_CREATOR,8,34,1,2,3.959672998636644e-06
GHOST,SIG_CREATOR,8,35,1,1,0.27569001652857983
GHOST,SIG_CREATOR,8,36,1,3,6.309252633753239e-06
GHOST,SIG_CREATOR,8,37,1,0,0.22130778716455302
GHOST,SIG_CREATOR,8,38,1,3,0.16840757297758047
GHOST,SIG_CREATOR,8,39,1,2,0.13337261842916068
GHOST,SIG_CREATOR,8,40,1,0,0.16206593049660087
GHOST,SIG_CREATOR,8,41,1,1,0.09228544180698434
GHOST,SIG_CREATOR,8,42,1,0,0.23346678514764796
GHOST,SIG_CREATOR,8,43,1,3,0.09239083951656818
GHOST,SIG_CREATOR,8,44,1,3,0.13708107113396856
GHOST,SIG_CREATOR,8,45,1,3,0.009889419638842661
GHOST,SIG_CREATOR,8,46,1,0,0.2610188116700107
GHOST,SIG_CREATOR,8,47,1,1,0.10955189254273355
GHOST,SIG_CREATOR,8,48,1,0,0.009469100053008423
GHOST,SIG_CREATOR,8,49,1,2,0.0026102178392670493
GHOST,SIG_CREATOR,8,50,1,2,0.13803377484584875
GHOST,SIG_CREATOR,8,51,1,1,0.00033926603702234305
GHOST,SIG_CREATOR,8,52,1,3,0.106141005022371
GHOST,SIG_CREATOR,8,53,1,2,0.005220092312734542
GHOST,SIG_CREATOR,8,54,1,3,0.250187492850918
GHOST,SIG_CREATOR,8,55,1,1,0.08048307337566571
GHOST,SIG_CREATOR,8,56,1,1,0.0003977750670232823
GHOST,SIG_CREATOR,8,57,1,2,0.0995810784323295
GHOST,SIG_CREATOR,8,58,1,1,0.005153079037005245
GHOST,SIG_CREATOR,8,59,1,1,0.27216395807027943
GHOST,SIG_CREATOR,8,60,1,1,0.0035557211267051836
GHOST,SIG_CREATOR,8,61,1,0,0.08037030217259679
GHOST,SIG_CREATOR,8,62,1,1,0.003981639000275737
GHOST,SIG_CREATOR,8,63,1,2,6.119483860578401e-06
GHOST,SIG_CREATOR,8,64,1,0,0.09733196994177641
GHOST,SIG_CREATOR,8,65,1,3,0.17361734104296228
GHOST,SIG_CREATOR,8,66,1,1,0.11666953688229295
GHOST,SIG_CREATOR,8,67,1,2,0.08113566122564868
GHOST,SIG_CREATOR,8,68,1,2,0.14404124796088139
GHOST,SIG_CREATOR,8,69,1,2,0.1106954830467341
GHOST,SIG_CREATOR,8,70,1,2,7.799701423071438e-08
GHOST,SIG_CREATOR,8,71,1,0,0.00018825094957300675
GHOST,SIG_CREATOR,8,72,1,3,0.00028050030964331613
GHOST,SIG_CREATOR,8,73,1,0,0.15704407204540108
GHOST,SIG_CREATOR,8,74,1,2,0.006161701705064488
GHOST,SIG_CREATOR,8,75,1,1,0.29002411081114954
GHOST,SIG_CREATOR,8,76,1,3,3.418219383283742e-06
GHOST,SIG_CREATOR,8,77,1,1,0.08118740627543822
GHOST,SIG_CREATOR,8,78,1,2,0.08538946437056111
GHOST,SIG_CREATOR,8,79,1,3,0.2691481864890321
GHOST,SIG_CREATOR,8,80,1,2,0.0833113992020493
GHOST,SIG_CREATOR,8,81,1,3,0.2818815975510426
GHOST,SIG_CREATOR,8,82,1,1,0.2725718141952179
GHOST,SIG_CREATOR,8,83,1,3,0.0038049365327870763
GHOST,SIG_CREATOR,8,84,1,2,0.14164108303175227
GHOST,SIG_CREATOR,8,85,1,2,0.05757189412541346
GHOST,SIG_CREATOR,8,86,1,0,0.00014245196652107648
GHOST,SIG_CREATOR,8,87,1,1,0.09593176944272515
GHOST,SIG_CREATOR,8,88,1,0,0.07936256288095153
GHOST,SIG_CREATOR,8,89,1,0,0.13157728239782746
GHOST,SIG_CREATOR,8,90,1,1,0.2334850626306909
GHOST,SIG_CREATOR,8,91,1,2,0.11225173473498021
GHOST,SIG_CREATOR,8,92,1,0,0.19931469961595835
GHOST,SIG_CREATOR,8,93,1,1,0.07849601413498491
GHOST,SIG_CREATOR,8,94,1,0,0.004217298345163175
GHOST,SIG_CREATOR,8,95,1,2,0.2118523879360671
GHOST,SIG_CREATOR,8,96,1,1,0.00023702661211101134
GHOST,SIG_CREATOR,8,97,1,0,0.00028565244222721
GHOST,SIG_CREATOR,8,98,1,2,0.2713084084635473
GHOST,SIG_CREATOR,8,99,1,3,0.2355007570614071
GHOST,SIG_CREATOR,8,100,1,0,0.004454728195021687
GHOST,SIG_CREATOR,8,101,1,3,0.000253119571223339
GHOST,SIG_CREATOR,8,102,1,1,0.21671353951436986
GHOST,SIG_CREATOR,8,103,1,0,0.0054403652329846576
GHOST,SIG_CREATOR,8,104,1,2,0.09875735407916486
GHOST,SIG_CREATOR,8,105,1,2,0.15457008232933223
GHOST,SIG_CREATOR,8,106,1,2,0.0829115365045123
GHOST,SIG_CREATOR,8,107,1,3,0.11910526638730062
GHOST,SIG_CREATOR,8,108,1,3,0.0002570302359099103
GHOST,SIG_CREATOR,8,109,1,3,9.457860301679455e-08
GHOST,SIG_CREATOR,8,110,1,0,0.00017410752235243182
GHOST,SIG_CREATOR,8,111,1,1,0.014008180536441841
GHOST,SIG_CREATOR,8,112,1,3,0.20912248895287933
GHOST,SIG_CREATOR,8,113,1,3,0.12066964883273902
GHOST,SIG_CREATOR,8,114,1,2,0.14257494019471292
GHOST,SIG_CREATOR,8,115,1,2,0.2262740089310388
GHOST,SIG_CREATOR,8,116,1,2,0.2638686883455744
GHOST,SIG_CREATOR,8,117,1,2,0.014414058781038856
GHOST,SIG_CREATOR,8,118,1,2,0.27136082101299325
GHOST,SIG_CREATOR,8,119,1,2,0.0032070397742612355
GHOST,SIG_CREATOR,8,120,1,2,0.13345066852934934
GHOST,SIG_CREATOR,8,121,1,0,0.0002888702641523616
GHOST,SIG_CREATOR,8,122,1,0,0.00018495496963819377
GHOST,SIG_CREATOR,8,123,1,2,0.014542662672367972
GHOST,SIG_CREATOR,8,124,1,2,0.10203382282166058
GHOST,SIG_CREATOR,8,125,1,1,0.06295476086426394
GHOST,SIG_CREATOR,8,126,1,3,0.26188947582987
GHOST,SIG_CREATOR,8,127,1,0,0.013889890638187668
GHOST,SIG_CREATOR,8,128,1,2,0.0002546381917996537
GHOST,SIG_CREATOR,8,129,1,3,0.0002081062543374744
GHOST,SIG_CREATOR,8,130,1,3,0.07149072371766985
GHOST,SIG_CREATOR,8,131,1,3,0.0036791852832349144
GHOST,SIG_CREATOR,8,132,1,0,0.004610908786395507
GHOST,SIG_CREATOR,8,133,1,3,0.10617526015981214
GHOST,SIG_CREATOR,8,134,1,0,0.11417334336565824
GHOST,SIG_CREATOR,8,135,1,3,0.11358659655544882
GHOST,SIG_CREATOR,8,136,1,3,0.004869817979140398
GHOST,SIG_CREATOR,8,137,1,3,0.00015951523692129318
GHOST,SIG_CREATOR,8,138,1,2,0.11668423146268353
GHOST,SIG_CREATOR,8,139,1,2,0.014533467102573125
GHOST,SIG_CREATOR,8,140,1,2,0.17231324021427896
GHOST,SIG_CREATOR,8,141,1,2,0.13763151628600276
GHOST,SIG_CREATOR,8,142,1,2,0.12437714823283759
GHOST,SIG_CREATOR,8,143,1,3,0.1451624327368577
GHOST,SIG_CREATOR,8,144,1,3,0.004996570033239582
GHOST,SIG_CREATOR,8,145,1,0,0.0036639862890921497
GHOST,SIG_CREATOR,8,146,1,2,0.00032383330880381925
GHOST,SIG_CREATOR,8,147,1,3,0.005061169228417391
GHOST,SIG_CREATOR,8,148,1,0,0.11384378637850527
GHOST,SIG_CREATOR,8,149,1,3,0.13675276548392332
GHOST,SIG_CREATOR,8,150,1,0,0.17229081020622583
GHOST,SIG_CREATOR,8,151,1,2,0.09575827528157851
GHOST,SIG_CREATOR,8,152,1,0,0.12413793877055473
GHOST,SIG_CREATOR,8,153,1,0,9.077194043638811e-08
GHOST,SIG_CREATOR,8,154,1,2,0.004494502334253628
GHOST,SIG_CREATOR,8,155,1,3,0.00033834327560167116
GHOST,SIG_CREATOR,8,156,1,2,0.12045990138621568
GHOST,SIG_CREATOR,8,157,1,2,0.013018965131854299
GHOST,SIG_CREATOR,8,158,1,0,3.244759957035719e-06
GHOST,SIG_CREATOR,8,159,1,1,0.0046653780573453485
GHOST,SIG_CREATOR,8,160,1,3,0.17013310602209897
GHOST,SIG_CREATOR,8,161,1,2,0.14361288861249658
GHOST,SIG_CREATOR,8,162,1,1,0.1930981306821774
GHOST,SIG_CREATOR,8,163,1,1,0.10293469230316753
GHOST,SIG_CREATOR,8,164,1,1,0.00014021123393315407
GHOST,SIG_CREATOR,8,165,1,1,0.10441719238994841
GHOST,SIG_CREATOR,8,166,1,2,0.0002646255823974655
GHOST,SIG_CREATOR,8,167,1,3,0.26842270730717877
GHOST,SIG_CREATOR,8,168,1,0,0.002987556249246075
GHOST,SIG_CREATOR,8,169,1,2,0.11255624476598194
GHOST,SIG_CREATOR,8,170,1,0,0.13046199325306618
GHOST,SIG_CREATOR,8,171,1,3,0.15041758002150776
GHOST,SIG_CREATOR,8,172,1,3,0.012579676318365655
GHOST,SIG_CREATOR,8,173,1,0,0.008846998328761376
GHOST,SIG_CREATOR,8,174,1,1,0.016669389108840135
GHOST,SIG_CREATOR,8,175,1,3,0.10406607677509071
GHOST,SIG_CREATOR,8,176,1,0,0.08269107343078164
GHOST,SIG_CREATOR,8,177,1,0,0.000186637804864654
GHOST,SIG_CREATOR,8,178,1,2,0.1112401815926417
GHOST,SIG_CREATOR,8,179,1,1,0.14234198486893246
GHOST,SIG_CREATOR,8,180,1,3,0.10440763488319278
GHOST,SIG_CREATOR,8,181,1,2,0.10848426016109067
GHOST,SIG_CREATOR,8,182,1,0,0.08221469590519202
GHOST,SIG_CREATOR,8,183,1,0,0.19154022348404356
GHOST,SIG_CREATOR,8,184,1,3,0.00033827125477139394
GHOST,SIG_CREATOR,8,185,1,1,0.14927539895972416
GHOST,SIG_CREATOR,8,186,1,1,0.00018656540419542076
GHOST,SIG_CREATOR,8,187,1,2,0.005184902423040068
GHOST,SIG_CREATOR,8,188,1,2,0.10094556813776223
GHOST,SIG_CREATOR,8,189,1,0,0.14015938378147158
GHOST,SIG_CREATOR,8,190,1,0,6.970722649764004e-08
GHOST,SIG_CREATOR,8,191,1,1,0.09488348531108823
GHOST,SIG_CREATOR,8,192,1,1,0.1469191264058917
GHOST,SIG_CREATOR,8,193,1,3,0.2207574584779852
GHOST,SIG_CREATOR,8,194,1,0,0.013595770023222943
GHOST,SIG_CREATOR,8,195,1,0,0.11745688509476748
GHOST,SIG_CREATOR,8,196,1,3,4.3645316946311855e-06
GHOST,SIG_CREATOR,8,197,1,0,0.19397611072714926
GHOST,SIG_CREATOR,8,198,1,3,0.10118729082892777
GHOST,SIG_CREATOR,8,199,1,1,0.20204631073958818
GHOST,SIG_CREATOR,9,0,1,1,0.11895058736450909
GHOST,SIG_CREATOR,9,1,1,3,0.12360660809559842
GHOST,SIG_CREATOR,9,2,1,0,0.11788468486737574
GHOST,SIG_CREATOR,9,3,1,1,0.01459243538317401
GHOST,SIG_CREATOR,9,4,1,0,0.08545821640570815
GHOST,SIG_CREATOR,9,5,1,2,0.15186171543410415
GHOST,SIG_CREATOR,9,6,1,2,0.0037678571410971907
GHOST,SIG_CREATOR,9,7,1,2,0.0029019880912990116
GHOST,SIG_CREATOR,9,8,1,2,4.341084448893503e-06
GHOST,SIG_CREATOR,9,9,1,3,0.14928295100195604
GHOST,SIG_CREATOR,9,10,1,1,5.801429832631963e-06
GHOST,SIG_CREATOR,9,11,1,1,0.0003112286793038841
GHOST,SIG_CREATOR,9,12,1,2,0.10900848641047445
GHOST,SIG_CREATOR,9,13,1,2,0.15420016519517432
GHOST,SIG_CREATOR,9,14,1,0,0.09681986570489998
GHOST,SIG_CREATOR,9,15,1,0,0.10609276060773597
GHOST,SIG_CREATOR,9,16,1,2,0.07780263454811659
GHOST,SIG_CREATOR,9,17,1,3,0.15420547199412354
GHOST,SIG_CREATOR,9,18,1,2,0.10102024612415418
GHOST,SIG_CREATOR,9,19,1,1,0.10996098901566563
GHOST,SIG_CREATOR,9,20,1,2,0.00033017854688074597
GHOST,SIG_CREATOR,9,21,1,0,0.004096689665187984
GHOST,SIG_CREATOR,9,22,1,1,0.01242826340929537
GHOST,SIG_CREATOR,9,23,1,0,0.2723479208990094
GHOST,SIG_CREATOR,9,24,1,1,7.2386141363748985e-06
GHOST,SIG_CREATOR,9,25,1,2,0.09125885079041499
GHOST,SIG_CREATOR,9,26,1,0,0.06304686306371302
GHOST,SIG_CREATOR,9,27,1,0,0.00029989939220825216
GHOST,SIG_CREATOR,9,28,1,0,0.00014831044477934283
GHOST,SIG_CREATOR,9,29,1,0,0.20485916163057175
GHOST,SIG_CREATOR,9,30,1,3,0.14706153030063218
GHOST,SIG_CREATOR,9,31,1,1,0.01634984789868498
GHOST,SIG_CREATOR,9,32,1,2,9.404884659065706e-06
GHOST,SIG_CREATOR,9,33,1,2,0.00018421409242760787
GHOST,SIG_CREATOR,9,34,1,2,0.09330751446976836
GHOST,SIG_CREATOR,9,35,1,3,0.004715913212594669
GHOST,SIG_CREATOR,9,36,1,2,0.07493369889892917
GHOST,SIG_CREATOR,9,37,1,2,0.2592732691605926
GHOST,SIG_CREATOR,9,38,1,2,0.26631745386798633
GHOST,SIG_CREATOR,9,39,1,1,0.00415440429840866
GHOST,SIG_CREATOR,9,40,1,1,0.005056543034583346
GHOST,SIG_CREATOR,9,41,1,1,0.251235526770013
GHOST,SIG_CREATOR,9,42,1,0,0.11259911453373601
GHOST,SIG_CREATOR,9,43,1,3,0.23853342070681682
GHOST,SIG_CREATOR,9,44,1,1,0.20015922124877197
GHOST,SIG_CREATOR,9,45,1,2,0.15961381794935736
GHOST,SIG_CREATOR,9,46,1,1,0.0028519722726871037
GHOST,SIG_CREATOR,9,47,1,1,0.12441256636634955
GHOST,SIG_CREATOR,9,48,1,1,0.09204960279159065
GHOST,SIG_CREATOR,9,49,1,0,0.003992787684896741
GHOST,SIG_CREATOR,9,50,1,3,0.07886681862585924
GHOST,SIG_CREATOR,9,51,1,1,0.1280728496754639
GHOST,SIG_CREATOR,9,52,1,2,9.357845171908518e-06
GHOST,SIG_CREATOR,9,53,1,0,0.3023607304960778
GHOST,SIG_CREATOR,9,54,1,0,0.08634648636051181
GHOST,SIG_CREATOR,9,55,1,1,0.09938689422822031
GHOST,SIG_CREATOR,9,56,1,1,0.1223183748070844
GHOST,SIG_CREATOR,9,57,1,2,0.14370014865905528
GHOST,SIG_CREATOR,9,58,1,1,0.14885930924061494
GHOST,SIG_CREATOR,9,59,1,3,0.01095770566717049
GHOST,SIG_CREATOR,9,60,1,3,0.1527596814572302
GHOST,SIG_CREATOR,9,61,1,0,0.13092077876995262
GHOST,SIG_CREATOR,9,62,1,3,0.09557894032965535
GHOST,SIG_CREATOR,9,63,1,1,0.17195948458237564
GHOST,SIG_CREATOR,9,64,1,0,0.01334632657035161
GHOST,SIG_CREATOR,9,65,1,1,0.1789730526491074
GHOST,SIG_CREATOR,9,66,1,0,0.24111196886734304
GHOST,SIG_CREATOR,9,67,1,2,0.0003555926798166694
GHOST,SIG_CREATOR,9,68,1,1,0.0003754458789592623
GHOST,SIG_CREATOR,9,69,1,3,0.19401723498700568
GHOST,SIG_CREATOR,9,70,1,2,0.09617922380835262
GHOST,SIG_CREATOR,9,71,1,2,0.0004085826006216013
GHOST,SIG_CREATOR,9,72,1,1,0.00431183202794368
GHOST,SIG_CREATOR,9,73,1,1,0.09429418720234366
GHOST,SIG_CREATOR,9,74,1,3,0.07299183006987499
GHOST,SIG_CREATOR,9,75,1,0,0.13786454180480914
GHOST,SIG_CREATOR,9,76,1,2,0.1127451628153629
GHOST,SIG_CREATOR,9,77,1,2,0.0844240286820534
GHOST,SIG_CREATOR,9,78,1,3,0.19993106514269915
GHOST,SIG_CREATOR,9,79,1,2,0.09477608619826479
GHOST,SIG_CREATOR,9,80,1,0,0.1074931937406568
GHOST,SIG_CREATOR,9,81,1,3,2.988559101564549e-06
GHOST,SIG_CREATOR,9,82,1,1,0.014318588863332406
GHOST,SIG_CREATOR,9,83,1,3,0.23408807794364395
GHOST,SIG_CREATOR,9,84,1,0,0.1076002417760276
GHOST,SIG_CREATOR,9,85,1,2,0.11383937517324896
GHOST,SIG_CREATOR,9,86,1,1,0.16069866533322982
GHOST,SIG_CREATOR,9,87,1,3,0.0033545448274597254
GHOST,SIG_CREATOR,9,88,1,3,0.0037282261219168836
GHOST,SIG_CREATOR,9,89,1,1,0.006703708302266617
GHOST,SIG_CREATOR,9,90,1,3,0.00019249676737050642
GHOST,SIG_CREATOR,9,91,1,2,0.0065813298913009076
GHOST,SIG_CREATOR,9,92,1,0,0.17632846017246329
GHOST,SIG_CREATOR,9,93,1,3,0.17747037412951375
GHOST,SIG_CREATOR,9,94,1,2,0.0003315150459173554
GHOST,SIG_CREATOR,9,95,1,1,0.009870234410927901
GHOST,SIG_CREATOR,9,96,1,0,0.1210308602779759
GHOST,SIG_CREATOR,9,97,1,0,0.15199020945605377
GHOST,SIG_CREATOR,9,98,1,2,0.014183492697685072
GHOST,SIG_CREATOR,9,99,1,0,0.09301960466391122
GHOST,SIG_CREATOR,9,100,1,2,0.00018345330852537477
GHOST,SIG_CREATOR,9,101,1,3,0.10637519942068713
GHOST,SIG_CREATOR,9,102,1,1,0.08179589009363347
GHOST,SIG_CREATOR,9,103,1,0,0.11378895823803584
GHOST,SIG_CREATOR,9,104,1,1,1.597658768973911e-07
GHOST,SIG_CREATOR,9,105,1,1,0.19393812867298882
GHOST,SIG_CREATOR,9,106,1,1,0.08219679347208726
GHOST,SIG_CREATOR,9,107,1,1,0.19882757666255124
GHOST,SIG_CREATOR,9,108,1,0,0.11414978419702121
GHOST,SIG_CREATOR,9,109,1,1,0.2676689213750662
GHOST,SIG_CREATOR,9,110,1,3,0.0035785031001351027
GHOST,SIG_CREATOR,9,111,1,3,0.08798865840310857
GHOST,SIG_CREATOR,9,112,1,0,0.10433314919829563
GHOST,SIG_CREATOR,9,113,1,1,0.10812327113417786
GHOST,SIG_CREATOR,9,114,1,3,0.0031901251494153298
GHOST,SIG_CREATOR,9,115,1,2,0.0003262479689319021
GHOST,SIG_CREATOR,9,116,1,1,0.08124565469024204
GHOST,SIG_CREATOR,9,117,1,0,0.11171772884770403
GHOST,SIG_CREATOR,9,118,1,3,2.6341589717275425e-06
GHOST,SIG_CREATOR,9,119,1,0,0.16002989910596394
GHOST,SIG_CREATOR,9,120,1,0,0.12694570993078197
GHOST,SIG_CREATOR,9,121,1,0,0.14027071806294056
GHOST,SIG_CREATOR,9,122,1,1,0.14001661882019184
GHOST,SIG_CREATOR,9,123,1,3,0.004956441000147751
GHOST,SIG_CREATOR,9,124,1,2,0.0878071697732617
GHOST,SIG_CREATOR,9,125,1,1,0.010866717292039241
GHOST,SIG_CREATOR,9,126,1,1,0.11671436721029758
GHOST,SIG_CREATOR,9,127,1,0,0.11244211975281754
GHOST,SIG_CREATOR,9,128,1,2,0.21961101353745968
GHOST,SIG_CREATOR,9,129,1,2,0.009231990192323302
GHOST,SIG_CREATOR,9,130,1,3,3.4314568177769728e-06
GHOST,SIG_CREATOR,9,131,1,2,0.1208139245888259
GHOST,SIG_CREATOR,9,132,1,0,0.004536801873672846
GHOST,SIG_CREATOR,9,133,1,2,0.25451688499456343
GHOST,SIG_CREATOR,9,134,1,2,0.1224009752501909
GHOST,SIG_CREATOR,9,135,1,1,0.21313233503653473
GHOST,SIG_CREATOR,9,136,1,3,0.11010457800127721
GHOST,SIG_CREATOR,9,137,1,1,0.11414338813971248
GHOST,SIG_CREATOR,9,138,1,1,0.2110332485028702
GHOST,SIG_CREATOR,9,139,1,2,0.13143732049132897
GHOST,SIG_CREATOR,9,140,1,2,0.00020993143313675935
GHOST,SIG_CREATOR,9,141,1,3,0.00021145655058696638
GHOST,SIG_CREATOR,9,142,1,0,0.10417760148083224
GHOST,SIG_CREATOR,9,143,1,2,0.00028593283355058503
GHOST,SIG_CREATOR,9,144,1,3,0.08382941422003602
GHOST,SIG_CREATOR,9,145,1,0,0.113110086692775
GHOST,SIG_CREATOR,9,146,1,2,0.013236917757810492
GHOST,SIG_CREATOR,9,147,1,2,0.1996568944710728
GHOST,SIG_CREATOR,9,148,1,0,0.2661647345529323
GHOST,SIG_CREATOR,9,149,1,3,0.0030709036772875453
GHOST,SIG_CREATOR,9,150,1,3,0.14135850097361305
GHOST,SIG_CREATOR,9,151,1,1,0.11140682667086785
GHOST,SIG_CREATOR,9,152,1,3,0.09174330719566254
GHOST,SIG_CREATOR,9,153,1,3,0.09516394621972651
GHOST,SIG_CREATOR,9,154,1,0,0.23962466072739796
GHOST,SIG_CREATOR,9,155,1,1,0.00024301644930943745
GHOST,SIG_CREATOR,9,156,1,3,0.006749141545955234
GHOST,SIG_CREATOR,9,157,1,2,0.10287464315162793
GHOST,SIG_CREATOR,9,158,1,3,0.20346557298598672
GHOST,SIG_CREATOR,9,159,1,0,0.0003619898136836252
GHOST,SIG_CREATOR,9,160,1,1,0.004612233082375914
GHOST,SIG_CREATOR,9,161,1,3,0.18954552520466084
GHOST,SIG_CREATOR,9,162,1,1,0.00011469733418201826
GHOST,SIG_CREATOR,9,163,1,2,4.382281477518169e-06
GHOST,SIG_CREATOR,9,164,1,1,0.15455330614498675
GHOST,SIG_CREATOR,9,165,1,2,0.14821030141467867
GHOST,SIG_CREATOR,9,166,1,3,0.16006711888755576
GHOST,SIG_CREATOR,9,167,1,2,0.004500331534316157
GHOST,SIG_CREATOR,9,168,1,2,0.011013214709813736
GHOST,SIG_CREATOR,9,169,1,1,0.15627110653723186
GHOST,SIG_CREATOR,9,170,1,3,0.14269623077783838
GHOST,SIG_CREATOR,9,171,1,1,0.000325200959916829
GHOST,SIG_CREATOR,9,172,1,1,0.09965664796775617
GHOST,SIG_CREATOR,9,173,1,1,0.11803825947084902
GHOST,SIG_CREATOR,9,174,1,3,0.15143018337617753
GHOST,SIG_CREATOR,9,175,1,3,0.17830138475906068
GHOST,SIG_CREATOR,9,176,1,1,7.02287433780981e-06
GHOST,SIG_CREATOR,9,177,1,3,0.2740910993153123
GHOST,SIG_CREATOR,9,178,1,0,0.0064420719037905265
GHOST,SIG_CREATOR,9,179,1,3,1.0610505961012565e-07
GHOST,SIG_CREATOR,9,180,1,0,0.13399136455378252
GHOST,SIG_CREATOR,9,181,1,3,0.10128173371276224
GHOST,SIG_CREATOR,9,182,1,3,6.902892300307763e-06
GHOST,SIG_CREATOR,9,183,1,0,0.12659091373753734
GHOST,SIG_CREATOR,9,184,1,3,0.11802886259230597
GHOST,SIG_CREATOR,9,185,1,1,0.0034731078768322605
GHOST,SIG_CREATOR,9,186,1,3,0.08724809090182045
GHOST,SIG_CREATOR,9,187,1,2,0.2500341695884351
GHOST,SIG_CREATOR,9,188,1,0,0.13779734041526384
GHOST,SIG_CREATOR,9,189,1,3,5.432678498800253e-06
GHOST,SIG_CREATOR,9,190,1,2,0.13479330416354082
GHOST,SIG_CREATOR,9,191,1,1,0.0028604319922230937
GHOST,SIG_CREATOR,9,192,1,0,0.10666777704196669
GHOST,SIG_CREATOR,9,193,1,3,0.00267367834289725
GHOST,SIG_CREATOR,9,194,1,1,0.13232587443336707
GHOST,SIG_CREATOR,9,195,1,3,0.08067502993498371
GHOST,SIG_CREATOR,9,196,1,2,9.724316778845482e-06
GHOST,SIG_CREATOR,9,197,1,1,0.00030115960138007004
GHOST,SIG_CREATOR,9,198,1,0,0.1270032508891184
GHOST,SIG_CREATOR,9,199,1,3,0.09002695114839893
GHOST,SIG_CREATOR,10,0,1,0,0.11659682599388484
GHOST,SIG_CREATOR,10,1,1,1,0.10409209307838191
GHOST,SIG_CREATOR,10,2,1,0,0.209503008268632
GHOST,SIG_CREATOR,10,3,1,1,0.012602055505455487
GHOST,SIG_CREATOR,10,4,1,1,0.004809798063757505
GHOST,SIG_CREATOR,10,5,1,0,0.09370555522645008
GHOST,SIG_CREATOR,10,6,1,0,4.175546763187848e-06
GHOST,SIG_CREATOR,10,7,1,0,0.011909900222846707
GHOST,SIG_CREATOR,10,8,1,1,0.00021216832191139098
GHOST,SIG_CREATOR,10,9,1,3,0.1948075465995208
GHOST,SIG_CREATOR,10,10,1,0,0.09271936994995708
GHOST,SIG_CREATOR,10,11,1,0,0.004796343155503789
GHOST,SIG_CREATOR,10,12,1,1,0.10895456442344076
GHOST,SIG_CREATOR,10,13,1,1,3.626176725902249e-06
GHOST,SIG_CREATOR,10,14,1,3,0.2618327511528892
GHOST,SIG_CREATOR,10,15,1,3,0.11607215605759243
GHOST,SIG_CREATOR,10,16,1,3,0.1268511532562242
GHOST,SIG_CREATOR,10,17,1,3,0.11931499966791231
GHOST,SIG_CREATOR,10,18,1,1,0.2892395349411186
GHOST,SIG_CREATOR,10,19,1,0,0.09645169122110839
GHOST,SIG_CREATOR,10,20,1,0,0.08745796894135781
GHOST,SIG_CREATOR,10,21,1,3,0.13185010473344025
GHOST,SIG_CREATOR,10,22,1,1,0.12171885802324973
GHOST,SIG_CREATOR,10,23,1,3,0.26682385221112476
GHOST,SIG_CREATOR,10,24,1,3,0.0027685329110316344
GHOST,SIG_CREATOR,10,25,1,3,0.003131478145592658
GHOST,SIG_CREATOR,10,26,1,1,0.11743458434832647
GHOST,SIG_CREATOR,10,27,1,1,0.00361091655986292
GHOST,SIG_CREATOR,10,28,1,0,0.0002844673192329714
GHOST,SIG_CREATOR,10,29,1,3,0.16021485812525033
GHOST,SIG_CREATOR,10,30,1,1,0.002593555227081756
GHOST,SIG_CREATOR,10,31,1,1,0.0029755502756569066
GHOST,SIG_CREATOR,10,32,1,3,0.00023159837048192553
GHOST,SIG_CREATOR,10,33,1,1,0.227259803860219
GHOST,SIG_CREATOR,10,34,1,2,0.2143924450273471
GHOST,SIG_CREATOR,10,35,1,1,0.0002150438397870095
GHOST,SIG_CREATOR,10,36,1,2,0.12260612123596666
GHOST,SIG_CREATOR,10,37,1,2,0.2531790400905132
GHOST,SIG_CREATOR,10,38,1,2,0.21577437325707016
GHOST,SIG_CREATOR,10,39,1,2,0.003092432843895548
GHOST,SIG_CREATOR,10,40,1,1,0.13696248620066656
GHOST,SIG_CREATOR,10,41,1,1,0.004623385457061447
GHOST,SIG_CREATOR,10,42,1,3,0.007491608806046524
GHOST,SIG_CREATOR,10,43,1,2,0.15489904028268828
GHOST,SIG_CREATOR,10,44,1,0,0.0060073140537805925
GHOST,SIG_CREATOR,10,45,1,3,0.002380671567503989
GHOST,SIG_CREATOR,10,46,1,3,0.13440115986701512
GHOST,SIG_CREATOR,10,47,1,3,0.20269176977105044
GHOST,SIG_CREATOR,10,48,1,2,1.0576321949110912e-05
GHOST,SIG_CREATOR,10,49,1,2,0.0046058398053079675
GHOST,SIG_CREATOR,10,50,1,0,0.10082054850707058
GHOST,SIG_CREATOR,10,51,1,3,3.9473649147919674e-06
GHOST,SIG_CREATOR,10,52,1,0,0.07176643246262392
GHOST,SIG_CREATOR,10,53,1,0,0.013515977643717078
GHOST,SIG_CREATOR,10,54,1,2,0.00023911711015824603
GHOST,SIG_CREATOR,10,55,1,3,0.10322018454562533
GHOST,SIG_CREATOR,10,56,1,3,4.250831889072201e-06
GHOST,SIG_CREATOR,10,57,1,3,0.013630210485796497
GHOST,SIG_CREATOR,10,58,1,2,0.01337516356158474
GHOST,SIG_CREATOR,10,59,1,0,0.08299469835448388
GHOST,SIG_CREATOR,10,60,1,2,4.0587730568221874e-06
GHOST,SIG_CREATOR,10,61,1,2,0.00026134071138334285
GHOST,SIG_CREATOR,10,62,1,0,0.1224331162983935
GHOST,SIG_CREATOR,10,63,1,3,0.2496383652988032
GHOST,SIG_CREATOR,10,64,1,1,0.0059437835932298205
GHOST,SIG_CREATOR,10,65,1,2,0.08746732397816638
GHOST,SIG_CREATOR,10,66,1,0,0.0031475080557535344
GHOST,SIG_CREATOR,10,67,1,2,0.012247865647046306
GHOST,SIG_CREATOR,10,68,1,2,0.003553772145569861
GHOST,SIG_CREATOR,10,69,1,3,0.00033528625728579473
GHOST,SIG_CREATOR,10,70,1,3,0.11517679019207158
GHOST,SIG_CREATOR,10,71,1,3,0.07750114500657512
GHOST,SIG_CREATOR,10,72,1,2,0.12382535236713213
GHOST,SIG_CREATOR,10,73,1,3,0.0068876158364131095
GHOST,SIG_CREATOR,10,74,1,2,0.00021642455737449237
GHOST,SIG_CREATOR,10,75,1,1,0.007262234167275917
GHOST,SIG_CREATOR,10,76,1,1,0.0783659968387469
GHOST,SIG_CREATOR,10,77,1,0,0.12180076843356048
GHOST,SIG_CREATOR,10,78,1,0,0.11387145053376083
GHOST,SIG_CREATOR,10,79,1,2,0.28076544975991646
GHOST,SIG_CREATOR,10,80,1,3,0.17121521484015134
GHOST,SIG_CREATOR,10,81,1,3,0.0002420502193666498
GHOST,SIG_CREATOR,10,82,1,3,3.0850480199215116e-06
GHOST,SIG_CREATOR,10,83,1,2,0.0003058414103010546
GHOST,SIG_CREATOR,10,84,1,0,0.09165235050427704
GHOST,SIG_CREATOR,10,85,1,3,0.07181940728544073
GHOST,SIG_CREATOR,10,86,1,1,0.003852139838437397
GHOST,SIG_CREATOR,10,87,1,3,0.0994471346076041
GHOST,SIG_CREATOR,10,88,1,3,0.126747529505811
GHOST,SIG_CREATOR,10,89,1,3,0.15435676620952993
GHOST,SIG_CREATOR,10,90,1,1,0.00013272208867542645
GHOST,SIG_CREATOR,10,91,1,0,0.0038052332453583047
GHOST,SIG_CREATOR,10,92,1,3,0.00025048110125918993
GHOST,SIG_CREATOR,10,93,1,2,0.0032239699519895273
GHOST,SIG_CREATOR,10,94,1,0,0.14287887732433496
GHOST,SIG_CREATOR,10,95,1,0,5.057448789924822e-06
GHOST,SIG_CREATOR,10,96,1,1,0.005000947465175628
GHOST,SIG_CREATOR,10,97,1,0,0.09803892523420515
GHOST,SIG_CREATOR,10,98,1,0,0.0032594563958425913
GHOST,SIG_CREATOR,10,99,1,0,0.07701673942007908
GHOST,SIG_CREATOR,10,100,1,0,0.1123039315498616
GHOST,SIG_CREATOR,10,101,1,2,0.15246233373344567
GHOST,SIG_CREATOR,10,102,1,2,0.0049184568646361785
GHOST,SIG_CREATOR,10,103,1,3,0.11069299433463523
GHOST,SIG_CREATOR,10,104,1,2,0.013877621211700684
GHOST,SIG_CREATOR,10,105,1,3,0.00015814903002741716
GHOST,SIG_CREATOR,10,106,1,2,0.09776304138975989
GHOST,SIG_CREATOR,10,107,1,2,0.00020047823824549348
GHOST,SIG_CREATOR,10,108,1,1,0.13635456065095247
GHOST,SIG_CREATOR,10,109,1,2,0.10562576846919193
GHOST,SIG_CREATOR,10,110,1,1,0.003606336850032746
GHOST,SIG_CREATOR,10,111,1,2,5.430854070964064e-06
GHOST,SIG_CREATOR,10,112,1,3,0.2596480423547796
GHOST,SIG_CREATOR,10,113,1,1,0.004953402976025932
GHOST,SIG_CREATOR,10,114,1,3,0.0002231513328438991
GHOST,SIG_CREATOR,10,115,1,2,0.09648053048018015
GHOST,SIG_CREATOR,10,116,1,1,0.15198506205076284
GHOST,SIG_CREATOR,10,117,1,2,2.1769793093618096e-06
GHOST,SIG_CREATOR,10,118,1,3,0.0042605639788549894
GHOST,SIG_CREATOR,10,119,1,0,0.06711141013969903
GHOST,SIG_CREATOR,10,120,1,3,0.18167873995883327
GHOST,SIG_CREATOR,10,121,1,1,0.1253535024742636
GHOST,SIG_CREATOR,10,122,1,3,0.15519566119446107
GHOST,SIG_CREATOR,10,123,1,3,0.0956322245787378
GHOST,SIG_CREATOR,10,124,1,0,0.00023925389586717405
GHOST,SIG_CREATOR,10,125,1,1,0.1744066595582401
GHOST,SIG_CREATOR,10,126,1,0,0.01316944629481278
GHOST,SIG_CREATOR,10,127,1,1,0.00027289491896951526
GHOST,SIG_CREATOR,10,128,1,0,0.1195432165886125
GHOST,SIG_CREATOR,10,129,1,3,0.005157745100924794
GHOST,SIG_CREATOR,10,130,1,2,0.13714636475149844
GHOST,SIG_CREATOR,10,131,1,0,0.22139815999399742
GHOST,SIG_CREATOR,10,132,1,1,0.14260845220801122
GHOST,SIG_CREATOR,10,133,1,2,0.12347732432375828
GHOST,SIG_CREATOR,10,134,1,2,0.13707068219005436
GHOST,SIG_CREATOR,10,135,1,0,1.141598168670226e-07
GHOST,SIG_CREATOR,10,136,1,3,0.0002154153046420229
GHOST,SIG_CREATOR,10,137,1,1,0.015089527037533102
GHOST,SIG_CREATOR,10,138,1,2,0.06451990363766266
GHOST,SIG_CREATOR,10,139,1,2,0.007044169798064908
GHOST,SIG_CREATOR,10,140,1,1,0.2535094976740961
GHOST,SIG_CREATOR,10,141,1,2,0.13989330484105514
GHOST,SIG_CREATOR,10,142,1,1,0.07329100218645421
GHOST,SIG_CREATOR,10,143,1,1,0.0002948474683450104
GHOST,SIG_CREATOR,10,144,1,2,0.12527761094998752
GHOST,SIG_CREATOR,10,145,1,3,3.3810535776131254e-06
GHOST,SIG_CREATOR,10,146,1,3,0.07685219892667292
GHOST,SIG_CREATOR,10,147,1,2,0.0001834220033180319
GHOST,SIG_CREATOR,10,148,1,0,0.005333926151651597
GHOST,SIG_CREATOR,10,149,1,1,0.2658991129302452
GHOST,SIG_CREATOR,10,150,1,3,0.0046120891115718704
GHOST,SIG_CREATOR,10,151,1,1,0.11149899242862608
GHOST,SIG_CREATOR,10,152,1,3,0.14303092288283603
GHOST,SIG_CREATOR,10,153,1,3,0.09174376651626868
GHOST,SIG_CREATOR,10,154,1,2,0.00027683527153009687
GHOST,SIG_CREATOR,10,155,1,1,0.016715345699955808
GHOST,SIG_CREATOR,10,156,1,3,0.01568882986041729
GHOST,SIG_CREATOR,10,157,1,3,0.00783198425955114
GHOST,SIG_CREATOR,10,158,1,0,0.00023286021377751733
GHOST,SIG_CREATOR,10,159,1,0,0.11769583511205947
GHOST,SIG_CREATOR,10,160,1,1,0.00013359386649458566
GHOST,SIG_CREATOR,10,161,1,1,0.1093133749189266
GHOST,SIG_CREATOR,10,162,1,2,0.08549808651367158
GHOST,SIG_CREATOR,10,163,1,3,0.08512102788452401
GHOST,SIG_CREATOR,10,164,1,1,0.07596646375542214
GHOST,SIG_CREATOR,10,165,1,0,0.00012774639639554053
GHOST,SIG_CREATOR,10,166,1,3,0.09368277935345945
GHOST,SIG_CREATOR,10,167,1,1,3.72155024873521e-06
GHOST,SIG_CREATOR,10,168,1,1,0.18711708119123205
GHOST,SIG_CREATOR,10,169,1,2,0.06948924806891638
GHOST,SIG_CREATOR,10,170,1,2,0.12576043881110496
GHOST,SIG_CREATOR,10,171,1,1,0.10818503188901069
GHOST,SIG_CREATOR,10,172,1,0,0.20722983293902414
GHOST,SIG_CREATOR,10,173,1,3,0.07992210191679333
GHOST,SIG_CREATOR,10,174,1,2,8.777987816032077e-06
GHOST,SIG_CREATOR,10,175,1,3,0.09003337273969005
GHOST,SIG_CREATOR,10,176,1,0,0.00014946037119237932
GHOST,SIG_CREATOR,10,177,1,1,0.12307015679202307
GHOST,SIG_CREATOR,10,178,1,3,0.09852937575460308
GHOST,SIG_CREATOR,10,179,1,0,0.0002952169521615766
GHOST,SIG_CREATOR,10,180,1,0,0.004025819637338658
GHOST,SIG_CREATOR,10,181,1,0,0.0002862836946776588
GHOST,SIG_CREATOR,10,182,1,3,2.639613478954071e-06
GHOST,SIG_CREATOR,10,183,1,1,0.1289896699366458
GHOST,SIG_CREATOR,10,184,1,1,3.90608731326571e-06
GHOST,SIG_CREATOR,10,185,1,1,0.0002246854296511293
GHOST,SIG_CREATOR,10,186,1,2,4.892117307734626e-06
GHOST,SIG_CREATOR,10,187,1,0,0.11181213057373585
GHOST,SIG_CREATOR,10,188,1,2,5.435355376187658e-06
GHOST,SIG_CREATOR,10,189,1,1,0.1649046782623829
GHOST,SIG_CREATOR,10,190,1,2,0.0784763563121608
GHOST,SIG_CREATOR,10,191,1,1,0.1618349447858307
GHOST,SIG_CREATOR,10,192,1,2,0.004318198924804775
GHOST,SIG_CREATOR,10,193,1,0,0.008083253551308036
GHOST,SIG_CREATOR,10,194,1,3,0.013144649381759303
GHOST,SIG_CREATOR,10,195,1,0,0.00978536718789905
GHOST,SIG_CREATOR,10,196,1,3,0.09597129450403649
GHOST,SIG_CREATOR,10,197,1,0,0.0003088313623733412
GHOST,SIG_CREATOR,10,198,1,1,0.007424618336741581
GHOST,SIG_CREATOR,10,199,1,2,0.18811866158802004
GHOST,SIG_CREATOR,11,0,1,2,0.1281879480310255
GHOST,SIG_CREATOR,11,1,1,2,0.08028749147061166
GHOST,SIG_CREATOR,11,2,1,3,0.00024647622398117684
GHOST,SIG_CREATOR,11,3,1,1,0.0034051662008765383
GHOST,SIG_CREATOR,11,4,1,1,0.10872997417547257
GHOST,SIG_CREATOR,11,5,1,2,0.07878144158830837
GHOST,SIG_CREATOR,11,6,1,3,0.12682798306411194
GHOST,SIG_CREATOR,11,7,1,2,0.23138665103575576
GHOST,SIG_CREATOR,11,8,1,0,0.1225235973651937
GHOST,SIG_CREATOR,11,9,1,1,0.1323108077764316
GHOST,SIG_CREATOR,11,10,1,3,0.10347396551910112
GHOST,SIG_CREATOR,11,11,1,1,0.004252796765166102
GHOST,SIG_CREATOR,11,12,1,3,0.0002484185116279755
GHOST,SIG_CREATOR,11,13,1,1,0.09876906888965183
GHOST,SIG_CREATOR,11,14,1,0,0.06978354960377327
GHOST,SIG_CREATOR,11,15,1,0,0.00029020908682475717
GHOST,SIG_CREATOR,11,16,1,1,0.004587587970564876
GHOST,SIG_CREATOR,11,17,1,3,0.1281406121205831
GHOST,SIG_CREATOR,11,18,1,1,0.0035971359744143
GHOST,SIG_CREATOR,11,19,1,0,0.18229476629199268
GHOST,SIG_CREATOR,11,20,1,3,0.00018852973101928018
GHOST,SIG_CREATOR,11,21,1,2,0.12526577743404071
GHOST,SIG_CREATOR,11,22,1,2,0.12295662853157652
GHOST,SIG_CREATOR,11,23,1,2,0.17204308001975047
GHOST,SIG_CREATOR,11,24,1,1,0.00040732750166935
GHOST,SIG_CREATOR,11,25,1,2,0.008065679294274843
GHOST,SIG_CREATOR,11,26,1,3,0.10779083568340209
GHOST,SIG_CREATOR,11,27,1,1,0.11573459731397898
GHOST,SIG_CREATOR,11,28,1,0,0.00014272674811863706
GHOST,SIG_CREATOR,11,29,1,2,0.08160826080752995
GHOST,SIG_CREATOR,11,30,1,2,0.21990293985053863
GHOST,SIG_CREATOR,11,31,1,2,0.0037158873907389787
GHOST,SIG_CREATOR,11,32,1,3,0.08195743558002028
GHOST,SIG_CREATOR,11,33,1,3,0.00012042277028987737
GHOST,SIG_CREATOR,11,34,1,1,0.012344597753981544
GHOST,SIG_CREATOR,11,35,1,1,0.0003270268911089317
GHOST,SIG_CREATOR,11,36,1,0,0.004028625940858832
GHOST,SIG_CREATOR,11,37,1,0,0.13780275741985493
GHOST,SIG_CREATOR,11,38,1,2,0.2366559222353845
GHOST,SIG_CREATOR,11,39,1,0,0.002657627583864732
GHOST,SIG_CREATOR,11,40,1,3,0.280605415300847
GHOST,SIG_CREATOR,11,41,1,1,0.00017328644225669492
GHOST,SIG_CREATOR,11,42,1,1,0.013968217620101241
GHOST,SIG_CREATOR,11,43,1,1,0.24425410340667736
GHOST,SIG_CREATOR,11,44,1,1,0.00022029854960176653
GHOST,SIG_CREATOR,11,45,1,3,0.0045658843125523365
GHOST,SIG_CREATOR,11,46,1,1,0.12960878310133733
GHOST,SIG_CREATOR,11,47,1,2,0.1430985454618415
GHOST,SIG_CREATOR,11,48,1,2,0.15177547517037243
GHOST,SIG_CREATOR,11,49,1,0,0.2336670489451837
GHOST,SIG_CREATOR,11,50,1,1,0.08244012861879779
GHOST,SIG_CREATOR,11,51,1,1,0.14203993333148376
GHOST,SIG_CREATOR,11,52,1,3,0.00015523247388601533
GHOST,SIG_CREATOR,11,53,1,0,0.009089246612534997
GHOST,SIG_CREATOR,11,54,1,1,0.0874737948055994
GHOST,SIG_CREATOR,11,55,1,2,0.13693489267334769
GHOST,SIG_CREATOR,11,56,1,1,0.13304302274801982
GHOST,SIG_CREATOR,11,57,1,2,0.15815576945441082
GHOST,SIG_CREATOR,11,58,1,2,0.0035909992790503636
GHOST,SIG_CREATOR,11,59,1,0,0.07962046390925871
GHOST,SIG_CREATOR,11,60,1,2,0.12360914301698436
GHOST,SIG_CREATOR,11,61,1,1,7.978356335213764e-05
GHOST,SIG_CREATOR,11,62,1,3,1.0755944933488235e-05
GHOST,SIG_CREATOR,11,63,1,2,0.1420548367664878
GHOST,SIG_CREATOR,11,64,1,3,0.004037700175001323
GHOST,SIG_CREATOR,11,65,1,2,0.1833342603693748
GHOST,SIG_CREATOR,11,66,1,1,0.09034221673302194
GHOST,SIG_CREATOR,11,67,1,2,0.012406386939801138
GHOST,SIG_CREATOR,11,68,1,3,0.07494278660223173
GHOST,SIG_CREATOR,11,69,1,2,0.09575277336948282
GHOST,SIG_CREATOR,11,70,1,2,0.24874995304632636
GHOST,SIG_CREATOR,11,71,1,1,0.00028019335070716495
GHOST,SIG_CREATOR,11,72,1,3,0.0766789837313856
GHOST,SIG_CREATOR,11,73,1,3,0.00028924933988601896
GHOST,SIG_CREATOR,11,74,1,0,0.00029162015766634626
GHOST,SIG_CREATOR,11,75,1,0,6.410855095041504e-06
GHOST,SIG_CREATOR,11,76,1,1,0.015636164837551193
GHOST,SIG_CREATOR,11,77,1,0,0.08629203447028752
GHOST,SIG_CREATOR,11,78,1,1,0.06720206653755452
GHOST,SIG_CREATOR,11,79,1,0,0.08754820843583326
GHOST,SIG_CREATOR,11,80,1,2,0.004771609238606171
GHOST,SIG_CREATOR,11,81,1,1,0.2149429886629735
GHOST,SIG_CREATOR,11,82,1,3,0.24669369730299245
GHOST,SIG_CREATOR,11,83,1,0,0.1070246180702168
GHOST,SIG_CREATOR,11,84,1,2,0.13470472090226066
GHOST,SIG_CREATOR,11,85,1,3,0.0003517314751186499
GHOST,SIG_CREATOR,11,86,1,3,0.08695163411713432
GHOST,SIG_CREATOR,11,87,1,2,0.0055245605030541335
GHOST,SIG_CREATOR,11,88,1,0,0.13048787993867453
GHOST,SIG_CREATOR,11,89,1,2,0.1427327001369268
GHOST,SIG_CREATOR,11,90,1,1,0.13848822423619236
GHOST,SIG_CREATOR,11,91,1,1,0.10378196752310541
GHOST,SIG_CREATOR,11,92,1,1,0.2628428134271718
GHOST,SIG_CREATOR,11,93,1,3,0.12291725215606139
GHOST,SIG_CREATOR,11,94,1,1,0.07153243915871474
GHOST,SIG_CREATOR,11,95,1,1,0.012328171688579047
GHOST,SIG_CREATOR,11,96,1,3,0.00015891522815110825
GHOST,SIG_CREATOR,11,97,1,3,0.004468421349737737
GHOST,SIG_CREATOR,11,98,1,2,0.004959980567679227
GHOST,SIG_CREATOR,11,99,1,3,0.015745941679208817
GHOST,SIG_CREATOR,11,100,1,1,0.22514411724949246
GHOST,SIG_CREATOR,11,101,1,0,0.10597046721564701
GHOST,SIG_CREATOR,11,102,1,1,0.22944415963802628
GHOST,SIG_CREATOR,11,103,1,2,0.07132951274355782
GHOST,SIG_CREATOR,11,104,1,0,0.0836111845875077
GHOST,SIG_CREATOR,11,105,1,1,0.01644193215450332
GHOST,SIG_CREATOR,11,106,1,3,0.00018958310034465352
GHOST,SIG_CREATOR,11,107,1,1,0.0877064751946656
GHOST,SIG_CREATOR,11,108,1,2,0.11726988428336085
GHOST,SIG_CREATOR,11,109,1,1,0.13488201019661217
GHOST,SIG_CREATOR,11,110,1,3,0.18256069454685137
GHOST,SIG_CREATOR,11,111,1,3,0.1143053610034259
GHOST,SIG_CREATOR,11,112,1,2,0.07595465313822028
GHOST,SIG_CREATOR,11,113,1,2,0.07991491390054092
GHOST,SIG_CREATOR,11,114,1,1,5.4932598695543894e-08
GHOST,SIG_CREATOR,11,115,1,1,0.003938828461420644
GHOST,SIG_CREATOR,11,116,1,0,0.13272312768545824
GHOST,SIG_CREATOR,11,117,1,2,0.08981544291904454
GHOST,SIG_CREATOR,11,118,1,3,0.09097454335099739
GHOST,SIG_CREATOR,11,119,1,3,0.003458922430780089
GHOST,SIG_CREATOR,11,120,1,2,0.08600862256652504
GHOST,SIG_CREATOR,11,121,1,0,0.080287636285871
GHOST,SIG_CREATOR,11,122,1,3,0.014559777082558987
GHOST,SIG_CREATOR,11,123,1,3,0.21545944068926653
GHOST,SIG_CREATOR,11,124,1,0,5.903319886705333e-06
GHOST,SIG_CREATOR,11,125,1,1,0.09651259362237598
GHOST,SIG_CREATOR,11,126,1,0,0.11614267911208291
GHOST,SIG_CREATOR,11,127,1,1,0.09405971812659306
GHOST,SIG_CREATOR,11,128,1,0,0.07428474938076399
GHOST,SIG_CREATOR,11,129,1,2,0.00011584398642203482
GHOST,SIG_CREATOR,11,130,1,0,0.006776574395012043
GHOST,SIG_CREATOR,11,131,1,0,0.0037851385277683485
GHOST,SIG_CREATOR,11,132,1,1,1.0368146192018318e-05
GHOST,SIG_CREATOR,11,133,1,2,0.2637793975209671
GHOST,SIG_CREATOR,11,134,1,3,0.0032533641669769253
GHOST,SIG_CREATOR,11,135,1,2,0.22822639312619564
GHOST,SIG_CREATOR,11,136,1,3,0.0002745403254417915
GHOST,SIG_CREATOR,11,137,1,3,0.004913145899365472
GHOST,SIG_CREATOR,11,138,1,0,0.11006125080372171
GHOST,SIG_CREATOR,11,139,1,1,0.00014289057932357951
GHOST,SIG_CREATOR,11,140,1,2,0.09526260660682721
GHOST,SIG_CREATOR,11,141,1,2,0.006022082577837832
GHOST,SIG_CREATOR,11,142,1,1,0.1479233449918912
GHOST,SIG_CREATOR,11,143,1,3,0.11441128290998871
GHOST,SIG_CREATOR,11,144,1,2,0.11733296196527652
GHOST,SIG_CREATOR,11,145,1,0,0.004112507464118851
GHOST,SIG_CREATOR,11,146,1,1,0.161776226173415
GHOST,SIG_CREATOR,11,147,1,2,0.10616070364485046
GHOST,SIG_CREATOR,11,148,1,2,0.004175577503646467
GHOST,SIG_CREATOR,11,149,1,0,0.002693306704493418
GHOST,SIG_CREATOR,11,150,1,1,0.15402619756691652
GHOST,SIG_CREATOR,11,151,1,3,0.1646478435292603
GHOST,SIG_CREATOR,11,152,1,2,0.08963228279812985
GHOST,SIG_CREATOR,11,153,1,1,0.10843524635063438
GHOST,SIG_CREATOR,11,154,1,2,0.08153655985578767
GHOST,SIG_CREATOR,11,155,1,3,0.004372680254363919
GHOST,SIG_CREATOR,11,156,1,3,0.26710326412867635
GHOST,SIG_CREATOR,11,157,1,0,0.15921266075373725
GHOST,SIG_CREATOR,11,158,1,3,0.13919358608096824
GHOST,SIG_CREATOR,11,159,1,3,0.06712082730495277
GHOST,SIG_CREATOR,11,160,1,3,0.1133337146346929
GHOST,SIG_CREATOR,11,161,1,2,0.196395238210281
GHOST,SIG_CREATOR,11,162,1,0,0.09051568944518501
GHOST,SIG_CREATOR,11,163,1,0,0.10307598326899278
GHOST,SIG_CREATOR,11,164,1,3,0.08900921817415032
GHOST,SIG_CREATOR,11,165,1,0,0.014717419493851615
GHOST,SIG_CREATOR,11,166,1,0,0.14896065001791065
GHOST,SIG_CREATOR,11,167,1,3,0.005069556646058105
GHOST,SIG_CREATOR,11,168,1,0,0.013378342818270328
GHOST,SIG_CREATOR,11,169,1,0,0.254411486900859
GHOST,SIG_CREATOR,11,170,1,0,0.08342948086894975
GHOST,SIG_CREATOR,11,171,1,1,0.09769841139233335
GHOST,SIG_CREATOR,11,172,1,0,0.1457687785515003
GHOST,SIG_CREATOR,11,173,1,1,0.09802569466096964
GHOST,SIG_CREATOR,11,174,1,3,0.08329651816905354
GHOST,SIG_CREATOR,11,175,1,0,0.13903515282382084
GHOST,SIG_CREATOR,11,176,1,2,0.00700852220184909
GHOST,SIG_CREATOR,11,177,1,3,0.006264725085647422
GHOST,SIG_CREATOR,11,178,1,1,9.757641360461799e-05
GHOST,SIG_CREATOR,11,179,1,2,0.08775475835757456
GHOST,SIG_CREATOR,11,180,1,2,0.2028421131186154
GHOST,SIG_CREATOR,11,181,1,2,6.869774913255452e-06
GHOST,SIG_CREATOR,11,182,1,1,0.10003787584681446
GHOST,SIG_CREATOR,11,183,1,1,0.13042907741911078
GHOST,SIG_CREATOR,11,184,1,3,0.1013976796054978
GHOST,SIG_CREATOR,11,185,1,0,0.08535730268758046
GHOST,SIG_CREATOR,11,186,1,0,0.07848166816860964
GHOST,SIG_CREATOR,11,187,1,2,0.09269441221645433
GHOST,SIG_CREATOR,11,188,1,2,0.10734863584175172
GHOST,SIG_CREATOR,11,189,1,3,0.11134927286938555
GHOST,SIG_CREATOR,11,190,1,2,0.10881171792884264
GHOST,SIG_CREATOR,11,191,1,3,0.014158592071881247
GHOST,SIG_CREATOR,11,192,1,0,9.110745489820379e-05
GHOST,SIG_CREATOR,11,193,1,1,0.01456510647408102
GHOST,SIG_CREATOR,11,194,1,0,0.00018747380212779622
GHOST,SIG_CREATOR,11,195,1,2,0.1014997691651774
GHOST,SIG_CREATOR,11,196,1,2,0.13670366732371214
GHOST,SIG_CREATOR,11,197,1,1,0.09649793542243192
GHOST,SIG_CREATOR,11,198,1,2,0.010321811223884458
GHOST,SIG_CREATOR,11,199,1,1,0.07068290713276063
GHOST,SIG_CREATOR,12,0,1,0,9.919857632059223e-06
GHOST,SIG_CREATOR,12,1,1,1,0.08959853404885346
GHOST,SIG_CREATOR,12,2,1,2,0.011123361701400665
GHOST,SIG_CREATOR,12,3,1,2,0.10441078881338461
GHOST,SIG_CREATOR,12,4,1,2,0.0003520238789571812
GHOST,SIG_CREATOR,12,5,1,0,0.0849520931657807
GHOST,SIG_CREATOR,12,6,1,3,0.08993057830172502
GHOST,SIG_CREATOR,12,7,1,1,0.24633268093291472
GHOST,SIG_CREATOR,12,8,1,3,0.13931568213906514
GHOST,SIG_CREATOR,12,9,1,1,0.06655353511628574
GHOST,SIG_CREATOR,12,10,1,0,8.084161329956848e-06
GHOST,SIG_CREATOR,12,11,1,1,0.18146642870210444
GHOST,SIG_CREATOR,12,12,1,0,0.005768484059444649
GHOST,SIG_CREATOR,12,13,1,1,0.016317522709979635
GHOST,SIG_CREATOR,12,14,1,0,0.00037037608828685033
GHOST,SIG_CREATOR,12,15,1,0,5.0844038944093235e-06
GHOST,SIG_CREATOR,12,16,1,0,0.22344915385798358
GHOST,SIG_CREATOR,12,17,1,0,0.1783988686083478
GHOST,SIG_CREATOR,12,18,1,1,0.10166483589768997
GHOST,SIG_CREATOR,12,19,1,1,0.11094208964044305
GHOST,SIG_CREATOR,12,20,1,2,0.14711932206086062
GHOST,SIG_CREATOR,12,21,1,3,0.006255738709457411
GHOST,SIG_CREATOR,12,22,1,2,0.01585752998102999
GHOST,SIG_CREATOR,12,23,1,2,0.00020524354850006733
GHOST,SIG_CREATOR,12,24,1,2,0.003920692854007123
GHOST,SIG_CREATOR,12,25,1,1,0.00026470665757333093
GHOST,SIG_CREATOR,12,26,1,2,0.10657349598966191
GHOST,SIG_CREATOR,12,27,1,0,0.2667347555086881
GHOST,SIG_CREATOR,12,28,1,1,0.11332452476176312
GHOST,SIG_CREATOR,12,29,1,3,0.2830431294243937
GHOST,SIG_CREATOR,12,30,1,0,0.00022849013677180994
GHOST,SIG_CREATOR,12,31,1,2,3.915904034616087e-06
GHOST,SIG_CREATOR,12,32,1,0,0.1463497432892161
GHOST,SIG_CREATOR,12,33,1,2,0.23686019523563356
GHOST,SIG_CREATOR,12,34,1,1,0.11685560405832385
GHOST,SIG_CREATOR,12,35,1,2,0.13041201488142598
GHOST,SIG_CREATOR,12,36,1,0,0.21993402119982652
GHOST,SIG_CREATOR,12,37,1,1,0.1214500833348183
GHOST,SIG_CREATOR,12,38,1,3,0.0025918910820650833
GHOST,SIG_CREATOR,12,39,1,2,0.015050023327681166
GHOST,SIG_CREATOR,12,40,1,2,0.014218613483822497
GHOST,SIG_CREATOR,12,41,1,2,0.11411931886600754
GHOST,SIG_CREATOR,12,42,1,3,0.09071022966927422
GHOST,SIG_CREATOR,12,43,1,0,0.013549440297246296
GHOST,SIG_CREATOR,12,44,1,1,0.012286682728747816
GHOST,SIG_CREATOR,12,45,1,3,0.12141937189145582
GHOST,SIG_CREATOR,12,46,1,1,0.008198821820839192
GHOST,SIG_CREATOR,12,47,1,3,0.10643456517147395
GHOST,SIG_CREATOR,12,48,1,3,0.12657627887452316
GHOST,SIG_CREATOR,12,49,1,0,0.14952037597239248
GHOST,SIG_CREATOR,12,50,1,0,0.00015196608649852076
GHOST,SIG_CREATOR,12,51,1,2,0.0824179446067967
GHOST,SIG_CREATOR,12,52,1,3,0.1107531376937961
GHOST,SIG_CREATOR,12,53,1,3,0.1026444799863926
GHOST,SIG_CREATOR,12,54,1,0,0.10575752731742888
GHOST,SIG_CREATOR,12,55,1,0,0.005192235979401588
GHOST,SIG_CREATOR,12,56,1,3,9.105977621020223e-06
GHOST,SIG_CREATOR,12,57,1,2,0.2258757069777659
GHOST,SIG_CREATOR,12,58,1,3,0.17767009580123055
GHOST,SIG_CREATOR,12,59,1,1,0.14634327448390688
GHOST,SIG_CREATOR,12,60,1,2,0.08026876167054271
GHOST,SIG_CREATOR,12,61,1,0,0.14853618731433382
GHOST,SIG_CREATOR,12,62,1,2,0.11644976977386667
GHOST,SIG_CREATOR,12,63,1,1,0.16848832552071585
GHOST,SIG_CREATOR,12,64,1,1,0.07309233524665704
GHOST,SIG_CREATOR,12,65,1,1,0.09429328456978842
GHOST,SIG_CREATOR,12,66,1,3,0.1732061867988643
GHOST,SIG_CREATOR,12,67,1,1,0.264942883664143
GHOST,SIG_CREATOR,12,68,1,0,0.1371279000470643
GHOST,SIG_CREATOR,12,69,1,2,0.1061142991189779
GHOST,SIG_CREATOR,12,70,1,3,0.221076399974567
GHOST,SIG_CREATOR,12,71,1,0,0.10314876703265213
GHOST,SIG_CREATOR,12,72,1,1,0.27310593491384605
GHOST,SIG_CREATOR,12,73,1,0,0.0891152315261077
GHOST,SIG_CREATOR,12,74,1,2,0.0130741047697231
GHOST,SIG_CREATOR,12,75,1,2,0.004973431720609608
GHOST,SIG_CREATOR,12,76,1,0,0.011559556743989457
GHOST,SIG_CREATOR,12,77,1,0,0.20643191647282647
GHOST,SIG_CREATOR,12,78,1,2,0.2455503443858866
GHOST,SIG_CREATOR,12,79,1,1,0.17859550159375262
GHOST,SIG_CREATOR,12,80,1,0,0.003965963847984952
GHOST,SIG_CREATOR,12,81,1,2,0.10606912227049908
GHOST,SIG_CREATOR,12,82,1,3,0.01354928948857777
GHOST,SIG_CREATOR,12,83,1,1,0.0892068310115006
GHOST,SIG_CREATOR,12,84,1,3,0.22794536175664337
GHOST,SIG_CREATOR,12,85,1,2,0.14027671645308717
GHOST,SIG_CREATOR,12,86,1,0,0.10472697086524285
GHOST,SIG_CREATOR,12,87,1,0,0.1389145577970013
GHOST,SIG_CREATOR,12,88,1,1,0.0034111854164698974
GHOST,SIG_CREATOR,12,89,1,3,0.00016925847275453616
GHOST,SIG_CREATOR,12,90,1,0,0.0003452354229552669
GHOST,SIG_CREATOR,12,91,1,3,0.10696737538851107
GHOST,SIG_CREATOR,12,92,1,1,0.08338634736500591
GHOST,SIG_CREATOR,12,93,1,1,0.14271047614934826
GHOST,SIG_CREATOR,12,94,1,1,0.06033311654873188
GHOST,SIG_CREATOR,12,95,1,1,7.84569494354619e-06
GHOST,SIG_CREATOR,12,96,1,3,0.0602549448190215
GHOST,SIG_CREATOR,12,97,1,2,0.0060648631220194755
GHOST,SIG_CREATOR,12,98,1,0,0.12069012500052213
GHOST,SIG_CREATOR,12,99,1,1,4.812565574512215e-06
GHOST,SIG_CREATOR,12,100,1,1,0.1382572193680077
GHOST,SIG_CREATOR,12,101,1,1,0.17364532580213773
GHOST,SIG_CREATOR,12,102,1,2,0.01615214408675924
GHOST,SIG_CREATOR,12,103,1,3,0.12390945641982269
GHOST,SIG_CREATOR,12,104,1,1,0.09781432786079683
GHOST,SIG_CREATOR,12,105,1,3,0.14032855423609392
GHOST,SIG_CREATOR,12,106,1,2,0.16093338957583053
GHOST,SIG_CREATOR,12,107,1,0,0.09515098792634769
GHOST,SIG_CREATOR,12,108,1,3,0.10132962632726761
GHOST,SIG_CREATOR,12,109,1,0,3.3044688902864054e-06
GHOST,SIG_CREATOR,12,110,1,2,0.11144839899310023
GHOST,SIG_CREATOR,12,111,1,3,0.013563524899844023
GHOST,SIG_CREATOR,12,112,1,0,0.005547534178050894
GHOST,SIG_CREATOR,12,113,1,1,0.25605838362706
GHOST,SIG_CREATOR,12,114,1,3,9.078719037551043e-06
GHOST,SIG_CREATOR,12,115,1,3,0.08396091746223364
GHOST,SIG_CREATOR,12,116,1,2,0.007119710758738212
GHOST,SIG_CREATOR,12,117,1,3,0.09908143882940795
GHOST,SIG_CREATOR,12,118,1,0,0.2724885239772347
GHOST,SIG_CREATOR,12,119,1,2,0.26372396849715607
GHOST,SIG_CREATOR,12,120,1,2,0.1511420187689313
GHOST,SIG_CREATOR,12,121,1,3,0.06530517780071007
GHOST,SIG_CREATOR,12,122,1,3,0.00026990611745315006
GHOST,SIG_CREATOR,12,123,1,1,0.00028980442029475425
GHOST,SIG_CREATOR,12,124,1,3,0.13155630935596163
GHOST,SIG_CREATOR,12,125,1,1,0.09417489012292918
GHOST,SIG_CREATOR,12,126,1,2,0.2742788515893801
GHOST,SIG_CREATOR,12,127,1,3,0.07782579520366245
GHOST,SIG_CREATOR,12,128,1,2,0.09360134176840489
GHOST,SIG_CREATOR,12,129,1,1,0.2419378920561429
GHOST,SIG_CREATOR,12,130,1,3,0.12242802200746747
GHOST,SIG_CREATOR,12,131,1,1,0.00017916789107457875
GHOST,SIG_CREATOR,12,132,1,1,0.07453842218265515
GHOST,SIG_CREATOR,12,133,1,1,0.09837943129726054
GHOST,SIG_CREATOR,12,134,1,3,0.09600545334168199
GHOST,SIG_CREATOR,12,135,1,3,0.010661239487192057
GHOST,SIG_CREATOR,12,136,1,3,0.12671104961963
GHOST,SIG_CREATOR,12,137,1,2,0.19010981642554725
GHOST,SIG_CREATOR,12,138,1,2,0.12803530787123762
GHOST,SIG_CREATOR,12,139,1,1,0.00036486519288162877
GHOST,SIG_CREATOR,12,140,1,3,0.00017106731967729934
GHOST,SIG_CREATOR,12,141,1,3,0.1237592095386378
GHOST,SIG_CREATOR,12,142,1,2,0.11672474664260934
GHOST,SIG_CREATOR,12,143,1,0,0.09409924492746373
GHOST,SIG_CREATOR,12,144,1,1,0.10728999438909129
GHOST,SIG_CREATOR,12,145,1,2,0.10744816122069796
GHOST,SIG_CREATOR,12,146,1,2,0.1045823125487976
GHOST,SIG_CREATOR,12,147,1,0,0.17124868854570963
GHOST,SIG_CREATOR,12,148,1,0,0.12281538296543086
GHOST,SIG_CREATOR,12,149,1,3,0.1400836656603911
GHOST,SIG_CREATOR,12,150,1,3,0.09573169991862826
GHOST,SIG_CREATOR,12,151,1,0,0.00018629311468009108
GHOST,SIG_CREATOR,12,152,1,3,0.12054478240584329
GHOST,SIG_CREATOR,12,153,1,0,0.10051629925142512
GHOST,SIG_CREATOR,12,154,1,2,0.0726613658458796
GHOST,SIG_CREATOR,12,155,1,2,0.00023164383876530555
GHOST,SIG_CREATOR,12,156,1,3,0.004288840270598969
GHOST,SIG_CREATOR,12,157,1,3,0.1368417169534268
GHOST,SIG_CREATOR,12,158,1,3,0.17966047972672258
GHOST,SIG_CREATOR,12,159,1,3,0.002971551465580559
GHOST,SIG_CREATOR,12,160,1,0,0.05891921938200354
GHOST,SIG_CREATOR,12,161,1,0,0.10183983792156169
GHOST,SIG_CREATOR,12,162,1,0,0.10839846484571554
GHOST,SIG_CREATOR,12,163,1,0,0.09894021899097312
GHOST,SIG_CREATOR,12,164,1,1,0.00018597326856367578
GHOST,SIG_CREATOR,12,165,1,0,0.23955923883669744
GHOST,SIG_CREATOR,12,166,1,3,0.2309610446413095
GHOST,SIG_CREATOR,12,167,1,0,0.11370580331053992
GHOST,SIG_CREATOR,12,168,1,2,0.11133635787509334
GHOST,SIG_CREATOR,12,169,1,1,0.012314655117624449
GHOST,SIG_CREATOR,12,170,1,2,0.24142947250427732
GHOST,SIG_CREATOR,12,171,1,0,0.19582908491228862
GHOST,SIG_CREATOR,12,172,1,1,0.00030754390623089845
GHOST,SIG_CREATOR,12,173,1,2,0.00019756611886036923
GHOST,SIG_CREATOR,12,174,1,2,0.10212376117017101
GHOST,SIG_CREATOR,12,175,1,1,0.08020084515716758
GHOST,SIG_CREATOR,12,176,1,3,0.01684964719450759
GHOST,SIG_CREATOR,12,177,1,3,0.07077330544522474
GHOST,SIG_CREATOR,12,178,1,1,0.12379765233932981
GHOST,SIG_CREATOR,12,179,1,0,0.09242394905029204
GHOST,SIG_CREATOR,12,180,1,3,0.00029850972981333723
GHOST,SIG_CREATOR,12,181,1,1,0.2502873397471017
GHOST,SIG_CREATOR,12,182,1,0,0.09240861096187879
GHOST,SIG_CREATOR,12,183,1,1,0.0045762421000158735
GHOST,SIG_CREATOR,12,184,1,1,0.0046992634829040505
GHOST,SIG_CREATOR,12,185,1,2,8.527732267021677e-06
GHOST,SIG_CREATOR,12,186,1,3,0.15918774628219448
GHOST,SIG_CREATOR,12,187,1,0,0.1119125736127392
GHOST,SIG_CREATOR,12,188,1,1,0.07613112869584444
GHOST,SIG_CREATOR,12,189,1,3,0.11535540273552491
GHOST,SIG_CREATOR,12,190,1,0,0.12246905744291467
GHOST,SIG_CREATOR,12,191,1,3,0.0035537594106051667
GHOST,SIG_CREATOR,12,192,1,3,0.12343746008823624
GHOST,SIG_CREATOR,12,193,1,3,0.10467798410398294
GHOST,SIG_CREATOR,12,194,1,1,0.15563572717622792
GHOST,SIG_CREATOR,12,195,1,0,0.08119182164071752
GHOST,SIG_CREATOR,12,196,1,1,0.00031315621930197885
GHOST,SIG_CREATOR,12,197,1,3,0.0002617840997776341
GHOST,SIG_CREATOR,12,198,1,2,0.09725488163401003
GHOST,SIG_CREATOR,12,199,1,2,4.601836216640759e-06
GHOST,SIG_CREATOR,13,0,1,1,0.09909564846914144
GHOST,SIG_CREATOR,13,1,1,3,7.441633545191437e-09
GHOST,SIG_CREATOR,13,2,1,2,0.24613468218372017
GHOST,SIG_CREATOR,13,3,1,1,0.1253693791831512
GHOST,SIG_CREATOR,13,4,1,1,0.16363672378388286
GHOST,SIG_CREATOR,13,5,1,0,0.0936964903834746
GHOST,SIG_CREATOR,13,6,1,0,0.014517252697325395
GHOST,SIG_CREATOR,13,7,1,3,0.11288294305950508
GHOST,SIG_CREATOR,13,8,1,1,0.20310842071161517
GHOST,SIG_CREATOR,13,9,1,2,0.17222274644810567
GHOST,SIG_CREATOR,13,10,1,2,0.10288761012738284
GHOST,SIG_CREATOR,13,11,1,1,0.0917438239787318
GHOST,SIG_CREATOR,13,12,1,0,0.08128811812139625
GHOST,SIG_CREATOR,13,13,1,2,0.000300995403778485
GHOST,SIG_CREATOR,13,14,1,3,0.015735941431977957
GHOST,SIG_CREATOR,13,15,1,1,0.1294640758497991
GHOST,SIG_CREATOR,13,16,1,2,0.003009285313627766
GHOST,SIG_CREATOR,13,17,1,3,0.0002681137604980022
GHOST,SIG_CREATOR,13,18,1,0,0.15019118647018861
GHOST,SIG_CREATOR,13,19,1,1,0.11472834201157545
GHOST,SIG_CREATOR,13,20,1,0,0.0002907264312463247
GHOST,SIG_CREATOR,13,21,1,3,0.07257268959221817
GHOST,SIG_CREATOR,13,22,1,3,0.00022276752671543853
GHOST,SIG_CREATOR,13,23,1,1,0.06362739741798625
GHOST,SIG_CREATOR,13,24,1,0,0.24223673767774537
GHOST,SIG_CREATOR,13,25,1,2,0.0002867869805864523
GHOST,SIG_CREATOR,13,26,1,1,0.12880963368650822
GHOST,SIG_CREATOR,13,27,1,0,0.14391154546374568
GHOST,SIG_CREATOR,13,28,1,3,0.11761867006496113
GHOST,SIG_CREATOR,13,29,1,2,0.10117493516504733
GHOST,SIG_CREATOR,13,30,1,2,0.07534861552599974
GHOST,SIG_CREATOR,13,31,1,2,0.13054918444234045
GHOST,SIG_CREATOR,13,32,1,1,0.09387286360485805
GHOST,SIG_CREATOR,13,33,1,0,0.07739595150054754
GHOST,SIG_CREATOR,13,34,1,2,0.0002497391268829155
GHOST,SIG_CREATOR,13,35,1,2,0.12201844507639237
GHOST,SIG_CREATOR,13,36,1,3,0.011776072151203536
GHOST,SIG_CREATOR,13,37,1,2,0.1046126033974202
GHOST,SIG_CREATOR,13,38,1,1,0.006924996435578871
GHOST,SIG_CREATOR,13,39,1,2,0.0036432199791928896
GHOST,SIG_CREATOR,13,40,1,2,0.2753630521006997
GHOST,SIG_CREATOR,13,41,1,2,0.0026369081656731942
GHOST,SIG_CREATOR,13,42,1,2,0.12170967985642461
GHOST,SIG_CREATOR,13,43,1,0,0.2442107625190591
GHOST,SIG_CREATOR,13,44,1,0,0.09690943008330528
GHOST,SIG_CREATOR,13,45,1,2,0.0002479243043129327
GHOST,SIG_CREATOR,13,46,1,0,5.114523374671692e-06
GHOST,SIG_CREATOR,13,47,1,0,0.13058459789116306
GHOST,SIG_CREATOR,13,48,1,3,0.10230082233548779
GHOST,SIG_CREATOR,13,49,1,2,0.0091227029855099
GHOST,SIG_CREATOR,13,50,1,1,0.2193898352049663
GHOST,SIG_CREATOR,13,51,1,2,0.16852960791707286
GHOST,SIG_CREATOR,13,52,1,2,0.09655880135280726
GHOST,SIG_CREATOR,13,53,1,3,4.693620309422093e-06
GHOST,SIG_CREATOR,13,54,1,0,0.22198099438340763
GHOST,SIG_CREATOR,13,55,1,1,0.13236746664355828
GHOST,SIG_CREATOR,13,56,1,3,0.1103527636472072
GHOST,SIG_CREATOR,13,57,1,3,0.1253393006459435
GHOST,SIG_CREATOR,13,58,1,2,0.00011176319410407135
GHOST,SIG_CREATOR,13,59,1,1,0.006472291555857037
GHOST,SIG_CREATOR,13,60,1,3,0.164831024910363
GHOST,SIG_CREATOR,13,61,1,2,0.00028678920878717545
GHOST,SIG_CREATOR,13,62,1,2,0.12457303984241976
GHOST,SIG_CREATOR,13,63,1,0,0.2112714126292688
GHOST,SIG_CREATOR,13,64,1,1,0.10724283376657913
GHOST,SIG_CREATOR,13,65,1,3,0.013154920320417509
GHOST,SIG_CREATOR,13,66,1,0,0.08530846158552792
GHOST,SIG_CREATOR,13,67,1,3,0.005040538864916207
GHOST,SIG_CREATOR,13,68,1,1,0.003972815791177526
GHOST,SIG_CREATOR,13,69,1,1,0.22257940049011063
GHOST,SIG_CREATOR,13,70,1,2,0.15223867345506265
GHOST,SIG_CREATOR,13,71,1,3,0.07666419601103196
GHOST,SIG_CREATOR,13,72,1,2,0.0002891643774300037
GHOST,SIG_CREATOR,13,73,1,1,0.0799654844988121
GHOST,SIG_CREATOR,13,74,1,3,0.11180208407782223
GHOST,SIG_CREATOR,13,75,1,2,0.20933093245033899
GHOST,SIG_CREATOR,13,76,1,2,0.11002682351867432
GHOST,SIG_CREATOR,13,77,1,1,0.08951174421989976
GHOST,SIG_CREATOR,13,78,1,1,0.0044093813573312275
GHOST,SIG_CREATOR,13,79,1,2,0.004218060334026281
GHOST,SIG_CREATOR,13,80,1,3,0.007698154932113527
GHOST,SIG_CREATOR,13,81,1,0,0.10297577162063756
GHOST,SIG_CREATOR,13,82,1,3,0.004483444711813767
GHOST,SIG_CREATOR,13,83,1,3,0.12339281774853401
GHOST,SIG_CREATOR,13,84,1,2,0.12266096283041762
GHOST,SIG_CREATOR,13,85,1,2,0.2591880954967404
GHOST,SIG_CREATOR,13,86,1,0,0.1876587765440702
GHOST,SIG_CREATOR,13,87,1,0,0.2218477846372049
GHOST,SIG_CREATOR,13,88,1,2,0.011085357471054531
GHOST,SIG_CREATOR,13,89,1,2,0.14345916778078782
GHOST,SIG_CREATOR,13,90,1,0,0.07487916456809728
GHOST,SIG_CREATOR,13,91,1,1,0.016515830617941568
GHOST,SIG_CREATOR,13,92,1,0,0.00021575656010015422
GHOST,SIG_CREATOR,13,93,1,1,0.14465299328932527
GHOST,SIG_CREATOR,13,94,1,1,0.09831716743920212
GHOST,SIG_CREATOR,13,95,1,1,0.23310249072138695
GHOST,SIG_CREATOR,13,96,1,1,0.00016080782153959995
GHOST,SIG_CREATOR,13,97,1,3,0.005084687803023298
GHOST,SIG_CREATOR,13,98,1,1,0.21766717886771325
GHOST,SIG_CREATOR,13,99,1,0,0.07923359085129522
GHOST,SIG_CREATOR,13,100,1,2,9.921201285906108e-05
GHOST,SIG_CREATOR,13,101,1,3,0.12279000552462613
GHOST,SIG_CREATOR,13,102,1,1,0.22350861552995707
GHOST,SIG_CREATOR,13,103,1,0,0.23266224617138756
GHOST,SIG_CREATOR,13,104,1,3,0.11801554233648648
GHOST,SIG_CREATOR,13,105,1,3,0.14891975037516314
GHOST,SIG_CREATOR,13,106,1,0,0.08613059888454083
GHOST,SIG_CREATOR,13,107,1,2,3.3690528304363946e-06
GHOST,SIG_CREATOR,13,108,1,1,0.1527811697921987
GHOST,SIG_CREATOR,13,109,1,2,0.22464502183660645
GHOST,SIG_CREATOR,13,110,1,3,0.27053921990733387
GHOST,SIG_CREATOR,13,111,1,1,0.014869050584523483
GHOST,SIG_CREATOR,13,112,1,0,0.2413164641730403
GHOST,SIG_CREATOR,13,113,1,3,0.005295178036140665
GHOST,SIG_CREATOR,13,114,1,1,0.15758519602122653
GHOST,SIG_CREATOR,13,115,1,3,0.18931675113092283
GHOST,SIG_CREATOR,13,116,1,1,0.00021566311136813734
GHOST,SIG_CREATOR,13,117,1,1,0.24656305201716622
GHOST,SIG_CREATOR,13,118,1,1,0.16314899318780265
GHOST,SIG_CREATOR,13,119,1,1,0.16556926592296867
GHOST,SIG_CREATOR,13,120,1,1,0.1740125291368118
GHOST,SIG_CREATOR,13,121,1,3,0.2249969853580655
GHOST,SIG_CREATOR,13,122,1,1,0.23070084779633065
GHOST,SIG_CREATOR,13,123,1,3,0.07543538037976329
GHOST,SIG_CREATOR,13,124,1,2,0.16555882429287794
GHOST,SIG_CREATOR,13,125,1,2,0.015378298033739463
GHOST,SIG_CREATOR,13,126,1,1,0.13706845779003088
GHOST,SIG_CREATOR,13,127,1,3,0.0680837168734698
GHOST,SIG_CREATOR,13,128,1,2,0.113390968756299
GHOST,SIG_CREATOR,13,129,1,2,0.004949880280300547
GHOST,SIG_CREATOR,13,130,1,2,0.1025120397685157
GHOST,SIG_CREATOR,13,131,1,1,0.08111368335326552
GHOST,SIG_CREATOR,13,132,1,2,0.002350560212141662
GHOST,SIG_CREATOR,13,133,1,2,0.20354559759106367
GHOST,SIG_CREATOR,13,134,1,3,0.004294152684593778
GHOST,SIG_CREATOR,13,135,1,3,0.1894002267557099
GHOST,SIG_CREATOR,13,136,1,1,0.066770995722951
GHOST,SIG_CREATOR,13,137,1,0,0.11565301113446338
GHOST,SIG_CREATOR,13,138,1,2,0.2560246673201668
GHOST,SIG_CREATOR,13,139,1,3,0.2400667906048021
GHOST,SIG_CREATOR,13,140,1,0,0.002716501383684651
GHOST,SIG_CREATOR,13,141,1,3,0.07993869082851192
GHOST,SIG_CREATOR,13,142,1,2,0.0002349954354175463
GHOST,SIG_CREATOR,13,143,1,1,0.13123470089735145
GHOST,SIG_CREATOR,13,144,1,1,0.10458188891661059
GHOST,SIG_CREATOR,13,145,1,2,0.002226690329913408
GHOST,SIG_CREATOR,13,146,1,1,0.0843987423030321
GHOST,SIG_CREATOR,13,147,1,3,0.005255346156630482
GHOST,SIG_CREATOR,13,148,1,2,0.13203777664102548
GHOST,SIG_CREATOR,13,149,1,3,0.00030505516407834264
GHOST,SIG_CREATOR,13,150,1,1,0.21922596326101343
GHOST,SIG_CREATOR,13,151,1,1,0.19412624946195395
GHOST,SIG_CREATOR,13,152,1,3,0.12218815444806472
GHOST,SIG_CREATOR,13,153,1,1,0.08069373993750893
GHOST,SIG_CREATOR,13,154,1,2,0.013233576463126114
GHOST,SIG_CREATOR,13,155,1,2,0.12001053703168088
GHOST,SIG_CREATOR,13,156,1,3,0.13009581912747017
GHOST,SIG_CREATOR,13,157,1,0,0.10645452882603314
GHOST,SIG_CREATOR,13,158,1,3,0.13299514451782551
GHOST,SIG_CREATOR,13,159,1,0,0.06213530885104828
GHOST,SIG_CREATOR,13,160,1,0,0.07399332590070266
GHOST,SIG_CREATOR,13,161,1,0,0.0003627224492591231
GHOST,SIG_CREATOR,13,162,1,0,0.00029660469939866144
GHOST,SIG_CREATOR,13,163,1,2,0.11435525418181822
GHOST,SIG_CREATOR,13,164,1,2,0.2657625782261411
GHOST,SIG_CREATOR,13,165,1,2,0.11102552336086007
GHOST,SIG_CREATOR,13,166,1,2,0.21963752248150956
GHOST,SIG_CREATOR,13,167,1,0,0.2000581514365991
GHOST,SIG_CREATOR,13,168,1,0,0.14490393938140006
GHOST,SIG_CREATOR,13,169,1,0,0.002244442270980328
GHOST,SIG_CREATOR,13,170,1,1,0.11215098198092413
GHOST,SIG_CREATOR,13,171,1,0,0.003924443955062423
GHOST,SIG_CREATOR,13,172,1,1,0.13567639589114255
GHOST,SIG_CREATOR,13,173,1,3,4.868463150803768e-06
GHOST,SIG_CREATOR,13,174,1,1,0.007796196979628562
GHOST,SIG_CREATOR,13,175,1,2,0.0034704190327384406
GHOST,SIG_CREATOR,13,176,1,0,0.11502452434870117
GHOST,SIG_CREATOR,13,177,1,3,0.07638863551245068
GHOST,SIG_CREATOR,13,178,1,1,0.11862713341015906
GHOST,SIG_CREATOR,13,179,1,3,0.014376499840167882
GHOST,SIG_CREATOR,13,180,1,2,0.06422627265467784
GHOST,SIG_CREATOR,13,181,1,0,0.004379968415099075
GHOST,SIG_CREATOR,13,182,1,3,0.0001914280297391753
GHOST,SIG_CREATOR,13,183,1,2,0.00022664420831797557
GHOST,SIG_CREATOR,13,184,1,3,0.10686711534898033
GHOST,SIG_CREATOR,13,185,1,3,0.14126312124282633
GHOST,SIG_CREATOR,13,186,1,3,0.004593821414564684
GHOST,SIG_CREATOR,13,187,1,0,7.201283680839118e-08
GHOST,SIG_CREATOR,13,188,1,2,0.00033189934833871863
GHOST,SIG_CREATOR,13,189,1,0,0.2577751613339289
GHOST,SIG_CREATOR,13,190,1,2,0.0031376421257406652
GHOST,SIG_CREATOR,13,191,1,3,0.14806238934241445
GHOST,SIG_CREATOR,13,192,1,0,0.00029490091899912047
GHOST,SIG_CREATOR,13,193,1,3,0.011999461060496479
GHOST,SIG_CREATOR,13,194,1,2,0.21476498305249128
GHOST,SIG_CREATOR,13,195,1,3,0.002724471233064239
GHOST,SIG_CREATOR,13,196,1,0,0.00013258777681956948
GHOST,SIG_CREATOR,13,197,1,0,0.10579522760149175
GHOST,SIG_CREATOR,13,198,1,0,0.08326710422037845
GHOST,SIG_CREATOR,13,199,1,1,0.0033115916668157823
GHOST,SIG_CREATOR,14,0,1,3,0.00039863080923109134
GHOST,SIG_CREATOR,14,1,1,0,0.0002440159988200992
GHOST,SIG_CREATOR,14,2,1,3,0.12048405760682726
GHOST,SIG_CREATOR,14,3,1,3,0.00014106027610551587
GHOST,SIG_CREATOR,14,4,1,3,0.005647924379390052
GHOST,SIG_CREATOR,14,5,1,0,0.15530051798289823
GHOST,SIG_CREATOR,14,6,1,1,0.09058496224609806
GHOST,SIG_CREATOR,14,7,1,3,0.003046181054075406
GHOST,SIG_CREATOR,14,8,1,3,0.08898663882832686
GHOST,SIG_CREATOR,14,9,1,1,0.19146796264454644
GHOST,SIG_CREATOR,14,10,1,3,0.23878460128687262
GHOST,SIG_CREATOR,14,11,1,0,0.16082300969011604
GHOST,SIG_CREATOR,14,12,1,2,0.11349477680407884
GHOST,SIG_CREATOR,14,13,1,1,6.697835348113596e-06
GHOST,SIG_CREATOR,14,14,1,0,0.13731128619379665
GHOST,SIG_CREATOR,14,15,1,1,0.10943144713781532
GHOST,SIG_CREATOR,14,16,1,1,0.10084854457599829
GHOST,SIG_CREATOR,14,17,1,0,0.11093710915653349
GHOST,SIG_CREATOR,14,18,1,3,0.00017524077342763217
GHOST,SIG_CREATOR,14,19,1,2,0.0027857153856117077
GHOST,SIG_CREATOR,14,20,1,2,0.2135904728798677
GHOST,SIG_CREATOR,14,21,1,0,9.917351701923377e-08
GHOST,SIG_CREATOR,14,22,1,2,0.0002762195862244302
GHOST,SIG_CREATOR,14,23,1,2,0.07383707949921411
GHOST,SIG_CREATOR,14,24,1,1,0.010700280793729339
GHOST,SIG_CREATOR,14,25,1,3,0.1653874462125744
GHOST,SIG_CREATOR,14,26,1,3,0.005271636076361686
GHOST,SIG_CREATOR,14,27,1,2,0.08888045485560135
GHOST,SIG_CREATOR,14,28,1,3,0.010762581613150335
GHOST,SIG_CREATOR,14,29,1,0,0.11110523130714844
GHOST,SIG_CREATOR,14,30,1,1,0.14827365696238368
GHOST,SIG_CREATOR,14,31,1,1,0.0035586016577880894
GHOST,SIG_CREATOR,14,32,1,3,0.11322347373178744
GHOST,SIG_CREATOR,14,33,1,0,0.0001117821661556382
GHOST,SIG_CREATOR,14,34,1,3,0.11859511640392448
GHOST,SIG_CREATOR,14,35,1,1,0.002967916847134381
GHOST,SIG_CREATOR,14,36,1,3,0.012028895044619911
GHOST,SIG_CREATOR,14,37,1,0,0.11138888368833284
GHOST,SIG_CREATOR,14,38,1,3,0.10310712669988335
GHOST,SIG_CREATOR,14,39,1,1,0.00018359966798401682
GHOST,SIG_CREATOR,14,40,1,0,0.0032118857638160853
GHOST,SIG_CREATOR,14,41,1,1,0.003940686058025779
GHOST,SIG_CREATOR,14,42,1,2,0.09738957222658233
GHOST,SIG_CREATOR,14,43,1,1,0.15974884806720369
GHOST,SIG_CREATOR,14,44,1,3,0.014920650156900412
GHOST,SIG_CREATOR,14,45,1,3,0.0001874952375921621
GHOST,SIG_CREATOR,14,46,1,2,0.07803143147069759
GHOST,SIG_CREATOR,14,47,1,2,0.13220105626505005
GHOST,SIG_CREATOR,14,48,1,1,0.15732195737640225
GHOST,SIG_CREATOR,14,49,1,2,2.7259457534346574e-06
GHOST,SIG_CREATOR,14,50,1,1,0.3052039407473247
GHOST,SIG_CREATOR,14,51,1,1,0.24813734255871728
GHOST,SIG_CREATOR,14,52,1,1,0.003588949169323345
GHOST,SIG_CREATOR,14,53,1,1,0.17295692639520038
GHOST,SIG_CREATOR,14,54,1,1,0.09810219541419203
GHOST,SIG_CREATOR,14,55,1,3,0.00019536834833131203
GHOST,SIG_CREATOR,14,56,1,1,0.10802746554430735
GHOST,SIG_CREATOR,14,57,1,3,0.14779574578910198
GHOST,SIG_CREATOR,14,58,1,0,0.10045003025117043
GHOST,SIG_CREATOR,14,59,1,2,0.11554859812274794
GHOST,SIG_CREATOR,14,60,1,1,0.17540076453076048
GHOST,SIG_CREATOR,14,61,1,0,0.13870655551469488
GHOST,SIG_CREATOR,14,62,1,2,0.013298229051449197
GHOST,SIG_CREATOR,14,63,1,1,0.1575334289811603
GHOST,SIG_CREATOR,14,64,1,1,0.01606075626221511
GHOST,SIG_CREATOR,14,65,1,2,0.0001065244487666484
GHOST,SIG_CREATOR,14,66,1,3,0.1421477214416707
GHOST,SIG_CREATOR,14,67,1,2,0.11638722761272623
GHOST,SIG_CREATOR,14,68,1,3,0.07251003274096797
GHOST,SIG_CREATOR,14,69,1,3,5.261111485044876e-06
GHOST,SIG_CREATOR,14,70,1,2,0.006556070659163332
GHOST,SIG_CREATOR,14,71,1,2,0.0004044384762674802
GHOST,SIG_CREATOR,14,72,1,2,0.09445754856565831
GHOST,SIG_CREATOR,14,73,1,2,0.08855671032793078
GHOST,SIG_CREATOR,14,74,1,3,0.13747749434223347
GHOST,SIG_CREATOR,14,75,1,1,0.01310818141003654
GHOST,SIG_CREATOR,14,76,1,2,0.004491807386504101
GHOST,SIG_CREATOR,14,77,1,2,0.11244087619476842
GHOST,SIG_CREATOR,14,78,1,2,0.21281027563811877
GHOST,SIG_CREATOR,14,79,1,3,0.0071502736940313154
GHOST,SIG_CREATOR,14,80,1,0,0.10388843886302736
GHOST,SIG_CREATOR,14,81,1,0,0.0002431916361105457
GHOST,SIG_CREATOR,14,82,1,2,0.00018396441663839935
GHOST,SIG_CREATOR,14,83,1,0,0.00019570921657965982
GHOST,SIG_CREATOR,14,84,1,3,0.09259891083638899
GHOST,SIG_CREATOR,14,85,1,3,0.16643325524626346
GHOST,SIG_CREATOR,14,86,1,0,0.08873736334631145
GHOST,SIG_CREATOR,14,87,1,1,0.10376677494511434
GHOST,SIG_CREATOR,14,88,1,0,0.009748443966679184
GHOST,SIG_CREATOR,14,89,1,1,0.13245163956166606
GHOST,SIG_CREATOR,14,90,1,2,0.10023002607052252
GHOST,SIG_CREATOR,14,91,1,3,0.0002587309168157843
GHOST,SIG_CREATOR,14,92,1,1,0.061155918222684715
GHOST,SIG_CREATOR,14,93,1,3,0.17617997540233313
GHOST,SIG_CREATOR,14,94,1,0,1.0610049736967784e-05
GHOST,SIG_CREATOR,14,95,1,1,0.0161930189183642
GHOST,SIG_CREATOR,14,96,1,0,0.011827915785026807
GHOST,SIG_CREATOR,14,97,1,3,0.13183741145405622
GHOST,SIG_CREATOR,14,98,1,1,0.0041636852504748295
GHOST,SIG_CREATOR,14,99,1,3,0.1832932882574315
GHOST,SIG_CREATOR,14,100,1,0,0.2625640672653479
GHOST,SIG_CREATOR,14,101,1,2,0.006259402595332789
GHOST,SIG_CREATOR,14,102,1,3,0.2099271473862664
GHOST,SIG_CREATOR,14,103,1,0,0.008301599844179618
GHOST,SIG_CREATOR,14,104,1,1,0.003002362731416123
GHOST,SIG_CREATOR,14,105,1,0,0.10285534843843223
GHOST,SIG_CREATOR,14,106,1,1,0.22359519528988694
GHOST,SIG_CREATOR,14,107,1,2,0.1855840590734829
GHOST,SIG_CREATOR,14,108,1,3,0.28083389555418276
GHOST,SIG_CREATOR,14,109,1,3,0.06289407613389895
GHOST,SIG_CREATOR,14,110,1,1,0.10995048141187655
GHOST,SIG_CREATOR,14,111,1,3,0.1222791674932341
GHOST,SIG_CREATOR,14,112,1,2,0.1717559330354055
GHOST,SIG_CREATOR,14,113,1,1,0.011995335536322784
GHOST,SIG_CREATOR,14,114,1,3,0.007361882029879235
GHOST,SIG_CREATOR,14,115,1,1,0.09564506573405002
GHOST,SIG_CREATOR,14,116,1,1,0.10372229506509971
GHOST,SIG_CREATOR,14,117,1,1,0.09197193521650532
GHOST,SIG_CREATOR,14,118,1,1,0.0027518399162294346
GHOST,SIG_CREATOR,14,119,1,2,0.1458796204749012
GHOST,SIG_CREATOR,14,120,1,3,0.10469830191637915
GHOST,SIG_CREATOR,14,121,1,2,0.012182992251939919
GHOST,SIG_CREATOR,14,122,1,0,0.09907349289164
GHOST,SIG_CREATOR,14,123,1,2,0.18173583160104828
GHOST,SIG_CREATOR,14,124,1,2,0.22579629147854824
GHOST,SIG_CREATOR,14,125,1,0,0.2133758106806921
GHOST,SIG_CREATOR,14,126,1,3,0.14389539899533307
GHOST,SIG_CREATOR,14,127,1,1,0.00019965869542508
GHOST,SIG_CREATOR,14,128,1,0,0.015622588420760874
GHOST,SIG_CREATOR,14,129,1,0,0.12556861952929782
GHOST,SIG_CREATOR,14,130,1,1,0.010961091068739635
GHOST,SIG_CREATOR,14,131,1,0,0.0674428125104055
GHOST,SIG_CREATOR,14,132,1,1,3.6638827158698802e-06
GHOST,SIG_CREATOR,14,133,1,1,0.23542347661601332
GHOST,SIG_CREATOR,14,134,1,3,2.2611618419230855e-06
GHOST,SIG_CREATOR,14,135,1,3,0.057206869114618995
GHOST,SIG_CREATOR,14,136,1,1,0.0038250829686125756
GHOST,SIG_CREATOR,14,137,1,0,0.13269381549751885
GHOST,SIG_CREATOR,14,138,1,0,0.004081079134332634
GHOST,SIG_CREATOR,14,139,1,3,7.836182854033075e-06
GHOST,SIG_CREATOR,14,140,1,1,0.00039783575908637544
GHOST,SIG_CREATOR,14,141,1,2,0.08850739509199594
GHOST,SIG_CREATOR,14,142,1,3,0.22381051325742074
GHOST,SIG_CREATOR,14,143,1,1,0.12769634268109153
GHOST,SIG_CREATOR,14,144,1,0,8.710243155830886e-08
GHOST,SIG_CREATOR,14,145,1,1,0.004914625799825658
GHOST,SIG_CREATOR,14,146,1,0,4.738463834761903e-08
GHOST,SIG_CREATOR,14,147,1,1,0.10584093625452166
GHOST,SIG_CREATOR,14,148,1,2,0.1620978395743693
GHOST,SIG_CREATOR,14,149,1,1,0.100833021569864
GHOST,SIG_CREATOR,14,150,1,1,0.005248058670436698
GHOST,SIG_CREATOR,14,151,1,1,0.1341078556982491
GHOST,SIG_CREATOR,14,152,1,2,0.06366246159025689
GHOST,SIG_CREATOR,14,153,1,2,0.000275842436174028
GHOST,SIG_CREATOR,14,154,1,2,1.70878144556714e-10
GHOST,SIG_CREATOR,14,155,1,1,0.11312990690860636
GHOST,SIG_CREATOR,14,156,1,1,0.0003846109610934717
GHOST,SIG_CREATOR,14,157,1,3,0.1722456395081001
GHOST,SIG_CREATOR,14,158,1,0,0.00265759246944003
GHOST,SIG_CREATOR,14,159,1,2,0.003756334607892601
GHOST,SIG_CREATOR,14,160,1,1,6.189566853258423e-08
GHOST,SIG_CREATOR,14,161,1,0,0.06306631646322794
GHOST,SIG_CREATOR,14,162,1,0,0.11268398437966487
GHOST,SIG_CREATOR,14,163,1,2,0.1508702679014543
GHOST,SIG_CREATOR,14,164,1,3,0.08738547476658434
GHOST,SIG_CREATOR,14,165,1,2,0.11517118096754403
GHOST,SIG_CREATOR,14,166,1,1,0.10692532759866696
GHOST,SIG_CREATOR,14,167,1,3,0.10374089224836662
GHOST,SIG_CREATOR,14,168,1,0,0.01683010367591402
GHOST,SIG_CREATOR,14,169,1,2,0.08857556074624486
GHOST,SIG_CREATOR,14,170,1,3,0.0820778608254413
GHOST,SIG_CREATOR,14,171,1,0,0.2213988291845977
GHOST,SIG_CREATOR,14,172,1,2,0.1406158677204069
GHOST,SIG_CREATOR,14,173,1,1,0.25718075702239246
GHOST,SIG_CREATOR,14,174,1,0,0.09136600302736268
GHOST,SIG_CREATOR,14,175,1,1,0.016662236067584057
GHOST,SIG_CREATOR,14,176,1,3,0.14009071818434674
GHOST,SIG_CREATOR,14,177,1,1,1.01719288724988e-05
GHOST,SIG_CREATOR,14,178,1,1,0.13706379314765027
GHOST,SIG_CREATOR,14,179,1,2,0.005421132830083355
GHOST,SIG_CREATOR,14,180,1,1,0.004571876111246271
GHOST,SIG_CREATOR,14,181,1,0,0.22523971481240573
GHOST,SIG_CREATOR,14,182,1,2,7.118866962293032e-06
GHOST,SIG_CREATOR,14,183,1,1,0.08785290390071819
GHOST,SIG_CREATOR,14,184,1,0,4.769727867120354e-06
GHOST,SIG_CREATOR,14,185,1,1,0.10344361351398118
GHOST,SIG_CREATOR,14,186,1,0,0.13728448790773773
GHOST,SIG_CREATOR,14,187,1,3,0.0864494584141243
GHOST,SIG_CREATOR,14,188,1,3,0.1997197528706844
GHOST,SIG_CREATOR,14,189,1,3,0.10168858206613246
GHOST,SIG_CREATOR,14,190,1,2,0.08406838081068557
GHOST,SIG_CREATOR,14,191,1,3,0.10899704696175504
GHOST,SIG_CREATOR,14,192,1,1,0.24453104681259213
GHOST,SIG_CREATOR,14,193,1,2,0.13833441045637762
GHOST,SIG_CREATOR,14,194,1,2,0.09220003304520732
GHOST,SIG_CREATOR,14,195,1,1,0.11302486444743237
GHOST,SIG_CREATOR,14,196,1,1,0.1295239706203282
GHOST,SIG_CREATOR,14,197,1,1,1.4848959831412524e-07
GHOST,SIG_CREATOR,14,198,1,0,0.11603517120597452
GHOST,SIG_CREATOR,14,199,1,1,0.07676595982446999
GHOST,SIG_CREATOR,15,0,1,0,0.15640580695092124
GHOST,SIG_CREATOR,15,1,1,2,0.14681153342514427
GHOST,SIG_CREATOR,15,2,1,3,0.004419811426400616
GHOST,SIG_CREATOR,15,3,1,1,0.07028615877954446
GHOST,SIG_CREATOR,15,4,1,1,0.0002938486804634554
GHOST,SIG_CREATOR,15,5,1,3,0.09693455833849832
GHOST,SIG_CREATOR,15,6,1,3,0.16638222223794916
GHOST,SIG_CREATOR,15,7,1,0,0.09460127765301692
GHOST,SIG_CREATOR,15,8,1,2,0.0879611990009728
GHOST,SIG_CREATOR,15,9,1,2,0.09830422171159511
GHOST,SIG_CREATOR,15,10,1,3,0.14448556821516378
GHOST,SIG_CREATOR,15,11,1,0,0.1625731643095817
GHOST,SIG_CREATOR,15,12,1,3,0.00013481885961285324
GHOST,SIG_CREATOR,15,13,1,3,0.1442550566735347
GHOST,SIG_CREATOR,15,14,1,0,0.005401577384492872
GHOST,SIG_CREATOR,15,15,1,1,0.11123994263552701
GHOST,SIG_CREATOR,15,16,1,3,0.1578475302222453
GHOST,SIG_CREATOR,15,17,1,1,0.07341715912598788
GHOST,SIG_CREATOR,15,18,1,1,0.2890325324937181
GHOST,SIG_CREATOR,15,19,1,0,0.20701158427724914
GHOST,SIG_CREATOR,15,20,1,2,0.19263494187848362
GHOST,SIG_CREATOR,15,21,1,1,0.26979331613147745
GHOST,SIG_CREATOR,15,22,1,1,0.24818225781467762
GHOST,SIG_CREATOR,15,23,1,1,0.1389087802368854
GHOST,SIG_CREATOR,15,24,1,0,0.00021866411314180252
GHOST,SIG_CREATOR,15,25,1,0,0.07342055320465647
GHOST,SIG_CREATOR,15,26,1,2,0.1873803849215736
GHOST,SIG_CREATOR,15,27,1,0,0.09220760935257259
GHOST,SIG_CREATOR,15,28,1,1,0.012621795325135108
GHOST,SIG_CREATOR,15,29,1,2,0.0029535584350316568
GHOST,SIG_CREATOR,15,30,1,3,0.003507081427616998
GHOST,SIG_CREATOR,15,31,1,2,0.003908043218448671
GHOST,SIG_CREATOR,15,32,1,0,0.09298693388935775
GHOST,SIG_CREATOR,15,33,1,2,0.00021658105077021933
GHOST,SIG_CREATOR,15,34,1,3,0.08046098077000782
GHOST,SIG_CREATOR,15,35,1,3,0.10464076183914532
GHOST,SIG_CREATOR,15,36,1,1,0.21845529060847374
GHOST,SIG_CREATOR,15,37,1,0,0.00029207782726161323
GHOST,SIG_CREATOR,15,38,1,1,0.01654041530371786
GHOST,SIG_CREATOR,15,39,1,3,0.2794442780640275
GHOST,SIG_CREATOR,15,40,1,2,0.09982657477243032
GHOST,SIG_CREATOR,15,41,1,3,0.20425872567835504
GHOST,SIG_CREATOR,15,42,1,0,0.14549993314870466
GHOST,SIG_CREATOR,15,43,1,2,0.002745580584882801
GHOST,SIG_CREATOR,15,44,1,3,0.00040145852180481056
GHOST,SIG_CREATOR,15,45,1,3,3.6042156814426465e-06
GHOST,SIG_CREATOR,15,46,1,1,0.1630840150292501
GHOST,SIG_CREATOR,15,47,1,1,0.00038483937476281176
GHOST,SIG_CREATOR,15,48,1,2,2.5029275209920303e-06
GHOST,SIG_CREATOR,15,49,1,0,4.3721653315257e-06
GHOST,SIG_CREATOR,15,50,1,0,0.1253966219887102
GHOST,SIG_CREATOR,15,51,1,2,7.414030731557911e-08
GHOST,SIG_CREATOR,15,52,1,1,0.00030157800608575835
GHOST,SIG_CREATOR,15,53,1,2,0.00018661522945699827
GHOST,SIG_CREATOR,15,54,1,1,0.18454583032295613
GHOST,SIG_CREATOR,15,55,1,3,0.003832227936733771
GHOST,SIG_CREATOR,15,56,1,3,0.0001407921155122753
GHOST,SIG_CREATOR,15,57,1,2,8.584530522964838e-06
GHOST,SIG_CREATOR,15,58,1,3,0.13678807852464436
GHOST,SIG_CREATOR,15,59,1,2,0.004203208119353625
GHOST,SIG_CREATOR,15,60,1,1,0.0002402308586540438
GHOST,SIG_CREATOR,15,61,1,2,0.0033468559320368814
GHOST,SIG_CREATOR,15,62,1,3,0.10195773269020514
GHOST,SIG_CREATOR,15,63,1,2,0.015673934108208002
GHOST,SIG_CREATOR,15,64,1,1,0.12539041817007016
GHOST,SIG_CREATOR,15,65,1,0,0.23064895348687786
GHOST,SIG_CREATOR,15,66,1,1,0.08874595863972157
GHOST,SIG_CREATOR,15,67,1,3,0.00577729836042705
GHOST,SIG_CREATOR,15,68,1,0,4.058320839393156e-06
GHOST,SIG_CREATOR,15,69,1,0,0.00034701071383176884
GHOST,SIG_CREATOR,15,70,1,2,0.2562987806760896
GHOST,SIG_CREATOR,15,71,1,0,0.0001848159442794157
GHOST,SIG_CREATOR,15,72,1,2,0.10078791603496792
GHOST,SIG_CREATOR,15,73,1,0,0.11132133455711772
GHOST,SIG_CREATOR,15,74,1,2,0.12168749440153367
GHOST,SIG_CREATOR,15,75,1,1,4.644297065323405e-06
GHOST,SIG_CREATOR,15,76,1,0,0.06686766139923812
GHOST,SIG_CREATOR,15,77,1,1,0.009547375455132175
GHOST,SIG_CREATOR,15,78,1,0,0.016493312423334863
GHOST,SIG_CREATOR,15,79,1,1,0.0002696389266799301
GHOST,SIG_CREATOR,15,80,1,0,2.4138994513826443e-06
GHOST,SIG_CREATOR,15,81,1,0,0.09679693997136428
GHOST,SIG_CREATOR,15,82,1,0,0.09328444287346818
GHOST,SIG_CREATOR,15,83,1,3,0.00020030437129965167
GHOST,SIG_CREATOR,15,84,1,1,0.00011175199993422375
GHOST,SIG_CREATOR,15,85,1,0,7.887417265489496e-06
GHOST,SIG_CREATOR,15,86,1,2,1.3349227549630684e-07
GHOST,SIG_CREATOR,15,87,1,0,0.15680297064419485
GHOST,SIG_CREATOR,15,88,1,3,0.21467742529947395
GHOST,SIG_CREATOR,15,89,1,1,0.14767049760735618
GHOST,SIG_CREATOR,15,90,1,3,0.00032103454496499033
GHOST,SIG_CREATOR,15,91,1,0,0.07692577487102165
GHOST,SIG_CREATOR,15,92,1,1,0.00039295797136663403
GHOST,SIG_CREATOR,15,93,1,3,0.13347787381260387
GHOST,SIG_CREATOR,15,94,1,2,0.1495093307840851
GHOST,SIG_CREATOR,15,95,1,3,0.11082488697781634
GHOST,SIG_CREATOR,15,96,1,3,0.08966731169898158
GHOST,SIG_CREATOR,15,97,1,0,0.11503572373005909
GHOST,SIG_CREATOR,15,98,1,3,0.00024819935476436524
GHOST,SIG_CREATOR,15,99,1,1,8.342136686316646e-06
GHOST,SIG_CREATOR,15,100,1,1,0.08472504275719055
GHOST,SIG_CREATOR,15,101,1,2,0.003718713993850096
GHOST,SIG_CREATOR,15,102,1,0,0.10805393600718811
GHOST,SIG_CREATOR,15,103,1,2,0.00033172405185516874
GHOST,SIG_CREATOR,15,104,1,1,0.17030580609304377
GHOST,SIG_CREATOR,15,105,1,1,0.08857314386653735
GHOST,SIG_CREATOR,15,106,1,0,0.13844639627178307
GHOST,SIG_CREATOR,15,107,1,1,0.14371804503252872
GHOST,SIG_CREATOR,15,108,1,0,0.13188661470587262
GHOST,SIG_CREATOR,15,109,1,3,0.10351364036927865
GHOST,SIG_CREATOR,15,110,1,2,0.1679563905704732
GHOST,SIG_CREATOR,15,111,1,0,0.09382855529985062
GHOST,SIG_CREATOR,15,112,1,2,0.17496430681366232
GHOST,SIG_CREATOR,15,113,1,0,0.13192076564044553
GHOST,SIG_CREATOR,15,114,1,2,0.1943695345878725
GHOST,SIG_CREATOR,15,115,1,3,0.11491248216945438
GHOST,SIG_CREATOR,15,116,1,1,0.09565587631304934
GHOST,SIG_CREATOR,15,117,1,1,0.0033207505364814768
GHOST,SIG_CREATOR,15,118,1,3,0.21754455673691286
GHOST,SIG_CREATOR,15,119,1,1,0.12474754620513205
GHOST,SIG_CREATOR,15,120,1,0,5.867909101430134e-06
GHOST,SIG_CREATOR,15,121,1,0,0.003579424399713429
GHOST,SIG_CREATOR,15,122,1,1,0.01578246619769638
GHOST,SIG_CREATOR,15,123,1,1,0.11735450306180445
GHOST,SIG_CREATOR,15,124,1,0,0.16114920267558763
GHOST,SIG_CREATOR,15,125,1,2,0.07984853015559425
GHOST,SIG_CREATOR,15,126,1,3,0.1351278640988426
GHOST,SIG_CREATOR,15,127,1,3,0.14612223859104978
GHOST,SIG_CREATOR,15,128,1,0,0.005287240619606653
GHOST,SIG_CREATOR,15,129,1,3,0.2758960837587777
GHOST,SIG_CREATOR,15,130,1,1,0.06612225621635849
GHOST,SIG_CREATOR,15,131,1,0,0.11613974126605675
GHOST,SIG_CREATOR,15,132,1,2,0.010035259159286231
GHOST,SIG_CREATOR,15,133,1,2,0.10911040645923087
GHOST,SIG_CREATOR,15,134,1,1,0.16309296466374415
GHOST,SIG_CREATOR,15,135,1,3,0.23319732050582315
GHOST,SIG_CREATOR,15,136,1,0,0.08027742339659068
GHOST,SIG_CREATOR,15,137,1,0,0.2534051845017709
GHOST,SIG_CREATOR,15,138,1,2,0.09103912104693643
GHOST,SIG_CREATOR,15,139,1,3,0.12445965956626603
GHOST,SIG_CREATOR,15,140,1,2,0.003690075301805952
GHOST,SIG_CREATOR,15,141,1,3,0.11728240834959205
GHOST,SIG_CREATOR,15,142,1,0,0.002704092138903148
GHOST,SIG_CREATOR,15,143,1,1,0.12235517541560592
GHOST,SIG_CREATOR,15,144,1,1,0.00026182550916035584
GHOST,SIG_CREATOR,15,145,1,3,0.07448790425815009
GHOST,SIG_CREATOR,15,146,1,1,0.00027671960095143356
GHOST,SIG_CREATOR,15,147,1,1,0.14333610634405386
GHOST,SIG_CREATOR,15,148,1,1,0.000244585968196758
GHOST,SIG_CREATOR,15,149,1,3,0.08107951219433257
GHOST,SIG_CREATOR,15,150,1,1,0.0801212591476106
GHOST,SIG_CREATOR,15,151,1,3,0.1358540535158545
GHOST,SIG_CREATOR,15,152,1,3,0.0699011531094595
GHOST,SIG_CREATOR,15,153,1,0,0.12038640903447302
GHOST,SIG_CREATOR,15,154,1,2,0.004915362558633996
GHOST,SIG_CREATOR,15,155,1,1,0.11230138746415179
GHOST,SIG_CREATOR,15,156,1,1,0.12618477276653356
GHOST,SIG_CREATOR,15,157,1,2,0.26049835237341473
GHOST,SIG_CREATOR,15,158,1,1,0.12526194124011386
GHOST,SIG_CREATOR,15,159,1,3,0.15972146544321952
GHOST,SIG_CREATOR,15,160,1,1,0.20857452509018787
GHOST,SIG_CREATOR,15,161,1,3,0.005765109037935911
GHOST,SIG_CREATOR,15,162,1,3,0.004843665439256534
GHOST,SIG_CREATOR,15,163,1,1,0.1281415486519188
GHOST,SIG_CREATOR,15,164,1,2,0.004097282290595044
GHOST,SIG_CREATOR,15,165,1,3,0.16836126300698795
GHOST,SIG_CREATOR,15,166,1,0,0.11557040014942457
GHOST,SIG_CREATOR,15,167,1,0,0.0001037463939760688
GHOST,SIG_CREATOR,15,168,1,0,0.011345361866970284
GHOST,SIG_CREATOR,15,169,1,1,0.08575197013877575
GHOST,SIG_CREATOR,15,170,1,3,0.14116741134938493
GHOST,SIG_CREATOR,15,171,1,0,0.01177431157850221
GHOST,SIG_CREATOR,15,172,1,0,0.09823455861433676
GHOST,SIG_CREATOR,15,173,1,2,0.15257267755467765
GHOST,SIG_CREATOR,15,174,1,3,0.14234402444021818
GHOST,SIG_CREATOR,15,175,1,0,0.008494773526633106
GHOST,SIG_CREATOR,15,176,1,2,0.20560724271848188
GHOST,SIG_CREATOR,15,177,1,0,3.984245776109929e-06
GHOST,SIG_CREATOR,15,178,1,1,0.0002076458389401421
GHOST,SIG_CREATOR,15,179,1,0,0.00034149114286395664
GHOST,SIG_CREATOR,15,180,1,3,0.16362012577189428
GHOST,SIG_CREATOR,15,181,1,0,0.14918381458357227
GHOST,SIG_CREATOR,15,182,1,3,0.004159675916232861
GHOST,SIG_CREATOR,15,183,1,2,0.00027362688375059886
GHOST,SIG_CREATOR,15,184,1,3,0.09392654910838491
GHOST,SIG_CREATOR,15,185,1,3,0.14877290558735898
GHOST,SIG_CREATOR,15,186,1,1,0.12260501541491306
GHOST,SIG_CREATOR,15,187,1,1,0.11144696020252498
GHOST,SIG_CREATOR,15,188,1,2,0.07301142155827667
GHOST,SIG_CREATOR,15,189,1,3,5.824404524579361e-06
GHOST,SIG_CREATOR,15,190,1,0,9.336839105093488e-08
GHOST,SIG_CREATOR,15,191,1,2,0.12701120571808797
GHOST,SIG_CREATOR,15,192,1,0,0.10469426662111367
GHOST,SIG_CREATOR,15,193,1,0,0.22027858935448508
GHOST,SIG_CREATOR,15,194,1,1,0.2574632337099332
GHOST,SIG_CREATOR,15,195,1,3,0.06829101186184168
GHOST,SIG_CREATOR,15,196,1,0,0.00032346048936951575
GHOST,SIG_CREATOR,15,197,1,0,0.28228158252391045
GHOST,SIG_CREATOR,15,198,1,0,0.00482533950143126
GHOST,SIG_CREATOR,15,199,1,3,0.08359044501617319
GHOST,SIG_CREATOR,16,0,1,3,0.1039865415671758
GHOST,SIG_CREATOR,16,1,1,1,0.015137425138348393
GHOST,SIG_CREATOR,16,2,1,0,0.23485308924455905
GHOST,SIG_CREATOR,16,3,1,3,0.14651898294643775
GHOST,SIG_CREATOR,16,4,1,1,0.006502824184676256
GHOST,SIG_CREATOR,16,5,1,2,0.14158877950565457
GHOST,SIG_CREATOR,16,6,1,3,0.24814372226550535
GHOST,SIG_CREATOR,16,7,1,0,0.10954369360639271
GHOST,SIG_CREATOR,16,8,1,1,0.23597278331786142
GHOST,SIG_CREATOR,16,9,1,2,0.0002748515981470281
GHOST,SIG_CREATOR,16,10,1,2,0.00023759314773897123
GHOST,SIG_CREATOR,16,11,1,3,0.12498085428336894
GHOST,SIG_CREATOR,16,12,1,2,0.1716893876296177
GHOST,SIG_CREATOR,16,13,1,0,0.08392026996018559
GHOST,SIG_CREATOR,16,14,1,0,0.12439601656390976
GHOST,SIG_CREATOR,16,15,1,2,0.2550069621180441
GHOST,SIG_CREATOR,16,16,1,3,0.08489142744154309
GHOST,SIG_CREATOR,16,17,1,3,0.016823128864005485
GHOST,SIG_CREATOR,16,18,1,2,0.08120788863336532
GHOST,SIG_CREATOR,16,19,1,3,0.07910716345746344
GHOST,SIG_CREATOR,16,20,1,1,0.14140336529141365
GHOST,SIG_CREATOR,16,21,1,0,0.00016551487519653963
GHOST,SIG_CREATOR,16,22,1,3,0.21579832538624893
GHOST,SIG_CREATOR,16,23,1,2,0.12897640396507712
GHOST,SIG_CREATOR,16,24,1,2,1.161249365803292e-07
GHOST,SIG_CREATOR,16,25,1,2,0.0032873430996961032
GHOST,SIG_CREATOR,16,26,1,1,0.12221529808430091
GHOST,SIG_CREATOR,16,27,1,2,0.0919593138461283
GHOST,SIG_CREATOR,16,28,1,1,0.008154949394427416
GHOST,SIG_CREATOR,16,29,1,0,0.07995953741815624
GHOST,SIG_CREATOR,16,30,1,1,0.09286983916942244
GHOST,SIG_CREATOR,16,31,1,0,1.1217793014810906e-10
GHOST,SIG_CREATOR,16,32,1,3,0.11519261479701498
GHOST,SIG_CREATOR,16,33,1,2,0.1989698163793226
GHOST,SIG_CREATOR,16,34,1,0,0.00016643685954766907
GHOST,SIG_CREATOR,16,35,1,0,0.0045418890760943065
GHOST,SIG_CREATOR,16,36,1,0,0.09404264198500226
GHOST,SIG_CREATOR,16,37,1,0,0.00408197956772366
GHOST,SIG_CREATOR,16,38,1,2,0.0002564177388670766
GHOST,SIG_CREATOR,16,39,1,1,0.14307392318861883
GHOST,SIG_CREATOR,16,40,1,3,0.07461123739200247
GHOST,SIG_CREATOR,16,41,1,2,0.003438072907925817
GHOST,SIG_CREATOR,16,42,1,1,0.16543002364306184
GHOST,SIG_CREATOR,16,43,1,3,0.003396667527434098
GHOST,SIG_CREATOR,16,44,1,1,0.19501907244726924
GHOST,SIG_CREATOR,16,45,1,0,0.15202779225875762
GHOST,SIG_CREATOR,16,46,1,0,0.011027831384631103
GHOST,SIG_CREATOR,16,47,1,0,0.0002678728266698606
GHOST,SIG_CREATOR,16,48,1,2,0.14839411861664115
GHOST,SIG_CREATOR,16,49,1,0,0.16462022077279878
GHOST,SIG_CREATOR,16,50,1,2,4.243991970393308e-06
GHOST,SIG_CREATOR,16,51,1,3,9.496210712381023e-08
GHOST,SIG_CREATOR,16,52,1,3,0.003846595931483591
GHOST,SIG_CREATOR,16,53,1,2,0.13543459300534727
GHOST,SIG_CREATOR,16,54,1,3,0.12914389234704884
GHOST,SIG_CREATOR,16,55,1,3,5.460284481957959e-06
GHOST,SIG_CREATOR,16,56,1,3,0.007895454468259835
GHOST,SIG_CREATOR,16,57,1,1,0.00030759740253608064
GHOST,SIG_CREATOR,16,58,1,2,0.11428844496326981
GHOST,SIG_CREATOR,16,59,1,0,0.12242174622071056
GHOST,SIG_CREATOR,16,60,1,0,0.005054172718365492
GHOST,SIG_CREATOR,16,61,1,3,0.00014812663914227534
GHOST,SIG_CREATOR,16,62,1,0,3.2266448325407418e-06
GHOST,SIG_CREATOR,16,63,1,0,0.13589557743187472
GHOST,SIG_CREATOR,16,64,1,0,0.00019649869142314143
GHOST,SIG_CREATOR,16,65,1,2,0.003673147496149253
GHOST,SIG_CREATOR,16,66,1,0,0.23541897961303657
GHOST,SIG_CREATOR,16,67,1,3,2.1333007877635277e-06
GHOST,SIG_CREATOR,16,68,1,3,0.1711935959184554
GHOST,SIG_CREATOR,16,69,1,2,0.008692272720818683
GHOST,SIG_CREATOR,16,70,1,2,0.004828197523302273
GHOST,SIG_CREATOR,16,71,1,2,0.00026996420483701056
GHOST,SIG_CREATOR,16,72,1,2,4.2291458422094254e-06
GHOST,SIG_CREATOR,16,73,1,1,0.14393622953094376
GHOST,SIG_CREATOR,16,74,1,3,0.003619104401786393
GHOST,SIG_CREATOR,16,75,1,1,0.058453556967019926
GHOST,SIG_CREATOR,16,76,1,3,0.23908376724841363
GHOST,SIG_CREATOR,16,77,1,2,0.10231841966143274
GHOST,SIG_CREATOR,16,78,1,3,0.2618509670425072
GHOST,SIG_CREATOR,16,79,1,2,0.18113001250626387
GHOST,SIG_CREATOR,16,80,1,2,0.23950407723034595
GHOST,SIG_CREATOR,16,81,1,3,0.24146570781560572
GHOST,SIG_CREATOR,16,82,1,2,0.12602870291142498
GHOST,SIG_CREATOR,16,83,1,0,0.12954540375396617
GHOST,SIG_CREATOR,16,84,1,2,0.24179499926841794
GHOST,SIG_CREATOR,16,85,1,0,0.00614922537325682
GHOST,SIG_CREATOR,16,86,1,1,8.585947763555072e-08
GHOST,SIG_CREATOR,16,87,1,2,3.964674616693348e-06
GHOST,SIG_CREATOR,16,88,1,0,4.143867444811033e-06
GHOST,SIG_CREATOR,16,89,1,3,0.0002482088626832321
GHOST,SIG_CREATOR,16,90,1,2,0.015284449189211617
GHOST,SIG_CREATOR,16,91,1,3,0.01272523588327905
GHOST,SIG_CREATOR,16,92,1,3,0.011003133896838416
GHOST,SIG_CREATOR,16,93,1,1,0.21717034872923582
GHOST,SIG_CREATOR,16,94,1,0,0.08344939619505964
GHOST,SIG_CREATOR,16,95,1,2,0.08616827151376771
GHOST,SIG_CREATOR,16,96,1,1,0.1315572717584096
GHOST,SIG_CREATOR,16,97,1,0,0.1437764510287317
GHOST,SIG_CREATOR,16,98,1,2,0.0047057754296305305
GHOST,SIG_CREATOR,16,99,1,1,3.5014041161840397e-06
GHOST,SIG_CREATOR,16,100,1,1,0.1342009981122231
GHOST,SIG_CREATOR,16,101,1,3,0.08020628063775544
GHOST,SIG_CREATOR,16,102,1,0,0.24111006524854917
GHOST,SIG_CREATOR,16,103,1,0,0.18346195792440495
GHOST,SIG_CREATOR,16,104,1,1,0.11770291000240464
GHOST,SIG_CREATOR,16,105,1,0,0.0953923286532477
GHOST,SIG_CREATOR,16,106,1,0,0.006450553946428001
GHOST,SIG_CREATOR,16,107,1,0,0.0059256521274136794
GHOST,SIG_CREATOR,16,108,1,2,0.17452717390088757
GHOST,SIG_CREATOR,16,109,1,2,0.1316888969140075
GHOST,SIG_CREATOR,16,110,1,2,0.0871634595926745
GHOST,SIG_CREATOR,16,111,1,2,0.003040379400946835
GHOST,SIG_CREATOR,16,112,1,3,0.14438741103132327
GHOST,SIG_CREATOR,16,113,1,2,0.08069288486438328
GHOST,SIG_CREATOR,16,114,1,1,0.1212975996793409
GHOST,SIG_CREATOR,16,115,1,2,0.24868623988224237
GHOST,SIG_CREATOR,16,116,1,2,0.09744279246894438
GHOST,SIG_CREATOR,16,117,1,1,0.1859287414616776
GHOST,SIG_CREATOR,16,118,1,3,0.11035910939292946
GHOST,SIG_CREATOR,16,119,1,0,0.004553706629928292
GHOST,SIG_CREATOR,16,120,1,0,0.127871419414809
GHOST,SIG_CREATOR,16,121,1,2,0.00027150989388686515
GHOST,SIG_CREATOR,16,122,1,0,0.1616684735495512
GHOST,SIG_CREATOR,16,123,1,2,0.015536034405594333
GHOST,SIG_CREATOR,16,124,1,1,0.01514430388648769
GHOST,SIG_CREATOR,16,125,1,2,0.00032657228460750577
GHOST,SIG_CREATOR,16,126,1,1,0.1288302742980065
GHOST,SIG_CREATOR,16,127,1,1,0.11212189418539582
GHOST,SIG_CREATOR,16,128,1,3,0.12856459636489528
GHOST,SIG_CREATOR,16,129,1,3,4.1865365055647425e-06
GHOST,SIG_CREATOR,16,130,1,3,0.00029353914361015697
GHOST,SIG_CREATOR,16,131,1,3,0.0002559197942052694
GHOST,SIG_CREATOR,16,132,1,2,0.1359665609043262
GHOST,SIG_CREATOR,16,133,1,0,0.27815279171040075
GHOST,SIG_CREATOR,16,134,1,0,0.09821425780405328
GHOST,SIG_CREATOR,16,135,1,0,0.005143079420468433
GHOST,SIG_CREATOR,16,136,1,1,0.12048981610303927
GHOST,SIG_CREATOR,16,137,1,0,0.26411809725395685
GHOST,SIG_CREATOR,16,138,1,3,0.1122940578076458
GHOST,SIG_CREATOR,16,139,1,0,0.09669389509481648
GHOST,SIG_CREATOR,16,140,1,3,0.1045350964133501
GHOST,SIG_CREATOR,16,141,1,0,0.2270449094943549
GHOST,SIG_CREATOR,16,142,1,3,0.10712498869355563
GHOST,SIG_CREATOR,16,143,1,3,0.17695360103681737
GHOST,SIG_CREATOR,16,144,1,1,0.06390067045650316
GHOST,SIG_CREATOR,16,145,1,0,0.0030427232941338646
GHOST,SIG_CREATOR,16,146,1,1,0.1132744822349017
GHOST,SIG_CREATOR,16,147,1,2,0.011326734285927639
GHOST,SIG_CREATOR,16,148,1,3,0.1994906359786589
GHOST,SIG_CREATOR,16,149,1,0,0.18840901541963012
GHOST,SIG_CREATOR,16,150,1,1,0.10579918397683834
GHOST,SIG_CREATOR,16,151,1,3,0.07900398367840786
GHOST,SIG_CREATOR,16,152,1,0,0.1527032972538569
GHOST,SIG_CREATOR,16,153,1,0,0.0002928057083176483
GHOST,SIG_CREATOR,16,154,1,0,3.813124889013531e-06
GHOST,SIG_CREATOR,16,155,1,0,0.012399448609570606
GHOST,SIG_CREATOR,16,156,1,0,0.0002472629717185577
GHOST,SIG_CREATOR,16,157,1,2,0.00016812940320519632
GHOST,SIG_CREATOR,16,158,1,0,0.21541144155540937
GHOST,SIG_CREATOR,16,159,1,3,0.013560061885599863
GHOST,SIG_CREATOR,16,160,1,3,0.23964903341893723
GHOST,SIG_CREATOR,16,161,1,2,0.13073746578947182
GHOST,SIG_CREATOR,16,162,1,1,0.24033550543825402
GHOST,SIG_CREATOR,16,163,1,0,0.005519156071740099
GHOST,SIG_CREATOR,16,164,1,1,0.1993134212257237
GHOST,SIG_CREATOR,16,165,1,1,4.575376847567604e-06
GHOST,SIG_CREATOR,16,166,1,1,0.16230360686413264
GHOST,SIG_CREATOR,16,167,1,2,0.06705419299325549
GHOST,SIG_CREATOR,16,168,1,3,0.12887090545388571
GHOST,SIG_CREATOR,16,169,1,0,0.19548557572402228
GHOST,SIG_CREATOR,16,170,1,0,0.10697610927190984
GHOST,SIG_CREATOR,16,171,1,0,0.12078221403855587
GHOST,SIG_CREATOR,16,172,1,0,0.2661607713170878
GHOST,SIG_CREATOR,16,173,1,1,0.0050130538109566134
GHOST,SIG_CREATOR,16,174,1,3,0.1238138777285526
GHOST,SIG_CREATOR,16,175,1,3,0.13088314051672678
GHOST,SIG_CREATOR,16,176,1,1,0.007121534459610659
GHOST,SIG_CREATOR,16,177,1,3,0.13199553473125158
GHOST,SIG_CREATOR,16,178,1,0,3.1327461826901236e-06
GHOST,SIG_CREATOR,16,179,1,2,0.18480629678863678
GHOST,SIG_CREATOR,16,180,1,1,0.13489109433468005
GHOST,SIG_CREATOR,16,181,1,0,0.103678972667001
GHOST,SIG_CREATOR,16,182,1,0,0.21352055072865259
GHOST,SIG_CREATOR,16,183,1,0,0.22114108058135507
GHOST,SIG_CREATOR,16,184,1,0,0.23062007060312217
GHOST,SIG_CREATOR,16,185,1,2,0.09583994423488607
GHOST,SIG_CREATOR,16,186,1,2,0.27833640709002766
GHOST,SIG_CREATOR,16,187,1,0,0.09469083484088928
GHOST,SIG_CREATOR,16,188,1,0,0.011514249733953602
GHOST,SIG_CREATOR,16,189,1,1,0.1088186078948401
GHOST,SIG_CREATOR,16,190,1,3,0.10087315690994424
GHOST,SIG_CREATOR,16,191,1,1,0.0031592660411484392
GHOST,SIG_CREATOR,16,192,1,3,0.13610306064866937
GHOST,SIG_CREATOR,16,193,1,2,0.25630251179095764
GHOST,SIG_CREATOR,16,194,1,1,0.12783696946075077
GHOST,SIG_CREATOR,16,195,1,1,0.09002964537203538
GHOST,SIG_CREATOR,16,196,1,3,0.16659794829694397
GHOST,SIG_CREATOR,16,197,1,0,0.012971101068510129
GHOST,SIG_CREATOR,16,198,1,2,0.22016123842263294
GHOST,SIG_CREATOR,16,199,1,0,0.08770979410385149
GHOST,SIG_CREATOR,17,0,1,0,0.20123264224142257
GHOST,SIG_CREATOR,17,1,1,2,0.17292338658799136
GHOST,SIG_CREATOR,17,2,1,1,0.25509798238139897
GHOST,SIG_CREATOR,17,3,1,0,0.07977000076593989
GHOST,SIG_CREATOR,17,4,1,2,0.09959675710095395
GHOST,SIG_CREATOR,17,5,1,1,0.1348784024725296
GHOST,SIG_CREATOR,17,6,1,3,0.13332640169679089
GHOST,SIG_CREATOR,17,7,1,2,0.18675878409252983
GHOST,SIG_CREATOR,17,8,1,2,0.2359278503306916
GHOST,SIG_CREATOR,17,9,1,3,0.14324220391432307
GHOST,SIG_CREATOR,17,10,1,3,5.446439565454741e-06
GHOST,SIG_CREATOR,17,11,1,3,0.011375709097920243
GHOST,SIG_CREATOR,17,12,1,1,0.2486211578227003
GHOST,SIG_CREATOR,17,13,1,2,0.23471027435978759
GHOST,SIG_CREATOR,17,14,1,0,0.013953137047462085
GHOST,SIG_CREATOR,17,15,1,2,0.08549362599886041
GHOST,SIG_CREATOR,17,16,1,0,0.013006395940920623
GHOST,SIG_CREATOR,17,17,1,3,0.09647563654597607
GHOST,SIG_CREATOR,17,18,1,1,0.10984995162233042
GHOST,SIG_CREATOR,17,19,1,0,0.01153198290813986
GHOST,SIG_CREATOR,17,20,1,2,0.017166534022157752
GHOST,SIG_CREATOR,17,21,1,0,0.004710899279620671
GHOST,SIG_CREATOR,17,22,1,0,0.14669500377589473
GHOST,SIG_CREATOR,17,23,1,0,0.07059331943615794
GHOST,SIG_CREATOR,17,24,1,0,0.07896503106762602
GHOST,SIG_CREATOR,17,25,1,2,0.12867114325464368
GHOST,SIG_CREATOR,17,26,1,2,0.0001533735190008449
GHOST,SIG_CREATOR,17,27,1,1,0.12138128420994823
GHOST,SIG_CREATOR,17,28,1,0,0.00022768141966433549
GHOST,SIG_CREATOR,17,29,1,1,0.00357345910637994
GHOST,SIG_CREATOR,17,30,1,0,0.2850519489784013
GHOST,SIG_CREATOR,17,31,1,0,0.0031878411035262226
GHOST,SIG_CREATOR,17,32,1,0,0.013509340992093003
GHOST,SIG_CREATOR,17,33,1,2,0.17386935959607192
GHOST,SIG_CREATOR,17,34,1,2,0.23490592313778016
GHOST,SIG_CREATOR,17,35,1,1,0.0959664559060306
GHOST,SIG_CREATOR,17,36,1,3,0.22776739222018572
GHOST,SIG_CREATOR,17,37,1,0,0.08895103332164032
GHOST,SIG_CREATOR,17,38,1,0,0.006427793867505983
GHOST,SIG_CREATOR,17,39,1,0,0.11953176483847301
GHOST,SIG_CREATOR,17,40,1,3,0.12857010098699176
GHOST,SIG_CREATOR,17,41,1,2,0.12862132850061636
GHOST,SIG_CREATOR,17,42,1,3,0.10977323603732643
GHOST,SIG_CREATOR,17,43,1,2,0.13622062617045408
GHOST,SIG_CREATOR,17,44,1,1,0.0002200869206012967
GHOST,SIG_CREATOR,17,45,1,1,0.11270940812092087
GHOST,SIG_CREATOR,17,46,1,2,0.09516011983032722
GHOST,SIG_CREATOR,17,47,1,1,0.24907133401420634
GHOST,SIG_CREATOR,17,48,1,2,1.0018658370100758e-08
GHOST,SIG_CREATOR,17,49,1,1,0.0861143148572647
GHOST,SIG_CREATOR,17,50,1,1,0.011233773497592185
GHOST,SIG_CREATOR,17,51,1,0,0.10049070549402978
GHOST,SIG_CREATOR,17,52,1,1,0.11212980255705553
GHOST,SIG_CREATOR,17,53,1,1,0.0774939956637021
GHOST,SIG_CREATOR,17,54,1,2,0.1049041330398531
GHOST,SIG_CREATOR,17,55,1,3,0.11758499130762315
GHOST,SIG_CREATOR,17,56,1,0,0.002850837448526157
GHOST,SIG_CREATOR,17,57,1,2,0.0778386840819595
GHOST,SIG_CREATOR,17,58,1,1,4.965873364328767e-06
GHOST,SIG_CREATOR,17,59,1,0,0.2656299537955677
GHOST,SIG_CREATOR,17,60,1,0,0.06872379351602234
GHOST,SIG_CREATOR,17,61,1,3,0.07887604816765192
GHOST,SIG_CREATOR,17,62,1,1,0.08961191018574662
GHOST,SIG_CREATOR,17,63,1,2,0.13295286507851173
GHOST,SIG_CREATOR,17,64,1,1,0.2458100002953068
GHOST,SIG_CREATOR,17,65,1,1,0.20812725955762373
GHOST,SIG_CREATOR,17,66,1,3,0.06391069024883735
GHOST,SIG_CREATOR,17,67,1,2,0.08570739231423381
GHOST,SIG_CREATOR,17,68,1,1,0.1378858276239014
GHOST,SIG_CREATOR,17,69,1,0,0.09565316217238155
GHOST,SIG_CREATOR,17,70,1,2,0.24988923682845832
GHOST,SIG_CREATOR,17,71,1,3,0.00011806878943739574
GHOST,SIG_CREATOR,17,72,1,2,0.2038846489206644
GHOST,SIG_CREATOR,17,73,1,2,0.00786952527834661
GHOST,SIG_CREATOR,17,74,1,1,0.005006970345628598
GHOST,SIG_CREATOR,17,75,1,0,0.014342082137175825
GHOST,SIG_CREATOR,17,76,1,3,9.923957789984346e-09
GHOST,SIG_CREATOR,17,77,1,0,1.4304789053110902e-10
GHOST,SIG_CREATOR,17,78,1,1,0.23666459161018621
GHOST,SIG_CREATOR,17,79,1,0,0.2629493333553197
GHOST,SIG_CREATOR,17,80,1,3,0.09034654332277432
GHOST,SIG_CREATOR,17,81,1,2,0.10241735131401497
GHOST,SIG_CREATOR,17,82,1,3,0.08742402816014169
GHOST,SIG_CREATOR,17,83,1,3,0.08465956811144677
GHOST,SIG_CREATOR,17,84,1,0,7.4834575553257205e-06
GHOST,SIG_CREATOR,17,85,1,0,0.0002604306551615822
GHOST,SIG_CREATOR,17,86,1,1,0.20480559432118878
GHOST,SIG_CREATOR,17,87,1,0,0.003977731476829686
GHOST,SIG_CREATOR,17,88,1,1,0.17549463689000475
GHOST,SIG_CREATOR,17,89,1,3,4.830755391983775e-06
GHOST,SIG_CREATOR,17,90,1,1,0.006733716153147658
GHOST,SIG_CREATOR,17,91,1,0,0.18552202802459444
GHOST,SIG_CREATOR,17,92,1,2,0.17580810230355204
GHOST,SIG_CREATOR,17,93,1,1,0.0003627590372294983
GHOST,SIG_CREATOR,17,94,1,1,0.10052219700475237
GHOST,SIG_CREATOR,17,95,1,0,0.0002511205691276884
GHOST,SIG_CREATOR,17,96,1,0,0.10101154369523356
GHOST,SIG_CREATOR,17,97,1,2,0.10357915908788749
GHOST,SIG_CREATOR,17,98,1,0,0.0002691998608841806
GHOST,SIG_CREATOR,17,99,1,0,0.012232899489232
GHOST,SIG_CREATOR,17,100,1,2,0.12087042653349984
GHOST,SIG_CREATOR,17,101,1,2,0.2792573738228341
GHOST,SIG_CREATOR,17,102,1,1,0.1871456140506641
GHOST,SIG_CREATOR,17,103,1,1,0.18780863244752438
GHOST,SIG_CREATOR,17,104,1,1,0.10562109034695649
GHOST,SIG_CREATOR,17,105,1,0,0.015725461236825042
GHOST,SIG_CREATOR,17,106,1,1,0.14660057449677083
GHOST,SIG_CREATOR,17,107,1,3,0.016801782817927893
GHOST,SIG_CREATOR,17,108,1,1,0.10799283090051626
GHOST,SIG_CREATOR,17,109,1,1,0.00022907722301648226
GHOST,SIG_CREATOR,17,110,1,2,0.0001776762154408689
GHOST,SIG_CREATOR,17,111,1,3,0.10506240002179086
GHOST,SIG_CREATOR,17,112,1,3,0.174802794103896
GHOST,SIG_CREATOR,17,113,1,2,0.20892515088356056
GHOST,SIG_CREATOR,17,114,1,0,0.005473452680556883
GHOST,SIG_CREATOR,17,115,1,0,0.12373505175323243
GHOST,SIG_CREATOR,17,116,1,1,0.1264036740933398
GHOST,SIG_CREATOR,17,117,1,1,0.0002828050112582777
GHOST,SIG_CREATOR,17,118,1,1,9.957274913650722e-05
GHOST,SIG_CREATOR,17,119,1,1,0.00037362721637699224
GHOST,SIG_CREATOR,17,120,1,2,0.13138823082271192
GHOST,SIG_CREATOR,17,121,1,2,0.19119734367969873
GHOST,SIG_CREATOR,17,122,1,1,0.18589646103670188
GHOST,SIG_CREATOR,17,123,1,0,0.10247857608906825
GHOST,SIG_CREATOR,17,124,1,1,0.07262719070973826
GHOST,SIG_CREATOR,17,125,1,1,0.15331563034060194
GHOST,SIG_CREATOR,17,126,1,0,0.10537440204694042
GHOST,SIG_CREATOR,17,127,1,2,0.00023007563069571397
GHOST,SIG_CREATOR,17,128,1,0,3.265662853189348e-06
GHOST,SIG_CREATOR,17,129,1,2,0.1109872858543257
GHOST,SIG_CREATOR,17,130,1,0,0.013869253630773362
GHOST,SIG_CREATOR,17,131,1,0,5.519291405449282e-06
GHOST,SIG_CREATOR,17,132,1,2,0.0002801730536700955
GHOST,SIG_CREATOR,17,133,1,2,0.00021130372902629087
GHOST,SIG_CREATOR,17,134,1,1,0.10016572895686977
GHOST,SIG_CREATOR,17,135,1,3,0.09453312942401242
GHOST,SIG_CREATOR,17,136,1,2,0.10232999297588152
GHOST,SIG_CREATOR,17,137,1,3,0.09670476822868383
GHOST,SIG_CREATOR,17,138,1,2,0.22919659637942486
GHOST,SIG_CREATOR,17,139,1,1,0.16208148074612225
GHOST,SIG_CREATOR,17,140,1,0,0.10362950061484738
GHOST,SIG_CREATOR,17,141,1,2,0.012641347484300925
GHOST,SIG_CREATOR,17,142,1,1,0.11833741533808687
GHOST,SIG_CREATOR,17,143,1,2,0.005118506371772369
GHOST,SIG_CREATOR,17,144,1,1,0.000342786090752698
GHOST,SIG_CREATOR,17,145,1,2,0.11741751986960768
GHOST,SIG_CREATOR,17,146,1,3,0.0003099022491339147
GHOST,SIG_CREATOR,17,147,1,2,0.10339220249877158
GHOST,SIG_CREATOR,17,148,1,2,0.0030156967564613922
GHOST,SIG_CREATOR,17,149,1,2,0.002587757947259277
GHOST,SIG_CREATOR,17,150,1,0,0.09627951292587815
GHOST,SIG_CREATOR,17,151,1,3,0.006790281038903371
GHOST,SIG_CREATOR,17,152,1,3,0.013830912437709007
GHOST,SIG_CREATOR,17,153,1,0,0.13310700327042035
GHOST,SIG_CREATOR,17,154,1,0,1.786335092081452e-07
GHOST,SIG_CREATOR,17,155,1,0,0.01711963546915309
GHOST,SIG_CREATOR,17,156,1,0,0.12580262024240016
GHOST,SIG_CREATOR,17,157,1,0,0.005851426244192425
GHOST,SIG_CREATOR,17,158,1,2,0.24677823043295705
GHOST,SIG_CREATOR,17,159,1,2,0.013959881961571547
GHOST,SIG_CREATOR,17,160,1,3,0.09328406992318547
GHOST,SIG_CREATOR,17,161,1,1,0.19491100685505422
GHOST,SIG_CREATOR,17,162,1,1,0.08653877020284466
GHOST,SIG_CREATOR,17,163,1,3,0.1013373938391648
GHOST,SIG_CREATOR,17,164,1,3,0.06684380691312922
GHOST,SIG_CREATOR,17,165,1,3,0.09003131389386537
GHOST,SIG_CREATOR,17,166,1,0,0.21679081290198726
GHOST,SIG_CREATOR,17,167,1,3,0.0002276891850119812
GHOST,SIG_CREATOR,17,168,1,0,0.23914699907125397
GHOST,SIG_CREATOR,17,169,1,2,0.11697705489466396
GHOST,SIG_CREATOR,17,170,1,1,0.07490598487502989
GHOST,SIG_CREATOR,17,171,1,2,0.15373641622602308
GHOST,SIG_CREATOR,17,172,1,1,2.916914540717697e-06
GHOST,SIG_CREATOR,17,173,1,2,0.0002761075592340276
GHOST,SIG_CREATOR,17,174,1,2,0.24151203671232507
GHOST,SIG_CREATOR,17,175,1,0,0.07924887552312654
GHOST,SIG_CREATOR,17,176,1,2,0.09051183149390418
GHOST,SIG_CREATOR,17,177,1,3,0.00022039516769481444
GHOST,SIG_CREATOR,17,178,1,0,0.1408394529362161
GHOST,SIG_CREATOR,17,179,1,3,0.10135115554542759
GHOST,SIG_CREATOR,17,180,1,0,8.709365895852482e-06
GHOST,SIG_CREATOR,17,181,1,0,0.24760040847016176
GHOST,SIG_CREATOR,17,182,1,3,0.12363490385039634
GHOST,SIG_CREATOR,17,183,1,3,0.21887990784246408
GHOST,SIG_CREATOR,17,184,1,0,0.10988200673960556
GHOST,SIG_CREATOR,17,185,1,3,0.004288797013835711
GHOST,SIG_CREATOR,17,186,1,3,0.08000522399948663
GHOST,SIG_CREATOR,17,187,1,2,0.11089847897789003
GHOST,SIG_CREATOR,17,188,1,3,0.21429944917048596
GHOST,SIG_CREATOR,17,189,1,3,0.1265115496616843
GHOST,SIG_CREATOR,17,190,1,2,6.786782191174212e-06
GHOST,SIG_CREATOR,17,191,1,0,0.006205333475151653
GHOST,SIG_CREATOR,17,192,1,0,0.10188331213964527
GHOST,SIG_CREATOR,17,193,1,2,0.119326802495715
GHOST,SIG_CREATOR,17,194,1,0,0.000226077622117433
GHOST,SIG_CREATOR,17,195,1,3,0.005893420985186415
GHOST,SIG_CREATOR,17,196,1,0,0.00015931554761204413
GHOST,SIG_CREATOR,17,197,1,0,0.16801291044636713
GHOST,SIG_CREATOR,17,198,1,3,0.00022962698903714735
GHOST,SIG_CREATOR,17,199,1,2,0.0003345132747292342
GHOST,SIG_CREATOR,18,0,1,1,0.15637636678661307
GHOST,SIG_CREATOR,18,1,1,0,0.09487293365890151
GHOST,SIG_CREATOR,18,2,1,1,0.16664485308093263
GHOST,SIG_CREATOR,18,3,1,2,0.14720647701740566
GHOST,SIG_CREATOR,18,4,1,3,0.14200257543292427
GHOST,SIG_CREATOR,18,5,1,3,0.11236548514718314
GHOST,SIG_CREATOR,18,6,1,0,0.003002817797232741
GHOST,SIG_CREATOR,18,7,1,3,3.8565599495421535e-06
GHOST,SIG_CREATOR,18,8,1,1,0.07556152189758178
GHOST,SIG_CREATOR,18,9,1,3,0.12982713688058053
GHOST,SIG_CREATOR,18,10,1,3,0.002253512187839267
GHOST,SIG_CREATOR,18,11,1,3,0.13943893440335614
GHOST,SIG_CREATOR,18,12,1,2,0.003128716519652492
GHOST,SIG_CREATOR,18,13,1,1,0.10873924622506548
GHOST,SIG_CREATOR,18,14,1,3,0.10535374591979278
GHOST,SIG_CREATOR,18,15,1,0,0.11571184131611084
GHOST,SIG_CREATOR,18,16,1,2,0.1005931869814628
GHOST,SIG_CREATOR,18,17,1,3,0.10215802844442096
GHOST,SIG_CREATOR,18,18,1,2,0.18582480268355112
GHOST,SIG_CREATOR,18,19,1,2,0.22738673713145258
GHOST,SIG_CREATOR,18,20,1,1,0.16025336293487527
GHOST,SIG_CREATOR,18,21,1,2,0.12349809784097912
GHOST,SIG_CREATOR,18,22,1,1,0.1582758963532297
GHOST,SIG_CREATOR,18,23,1,0,0.19606050459601237
GHOST,SIG_CREATOR,18,24,1,1,0.08858176236420873
GHOST,SIG_CREATOR,18,25,1,1,0.14961670557532622
GHOST,SIG_CREATOR,18,26,1,1,6.072055036345855e-06
GHOST,SIG_CREATOR,18,27,1,2,0.202630900016419
GHOST,SIG_CREATOR,18,28,1,3,0.005082284187217319
GHOST,SIG_CREATOR,18,29,1,3,0.1309976147493913
GHOST,SIG_CREATOR,18,30,1,3,0.08415066402559897
GHOST,SIG_CREATOR,18,31,1,3,0.003805110593230148
GHOST,SIG_CREATOR,18,32,1,0,0.11532809495577676
GHOST,SIG_CREATOR,18,33,1,0,0.1267142389188311
GHOST,SIG_CREATOR,18,34,1,3,0.09040593153080433
GHOST,SIG_CREATOR,18,35,1,1,0.183536070345464
GHOST,SIG_CREATOR,18,36,1,3,9.566788812412919e-06
GHOST,SIG_CREATOR,18,37,1,2,0.27385392452039947
GHOST,SIG_CREATOR,18,38,1,2,0.11027193847632645
GHOST,SIG_CREATOR,18,39,1,1,0.05545202859144843
GHOST,SIG_CREATOR,18,40,1,0,0.15396587922338228
GHOST,SIG_CREATOR,18,41,1,1,0.11936478387031399
GHOST,SIG_CREATOR,18,42,1,1,0.07749910968407968
GHOST,SIG_CREATOR,18,43,1,2,0.002395362310903174
GHOST,SIG_CREATOR,18,44,1,2,0.08714275678332167
GHOST,SIG_CREATOR,18,45,1,1,0.08674001994326726
GHOST,SIG_CREATOR,18,46,1,2,0.08050488742475496
GHOST,SIG_CREATOR,18,47,1,1,0.005254252384090916
GHOST,SIG_CREATOR,18,48,1,3,0.23589478564797375
GHOST,SIG_CREATOR,18,49,1,2,0.0736418400534026
GHOST,SIG_CREATOR,18,50,1,2,0.2803651369354234
GHOST,SIG_CREATOR,18,51,1,1,0.25855802690941265
GHOST,SIG_CREATOR,18,52,1,3,3.4296582613598366e-06
GHOST,SIG_CREATOR,18,53,1,3,0.18438130483354234
GHOST,SIG_CREATOR,18,54,1,3,0.1265452954505776
GHOST,SIG_CREATOR,18,55,1,0,0.09779794128938737
GHOST,SIG_CREATOR,18,56,1,0,0.17132153714872542
GHOST,SIG_CREATOR,18,57,1,2,0.18253220638981074
GHOST,SIG_CREATOR,18,58,1,3,0.015014854369108072
GHOST,SIG_CREATOR,18,59,1,2,0.25413623886920245
GHOST,SIG_CREATOR,18,60,1,3,0.1163251300010335
GHOST,SIG_CREATOR,18,61,1,3,0.11505233216812066
GHOST,SIG_CREATOR,18,62,1,0,0.2639751328802958
GHOST,SIG_CREATOR,18,63,1,0,0.11373226274239853
GHOST,SIG_CREATOR,18,64,1,3,0.11399754285943273
GHOST,SIG_CREATOR,18,65,1,2,0.11270994744008246
GHOST,SIG_CREATOR,18,66,1,3,0.01290161804734127
GHOST,SIG_CREATOR,18,67,1,1,0.1485188053389035
GHOST,SIG_CREATOR,18,68,1,0,0.12725332731960345
GHOST,SIG_CREATOR,18,69,1,0,0.004616068940282861
GHOST,SIG_CREATOR,18,70,1,1,0.10556569292439535
GHOST,SIG_CREATOR,18,71,1,2,0.14412330385636843
GHOST,SIG_CREATOR,18,72,1,0,0.07580437580548592
GHOST,SIG_CREATOR,18,73,1,2,0.1122998178279557
GHOST,SIG_CREATOR,18,74,1,2,0.12641312735528354
GHOST,SIG_CREATOR,18,75,1,0,0.005279640461008976
GHOST,SIG_CREATOR,18,76,1,3,0.16207633137502334
GHOST,SIG_CREATOR,18,77,1,3,0.11631432692044782
GHOST,SIG_CREATOR,18,78,1,2,0.00024405060377109903
GHOST,SIG_CREATOR,18,79,1,0,0.11502467541462155
GHOST,SIG_CREATOR,18,80,1,0,0.18301137974526716
GHOST,SIG_CREATOR,18,81,1,2,0.1095948080814982
GHOST,SIG_CREATOR,18,82,1,2,0.20380470241747578
GHOST,SIG_CREATOR,18,83,1,2,0.07692191028188977
GHOST,SIG_CREATOR,18,84,1,0,0.15019499308005976
GHOST,SIG_CREATOR,18,85,1,2,0.017065595648289952
GHOST,SIG_CREATOR,18,86,1,2,0.015180186989021472
GHOST,SIG_CREATOR,18,87,1,2,0.0920950027973866
GHOST,SIG_CREATOR,18,88,1,0,0.09274639841352414
GHOST,SIG_CREATOR,18,89,1,2,0.11191821493808674
GHOST,SIG_CREATOR,18,90,1,3,0.2154282553071178
GHOST,SIG_CREATOR,18,91,1,2,0.16844931716680583
GHOST,SIG_CREATOR,18,92,1,3,0.18726413584180124
GHOST,SIG_CREATOR,18,93,1,0,0.0069000442796613975
GHOST,SIG_CREATOR,18,94,1,0,0.1280292594125031
GHOST,SIG_CREATOR,18,95,1,2,0.013270943342280293
GHOST,SIG_CREATOR,18,96,1,1,0.1902600091615253
GHOST,SIG_CREATOR,18,97,1,3,0.1610048451433098
GHOST,SIG_CREATOR,18,98,1,3,0.19628000441538318
GHOST,SIG_CREATOR,18,99,1,2,0.10136964649099771
GHOST,SIG_CREATOR,18,100,1,0,0.0661912539206927
GHOST,SIG_CREATOR,18,101,1,3,0.08989201454414135
GHOST,SIG_CREATOR,18,102,1,1,0.19289906319566402
GHOST,SIG_CREATOR,18,103,1,3,0.15256321604525003
GHOST,SIG_CREATOR,18,104,1,0,0.00496912927575768
GHOST,SIG_CREATOR,18,105,1,2,0.10688903390005333
GHOST,SIG_CREATOR,18,106,1,1,0.11127961827415059
GHOST,SIG_CREATOR,18,107,1,0,0.09064084555760174
GHOST,SIG_CREATOR,18,108,1,1,0.13261956780956918
GHOST,SIG_CREATOR,18,109,1,0,0.0681274485323498
GHOST,SIG_CREATOR,18,110,1,0,0.24763203002734147
GHOST,SIG_CREATOR,18,111,1,2,0.013897678432645468
GHOST,SIG_CREATOR,18,112,1,1,0.06734943741834205
GHOST,SIG_CREATOR,18,113,1,0,0.14445542166440106
GHOST,SIG_CREATOR,18,114,1,3,0.13817268500623653
GHOST,SIG_CREATOR,18,115,1,3,0.09873475267436821
GHOST,SIG_CREATOR,18,116,1,3,0.0002546579169570657
GHOST,SIG_CREATOR,18,117,1,0,0.06556719144787576
GHOST,SIG_CREATOR,18,118,1,2,0.00021760522799606113
GHOST,SIG_CREATOR,18,119,1,0,0.20866897044963653
GHOST,SIG_CREATOR,18,120,1,2,0.07511024350610727
GHOST,SIG_CREATOR,18,121,1,2,0.22339918629843097
GHOST,SIG_CREATOR,18,122,1,3,0.0038104672052829093
GHOST,SIG_CREATOR,18,123,1,2,0.10122206558737072
GHOST,SIG_CREATOR,18,124,1,3,0.003835385322892228
GHOST,SIG_CREATOR,18,125,1,2,0.01041383459434704
GHOST,SIG_CREATOR,18,126,1,3,9.014182435838762e-08
GHOST,SIG_CREATOR,18,127,1,3,0.22304310579737766
GHOST,SIG_CREATOR,18,128,1,3,0.006627417337878526
GHOST,SIG_CREATOR,18,129,1,0,0.11963872979033398
GHOST,SIG_CREATOR,18,130,1,0,0.14952246008838851
GHOST,SIG_CREATOR,18,131,1,2,0.1009956093040365
GHOST,SIG_CREATOR,18,132,1,2,0.009794565512810579
GHOST,SIG_CREATOR,18,133,1,3,0.00016088633063046604
GHOST,SIG_CREATOR,18,134,1,2,0.004366961781188821
GHOST,SIG_CREATOR,18,135,1,2,0.005252462240409584
GHOST,SIG_CREATOR,18,136,1,2,0.09854688065669774
GHOST,SIG_CREATOR,18,137,1,1,0.12010425218815404
GHOST,SIG_CREATOR,18,138,1,2,0.21813952992121466
GHOST,SIG_CREATOR,18,139,1,2,0.13005831501616513
GHOST,SIG_CREATOR,18,140,1,2,0.13459023602805076
GHOST,SIG_CREATOR,18,141,1,2,0.12059189949806094
GHOST,SIG_CREATOR,18,142,1,1,0.1466210117080155
GHOST,SIG_CREATOR,18,143,1,3,0.1436711562282963
GHOST,SIG_CREATOR,18,144,1,1,0.16943246106548449
GHOST,SIG_CREATOR,18,145,1,3,0.10801702434054128
GHOST,SIG_CREATOR,18,146,1,1,1.9225238518583125e-12
GHOST,SIG_CREATOR,18,147,1,0,0.20320116295505442
GHOST,SIG_CREATOR,18,148,1,0,4.076646470011333e-06
GHOST,SIG_CREATOR,18,149,1,1,0.09323085576189971
GHOST,SIG_CREATOR,18,150,1,2,0.0002056306185788982
GHOST,SIG_CREATOR,18,151,1,2,0.07275152773030773
GHOST,SIG_CREATOR,18,152,1,0,5.2478898730988794e-06
GHOST,SIG_CREATOR,18,153,1,1,0.1977783665453378
GHOST,SIG_CREATOR,18,154,1,0,0.2476082586753217
GHOST,SIG_CREATOR,18,155,1,0,0.21345470912360834
GHOST,SIG_CREATOR,18,156,1,2,0.005713560370228186
GHOST,SIG_CREATOR,18,157,1,2,0.00030363211959485146
GHOST,SIG_CREATOR,18,158,1,2,0.07665784006265844
GHOST,SIG_CREATOR,18,159,1,2,0.13878011806850843
GHOST,SIG_CREATOR,18,160,1,1,5.963315569035498e-08
GHOST,SIG_CREATOR,18,161,1,1,0.19690269697954194
GHOST,SIG_CREATOR,18,162,1,3,0.004707486130468494
GHOST,SIG_CREATOR,18,163,1,1,0.22860749523499085
GHOST,SIG_CREATOR,18,164,1,2,0.20446075497127986
GHOST,SIG_CREATOR,18,165,1,0,0.1289087907032413
GHOST,SIG_CREATOR,18,166,1,3,0.0002981918940302173
GHOST,SIG_CREATOR,18,167,1,2,0.0001770226209966105
GHOST,SIG_CREATOR,18,168,1,1,0.09357958604758151
GHOST,SIG_CREATOR,18,169,1,3,0.21205297237846465
GHOST,SIG_CREATOR,18,170,1,0,0.10195343261116446
GHOST,SIG_CREATOR,18,171,1,2,0.08376961531870145
GHOST,SIG_CREATOR,18,172,1,2,0.0949146863916396
GHOST,SIG_CREATOR,18,173,1,1,0.20205910445451958
GHOST,SIG_CREATOR,18,174,1,1,0.07977524992520932
GHOST,SIG_CREATOR,18,175,1,0,0.0050812631728609226
GHOST,SIG_CREATOR,18,176,1,2,0.11117095402448861
GHOST,SIG_CREATOR,18,177,1,0,0.22795016916872213
GHOST,SIG_CREATOR,18,178,1,0,0.0737518172334588
GHOST,SIG_CREATOR,18,179,1,0,0.1426865054991806
GHOST,SIG_CREATOR,18,180,1,0,3.0989569619298846e-06
GHOST,SIG_CREATOR,18,181,1,2,0.1256451096314659
GHOST,SIG_CREATOR,18,182,1,0,0.2357660745503416
GHOST,SIG_CREATOR,18,183,1,2,6.309726852875815e-06
GHOST,SIG_CREATOR,18,184,1,0,0.11919313270405538
GHOST,SIG_CREATOR,18,185,1,1,0.0002978352810865663
GHOST,SIG_CREATOR,18,186,1,0,0.07982084074084475
GHOST,SIG_CREATOR,18,187,1,0,0.010025651466219766
GHOST,SIG_CREATOR,18,188,1,2,0.00028805304165434374
GHOST,SIG_CREATOR,18,189,1,2,0.0037061900625770324
GHOST,SIG_CREATOR,18,190,1,1,0.014999918832289526
GHOST,SIG_CREATOR,18,191,1,1,0.071963702381388
GHOST,SIG_CREATOR,18,192,1,3,0.0650869308595716
GHOST,SIG_CREATOR,18,193,1,0,0.11824050819094303
GHOST,SIG_CREATOR,18,194,1,3,0.004150060288224774
GHOST,SIG_CREATOR,18,195,1,3,0.01207945682128617
GHOST,SIG_CREATOR,18,196,1,0,0.00023254198341569226
GHOST,SIG_CREATOR,18,197,1,2,0.00021594837851541515
GHOST,SIG_CREATOR,18,198,1,2,0.014403076283164024
GHOST,SIG_CREATOR,18,199,1,3,0.002687270837889758
GHOST,SIG_CREATOR,19,0,1,3,0.15316690897565077
GHOST,SIG_CREATOR,19,1,1,0,0.00369353043222716
GHOST,SIG_CREATOR,19,2,1,0,0.08796949418124658
GHOST,SIG_CREATOR,19,3,1,3,0.2278280266706439
GHOST,SIG_CREATOR,19,4,1,0,0.0798177200200462
GHOST,SIG_CREATOR,19,5,1,0,0.0033002156176892457
GHOST,SIG_CREATOR,19,6,1,3,0.20629839186135748
GHOST,SIG_CREATOR,19,7,1,2,0.12470437866302486
GHOST,SIG_CREATOR,19,8,1,1,0.13414332594388312
GHOST,SIG_CREATOR,19,9,1,0,5.430711840946583e-06
GHOST,SIG_CREATOR,19,10,1,2,0.00029728342350466566
GHOST,SIG_CREATOR,19,11,1,0,0.1476319927040346
GHOST,SIG_CREATOR,19,12,1,0,0.14493207486484236
GHOST,SIG_CREATOR,19,13,1,2,0.13416571197690058
GHOST,SIG_CREATOR,19,14,1,1,0.23640429997583573
GHOST,SIG_CREATOR,19,15,1,2,0.14764950899498946
GHOST,SIG_CREATOR,19,16,1,3,0.0001042569936869526
GHOST,SIG_CREATOR,19,17,1,2,0.009365568820731114
GHOST,SIG_CREATOR,19,18,1,2,0.005902194063671979
GHOST,SIG_CREATOR,19,19,1,0,0.13743667229160134
GHOST,SIG_CREATOR,19,20,1,3,0.10034514086941809
GHOST,SIG_CREATOR,19,21,1,3,0.2483096423828349
GHOST,SIG_CREATOR,19,22,1,1,0.13091745082651127
GHOST,SIG_CREATOR,19,23,1,1,0.005497795537167385
GHOST,SIG_CREATOR,19,24,1,2,0.17250863941751046
GHOST,SIG_CREATOR,19,25,1,3,0.08844950203040594
GHOST,SIG_CREATOR,19,26,1,3,8.626547439705216e-06
GHOST,SIG_CREATOR,19,27,1,2,0.13214315349331948
GHOST,SIG_CREATOR,19,28,1,3,0.08925828913718559
GHOST,SIG_CREATOR,19,29,1,3,0.015966394254472258
GHOST,SIG_CREATOR,19,30,1,3,0.2187790457896208
GHOST,SIG_CREATOR,19,31,1,1,0.17539524849138807
GHOST,SIG_CREATOR,19,32,1,2,0.11049074546741261
GHOST,SIG_CREATOR,19,33,1,1,0.2009884026415409
GHOST,SIG_CREATOR,19,34,1,0,0.00011918182812259397
GHOST,SIG_CREATOR,19,35,1,1,0.1308371222512184
GHOST,SIG_CREATOR,19,36,1,2,0.11529935945278647
GHOST,SIG_CREATOR,19,37,1,1,0.12545055426602175
GHOST,SIG_CREATOR,19,38,1,2,0.08531468033226225
GHOST,SIG_CREATOR,19,39,1,1,0.006291068416909446
GHOST,SIG_CREATOR,19,40,1,3,0.22626666348592123
GHOST,SIG_CREATOR,19,41,1,2,0.07416494942890886
GHOST,SIG_CREATOR,19,42,1,1,0.10896846218946442
GHOST,SIG_CREATOR,19,43,1,2,0.09531160147161792
GHOST,SIG_CREATOR,19,44,1,1,0.0001901211218578243
GHOST,SIG_CREATOR,19,45,1,2,0.1593747638741868
GHOST,SIG_CREATOR,19,46,1,3,0.12297934162209895
GHOST,SIG_CREATOR,19,47,1,1,0.07855249967912374
GHOST,SIG_CREATOR,19,48,1,2,0.06703718075264253
GHOST,SIG_CREATOR,19,49,1,2,0.12899653409419742
GHOST,SIG_CREATOR,19,50,1,2,0.013445095558839685
GHOST,SIG_CREATOR,19,51,1,3,0.21834290568710923
GHOST,SIG_CREATOR,19,52,1,1,0.15707319776541775
GHOST,SIG_CREATOR,19,53,1,2,0.2023882923632241
GHOST,SIG_CREATOR,19,54,1,3,0.13876942621021032
GHOST,SIG_CREATOR,19,55,1,0,5.167979203038957e-06
GHOST,SIG_CREATOR,19,56,1,3,0.1503293557772324
GHOST,SIG_CREATOR,19,57,1,2,0.1930305873557898
GHOST,SIG_CREATOR,19,58,1,3,0.1420129013151828
GHOST,SIG_CREATOR,19,59,1,2,0.07937438264691096
GHOST,SIG_CREATOR,19,60,1,1,0.06469418912625205
GHOST,SIG_CREATOR,19,61,1,0,0.24624463821032436
GHOST,SIG_CREATOR,19,62,1,2,0.012000482368397552
GHOST,SIG_CREATOR,19,63,1,1,0.18298317378241047
GHOST,SIG_CREATOR,19,64,1,1,0.013832431818658408
GHOST,SIG_CREATOR,19,65,1,3,9.888263218371659e-06
GHOST,SIG_CREATOR,19,66,1,0,0.2191610952275008
GHOST,SIG_CREATOR,19,67,1,3,0.15729677495554176
GHOST,SIG_CREATOR,19,68,1,1,0.004515809912266995
GHOST,SIG_CREATOR,19,69,1,2,0.18687975451704655
GHOST,SIG_CREATOR,19,70,1,3,0.17842617709019032
GHOST,SIG_CREATOR,19,71,1,2,5.9512368937294705e-06
GHOST,SIG_CREATOR,19,72,1,1,0.12091648790751684
GHOST,SIG_CREATOR,19,73,1,0,0.2331415428420463
GHOST,SIG_CREATOR,19,74,1,3,0.08108517514261526
GHOST,SIG_CREATOR,19,75,1,1,0.14261409015956156
GHOST,SIG_CREATOR,19,76,1,3,0.1556948311379242
GHOST,SIG_CREATOR,19,77,1,1,0.0029022719577132547
GHOST,SIG_CREATOR,19,78,1,0,0.0030673278700499166
GHOST,SIG_CREATOR,19,79,1,0,0.16104222877516763
GHOST,SIG_CREATOR,19,80,1,3,0.09525327319617666
GHOST,SIG_CREATOR,19,81,1,1,0.12871700608973746
GHOST,SIG_CREATOR,19,82,1,1,0.13488592793872617
GHOST,SIG_CREATOR,19,83,1,1,0.18687296160784345
GHOST,SIG_CREATOR,19,84,1,1,0.11181146543238656
GHOST,SIG_CREATOR,19,85,1,1,0.07512062135513234
GHOST,SIG_CREATOR,19,86,1,3,0.01656686803164551
GHOST,SIG_CREATOR,19,87,1,2,0.1748720598687245
GHOST,SIG_CREATOR,19,88,1,0,0.01459623001636692
GHOST,SIG_CREATOR,19,89,1,1,1.5909447966650934e-07
GHOST,SIG_CREATOR,19,90,1,3,0.009617326996639489
GHOST,SIG_CREATOR,19,91,1,2,0.07768741657768576
GHOST,SIG_CREATOR,19,92,1,1,0.016643340614831973
GHOST,SIG_CREATOR,19,93,1,0,0.10446242099426571
GHOST,SIG_CREATOR,19,94,1,2,0.0891501503814086
GHOST,SIG_CREATOR,19,95,1,3,0.012385499746419778
GHOST,SIG_CREATOR,19,96,1,1,0.19504154156430276
GHOST,SIG_CREATOR,19,97,1,1,0.002933695353756424
GHOST,SIG_CREATOR,19,98,1,0,0.10392215272897914
GHOST,SIG_CREATOR,19,99,1,0,0.00020501875038999657
GHOST,SIG_CREATOR,19,100,1,3,0.10694897729388123
GHOST,SIG_CREATOR,19,101,1,1,0.006437098536634519
GHOST,SIG_CREATOR,19,102,1,2,0.09906576024567748
GHOST,SIG_CREATOR,19,103,1,3,4.526494707666349e-06
GHOST,SIG_CREATOR,19,104,1,2,0.16660652311703264
GHOST,SIG_CREATOR,19,105,1,3,0.11365018939190956
GHOST,SIG_CREATOR,19,106,1,1,0.09440965893432564
GHOST,SIG_CREATOR,19,107,1,0,0.2089185282553429
GHOST,SIG_CREATOR,19,108,1,2,0.013056520506707327
GHOST,SIG_CREATOR,19,109,1,0,0.11671862295224623
GHOST,SIG_CREATOR,19,110,1,1,0.11482174888600666
GHOST,SIG_CREATOR,19,111,1,1,0.11460824953748994
GHOST,SIG_CREATOR,19,112,1,3,0.12927684210740248
GHOST,SIG_CREATOR,19,113,1,0,0.15115408119480098
GHOST,SIG_CREATOR,19,114,1,3,0.15887633477055235
GHOST,SIG_CREATOR,19,115,1,2,0.015759244133911603
GHOST,SIG_CREATOR,19,116,1,3,0.14596952802524107
GHOST,SIG_CREATOR,19,117,1,2,0.1596141207712986
GHOST,SIG_CREATOR,19,118,1,0,9.813233575557322e-06
GHOST,SIG_CREATOR,19,119,1,3,0.24212237265012915
GHOST,SIG_CREATOR,19,120,1,1,1.9289797763197524e-06
GHOST,SIG_CREATOR,19,121,1,1,0.12658701668129252
GHOST,SIG_CREATOR,19,122,1,0,0.0001691373176199273
GHOST,SIG_CREATOR,19,123,1,0,0.10477384133473251
GHOST,SIG_CREATOR,19,124,1,2,0.016515509238824028
GHOST,SIG_CREATOR,19,125,1,0,0.1315337219327604
GHOST,SIG_CREATOR,19,126,1,0,0.00023589189069789972
GHOST,SIG_CREATOR,19,127,1,2,9.15751415809401e-08
GHOST,SIG_CREATOR,19,128,1,2,0.007931810492202901
GHOST,SIG_CREATOR,19,129,1,0,0.11164680543689211
GHOST,SIG_CREATOR,19,130,1,3,0.25602356525350844
GHOST,SIG_CREATOR,19,131,1,0,0.0033188212956645614
GHOST,SIG_CREATOR,19,132,1,3,0.010356957773038014
GHOST,SIG_CREATOR,19,133,1,0,0.13530226183033697
GHOST,SIG_CREATOR,19,134,1,2,0.08733809347864681
GHOST,SIG_CREATOR,19,135,1,1,0.10304519632905196
GHOST,SIG_CREATOR,19,136,1,3,0.16806936998490166
GHOST,SIG_CREATOR,19,137,1,2,0.09426249491704926
GHOST,SIG_CREATOR,19,138,1,0,4.004098063005831e-06
GHOST,SIG_CREATOR,19,139,1,2,0.13069021253970298
GHOST,SIG_CREATOR,19,140,1,0,0.19681277758070315
GHOST,SIG_CREATOR,19,141,1,3,0.13440870984250453
GHOST,SIG_CREATOR,19,142,1,2,0.22399380728467796
GHOST,SIG_CREATOR,19,143,1,0,0.014905772563737076
GHOST,SIG_CREATOR,19,144,1,3,0.0003299664342621868
GHOST,SIG_CREATOR,19,145,1,2,0.00015763318064019704
GHOST,SIG_CREATOR,19,146,1,2,0.00031828039807872476
GHOST,SIG_CREATOR,19,147,1,1,0.00032898423068773665
GHOST,SIG_CREATOR,19,148,1,0,0.009889050872188922
GHOST,SIG_CREATOR,19,149,1,0,0.06367603039196275
GHOST,SIG_CREATOR,19,150,1,0,0.09506948768012961
GHOST,SIG_CREATOR,19,151,1,0,0.00018930231437281486
GHOST,SIG_CREATOR,19,152,1,3,0.0002339267184191664
GHOST,SIG_CREATOR,19,153,1,1,0.0991230036762305
GHOST,SIG_CREATOR,19,154,1,0,0.015141698154469403
GHOST,SIG_CREATOR,19,155,1,1,0.12019331008839798
GHOST,SIG_CREATOR,19,156,1,0,0.016340306171456417
GHOST,SIG_CREATOR,19,157,1,0,0.0028148590814841795
GHOST,SIG_CREATOR,19,158,1,0,0.011510203716763019
GHOST,SIG_CREATOR,19,159,1,2,0.0036066350831059826
GHOST,SIG_CREATOR,19,160,1,3,5.559675753560651e-06
GHOST,SIG_CREATOR,19,161,1,0,0.14565928622311203
GHOST,SIG_CREATOR,19,162,1,2,0.11141656490263763
GHOST,SIG_CREATOR,19,163,1,2,0.07770194001570158
GHOST,SIG_CREATOR,19,164,1,1,0.015140959619152716
GHOST,SIG_CREATOR,19,165,1,0,0.10436092348767
GHOST,SIG_CREATOR,19,166,1,2,0.13360260307468247
GHOST,SIG_CREATOR,19,167,1,0,0.059276323056239526
GHOST,SIG_CREATOR,19,168,1,2,5.395833875703392e-06
GHOST,SIG_CREATOR,19,169,1,3,0.16440293348958843
GHOST,SIG_CREATOR,19,170,1,3,0.0041410755438080205
GHOST,SIG_CREATOR,19,171,1,1,0.15001879345923405
GHOST,SIG_CREATOR,19,172,1,3,0.13768978256455852
GHOST,SIG_CREATOR,19,173,1,0,0.09158185340057075
GHOST,SIG_CREATOR,19,174,1,3,0.1320360713754994
GHOST,SIG_CREATOR,19,175,1,1,0.015049857246600011
GHOST,SIG_CREATOR,19,176,1,1,0.0797321503033734
GHOST,SIG_CREATOR,19,177,1,2,0.015088934202814758
GHOST,SIG_CREATOR,19,178,1,3,0.12158884262520106
GHOST,SIG_CREATOR,19,179,1,0,0.1568931863177963
GHOST,SIG_CREATOR,19,180,1,1,0.13392970557360304
GHOST,SIG_CREATOR,19,181,1,2,0.0038343050579047475
GHOST,SIG_CREATOR,19,182,1,3,0.009646680212036757
GHOST,SIG_CREATOR,19,183,1,2,0.10380979457485226
GHOST,SIG_CREATOR,19,184,1,1,0.12676950433397838
GHOST,SIG_CREATOR,19,185,1,2,3.0445348953529585e-06
GHOST,SIG_CREATOR,19,186,1,0,0.17440648920763135
GHOST,SIG_CREATOR,19,187,1,3,0.007998363233987067
GHOST,SIG_CREATOR,19,188,1,2,0.01277358175645132
GHOST,SIG_CREATOR,19,189,1,2,0.20383260504479467
GHOST,SIG_CREATOR,19,190,1,2,0.012517592556290492
GHOST,SIG_CREATOR,19,191,1,2,0.0038112446809346378
GHOST,SIG_CREATOR,19,192,1,2,0.16623811712418923
GHOST,SIG_CREATOR,19,193,1,0,0.10801358422412259
GHOST,SIG_CREATOR,19,194,1,3,0.11061172828659274
GHOST,SIG_CREATOR,19,195,1,2,0.10407443869322056
GHOST,SIG_CREATOR,19,196,1,0,0.016913954732267797
GHOST,SIG_CREATOR,19,197,1,0,4.579824801687112e-06
GHOST,SIG_CREATOR,19,198,1,2,0.00019347252646722927
GHOST,SIG_CREATOR,19,199,1,2,0.08168139648268435
GHOST,SIG_GHOST,0,0,1,3,1.2930045597047384
GHOST,SIG_GHOST,0,1,1,2,1.3631081267400345
GHOST,SIG_GHOST,0,2,1,3,1.34762628847689
GHOST,SIG_GHOST,0,3,1,0,1.0856536364217635
GHOST,SIG_GHOST,0,4,1,0,0.9622487026207519
GHOST,SIG_GHOST,0,5,1,2,1.361310530447489
GHOST,SIG_GHOST,0,6,1,1,1.3743282127249423
GHOST,SIG_GHOST,0,7,1,2,1.328387738889576
GHOST,SIG_GHOST,0,8,1,3,1.2905964389895581
GHOST,SIG_GHOST,0,9,1,2,1.3833190825013988
GHOST,SIG_GHOST,0,10,1,0,1.0556003738739652
GHOST,SIG_GHOST,0,11,1,0,1.3247064688376842
GHOST,SIG_GHOST,0,12,1,0,1.37701408237087
GHOST,SIG_GHOST,0,13,1,0,1.3723271364299454
GHOST,SIG_GHOST,0,14,1,0,1.3676738305692104
GHOST,SIG_GHOST,0,15,1,3,1.0433082201601498
GHOST,SIG_GHOST,0,16,1,1,1.325300574303622
GHOST,SIG_GHOST,0,17,1,0,1.369531820119412
GHOST,SIG_GHOST,0,18,1,2,1.3808565922477642
GHOST,SIG_GHOST,0,19,1,2,1.0001568105844392
GHOST,SIG_GHOST,0,20,1,1,1.3793408529849973
GHOST,SIG_GHOST,0,21,1,2,1.3387973983092114
GHOST,SIG_GHOST,0,22,1,2,1.2912006899133073
GHOST,SIG_GHOST,0,23,1,2,1.1680909817567182
GHOST,SIG_GHOST,0,24,1,0,1.3594110932020969
GHOST,SIG_GHOST,0,25,1,1,0.733540651570967
GHOST,SIG_GHOST,0,26,1,1,1.329768805493165
GHOST,SIG_GHOST,0,27,1,3,1.1632767938283417
GHOST,SIG_GHOST,0,28,1,0,1.3788323424306193
GHOST,SIG_GHOST,0,29,1,1,1.3571867240088427
GHOST,SIG_GHOST,0,30,1,0,1.185456955196392
GHOST,SIG_GHOST,0,31,1,1,1.3717053499327485
GHOST,SIG_GHOST,0,32,1,0,1.0862437088997652
GHOST,SIG_GHOST,0,33,1,1,1.3360081730084254
GHOST,SIG_GHOST,0,34,1,2,1.3562541542508755
GHOST,SIG_GHOST,0,35,1,2,1.3673854315395253
GHOST,SIG_GHOST,0,36,1,0,1.0845361991677698
GHOST,SIG_GHOST,0,37,1,3,1.1633413378359332
GHOST,SIG_GHOST,0,38,1,2,1.160431805082026
GHOST,SIG_GHOST,0,39,1,2,1.310085877352518
GHOST,SIG_GHOST,0,40,1,3,1.358748354502098
GHOST,SIG_GHOST,0,41,1,2,1.3784014747468403
GHOST,SIG_GHOST,0,42,1,0,1.3605017992988122
GHOST,SIG_GHOST,0,43,1,1,1.3512110145912928
GHOST,SIG_GHOST,0,44,1,2,1.35742141544361
GHOST,SIG_GHOST,0,45,1,0,1.3756800038725807
GHOST,SIG_GHOST,0,46,1,1,1.1669691440090264
GHOST,SIG_GHOST,0,47,1,1,1.3321436033949037
GHOST,SIG_GHOST,0,48,1,1,1.3728450622187207
GHOST,SIG_GHOST,0,49,1,2,1.12720635111565
GHOST,SIG_GHOST,0,50,1,3,0.41324577369425997
GHOST,SIG_GHOST,0,51,1,1,1.0734445841069624
GHOST,SIG_GHOST,0,52,1,0,1.316745855061479
GHOST,SIG_GHOST,0,53,1,1,1.3768636608878722
GHOST,SIG_GHOST,0,54,1,2,1.359587774714731
GHOST,SIG_GHOST,0,55,1,3,1.3612859937519661
GHOST,SIG_GHOST,0,56,1,2,1.2064392311456387
GHOST,SIG_GHOST,0,57,1,2,1.0619850020395303
GHOST,SIG_GHOST,0,58,1,1,1.019311096582214
GHOST,SIG_GHOST,0,59,1,0,1.3637590549627938
GHOST,SIG_GHOST,0,60,1,1,1.3857185723839893
GHOST,SIG_GHOST,0,61,1,1,1.3623588367444248
GHOST,SIG_GHOST,0,62,1,2,1.3659868948907157
GHOST,SIG_GHOST,0,63,1,3,1.368800396192469
GHOST,SIG_GHOST,0,64,1,1,1.3750700007604915
GHOST,SIG_GHOST,0,65,1,0,1.337401103153788
GHOST,SIG_GHOST,0,66,1,3,1.3579888613051114
GHOST,SIG_GHOST,0,67,1,0,1.2053256565750403
GHOST,SIG_GHOST,0,68,1,1,1.3824462197648684
GHOST,SIG_GHOST,0,69,1,3,1.3717314236513833
GHOST,SIG_GHOST,0,70,1,0,1.3769603006830564
GHOST,SIG_GHOST,0,71,1,0,1.3823954027813674
GHOST,SIG_GHOST,0,72,1,0,1.3701484052013222
GHOST,SIG_GHOST,0,73,1,1,1.3759566530392304
GHOST,SIG_GHOST,0,74,1,1,1.360926221497412
GHOST,SIG_GHOST,0,75,1,1,1.3613507766695194
GHOST,SIG_GHOST,0,76,1,3,1.3800039622197486
GHOST,SIG_GHOST,0,77,1,2,1.2131534055275308
GHOST,SIG_GHOST,0,78,1,0,1.367243355834276
GHOST,SIG_GHOST,0,79,1,0,1.3836501250953737
GHOST,SIG_GHOST,0,80,1,1,1.3414006802166574
GHOST,SIG_GHOST,0,81,1,3,1.2039798383862481
GHOST,SIG_GHOST,0,82,1,2,1.3802978284699
GHOST,SIG_GHOST,0,83,1,0,1.3745713926839644
GHOST,SIG_GHOST,0,84,1,0,1.3817364242439654
GHOST,SIG_GHOST,0,85,1,3,1.3146412703195207
GHOST,SIG_GHOST,0,86,1,0,1.3528332413295376
GHOST,SIG_GHOST,0,87,1,0,1.3768725909191595
GHOST,SIG_GHOST,0,88,1,2,1.3369800906351996
GHOST,SIG_GHOST,0,89,1,1,1.1612908546921532
GHOST,SIG_GHOST,0,90,1,2,1.354948192547456
GHOST,SIG_GHOST,0,91,1,2,1.1644104118287202
GHOST,SIG_GHOST,0,92,1,3,1.3330966969958393
GHOST,SIG_GHOST,0,93,1,0,1.3814002089299482
GHOST,SIG_GHOST,0,94,1,1,1.1088566989106619
GHOST,SIG_GHOST,0,95,1,0,1.3818211012938229
GHOST,SIG_GHOST,0,96,1,3,1.3767670632387712
GHOST,SIG_GHOST,0,97,1,1,1.3196474759430477
GHOST,SIG_GHOST,0,98,1,0,1.2605694892579336
GHOST,SIG_GHOST,0,99,1,3,1.3607479825265045
GHOST,SIG_GHOST,0,100,1,2,1.374968016054529
GHOST,SIG_GHOST,0,101,1,0,1.365859099190084
GHOST,SIG_GHOST,0,102,1,1,1.3528406010867793
GHOST,SIG_GHOST,0,103,1,2,1.1416389460119654
GHOST,SIG_GHOST,0,104,1,3,1.3677048383896948
GHOST,SIG_GHOST,0,105,1,1,1.3415047548234051
GHOST,SIG_GHOST,0,106,1,2,1.351808030973182
GHOST,SIG_GHOST,0,107,1,2,1.3268104236139715
GHOST,SIG_GHOST,0,108,1,0,1.3799780765848528
GHOST,SIG_GHOST,0,109,1,2,1.0708950564477955
GHOST,SIG_GHOST,0,110,1,0,1.3679512737532777
GHOST,SIG_GHOST,0,111,1,3,1.3724367913010147
GHOST,SIG_GHOST,0,112,1,3,1.2892243731044832
GHOST,SIG_GHOST,0,113,1,3,1.3060588013970327
GHOST,SIG_GHOST,0,114,1,1,1.379812187946381
GHOST,SIG_GHOST,0,115,1,3,1.3324205271261587
GHOST,SIG_GHOST,0,116,1,2,1.3785225968217585
GHOST,SIG_GHOST,0,117,1,1,1.3675984366533178
GHOST,SIG_GHOST,0,118,1,3,1.1578687883385042
GHOST,SIG_GHOST,0,119,1,0,1.3613087087676339
GHOST,SIG_GHOST,0,120,1,3,1.3761172780026287
GHOST,SIG_GHOST,0,121,1,2,1.3408693067290878
GHOST,SIG_GHOST,0,122,1,2,1.2485084015962622
GHOST,SIG_GHOST,0,123,1,1,1.3622779150934226
GHOST,SIG_GHOST,0,124,1,2,1.3432364071636649
GHOST,SIG_GHOST,0,125,1,1,1.3743994841623568
GHOST,SIG_GHOST,0,126,1,0,1.3682499233509562
GHOST,SIG_GHOST,0,127,1,0,1.3751184483250005
GHOST,SIG_GHOST,0,128,1,2,1.0351391452590433
GHOST,SIG_GHOST,0,129,1,2,1.3804915455218953
GHOST,SIG_GHOST,0,130,1,0,1.3682919872382113
GHOST,SIG_GHOST,0,131,1,2,1.3389985648586071
GHOST,SIG_GHOST,0,132,1,2,1.370981523438695
GHOST,SIG_GHOST,0,133,1,1,1.2167515550181478
GHOST,SIG_GHOST,0,134,1,3,1.3651287880875649
GHOST,SIG_GHOST,0,135,1,0,1.3372304224787572
GHOST,SIG_GHOST,0,136,1,2,1.3537531553869349
GHOST,SIG_GHOST,0,137,1,2,1.3741236687820948
GHOST,SIG_GHOST,0,138,1,3,1.3543860975248834
GHOST,SIG_GHOST,0,139,1,0,1.3819361629399856
GHOST,SIG_GHOST,0,140,1,0,0.9735505223994387
GHOST,SIG_GHOST,0,141,1,2,0.9381772796047886
GHOST,SIG_GHOST,0,142,1,3,0.946187822378626
GHOST,SIG_GHOST,0,143,1,1,1.3629505092364111
GHOST,SIG_GHOST,0,144,1,3,1.3651622452037881
GHOST,SIG_GHOST,0,145,1,3,1.373248476328866
GHOST,SIG_GHOST,0,146,1,3,1.3574116606433972
GHOST,SIG_GHOST,0,147,1,3,1.3662952361536354
GHOST,SIG_GHOST,0,148,1,3,0.9922479271583058
GHOST,SIG_GHOST,0,149,1,0,1.1807257511594103
GHOST,SIG_GHOST,0,150,1,2,1.170374818422436
GHOST,SIG_GHOST,0,151,1,3,1.3551267667153062
GHOST,SIG_GHOST,0,152,1,1,1.190944940949513
GHOST,SIG_GHOST,0,153,1,1,1.340363605750218
GHOST,SIG_GHOST,0,154,1,3,1.375346370504455
GHOST,SIG_GHOST,0,155,1,0,1.3526839569667444
GHOST,SIG_GHOST,0,156,1,0,1.3542190875151001
GHOST,SIG_GHOST,0,157,1,1,1.2525794529478391
GHOST,SIG_GHOST,0,158,1,2,1.3603409546026863
GHOST,SIG_GHOST,0,159,1,1,1.364260591663731
GHOST,SIG_GHOST,0,160,1,2,1.3433415283370629
GHOST,SIG_GHOST,0,161,1,3,1.36618264048798
GHOST,SIG_GHOST,0,162,1,0,1.3681820667959745
GHOST,SIG_GHOST,0,163,1,3,1.1472213918391039
GHOST,SIG_GHOST,0,164,1,0,1.37434505675572
GHOST,SIG_GHOST,0,165,1,1,1.2769246416730136
GHOST,SIG_GHOST,0,166,1,0,1.358222104490967
GHOST,SIG_GHOST,0,167,1,1,1.3858956335549526
GHOST,SIG_GHOST,0,168,1,1,1.355011273460967
GHOST,SIG_GHOST,0,169,1,2,1.370349823585829
GHOST,SIG_GHOST,0,170,1,2,1.3780004246521675
GHOST,SIG_GHOST,0,171,1,2,1.1340452000747887
GHOST,SIG_GHOST,0,172,1,1,1.2552763493619907
GHOST,SIG_GHOST,0,173,1,2,1.3820204251282435
GHOST,SIG_GHOST,0,174,1,2,1.3326323604121828
GHOST,SIG_GHOST,0,175,1,1,1.226080557772394
GHOST,SIG_GHOST,0,176,1,2,1.367409661735453
GHOST,SIG_GHOST,0,177,1,1,1.3603653784643805
GHOST,SIG_GHOST,0,178,1,2,1.1303287933923176
GHOST,SIG_GHOST,0,179,1,1,1.360199543848069
GHOST,SIG_GHOST,0,180,1,1,1.3481609326096584
GHOST,SIG_GHOST,0,181,1,3,1.356769201207565
GHOST,SIG_GHOST,0,182,1,2,1.3798413864057868
GHOST,SIG_GHOST,0,183,1,2,1.355227751699616
GHOST,SIG_GHOST,0,184,1,2,1.2758726548821788
GHOST,SIG_GHOST,0,185,1,3,1.3801357905496556
GHOST,SIG_GHOST,0,186,1,0,1.3322806469841684
GHOST,SIG_GHOST,0,187,1,3,1.3805416401735755
GHOST,SIG_GHOST,0,188,1,3,1.3608304744570532
GHOST,SIG_GHOST,0,189,1,0,0.9407410118293287
GHOST,SIG_GHOST,0,190,1,3,1.3656905322521085
GHOST,SIG_GHOST,0,191,1,0,1.368403069535048
GHOST,SIG_GHOST,0,192,1,0,1.238850220144118
GHOST,SIG_GHOST,0,193,1,0,1.1277182915525645
GHOST,SIG_GHOST,0,194,1,1,1.0485051536527124
GHOST,SIG_GHOST,0,195,1,2,1.353365255731348
GHOST,SIG_GHOST,0,196,1,1,1.3490776306474561
GHOST,SIG_GHOST,0,197,1,1,1.3536280235252447
GHOST,SIG_GHOST,0,198,1,3,1.1853177091304081
GHOST,SIG_GHOST,0,199,1,2,1.0936083417684124
GHOST,SIG_GHOST,1,0,1,0,1.3244246413916987
GHOST,SIG_GHOST,1,1,1,0,1.3666042959617763
GHOST,SIG_GHOST,1,2,1,3,1.3546787266202136
GHOST,SIG_GHOST,1,3,1,0,1.1315815646347418
GHOST,SIG_GHOST,1,4,1,0,1.355307514814916
GHOST,SIG_GHOST,1,5,1,1,1.2031872381559472
GHOST,SIG_GHOST,1,6,1,0,1.2709748293816214
GHOST,SIG_GHOST,1,7,1,2,1.1035305597208416
GHOST,SIG_GHOST,1,8,1,3,1.3558030540241792
GHOST,SIG_GHOST,1,9,1,0,1.362580222280042
GHOST,SIG_GHOST,1,10,1,1,1.3568785648885686
GHOST,SIG_GHOST,1,11,1,2,1.1525467046981357
GHOST,SIG_GHOST,1,12,1,3,1.061275217743442
GHOST,SIG_GHOST,1,13,1,0,1.3540925790121037
GHOST,SIG_GHOST,1,14,1,2,1.3679326871735715
GHOST,SIG_GHOST,1,15,1,2,1.0459619331776724
GHOST,SIG_GHOST,1,16,1,1,1.3614771921719435
GHOST,SIG_GHOST,1,17,1,2,1.0174215985012094
GHOST,SIG_GHOST,1,18,1,2,1.3619470623312622
GHOST,SIG_GHOST,1,19,1,2,1.3605332001454682
GHOST,SIG_GHOST,1,20,1,2,1.3831875914805076
GHOST,SIG_GHOST,1,21,1,1,1.3681570007996875
GHOST,SIG_GHOST,1,22,1,1,1.382931330649647
GHOST,SIG_GHOST,1,23,1,1,1.1655058447592075
GHOST,SIG_GHOST,1,24,1,3,1.3254128094075166
GHOST,SIG_GHOST,1,25,1,2,1.369740952317537
GHOST,SIG_GHOST,1,26,1,1,1.226576052539121
GHOST,SIG_GHOST,1,27,1,0,1.3616070767165225
GHOST,SIG_GHOST,1,28,1,3,1.343213710068788
GHOST,SIG_GHOST,1,29,1,2,1.382318630783112
GHOST,SIG_GHOST,1,30,1,3,1.3754418489739395
GHOST,SIG_GHOST,1,31,1,1,1.344229597461677
GHOST,SIG_GHOST,1,32,1,2,1.3809366722807792
GHOST,SIG_GHOST,1,33,1,1,1.346745821436111
GHOST,SIG_GHOST,1,34,1,0,1.3724343243940702
GHOST,SIG_GHOST,1,35,1,1,1.3185297069284112
GHOST,SIG_GHOST,1,36,1,1,1.3606472958243634
GHOST,SIG_GHOST,1,37,1,1,1.3604614743026215
GHOST,SIG_GHOST,1,38,1,0,1.067815567558896
GHOST,SIG_GHOST,1,39,1,2,1.379250839620237
GHOST,SIG_GHOST,1,40,1,1,1.218823940385004
GHOST,SIG_GHOST,1,41,1,3,1.3669300828244917
GHOST,SIG_GHOST,1,42,1,2,1.3532297364698587
GHOST,SIG_GHOST,1,43,1,1,0.9135114336197137
GHOST,SIG_GHOST,1,44,1,3,1.3531148575512773
GHOST,SIG_GHOST,1,45,1,2,1.3808734039819026
GHOST,SIG_GHOST,1,46,1,2,1.103878321880298
GHOST,SIG_GHOST,1,47,1,2,1.3765203055320265
GHOST,SIG_GHOST,1,48,1,2,1.1789863381312513
GHOST,SIG_GHOST,1,49,1,3,1.2001334156588963
GHOST,SIG_GHOST,1,50,1,2,1.0384871120505572
GHOST,SIG_GHOST,1,51,1,1,1.3801459574477066
GHOST,SIG_GHOST,1,52,1,0,1.2755491243453736
GHOST,SIG_GHOST,1,53,1,0,1.2313389982066374
GHOST,SIG_GHOST,1,54,1,2,1.3731749871704204
GHOST,SIG_GHOST,1,55,1,2,1.1580312030882767
GHOST,SIG_GHOST,1,56,1,0,1.3629694887913493
GHOST,SIG_GHOST,1,57,1,1,1.358941787790725
GHOST,SIG_GHOST,1,58,1,1,1.3688856620288283
GHOST,SIG_GHOST,1,59,1,1,1.3699910333519683
GHOST,SIG_GHOST,1,60,1,0,1.3712746063530294
GHOST,SIG_GHOST,1,61,1,0,1.1698217754112143
GHOST,SIG_GHOST,1,62,1,2,1.359424507517703
GHOST,SIG_GHOST,1,63,1,2,1.3475036825812736
GHOST,SIG_GHOST,1,64,1,1,1.34327714545176
GHOST,SIG_GHOST,1,65,1,2,1.3780273889795276
GHOST,SIG_GHOST,1,66,1,2,1.3733830303820433
GHOST,SIG_GHOST,1,67,1,0,1.1130664760374942
GHOST,SIG_GHOST,1,68,1,2,1.3641352876107058
GHOST,SIG_GHOST,1,69,1,3,0.9955842807696883
GHOST,SIG_GHOST,1,70,1,1,0.9297896255331425
GHOST,SIG_GHOST,1,71,1,1,1.0592459644504875
GHOST,SIG_GHOST,1,72,1,2,1.1565987359356584
GHOST,SIG_GHOST,1,73,1,1,1.3669233529077816
GHOST,SIG_GHOST,1,74,1,0,1.3482142509284798
GHOST,SIG_GHOST,1,75,1,1,1.3805802135181826
GHOST,SIG_GHOST,1,76,1,1,1.0983840854752078
GHOST,SIG_GHOST,1,77,1,2,1.3840356696824383
GHOST,SIG_GHOST,1,78,1,1,1.3839332281026122
GHOST,SIG_GHOST,1,79,1,0,0.8794760208008529
GHOST,SIG_GHOST,1,80,1,3,1.3765007594226797
GHOST,SIG_GHOST,1,81,1,0,1.3423821122683468
GHOST,SIG_GHOST,1,82,1,1,1.3571055833617602
GHOST,SIG_GHOST,1,83,1,0,1.1009811758383394
GHOST,SIG_GHOST,1,84,1,2,1.3638303088493275
GHOST,SIG_GHOST,1,85,1,1,1.074776674310101
GHOST,SIG_GHOST,1,86,1,1,1.328509587207832
GHOST,SIG_GHOST,1,87,1,3,1.3470968778132535
GHOST,SIG_GHOST,1,88,1,1,1.1065927094671297
GHOST,SIG_GHOST,1,89,1,3,1.1728548842701336
GHOST,SIG_GHOST,1,90,1,3,1.3115391879195235
GHOST,SIG_GHOST,1,91,1,2,1.3375120590477958
GHOST,SIG_GHOST,1,92,1,3,1.2445936133811806
GHOST,SIG_GHOST,1,93,1,1,1.3711150551811007
GHOST,SIG_GHOST,1,94,1,0,1.2213536052011256
GHOST,SIG_GHOST,1,95,1,3,1.1228051366639045
GHOST,SIG_GHOST,1,96,1,2,1.333178612399159
GHOST,SIG_GHOST,1,97,1,2,1.3465752564093842
GHOST,SIG_GHOST,1,98,1,2,1.3423871780538
GHOST,SIG_GHOST,1,99,1,3,1.3520047347799853
GHOST,SIG_GHOST,1,100,1,2,1.3696640626278773
GHOST,SIG_GHOST,1,101,1,1,1.3815282550975474
GHOST,SIG_GHOST,1,102,1,3,1.3698669729267672
GHOST,SIG_GHOST,1,103,1,0,1.3574968578855984
GHOST,SIG_GHOST,1,104,1,3,1.3636024129825177
GHOST,SIG_GHOST,1,105,1,3,1.3609599320146848
GHOST,SIG_GHOST,1,106,1,0,1.3342309783953634
GHOST,SIG_GHOST,1,107,1,1,1.334609938804486
GHOST,SIG_GHOST,1,108,1,1,1.0608520461188817
GHOST,SIG_GHOST,1,109,1,0,1.3629985463311505
GHOST,SIG_GHOST,1,110,1,3,1.3657990996463685
GHOST,SIG_GHOST,1,111,1,2,1.2527923303517647
GHOST,SIG_GHOST,1,112,1,0,1.3803497719388929
GHOST,SIG_GHOST,1,113,1,1,1.177539521520885
GHOST,SIG_GHOST,1,114,1,0,1.34665908863983
GHOST,SIG_GHOST,1,115,1,2,1.3534397892403096
GHOST,SIG_GHOST,1,116,1,2,1.0135921378655508
GHOST,SIG_GHOST,1,117,1,1,1.0014082076006248
GHOST,SIG_GHOST,1,118,1,2,1.3260496207950148
GHOST,SIG_GHOST,1,119,1,3,1.2925503237363616
GHOST,SIG_GHOST,1,120,1,0,1.3477742324134128
GHOST,SIG_GHOST,1,121,1,2,1.2382433383715066
GHOST,SIG_GHOST,1,122,1,0,1.3695102798504086
GHOST,SIG_GHOST,1,123,1,3,1.3674317062706065
GHOST,SIG_GHOST,1,124,1,2,1.2121165189553131
GHOST,SIG_GHOST,1,125,1,2,1.3642481823284172
GHOST,SIG_GHOST,1,126,1,1,1.3028167680423972
GHOST,SIG_GHOST,1,127,1,3,1.3734226734457136
GHOST,SIG_GHOST,1,128,1,1,1.3106580967602128
GHOST,SIG_GHOST,1,129,1,0,1.3656825938240007
GHOST,SIG_GHOST,1,130,1,3,1.3476775265769867
GHOST,SIG_GHOST,1,131,1,0,1.3607325135779298
GHOST,SIG_GHOST,1,132,1,0,1.3065952456232186
GHOST,SIG_GHOST,1,133,1,1,1.1186073301692039
GHOST,SIG_GHOST,1,134,1,3,1.3696218204331365
GHOST,SIG_GHOST,1,135,1,3,0.8944281456979092
GHOST,SIG_GHOST,1,136,1,1,1.3685119942416981
GHOST,SIG_GHOST,1,137,1,2,1.360314583031535
GHOST,SIG_GHOST,1,138,1,2,1.099341064046276
GHOST,SIG_GHOST,1,139,1,0,1.2449551198748492
GHOST,SIG_GHOST,1,140,1,3,1.148913030867081
GHOST,SIG_GHOST,1,141,1,1,1.3622822254136375
GHOST,SIG_GHOST,1,142,1,0,1.3321367783151932
GHOST,SIG_GHOST,1,143,1,2,1.3714274060968927
GHOST,SIG_GHOST,1,144,1,3,1.2358535725254824
GHOST,SIG_GHOST,1,145,1,1,1.3320111945341737
GHOST,SIG_GHOST,1,146,1,0,1.3739183347551063
GHOST,SIG_GHOST,1,147,1,3,1.0312430904405976
GHOST,SIG_GHOST,1,148,1,0,1.379295493986803
GHOST,SIG_GHOST,1,149,1,2,1.364647954917342
GHOST,SIG_GHOST,1,150,1,3,1.3791374571165482
GHOST,SIG_GHOST,1,151,1,2,1.3328916627693228
GHOST,SIG_GHOST,1,152,1,1,1.3789715588409115
GHOST,SIG_GHOST,1,153,1,3,0.9778143864905245
GHOST,SIG_GHOST,1,154,1,2,1.1331867060853877
GHOST,SIG_GHOST,1,155,1,2,1.3728641522776002
GHOST,SIG_GHOST,1,156,1,0,1.368741689412642
GHOST,SIG_GHOST,1,157,1,0,1.3673555782868283
GHOST,SIG_GHOST,1,158,1,3,1.002945450062615
GHOST,SIG_GHOST,1,159,1,2,1.354954975078418
GHOST,SIG_GHOST,1,160,1,2,1.37024138817306
GHOST,SIG_GHOST,1,161,1,1,0.9616914337052616
GHOST,SIG_GHOST,1,162,1,1,1.3771468951532766
GHOST,SIG_GHOST,1,163,1,3,1.2952974243148216
GHOST,SIG_GHOST,1,164,1,2,1.3811431509474579
GHOST,SIG_GHOST,1,165,1,1,1.3485992217329374
GHOST,SIG_GHOST,1,166,1,3,1.1891602274045394
GHOST,SIG_GHOST,1,167,1,0,1.3574282766104868
GHOST,SIG_GHOST,1,168,1,0,1.0528290354653638
GHOST,SIG_GHOST,1,169,1,0,1.0684772289509945
GHOST,SIG_GHOST,1,170,1,2,1.343840316603521
GHOST,SIG_GHOST,1,171,1,0,1.3639064611611054
GHOST,SIG_GHOST,1,172,1,0,1.3570052098870067
GHOST,SIG_GHOST,1,173,1,3,1.348944839491249
GHOST,SIG_GHOST,1,174,1,3,1.3693558195169633
GHOST,SIG_GHOST,1,175,1,3,1.3618670477117523
GHOST,SIG_GHOST,1,176,1,0,1.3546259509050327
GHOST,SIG_GHOST,1,177,1,3,1.3765067388087864
GHOST,SIG_GHOST,1,178,1,3,1.3502163189822016
GHOST,SIG_GHOST,1,179,1,3,1.2495937223051494
GHOST,SIG_GHOST,1,180,1,2,1.0219262347271836
GHOST,SIG_GHOST,1,181,1,1,1.2003715054942088
GHOST,SIG_GHOST,1,182,1,1,1.0717841062710884
GHOST,SIG_GHOST,1,183,1,1,1.2066214195820302
GHOST,SIG_GHOST,1,184,1,2,1.331099030371795
GHOST,SIG_GHOST,1,185,1,3,1.3697120432137333
GHOST,SIG_GHOST,1,186,1,3,1.3644385423915155
GHOST,SIG_GHOST,1,187,1,2,1.3673488967822203
GHOST,SIG_GHOST,1,188,1,0,1.3393356531148508
GHOST,SIG_GHOST,1,189,1,2,1.3544277644561102
GHOST,SIG_GHOST,1,190,1,2,1.263452551336107
GHOST,SIG_GHOST,1,191,1,0,1.3270790542886792
GHOST,SIG_GHOST,1,192,1,3,1.360589666914169
GHOST,SIG_GHOST,1,193,1,1,1.3854012918293206
GHOST,SIG_GHOST,1,194,1,1,1.0776071673399057
GHOST,SIG_GHOST,1,195,1,0,1.3521076395424583
GHOST,SIG_GHOST,1,196,1,2,1.3589883848088302
GHOST,SIG_GHOST,1,197,1,3,1.2925382449461593
GHOST,SIG_GHOST,1,198,1,0,1.3546486278208814
GHOST,SIG_GHOST,1,199,1,1,1.3579006143151935
GHOST,SIG_GHOST,2,0,1,3,1.3730952334235376
GHOST,SIG_GHOST,2,1,1,2,1.3730026480089352
GHOST,SIG_GHOST,2,2,1,3,1.375379597359868
GHOST,SIG_GHOST,2,3,1,3,1.0798962946738404
GHOST,SIG_GHOST,2,4,1,2,0.7261414995516637
GHOST,SIG_GHOST,2,5,1,2,1.036630255946152
GHOST,SIG_GHOST,2,6,1,0,1.3616291127448472
GHOST,SIG_GHOST,2,7,1,0,1.3688655167616768
GHOST,SIG_GHOST,2,8,1,2,1.3775604556706813
GHOST,SIG_GHOST,2,9,1,3,1.3746047775510748
GHOST,SIG_GHOST,2,10,1,0,1.3684090280984864
GHOST,SIG_GHOST,2,11,1,3,1.3772942206543508
GHOST,SIG_GHOST,2,12,1,0,1.3407948107619099
GHOST,SIG_GHOST,2,13,1,1,1.3665559853239453
GHOST,SIG_GHOST,2,14,1,3,1.371709863390838
GHOST,SIG_GHOST,2,15,1,1,1.3735552109825246
GHOST,SIG_GHOST,2,16,1,3,1.3780571420154384
GHOST,SIG_GHOST,2,17,1,2,1.3426496776981467
GHOST,SIG_GHOST,2,18,1,3,1.3702095427728804
GHOST,SIG_GHOST,2,19,1,0,1.2143939420129075
GHOST,SIG_GHOST,2,20,1,1,1.3670678725365657
GHOST,SIG_GHOST,2,21,1,1,1.3746406540531468
GHOST,SIG_GHOST,2,22,1,0,1.3364584140661389
GHOST,SIG_GHOST,2,23,1,1,1.3677814704027167
GHOST,SIG_GHOST,2,24,1,2,1.3678273821452347
GHOST,SIG_GHOST,2,25,1,0,1.3509069281893211
GHOST,SIG_GHOST,2,26,1,0,1.3656890712333427
GHOST,SIG_GHOST,2,27,1,0,1.346230039103287
GHOST,SIG_GHOST,2,28,1,2,1.363358455651509
GHOST,SIG_GHOST,2,29,1,1,1.3805017995655255
GHOST,SIG_GHOST,2,30,1,3,0.6969499703126985
GHOST,SIG_GHOST,2,31,1,2,1.1059920442076598
GHOST,SIG_GHOST,2,32,1,2,1.3679071374747485
GHOST,SIG_GHOST,2,33,1,2,1.3760202783092712
GHOST,SIG_GHOST,2,34,1,1,1.1662297537942128
GHOST,SIG_GHOST,2,35,1,2,1.3530926965502736
GHOST,SIG_GHOST,2,36,1,1,1.337010671881799
GHOST,SIG_GHOST,2,37,1,1,1.170412643660712
GHOST,SIG_GHOST,2,38,1,0,1.3803656065958263
GHOST,SIG_GHOST,2,39,1,1,1.2571485650825522
GHOST,SIG_GHOST,2,40,1,2,1.372041624551732
GHOST,SIG_GHOST,2,41,1,3,1.3474192456924337
GHOST,SIG_GHOST,2,42,1,0,1.3385900386819634
GHOST,SIG_GHOST,2,43,1,3,0.9893264283046852
GHOST,SIG_GHOST,2,44,1,1,1.2008789334451464
GHOST,SIG_GHOST,2,45,1,2,1.2033245842553093
GHOST,SIG_GHOST,2,46,1,0,1.09449715855135
GHOST,SIG_GHOST,2,47,1,2,1.349258842457079
GHOST,SIG_GHOST,2,48,1,0,1.371599883225632
GHOST,SIG_GHOST,2,49,1,3,1.1244356896456664
GHOST,SIG_GHOST,2,50,1,0,1.3741514134596056
GHOST,SIG_GHOST,2,51,1,3,1.2531716620445637
GHOST,SIG_GHOST,2,52,1,2,0.8591191827777704
GHOST,SIG_GHOST,2,53,1,3,1.337763859543892
GHOST,SIG_GHOST,2,54,1,2,1.2530303598103505
GHOST,SIG_GHOST,2,55,1,0,1.3668802882933988
GHOST,SIG_GHOST,2,56,1,2,0.913171635923196
GHOST,SIG_GHOST,2,57,1,1,1.3816139462250654
GHOST,SIG_GHOST,2,58,1,2,1.3605272915447604
GHOST,SIG_GHOST,2,59,1,1,1.2840122208878784
GHOST,SIG_GHOST,2,60,1,2,1.3550655990005063
GHOST,SIG_GHOST,2,61,1,0,1.3849620341676196
GHOST,SIG_GHOST,2,62,1,3,0.8744406839035685
GHOST,SIG_GHOST,2,63,1,3,1.358040239037513
GHOST,SIG_GHOST,2,64,1,2,1.3311461132836215
GHOST,SIG_GHOST,2,65,1,3,1.1746844887490124
GHOST,SIG_GHOST,2,66,1,0,1.3774523334231323
GHOST,SIG_GHOST,2,67,1,1,1.1576743025057263
GHOST,SIG_GHOST,2,68,1,1,1.3528013147780444
GHOST,SIG_GHOST,2,69,1,2,1.3711341714598388
GHOST,SIG_GHOST,2,70,1,2,1.3540592652553658
GHOST,SIG_GHOST,2,71,1,0,1.1893131757362547
GHOST,SIG_GHOST,2,72,1,0,1.35306734652614
GHOST,SIG_GHOST,2,73,1,3,1.3784561225755247
GHOST,SIG_GHOST,2,74,1,0,1.3844545724507815
GHOST,SIG_GHOST,2,75,1,0,1.3700657471938862
GHOST,SIG_GHOST,2,76,1,1,1.2853280507051428
GHOST,SIG_GHOST,2,77,1,0,1.3763560293516728
GHOST,SIG_GHOST,2,78,1,3,1.1333158338741045
GHOST,SIG_GHOST,2,79,1,2,1.3315263659881063
GHOST,SIG_GHOST,2,80,1,0,1.1035573729061998
GHOST,SIG_GHOST,2,81,1,1,1.3735364581118008
GHOST,SIG_GHOST,2,82,1,0,1.0717774640985738
GHOST,SIG_GHOST,2,83,1,3,1.382082742348982
GHOST,SIG_GHOST,2,84,1,3,1.3705703692894702
GHOST,SIG_GHOST,2,85,1,1,1.3561491539522759
GHOST,SIG_GHOST,2,86,1,2,1.3612924953859058
GHOST,SIG_GHOST,2,87,1,3,1.3306365012154253
GHOST,SIG_GHOST,2,88,1,2,1.3328343713602093
GHOST,SIG_GHOST,2,89,1,1,1.3786083717226965
GHOST,SIG_GHOST,2,90,1,2,1.3297077059541036
GHOST,SIG_GHOST,2,91,1,2,1.38215220130096
GHOST,SIG_GHOST,2,92,1,1,1.3658311113668025
GHOST,SIG_GHOST,2,93,1,0,1.3262039118226716
GHOST,SIG_GHOST,2,94,1,0,1.1945429517305057
GHOST,SIG_GHOST,2,95,1,2,1.3649916618331042
GHOST,SIG_GHOST,2,96,1,3,1.3800833741995788
GHOST,SIG_GHOST,2,97,1,0,1.36196192879541
GHOST,SIG_GHOST,2,98,1,2,1.377056713680687
GHOST,SIG_GHOST,2,99,1,3,1.1862568858109968
GHOST,SIG_GHOST,2,100,1,0,1.1253111890390133
GHOST,SIG_GHOST,2,101,1,0,1.379381395359579
GHOST,SIG_GHOST,2,102,1,0,1.149523545807412
GHOST,SIG_GHOST,2,103,1,3,1.3605338745679716
GHOST,SIG_GHOST,2,104,1,2,1.363121579317557
GHOST,SIG_GHOST,2,105,1,3,1.3283522553837004
GHOST,SIG_GHOST,2,106,1,0,1.3745362141588389
GHOST,SIG_GHOST,2,107,1,3,1.3597504113979568
GHOST,SIG_GHOST,2,108,1,2,1.35835952982479
GHOST,SIG_GHOST,2,109,1,3,1.3506144269972247
GHOST,SIG_GHOST,2,110,1,1,1.380254243539995
GHOST,SIG_GHOST,2,111,1,3,1.192624147009128
GHOST,SIG_GHOST,2,112,1,0,1.350803167194322
GHOST,SIG_GHOST,2,113,1,0,1.2507006683989128
GHOST,SIG_GHOST,2,114,1,0,1.1340500678166303
GHOST,SIG_GHOST,2,115,1,0,1.3811909839663428
GHOST,SIG_GHOST,2,116,1,2,1.371415391990387
GHOST,SIG_GHOST,2,117,1,1,1.2133702475096488
GHOST,SIG_GHOST,2,118,1,2,1.3671210830079366
GHOST,SIG_GHOST,2,119,1,2,1.3629801910960715
GHOST,SIG_GHOST,2,120,1,0,1.3587817054183309
GHOST,SIG_GHOST,2,121,1,2,1.337074954803293
GHOST,SIG_GHOST,2,122,1,0,1.069250343442142
GHOST,SIG_GHOST,2,123,1,3,1.120579535104809
GHOST,SIG_GHOST,2,124,1,3,1.378919002534101
GHOST,SIG_GHOST,2,125,1,1,1.2227874513255825
GHOST,SIG_GHOST,2,126,1,3,1.348379411332176
GHOST,SIG_GHOST,2,127,1,2,1.315497026277451
GHOST,SIG_GHOST,2,128,1,0,1.1992387484108402
GHOST,SIG_GHOST,2,129,1,2,1.1934763701538715
GHOST,SIG_GHOST,2,130,1,1,1.3668862139622293
GHOST,SIG_GHOST,2,131,1,1,1.3576011170013815
GHOST,SIG_GHOST,2,132,1,0,1.348370327048463
GHOST,SIG_GHOST,2,133,1,3,1.1977872474671365
GHOST,SIG_GHOST,2,134,1,3,1.3266878968969653
GHOST,SIG_GHOST,2,135,1,2,1.3747694193182851
GHOST,SIG_GHOST,2,136,1,2,1.3654529886192397
GHOST,SIG_GHOST,2,137,1,0,1.3718468367229166
GHOST,SIG_GHOST,2,138,1,0,1.3821984923419783
GHOST,SIG_GHOST,2,139,1,1,1.2511216949991524
GHOST,SIG_GHOST,2,140,1,2,1.1804612460421895
GHOST,SIG_GHOST,2,141,1,0,1.2207727724211788
GHOST,SIG_GHOST,2,142,1,1,1.3746286825747687
GHOST,SIG_GHOST,2,143,1,3,1.2654965441912787
GHOST,SIG_GHOST,2,144,1,3,1.3721024945479212
GHOST,SIG_GHOST,2,145,1,0,1.3684528568804692
GHOST,SIG_GHOST,2,146,1,2,1.3256563419055163
GHOST,SIG_GHOST,2,147,1,0,1.3246724372635388
GHOST,SIG_GHOST,2,148,1,1,1.361750320899509
GHOST,SIG_GHOST,2,149,1,3,1.1328579939676915
GHOST,SIG_GHOST,2,150,1,1,1.3620223835979501
GHOST,SIG_GHOST,2,151,1,0,0.9981855596498392
GHOST,SIG_GHOST,2,152,1,0,1.3712380097009376
GHOST,SIG_GHOST,2,153,1,2,1.2163955886871112
GHOST,SIG_GHOST,2,154,1,3,1.3483448524517192
GHOST,SIG_GHOST,2,155,1,1,1.3397730696589314
GHOST,SIG_GHOST,2,156,1,3,1.310675977586771
GHOST,SIG_GHOST,2,157,1,0,1.177801185457402
GHOST,SIG_GHOST,2,158,1,3,1.3847566039862138
GHOST,SIG_GHOST,2,159,1,1,1.3592405643762622
GHOST,SIG_GHOST,2,160,1,0,0.9839408258684388
GHOST,SIG_GHOST,2,161,1,1,1.3001578086286047
GHOST,SIG_GHOST,2,162,1,1,1.3550293245486364
GHOST,SIG_GHOST,2,163,1,3,1.2953503483893019
GHOST,SIG_GHOST,2,164,1,3,1.365161202735278
GHOST,SIG_GHOST,2,165,1,2,1.3572951941359974
GHOST,SIG_GHOST,2,166,1,1,1.3001296769941588
GHOST,SIG_GHOST,2,167,1,2,1.3762982708177014
GHOST,SIG_GHOST,2,168,1,1,1.3777221402090198
GHOST,SIG_GHOST,2,169,1,0,1.383747597276943
GHOST,SIG_GHOST,2,170,1,0,1.3800072636853655
GHOST,SIG_GHOST,2,171,1,1,1.3781392168676072
GHOST,SIG_GHOST,2,172,1,2,1.3562881891941312
GHOST,SIG_GHOST,2,173,1,0,1.0981706890941467
GHOST,SIG_GHOST,2,174,1,2,1.1579843043458307
GHOST,SIG_GHOST,2,175,1,3,1.3695154368064144
GHOST,SIG_GHOST,2,176,1,0,1.346114303534081
GHOST,SIG_GHOST,2,177,1,2,1.0850416955818343
GHOST,SIG_GHOST,2,178,1,1,1.3765661874137394
GHOST,SIG_GHOST,2,179,1,1,1.3484917147956323
GHOST,SIG_GHOST,2,180,1,1,1.214888163601154
GHOST,SIG_GHOST,2,181,1,3,1.3831253148239568
GHOST,SIG_GHOST,2,182,1,0,1.244346251086853
GHOST,SIG_GHOST,2,183,1,2,1.3122573350587046
GHOST,SIG_GHOST,2,184,1,3,1.368414483012275
GHOST,SIG_GHOST,2,185,1,0,1.1820866121549687
GHOST,SIG_GHOST,2,186,1,0,1.3538946497299953
GHOST,SIG_GHOST,2,187,1,3,1.3624476847251974
GHOST,SIG_GHOST,2,188,1,3,1.3410136778745467
GHOST,SIG_GHOST,2,189,1,3,1.36765342135931
GHOST,SIG_GHOST,2,190,1,2,1.369402922165849
GHOST,SIG_GHOST,2,191,1,2,1.3567524490678189
GHOST,SIG_GHOST,2,192,1,3,1.2579581585161308
GHOST,SIG_GHOST,2,193,1,3,1.3659604886431103
GHOST,SIG_GHOST,2,194,1,3,1.3443848737674746
GHOST,SIG_GHOST,2,195,1,1,1.3767412568533097
GHOST,SIG_GHOST,2,196,1,0,1.3553581766952123
GHOST,SIG_GHOST,2,197,1,2,1.1497394516049149
GHOST,SIG_GHOST,2,198,1,1,1.3394472263168424
GHOST,SIG_GHOST,2,199,1,1,1.312618717464527
GHOST,SIG_GHOST,3,0,1,1,0.403928219747823
GHOST,SIG_GHOST,3,1,1,3,1.3652540988441846
GHOST,SIG_GHOST,3,2,1,2,1.3149349038498084
GHOST,SIG_GHOST,3,3,1,2,1.0540896029204128
GHOST,SIG_GHOST,3,4,1,2,1.0657417472294917
GHOST,SIG_GHOST,3,5,1,3,1.3647666223399082
GHOST,SIG_GHOST,3,6,1,2,1.2060786775535872
GHOST,SIG_GHOST,3,7,1,0,1.3467375037328158
GHOST,SIG_GHOST,3,8,1,1,0.988130010102584
GHOST,SIG_GHOST,3,9,1,0,1.3591695689890004
GHOST,SIG_GHOST,3,10,1,3,1.3637462833583283
GHOST,SIG_GHOST,3,11,1,2,1.3618946421089024
GHOST,SIG_GHOST,3,12,1,2,1.0398855709774324
GHOST,SIG_GHOST,3,13,1,1,1.384216373174981
GHOST,SIG_GHOST,3,14,1,2,1.3641254374447325
GHOST,SIG_GHOST,3,15,1,2,1.3606183270172627
GHOST,SIG_GHOST,3,16,1,2,1.3401064436750523
GHOST,SIG_GHOST,3,17,1,1,1.3457495398727095
GHOST,SIG_GHOST,3,18,1,2,1.3239751822485424
GHOST,SIG_GHOST,3,19,1,1,1.374102677512181
GHOST,SIG_GHOST,3,20,1,3,1.3715976921771493
GHOST,SIG_GHOST,3,21,1,0,1.2462004091689662
GHOST,SIG_GHOST,3,22,1,0,1.3770215639764412
GHOST,SIG_GHOST,3,23,1,3,1.3634544775583568
GHOST,SIG_GHOST,3,24,1,1,1.2653800151475854
GHOST,SIG_GHOST,3,25,1,1,1.3843490018719546
GHOST,SIG_GHOST,3,26,1,2,1.3646967096609424
GHOST,SIG_GHOST,3,27,1,2,1.3687828504435182
GHOST,SIG_GHOST,3,28,1,3,1.1259410193140709
GHOST,SIG_GHOST,3,29,1,2,1.142451478534872
GHOST,SIG_GHOST,3,30,1,0,1.3331726593525806
GHOST,SIG_GHOST,3,31,1,0,1.3771409868074698
GHOST,SIG_GHOST,3,32,1,2,1.3428873644617718
GHOST,SIG_GHOST,3,33,1,3,1.3689916874042378
GHOST,SIG_GHOST,3,34,1,2,1.3701955857081691
GHOST,SIG_GHOST,3,35,1,3,1.166157144790436
GHOST,SIG_GHOST,3,36,1,3,1.3762833943314643
GHOST,SIG_GHOST,3,37,1,0,1.325505472337109
GHOST,SIG_GHOST,3,38,1,0,1.1646604180434172
GHOST,SIG_GHOST,3,39,1,3,1.3493278580404846
GHOST,SIG_GHOST,3,40,1,3,0.8916324855377498
GHOST,SIG_GHOST,3,41,1,3,1.37036465728184
GHOST,SIG_GHOST,3,42,1,2,1.3628007392069912
GHOST,SIG_GHOST,3,43,1,0,1.3178463199759687
GHOST,SIG_GHOST,3,44,1,0,1.3632444992318842
GHOST,SIG_GHOST,3,45,1,0,1.250815434064505
GHOST,SIG_GHOST,3,46,1,2,0.9951740390355667
GHOST,SIG_GHOST,3,47,1,3,1.1461383653703656
GHOST,SIG_GHOST,3,48,1,3,1.2339521332641419
GHOST,SIG_GHOST,3,49,1,3,1.383198294057501
GHOST,SIG_GHOST,3,50,1,0,1.313725418611993
GHOST,SIG_GHOST,3,51,1,3,1.3699323363226212
GHOST,SIG_GHOST,3,52,1,2,1.3627073415348638
GHOST,SIG_GHOST,3,53,1,3,1.3763727948232274
GHOST,SIG_GHOST,3,54,1,0,1.3595245706094714
GHOST,SIG_GHOST,3,55,1,1,1.3742771630292838
GHOST,SIG_GHOST,3,56,1,3,1.149239575481911
GHOST,SIG_GHOST,3,57,1,1,1.3653798318601398
GHOST,SIG_GHOST,3,58,1,3,1.3663424711651921
GHOST,SIG_GHOST,3,59,1,0,1.2019601911472393
GHOST,SIG_GHOST,3,60,1,0,1.3760807085624198
GHOST,SIG_GHOST,3,61,1,3,1.3543044256814873
GHOST,SIG_GHOST,3,62,1,0,1.3653450856890414
GHOST,SIG_GHOST,3,63,1,0,1.1754240579345463
GHOST,SIG_GHOST,3,64,1,3,1.347474061179105
GHOST,SIG_GHOST,3,65,1,1,1.3635484021278654
GHOST,SIG_GHOST,3,66,1,3,1.3611377445528665
GHOST,SIG_GHOST,3,67,1,2,1.3790148245642504
GHOST,SIG_GHOST,3,68,1,3,0.9409797004983489
GHOST,SIG_GHOST,3,69,1,1,1.3773479617086988
GHOST,SIG_GHOST,3,70,1,0,1.3847414858511633
GHOST,SIG_GHOST,3,71,1,1,1.377522976659367
GHOST,SIG_GHOST,3,72,1,0,1.3634438423468105
GHOST,SIG_GHOST,3,73,1,1,1.0773152751871993
GHOST,SIG_GHOST,3,74,1,3,1.1837971494033954
GHOST,SIG_GHOST,3,75,1,3,1.3645456418823425
GHOST,SIG_GHOST,3,76,1,2,1.3342827577209027
GHOST,SIG_GHOST,3,77,1,2,0.9978882082222325
GHOST,SIG_GHOST,3,78,1,0,1.3520541243065507
GHOST,SIG_GHOST,3,79,1,1,1.2033254941945488
GHOST,SIG_GHOST,3,80,1,3,1.360003812202049
GHOST,SIG_GHOST,3,81,1,0,1.357901335907836
GHOST,SIG_GHOST,3,82,1,2,1.3498590224650597
GHOST,SIG_GHOST,3,83,1,2,0.917760514982249
GHOST,SIG_GHOST,3,84,1,3,1.0666501503732637
GHOST,SIG_GHOST,3,85,1,2,1.352278994537257
GHOST,SIG_GHOST,3,86,1,0,1.3273141988607866
GHOST,SIG_GHOST,3,87,1,0,1.1019803296774207
GHOST,SIG_GHOST,3,88,1,3,1.3575882978278369
GHOST,SIG_GHOST,3,89,1,3,1.345032258398851
GHOST,SIG_GHOST,3,90,1,1,1.3168483341067199
GHOST,SIG_GHOST,3,91,1,1,1.1910563836477894
GHOST,SIG_GHOST,3,92,1,2,1.3613352809710373
GHOST,SIG_GHOST,3,93,1,0,1.2896863444381486
GHOST,SIG_GHOST,3,94,1,1,1.3721364674396834
GHOST,SIG_GHOST,3,95,1,3,1.3383246894599887
GHOST,SIG_GHOST,3,96,1,2,1.3517514491905254
GHOST,SIG_GHOST,3,97,1,2,1.3496796910097484
GHOST,SIG_GHOST,3,98,1,0,1.1456811617372133
GHOST,SIG_GHOST,3,99,1,0,1.3604816180743695
GHOST,SIG_GHOST,3,100,1,0,1.3655131730456316
GHOST,SIG_GHOST,3,101,1,2,1.354252110606484
GHOST,SIG_GHOST,3,102,1,1,1.3819139678964543
GHOST,SIG_GHOST,3,103,1,3,1.37814180466937
GHOST,SIG_GHOST,3,104,1,1,1.3800208803612866
GHOST,SIG_GHOST,3,105,1,3,1.3255911166313648
GHOST,SIG_GHOST,3,106,1,2,1.3669481956304521
GHOST,SIG_GHOST,3,107,1,1,1.196896947388295
GHOST,SIG_GHOST,3,108,1,2,0.8028677111977687
GHOST,SIG_GHOST,3,109,1,0,1.3496231593427062
GHOST,SIG_GHOST,3,110,1,2,1.3706868944309472
GHOST,SIG_GHOST,3,111,1,0,1.383363682725208
GHOST,SIG_GHOST,3,112,1,0,1.3511678624016519
GHOST,SIG_GHOST,3,113,1,0,1.3464925989041852
GHOST,SIG_GHOST,3,114,1,2,1.367872569515008
GHOST,SIG_GHOST,3,115,1,1,1.191863459578702
GHOST,SIG_GHOST,3,116,1,2,1.352359128843261
GHOST,SIG_GHOST,3,117,1,0,1.3656557484845786
GHOST,SIG_GHOST,3,118,1,0,1.3511705074168296
GHOST,SIG_GHOST,3,119,1,0,1.3760319951992874
GHOST,SIG_GHOST,3,120,1,3,1.1173428057006491
GHOST,SIG_GHOST,3,121,1,3,1.3795280629344047
GHOST,SIG_GHOST,3,122,1,3,0.8526772659629531
GHOST,SIG_GHOST,3,123,1,1,1.3718527856260898
GHOST,SIG_GHOST,3,124,1,0,1.0869302254426703
GHOST,SIG_GHOST,3,125,1,3,1.3427357019127295
GHOST,SIG_GHOST,3,126,1,3,1.2502766938806795
GHOST,SIG_GHOST,3,127,1,0,1.376006369314626
GHOST,SIG_GHOST,3,128,1,2,1.3820999122357192
GHOST,SIG_GHOST,3,129,1,0,1.367874435130819
GHOST,SIG_GHOST,3,130,1,2,1.3664927713342052
GHOST,SIG_GHOST,3,131,1,3,1.3510379983419174
GHOST,SIG_GHOST,3,132,1,3,1.3807442828887504
GHOST,SIG_GHOST,3,133,1,0,1.3764294493049272
GHOST,SIG_GHOST,3,134,1,1,1.3679936987056782
GHOST,SIG_GHOST,3,135,1,1,1.3828956714907803
GHOST,SIG_GHOST,3,136,1,1,1.3638706340242017
GHOST,SIG_GHOST,3,137,1,2,1.367616294996333
GHOST,SIG_GHOST,3,138,1,1,1.189869431828197
GHOST,SIG_GHOST,3,139,1,2,1.0453083264649665
GHOST,SIG_GHOST,3,140,1,1,1.3674154447594855
GHOST,SIG_GHOST,3,141,1,3,0.7343529580341764
GHOST,SIG_GHOST,3,142,1,0,1.3492096329117695
GHOST,SIG_GHOST,3,143,1,1,1.1226682311678016
GHOST,SIG_GHOST,3,144,1,2,0.9080686813246472
GHOST,SIG_GHOST,3,145,1,1,1.3680264208263289
GHOST,SIG_GHOST,3,146,1,3,1.0396467682452881
GHOST,SIG_GHOST,3,147,1,3,1.324410239226783
GHOST,SIG_GHOST,3,148,1,0,1.3594566221958446
GHOST,SIG_GHOST,3,149,1,1,1.3801037516270616
GHOST,SIG_GHOST,3,150,1,0,1.3810116484019597
GHOST,SIG_GHOST,3,151,1,1,1.3422271685014249
GHOST,SIG_GHOST,3,152,1,1,1.345695351471554
GHOST,SIG_GHOST,3,153,1,3,1.3580663486229565
GHOST,SIG_GHOST,3,154,1,3,1.3788665585825668
GHOST,SIG_GHOST,3,155,1,2,1.3637788015197487
GHOST,SIG_GHOST,3,156,1,1,1.351843556979501
GHOST,SIG_GHOST,3,157,1,0,1.3647306473317755
GHOST,SIG_GHOST,3,158,1,0,1.362468447669757
GHOST,SIG_GHOST,3,159,1,0,1.330449452966371
GHOST,SIG_GHOST,3,160,1,3,1.3778195492375853
GHOST,SIG_GHOST,3,161,1,2,1.3722984381592918
GHOST,SIG_GHOST,3,162,1,0,1.385192840560324
GHOST,SIG_GHOST,3,163,1,1,1.3848233238348928
GHOST,SIG_GHOST,3,164,1,0,1.1498840329285769
GHOST,SIG_GHOST,3,165,1,1,1.2046876033988552
GHOST,SIG_GHOST,3,166,1,0,0.9518415490068535
GHOST,SIG_GHOST,3,167,1,2,0.8490149410240563
GHOST,SIG_GHOST,3,168,1,1,1.3747491848887612
GHOST,SIG_GHOST,3,169,1,3,1.3828955810815402
GHOST,SIG_GHOST,3,170,1,1,1.3772444005918547
GHOST,SIG_GHOST,3,171,1,1,1.212460082606265
GHOST,SIG_GHOST,3,172,1,1,1.376085442611014
GHOST,SIG_GHOST,3,173,1,1,1.232129816809951
GHOST,SIG_GHOST,3,174,1,2,1.3518795027366033
GHOST,SIG_GHOST,3,175,1,1,1.3658451514956984
GHOST,SIG_GHOST,3,176,1,3,1.3773911780420909
GHOST,SIG_GHOST,3,177,1,2,1.3485199902044664
GHOST,SIG_GHOST,3,178,1,2,1.3628153355599895
GHOST,SIG_GHOST,3,179,1,1,1.3604146519691798
GHOST,SIG_GHOST,3,180,1,0,1.3505921754093657
GHOST,SIG_GHOST,3,181,1,1,1.3772465857069944
GHOST,SIG_GHOST,3,182,1,0,1.3537507008448586
GHOST,SIG_GHOST,3,183,1,1,1.3589275053749028
GHOST,SIG_GHOST,3,184,1,0,1.341770206914571
GHOST,SIG_GHOST,3,185,1,3,1.1896453684949575
GHOST,SIG_GHOST,3,186,1,2,1.3359557308867291
GHOST,SIG_GHOST,3,187,1,1,1.3674912756216513
GHOST,SIG_GHOST,3,188,1,2,1.359108423734102
GHOST,SIG_GHOST,3,189,1,3,1.1017759665983642
GHOST,SIG_GHOST,3,190,1,3,1.332299281499302
GHOST,SIG_GHOST,3,191,1,1,1.2688023093161631
GHOST,SIG_GHOST,3,192,1,0,1.3848188902123062
GHOST,SIG_GHOST,3,193,1,1,1.3458040457319518
GHOST,SIG_GHOST,3,194,1,3,1.3291994115292738
GHOST,SIG_GHOST,3,195,1,3,1.3793369882908364
GHOST,SIG_GHOST,3,196,1,2,1.0856246606390103
GHOST,SIG_GHOST,3,197,1,2,1.3743452758686974
GHOST,SIG_GHOST,3,198,1,1,1.3747527584105892
GHOST,SIG_GHOST,3,199,1,2,1.3034650432140533
GHOST,SIG_GHOST,4,0,1,2,1.3643168218930881
GHOST,SIG_GHOST,4,1,1,0,1.3807893188261096
GHOST,SIG_GHOST,4,2,1,1,1.3703937876209769
GHOST,SIG_GHOST,4,3,1,3,1.3609821938045554
GHOST,SIG_GHOST,4,4,1,2,1.371333449807128
GHOST,SIG_GHOST,4,5,1,2,1.2000472105150661
GHOST,SIG_GHOST,4,6,1,1,0.972958098494235
GHOST,SIG_GHOST,4,7,1,0,1.0747768256542227
GHOST,SIG_GHOST,4,8,1,0,1.3829284974759843
GHOST,SIG_GHOST,4,9,1,2,1.1690803324134147
GHOST,SIG_GHOST,4,10,1,0,1.1220903888283273
GHOST,SIG_GHOST,4,11,1,1,1.3784312369207428
GHOST,SIG_GHOST,4,12,1,0,1.3329338433787425
GHOST,SIG_GHOST,4,13,1,1,1.0046508772875014
GHOST,SIG_GHOST,4,14,1,3,1.3758330595352881
GHOST,SIG_GHOST,4,15,1,1,1.3579338918809396
GHOST,SIG_GHOST,4,16,1,1,1.0628876930769864
GHOST,SIG_GHOST,4,17,1,0,1.0890148538369546
GHOST,SIG_GHOST,4,18,1,2,1.347573341096705
GHOST,SIG_GHOST,4,19,1,1,1.128862757742729
GHOST,SIG_GHOST,4,20,1,2,1.352902347365641
GHOST,SIG_GHOST,4,21,1,3,1.3745874099009838
GHOST,SIG_GHOST,4,22,1,2,1.350411888670997
GHOST,SIG_GHOST,4,23,1,0,1.3758232834017023
GHOST,SIG_GHOST,4,24,1,3,1.3568475691899389
GHOST,SIG_GHOST,4,25,1,0,1.023657234099758
GHOST,SIG_GHOST,4,26,1,1,1.3339884014050327
GHOST,SIG_GHOST,4,27,1,3,1.385495184234793
GHOST,SIG_GHOST,4,28,1,2,0.9694151812950107
GHOST,SIG_GHOST,4,29,1,2,1.3684165598634028
GHOST,SIG_GHOST,4,30,1,0,1.3575279119229378
GHOST,SIG_GHOST,4,31,1,1,1.3716365287867227
GHOST,SIG_GHOST,4,32,1,1,1.3505154231710415
GHOST,SIG_GHOST,4,33,1,1,1.381516183827861
GHOST,SIG_GHOST,4,34,1,3,1.3311334726871256
GHOST,SIG_GHOST,4,35,1,0,0.9661063198855837
GHOST,SIG_GHOST,4,36,1,2,1.3388080299764038
GHOST,SIG_GHOST,4,37,1,2,1.3022419680683806
GHOST,SIG_GHOST,4,38,1,1,1.3713400084034422
GHOST,SIG_GHOST,4,39,1,2,1.378841717500301
GHOST,SIG_GHOST,4,40,1,1,1.3813135526379934
GHOST,SIG_GHOST,4,41,1,3,1.1072997588716764
GHOST,SIG_GHOST,4,42,1,2,1.362376138982084
GHOST,SIG_GHOST,4,43,1,0,1.1266792658248845
GHOST,SIG_GHOST,4,44,1,2,1.3815913903275947
GHOST,SIG_GHOST,4,45,1,2,1.2799385680875814
GHOST,SIG_GHOST,4,46,1,0,1.3541964575983114
GHOST,SIG_GHOST,4,47,1,1,1.3625347442077305
GHOST,SIG_GHOST,4,48,1,3,1.365681432813243
GHOST,SIG_GHOST,4,49,1,0,1.3519145005512065
GHOST,SIG_GHOST,4,50,1,0,1.374424479680218
GHOST,SIG_GHOST,4,51,1,3,1.3547470936309018
GHOST,SIG_GHOST,4,52,1,3,0.8515294887983875
GHOST,SIG_GHOST,4,53,1,0,1.3533572781782839
GHOST,SIG_GHOST,4,54,1,0,1.350137198552257
GHOST,SIG_GHOST,4,55,1,0,1.3439936326844188
GHOST,SIG_GHOST,4,56,1,3,1.2896686087024176
GHOST,SIG_GHOST,4,57,1,2,1.3783699317591247
GHOST,SIG_GHOST,4,58,1,2,1.3544210814190372
GHOST,SIG_GHOST,4,59,1,3,1.3402950413339874
GHOST,SIG_GHOST,4,60,1,0,1.373544461330326
GHOST,SIG_GHOST,4,61,1,3,1.1284411187293975
GHOST,SIG_GHOST,4,62,1,1,1.3262160278534223
GHOST,SIG_GHOST,4,63,1,3,1.3808066311082807
GHOST,SIG_GHOST,4,64,1,1,1.3743616844094912
GHOST,SIG_GHOST,4,65,1,0,1.2744173921433137
GHOST,SIG_GHOST,4,66,1,0,1.347983266733704
GHOST,SIG_GHOST,4,67,1,0,1.3622116326087321
GHOST,SIG_GHOST,4,68,1,0,1.3540105439382906
GHOST,SIG_GHOST,4,69,1,2,1.3823617088911302
GHOST,SIG_GHOST,4,70,1,3,1.28893116866332
GHOST,SIG_GHOST,4,71,1,3,1.0887105081627106
GHOST,SIG_GHOST,4,72,1,0,1.1826136161789755
GHOST,SIG_GHOST,4,73,1,0,1.1043962584464468
GHOST,SIG_GHOST,4,74,1,2,1.2472741531701321
GHOST,SIG_GHOST,4,75,1,3,1.3649788591419183
GHOST,SIG_GHOST,4,76,1,0,1.3676937799962952
GHOST,SIG_GHOST,4,77,1,0,1.3689656328176687
GHOST,SIG_GHOST,4,78,1,0,1.3658894099973877
GHOST,SIG_GHOST,4,79,1,1,1.352984200826242
GHOST,SIG_GHOST,4,80,1,1,1.3649616083082934
GHOST,SIG_GHOST,4,81,1,3,0.596950158004615
GHOST,SIG_GHOST,4,82,1,3,1.3851564658030213
GHOST,SIG_GHOST,4,83,1,0,1.3529366051086804
GHOST,SIG_GHOST,4,84,1,3,1.338370015483949
GHOST,SIG_GHOST,4,85,1,3,1.3224155276155498
GHOST,SIG_GHOST,4,86,1,2,1.3189650045945216
GHOST,SIG_GHOST,4,87,1,1,1.3772980983823437
GHOST,SIG_GHOST,4,88,1,0,1.3328770248282988
GHOST,SIG_GHOST,4,89,1,2,1.369613865191647
GHOST,SIG_GHOST,4,90,1,2,1.3263219674807658
GHOST,SIG_GHOST,4,91,1,1,1.3645887894030617
GHOST,SIG_GHOST,4,92,1,2,1.3086379614688053
GHOST,SIG_GHOST,4,93,1,2,1.3505339137092522
GHOST,SIG_GHOST,4,94,1,2,1.370962385874138
GHOST,SIG_GHOST,4,95,1,3,1.3500671318015744
GHOST,SIG_GHOST,4,96,1,0,1.3773018738591845
GHOST,SIG_GHOST,4,97,1,0,1.3706435365682363
GHOST,SIG_GHOST,4,98,1,1,1.376411784817273
GHOST,SIG_GHOST,4,99,1,2,1.3843874863129817
GHOST,SIG_GHOST,4,100,1,0,1.3293361866296955
GHOST,SIG_GHOST,4,101,1,0,1.3760911635023445
GHOST,SIG_GHOST,4,102,1,1,1.3285790550540781
GHOST,SIG_GHOST,4,103,1,3,1.379910220441054
GHOST,SIG_GHOST,4,104,1,2,1.3490582753121363
GHOST,SIG_GHOST,4,105,1,1,1.379915006189525
GHOST,SIG_GHOST,4,106,1,1,1.330205317555762
GHOST,SIG_GHOST,4,107,1,0,1.3382926173452852
GHOST,SIG_GHOST,4,108,1,1,1.3656317811411114
GHOST,SIG_GHOST,4,109,1,1,1.3809496812368944
GHOST,SIG_GHOST,4,110,1,0,1.348773490132182
GHOST,SIG_GHOST,4,111,1,2,1.1428361895460957
GHOST,SIG_GHOST,4,112,1,3,1.3421916699944565
GHOST,SIG_GHOST,4,113,1,2,1.3163999423454396
GHOST,SIG_GHOST,4,114,1,3,1.3704247986372415
GHOST,SIG_GHOST,4,115,1,1,1.3334121941694963
GHOST,SIG_GHOST,4,116,1,0,1.1887621707833882
GHOST,SIG_GHOST,4,117,1,2,1.3727498922970554
GHOST,SIG_GHOST,4,118,1,3,1.3617786293248615
GHOST,SIG_GHOST,4,119,1,1,1.3623701235258636
GHOST,SIG_GHOST,4,120,1,1,1.3536206664906756
GHOST,SIG_GHOST,4,121,1,1,1.3424738664708913
GHOST,SIG_GHOST,4,122,1,3,0.9296901321435209
GHOST,SIG_GHOST,4,123,1,1,1.378028860742651
GHOST,SIG_GHOST,4,124,1,3,1.368549994362932
GHOST,SIG_GHOST,4,125,1,0,1.370098762929363
GHOST,SIG_GHOST,4,126,1,1,1.3628213328802086
GHOST,SIG_GHOST,4,127,1,1,0.49911922895508126
GHOST,SIG_GHOST,4,128,1,3,1.3722057430739145
GHOST,SIG_GHOST,4,129,1,1,1.3749745871914083
GHOST,SIG_GHOST,4,130,1,3,1.1261209355211557
GHOST,SIG_GHOST,4,131,1,0,1.3681004198101732
GHOST,SIG_GHOST,4,132,1,2,1.3673913577733519
GHOST,SIG_GHOST,4,133,1,3,1.357593218950219
GHOST,SIG_GHOST,4,134,1,0,1.3832715986329787
GHOST,SIG_GHOST,4,135,1,3,1.3649993343984246
GHOST,SIG_GHOST,4,136,1,3,1.3100814602785893
GHOST,SIG_GHOST,4,137,1,0,1.3506240220471324
GHOST,SIG_GHOST,4,138,1,3,1.2932353685942815
GHOST,SIG_GHOST,4,139,1,2,1.0248527742486722
GHOST,SIG_GHOST,4,140,1,3,1.1406231419586235
GHOST,SIG_GHOST,4,141,1,3,1.2228766260549364
GHOST,SIG_GHOST,4,142,1,2,1.0728890367298896
GHOST,SIG_GHOST,4,143,1,2,1.1759862839733461
GHOST,SIG_GHOST,4,144,1,2,1.3818929254674133
GHOST,SIG_GHOST,4,145,1,3,1.3693049397551205
GHOST,SIG_GHOST,4,146,1,2,1.3512172037652805
GHOST,SIG_GHOST,4,147,1,3,1.1035016298488793
GHOST,SIG_GHOST,4,148,1,1,1.1257316741104757
GHOST,SIG_GHOST,4,149,1,3,1.2403059805891659
GHOST,SIG_GHOST,4,150,1,1,1.2176227531604553
GHOST,SIG_GHOST,4,151,1,1,1.3693923484367077
GHOST,SIG_GHOST,4,152,1,0,1.2798090700379252
GHOST,SIG_GHOST,4,153,1,0,1.341968917570462
GHOST,SIG_GHOST,4,154,1,1,1.383905279688194
GHOST,SIG_GHOST,4,155,1,0,1.3587428700672468
GHOST,SIG_GHOST,4,156,1,3,1.3628646869644734
GHOST,SIG_GHOST,4,157,1,2,1.364430490260726
GHOST,SIG_GHOST,4,158,1,3,1.3625442560780514
GHOST,SIG_GHOST,4,159,1,2,1.2176600912587
GHOST,SIG_GHOST,4,160,1,1,1.3203106044064172
GHOST,SIG_GHOST,4,161,1,3,1.373946742161394
GHOST,SIG_GHOST,4,162,1,0,1.031214355399981
GHOST,SIG_GHOST,4,163,1,0,1.3798557201990471
GHOST,SIG_GHOST,4,164,1,1,1.3591094166822317
GHOST,SIG_GHOST,4,165,1,1,1.3374050554374814
GHOST,SIG_GHOST,4,166,1,3,1.1116253109978662
GHOST,SIG_GHOST,4,167,1,1,1.3314111452645154
GHOST,SIG_GHOST,4,168,1,2,1.0776876921444187
GHOST,SIG_GHOST,4,169,1,1,1.3723422176117863
GHOST,SIG_GHOST,4,170,1,0,1.3415878879488368
GHOST,SIG_GHOST,4,171,1,1,1.3177313155297166
GHOST,SIG_GHOST,4,172,1,3,1.378064473324832
GHOST,SIG_GHOST,4,173,1,2,0.9861763864954837
GHOST,SIG_GHOST,4,174,1,2,1.3585132924104715
GHOST,SIG_GHOST,4,175,1,1,1.373872302049064
GHOST,SIG_GHOST,4,176,1,1,1.2284456288245191
GHOST,SIG_GHOST,4,177,1,3,1.3856759058250436
GHOST,SIG_GHOST,4,178,1,0,1.3830115698449474
GHOST,SIG_GHOST,4,179,1,2,1.3689353106794298
GHOST,SIG_GHOST,4,180,1,0,1.3669131584665055
GHOST,SIG_GHOST,4,181,1,3,1.3169409158223735
GHOST,SIG_GHOST,4,182,1,0,1.3844639547014725
GHOST,SIG_GHOST,4,183,1,3,1.3777929386246055
GHOST,SIG_GHOST,4,184,1,1,1.3702416988727044
GHOST,SIG_GHOST,4,185,1,1,1.33127584498189
GHOST,SIG_GHOST,4,186,1,1,1.2269603656699926
GHOST,SIG_GHOST,4,187,1,3,1.3278706352525225
GHOST,SIG_GHOST,4,188,1,1,1.3613230141831685
GHOST,SIG_GHOST,4,189,1,0,1.3636879019524506
GHOST,SIG_GHOST,4,190,1,2,1.3612855135419855
GHOST,SIG_GHOST,4,191,1,1,1.1382934144627423
GHOST,SIG_GHOST,4,192,1,1,1.3804029618346385
GHOST,SIG_GHOST,4,193,1,3,1.3562762672463724
GHOST,SIG_GHOST,4,194,1,1,1.3545471635027226
GHOST,SIG_GHOST,4,195,1,1,1.3767264453311638
GHOST,SIG_GHOST,4,196,1,2,1.3817959031836289
GHOST,SIG_GHOST,4,197,1,1,1.3737285378477442
GHOST,SIG_GHOST,4,198,1,0,1.0659436882860753
GHOST,SIG_GHOST,4,199,1,2,1.3026438331745793
GHOST,SIG_GHOST,5,0,1,1,1.3628732187577324
GHOST,SIG_GHOST,5,1,1,3,1.369471787881185
GHOST,SIG_GHOST,5,2,1,1,1.304397617738876
GHOST,SIG_GHOST,5,3,1,3,1.1968019533006122
GHOST,SIG_GHOST,5,4,1,3,1.3662331067286244
GHOST,SIG_GHOST,5,5,1,3,1.3506671790790101
GHOST,SIG_GHOST,5,6,1,1,1.2236571917865606
GHOST,SIG_GHOST,5,7,1,3,1.3708618997505515
GHOST,SIG_GHOST,5,8,1,1,1.1771591388698621
GHOST,SIG_GHOST,5,9,1,1,1.3523037603319015
GHOST,SIG_GHOST,5,10,1,3,1.3620396547307183
GHOST,SIG_GHOST,5,11,1,0,1.3616307236526362
GHOST,SIG_GHOST,5,12,1,1,1.357513689577763
GHOST,SIG_GHOST,5,13,1,3,1.3514683897540927
GHOST,SIG_GHOST,5,14,1,2,1.3739391067902016
GHOST,SIG_GHOST,5,15,1,3,1.3775079447351737
GHOST,SIG_GHOST,5,16,1,3,1.3729940036058712
GHOST,SIG_GHOST,5,17,1,3,1.3697787858314712
GHOST,SIG_GHOST,5,18,1,3,0.987943553529638
GHOST,SIG_GHOST,5,19,1,0,1.3706723630009323
GHOST,SIG_GHOST,5,20,1,1,1.0754540512208468
GHOST,SIG_GHOST,5,21,1,1,0.9317175648098097
GHOST,SIG_GHOST,5,22,1,1,1.0663943067041157
GHOST,SIG_GHOST,5,23,1,0,1.3134776289953114
GHOST,SIG_GHOST,5,24,1,2,1.3703669500470526
GHOST,SIG_GHOST,5,25,1,1,1.331796116207597
GHOST,SIG_GHOST,5,26,1,3,1.376733154937953
GHOST,SIG_GHOST,5,27,1,1,1.3677365207288965
GHOST,SIG_GHOST,5,28,1,1,1.3751987720048404
GHOST,SIG_GHOST,5,29,1,0,1.0676157050171113
GHOST,SIG_GHOST,5,30,1,1,1.3597186362688445
GHOST,SIG_GHOST,5,31,1,3,1.3745271708428963
GHOST,SIG_GHOST,5,32,1,3,1.3596538245735352
GHOST,SIG_GHOST,5,33,1,0,1.366676193533836
GHOST,SIG_GHOST,5,34,1,1,1.2830085380946237
GHOST,SIG_GHOST,5,35,1,2,1.3577440217229109
GHOST,SIG_GHOST,5,36,1,3,1.3614856800520585
GHOST,SIG_GHOST,5,37,1,2,1.3809339312909998
GHOST,SIG_GHOST,5,38,1,3,1.3776825058378543
GHOST,SIG_GHOST,5,39,1,3,1.3310104715503819
GHOST,SIG_GHOST,5,40,1,0,1.356524698546948
GHOST,SIG_GHOST,5,41,1,1,1.3797877823449878
GHOST,SIG_GHOST,5,42,1,0,1.371750275200926
GHOST,SIG_GHOST,5,43,1,2,1.1005487108199348
GHOST,SIG_GHOST,5,44,1,2,1.3752369241089566
GHOST,SIG_GHOST,5,45,1,1,1.369217038842298
GHOST,SIG_GHOST,5,46,1,1,1.2423499225922017
GHOST,SIG_GHOST,5,47,1,0,1.3231991578039513
GHOST,SIG_GHOST,5,48,1,3,1.316430889428503
GHOST,SIG_GHOST,5,49,1,0,1.3677318607633981
GHOST,SIG_GHOST,5,50,1,3,1.3601303468225023
GHOST,SIG_GHOST,5,51,1,2,1.3770618628360516
GHOST,SIG_GHOST,5,52,1,3,1.348769053772694
GHOST,SIG_GHOST,5,53,1,2,1.0196414430544551
GHOST,SIG_GHOST,5,54,1,3,1.3711522196363406
GHOST,SIG_GHOST,5,55,1,2,0.9628217604183016
GHOST,SIG_GHOST,5,56,1,2,1.376588721318731
GHOST,SIG_GHOST,5,57,1,0,1.379613679033126
GHOST,SIG_GHOST,5,58,1,1,1.3846895907040102
GHOST,SIG_GHOST,5,59,1,3,1.3419109871080894
GHOST,SIG_GHOST,5,60,1,0,1.3126477281614168
GHOST,SIG_GHOST,5,61,1,0,1.347912290917954
GHOST,SIG_GHOST,5,62,1,2,0.3939520724102701
GHOST,SIG_GHOST,5,63,1,2,1.3398993693423527
GHOST,SIG_GHOST,5,64,1,3,1.3809502589456315
GHOST,SIG_GHOST,5,65,1,3,1.077679303067774
GHOST,SIG_GHOST,5,66,1,1,1.0657190737236424
GHOST,SIG_GHOST,5,67,1,0,1.3358933367298165
GHOST,SIG_GHOST,5,68,1,1,1.3474324431121651
GHOST,SIG_GHOST,5,69,1,3,1.3523056277259402
GHOST,SIG_GHOST,5,70,1,1,0.9501743800740807
GHOST,SIG_GHOST,5,71,1,1,1.147507241326633
GHOST,SIG_GHOST,5,72,1,1,1.0795511229953205
GHOST,SIG_GHOST,5,73,1,0,1.2997811828889563
GHOST,SIG_GHOST,5,74,1,1,1.3790500228171134
GHOST,SIG_GHOST,5,75,1,0,1.2759646995486562
GHOST,SIG_GHOST,5,76,1,2,1.382984221875611
GHOST,SIG_GHOST,5,77,1,0,1.37473955173219
GHOST,SIG_GHOST,5,78,1,0,1.3777992495842413
GHOST,SIG_GHOST,5,79,1,3,1.3289793743428662
GHOST,SIG_GHOST,5,80,1,3,1.3268059085816426
GHOST,SIG_GHOST,5,81,1,3,1.1799042109415958
GHOST,SIG_GHOST,5,82,1,1,1.0578498748226604
GHOST,SIG_GHOST,5,83,1,2,1.0816101457390686
GHOST,SIG_GHOST,5,84,1,1,1.3514488412620855
GHOST,SIG_GHOST,5,85,1,1,0.8004180210350442
GHOST,SIG_GHOST,5,86,1,3,1.348920825293364
GHOST,SIG_GHOST,5,87,1,2,1.384406920600617
GHOST,SIG_GHOST,5,88,1,1,1.2092321731209001
GHOST,SIG_GHOST,5,89,1,3,1.3579539529644729
GHOST,SIG_GHOST,5,90,1,2,1.3481053092865742
GHOST,SIG_GHOST,5,91,1,1,1.2450632276514582
GHOST,SIG_GHOST,5,92,1,0,1.342699541021675
GHOST,SIG_GHOST,5,93,1,2,1.3654407848142929
GHOST,SIG_GHOST,5,94,1,3,1.1855336346583114
GHOST,SIG_GHOST,5,95,1,3,1.3730136060355567
GHOST,SIG_GHOST,5,96,1,1,1.1183635736864497
GHOST,SIG_GHOST,5,97,1,3,1.3443619053739506
GHOST,SIG_GHOST,5,98,1,1,1.228047255460726
GHOST,SIG_GHOST,5,99,1,0,1.0090139299044063
GHOST,SIG_GHOST,5,100,1,2,1.3407053935593756
GHOST,SIG_GHOST,5,101,1,3,1.359049047367926
GHOST,SIG_GHOST,5,102,1,3,1.0962136679321595
GHOST,SIG_GHOST,5,103,1,0,1.2092632616083878
GHOST,SIG_GHOST,5,104,1,1,1.3716314652882438
GHOST,SIG_GHOST,5,105,1,3,1.3689854273886273
GHOST,SIG_GHOST,5,106,1,2,1.366250939645996
GHOST,SIG_GHOST,5,107,1,2,1.3743627520671706
GHOST,SIG_GHOST,5,108,1,1,1.1425651575518057
GHOST,SIG_GHOST,5,109,1,1,1.3598914449036492
GHOST,SIG_GHOST,5,110,1,2,1.3027266000168352
GHOST,SIG_GHOST,5,111,1,0,1.3591264994782377
GHOST,SIG_GHOST,5,112,1,3,1.0209948276129939
GHOST,SIG_GHOST,5,113,1,1,1.370676098459482
GHOST,SIG_GHOST,5,114,1,0,1.355394685719469
GHOST,SIG_GHOST,5,115,1,2,1.278394320572734
GHOST,SIG_GHOST,5,116,1,0,1.3738425160571972
GHOST,SIG_GHOST,5,117,1,1,1.3639259124960819
GHOST,SIG_GHOST,5,118,1,2,1.3079087231800672
GHOST,SIG_GHOST,5,119,1,1,1.3848765946594406
GHOST,SIG_GHOST,5,120,1,2,1.3335826441520087
GHOST,SIG_GHOST,5,121,1,1,1.090299791383239
GHOST,SIG_GHOST,5,122,1,3,1.3628377810545274
GHOST,SIG_GHOST,5,123,1,3,1.0959213811114592
GHOST,SIG_GHOST,5,124,1,0,1.288625795874929
GHOST,SIG_GHOST,5,125,1,3,1.1767408457674637
GHOST,SIG_GHOST,5,126,1,2,1.3595100779376046
GHOST,SIG_GHOST,5,127,1,2,1.0964735325528163
GHOST,SIG_GHOST,5,128,1,2,1.3204615415860732
GHOST,SIG_GHOST,5,129,1,3,1.3697464407105118
GHOST,SIG_GHOST,5,130,1,2,1.2284555537634692
GHOST,SIG_GHOST,5,131,1,3,1.3620448279374957
GHOST,SIG_GHOST,5,132,1,1,1.2494570052984721
GHOST,SIG_GHOST,5,133,1,2,1.3681135204338863
GHOST,SIG_GHOST,5,134,1,0,1.347484776878726
GHOST,SIG_GHOST,5,135,1,2,1.2815498923793949
GHOST,SIG_GHOST,5,136,1,2,1.3734121929121694
GHOST,SIG_GHOST,5,137,1,3,1.323584604754953
GHOST,SIG_GHOST,5,138,1,2,1.3402677486140786
GHOST,SIG_GHOST,5,139,1,3,1.0842389410913253
GHOST,SIG_GHOST,5,140,1,2,1.368193357261743
GHOST,SIG_GHOST,5,141,1,1,1.3576937729509257
GHOST,SIG_GHOST,5,142,1,1,1.3228834144149113
GHOST,SIG_GHOST,5,143,1,0,1.2878902955806033
GHOST,SIG_GHOST,5,144,1,1,1.361278460949174
GHOST,SIG_GHOST,5,145,1,1,1.3802515575202057
GHOST,SIG_GHOST,5,146,1,1,1.1341137592887058
GHOST,SIG_GHOST,5,147,1,0,1.289723590947164
GHOST,SIG_GHOST,5,148,1,2,1.3810431249225568
GHOST,SIG_GHOST,5,149,1,0,1.3743758614896444
GHOST,SIG_GHOST,5,150,1,3,0.9738727844740042
GHOST,SIG_GHOST,5,151,1,1,1.3573718219923474
GHOST,SIG_GHOST,5,152,1,0,1.0358950250703898
GHOST,SIG_GHOST,5,153,1,2,1.37492009041144
GHOST,SIG_GHOST,5,154,1,3,1.3592404215058203
GHOST,SIG_GHOST,5,155,1,0,1.363454822292703
GHOST,SIG_GHOST,5,156,1,1,1.2184367948886554
GHOST,SIG_GHOST,5,157,1,1,1.3794071552268963
GHOST,SIG_GHOST,5,158,1,1,1.2013796589539016
GHOST,SIG_GHOST,5,159,1,0,1.3315843469629591
GHOST,SIG_GHOST,5,160,1,1,1.20517365915362
GHOST,SIG_GHOST,5,161,1,2,1.3563104218298947
GHOST,SIG_GHOST,5,162,1,2,1.3821407512369588
GHOST,SIG_GHOST,5,163,1,3,1.368295299872999
GHOST,SIG_GHOST,5,164,1,0,1.1924174965194732
GHOST,SIG_GHOST,5,165,1,3,1.3753461093574826
GHOST,SIG_GHOST,5,166,1,1,1.0534337699078415
GHOST,SIG_GHOST,5,167,1,1,1.332135540849983
GHOST,SIG_GHOST,5,168,1,2,1.3616694754437475
GHOST,SIG_GHOST,5,169,1,0,1.3705050925795832
GHOST,SIG_GHOST,5,170,1,1,1.3714003853780496
GHOST,SIG_GHOST,5,171,1,1,1.3813618041239
GHOST,SIG_GHOST,5,172,1,3,1.3514927491789281
GHOST,SIG_GHOST,5,173,1,3,1.2074870201479162
GHOST,SIG_GHOST,5,174,1,1,1.3493825747744301
GHOST,SIG_GHOST,5,175,1,1,1.3544644871569342
GHOST,SIG_GHOST,5,176,1,1,1.3510242458896116
GHOST,SIG_GHOST,5,177,1,1,1.3372191771530726
GHOST,SIG_GHOST,5,178,1,1,1.1115677149551744
GHOST,SIG_GHOST,5,179,1,1,1.347963296674558
GHOST,SIG_GHOST,5,180,1,1,1.3789074559661518
GHOST,SIG_GHOST,5,181,1,3,1.3622278794258247
GHOST,SIG_GHOST,5,182,1,2,1.3778665517608344
GHOST,SIG_GHOST,5,183,1,3,1.3761268851676434
GHOST,SIG_GHOST,5,184,1,1,1.3404440862840454
GHOST,SIG_GHOST,5,185,1,1,1.3685801804129147
GHOST,SIG_GHOST,5,186,1,0,1.3488135372945984
GHOST,SIG_GHOST,5,187,1,0,1.1188406747135857
GHOST,SIG_GHOST,5,188,1,0,1.368864189307892
GHOST,SIG_GHOST,5,189,1,3,1.3675013785967303
GHOST,SIG_GHOST,5,190,1,0,1.3818750173115126
GHOST,SIG_GHOST,5,191,1,0,1.1473280569794793
GHOST,SIG_GHOST,5,192,1,3,1.2803476208265108
GHOST,SIG_GHOST,5,193,1,3,1.0966429530797304
GHOST,SIG_GHOST,5,194,1,3,1.3544050382748738
GHOST,SIG_GHOST,5,195,1,0,1.1516583351247038
GHOST,SIG_GHOST,5,196,1,0,1.3754940826637847
GHOST,SIG_GHOST,5,197,1,3,1.2508174475253198
GHOST,SIG_GHOST,5,198,1,2,1.3704446652028395
GHOST,SIG_GHOST,5,199,1,2,1.3557471763205133
GHOST,SIG_GHOST,6,0,1,3,1.369782855937794
GHOST,SIG_GHOST,6,1,1,0,1.3591939084354634
GHOST,SIG_GHOST,6,2,1,3,1.3644152863765426
GHOST,SIG_GHOST,6,3,1,1,1.3626949310226553
GHOST,SIG_GHOST,6,4,1,3,1.3768053505705569
GHOST,SIG_GHOST,6,5,1,2,1.2712428365694777
GHOST,SIG_GHOST,6,6,1,2,1.2948951657726049
GHOST,SIG_GHOST,6,7,1,3,0.9272406472854939
GHOST,SIG_GHOST,6,8,1,3,1.3507500688783907
GHOST,SIG_GHOST,6,9,1,1,1.3669479713256703
GHOST,SIG_GHOST,6,10,1,1,1.3549501341945296
GHOST,SIG_GHOST,6,11,1,2,1.368258991979588
GHOST,SIG_GHOST,6,12,1,3,1.241187399571086
GHOST,SIG_GHOST,6,13,1,0,1.3437141458160191
GHOST,SIG_GHOST,6,14,1,0,1.2018436389262994
GHOST,SIG_GHOST,6,15,1,0,1.3609330316342747
GHOST,SIG_GHOST,6,16,1,3,1.333418019902066
GHOST,SIG_GHOST,6,17,1,1,1.3502206715852818
GHOST,SIG_GHOST,6,18,1,2,1.0920140358904227
GHOST,SIG_GHOST,6,19,1,3,1.382286195326987
GHOST,SIG_GHOST,6,20,1,1,1.0387418952121483
GHOST,SIG_GHOST,6,21,1,3,1.2110234353276268
GHOST,SIG_GHOST,6,22,1,0,1.3731658836861604
GHOST,SIG_GHOST,6,23,1,1,1.3576992030690485
GHOST,SIG_GHOST,6,24,1,1,1.1444505769734283
GHOST,SIG_GHOST,6,25,1,3,1.330957530282046
GHOST,SIG_GHOST,6,26,1,0,1.1757390287796645
GHOST,SIG_GHOST,6,27,1,2,1.2857765747993846
GHOST,SIG_GHOST,6,28,1,0,1.211929173316046
GHOST,SIG_GHOST,6,29,1,3,1.3707687853209323
GHOST,SIG_GHOST,6,30,1,1,1.3845689145465663
GHOST,SIG_GHOST,6,31,1,0,1.312067254908526
GHOST,SIG_GHOST,6,32,1,3,1.3037538949849676
GHOST,SIG_GHOST,6,33,1,2,1.3796706853685992
GHOST,SIG_GHOST,6,34,1,0,1.129903931790001
GHOST,SIG_GHOST,6,35,1,0,1.202544319819517
GHOST,SIG_GHOST,6,36,1,1,1.365601791771597
GHOST,SIG_GHOST,6,37,1,1,1.3505178067764154
GHOST,SIG_GHOST,6,38,1,1,1.3548293074880728
GHOST,SIG_GHOST,6,39,1,1,1.3785310712441783
GHOST,SIG_GHOST,6,40,1,3,1.3660198971275554
GHOST,SIG_GHOST,6,41,1,3,1.3758189613544203
GHOST,SIG_GHOST,6,42,1,1,1.3703113165631895
GHOST,SIG_GHOST,6,43,1,1,1.3229559398733022
GHOST,SIG_GHOST,6,44,1,2,1.3770541027617889
GHOST,SIG_GHOST,6,45,1,2,1.3222779524554285
GHOST,SIG_GHOST,6,46,1,0,1.0546725148694116
GHOST,SIG_GHOST,6,47,1,0,1.1324090344990645
GHOST,SIG_GHOST,6,48,1,2,1.3585009494655995
GHOST,SIG_GHOST,6,49,1,0,1.2316657055851017
GHOST,SIG_GHOST,6,50,1,1,1.3450989136430755
GHOST,SIG_GHOST,6,51,1,1,1.3305869309310416
GHOST,SIG_GHOST,6,52,1,1,1.3694063917411579
GHOST,SIG_GHOST,6,53,1,0,1.2433427855580113
GHOST,SIG_GHOST,6,54,1,3,1.3447005431901942
GHOST,SIG_GHOST,6,55,1,2,1.3390553230663307
GHOST,SIG_GHOST,6,56,1,3,1.3615284975013415
GHOST,SIG_GHOST,6,57,1,3,1.3243735696267729
GHOST,SIG_GHOST,6,58,1,0,1.3519641173490538
GHOST,SIG_GHOST,6,59,1,0,1.1760608238856705
GHOST,SIG_GHOST,6,60,1,2,1.376130067862787
GHOST,SIG_GHOST,6,61,1,1,1.3728520588882716
GHOST,SIG_GHOST,6,62,1,1,1.371621797213371
GHOST,SIG_GHOST,6,63,1,0,1.0662656839421194
GHOST,SIG_GHOST,6,64,1,3,1.3700873943443241
GHOST,SIG_GHOST,6,65,1,1,1.2087956058657343
GHOST,SIG_GHOST,6,66,1,2,1.3384392740754139
GHOST,SIG_GHOST,6,67,1,3,1.3602453486653767
GHOST,SIG_GHOST,6,68,1,3,1.384767702083679
GHOST,SIG_GHOST,6,69,1,0,1.029040885914724
GHOST,SIG_GHOST,6,70,1,3,1.3427840873031782
GHOST,SIG_GHOST,6,71,1,2,1.0064705571416823
GHOST,SIG_GHOST,6,72,1,2,1.1706418159159633
GHOST,SIG_GHOST,6,73,1,2,1.357731690554085
GHOST,SIG_GHOST,6,74,1,3,1.1707543986955515
GHOST,SIG_GHOST,6,75,1,2,1.2808828248751032
GHOST,SIG_GHOST,6,76,1,2,1.3804736328154845
GHOST,SIG_GHOST,6,77,1,2,1.178838430280492
GHOST,SIG_GHOST,6,78,1,0,1.358530174519299
GHOST,SIG_GHOST,6,79,1,2,1.0658513019704647
GHOST,SIG_GHOST,6,80,1,0,1.3628464881489648
GHOST,SIG_GHOST,6,81,1,3,1.3564278340290625
GHOST,SIG_GHOST,6,82,1,1,1.2535466857492716
GHOST,SIG_GHOST,6,83,1,3,1.0488059444501907
GHOST,SIG_GHOST,6,84,1,0,1.3682783929016744
GHOST,SIG_GHOST,6,85,1,2,1.3729784571828745
GHOST,SIG_GHOST,6,86,1,3,0.9272546612136803
GHOST,SIG_GHOST,6,87,1,3,1.3713621089948713
GHOST,SIG_GHOST,6,88,1,0,1.301519342626003
GHOST,SIG_GHOST,6,89,1,3,1.1609780267913434
GHOST,SIG_GHOST,6,90,1,2,1.3307558557345498
GHOST,SIG_GHOST,6,91,1,2,1.0152526132495991
GHOST,SIG_GHOST,6,92,1,2,1.3289417646345147
GHOST,SIG_GHOST,6,93,1,2,1.2709564070662218
GHOST,SIG_GHOST,6,94,1,2,1.0915105223357675
GHOST,SIG_GHOST,6,95,1,1,1.3348739071110938
GHOST,SIG_GHOST,6,96,1,0,1.3641617431481883
GHOST,SIG_GHOST,6,97,1,1,1.3499649320817815
GHOST,SIG_GHOST,6,98,1,0,1.2654432443751673
GHOST,SIG_GHOST,6,99,1,2,1.3752821215975037
GHOST,SIG_GHOST,6,100,1,3,1.3619209562090524
GHOST,SIG_GHOST,6,101,1,0,1.3467165664934992
GHOST,SIG_GHOST,6,102,1,0,1.3683475224617627
GHOST,SIG_GHOST,6,103,1,0,1.372679378781323
GHOST,SIG_GHOST,6,104,1,0,1.2258572078874497
GHOST,SIG_GHOST,6,105,1,3,1.2891156726271307
GHOST,SIG_GHOST,6,106,1,1,1.2064186131183936
GHOST,SIG_GHOST,6,107,1,3,1.3234071466511828
GHOST,SIG_GHOST,6,108,1,2,1.3567281090297203
GHOST,SIG_GHOST,6,109,1,2,1.1866975080019107
GHOST,SIG_GHOST,6,110,1,1,1.1904062231470633
GHOST,SIG_GHOST,6,111,1,1,1.3734296825837684
GHOST,SIG_GHOST,6,112,1,2,1.3713916978651748
GHOST,SIG_GHOST,6,113,1,0,1.3649688500048627
GHOST,SIG_GHOST,6,114,1,0,1.3617121324480566
GHOST,SIG_GHOST,6,115,1,3,1.3149554623156665
GHOST,SIG_GHOST,6,116,1,3,1.3481315477663196
GHOST,SIG_GHOST,6,117,1,2,1.3652588842940765
GHOST,SIG_GHOST,6,118,1,3,1.296342946603313
GHOST,SIG_GHOST,6,119,1,3,0.9486778249665618
GHOST,SIG_GHOST,6,120,1,2,0.9776718092846692
GHOST,SIG_GHOST,6,121,1,2,1.3533052729501298
GHOST,SIG_GHOST,6,122,1,0,1.3347510449821507
GHOST,SIG_GHOST,6,123,1,3,1.3294784822363117
GHOST,SIG_GHOST,6,124,1,2,1.3739653478068776
GHOST,SIG_GHOST,6,125,1,2,1.0530982512417537
GHOST,SIG_GHOST,6,126,1,1,1.190969999907937
GHOST,SIG_GHOST,6,127,1,2,1.180400781879119
GHOST,SIG_GHOST,6,128,1,3,1.3011325567638274
GHOST,SIG_GHOST,6,129,1,0,0.9152117066315562
GHOST,SIG_GHOST,6,130,1,1,1.360589275806867
GHOST,SIG_GHOST,6,131,1,0,0.9833897031796042
GHOST,SIG_GHOST,6,132,1,2,1.3421344415327416
GHOST,SIG_GHOST,6,133,1,2,1.0067115322251587
GHOST,SIG_GHOST,6,134,1,3,1.2725425073738625
GHOST,SIG_GHOST,6,135,1,3,1.3634829331434957
GHOST,SIG_GHOST,6,136,1,2,1.3456309777281623
GHOST,SIG_GHOST,6,137,1,0,1.2291032295613569
GHOST,SIG_GHOST,6,138,1,1,1.3417331744157333
GHOST,SIG_GHOST,6,139,1,2,1.3655115410822933
GHOST,SIG_GHOST,6,140,1,1,1.3670218965634982
GHOST,SIG_GHOST,6,141,1,3,1.3511801945868178
GHOST,SIG_GHOST,6,142,1,1,1.27440026388597
GHOST,SIG_GHOST,6,143,1,0,1.35298101396494
GHOST,SIG_GHOST,6,144,1,1,1.1341078249471412
GHOST,SIG_GHOST,6,145,1,1,1.236678380804824
GHOST,SIG_GHOST,6,146,1,2,1.369558319838128
GHOST,SIG_GHOST,6,147,1,0,1.3784624338555287
GHOST,SIG_GHOST,6,148,1,2,1.3505678306012012
GHOST,SIG_GHOST,6,149,1,2,1.0714181239103877
GHOST,SIG_GHOST,6,150,1,3,1.3585758086835857
GHOST,SIG_GHOST,6,151,1,3,1.3598862428814902
GHOST,SIG_GHOST,6,152,1,2,1.3561282630019078
GHOST,SIG_GHOST,6,153,1,1,1.3440901896070587
GHOST,SIG_GHOST,6,154,1,2,1.3516652832872944
GHOST,SIG_GHOST,6,155,1,0,1.3561720465213822
GHOST,SIG_GHOST,6,156,1,3,1.3714860692910886
GHOST,SIG_GHOST,6,157,1,0,1.3707883675286494
GHOST,SIG_GHOST,6,158,1,2,1.3775550396734106
GHOST,SIG_GHOST,6,159,1,3,1.3755696163832831
GHOST,SIG_GHOST,6,160,1,2,1.3849652076785892
GHOST,SIG_GHOST,6,161,1,0,1.3494915461032804
GHOST,SIG_GHOST,6,162,1,2,1.3684928767475553
GHOST,SIG_GHOST,6,163,1,1,1.1208488581856444
GHOST,SIG_GHOST,6,164,1,2,1.3419026341919356
GHOST,SIG_GHOST,6,165,1,2,1.3467510153088456
GHOST,SIG_GHOST,6,166,1,1,1.3403156151962503
GHOST,SIG_GHOST,6,167,1,0,1.360263631367641
GHOST,SIG_GHOST,6,168,1,2,1.2135461346003558
GHOST,SIG_GHOST,6,169,1,1,1.3740078740096133
GHOST,SIG_GHOST,6,170,1,2,1.2412050283918417
GHOST,SIG_GHOST,6,171,1,0,1.3705137945062142
GHOST,SIG_GHOST,6,172,1,0,1.085537516885078
GHOST,SIG_GHOST,6,173,1,0,1.2870932471602103
GHOST,SIG_GHOST,6,174,1,3,1.3529972712433853
GHOST,SIG_GHOST,6,175,1,2,1.3638546779485126
GHOST,SIG_GHOST,6,176,1,3,1.3239011570901185
GHOST,SIG_GHOST,6,177,1,2,1.3381116750892288
GHOST,SIG_GHOST,6,178,1,2,1.357011749451353
GHOST,SIG_GHOST,6,179,1,2,1.3508223152598031
GHOST,SIG_GHOST,6,180,1,2,1.3459690194689267
GHOST,SIG_GHOST,6,181,1,1,0.8958833772441805
GHOST,SIG_GHOST,6,182,1,3,1.3552190781352005
GHOST,SIG_GHOST,6,183,1,0,1.1912749516419172
GHOST,SIG_GHOST,6,184,1,2,1.2098251785685121
GHOST,SIG_GHOST,6,185,1,1,1.1115064895512428
GHOST,SIG_GHOST,6,186,1,0,1.3406825923890926
GHOST,SIG_GHOST,6,187,1,1,1.3440045019854863
GHOST,SIG_GHOST,6,188,1,0,1.1177450451995008
GHOST,SIG_GHOST,6,189,1,1,0.955620974657929
GHOST,SIG_GHOST,6,190,1,1,1.35948804009739
GHOST,SIG_GHOST,6,191,1,2,1.0826468363921662
GHOST,SIG_GHOST,6,192,1,0,1.3810843403314605
GHOST,SIG_GHOST,6,193,1,3,1.3772434744923956
GHOST,SIG_GHOST,6,194,1,1,1.3815694822528128
GHOST,SIG_GHOST,6,195,1,2,1.0521186545096053
GHOST,SIG_GHOST,6,196,1,3,1.3585894740146556
GHOST,SIG_GHOST,6,197,1,2,1.3493792459054417
GHOST,SIG_GHOST,6,198,1,3,1.3760661718774614
GHOST,SIG_GHOST,6,199,1,1,1.3614692769970809
GHOST,SIG_GHOST,7,0,1,0,1.3733564350279006
GHOST,SIG_GHOST,7,1,1,2,1.3467392867833676
GHOST,SIG_GHOST,7,2,1,0,1.3699793439291073
GHOST,SIG_GHOST,7,3,1,0,1.18803119947799
GHOST,SIG_GHOST,7,4,1,1,1.3559263077030272
GHOST,SIG_GHOST,7,5,1,2,1.3628674896916448
GHOST,SIG_GHOST,7,6,1,3,1.3838351984762143
GHOST,SIG_GHOST,7,7,1,1,1.3571872204627529
GHOST,SIG_GHOST,7,8,1,0,1.1223936499615994
GHOST,SIG_GHOST,7,9,1,1,1.3701375166939518
GHOST,SIG_GHOST,7,10,1,1,1.1125576514470255
GHOST,SIG_GHOST,7,11,1,2,1.3418837228781524
GHOST,SIG_GHOST,7,12,1,3,1.375209240056532
GHOST,SIG_GHOST,7,13,1,0,1.3150276064674886
GHOST,SIG_GHOST,7,14,1,2,1.3759682999682878
GHOST,SIG_GHOST,7,15,1,2,1.3801853592310922
GHOST,SIG_GHOST,7,16,1,1,1.3517299724749947
GHOST,SIG_GHOST,7,17,1,2,1.3737416299555942
GHOST,SIG_GHOST,7,18,1,3,1.1976852959647246
GHOST,SIG_GHOST,7,19,1,0,1.3668453188497804
GHOST,SIG_GHOST,7,20,1,3,1.317007465351233
GHOST,SIG_GHOST,7,21,1,3,1.0267573347859487
GHOST,SIG_GHOST,7,22,1,1,1.032822164913224
GHOST,SIG_GHOST,7,23,1,2,1.3600548335687765
GHOST,SIG_GHOST,7,24,1,3,1.380494941155038
GHOST,SIG_GHOST,7,25,1,0,1.3082110557013427
GHOST,SIG_GHOST,7,26,1,2,1.3506311855927307
GHOST,SIG_GHOST,7,27,1,3,1.1524946905701579
GHOST,SIG_GHOST,7,28,1,2,1.368049705843939
GHOST,SIG_GHOST,7,29,1,2,1.354263361140203
GHOST,SIG_GHOST,7,30,1,1,1.357336211703719
GHOST,SIG_GHOST,7,31,1,1,1.3467128447629242
GHOST,SIG_GHOST,7,32,1,1,1.1007724977874958
GHOST,SIG_GHOST,7,33,1,1,1.345201770815442
GHOST,SIG_GHOST,7,34,1,1,1.3552104065846
GHOST,SIG_GHOST,7,35,1,3,1.0893511003410778
GHOST,SIG_GHOST,7,36,1,1,1.3632863554236485
GHOST,SIG_GHOST,7,37,1,1,1.33950569743156
GHOST,SIG_GHOST,7,38,1,2,1.1437457549675867
GHOST,SIG_GHOST,7,39,1,2,1.2904780286599145
GHOST,SIG_GHOST,7,40,1,1,1.3626704663348514
GHOST,SIG_GHOST,7,41,1,0,1.3535070487486236
GHOST,SIG_GHOST,7,42,1,2,1.1093151225188658
GHOST,SIG_GHOST,7,43,1,2,1.3685979492041207
GHOST,SIG_GHOST,7,44,1,2,1.3089161093196244
GHOST,SIG_GHOST,7,45,1,0,1.3747419827076772
GHOST,SIG_GHOST,7,46,1,2,1.3499510454251924
GHOST,SIG_GHOST,7,47,1,3,1.3844653446835005
GHOST,SIG_GHOST,7,48,1,3,1.0638583503124228
GHOST,SIG_GHOST,7,49,1,2,1.3323347595546644
GHOST,SIG_GHOST,7,50,1,0,1.3462545320249792
GHOST,SIG_GHOST,7,51,1,2,1.3820125686611686
GHOST,SIG_GHOST,7,52,1,0,1.374650775846286
GHOST,SIG_GHOST,7,53,1,3,1.3001070000167378
GHOST,SIG_GHOST,7,54,1,3,1.3319489444913084
GHOST,SIG_GHOST,7,55,1,0,1.3507697706148556
GHOST,SIG_GHOST,7,56,1,3,1.273415318332515
GHOST,SIG_GHOST,7,57,1,0,1.3636340792067556
GHOST,SIG_GHOST,7,58,1,2,1.3568925800657474
GHOST,SIG_GHOST,7,59,1,3,1.3808348758042772
GHOST,SIG_GHOST,7,60,1,3,1.375374638972023
GHOST,SIG_GHOST,7,61,1,1,1.338854470965844
GHOST,SIG_GHOST,7,62,1,3,1.2638384672135423
GHOST,SIG_GHOST,7,63,1,0,1.3615172678014282
GHOST,SIG_GHOST,7,64,1,2,1.3741510912495711
GHOST,SIG_GHOST,7,65,1,1,1.3449642428071
GHOST,SIG_GHOST,7,66,1,3,1.3562127125540573
GHOST,SIG_GHOST,7,67,1,1,1.3578672120340993
GHOST,SIG_GHOST,7,68,1,1,1.2163221424924282
GHOST,SIG_GHOST,7,69,1,1,1.1983633727417753
GHOST,SIG_GHOST,7,70,1,0,1.3732571444444885
GHOST,SIG_GHOST,7,71,1,2,1.365496326453611
GHOST,SIG_GHOST,7,72,1,3,1.366983445352356
GHOST,SIG_GHOST,7,73,1,2,1.3758332196213883
GHOST,SIG_GHOST,7,74,1,1,1.3816482142409945
GHOST,SIG_GHOST,7,75,1,3,1.3774857828761509
GHOST,SIG_GHOST,7,76,1,0,1.3362527245209181
GHOST,SIG_GHOST,7,77,1,0,1.0790772459132154
GHOST,SIG_GHOST,7,78,1,3,1.3677203074241298
GHOST,SIG_GHOST,7,79,1,2,1.090645742801576
GHOST,SIG_GHOST,7,80,1,3,1.1251433970911535
GHOST,SIG_GHOST,7,81,1,0,1.1513854798173924
GHOST,SIG_GHOST,7,82,1,2,1.3767655532717418
GHOST,SIG_GHOST,7,83,1,1,1.3811745622215605
GHOST,SIG_GHOST,7,84,1,3,1.373438005204426
GHOST,SIG_GHOST,7,85,1,3,1.354946003428174
GHOST,SIG_GHOST,7,86,1,0,1.3786835281574745
GHOST,SIG_GHOST,7,87,1,1,1.3761944326500886
GHOST,SIG_GHOST,7,88,1,2,1.3601753406621664
GHOST,SIG_GHOST,7,89,1,0,1.3595710734595166
GHOST,SIG_GHOST,7,90,1,0,1.324016237475591
GHOST,SIG_GHOST,7,91,1,0,1.3478258028350711
GHOST,SIG_GHOST,7,92,1,3,1.3636721948940058
GHOST,SIG_GHOST,7,93,1,2,1.2854458868762595
GHOST,SIG_GHOST,7,94,1,2,1.3630805443226621
GHOST,SIG_GHOST,7,95,1,0,1.360598147809166
GHOST,SIG_GHOST,7,96,1,1,0.9316509729995923
GHOST,SIG_GHOST,7,97,1,1,1.3623576612200528
GHOST,SIG_GHOST,7,98,1,0,1.002631015861137
GHOST,SIG_GHOST,7,99,1,2,1.3802937046198256
GHOST,SIG_GHOST,7,100,1,3,1.284165605119021
GHOST,SIG_GHOST,7,101,1,0,1.38064181691743
GHOST,SIG_GHOST,7,102,1,1,1.3837163024660015
GHOST,SIG_GHOST,7,103,1,0,1.3776318616672576
GHOST,SIG_GHOST,7,104,1,3,1.3607628109597814
GHOST,SIG_GHOST,7,105,1,2,1.3418968540885567
GHOST,SIG_GHOST,7,106,1,2,1.3607033519468297
GHOST,SIG_GHOST,7,107,1,1,1.3611317314814273
GHOST,SIG_GHOST,7,108,1,0,1.3684663651139495
GHOST,SIG_GHOST,7,109,1,2,1.3752464355636922
GHOST,SIG_GHOST,7,110,1,1,1.3753017737406101
GHOST,SIG_GHOST,7,111,1,1,1.3641569257272965
GHOST,SIG_GHOST,7,112,1,0,1.2142966831192885
GHOST,SIG_GHOST,7,113,1,2,1.362627440966682
GHOST,SIG_GHOST,7,114,1,3,1.3627480843827597
GHOST,SIG_GHOST,7,115,1,3,1.3432089091414328
GHOST,SIG_GHOST,7,116,1,1,1.3752070535723262
GHOST,SIG_GHOST,7,117,1,3,1.3587766221955382
GHOST,SIG_GHOST,7,118,1,0,1.375034633168199
GHOST,SIG_GHOST,7,119,1,1,1.3857911146116138
GHOST,SIG_GHOST,7,120,1,1,1.3646190632294437
GHOST,SIG_GHOST,7,121,1,0,1.3822007745967277
GHOST,SIG_GHOST,7,122,1,1,1.364512339470457
GHOST,SIG_GHOST,7,123,1,0,1.3519960454801152
GHOST,SIG_GHOST,7,124,1,2,0.9433966581398925
GHOST,SIG_GHOST,7,125,1,1,1.0543537865491652
GHOST,SIG_GHOST,7,126,1,2,1.3666085648289155
GHOST,SIG_GHOST,7,127,1,0,1.3473594630627168
GHOST,SIG_GHOST,7,128,1,3,1.3435433436386468
GHOST,SIG_GHOST,7,129,1,1,1.3525823113864648
GHOST,SIG_GHOST,7,130,1,3,1.3583412163037651
GHOST,SIG_GHOST,7,131,1,3,1.080057136696436
GHOST,SIG_GHOST,7,132,1,3,1.157517231385384
GHOST,SIG_GHOST,7,133,1,3,1.2688178108410708
GHOST,SIG_GHOST,7,134,1,3,1.3609089129685275
GHOST,SIG_GHOST,7,135,1,1,1.3688452194360756
GHOST,SIG_GHOST,7,136,1,3,1.355380637929245
GHOST,SIG_GHOST,7,137,1,3,1.376238010027461
GHOST,SIG_GHOST,7,138,1,1,1.1565240426442343
GHOST,SIG_GHOST,7,139,1,1,1.3734166549516835
GHOST,SIG_GHOST,7,140,1,2,1.0611763066088855
GHOST,SIG_GHOST,7,141,1,0,1.3492614292061837
GHOST,SIG_GHOST,7,142,1,3,1.3753604819164817
GHOST,SIG_GHOST,7,143,1,3,1.37041112346861
GHOST,SIG_GHOST,7,144,1,0,1.3424198587127405
GHOST,SIG_GHOST,7,145,1,1,1.2040928819915757
GHOST,SIG_GHOST,7,146,1,2,1.0107323377673858
GHOST,SIG_GHOST,7,147,1,3,1.36182579592939
GHOST,SIG_GHOST,7,148,1,2,1.0691368800994148
GHOST,SIG_GHOST,7,149,1,3,1.354351434671282
GHOST,SIG_GHOST,7,150,1,3,1.3524708454582155
GHOST,SIG_GHOST,7,151,1,0,1.0209675662213344
GHOST,SIG_GHOST,7,152,1,3,1.0802393724572084
GHOST,SIG_GHOST,7,153,1,1,1.382981845262058
GHOST,SIG_GHOST,7,154,1,0,1.1381909809280368
GHOST,SIG_GHOST,7,155,1,1,1.3671747409309252
GHOST,SIG_GHOST,7,156,1,3,1.0089434618343347
GHOST,SIG_GHOST,7,157,1,1,1.297656208471974
GHOST,SIG_GHOST,7,158,1,0,1.378705720416756
GHOST,SIG_GHOST,7,159,1,3,1.3661322094594135
GHOST,SIG_GHOST,7,160,1,0,1.3779766435833924
GHOST,SIG_GHOST,7,161,1,1,1.1353612128267858
GHOST,SIG_GHOST,7,162,1,0,1.360321244316021
GHOST,SIG_GHOST,7,163,1,0,1.373087597899847
GHOST,SIG_GHOST,7,164,1,2,1.3640156187681096
GHOST,SIG_GHOST,7,165,1,1,1.369488092820041
GHOST,SIG_GHOST,7,166,1,0,1.3745841509902592
GHOST,SIG_GHOST,7,167,1,3,1.376524438574717
GHOST,SIG_GHOST,7,168,1,0,1.3783968362232446
GHOST,SIG_GHOST,7,169,1,1,1.3710234914783614
GHOST,SIG_GHOST,7,170,1,0,1.3748408961089436
GHOST,SIG_GHOST,7,171,1,1,0.6163898568100352
GHOST,SIG_GHOST,7,172,1,1,1.151470584688156
GHOST,SIG_GHOST,7,173,1,2,1.3461539684067327
GHOST,SIG_GHOST,7,174,1,2,1.3798269400678336
GHOST,SIG_GHOST,7,175,1,0,1.3802884769248507
GHOST,SIG_GHOST,7,176,1,0,1.360972980054254
GHOST,SIG_GHOST,7,177,1,2,0.9149339897385965
GHOST,SIG_GHOST,7,178,1,3,1.0111132993682803
GHOST,SIG_GHOST,7,179,1,0,1.304318222535831
GHOST,SIG_GHOST,7,180,1,3,1.3792325261003573
GHOST,SIG_GHOST,7,181,1,2,1.3445546624944822
GHOST,SIG_GHOST,7,182,1,2,1.3787909435259658
GHOST,SIG_GHOST,7,183,1,2,1.3713933818418809
GHOST,SIG_GHOST,7,184,1,3,1.331833889457697
GHOST,SIG_GHOST,7,185,1,1,1.334150347392865
GHOST,SIG_GHOST,7,186,1,0,1.2077000369823823
GHOST,SIG_GHOST,7,187,1,2,1.1935373187914982
GHOST,SIG_GHOST,7,188,1,3,1.363294152000124
GHOST,SIG_GHOST,7,189,1,1,1.361899204942354
GHOST,SIG_GHOST,7,190,1,1,1.3758007595446822
GHOST,SIG_GHOST,7,191,1,1,1.3481837599344162
GHOST,SIG_GHOST,7,192,1,1,1.3393621390896655
GHOST,SIG_GHOST,7,193,1,3,1.356892604365668
GHOST,SIG_GHOST,7,194,1,3,1.1881318930568519
GHOST,SIG_GHOST,7,195,1,2,1.1745965932466562
GHOST,SIG_GHOST,7,196,1,2,1.1960459998079267
GHOST,SIG_GHOST,7,197,1,1,1.3573204238894405
GHOST,SIG_GHOST,7,198,1,0,1.2963590157231784
GHOST,SIG_GHOST,7,199,1,2,1.3785384697007146
GHOST,SIG_GHOST,8,0,1,0,1.1230737228075964
GHOST,SIG_GHOST,8,1,1,3,1.3754006906161056
GHOST,SIG_GHOST,8,2,1,2,1.368260138603596
GHOST,SIG_GHOST,8,3,1,2,1.3462850099134074
GHOST,SIG_GHOST,8,4,1,1,1.3697353997879722
GHOST,SIG_GHOST,8,5,1,3,1.1650741100081794
GHOST,SIG_GHOST,8,6,1,3,1.3754704721498408
GHOST,SIG_GHOST,8,7,1,0,1.369659388518892
GHOST,SIG_GHOST,8,8,1,2,1.36300280304635
GHOST,SIG_GHOST,8,9,1,1,1.3505121834918685
GHOST,SIG_GHOST,8,10,1,3,1.2277746002645111
GHOST,SIG_GHOST,8,11,1,1,1.368995866131847
GHOST,SIG_GHOST,8,12,1,1,1.3749155946683103
GHOST,SIG_GHOST,8,13,1,2,1.3770542567616941
GHOST,SIG_GHOST,8,14,1,3,1.1376799399729463
GHOST,SIG_GHOST,8,15,1,1,1.3038334113200798
GHOST,SIG_GHOST,8,16,1,1,1.3801085278115073
GHOST,SIG_GHOST,8,17,1,0,1.3599158033923175
GHOST,SIG_GHOST,8,18,1,1,1.3440840387198003
GHOST,SIG_GHOST,8,19,1,1,1.2314180851809555
GHOST,SIG_GHOST,8,20,1,0,1.337595844478318
GHOST,SIG_GHOST,8,21,1,1,1.3555543074609238
GHOST,SIG_GHOST,8,22,1,0,1.2449220405596635
GHOST,SIG_GHOST,8,23,1,2,1.3557766166084106
GHOST,SIG_GHOST,8,24,1,3,1.3826344576288254
GHOST,SIG_GHOST,8,25,1,2,1.374181533585491
GHOST,SIG_GHOST,8,26,1,0,1.3656228248365339
GHOST,SIG_GHOST,8,27,1,1,1.2312124363376342
GHOST,SIG_GHOST,8,28,1,3,1.3780146428751991
GHOST,SIG_GHOST,8,29,1,0,1.3030681549879206
GHOST,SIG_GHOST,8,30,1,3,1.3484751544211235
GHOST,SIG_GHOST,8,31,1,2,1.3629580755517055
GHOST,SIG_GHOST,8,32,1,0,1.3824790680590744
GHOST,SIG_GHOST,8,33,1,3,1.3808937015042326
GHOST,SIG_GHOST,8,34,1,0,1.3665008493893598
GHOST,SIG_GHOST,8,35,1,0,1.3601637638788735
GHOST,SIG_GHOST,8,36,1,3,1.1434896312771827
GHOST,SIG_GHOST,8,37,1,2,1.35404674717614
GHOST,SIG_GHOST,8,38,1,1,1.3587825696565783
GHOST,SIG_GHOST,8,39,1,1,1.2172035315308873
GHOST,SIG_GHOST,8,40,1,1,1.3666080195919286
GHOST,SIG_GHOST,8,41,1,1,1.3552853915344156
GHOST,SIG_GHOST,8,42,1,3,1.1844261708315686
GHOST,SIG_GHOST,8,43,1,1,1.37646850100081
GHOST,SIG_GHOST,8,44,1,1,1.3324256161713723
GHOST,SIG_GHOST,8,45,1,2,1.3668490858102134
GHOST,SIG_GHOST,8,46,1,2,1.3725596714346069
GHOST,SIG_GHOST,8,47,1,2,1.3508343076262264
GHOST,SIG_GHOST,8,48,1,2,1.0807613716850741
GHOST,SIG_GHOST,8,49,1,2,1.359943019756411
GHOST,SIG_GHOST,8,50,1,3,1.3461202790216025
GHOST,SIG_GHOST,8,51,1,1,1.353840793716039
GHOST,SIG_GHOST,8,52,1,0,1.3732953982373532
GHOST,SIG_GHOST,8,53,1,0,1.3610567596126186
GHOST,SIG_GHOST,8,54,1,2,1.3706021782258009
GHOST,SIG_GHOST,8,55,1,2,1.3405785880098566
GHOST,SIG_GHOST,8,56,1,2,1.185429025207001
GHOST,SIG_GHOST,8,57,1,3,1.3512839802740562
GHOST,SIG_GHOST,8,58,1,1,1.1595038110152966
GHOST,SIG_GHOST,8,59,1,3,1.3831792309989859
GHOST,SIG_GHOST,8,60,1,1,1.356368138150209
GHOST,SIG_GHOST,8,61,1,2,1.374415333394818
GHOST,SIG_GHOST,8,62,1,2,1.3280735374868209
GHOST,SIG_GHOST,8,63,1,2,1.36616077740053
GHOST,SIG_GHOST,8,64,1,1,1.3730724944984525
GHOST,SIG_GHOST,8,65,1,2,0.61350006042578
GHOST,SIG_GHOST,8,66,1,1,1.1406963259784948
GHOST,SIG_GHOST,8,67,1,1,1.328213707408637
GHOST,SIG_GHOST,8,68,1,0,1.0907071401539972
GHOST,SIG_GHOST,8,69,1,2,1.1619239339653273
GHOST,SIG_GHOST,8,70,1,3,1.3627739632015796
GHOST,SIG_GHOST,8,71,1,2,1.3412761723556996
GHOST,SIG_GHOST,8,72,1,2,1.34867405134421
GHOST,SIG_GHOST,8,73,1,0,1.3409374697112488
GHOST,SIG_GHOST,8,74,1,2,1.3653213833161641
GHOST,SIG_GHOST,8,75,1,1,1.3389505421785604
GHOST,SIG_GHOST,8,76,1,0,1.3553083366171015
GHOST,SIG_GHOST,8,77,1,3,1.2656009118105684
GHOST,SIG_GHOST,8,78,1,3,1.1732183933364728
GHOST,SIG_GHOST,8,79,1,2,0.999086522884973
GHOST,SIG_GHOST,8,80,1,1,1.3721742860719683
GHOST,SIG_GHOST,8,81,1,3,1.3847753870273838
GHOST,SIG_GHOST,8,82,1,2,1.3716640560595013
GHOST,SIG_GHOST,8,83,1,2,1.3806877130131687
GHOST,SIG_GHOST,8,84,1,2,1.382543318203883
GHOST,SIG_GHOST,8,85,1,2,1.3764813215897127
GHOST,SIG_GHOST,8,86,1,3,1.3728347357998585
GHOST,SIG_GHOST,8,87,1,0,1.2231452222857029
GHOST,SIG_GHOST,8,88,1,1,1.2850334253594686
GHOST,SIG_GHOST,8,89,1,3,0.9779744005489335
GHOST,SIG_GHOST,8,90,1,3,1.158528088795039
GHOST,SIG_GHOST,8,91,1,3,1.3445045610823207
GHOST,SIG_GHOST,8,92,1,3,1.3522151382882657
GHOST,SIG_GHOST,8,93,1,1,1.3549875894226664
GHOST,SIG_GHOST,8,94,1,3,1.3750449005111227
GHOST,SIG_GHOST,8,95,1,2,1.2741382720574648
GHOST,SIG_GHOST,8,96,1,0,1.3826583635399299
GHOST,SIG_GHOST,8,97,1,3,1.3046093935708631
GHOST,SIG_GHOST,8,98,1,3,1.1341724607515897
GHOST,SIG_GHOST,8,99,1,3,1.160106641301875
GHOST,SIG_GHOST,8,100,1,0,1.3218827241560756
GHOST,SIG_GHOST,8,101,1,3,1.355346213462663
GHOST,SIG_GHOST,8,102,1,3,1.325427153520883
GHOST,SIG_GHOST,8,103,1,3,1.385274539938331
GHOST,SIG_GHOST,8,104,1,0,1.3675417729768458
GHOST,SIG_GHOST,8,105,1,0,1.3646696465991643
GHOST,SIG_GHOST,8,106,1,1,1.2823710119559024
GHOST,SIG_GHOST,8,107,1,0,1.3541883976019264
GHOST,SIG_GHOST,8,108,1,2,1.2850339044215007
GHOST,SIG_GHOST,8,109,1,1,1.3482504212760302
GHOST,SIG_GHOST,8,110,1,2,1.2929882274347047
GHOST,SIG_GHOST,8,111,1,2,1.366502468000519
GHOST,SIG_GHOST,8,112,1,1,1.3472715609881498
GHOST,SIG_GHOST,8,113,1,3,1.2199098508291422
GHOST,SIG_GHOST,8,114,1,0,1.3689370253914166
GHOST,SIG_GHOST,8,115,1,0,1.371052036618187
GHOST,SIG_GHOST,8,116,1,2,1.3226373091386914
GHOST,SIG_GHOST,8,117,1,0,1.3522858972851595
GHOST,SIG_GHOST,8,118,1,0,1.380889798779036
GHOST,SIG_GHOST,8,119,1,3,1.3546408899601605
GHOST,SIG_GHOST,8,120,1,0,1.3545912756917495
GHOST,SIG_GHOST,8,121,1,2,1.3697809359841993
GHOST,SIG_GHOST,8,122,1,2,1.3777731684751815
GHOST,SIG_GHOST,8,123,1,0,1.3565532276814753
GHOST,SIG_GHOST,8,124,1,3,1.3212087260369803
GHOST,SIG_GHOST,8,125,1,0,1.3733187285257142
GHOST,SIG_GHOST,8,126,1,1,1.3692584568471096
GHOST,SIG_GHOST,8,127,1,0,1.0747795718300148
GHOST,SIG_GHOST,8,128,1,3,1.1197355132868947
GHOST,SIG_GHOST,8,129,1,0,1.3763005619788524
GHOST,SIG_GHOST,8,130,1,0,1.377362013632887
GHOST,SIG_GHOST,8,131,1,1,1.3728975258136655
GHOST,SIG_GHOST,8,132,1,2,1.1967740583096238
GHOST,SIG_GHOST,8,133,1,1,1.370643586061443
GHOST,SIG_GHOST,8,134,1,3,1.3252981617987696
GHOST,SIG_GHOST,8,135,1,1,1.377687025535468
GHOST,SIG_GHOST,8,136,1,0,1.079976891939515
GHOST,SIG_GHOST,8,137,1,2,1.3510195274176975
GHOST,SIG_GHOST,8,138,1,0,1.362261593587069
GHOST,SIG_GHOST,8,139,1,0,1.3426578607093644
GHOST,SIG_GHOST,8,140,1,0,1.370242844288452
GHOST,SIG_GHOST,8,141,1,0,1.3768745314119961
GHOST,SIG_GHOST,8,142,1,3,1.3623884431248283
GHOST,SIG_GHOST,8,143,1,0,1.3560682859705389
GHOST,SIG_GHOST,8,144,1,1,1.3825712506491539
GHOST,SIG_GHOST,8,145,1,2,1.3695594054394857
GHOST,SIG_GHOST,8,146,1,3,1.3653071829829093
GHOST,SIG_GHOST,8,147,1,2,1.2582218146914568
GHOST,SIG_GHOST,8,148,1,2,1.3843331052472436
GHOST,SIG_GHOST,8,149,1,2,1.1476960513883805
GHOST,SIG_GHOST,8,150,1,2,1.3321635448388625
GHOST,SIG_GHOST,8,151,1,3,1.3613379361988525
GHOST,SIG_GHOST,8,152,1,3,1.1957653704911102
GHOST,SIG_GHOST,8,153,1,0,1.3720391599615072
GHOST,SIG_GHOST,8,154,1,2,1.3752451961817465
GHOST,SIG_GHOST,8,155,1,0,1.322035852933534
GHOST,SIG_GHOST,8,156,1,2,1.3725029160398492
GHOST,SIG_GHOST,8,157,1,1,1.3554945345383553
GHOST,SIG_GHOST,8,158,1,2,1.3512874925179057
GHOST,SIG_GHOST,8,159,1,3,0.580475248659531
GHOST,SIG_GHOST,8,160,1,3,0.9253226951904044
GHOST,SIG_GHOST,8,161,1,3,1.3324143901463419
GHOST,SIG_GHOST,8,162,1,3,1.3700183164224455
GHOST,SIG_GHOST,8,163,1,0,1.3544201211143538
GHOST,SIG_GHOST,8,164,1,3,1.205808457530916
GHOST,SIG_GHOST,8,165,1,1,1.3844230917863818
GHOST,SIG_GHOST,8,166,1,2,1.3812962260514945
GHOST,SIG_GHOST,8,167,1,0,1.30559752360344
GHOST,SIG_GHOST,8,168,1,0,1.1923371038405746
GHOST,SIG_GHOST,8,169,1,0,1.3611468186943536
GHOST,SIG_GHOST,8,170,1,0,1.3583331882722527
GHOST,SIG_GHOST,8,171,1,1,1.3675236719284087
GHOST,SIG_GHOST,8,172,1,0,1.3808764459907363
GHOST,SIG_GHOST,8,173,1,0,1.3684999472209765
GHOST,SIG_GHOST,8,174,1,0,1.3722186215326544
GHOST,SIG_GHOST,8,175,1,1,1.3131795115151013
GHOST,SIG_GHOST,8,176,1,0,1.3255074740371577
GHOST,SIG_GHOST,8,177,1,3,1.2423817564873942
GHOST,SIG_GHOST,8,178,1,3,1.3680419134113193
GHOST,SIG_GHOST,8,179,1,3,1.2177994645581816
GHOST,SIG_GHOST,8,180,1,1,1.3705671214257726
GHOST,SIG_GHOST,8,181,1,2,1.3803609787446791
GHOST,SIG_GHOST,8,182,1,0,1.2412828455393636
GHOST,SIG_GHOST,8,183,1,3,1.3640241454378366
GHOST,SIG_GHOST,8,184,1,0,1.295492197971595
GHOST,SIG_GHOST,8,185,1,2,1.3614574927462761
GHOST,SIG_GHOST,8,186,1,0,1.3710461464136134
GHOST,SIG_GHOST,8,187,1,2,1.1282560756775897
GHOST,SIG_GHOST,8,188,1,1,1.1743960353300475
GHOST,SIG_GHOST,8,189,1,3,1.3561561117436427
GHOST,SIG_GHOST,8,190,1,2,1.3468414356492904
GHOST,SIG_GHOST,8,191,1,1,1.3648015834500382
GHOST,SIG_GHOST,8,192,1,2,1.367621902822271
GHOST,SIG_GHOST,8,193,1,3,1.0282974128660614
GHOST,SIG_GHOST,8,194,1,0,1.07419186087449
GHOST,SIG_GHOST,8,195,1,2,1.3614683781260404
GHOST,SIG_GHOST,8,196,1,2,1.335471920814773
GHOST,SIG_GHOST,8,197,1,2,1.3511224838015945
GHOST,SIG_GHOST,8,198,1,0,1.3748261295228439
GHOST,SIG_GHOST,8,199,1,2,1.0064699908005836
GHOST,SIG_GHOST,9,0,1,3,1.3719377207263719
GHOST,SIG_GHOST,9,1,1,2,1.373259546780747
GHOST,SIG_GHOST,9,2,1,2,1.3511802362400354
GHOST,SIG_GHOST,9,3,1,0,1.143315799668278
GHOST,SIG_GHOST,9,4,1,2,1.2024843096607087
GHOST,SIG_GHOST,9,5,1,1,1.2511361949957036
GHOST,SIG_GHOST,9,6,1,3,1.3713058745988145
GHOST,SIG_GHOST,9,7,1,2,1.3578533417575096
GHOST,SIG_GHOST,9,8,1,3,1.0840635900490732
GHOST,SIG_GHOST,9,9,1,2,1.3817314789482424
GHOST,SIG_GHOST,9,10,1,0,1.371460620510835
GHOST,SIG_GHOST,9,11,1,2,1.3729687698435942
GHOST,SIG_GHOST,9,12,1,1,1.367709490827749
GHOST,SIG_GHOST,9,13,1,0,1.3700301692218066
GHOST,SIG_GHOST,9,14,1,1,1.0467501406628008
GHOST,SIG_GHOST,9,15,1,2,1.352633856965307
GHOST,SIG_GHOST,9,16,1,3,1.363329470845477
GHOST,SIG_GHOST,9,17,1,1,1.3687564571093316
GHOST,SIG_GHOST,9,18,1,0,1.3735388446942864
GHOST,SIG_GHOST,9,19,1,2,1.3742061173418472
GHOST,SIG_GHOST,9,20,1,0,1.3469519568589634
GHOST,SIG_GHOST,9,21,1,2,1.3723876979732554
GHOST,SIG_GHOST,9,22,1,2,1.3706884973475977
GHOST,SIG_GHOST,9,23,1,0,1.363675943113258
GHOST,SIG_GHOST,9,24,1,0,1.3843498968718795
GHOST,SIG_GHOST,9,25,1,3,1.3478332763285454
GHOST,SIG_GHOST,9,26,1,3,1.379068165258878
GHOST,SIG_GHOST,9,27,1,0,1.3661877777430063
GHOST,SIG_GHOST,9,28,1,1,1.376384668020019
GHOST,SIG_GHOST,9,29,1,3,1.3567892877541026
GHOST,SIG_GHOST,9,30,1,3,1.3796572084056822
GHOST,SIG_GHOST,9,31,1,1,1.3757471643504726
GHOST,SIG_GHOST,9,32,1,1,1.3815057126897152
GHOST,SIG_GHOST,9,33,1,2,1.3423475253185426
GHOST,SIG_GHOST,9,34,1,2,1.352730551719278
GHOST,SIG_GHOST,9,35,1,3,1.35066363604654
GHOST,SIG_GHOST,9,36,1,2,1.351997448348138
GHOST,SIG_GHOST,9,37,1,0,1.1415028917021517
GHOST,SIG_GHOST,9,38,1,2,1.3430136528268657
GHOST,SIG_GHOST,9,39,1,1,1.3763460064960409
GHOST,SIG_GHOST,9,40,1,0,1.3325295534686399
GHOST,SIG_GHOST,9,41,1,2,1.3797158431202274
GHOST,SIG_GHOST,9,42,1,0,1.373253963212742
GHOST,SIG_GHOST,9,43,1,0,1.3481462412811775
GHOST,SIG_GHOST,9,44,1,2,1.3493874711847285
GHOST,SIG_GHOST,9,45,1,3,1.3592018269429826
GHOST,SIG_GHOST,9,46,1,0,1.0749317961133136
GHOST,SIG_GHOST,9,47,1,2,1.1149297606080255
GHOST,SIG_GHOST,9,48,1,0,1.3839145933124757
GHOST,SIG_GHOST,9,49,1,0,1.367527772209069
GHOST,SIG_GHOST,9,50,1,2,1.3614033246306785
GHOST,SIG_GHOST,9,51,1,1,1.3813116512933123
GHOST,SIG_GHOST,9,52,1,2,0.8903054916537454
GHOST,SIG_GHOST,9,53,1,0,1.3316656124932527
GHOST,SIG_GHOST,9,54,1,1,1.1602275332422796
GHOST,SIG_GHOST,9,55,1,3,1.0369408531874507
GHOST,SIG_GHOST,9,56,1,3,1.3767318739191596
GHOST,SIG_GHOST,9,57,1,3,1.373018722034287
GHOST,SIG_GHOST,9,58,1,3,1.3428308890274705
GHOST,SIG_GHOST,9,59,1,0,1.3560674966994783
GHOST,SIG_GHOST,9,60,1,3,1.2468897919559372
GHOST,SIG_GHOST,9,61,1,3,1.347790225918567
GHOST,SIG_GHOST,9,62,1,1,1.312556378168449
GHOST,SIG_GHOST,9,63,1,1,1.3769154888461304
GHOST,SIG_GHOST,9,64,1,3,1.3733477265914293
GHOST,SIG_GHOST,9,65,1,2,1.3652862092608002
GHOST,SIG_GHOST,9,66,1,3,1.379255792627661
GHOST,SIG_GHOST,9,67,1,0,1.3701286536345116
GHOST,SIG_GHOST,9,68,1,3,1.3641523840927667
GHOST,SIG_GHOST,9,69,1,0,1.3732611274169555
GHOST,SIG_GHOST,9,70,1,2,1.3633343779020253
GHOST,SIG_GHOST,9,71,1,2,1.2669866993688932
GHOST,SIG_GHOST,9,72,1,0,1.3416699716859593
GHOST,SIG_GHOST,9,73,1,0,1.3527966588106495
GHOST,SIG_GHOST,9,74,1,1,1.3765489217368838
GHOST,SIG_GHOST,9,75,1,3,0.9682569634034377
GHOST,SIG_GHOST,9,76,1,0,1.3588537154382803
GHOST,SIG_GHOST,9,77,1,3,1.367552580308915
GHOST,SIG_GHOST,9,78,1,3,1.268019057355494
GHOST,SIG_GHOST,9,79,1,0,1.3494288170882391
GHOST,SIG_GHOST,9,80,1,3,0.692557651225913
GHOST,SIG_GHOST,9,81,1,2,1.1672476738200237
GHOST,SIG_GHOST,9,82,1,3,1.3681004484385428
GHOST,SIG_GHOST,9,83,1,3,1.2949749306317604
GHOST,SIG_GHOST,9,84,1,2,1.3521489695262923
GHOST,SIG_GHOST,9,85,1,0,1.3463281954082034
GHOST,SIG_GHOST,9,86,1,2,1.3620701974791283
GHOST,SIG_GHOST,9,87,1,2,1.3831543167546565
GHOST,SIG_GHOST,9,88,1,2,1.3503715734811188
GHOST,SIG_GHOST,9,89,1,3,1.3823949080832783
GHOST,SIG_GHOST,9,90,1,3,1.3679383384312298
GHOST,SIG_GHOST,9,91,1,0,1.3200908958170394
GHOST,SIG_GHOST,9,92,1,3,1.0706417414745664
GHOST,SIG_GHOST,9,93,1,3,1.3490591425670209
GHOST,SIG_GHOST,9,94,1,1,1.377483517706395
GHOST,SIG_GHOST,9,95,1,3,1.0578269454042526
GHOST,SIG_GHOST,9,96,1,3,1.201662246491273
GHOST,SIG_GHOST,9,97,1,2,0.9935244885497883
GHOST,SIG_GHOST,9,98,1,0,1.0206308374719575
GHOST,SIG_GHOST,9,99,1,2,1.3634335178327692
GHOST,SIG_GHOST,9,100,1,3,1.376834318733509
GHOST,SIG_GHOST,9,101,1,0,1.038410189815881
GHOST,SIG_GHOST,9,102,1,2,1.3814844030984512
GHOST,SIG_GHOST,9,103,1,1,1.1546961020139328
GHOST,SIG_GHOST,9,104,1,3,1.3732068605885983
GHOST,SIG_GHOST,9,105,1,2,1.372244283065659
GHOST,SIG_GHOST,9,106,1,1,1.2807443593681223
GHOST,SIG_GHOST,9,107,1,3,1.1996610654951114
GHOST,SIG_GHOST,9,108,1,2,1.3461487417686548
GHOST,SIG_GHOST,9,109,1,1,1.1642714420921694
GHOST,SIG_GHOST,9,110,1,2,1.3779445985170047
GHOST,SIG_GHOST,9,111,1,1,1.3481865067956484
GHOST,SIG_GHOST,9,112,1,2,1.3421128310792112
GHOST,SIG_GHOST,9,113,1,2,1.1025651139281147
GHOST,SIG_GHOST,9,114,1,1,1.361735715676566
GHOST,SIG_GHOST,9,115,1,3,1.2140729839924278
GHOST,SIG_GHOST,9,116,1,3,1.3504628551613826
GHOST,SIG_GHOST,9,117,1,2,1.3819062216237734
GHOST,SIG_GHOST,9,118,1,0,1.3546055764013065
GHOST,SIG_GHOST,9,119,1,2,1.337006549601537
GHOST,SIG_GHOST,9,120,1,3,1.3845797585863622
GHOST,SIG_GHOST,9,121,1,2,1.37548878127756
GHOST,SIG_GHOST,9,122,1,0,1.3598633187341838
GHOST,SIG_GHOST,9,123,1,1,1.3655271341443582
GHOST,SIG_GHOST,9,124,1,2,1.0888991432177866
GHOST,SIG_GHOST,9,125,1,2,1.3605628521424098
GHOST,SIG_GHOST,9,126,1,2,1.3606787978526025
GHOST,SIG_GHOST,9,127,1,1,1.3259401760908396
GHOST,SIG_GHOST,9,128,1,3,1.375323073109345
GHOST,SIG_GHOST,9,129,1,3,1.354335975358586
GHOST,SIG_GHOST,9,130,1,1,1.3413531765758324
GHOST,SIG_GHOST,9,131,1,3,1.377828311223603
GHOST,SIG_GHOST,9,132,1,3,1.3546175095647235
GHOST,SIG_GHOST,9,133,1,0,1.1583214258400991
GHOST,SIG_GHOST,9,134,1,3,1.0031710190210443
GHOST,SIG_GHOST,9,135,1,1,1.0315106686900883
GHOST,SIG_GHOST,9,136,1,2,1.379679296792051
GHOST,SIG_GHOST,9,137,1,1,1.2220028415888136
GHOST,SIG_GHOST,9,138,1,1,1.3786907647770836
GHOST,SIG_GHOST,9,139,1,3,1.3632845524604025
GHOST,SIG_GHOST,9,140,1,3,1.3851324063218042
GHOST,SIG_GHOST,9,141,1,3,1.364444644623025
GHOST,SIG_GHOST,9,142,1,2,0.9433050578480998
GHOST,SIG_GHOST,9,143,1,0,1.3645301521405475
GHOST,SIG_GHOST,9,144,1,1,1.327499616635416
GHOST,SIG_GHOST,9,145,1,1,1.2077435302147557
GHOST,SIG_GHOST,9,146,1,1,1.3532096915986502
GHOST,SIG_GHOST,9,147,1,2,1.1655554824139442
GHOST,SIG_GHOST,9,148,1,2,1.251763022488361
GHOST,SIG_GHOST,9,149,1,0,1.3677039180399442
GHOST,SIG_GHOST,9,150,1,3,1.3756316067494196
GHOST,SIG_GHOST,9,151,1,1,1.3842524139171526
GHOST,SIG_GHOST,9,152,1,1,1.3219482483950102
GHOST,SIG_GHOST,9,153,1,0,1.366932097887243
GHOST,SIG_GHOST,9,154,1,0,1.2974014337245112
GHOST,SIG_GHOST,9,155,1,2,1.3709279349949277
GHOST,SIG_GHOST,9,156,1,3,1.3508634194546445
GHOST,SIG_GHOST,9,157,1,3,1.360599380298498
GHOST,SIG_GHOST,9,158,1,2,1.377035619178352
GHOST,SIG_GHOST,9,159,1,3,1.3699474867082668
GHOST,SIG_GHOST,9,160,1,3,1.3585756043529709
GHOST,SIG_GHOST,9,161,1,2,1.3743133485509902
GHOST,SIG_GHOST,9,162,1,1,1.3660534447733883
GHOST,SIG_GHOST,9,163,1,1,1.2195090499671812
GHOST,SIG_GHOST,9,164,1,1,1.3143392507268614
GHOST,SIG_GHOST,9,165,1,1,1.377875531686212
GHOST,SIG_GHOST,9,166,1,0,1.3583095077686536
GHOST,SIG_GHOST,9,167,1,2,1.3757748275971444
GHOST,SIG_GHOST,9,168,1,1,1.162123104767197
GHOST,SIG_GHOST,9,169,1,2,1.3620907141113574
GHOST,SIG_GHOST,9,170,1,2,1.3766638696373588
GHOST,SIG_GHOST,9,171,1,1,1.002739898055189
GHOST,SIG_GHOST,9,172,1,2,1.3606160072768
GHOST,SIG_GHOST,9,173,1,0,1.2180673479940602
GHOST,SIG_GHOST,9,174,1,0,1.2501447350970034
GHOST,SIG_GHOST,9,175,1,2,1.3766310620654336
GHOST,SIG_GHOST,9,176,1,2,1.3537834353785563
GHOST,SIG_GHOST,9,177,1,0,1.3453687986651266
GHOST,SIG_GHOST,9,178,1,2,1.3838988276723874
GHOST,SIG_GHOST,9,179,1,0,1.35041688048645
GHOST,SIG_GHOST,9,180,1,1,1.0986193715671162
GHOST,SIG_GHOST,9,181,1,1,1.3505634450318467
GHOST,SIG_GHOST,9,182,1,0,1.372442442963335
GHOST,SIG_GHOST,9,183,1,2,1.376199686202741
GHOST,SIG_GHOST,9,184,1,1,1.3280990378749824
GHOST,SIG_GHOST,9,185,1,0,1.0664739430336518
GHOST,SIG_GHOST,9,186,1,0,1.3372194818436425
GHOST,SIG_GHOST,9,187,1,1,0.7257845672319019
GHOST,SIG_GHOST,9,188,1,2,1.3515077822700907
GHOST,SIG_GHOST,9,189,1,3,1.3703823903316659
GHOST,SIG_GHOST,9,190,1,0,1.1750498110527878
GHOST,SIG_GHOST,9,191,1,1,1.3809116612189245
GHOST,SIG_GHOST,9,192,1,1,1.3652499392409667
GHOST,SIG_GHOST,9,193,1,1,1.2732715835988455
GHOST,SIG_GHOST,9,194,1,1,1.2530833001553274
GHOST,SIG_GHOST,9,195,1,2,1.3301859001505336
GHOST,SIG_GHOST,9,196,1,0,1.3826142179756356
GHOST,SIG_GHOST,9,197,1,2,1.377708677600317
GHOST,SIG_GHOST,9,198,1,0,1.3391510169913046
GHOST,SIG_GHOST,9,199,1,3,1.3539952067086287
GHOST,SIG_GHOST,10,0,1,3,1.0147611590965864
GHOST,SIG_GHOST,10,1,1,2,1.3561771944885703
GHOST,SIG_GHOST,10,2,1,0,1.3666064830951081
GHOST,SIG_GHOST,10,3,1,0,1.3072724710891026
GHOST,SIG_GHOST,10,4,1,0,1.3566987699386213
GHOST,SIG_GHOST,10,5,1,1,1.3771323101662774
GHOST,SIG_GHOST,10,6,1,2,1.3350045686564298
GHOST,SIG_GHOST,10,7,1,2,0.8493231122787821
GHOST,SIG_GHOST,10,8,1,1,1.3749243257529788
GHOST,SIG_GHOST,10,9,1,3,1.2120533506134772
GHOST,SIG_GHOST,10,10,1,0,1.3739015087834376
GHOST,SIG_GHOST,10,11,1,2,1.3516060535300258
GHOST,SIG_GHOST,10,12,1,3,1.3737435918682246
GHOST,SIG_GHOST,10,13,1,3,1.3301444480496851
GHOST,SIG_GHOST,10,14,1,1,1.3458930936726974
GHOST,SIG_GHOST,10,15,1,0,1.2037911457486707
GHOST,SIG_GHOST,10,16,1,0,1.3382501930208395
GHOST,SIG_GHOST,10,17,1,2,1.360354226956909
GHOST,SIG_GHOST,10,18,1,2,1.2253464004460217
GHOST,SIG_GHOST,10,19,1,1,0.8939337360589332
GHOST,SIG_GHOST,10,20,1,0,1.3692657656385046
GHOST,SIG_GHOST,10,21,1,0,1.35438622459305
GHOST,SIG_GHOST,10,22,1,1,1.1270522068045867
GHOST,SIG_GHOST,10,23,1,0,1.3650155588747304
GHOST,SIG_GHOST,10,24,1,0,1.3816266559681183
GHOST,SIG_GHOST,10,25,1,0,1.3554128982542193
GHOST,SIG_GHOST,10,26,1,3,0.9356816119090705
GHOST,SIG_GHOST,10,27,1,0,1.1675471316167534
GHOST,SIG_GHOST,10,28,1,3,1.3446062827030603
GHOST,SIG_GHOST,10,29,1,1,1.3815447112434756
GHOST,SIG_GHOST,10,30,1,3,1.2430769439265887
GHOST,SIG_GHOST,10,31,1,1,1.3562291453508122
GHOST,SIG_GHOST,10,32,1,1,0.909242044728521
GHOST,SIG_GHOST,10,33,1,2,1.366956351494991
GHOST,SIG_GHOST,10,34,1,2,1.3671882782267044
GHOST,SIG_GHOST,10,35,1,1,1.3601235933093978
GHOST,SIG_GHOST,10,36,1,2,1.3477648408829972
GHOST,SIG_GHOST,10,37,1,2,1.3324010464214955
GHOST,SIG_GHOST,10,38,1,3,1.3717003432444796
GHOST,SIG_GHOST,10,39,1,0,1.325439430352855
GHOST,SIG_GHOST,10,40,1,3,1.3682018135898593
GHOST,SIG_GHOST,10,41,1,3,1.2024954126930862
GHOST,SIG_GHOST,10,42,1,1,0.9736778449793344
GHOST,SIG_GHOST,10,43,1,0,1.3588549010935997
GHOST,SIG_GHOST,10,44,1,0,1.3647060613770827
GHOST,SIG_GHOST,10,45,1,1,1.3345000097850137
GHOST,SIG_GHOST,10,46,1,2,1.356489855489229
GHOST,SIG_GHOST,10,47,1,0,1.3663522396324
GHOST,SIG_GHOST,10,48,1,0,1.3067708817644346
GHOST,SIG_GHOST,10,49,1,0,1.24105313752585
GHOST,SIG_GHOST,10,50,1,1,1.3751468399881803
GHOST,SIG_GHOST,10,51,1,0,1.354741863836848
GHOST,SIG_GHOST,10,52,1,2,1.180112900286971
GHOST,SIG_GHOST,10,53,1,1,1.1991349718804134
GHOST,SIG_GHOST,10,54,1,0,1.0853507818532322
GHOST,SIG_GHOST,10,55,1,2,1.0978860851580328
GHOST,SIG_GHOST,10,56,1,3,1.3551567201727783
GHOST,SIG_GHOST,10,57,1,1,1.3330995863056776
GHOST,SIG_GHOST,10,58,1,1,1.3706193087204606
GHOST,SIG_GHOST,10,59,1,2,1.3443207203903917
GHOST,SIG_GHOST,10,60,1,3,1.357547408492084
GHOST,SIG_GHOST,10,61,1,3,1.1807883386440903
GHOST,SIG_GHOST,10,62,1,0,1.3681322971642171
GHOST,SIG_GHOST,10,63,1,0,1.3670663909420073
GHOST,SIG_GHOST,10,64,1,3,1.3454438532136754
GHOST,SIG_GHOST,10,65,1,1,1.0540813254070471
GHOST,SIG_GHOST,10,66,1,1,1.343890035289214
GHOST,SIG_GHOST,10,67,1,3,0.9673130755291158
GHOST,SIG_GHOST,10,68,1,2,1.376974133485267
GHOST,SIG_GHOST,10,69,1,1,1.3736873751405443
GHOST,SIG_GHOST,10,70,1,1,1.3755152778643298
GHOST,SIG_GHOST,10,71,1,3,1.3228552056738652
GHOST,SIG_GHOST,10,72,1,1,1.3787172423342255
GHOST,SIG_GHOST,10,73,1,0,1.3512189808831048
GHOST,SIG_GHOST,10,74,1,1,1.3706245706255586
GHOST,SIG_GHOST,10,75,1,1,1.3538965468715691
GHOST,SIG_GHOST,10,76,1,1,1.3623193025561398
GHOST,SIG_GHOST,10,77,1,1,1.3411310508512022
GHOST,SIG_GHOST,10,78,1,3,1.3819197500969669
GHOST,SIG_GHOST,10,79,1,3,1.280403356923928
GHOST,SIG_GHOST,10,80,1,0,1.3470673715136428
GHOST,SIG_GHOST,10,81,1,0,1.1156263916009324
GHOST,SIG_GHOST,10,82,1,1,1.3645304222893724
GHOST,SIG_GHOST,10,83,1,1,1.3548678975813415
GHOST,SIG_GHOST,10,84,1,2,0.626006985963219
GHOST,SIG_GHOST,10,85,1,2,1.371602412367224
GHOST,SIG_GHOST,10,86,1,0,1.3537015271085013
GHOST,SIG_GHOST,10,87,1,3,1.379749644262181
GHOST,SIG_GHOST,10,88,1,0,1.356319727417917
GHOST,SIG_GHOST,10,89,1,0,1.3534402933261536
GHOST,SIG_GHOST,10,90,1,2,1.3854116795382365
GHOST,SIG_GHOST,10,91,1,3,1.2848684411075673
GHOST,SIG_GHOST,10,92,1,2,1.3830065695328821
GHOST,SIG_GHOST,10,93,1,3,1.153123912900525
GHOST,SIG_GHOST,10,94,1,0,1.3283673054787168
GHOST,SIG_GHOST,10,95,1,0,1.3478958293866277
GHOST,SIG_GHOST,10,96,1,1,1.380551692793797
GHOST,SIG_GHOST,10,97,1,2,1.2807374082247587
GHOST,SIG_GHOST,10,98,1,1,1.3547637545993516
GHOST,SIG_GHOST,10,99,1,0,1.0578876685569434
GHOST,SIG_GHOST,10,100,1,0,1.3672362530657909
GHOST,SIG_GHOST,10,101,1,2,1.3552442553548487
GHOST,SIG_GHOST,10,102,1,1,1.3380173736947822
GHOST,SIG_GHOST,10,103,1,1,1.3617655482974143
GHOST,SIG_GHOST,10,104,1,2,1.3079300776361407
GHOST,SIG_GHOST,10,105,1,3,1.1379448669931487
GHOST,SIG_GHOST,10,106,1,1,1.2570364193057562
GHOST,SIG_GHOST,10,107,1,0,1.3475295764961408
GHOST,SIG_GHOST,10,108,1,1,1.3643652056340967
GHOST,SIG_GHOST,10,109,1,1,1.1378231712448923
GHOST,SIG_GHOST,10,110,1,0,1.3598906874478507
GHOST,SIG_GHOST,10,111,1,2,1.3353482418676166
GHOST,SIG_GHOST,10,112,1,0,1.3731715046544108
GHOST,SIG_GHOST,10,113,1,2,1.3614812875504212
GHOST,SIG_GHOST,10,114,1,2,1.3744881214851972
GHOST,SIG_GHOST,10,115,1,2,1.376760310067808
GHOST,SIG_GHOST,10,116,1,0,1.3783529313679688
GHOST,SIG_GHOST,10,117,1,3,1.3743580346559896
GHOST,SIG_GHOST,10,118,1,0,0.916036288966121
GHOST,SIG_GHOST,10,119,1,1,1.3784756115751462
GHOST,SIG_GHOST,10,120,1,0,1.1944800550657375
GHOST,SIG_GHOST,10,121,1,1,1.3523564755259656
GHOST,SIG_GHOST,10,122,1,0,1.294334083574758
GHOST,SIG_GHOST,10,123,1,2,1.3520394655211974
GHOST,SIG_GHOST,10,124,1,1,1.1902905847976433
GHOST,SIG_GHOST,10,125,1,1,1.3745447712707834
GHOST,SIG_GHOST,10,126,1,2,1.028096874582255
GHOST,SIG_GHOST,10,127,1,2,1.3604936495256976
GHOST,SIG_GHOST,10,128,1,3,1.3669545685171978
GHOST,SIG_GHOST,10,129,1,2,1.3784831201536338
GHOST,SIG_GHOST,10,130,1,0,1.2108571263444858
GHOST,SIG_GHOST,10,131,1,3,1.096136152500289
GHOST,SIG_GHOST,10,132,1,3,1.2330645077139377
GHOST,SIG_GHOST,10,133,1,2,1.2870486080384151
GHOST,SIG_GHOST,10,134,1,0,1.380585675943795
GHOST,SIG_GHOST,10,135,1,2,1.371012650113414
GHOST,SIG_GHOST,10,136,1,0,1.0488035654826082
GHOST,SIG_GHOST,10,137,1,0,1.367824277276353
GHOST,SIG_GHOST,10,138,1,0,1.1309624744234699
GHOST,SIG_GHOST,10,139,1,2,1.3623650046973181
GHOST,SIG_GHOST,10,140,1,0,1.3444625578618612
GHOST,SIG_GHOST,10,141,1,3,1.3551308371781454
GHOST,SIG_GHOST,10,142,1,1,1.335570671617517
GHOST,SIG_GHOST,10,143,1,1,1.3434362096940846
GHOST,SIG_GHOST,10,144,1,0,1.378359267970769
GHOST,SIG_GHOST,10,145,1,3,1.0943898792788294
GHOST,SIG_GHOST,10,146,1,1,1.3299520757320245
GHOST,SIG_GHOST,10,147,1,0,1.2380672337550775
GHOST,SIG_GHOST,10,148,1,3,1.3777016804253464
GHOST,SIG_GHOST,10,149,1,1,1.365479471332664
GHOST,SIG_GHOST,10,150,1,0,1.3681413238823346
GHOST,SIG_GHOST,10,151,1,2,1.3659841441952292
GHOST,SIG_GHOST,10,152,1,3,1.3679182415115636
GHOST,SIG_GHOST,10,153,1,3,1.117953759502677
GHOST,SIG_GHOST,10,154,1,3,1.0761429843125812
GHOST,SIG_GHOST,10,155,1,1,1.3654754632461918
GHOST,SIG_GHOST,10,156,1,3,1.3834688355868985
GHOST,SIG_GHOST,10,157,1,0,1.3745720982641418
GHOST,SIG_GHOST,10,158,1,0,1.3357867222025734
GHOST,SIG_GHOST,10,159,1,1,1.366166416020521
GHOST,SIG_GHOST,10,160,1,1,1.378103340990412
GHOST,SIG_GHOST,10,161,1,0,1.3688500272871453
GHOST,SIG_GHOST,10,162,1,1,1.370408748289559
GHOST,SIG_GHOST,10,163,1,1,1.383621508631748
GHOST,SIG_GHOST,10,164,1,0,1.3696094738133884
GHOST,SIG_GHOST,10,165,1,0,1.3714374509463538
GHOST,SIG_GHOST,10,166,1,0,1.364470852799922
GHOST,SIG_GHOST,10,167,1,0,1.3692021534003451
GHOST,SIG_GHOST,10,168,1,2,1.374940854569001
GHOST,SIG_GHOST,10,169,1,2,1.3542709537562105
GHOST,SIG_GHOST,10,170,1,1,1.3422914112369453
GHOST,SIG_GHOST,10,171,1,3,1.208950063175202
GHOST,SIG_GHOST,10,172,1,2,1.1809996419108755
GHOST,SIG_GHOST,10,173,1,2,1.3533905826514472
GHOST,SIG_GHOST,10,174,1,2,1.3508798811383906
GHOST,SIG_GHOST,10,175,1,3,1.3743632296708583
GHOST,SIG_GHOST,10,176,1,2,1.144689320935242
GHOST,SIG_GHOST,10,177,1,1,1.367362285325656
GHOST,SIG_GHOST,10,178,1,0,1.373339717822864
GHOST,SIG_GHOST,10,179,1,1,1.2131612549862405
GHOST,SIG_GHOST,10,180,1,0,1.3548392205775504
GHOST,SIG_GHOST,10,181,1,2,1.3706131704994897
GHOST,SIG_GHOST,10,182,1,3,1.3777188875195814
GHOST,SIG_GHOST,10,183,1,0,1.3749732556407532
GHOST,SIG_GHOST,10,184,1,0,1.3762698646928406
GHOST,SIG_GHOST,10,185,1,1,1.1157672281902598
GHOST,SIG_GHOST,10,186,1,2,1.3718642719413066
GHOST,SIG_GHOST,10,187,1,1,1.3637161513036364
GHOST,SIG_GHOST,10,188,1,1,1.3834397195822954
GHOST,SIG_GHOST,10,189,1,1,1.3408672506823924
GHOST,SIG_GHOST,10,190,1,1,1.3360426332517596
GHOST,SIG_GHOST,10,191,1,1,0.9932848102237022
GHOST,SIG_GHOST,10,192,1,2,1.3687639836328147
GHOST,SIG_GHOST,10,193,1,2,1.343226909688264
GHOST,SIG_GHOST,10,194,1,3,1.377739429548237
GHOST,SIG_GHOST,10,195,1,0,1.3609283488235497
GHOST,SIG_GHOST,10,196,1,2,1.124214381491155
GHOST,SIG_GHOST,10,197,1,3,1.3664536178586042
GHOST,SIG_GHOST,10,198,1,3,1.3576099237384074
GHOST,SIG_GHOST,10,199,1,1,1.3522747063107212
GHOST,SIG_GHOST,11,0,1,1,1.354440631131419
GHOST,SIG_GHOST,11,1,1,3,1.3625490698253988
GHOST,SIG_GHOST,11,2,1,3,1.3304125437687813
GHOST,SIG_GHOST,11,3,1,0,1.3517377574405178
GHOST,SIG_GHOST,11,4,1,3,1.3587812038154048
GHOST,SIG_GHOST,11,5,1,1,1.055870362462318
GHOST,SIG_GHOST,11,6,1,2,1.3613778849355058
GHOST,SIG_GHOST,11,7,1,2,1.2317805697704967
GHOST,SIG_GHOST,11,8,1,3,1.3794713217377388
GHOST,SIG_GHOST,11,9,1,2,1.3585806853225386
GHOST,SIG_GHOST,11,10,1,3,0.5698933235624639
GHOST,SIG_GHOST,11,11,1,1,1.3616679985006308
GHOST,SIG_GHOST,11,12,1,3,1.38226891149186
GHOST,SIG_GHOST,11,13,1,3,1.3386269093633267
GHOST,SIG_GHOST,11,14,1,3,1.283995572803199
GHOST,SIG_GHOST,11,15,1,1,1.1282825475023168
GHOST,SIG_GHOST,11,16,1,2,1.3376208735711548
GHOST,SIG_GHOST,11,17,1,1,1.368903112833637
GHOST,SIG_GHOST,11,18,1,2,1.376242677516163
GHOST,SIG_GHOST,11,19,1,2,1.1149899473574503
GHOST,SIG_GHOST,11,20,1,0,1.3709771226103713
GHOST,SIG_GHOST,11,21,1,1,1.3714967464535355
GHOST,SIG_GHOST,11,22,1,0,1.3411715310516392
GHOST,SIG_GHOST,11,23,1,2,1.3589898003092
GHOST,SIG_GHOST,11,24,1,2,1.370516555099386
GHOST,SIG_GHOST,11,25,1,2,1.3421877766397312
GHOST,SIG_GHOST,11,26,1,2,1.3647963494325914
GHOST,SIG_GHOST,11,27,1,3,1.1081243781584709
GHOST,SIG_GHOST,11,28,1,0,1.1916372346555784
GHOST,SIG_GHOST,11,29,1,0,1.3563071550387527
GHOST,SIG_GHOST,11,30,1,0,1.3548015836738434
GHOST,SIG_GHOST,11,31,1,3,1.0553306069432171
GHOST,SIG_GHOST,11,32,1,3,1.3712579980970157
GHOST,SIG_GHOST,11,33,1,2,1.350229855964711
GHOST,SIG_GHOST,11,34,1,0,1.3738974855598485
GHOST,SIG_GHOST,11,35,1,1,1.3781703377655874
GHOST,SIG_GHOST,11,36,1,2,1.0863040542092919
GHOST,SIG_GHOST,11,37,1,3,1.3687112781204587
GHOST,SIG_GHOST,11,38,1,2,1.381698974655762
GHOST,SIG_GHOST,11,39,1,3,1.3714208025743297
GHOST,SIG_GHOST,11,40,1,0,1.3571608600963998
GHOST,SIG_GHOST,11,41,1,2,1.3410500991911407
GHOST,SIG_GHOST,11,42,1,1,1.349895776616394
GHOST,SIG_GHOST,11,43,1,2,1.3654097395534124
GHOST,SIG_GHOST,11,44,1,1,1.372855503893836
GHOST,SIG_GHOST,11,45,1,1,1.179691218779299
GHOST,SIG_GHOST,11,46,1,1,1.370115075831153
GHOST,SIG_GHOST,11,47,1,1,1.3678097334852146
GHOST,SIG_GHOST,11,48,1,1,1.2209128832628027
GHOST,SIG_GHOST,11,49,1,0,1.3646168824664064
GHOST,SIG_GHOST,11,50,1,0,1.2457290909684813
GHOST,SIG_GHOST,11,51,1,1,1.3368408749532459
GHOST,SIG_GHOST,11,52,1,2,1.2473097142300154
GHOST,SIG_GHOST,11,53,1,2,1.2831536401915957
GHOST,SIG_GHOST,11,54,1,3,1.0760760001548537
GHOST,SIG_GHOST,11,55,1,3,1.379425429995893
GHOST,SIG_GHOST,11,56,1,3,1.1805662141260251
GHOST,SIG_GHOST,11,57,1,2,1.0784294375545256
GHOST,SIG_GHOST,11,58,1,0,1.1249472355280445
GHOST,SIG_GHOST,11,59,1,3,0.9342837369589827
GHOST,SIG_GHOST,11,60,1,0,1.3004801472415384
GHOST,SIG_GHOST,11,61,1,3,1.3330993429052254
GHOST,SIG_GHOST,11,62,1,2,0.7726647658120211
GHOST,SIG_GHOST,11,63,1,0,1.3342714078547009
GHOST,SIG_GHOST,11,64,1,3,1.370091408592573
GHOST,SIG_GHOST,11,65,1,1,1.3829880492995765
GHOST,SIG_GHOST,11,66,1,3,1.3821291778619949
GHOST,SIG_GHOST,11,67,1,1,1.352196852740895
GHOST,SIG_GHOST,11,68,1,2,1.3721444818293345
GHOST,SIG_GHOST,11,69,1,3,1.1408141501367735
GHOST,SIG_GHOST,11,70,1,3,1.3789509452159123
GHOST,SIG_GHOST,11,71,1,1,1.3800350121857392
GHOST,SIG_GHOST,11,72,1,0,1.3727102875156305
GHOST,SIG_GHOST,11,73,1,2,1.1392507778435907
GHOST,SIG_GHOST,11,74,1,0,1.3675384583267833
GHOST,SIG_GHOST,11,75,1,2,1.2955088919680393
GHOST,SIG_GHOST,11,76,1,2,1.3530308648600156
GHOST,SIG_GHOST,11,77,1,3,1.368799826279026
GHOST,SIG_GHOST,11,78,1,2,0.9037728695248985
GHOST,SIG_GHOST,11,79,1,1,1.37244007002279
GHOST,SIG_GHOST,11,80,1,0,1.331801713511806
GHOST,SIG_GHOST,11,81,1,2,1.384968721373203
GHOST,SIG_GHOST,11,82,1,0,1.344147301677495
GHOST,SIG_GHOST,11,83,1,0,1.381705493116357
GHOST,SIG_GHOST,11,84,1,2,1.1641948246102565
GHOST,SIG_GHOST,11,85,1,1,1.1136061943817936
GHOST,SIG_GHOST,11,86,1,0,1.3673971036080932
GHOST,SIG_GHOST,11,87,1,3,1.3590110439501184
GHOST,SIG_GHOST,11,88,1,1,1.3750640958994742
GHOST,SIG_GHOST,11,89,1,1,1.3710285900032402
GHOST,SIG_GHOST,11,90,1,1,1.3826709090545917
GHOST,SIG_GHOST,11,91,1,1,1.3641252004306306
GHOST,SIG_GHOST,11,92,1,2,1.3491502934842043
GHOST,SIG_GHOST,11,93,1,2,1.3435954624383324
GHOST,SIG_GHOST,11,94,1,1,1.3515983474401678
GHOST,SIG_GHOST,11,95,1,1,1.3735136502404275
GHOST,SIG_GHOST,11,96,1,1,1.104640423230621
GHOST,SIG_GHOST,11,97,1,2,1.3594872980386716
GHOST,SIG_GHOST,11,98,1,3,1.3749783648099079
GHOST,SIG_GHOST,11,99,1,1,1.3527762646151174
GHOST,SIG_GHOST,11,100,1,1,1.3504319185360034
GHOST,SIG_GHOST,11,101,1,2,1.0562381452012561
GHOST,SIG_GHOST,11,102,1,1,1.3668656122344407
GHOST,SIG_GHOST,11,103,1,1,1.3141786940487874
GHOST,SIG_GHOST,11,104,1,0,1.3825617379748
GHOST,SIG_GHOST,11,105,1,1,1.383640952508168
GHOST,SIG_GHOST,11,106,1,0,1.3550780123754411
GHOST,SIG_GHOST,11,107,1,3,1.383234981061182
GHOST,SIG_GHOST,11,108,1,0,1.3453329479326044
GHOST,SIG_GHOST,11,109,1,3,1.377908538930267
GHOST,SIG_GHOST,11,110,1,1,1.0520377218066512
GHOST,SIG_GHOST,11,111,1,2,1.3527885543526867
GHOST,SIG_GHOST,11,112,1,0,1.3472395932839172
GHOST,SIG_GHOST,11,113,1,1,1.025431981157351
GHOST,SIG_GHOST,11,114,1,0,1.3805459956129584
GHOST,SIG_GHOST,11,115,1,1,1.2899898643112004
GHOST,SIG_GHOST,11,116,1,1,1.366788330412899
GHOST,SIG_GHOST,11,117,1,0,1.383268730140778
GHOST,SIG_GHOST,11,118,1,1,1.3760864832347355
GHOST,SIG_GHOST,11,119,1,1,1.1659098620471093
GHOST,SIG_GHOST,11,120,1,1,0.9531770265776909
GHOST,SIG_GHOST,11,121,1,0,1.3459501068892346
GHOST,SIG_GHOST,11,122,1,0,1.1622300016392506
GHOST,SIG_GHOST,11,123,1,2,1.350908872602974
GHOST,SIG_GHOST,11,124,1,0,1.3601376679376016
GHOST,SIG_GHOST,11,125,1,3,1.3693421644086907
GHOST,SIG_GHOST,11,126,1,1,1.381644629978724
GHOST,SIG_GHOST,11,127,1,3,1.3698571467410772
GHOST,SIG_GHOST,11,128,1,3,1.3825086844646972
GHOST,SIG_GHOST,11,129,1,1,1.1170548847567963
GHOST,SIG_GHOST,11,130,1,0,1.3376724922079726
GHOST,SIG_GHOST,11,131,1,3,1.3718484908935733
GHOST,SIG_GHOST,11,132,1,1,1.366469534535851
GHOST,SIG_GHOST,11,133,1,2,1.030654721759424
GHOST,SIG_GHOST,11,134,1,0,1.2548172184355046
GHOST,SIG_GHOST,11,135,1,3,1.3592878226848928
GHOST,SIG_GHOST,11,136,1,3,1.3349454819097646
GHOST,SIG_GHOST,11,137,1,2,1.349038108011245
GHOST,SIG_GHOST,11,138,1,3,1.3716191927147352
GHOST,SIG_GHOST,11,139,1,2,1.3571510036215089
GHOST,SIG_GHOST,11,140,1,0,1.350323295271922
GHOST,SIG_GHOST,11,141,1,2,1.24080340968562
GHOST,SIG_GHOST,11,142,1,1,0.670379758854224
GHOST,SIG_GHOST,11,143,1,1,1.3841501242726324
GHOST,SIG_GHOST,11,144,1,1,1.3738895806259208
GHOST,SIG_GHOST,11,145,1,2,1.3536140761632365
GHOST,SIG_GHOST,11,146,1,1,1.3669605033475345
GHOST,SIG_GHOST,11,147,1,3,1.1379866278251756
GHOST,SIG_GHOST,11,148,1,3,1.1310326001238755
GHOST,SIG_GHOST,11,149,1,3,1.3457385015156418
GHOST,SIG_GHOST,11,150,1,3,1.3750056580519532
GHOST,SIG_GHOST,11,151,1,1,1.3859216587925132
GHOST,SIG_GHOST,11,152,1,3,1.358798871369626
GHOST,SIG_GHOST,11,153,1,2,1.3554961581377263
GHOST,SIG_GHOST,11,154,1,1,0.8429285183629855
GHOST,SIG_GHOST,11,155,1,2,1.3468581902827914
GHOST,SIG_GHOST,11,156,1,0,1.2149723551118958
GHOST,SIG_GHOST,11,157,1,3,1.3685484253226978
GHOST,SIG_GHOST,11,158,1,1,1.3601646921815436
GHOST,SIG_GHOST,11,159,1,0,1.321982325445235
GHOST,SIG_GHOST,11,160,1,3,0.7172355590918085
GHOST,SIG_GHOST,11,161,1,1,1.3605389400986538
GHOST,SIG_GHOST,11,162,1,0,1.366844846467574
GHOST,SIG_GHOST,11,163,1,1,1.3808462379411344
GHOST,SIG_GHOST,11,164,1,2,1.3602723721385814
GHOST,SIG_GHOST,11,165,1,3,1.360143108196375
GHOST,SIG_GHOST,11,166,1,0,1.3576057449357068
GHOST,SIG_GHOST,11,167,1,0,1.2330277272807768
GHOST,SIG_GHOST,11,168,1,1,1.3049122151779633
GHOST,SIG_GHOST,11,169,1,1,1.3749759276250269
GHOST,SIG_GHOST,11,170,1,3,1.37949455411632
GHOST,SIG_GHOST,11,171,1,2,1.364451345981111
GHOST,SIG_GHOST,11,172,1,3,1.3165917087590813
GHOST,SIG_GHOST,11,173,1,3,1.1968196182467832
GHOST,SIG_GHOST,11,174,1,0,1.311982068728518
GHOST,SIG_GHOST,11,175,1,2,1.1817558048505734
GHOST,SIG_GHOST,11,176,1,0,1.365067730140242
GHOST,SIG_GHOST,11,177,1,2,1.2077343671228173
GHOST,SIG_GHOST,11,178,1,3,1.1383970956926026
GHOST,SIG_GHOST,11,179,1,2,1.3757141879764987
GHOST,SIG_GHOST,11,180,1,3,1.2157677968669263
GHOST,SIG_GHOST,11,181,1,1,1.3681408720784667
GHOST,SIG_GHOST,11,182,1,3,1.3697784326062163
GHOST,SIG_GHOST,11,183,1,3,1.369449245509551
GHOST,SIG_GHOST,11,184,1,3,1.3756801855220964
GHOST,SIG_GHOST,11,185,1,3,1.3754590303280325
GHOST,SIG_GHOST,11,186,1,0,1.3746679196191036
GHOST,SIG_GHOST,11,187,1,2,1.0631069252688718
GHOST,SIG_GHOST,11,188,1,2,1.080993564581461
GHOST,SIG_GHOST,11,189,1,2,1.191150341232159
GHOST,SIG_GHOST,11,190,1,1,1.1301288327903964
GHOST,SIG_GHOST,11,191,1,3,1.3572418949152874
GHOST,SIG_GHOST,11,192,1,0,1.3647849441250337
GHOST,SIG_GHOST,11,193,1,1,1.376762463720819
GHOST,SIG_GHOST,11,194,1,3,1.3767545705405737
GHOST,SIG_GHOST,11,195,1,3,1.37961610751676
GHOST,SIG_GHOST,11,196,1,2,1.3814546408833634
GHOST,SIG_GHOST,11,197,1,3,1.372887791586976
GHOST,SIG_GHOST,11,198,1,0,1.3760946338756797
GHOST,SIG_GHOST,11,199,1,3,1.3766861164665527
GHOST,SIG_GHOST,12,0,1,2,1.117944626800798
GHOST,SIG_GHOST,12,1,1,0,1.3730969207592083
GHOST,SIG_GHOST,12,2,1,2,1.3773303775794556
GHOST,SIG_GHOST,12,3,1,2,1.361887220909407
GHOST,SIG_GHOST,12,4,1,2,1.173548500745667
GHOST,SIG_GHOST,12,5,1,3,1.0162109819917389
GHOST,SIG_GHOST,12,6,1,3,1.242276866587848
GHOST,SIG_GHOST,12,7,1,3,1.3584489241247528
GHOST,SIG_GHOST,12,8,1,1,1.3394963141514515
GHOST,SIG_GHOST,12,9,1,2,1.3616161848700772
GHOST,SIG_GHOST,12,10,1,1,1.0853796430352602
GHOST,SIG_GHOST,12,11,1,1,1.353805910326008
GHOST,SIG_GHOST,12,12,1,3,1.3494107758704752
GHOST,SIG_GHOST,12,13,1,3,1.352500168150404
GHOST,SIG_GHOST,12,14,1,0,1.3494043289227122
GHOST,SIG_GHOST,12,15,1,0,1.360593749636481
GHOST,SIG_GHOST,12,16,1,2,1.3546620417316062
GHOST,SIG_GHOST,12,17,1,0,1.2863818702967293
GHOST,SIG_GHOST,12,18,1,3,0.885466174783373
GHOST,SIG_GHOST,12,19,1,3,1.1719048718873348
GHOST,SIG_GHOST,12,20,1,3,1.2356480133742787
GHOST,SIG_GHOST,12,21,1,0,1.378518742028185
GHOST,SIG_GHOST,12,22,1,3,1.358722006730736
GHOST,SIG_GHOST,12,23,1,1,1.148727798444054
GHOST,SIG_GHOST,12,24,1,3,1.369492516357297
GHOST,SIG_GHOST,12,25,1,1,1.098239736612015
GHOST,SIG_GHOST,12,26,1,0,1.373197345827599
GHOST,SIG_GHOST,12,27,1,1,1.359611171264795
GHOST,SIG_GHOST,12,28,1,0,1.1269234966734856
GHOST,SIG_GHOST,12,29,1,3,1.3818388462590843
GHOST,SIG_GHOST,12,30,1,0,1.3545681400746972
GHOST,SIG_GHOST,12,31,1,1,1.3550978989457652
GHOST,SIG_GHOST,12,32,1,1,1.3676958279844393
GHOST,SIG_GHOST,12,33,1,3,1.376970029821083
GHOST,SIG_GHOST,12,34,1,1,1.3246089238537004
GHOST,SIG_GHOST,12,35,1,0,1.3500071670163376
GHOST,SIG_GHOST,12,36,1,3,1.3767492247551676
GHOST,SIG_GHOST,12,37,1,0,1.3506916894091088
GHOST,SIG_GHOST,12,38,1,1,1.1909238408329108
GHOST,SIG_GHOST,12,39,1,0,1.0800431723086164
GHOST,SIG_GHOST,12,40,1,3,1.2164404026466145
GHOST,SIG_GHOST,12,41,1,1,1.3438215206050939
GHOST,SIG_GHOST,12,42,1,1,1.0783896939196427
GHOST,SIG_GHOST,12,43,1,3,1.3494593729260798
GHOST,SIG_GHOST,12,44,1,0,1.3768230875271386
GHOST,SIG_GHOST,12,45,1,0,1.2958396391972122
GHOST,SIG_GHOST,12,46,1,1,1.3569730790097863
GHOST,SIG_GHOST,12,47,1,0,1.3336068148577847
GHOST,SIG_GHOST,12,48,1,3,1.3637961504435345
GHOST,SIG_GHOST,12,49,1,0,1.3581040893009753
GHOST,SIG_GHOST,12,50,1,0,1.3690579473459468
GHOST,SIG_GHOST,12,51,1,2,1.3544514909007308
GHOST,SIG_GHOST,12,52,1,1,1.3410974893186587
GHOST,SIG_GHOST,12,53,1,2,1.3500670135314212
GHOST,SIG_GHOST,12,54,1,2,1.3731549485888346
GHOST,SIG_GHOST,12,55,1,1,1.3767837125044369
GHOST,SIG_GHOST,12,56,1,0,1.3521266840655244
GHOST,SIG_GHOST,12,57,1,0,1.127579861733488
GHOST,SIG_GHOST,12,58,1,0,1.3425582728077812
GHOST,SIG_GHOST,12,59,1,1,1.3515672754715664
GHOST,SIG_GHOST,12,60,1,0,1.3404909286349085
GHOST,SIG_GHOST,12,61,1,1,0.5690060774904704
GHOST,SIG_GHOST,12,62,1,1,1.3583530929209622
GHOST,SIG_GHOST,12,63,1,3,1.361870850974158
GHOST,SIG_GHOST,12,64,1,2,0.9819143954820109
GHOST,SIG_GHOST,12,65,1,0,1.0519195397184273
GHOST,SIG_GHOST,12,66,1,0,1.3782281836251717
GHOST,SIG_GHOST,12,67,1,3,1.3647942152554389
GHOST,SIG_GHOST,12,68,1,3,1.3637032777011255
GHOST,SIG_GHOST,12,69,1,0,1.3808281208635376
GHOST,SIG_GHOST,12,70,1,0,1.347038138141187
GHOST,SIG_GHOST,12,71,1,2,1.3079269279318524
GHOST,SIG_GHOST,12,72,1,1,1.378312436999615
GHOST,SIG_GHOST,12,73,1,1,1.3192749642873312
GHOST,SIG_GHOST,12,74,1,1,1.3676993866625469
GHOST,SIG_GHOST,12,75,1,1,1.1592806554006871
GHOST,SIG_GHOST,12,76,1,3,1.3619931143906436
GHOST,SIG_GHOST,12,77,1,1,1.0188300206018135
GHOST,SIG_GHOST,12,78,1,1,1.188544385909477
GHOST,SIG_GHOST,12,79,1,0,1.3479024034521394
GHOST,SIG_GHOST,12,80,1,1,1.3463122506466896
GHOST,SIG_GHOST,12,81,1,2,1.3556631723615404
GHOST,SIG_GHOST,12,82,1,1,1.377995895602268
GHOST,SIG_GHOST,12,83,1,1,1.381971554352189
GHOST,SIG_GHOST,12,84,1,1,1.1887174104077154
GHOST,SIG_GHOST,12,85,1,1,1.0849712521262331
GHOST,SIG_GHOST,12,86,1,1,1.3206978727752894
GHOST,SIG_GHOST,12,87,1,2,1.359424304219309
GHOST,SIG_GHOST,12,88,1,1,1.0950866522744798
GHOST,SIG_GHOST,12,89,1,1,1.3398984657881754
GHOST,SIG_GHOST,12,90,1,1,1.3705311400596596
GHOST,SIG_GHOST,12,91,1,3,1.3557780802907047
GHOST,SIG_GHOST,12,92,1,1,1.3659025564708118
GHOST,SIG_GHOST,12,93,1,0,1.3609104450650638
GHOST,SIG_GHOST,12,94,1,2,1.3615755601763024
GHOST,SIG_GHOST,12,95,1,1,1.3455273455689614
GHOST,SIG_GHOST,12,96,1,3,1.3811477608539413
GHOST,SIG_GHOST,12,97,1,2,1.2395895047780692
GHOST,SIG_GHOST,12,98,1,3,1.366594348689253
GHOST,SIG_GHOST,12,99,1,0,1.0408059786653296
GHOST,SIG_GHOST,12,100,1,0,1.3321093698364443
GHOST,SIG_GHOST,12,101,1,1,1.092944060693097
GHOST,SIG_GHOST,12,102,1,3,1.3733618351679056
GHOST,SIG_GHOST,12,103,1,2,1.3619872294083508
GHOST,SIG_GHOST,12,104,1,1,1.3797111159365416
GHOST,SIG_GHOST,12,105,1,3,1.3471262979543406
GHOST,SIG_GHOST,12,106,1,0,0.9702373870828831
GHOST,SIG_GHOST,12,107,1,2,1.3776687849612814
GHOST,SIG_GHOST,12,108,1,3,1.3689395627171357
GHOST,SIG_GHOST,12,109,1,2,1.3739385895098846
GHOST,SIG_GHOST,12,110,1,2,1.3746374405916073
GHOST,SIG_GHOST,12,111,1,3,1.372438682687011
GHOST,SIG_GHOST,12,112,1,2,0.9778883465177058
GHOST,SIG_GHOST,12,113,1,1,1.3280681891782966
GHOST,SIG_GHOST,12,114,1,0,1.3479344375645728
GHOST,SIG_GHOST,12,115,1,1,1.3716574561550945
GHOST,SIG_GHOST,12,116,1,0,1.3643073677417
GHOST,SIG_GHOST,12,117,1,1,1.3734708595965364
GHOST,SIG_GHOST,12,118,1,0,1.3551154794914924
GHOST,SIG_GHOST,12,119,1,1,1.365345078108005
GHOST,SIG_GHOST,12,120,1,1,1.095262967038774
GHOST,SIG_GHOST,12,121,1,0,1.3555964374529883
GHOST,SIG_GHOST,12,122,1,2,1.0365262582845187
GHOST,SIG_GHOST,12,123,1,3,1.3717172424131236
GHOST,SIG_GHOST,12,124,1,3,1.0898853670771484
GHOST,SIG_GHOST,12,125,1,2,1.3493612911324977
GHOST,SIG_GHOST,12,126,1,2,1.1080757010036713
GHOST,SIG_GHOST,12,127,1,1,1.3733144627431872
GHOST,SIG_GHOST,12,128,1,0,1.366548037834053
GHOST,SIG_GHOST,12,129,1,0,1.3566786637206913
GHOST,SIG_GHOST,12,130,1,0,1.380467293695035
GHOST,SIG_GHOST,12,131,1,2,1.31214202131301
GHOST,SIG_GHOST,12,132,1,2,1.356369767619054
GHOST,SIG_GHOST,12,133,1,0,1.2590342035364894
GHOST,SIG_GHOST,12,134,1,1,1.3602884682733736
GHOST,SIG_GHOST,12,135,1,3,1.35906475807184
GHOST,SIG_GHOST,12,136,1,1,1.3352160442079077
GHOST,SIG_GHOST,12,137,1,1,1.057862870489151
GHOST,SIG_GHOST,12,138,1,3,1.0357730827134306
GHOST,SIG_GHOST,12,139,1,3,1.3513039303687617
GHOST,SIG_GHOST,12,140,1,3,1.368435735124035
GHOST,SIG_GHOST,12,141,1,1,1.2933816173494692
GHOST,SIG_GHOST,12,142,1,1,1.3175869808644436
GHOST,SIG_GHOST,12,143,1,2,1.3435728466146672
GHOST,SIG_GHOST,12,144,1,1,1.34435808989587
GHOST,SIG_GHOST,12,145,1,2,1.3573003983322856
GHOST,SIG_GHOST,12,146,1,3,1.0528308932017763
GHOST,SIG_GHOST,12,147,1,2,1.3740436195954124
GHOST,SIG_GHOST,12,148,1,2,1.3678720798713517
GHOST,SIG_GHOST,12,149,1,0,1.3326497167738838
GHOST,SIG_GHOST,12,150,1,3,1.3674847436434425
GHOST,SIG_GHOST,12,151,1,1,1.3603586213199907
GHOST,SIG_GHOST,12,152,1,1,1.3762571848504899
GHOST,SIG_GHOST,12,153,1,0,1.3743456225154425
GHOST,SIG_GHOST,12,154,1,3,1.3481670390333989
GHOST,SIG_GHOST,12,155,1,0,1.0476176471888856
GHOST,SIG_GHOST,12,156,1,2,1.3727764018023725
GHOST,SIG_GHOST,12,157,1,0,1.361041960969601
GHOST,SIG_GHOST,12,158,1,0,1.3568137360527246
GHOST,SIG_GHOST,12,159,1,0,1.380359409740442
GHOST,SIG_GHOST,12,160,1,1,0.5471195614561108
GHOST,SIG_GHOST,12,161,1,3,1.0075569735209216
GHOST,SIG_GHOST,12,162,1,2,1.3520211255392887
GHOST,SIG_GHOST,12,163,1,0,1.3536336805339437
GHOST,SIG_GHOST,12,164,1,1,0.9553552789068851
GHOST,SIG_GHOST,12,165,1,2,1.3707082679463973
GHOST,SIG_GHOST,12,166,1,3,1.1672163969272504
GHOST,SIG_GHOST,12,167,1,1,1.3716386798194167
GHOST,SIG_GHOST,12,168,1,3,1.0869405722220455
GHOST,SIG_GHOST,12,169,1,3,1.3477152200957487
GHOST,SIG_GHOST,12,170,1,3,1.1300126481494155
GHOST,SIG_GHOST,12,171,1,0,1.3612187058540908
GHOST,SIG_GHOST,12,172,1,0,1.1331980538850834
GHOST,SIG_GHOST,12,173,1,3,1.3684156318911262
GHOST,SIG_GHOST,12,174,1,3,1.195091721571718
GHOST,SIG_GHOST,12,175,1,3,1.3541620393800797
GHOST,SIG_GHOST,12,176,1,2,1.3333506538777837
GHOST,SIG_GHOST,12,177,1,1,1.3457616338809146
GHOST,SIG_GHOST,12,178,1,3,1.1809379743536037
GHOST,SIG_GHOST,12,179,1,2,1.3599496224736582
GHOST,SIG_GHOST,12,180,1,2,1.3777430680412928
GHOST,SIG_GHOST,12,181,1,1,1.1343025596184928
GHOST,SIG_GHOST,12,182,1,1,1.3679327701105912
GHOST,SIG_GHOST,12,183,1,2,1.273182340749359
GHOST,SIG_GHOST,12,184,1,2,1.381004618284548
GHOST,SIG_GHOST,12,185,1,3,1.0226171751749895
GHOST,SIG_GHOST,12,186,1,0,1.3404466510565731
GHOST,SIG_GHOST,12,187,1,0,1.345335332352934
GHOST,SIG_GHOST,12,188,1,3,1.3745661609238717
GHOST,SIG_GHOST,12,189,1,0,1.222925348288272
GHOST,SIG_GHOST,12,190,1,2,1.235999364853738
GHOST,SIG_GHOST,12,191,1,3,1.3192872686414279
GHOST,SIG_GHOST,12,192,1,2,1.3720834472361507
GHOST,SIG_GHOST,12,193,1,3,1.3320872226158689
GHOST,SIG_GHOST,12,194,1,3,1.3513945796288835
GHOST,SIG_GHOST,12,195,1,3,1.2312961868797236
GHOST,SIG_GHOST,12,196,1,2,0.9324227168210922
GHOST,SIG_GHOST,12,197,1,2,1.3580507241033897
GHOST,SIG_GHOST,12,198,1,0,1.211519138540216
GHOST,SIG_GHOST,12,199,1,2,1.3419665690480544
GHOST,SIG_GHOST,13,0,1,0,1.1780561289396896
GHOST,SIG_GHOST,13,1,1,1,1.3763469367259464
GHOST,SIG_GHOST,13,2,1,0,1.1269930153592815
GHOST,SIG_GHOST,13,3,1,2,1.3821873171781567
GHOST,SIG_GHOST,13,4,1,3,1.2140961413840567
GHOST,SIG_GHOST,13,5,1,1,1.351352830872818
GHOST,SIG_GHOST,13,6,1,0,1.3466603473055565
GHOST,SIG_GHOST,13,7,1,0,1.3188005070260513
GHOST,SIG_GHOST,13,8,1,0,1.3702797055102356
GHOST,SIG_GHOST,13,9,1,3,1.3762008851018437
GHOST,SIG_GHOST,13,10,1,1,1.2839837133607135
GHOST,SIG_GHOST,13,11,1,1,1.3757565600065775
GHOST,SIG_GHOST,13,12,1,3,1.3719492508887283
GHOST,SIG_GHOST,13,13,1,2,1.3801777904113601
GHOST,SIG_GHOST,13,14,1,1,1.346926889525315
GHOST,SIG_GHOST,13,15,1,3,1.3605570020751903
GHOST,SIG_GHOST,13,16,1,2,1.1114772513668514
GHOST,SIG_GHOST,13,17,1,0,1.3580467252591513
GHOST,SIG_GHOST,13,18,1,2,1.362780451703547
GHOST,SIG_GHOST,13,19,1,1,1.2645536745794954
GHOST,SIG_GHOST,13,20,1,1,1.3657699093445046
GHOST,SIG_GHOST,13,21,1,1,1.3781422627994124
GHOST,SIG_GHOST,13,22,1,3,1.0260090363585705
GHOST,SIG_GHOST,13,23,1,0,1.3510130572389496
GHOST,SIG_GHOST,13,24,1,1,1.3723992162665675
GHOST,SIG_GHOST,13,25,1,2,1.0601732025348558
GHOST,SIG_GHOST,13,26,1,1,1.112568310961609
GHOST,SIG_GHOST,13,27,1,0,1.377237065026346
GHOST,SIG_GHOST,13,28,1,3,1.3626924204538202
GHOST,SIG_GHOST,13,29,1,0,1.3842150007669312
GHOST,SIG_GHOST,13,30,1,3,1.1688661783195895
GHOST,SIG_GHOST,13,31,1,0,1.3750416967410912
GHOST,SIG_GHOST,13,32,1,1,1.3771150484304786
GHOST,SIG_GHOST,13,33,1,1,1.2624744611150074
GHOST,SIG_GHOST,13,34,1,2,1.3505177338376537
GHOST,SIG_GHOST,13,35,1,1,1.3708930391532013
GHOST,SIG_GHOST,13,36,1,1,1.3831577632764496
GHOST,SIG_GHOST,13,37,1,2,1.3460806310576645
GHOST,SIG_GHOST,13,38,1,2,1.324901856766318
GHOST,SIG_GHOST,13,39,1,3,1.3838477312825908
GHOST,SIG_GHOST,13,40,1,0,1.347483307057824
GHOST,SIG_GHOST,13,41,1,2,1.3744179289715581
GHOST,SIG_GHOST,13,42,1,3,1.1954327220598948
GHOST,SIG_GHOST,13,43,1,0,1.3115892433873828
GHOST,SIG_GHOST,13,44,1,2,1.3758030220582325
GHOST,SIG_GHOST,13,45,1,3,1.3017862793186823
GHOST,SIG_GHOST,13,46,1,3,1.313909344208949
GHOST,SIG_GHOST,13,47,1,0,1.3748691400783946
GHOST,SIG_GHOST,13,48,1,2,0.9869691152616824
GHOST,SIG_GHOST,13,49,1,0,1.10823320272929
GHOST,SIG_GHOST,13,50,1,0,1.2907950156210632
GHOST,SIG_GHOST,13,51,1,2,1.2027074118350176
GHOST,SIG_GHOST,13,52,1,3,1.353350157443647
GHOST,SIG_GHOST,13,53,1,1,1.3230880590279142
GHOST,SIG_GHOST,13,54,1,1,1.2330850192846061
GHOST,SIG_GHOST,13,55,1,1,1.3009875838134028
GHOST,SIG_GHOST,13,56,1,0,1.3405032377253616
GHOST,SIG_GHOST,13,57,1,2,1.3366005248259758
GHOST,SIG_GHOST,13,58,1,3,1.3397711023961762
GHOST,SIG_GHOST,13,59,1,1,1.3770881430935453
GHOST,SIG_GHOST,13,60,1,1,1.204394720364164
GHOST,SIG_GHOST,13,61,1,1,1.3710691327169282
GHOST,SIG_GHOST,13,62,1,1,1.3792902415040647
GHOST,SIG_GHOST,13,63,1,0,0.7093712292235858
GHOST,SIG_GHOST,13,64,1,2,1.3742557525941466
GHOST,SIG_GHOST,13,65,1,1,1.3561780760728261
GHOST,SIG_GHOST,13,66,1,1,1.3774760259604133
GHOST,SIG_GHOST,13,67,1,3,1.3481976545480254
GHOST,SIG_GHOST,13,68,1,1,1.3558001322903992
GHOST,SIG_GHOST,13,69,1,0,0.8661932751625994
GHOST,SIG_GHOST,13,70,1,3,1.3755864431798945
GHOST,SIG_GHOST,13,71,1,1,1.3487125160850852
GHOST,SIG_GHOST,13,72,1,1,1.0222508941705823
GHOST,SIG_GHOST,13,73,1,1,1.366397442466667
GHOST,SIG_GHOST,13,74,1,1,1.3804854476757344
GHOST,SIG_GHOST,13,75,1,2,1.3455649941301386
GHOST,SIG_GHOST,13,76,1,2,1.3544704167790065
GHOST,SIG_GHOST,13,77,1,2,1.349222549406782
GHOST,SIG_GHOST,13,78,1,0,1.3684605067272282
GHOST,SIG_GHOST,13,79,1,0,1.369380992251317
GHOST,SIG_GHOST,13,80,1,1,1.110463868661704
GHOST,SIG_GHOST,13,81,1,1,1.3068182173295075
GHOST,SIG_GHOST,13,82,1,1,1.3363191101570506
GHOST,SIG_GHOST,13,83,1,3,1.2592633589087543
GHOST,SIG_GHOST,13,84,1,0,1.3588652392926943
GHOST,SIG_GHOST,13,85,1,3,0.9609330023003101
GHOST,SIG_GHOST,13,86,1,3,1.368456163455268
GHOST,SIG_GHOST,13,87,1,1,1.3800618448289346
GHOST,SIG_GHOST,13,88,1,1,1.3718258796094667
GHOST,SIG_GHOST,13,89,1,1,1.3389245068671067
GHOST,SIG_GHOST,13,90,1,1,1.3828933680853206
GHOST,SIG_GHOST,13,91,1,0,1.351933310744374
GHOST,SIG_GHOST,13,92,1,1,1.3614575078050133
GHOST,SIG_GHOST,13,93,1,0,1.382179823954254
GHOST,SIG_GHOST,13,94,1,2,1.3469017969870993
GHOST,SIG_GHOST,13,95,1,2,1.3786596522677668
GHOST,SIG_GHOST,13,96,1,2,1.370884661664787
GHOST,SIG_GHOST,13,97,1,1,1.335674121952946
GHOST,SIG_GHOST,13,98,1,3,1.1900825279922123
GHOST,SIG_GHOST,13,99,1,2,1.3195076740771121
GHOST,SIG_GHOST,13,100,1,2,1.3538835931233648
GHOST,SIG_GHOST,13,101,1,3,1.3462374084311577
GHOST,SIG_GHOST,13,102,1,3,1.0420234174391694
GHOST,SIG_GHOST,13,103,1,0,1.3355554144004822
GHOST,SIG_GHOST,13,104,1,3,1.2935809540040903
GHOST,SIG_GHOST,13,105,1,0,1.377216600123933
GHOST,SIG_GHOST,13,106,1,0,1.303690225620222
GHOST,SIG_GHOST,13,107,1,3,1.323564063782391
GHOST,SIG_GHOST,13,108,1,2,1.367748142099517
GHOST,SIG_GHOST,13,109,1,0,1.3446135565228436
GHOST,SIG_GHOST,13,110,1,2,1.313628035837182
GHOST,SIG_GHOST,13,111,1,3,1.1195752327688335
GHOST,SIG_GHOST,13,112,1,1,1.3209837985250807
GHOST,SIG_GHOST,13,113,1,1,1.347439649511057
GHOST,SIG_GHOST,13,114,1,1,1.3839164960774917
GHOST,SIG_GHOST,13,115,1,0,1.3577551034166135
GHOST,SIG_GHOST,13,116,1,2,1.3674800145264658
GHOST,SIG_GHOST,13,117,1,3,1.3683306132023036
GHOST,SIG_GHOST,13,118,1,3,1.0196933927970362
GHOST,SIG_GHOST,13,119,1,1,1.3634794888004673
GHOST,SIG_GHOST,13,120,1,1,1.3839468295856256
GHOST,SIG_GHOST,13,121,1,1,1.3718577838744812
GHOST,SIG_GHOST,13,122,1,0,1.366603388591123
GHOST,SIG_GHOST,13,123,1,1,1.3492281433559241
GHOST,SIG_GHOST,13,124,1,1,1.3657856740020704
GHOST,SIG_GHOST,13,125,1,1,1.1586420739345042
GHOST,SIG_GHOST,13,126,1,1,1.0362605118438684
GHOST,SIG_GHOST,13,127,1,1,1.3670519634045781
GHOST,SIG_GHOST,13,128,1,3,1.3361327995723
GHOST,SIG_GHOST,13,129,1,1,1.3627832880845339
GHOST,SIG_GHOST,13,130,1,2,1.3559441326326453
GHOST,SIG_GHOST,13,131,1,0,1.380515510879909
GHOST,SIG_GHOST,13,132,1,0,1.3689141847543318
GHOST,SIG_GHOST,13,133,1,1,1.128263218161737
GHOST,SIG_GHOST,13,134,1,1,1.3820892094039403
GHOST,SIG_GHOST,13,135,1,1,1.352484252888534
GHOST,SIG_GHOST,13,136,1,1,1.3747255821982314
GHOST,SIG_GHOST,13,137,1,3,1.3406569461997329
GHOST,SIG_GHOST,13,138,1,3,1.3572368596779019
GHOST,SIG_GHOST,13,139,1,2,1.2812898349368393
GHOST,SIG_GHOST,13,140,1,1,1.3717133899524583
GHOST,SIG_GHOST,13,141,1,2,1.3747902131155065
GHOST,SIG_GHOST,13,142,1,3,1.3678630443897357
GHOST,SIG_GHOST,13,143,1,2,1.3838184889460408
GHOST,SIG_GHOST,13,144,1,2,0.9957901648657275
GHOST,SIG_GHOST,13,145,1,0,1.375851219415688
GHOST,SIG_GHOST,13,146,1,3,1.2990029260640958
GHOST,SIG_GHOST,13,147,1,2,1.3854748802204906
GHOST,SIG_GHOST,13,148,1,3,1.3780330763949156
GHOST,SIG_GHOST,13,149,1,2,1.125938481687258
GHOST,SIG_GHOST,13,150,1,0,1.3330699839673583
GHOST,SIG_GHOST,13,151,1,1,1.3772890730733538
GHOST,SIG_GHOST,13,152,1,0,1.3734662237521513
GHOST,SIG_GHOST,13,153,1,3,1.1919107385017849
GHOST,SIG_GHOST,13,154,1,1,1.1827832531178153
GHOST,SIG_GHOST,13,155,1,1,1.2063720428512186
GHOST,SIG_GHOST,13,156,1,2,1.0778994989231685
GHOST,SIG_GHOST,13,157,1,0,1.3622390202988583
GHOST,SIG_GHOST,13,158,1,0,1.1794800281007554
GHOST,SIG_GHOST,13,159,1,0,1.3815723879134292
GHOST,SIG_GHOST,13,160,1,1,1.2158895868698283
GHOST,SIG_GHOST,13,161,1,1,1.0039450699191879
GHOST,SIG_GHOST,13,162,1,0,1.3795973882627723
GHOST,SIG_GHOST,13,163,1,0,1.3601322205009132
GHOST,SIG_GHOST,13,164,1,3,1.3773383052889034
GHOST,SIG_GHOST,13,165,1,1,1.3544936802542347
GHOST,SIG_GHOST,13,166,1,1,1.370094087614577
GHOST,SIG_GHOST,13,167,1,0,1.1349874338197137
GHOST,SIG_GHOST,13,168,1,1,1.0497108486373106
GHOST,SIG_GHOST,13,169,1,3,1.3486230124338836
GHOST,SIG_GHOST,13,170,1,3,1.3704470327717169
GHOST,SIG_GHOST,13,171,1,0,1.3390525249705045
GHOST,SIG_GHOST,13,172,1,1,1.1691325065291727
GHOST,SIG_GHOST,13,173,1,2,1.3735976595661405
GHOST,SIG_GHOST,13,174,1,0,1.3692482292581087
GHOST,SIG_GHOST,13,175,1,3,1.0883408857867947
GHOST,SIG_GHOST,13,176,1,1,1.1985591365083677
GHOST,SIG_GHOST,13,177,1,0,1.3582753719852114
GHOST,SIG_GHOST,13,178,1,1,1.1812165062456619
GHOST,SIG_GHOST,13,179,1,3,1.3256778761699537
GHOST,SIG_GHOST,13,180,1,1,1.336528130694411
GHOST,SIG_GHOST,13,181,1,0,1.3779194893635247
GHOST,SIG_GHOST,13,182,1,0,1.3705205415949622
GHOST,SIG_GHOST,13,183,1,1,1.3621818115152375
GHOST,SIG_GHOST,13,184,1,3,1.177074546056224
GHOST,SIG_GHOST,13,185,1,3,1.3277394066584027
GHOST,SIG_GHOST,13,186,1,0,1.321342497532441
GHOST,SIG_GHOST,13,187,1,0,1.1896811023981042
GHOST,SIG_GHOST,13,188,1,0,1.2719283865857154
GHOST,SIG_GHOST,13,189,1,3,1.3652610736341704
GHOST,SIG_GHOST,13,190,1,2,1.3469822139000862
GHOST,SIG_GHOST,13,191,1,1,1.208982239195316
GHOST,SIG_GHOST,13,192,1,0,1.3819096290255786
GHOST,SIG_GHOST,13,193,1,2,1.3037865677731493
GHOST,SIG_GHOST,13,194,1,0,1.3709576831115746
GHOST,SIG_GHOST,13,195,1,0,1.3269129465301686
GHOST,SIG_GHOST,13,196,1,2,1.381548810261618
GHOST,SIG_GHOST,13,197,1,2,1.3762415415106197
GHOST,SIG_GHOST,13,198,1,3,0.8983403332371543
GHOST,SIG_GHOST,13,199,1,2,1.353053960680316
GHOST,SIG_GHOST,14,0,1,3,1.3720308009500768
GHOST,SIG_GHOST,14,1,1,2,1.3634948854446276
GHOST,SIG_GHOST,14,2,1,3,1.3725636956066019
GHOST,SIG_GHOST,14,3,1,2,1.1568097698096098
GHOST,SIG_GHOST,14,4,1,2,1.2293057580558397
GHOST,SIG_GHOST,14,5,1,2,1.3691075257138972
GHOST,SIG_GHOST,14,6,1,1,0.9998243862695435
GHOST,SIG_GHOST,14,7,1,2,1.347970382106078
GHOST,SIG_GHOST,14,8,1,3,1.366817880569626
GHOST,SIG_GHOST,14,9,1,2,1.2310090455948346
GHOST,SIG_GHOST,14,10,1,2,1.2380986077745548
GHOST,SIG_GHOST,14,11,1,2,1.1835798928683208
GHOST,SIG_GHOST,14,12,1,0,1.3773120635058997
GHOST,SIG_GHOST,14,13,1,0,1.3605212541445733
GHOST,SIG_GHOST,14,14,1,2,1.3716376453494468
GHOST,SIG_GHOST,14,15,1,0,1.3510807770915039
GHOST,SIG_GHOST,14,16,1,0,1.2315569777383872
GHOST,SIG_GHOST,14,17,1,0,1.382480379309041
GHOST,SIG_GHOST,14,18,1,1,1.3515005985393582
GHOST,SIG_GHOST,14,19,1,2,1.0706127316104732
GHOST,SIG_GHOST,14,20,1,0,1.3723838483438282
GHOST,SIG_GHOST,14,21,1,1,1.3541302909796855
GHOST,SIG_GHOST,14,22,1,1,1.3454252846977663
GHOST,SIG_GHOST,14,23,1,3,1.2499111757322328
GHOST,SIG_GHOST,14,24,1,3,1.3571996102799808
GHOST,SIG_GHOST,14,25,1,0,1.3761135001614841
GHOST,SIG_GHOST,14,26,1,1,1.3830487109514102
GHOST,SIG_GHOST,14,27,1,0,1.3378533493981044
GHOST,SIG_GHOST,14,28,1,3,1.3641766700898217
GHOST,SIG_GHOST,14,29,1,0,1.1469668208651065
GHOST,SIG_GHOST,14,30,1,0,1.3523177935818504
GHOST,SIG_GHOST,14,31,1,0,1.3849776589479554
GHOST,SIG_GHOST,14,32,1,3,1.3510648985226394
GHOST,SIG_GHOST,14,33,1,3,1.3479386947318757
GHOST,SIG_GHOST,14,34,1,0,1.379484141896337
GHOST,SIG_GHOST,14,35,1,3,1.3821225581982595
GHOST,SIG_GHOST,14,36,1,0,1.3572031826406479
GHOST,SIG_GHOST,14,37,1,1,1.3744708893347073
GHOST,SIG_GHOST,14,38,1,0,1.3337682494540806
GHOST,SIG_GHOST,14,39,1,2,1.1527019890065615
GHOST,SIG_GHOST,14,40,1,3,1.1364777973454658
GHOST,SIG_GHOST,14,41,1,2,1.3785943198366066
GHOST,SIG_GHOST,14,42,1,0,1.357726830173533
GHOST,SIG_GHOST,14,43,1,0,1.348477234455788
GHOST,SIG_GHOST,14,44,1,1,1.151446030259247
GHOST,SIG_GHOST,14,45,1,3,1.3589083388509908
GHOST,SIG_GHOST,14,46,1,3,1.1898596899313048
GHOST,SIG_GHOST,14,47,1,0,1.3644931500069644
GHOST,SIG_GHOST,14,48,1,1,1.3434548834866458
GHOST,SIG_GHOST,14,49,1,3,1.3781000712504439
GHOST,SIG_GHOST,14,50,1,0,1.3842781327060936
GHOST,SIG_GHOST,14,51,1,0,1.143802224568729
GHOST,SIG_GHOST,14,52,1,0,1.362948247438275
GHOST,SIG_GHOST,14,53,1,1,1.1450994980587927
GHOST,SIG_GHOST,14,54,1,3,1.3499892275568266
GHOST,SIG_GHOST,14,55,1,3,1.17948649336317
GHOST,SIG_GHOST,14,56,1,2,1.0937646914760424
GHOST,SIG_GHOST,14,57,1,2,1.233590629684554
GHOST,SIG_GHOST,14,58,1,2,1.3579725049732174
GHOST,SIG_GHOST,14,59,1,1,1.3759558533311136
GHOST,SIG_GHOST,14,60,1,1,1.3660946655233586
GHOST,SIG_GHOST,14,61,1,0,1.341286254285181
GHOST,SIG_GHOST,14,62,1,0,1.3620988912654335
GHOST,SIG_GHOST,14,63,1,2,1.240926771500886
GHOST,SIG_GHOST,14,64,1,1,1.3704319711294761
GHOST,SIG_GHOST,14,65,1,2,1.3641928343586307
GHOST,SIG_GHOST,14,66,1,3,1.0571514238749433
GHOST,SIG_GHOST,14,67,1,1,1.3408227505858388
GHOST,SIG_GHOST,14,68,1,3,1.2195239215005818
GHOST,SIG_GHOST,14,69,1,0,1.3308947379653784
GHOST,SIG_GHOST,14,70,1,3,1.3789894387430062
GHOST,SIG_GHOST,14,71,1,3,1.299349030136914
GHOST,SIG_GHOST,14,72,1,1,1.3854186609977865
GHOST,SIG_GHOST,14,73,1,0,1.3799191129059354
GHOST,SIG_GHOST,14,74,1,1,1.3788628909591631
GHOST,SIG_GHOST,14,75,1,3,1.3645839905681132
GHOST,SIG_GHOST,14,76,1,3,1.3523307982005353
GHOST,SIG_GHOST,14,77,1,0,1.365528749899397
GHOST,SIG_GHOST,14,78,1,0,1.3356876934946347
GHOST,SIG_GHOST,14,79,1,0,1.3480599522789687
GHOST,SIG_GHOST,14,80,1,2,1.037668193977687
GHOST,SIG_GHOST,14,81,1,0,1.3573335286389696
GHOST,SIG_GHOST,14,82,1,0,1.3619734987003254
GHOST,SIG_GHOST,14,83,1,1,1.3346355780014463
GHOST,SIG_GHOST,14,84,1,2,1.346038684404292
GHOST,SIG_GHOST,14,85,1,1,1.360109047382793
GHOST,SIG_GHOST,14,86,1,1,1.3736533962011723
GHOST,SIG_GHOST,14,87,1,1,1.3809423527553593
GHOST,SIG_GHOST,14,88,1,3,1.3421271465255793
GHOST,SIG_GHOST,14,89,1,3,1.3401544241022596
GHOST,SIG_GHOST,14,90,1,1,1.0980277467102328
GHOST,SIG_GHOST,14,91,1,1,1.3771944732129946
GHOST,SIG_GHOST,14,92,1,2,1.3737666994243327
GHOST,SIG_GHOST,14,93,1,0,1.3838433842106093
GHOST,SIG_GHOST,14,94,1,1,1.1404317827937493
GHOST,SIG_GHOST,14,95,1,1,1.378503684765576
GHOST,SIG_GHOST,14,96,1,2,1.15208393944034
GHOST,SIG_GHOST,14,97,1,2,1.3788805234273005
GHOST,SIG_GHOST,14,98,1,1,1.3516383664908078
GHOST,SIG_GHOST,14,99,1,2,1.1968215514605152
GHOST,SIG_GHOST,14,100,1,1,1.3633520616112451
GHOST,SIG_GHOST,14,101,1,1,1.3604931923250123
GHOST,SIG_GHOST,14,102,1,1,1.331555656122891
GHOST,SIG_GHOST,14,103,1,1,1.374113400328497
GHOST,SIG_GHOST,14,104,1,1,1.3392557714485498
GHOST,SIG_GHOST,14,105,1,0,1.3385901783130085
GHOST,SIG_GHOST,14,106,1,1,1.350217408487523
GHOST,SIG_GHOST,14,107,1,3,1.3210868527506745
GHOST,SIG_GHOST,14,108,1,1,1.3504841743178742
GHOST,SIG_GHOST,14,109,1,3,1.375753960788229
GHOST,SIG_GHOST,14,110,1,0,1.3721900325364726
GHOST,SIG_GHOST,14,111,1,3,1.3688718891859701
GHOST,SIG_GHOST,14,112,1,2,1.3492910132210811
GHOST,SIG_GHOST,14,113,1,1,1.366193678974479
GHOST,SIG_GHOST,14,114,1,3,1.322075512162039
GHOST,SIG_GHOST,14,115,1,2,1.338406125653979
GHOST,SIG_GHOST,14,116,1,0,1.3789262493990981
GHOST,SIG_GHOST,14,117,1,2,1.3673271741210917
GHOST,SIG_GHOST,14,118,1,1,1.0148901732279896
GHOST,SIG_GHOST,14,119,1,3,0.9609752396407143
GHOST,SIG_GHOST,14,120,1,1,1.3330412289014075
GHOST,SIG_GHOST,14,121,1,2,1.3774057274063076
GHOST,SIG_GHOST,14,122,1,3,1.3461464463681625
GHOST,SIG_GHOST,14,123,1,1,1.2090597750282543
GHOST,SIG_GHOST,14,124,1,1,1.3584987059857254
GHOST,SIG_GHOST,14,125,1,0,1.3483408893064497
GHOST,SIG_GHOST,14,126,1,1,1.3754649710170679
GHOST,SIG_GHOST,14,127,1,2,1.1939783571486162
GHOST,SIG_GHOST,14,128,1,0,1.353048387682448
GHOST,SIG_GHOST,14,129,1,0,1.0969749018885153
GHOST,SIG_GHOST,14,130,1,2,1.3699800198969856
GHOST,SIG_GHOST,14,131,1,0,1.3447957305060787
GHOST,SIG_GHOST,14,132,1,1,1.3357871055548727
GHOST,SIG_GHOST,14,133,1,1,1.2799006299550852
GHOST,SIG_GHOST,14,134,1,1,1.1592402110287539
GHOST,SIG_GHOST,14,135,1,1,1.378719871290813
GHOST,SIG_GHOST,14,136,1,3,1.3629083599054788
GHOST,SIG_GHOST,14,137,1,0,1.2476902708735553
GHOST,SIG_GHOST,14,138,1,2,1.1666195839536047
GHOST,SIG_GHOST,14,139,1,2,1.355103155979751
GHOST,SIG_GHOST,14,140,1,3,1.350957341491425
GHOST,SIG_GHOST,14,141,1,2,1.2680386915548651
GHOST,SIG_GHOST,14,142,1,1,1.3696715895963436
GHOST,SIG_GHOST,14,143,1,1,1.3623215476883095
GHOST,SIG_GHOST,14,144,1,0,1.3633694512824004
GHOST,SIG_GHOST,14,145,1,3,1.3812340371336262
GHOST,SIG_GHOST,14,146,1,2,1.304229393302124
GHOST,SIG_GHOST,14,147,1,0,1.3762908136693206
GHOST,SIG_GHOST,14,148,1,0,1.3680346022751122
GHOST,SIG_GHOST,14,149,1,3,0.932106213983298
GHOST,SIG_GHOST,14,150,1,0,1.3306436787395677
GHOST,SIG_GHOST,14,151,1,0,1.1198869335020616
GHOST,SIG_GHOST,14,152,1,0,1.3739803794493186
GHOST,SIG_GHOST,14,153,1,1,1.1223181928331354
GHOST,SIG_GHOST,14,154,1,1,1.3748907645551105
GHOST,SIG_GHOST,14,155,1,1,1.2455464804677017
GHOST,SIG_GHOST,14,156,1,3,1.3680152151508096
GHOST,SIG_GHOST,14,157,1,0,0.9875760302082629
GHOST,SIG_GHOST,14,158,1,2,0.9720672746145319
GHOST,SIG_GHOST,14,159,1,3,1.3294401091974926
GHOST,SIG_GHOST,14,160,1,1,1.0250695825340541
GHOST,SIG_GHOST,14,161,1,2,1.3711604784618217
GHOST,SIG_GHOST,14,162,1,1,1.321062663585813
GHOST,SIG_GHOST,14,163,1,2,1.3684141519798378
GHOST,SIG_GHOST,14,164,1,2,0.9900101404146873
GHOST,SIG_GHOST,14,165,1,2,1.1501052192044945
GHOST,SIG_GHOST,14,166,1,2,1.170240606280839
GHOST,SIG_GHOST,14,167,1,3,1.3801232294902888
GHOST,SIG_GHOST,14,168,1,2,1.3438096423294086
GHOST,SIG_GHOST,14,169,1,0,1.351940644110234
GHOST,SIG_GHOST,14,170,1,3,1.366723588198339
GHOST,SIG_GHOST,14,171,1,1,1.3700070911232487
GHOST,SIG_GHOST,14,172,1,3,1.3790784119839328
GHOST,SIG_GHOST,14,173,1,1,1.3729183819862072
GHOST,SIG_GHOST,14,174,1,3,0.9829019564117877
GHOST,SIG_GHOST,14,175,1,2,1.0945565588031827
GHOST,SIG_GHOST,14,176,1,2,1.3620164328387208
GHOST,SIG_GHOST,14,177,1,2,1.3712241649130688
GHOST,SIG_GHOST,14,178,1,2,1.317381211022961
GHOST,SIG_GHOST,14,179,1,1,1.352219591104172
GHOST,SIG_GHOST,14,180,1,3,1.3837769412268865
GHOST,SIG_GHOST,14,181,1,0,1.0151219747254425
GHOST,SIG_GHOST,14,182,1,3,1.1908032436117637
GHOST,SIG_GHOST,14,183,1,1,1.1946021360774282
GHOST,SIG_GHOST,14,184,1,2,1.3603596814941072
GHOST,SIG_GHOST,14,185,1,0,1.3736985414163094
GHOST,SIG_GHOST,14,186,1,1,1.384671005863361
GHOST,SIG_GHOST,14,187,1,1,1.3789319216602607
GHOST,SIG_GHOST,14,188,1,2,1.3707686404034238
GHOST,SIG_GHOST,14,189,1,1,1.3632582935391757
GHOST,SIG_GHOST,14,190,1,3,1.3578109782724912
GHOST,SIG_GHOST,14,191,1,3,1.3746873447412395
GHOST,SIG_GHOST,14,192,1,2,1.3698469665608108
GHOST,SIG_GHOST,14,193,1,1,1.3808221888356564
GHOST,SIG_GHOST,14,194,1,2,1.3464326727528946
GHOST,SIG_GHOST,14,195,1,0,1.3582032548497376
GHOST,SIG_GHOST,14,196,1,1,1.3823700767145475
GHOST,SIG_GHOST,14,197,1,2,1.199454836461852
GHOST,SIG_GHOST,14,198,1,3,1.3571211990003187
GHOST,SIG_GHOST,14,199,1,2,1.349115322595674
GHOST,SIG_GHOST,15,0,1,1,1.364561451759831
GHOST,SIG_GHOST,15,1,1,2,1.3731150913711128
GHOST,SIG_GHOST,15,2,1,0,1.3610566538256081
GHOST,SIG_GHOST,15,3,1,3,1.3602048258164432
GHOST,SIG_GHOST,15,4,1,1,1.1461968731080976
GHOST,SIG_GHOST,15,5,1,2,1.1948099330067568
GHOST,SIG_GHOST,15,6,1,2,1.3480985707762194
GHOST,SIG_GHOST,15,7,1,2,1.354535310189045
GHOST,SIG_GHOST,15,8,1,3,1.357647919725216
GHOST,SIG_GHOST,15,9,1,2,1.2998198517546968
GHOST,SIG_GHOST,15,10,1,1,1.3215443104318252
GHOST,SIG_GHOST,15,11,1,2,1.3542527198885326
GHOST,SIG_GHOST,15,12,1,1,1.3653753063864082
GHOST,SIG_GHOST,15,13,1,2,1.3350399481648032
GHOST,SIG_GHOST,15,14,1,1,1.3754358069565422
GHOST,SIG_GHOST,15,15,1,3,1.3737119355686684
GHOST,SIG_GHOST,15,16,1,3,1.3715300535283346
GHOST,SIG_GHOST,15,17,1,0,1.3712035400852092
GHOST,SIG_GHOST,15,18,1,3,1.3804658089937547
GHOST,SIG_GHOST,15,19,1,1,1.3776969845496823
GHOST,SIG_GHOST,15,20,1,1,1.350971795935258
GHOST,SIG_GHOST,15,21,1,0,1.3783464478186713
GHOST,SIG_GHOST,15,22,1,3,1.3462694156589872
GHOST,SIG_GHOST,15,23,1,3,1.377392564929337
GHOST,SIG_GHOST,15,24,1,2,1.3492888146207156
GHOST,SIG_GHOST,15,25,1,1,1.3168872672474532
GHOST,SIG_GHOST,15,26,1,1,1.3724002926548837
GHOST,SIG_GHOST,15,27,1,3,1.3466323397100517
GHOST,SIG_GHOST,15,28,1,1,1.3808028649474147
GHOST,SIG_GHOST,15,29,1,3,1.1953051066709675
GHOST,SIG_GHOST,15,30,1,2,1.059356209510175
GHOST,SIG_GHOST,15,31,1,1,1.3539500019024397
GHOST,SIG_GHOST,15,32,1,0,1.0431581962159897
GHOST,SIG_GHOST,15,33,1,0,1.3507361518801893
GHOST,SIG_GHOST,15,34,1,2,1.3602641420729014
GHOST,SIG_GHOST,15,35,1,3,1.3463357973896746
GHOST,SIG_GHOST,15,36,1,1,1.3153136481134808
GHOST,SIG_GHOST,15,37,1,1,1.380408317753616
GHOST,SIG_GHOST,15,38,1,3,1.183416484115468
GHOST,SIG_GHOST,15,39,1,0,1.3482733021739601
GHOST,SIG_GHOST,15,40,1,1,1.358097737492627
GHOST,SIG_GHOST,15,41,1,2,1.3569299705752234
GHOST,SIG_GHOST,15,42,1,3,1.3533418099922256
GHOST,SIG_GHOST,15,43,1,3,1.3185618832387345
GHOST,SIG_GHOST,15,44,1,1,1.3686471695784275
GHOST,SIG_GHOST,15,45,1,3,1.361182268644471
GHOST,SIG_GHOST,15,46,1,0,1.3510992779522755
GHOST,SIG_GHOST,15,47,1,3,1.377151016313021
GHOST,SIG_GHOST,15,48,1,2,1.3834294948381771
GHOST,SIG_GHOST,15,49,1,2,1.3689865302715276
GHOST,SIG_GHOST,15,50,1,1,1.3321411658235522
GHOST,SIG_GHOST,15,51,1,3,1.371676994590796
GHOST,SIG_GHOST,15,52,1,3,1.3819459545616128
GHOST,SIG_GHOST,15,53,1,1,1.3804176335646103
GHOST,SIG_GHOST,15,54,1,3,1.3705290974106754
GHOST,SIG_GHOST,15,55,1,2,1.369186009882465
GHOST,SIG_GHOST,15,56,1,0,1.1614013354693529
GHOST,SIG_GHOST,15,57,1,0,1.2556148315034936
GHOST,SIG_GHOST,15,58,1,3,1.332975599505993
GHOST,SIG_GHOST,15,59,1,0,1.2645990571603565
GHOST,SIG_GHOST,15,60,1,3,1.3550279086165926
GHOST,SIG_GHOST,15,61,1,1,1.2110874683679216
GHOST,SIG_GHOST,15,62,1,1,1.313327442605851
GHOST,SIG_GHOST,15,63,1,2,1.1930968706799994
GHOST,SIG_GHOST,15,64,1,3,1.0511638064915687
GHOST,SIG_GHOST,15,65,1,2,1.3680028440271477
GHOST,SIG_GHOST,15,66,1,0,1.3789472357537733
GHOST,SIG_GHOST,15,67,1,2,1.3699877926232564
GHOST,SIG_GHOST,15,68,1,2,1.056398842294419
GHOST,SIG_GHOST,15,69,1,2,1.3781676984423146
GHOST,SIG_GHOST,15,70,1,2,1.351490307284167
GHOST,SIG_GHOST,15,71,1,2,1.1334272814001707
GHOST,SIG_GHOST,15,72,1,0,1.358283780671329
GHOST,SIG_GHOST,15,73,1,2,1.3731001309787823
GHOST,SIG_GHOST,15,74,1,1,1.3028652551535882
GHOST,SIG_GHOST,15,75,1,0,1.3663717560581419
GHOST,SIG_GHOST,15,76,1,0,1.3649555756385272
GHOST,SIG_GHOST,15,77,1,3,1.2009904909695202
GHOST,SIG_GHOST,15,78,1,2,1.3206510563291947
GHOST,SIG_GHOST,15,79,1,2,1.3200969784939205
GHOST,SIG_GHOST,15,80,1,3,1.3526874232651782
GHOST,SIG_GHOST,15,81,1,2,1.3698071899411746
GHOST,SIG_GHOST,15,82,1,1,1.3602019242935481
GHOST,SIG_GHOST,15,83,1,1,1.3608031774655154
GHOST,SIG_GHOST,15,84,1,2,1.0746165369418264
GHOST,SIG_GHOST,15,85,1,1,1.382580837946898
GHOST,SIG_GHOST,15,86,1,1,1.3810163553564263
GHOST,SIG_GHOST,15,87,1,3,1.1416928094899756
GHOST,SIG_GHOST,15,88,1,1,1.3662526911995325
GHOST,SIG_GHOST,15,89,1,1,1.359721546743412
GHOST,SIG_GHOST,15,90,1,3,1.2934387624682429
GHOST,SIG_GHOST,15,91,1,1,1.1546425136710996
GHOST,SIG_GHOST,15,92,1,3,1.369500484053297
GHOST,SIG_GHOST,15,93,1,1,1.3777619831649606
GHOST,SIG_GHOST,15,94,1,3,1.2718951220265302
GHOST,SIG_GHOST,15,95,1,2,1.1825121385137747
GHOST,SIG_GHOST,15,96,1,2,1.3682879981067582
GHOST,SIG_GHOST,15,97,1,2,1.3740108922754797
GHOST,SIG_GHOST,15,98,1,1,1.1148712040025068
GHOST,SIG_GHOST,15,99,1,2,1.0417862730213798
GHOST,SIG_GHOST,15,100,1,3,1.3435365099795047
GHOST,SIG_GHOST,15,101,1,1,1.2048520055610363
GHOST,SIG_GHOST,15,102,1,3,1.2389613178114383
GHOST,SIG_GHOST,15,103,1,2,1.1865886075359777
GHOST,SIG_GHOST,15,104,1,2,1.2974970382851816
GHOST,SIG_GHOST,15,105,1,2,1.3794824389278337
GHOST,SIG_GHOST,15,106,1,1,1.3513851596019935
GHOST,SIG_GHOST,15,107,1,1,1.2044613067114636
GHOST,SIG_GHOST,15,108,1,1,1.3476475426185428
GHOST,SIG_GHOST,15,109,1,2,1.1983210862690794
GHOST,SIG_GHOST,15,110,1,0,1.369054783981417
GHOST,SIG_GHOST,15,111,1,1,1.3719092471963086
GHOST,SIG_GHOST,15,112,1,0,1.1206446698006967
GHOST,SIG_GHOST,15,113,1,3,1.3765228127227704
GHOST,SIG_GHOST,15,114,1,2,1.2010940852867942
GHOST,SIG_GHOST,15,115,1,0,1.3725527215165294
GHOST,SIG_GHOST,15,116,1,2,1.148801554337555
GHOST,SIG_GHOST,15,117,1,2,0.9606118725428482
GHOST,SIG_GHOST,15,118,1,3,1.3838269586926513
GHOST,SIG_GHOST,15,119,1,1,1.3770974871184158
GHOST,SIG_GHOST,15,120,1,3,1.1273324508465046
GHOST,SIG_GHOST,15,121,1,3,0.9948136792866211
GHOST,SIG_GHOST,15,122,1,0,1.3773241059380275
GHOST,SIG_GHOST,15,123,1,3,1.36820349657461
GHOST,SIG_GHOST,15,124,1,3,1.22296737199734
GHOST,SIG_GHOST,15,125,1,2,1.3628634364083374
GHOST,SIG_GHOST,15,126,1,2,1.3438394444022648
GHOST,SIG_GHOST,15,127,1,2,1.341614282275772
GHOST,SIG_GHOST,15,128,1,2,1.3635600098353664
GHOST,SIG_GHOST,15,129,1,3,1.218617961432421
GHOST,SIG_GHOST,15,130,1,2,1.3736527462436228
GHOST,SIG_GHOST,15,131,1,1,1.0984527535179907
GHOST,SIG_GHOST,15,132,1,1,1.3625046690283007
GHOST,SIG_GHOST,15,133,1,1,1.1861998272608014
GHOST,SIG_GHOST,15,134,1,1,1.3509421890802646
GHOST,SIG_GHOST,15,135,1,2,1.3596671942264078
GHOST,SIG_GHOST,15,136,1,0,1.2301406595212836
GHOST,SIG_GHOST,15,137,1,2,1.3287127277527555
GHOST,SIG_GHOST,15,138,1,2,0.6288394420295087
GHOST,SIG_GHOST,15,139,1,1,1.3840115434608578
GHOST,SIG_GHOST,15,140,1,1,1.3854948618268963
GHOST,SIG_GHOST,15,141,1,2,1.2106756272723185
GHOST,SIG_GHOST,15,142,1,2,1.365340236658901
GHOST,SIG_GHOST,15,143,1,1,1.3632740149650926
GHOST,SIG_GHOST,15,144,1,0,1.1149797903470882
GHOST,SIG_GHOST,15,145,1,3,1.366190837670643
GHOST,SIG_GHOST,15,146,1,2,1.1629978985547131
GHOST,SIG_GHOST,15,147,1,0,1.3532620361696341
GHOST,SIG_GHOST,15,148,1,0,1.3402468182086145
GHOST,SIG_GHOST,15,149,1,0,1.37391576491786
GHOST,SIG_GHOST,15,150,1,1,1.3745911505321589
GHOST,SIG_GHOST,15,151,1,2,1.1208085652124473
GHOST,SIG_GHOST,15,152,1,0,1.3743007028372258
GHOST,SIG_GHOST,15,153,1,3,1.365888005192884
GHOST,SIG_GHOST,15,154,1,0,1.3050485314277616
GHOST,SIG_GHOST,15,155,1,3,1.3647930040000726
GHOST,SIG_GHOST,15,156,1,1,1.353983431459816
GHOST,SIG_GHOST,15,157,1,3,1.3724934412360543
GHOST,SIG_GHOST,15,158,1,3,1.3640062638064416
GHOST,SIG_GHOST,15,159,1,3,1.3654514525891575
GHOST,SIG_GHOST,15,160,1,2,1.2505463440156177
GHOST,SIG_GHOST,15,161,1,2,1.3422648271629727
GHOST,SIG_GHOST,15,162,1,2,1.3600813877998936
GHOST,SIG_GHOST,15,163,1,2,1.3835632950702692
GHOST,SIG_GHOST,15,164,1,1,1.2868565241376495
GHOST,SIG_GHOST,15,165,1,3,1.3492220363967062
GHOST,SIG_GHOST,15,166,1,0,1.3490261837438047
GHOST,SIG_GHOST,15,167,1,1,0.996683448549265
GHOST,SIG_GHOST,15,168,1,2,1.3702155650579342
GHOST,SIG_GHOST,15,169,1,3,1.3713187123903954
GHOST,SIG_GHOST,15,170,1,3,1.366996271879663
GHOST,SIG_GHOST,15,171,1,3,1.1079915689267783
GHOST,SIG_GHOST,15,172,1,1,1.3690068122499457
GHOST,SIG_GHOST,15,173,1,3,1.3557440897786655
GHOST,SIG_GHOST,15,174,1,0,1.3620872708273621
GHOST,SIG_GHOST,15,175,1,1,1.0114579063855342
GHOST,SIG_GHOST,15,176,1,2,1.3707397152863676
GHOST,SIG_GHOST,15,177,1,2,1.34508493268102
GHOST,SIG_GHOST,15,178,1,2,1.363022036768287
GHOST,SIG_GHOST,15,179,1,3,1.3724001153070222
GHOST,SIG_GHOST,15,180,1,1,1.3569167067701664
GHOST,SIG_GHOST,15,181,1,0,1.3412628896698036
GHOST,SIG_GHOST,15,182,1,1,1.3104900552091512
GHOST,SIG_GHOST,15,183,1,0,1.351860308861076
GHOST,SIG_GHOST,15,184,1,3,1.3584186075281104
GHOST,SIG_GHOST,15,185,1,0,1.202253667108355
GHOST,SIG_GHOST,15,186,1,1,1.3822440447527164
GHOST,SIG_GHOST,15,187,1,0,1.1662808962295035
GHOST,SIG_GHOST,15,188,1,3,1.3045045447750891
GHOST,SIG_GHOST,15,189,1,0,1.3724270529558416
GHOST,SIG_GHOST,15,190,1,3,1.1626732067137173
GHOST,SIG_GHOST,15,191,1,0,1.086285506251164
GHOST,SIG_GHOST,15,192,1,1,1.3344507603172302
GHOST,SIG_GHOST,15,193,1,1,1.2399988705599536
GHOST,SIG_GHOST,15,194,1,2,1.3713768004508184
GHOST,SIG_GHOST,15,195,1,2,1.1677096288967217
GHOST,SIG_GHOST,15,196,1,0,1.370066375357118
GHOST,SIG_GHOST,15,197,1,0,1.1707913100086986
GHOST,SIG_GHOST,15,198,1,0,1.3548030677200504
GHOST,SIG_GHOST,15,199,1,2,1.363054998354569
GHOST,SIG_GHOST,16,0,1,3,1.376654483600472
GHOST,SIG_GHOST,16,1,1,0,1.3727807605144946
GHOST,SIG_GHOST,16,2,1,0,1.3728262918717116
GHOST,SIG_GHOST,16,3,1,1,1.1500474278887738
GHOST,SIG_GHOST,16,4,1,0,1.1617638834058372
GHOST,SIG_GHOST,16,5,1,1,1.3765568628964513
GHOST,SIG_GHOST,16,6,1,1,1.0290109874100026
GHOST,SIG_GHOST,16,7,1,1,1.373431630778787
GHOST,SIG_GHOST,16,8,1,1,1.3587422914122596
GHOST,SIG_GHOST,16,9,1,1,1.3515207542007481
GHOST,SIG_GHOST,16,10,1,3,1.3694040389697482
GHOST,SIG_GHOST,16,11,1,3,1.3661340121463972
GHOST,SIG_GHOST,16,12,1,0,1.3633148441294614
GHOST,SIG_GHOST,16,13,1,2,1.1186221748248815
GHOST,SIG_GHOST,16,14,1,1,1.3764835458709288
GHOST,SIG_GHOST,16,15,1,3,1.371492530696854
GHOST,SIG_GHOST,16,16,1,2,1.1893927696528823
GHOST,SIG_GHOST,16,17,1,0,1.1408233775302272
GHOST,SIG_GHOST,16,18,1,3,1.3137212252769133
GHOST,SIG_GHOST,16,19,1,2,1.3576098918618862
GHOST,SIG_GHOST,16,20,1,2,1.3592752345198456
GHOST,SIG_GHOST,16,21,1,3,1.3793173039194306
GHOST,SIG_GHOST,16,22,1,3,1.3564168596539614
GHOST,SIG_GHOST,16,23,1,2,1.3511951986283754
GHOST,SIG_GHOST,16,24,1,0,1.1960658415922876
GHOST,SIG_GHOST,16,25,1,0,1.3629412700422892
GHOST,SIG_GHOST,16,26,1,2,1.3746298175279676
GHOST,SIG_GHOST,16,27,1,3,0.9106052055553382
GHOST,SIG_GHOST,16,28,1,1,1.3456096479887685
GHOST,SIG_GHOST,16,29,1,0,1.3642080836641495
GHOST,SIG_GHOST,16,30,1,3,1.368158960841134
GHOST,SIG_GHOST,16,31,1,0,1.3274202750889008
GHOST,SIG_GHOST,16,32,1,2,1.349774395254172
GHOST,SIG_GHOST,16,33,1,2,0.9857682901430344
GHOST,SIG_GHOST,16,34,1,3,1.3689644232656257
GHOST,SIG_GHOST,16,35,1,0,1.1057259399827741
GHOST,SIG_GHOST,16,36,1,2,1.3587236855243088
GHOST,SIG_GHOST,16,37,1,1,1.108892480990514
GHOST,SIG_GHOST,16,38,1,1,1.2330300513256367
GHOST,SIG_GHOST,16,39,1,2,0.8737635015897821
GHOST,SIG_GHOST,16,40,1,3,1.3406142672991523
GHOST,SIG_GHOST,16,41,1,2,0.9091246561917176
GHOST,SIG_GHOST,16,42,1,1,1.2264462929347522
GHOST,SIG_GHOST,16,43,1,2,1.3783704443815992
GHOST,SIG_GHOST,16,44,1,2,0.9845110992002871
GHOST,SIG_GHOST,16,45,1,3,0.9619720004834719
GHOST,SIG_GHOST,16,46,1,2,1.3484544907240636
GHOST,SIG_GHOST,16,47,1,0,1.120929829125803
GHOST,SIG_GHOST,16,48,1,1,1.3779885645985381
GHOST,SIG_GHOST,16,49,1,3,1.0741675660116226
GHOST,SIG_GHOST,16,50,1,2,1.3427212361589307
GHOST,SIG_GHOST,16,51,1,3,1.1882424387231714
GHOST,SIG_GHOST,16,52,1,0,1.3589456378786497
GHOST,SIG_GHOST,16,53,1,0,1.298707468682398
GHOST,SIG_GHOST,16,54,1,2,1.1397299105483534
GHOST,SIG_GHOST,16,55,1,1,1.1095841676198814
GHOST,SIG_GHOST,16,56,1,3,1.3167383018589471
GHOST,SIG_GHOST,16,57,1,3,1.3631104659760902
GHOST,SIG_GHOST,16,58,1,3,1.3699824019743903
GHOST,SIG_GHOST,16,59,1,3,1.3612345507153365
GHOST,SIG_GHOST,16,60,1,0,1.354989121096036
GHOST,SIG_GHOST,16,61,1,2,0.516720585020782
GHOST,SIG_GHOST,16,62,1,1,1.2494429229425752
GHOST,SIG_GHOST,16,63,1,0,1.3735239966318469
GHOST,SIG_GHOST,16,64,1,2,1.1466724026488018
GHOST,SIG_GHOST,16,65,1,3,1.3520764719442564
GHOST,SIG_GHOST,16,66,1,1,1.3595259836377092
GHOST,SIG_GHOST,16,67,1,1,1.37500903880636
GHOST,SIG_GHOST,16,68,1,3,1.3690060202650478
GHOST,SIG_GHOST,16,69,1,0,1.32743859624401
GHOST,SIG_GHOST,16,70,1,2,1.358467531937904
GHOST,SIG_GHOST,16,71,1,1,1.1685106311315596
GHOST,SIG_GHOST,16,72,1,3,1.3828607006910554
GHOST,SIG_GHOST,16,73,1,0,1.361776247847661
GHOST,SIG_GHOST,16,74,1,1,1.3714415037281342
GHOST,SIG_GHOST,16,75,1,3,1.3750467968674098
GHOST,SIG_GHOST,16,76,1,2,1.3633927613457837
GHOST,SIG_GHOST,16,77,1,3,1.244935228366257
GHOST,SIG_GHOST,16,78,1,1,1.3112600604475233
GHOST,SIG_GHOST,16,79,1,0,1.379562142254649
GHOST,SIG_GHOST,16,80,1,1,1.3507726230166863
GHOST,SIG_GHOST,16,81,1,1,1.3765490915314507
GHOST,SIG_GHOST,16,82,1,3,1.2171934907435558
GHOST,SIG_GHOST,16,83,1,0,1.3562248366354903
GHOST,SIG_GHOST,16,84,1,3,1.3642242932271602
GHOST,SIG_GHOST,16,85,1,3,1.3412368410913331
GHOST,SIG_GHOST,16,86,1,3,1.3796354780723616
GHOST,SIG_GHOST,16,87,1,0,1.353833043257357
GHOST,SIG_GHOST,16,88,1,2,1.0867698003249424
GHOST,SIG_GHOST,16,89,1,2,1.3781209372335692
GHOST,SIG_GHOST,16,90,1,1,1.3853286741360447
GHOST,SIG_GHOST,16,91,1,1,1.3731046367785509
GHOST,SIG_GHOST,16,92,1,2,1.3687610656053075
GHOST,SIG_GHOST,16,93,1,2,1.3518533709734148
GHOST,SIG_GHOST,16,94,1,0,1.3271415104849433
GHOST,SIG_GHOST,16,95,1,2,1.3738994094754455
GHOST,SIG_GHOST,16,96,1,2,1.3574444214122312
GHOST,SIG_GHOST,16,97,1,2,1.3760851400410008
GHOST,SIG_GHOST,16,98,1,1,1.3315326845683704
GHOST,SIG_GHOST,16,99,1,3,1.3759252935992432
GHOST,SIG_GHOST,16,100,1,0,1.309148912122714
GHOST,SIG_GHOST,16,101,1,1,1.3541818677774264
GHOST,SIG_GHOST,16,102,1,0,1.3826788684432447
GHOST,SIG_GHOST,16,103,1,2,1.0877858948276535
GHOST,SIG_GHOST,16,104,1,1,1.3846345181534065
GHOST,SIG_GHOST,16,105,1,0,1.375121721297884
GHOST,SIG_GHOST,16,106,1,0,1.3735650703977698
GHOST,SIG_GHOST,16,107,1,3,1.3731408132502685
GHOST,SIG_GHOST,16,108,1,0,1.012393521525271
GHOST,SIG_GHOST,16,109,1,1,1.3485470852149066
GHOST,SIG_GHOST,16,110,1,2,1.382916891638252
GHOST,SIG_GHOST,16,111,1,0,1.356241906477476
GHOST,SIG_GHOST,16,112,1,1,1.2360922649111918
GHOST,SIG_GHOST,16,113,1,2,1.1079312314629013
GHOST,SIG_GHOST,16,114,1,1,1.3721722475457583
GHOST,SIG_GHOST,16,115,1,0,1.3202832535410791
GHOST,SIG_GHOST,16,116,1,0,1.3579575224208906
GHOST,SIG_GHOST,16,117,1,3,1.3623753552693985
GHOST,SIG_GHOST,16,118,1,0,1.3791643937207523
GHOST,SIG_GHOST,16,119,1,1,1.3770237540651344
GHOST,SIG_GHOST,16,120,1,0,1.3815286499604287
GHOST,SIG_GHOST,16,121,1,3,1.333942923795602
GHOST,SIG_GHOST,16,122,1,0,1.3369787508580981
GHOST,SIG_GHOST,16,123,1,1,1.3808061285094761
GHOST,SIG_GHOST,16,124,1,2,1.3151911304736543
GHOST,SIG_GHOST,16,125,1,1,1.3575655061120706
GHOST,SIG_GHOST,16,126,1,1,1.3762110983495006
GHOST,SIG_GHOST,16,127,1,2,1.376202459926217
GHOST,SIG_GHOST,16,128,1,3,1.3585097044001913
GHOST,SIG_GHOST,16,129,1,2,1.3289706744461443
GHOST,SIG_GHOST,16,130,1,2,1.3420295599700003
GHOST,SIG_GHOST,16,131,1,3,1.2748088655252565
GHOST,SIG_GHOST,16,132,1,2,1.3218620841389135
GHOST,SIG_GHOST,16,133,1,3,1.3808332855382666
GHOST,SIG_GHOST,16,134,1,3,1.3112490776502845
GHOST,SIG_GHOST,16,135,1,2,1.1667503487697282
GHOST,SIG_GHOST,16,136,1,2,1.2164796136386768
GHOST,SIG_GHOST,16,137,1,3,1.1568440832728568
GHOST,SIG_GHOST,16,138,1,0,1.3182946681690848
GHOST,SIG_GHOST,16,139,1,1,1.2238180489391253
GHOST,SIG_GHOST,16,140,1,3,1.0614759950497803
GHOST,SIG_GHOST,16,141,1,1,1.1721353336089313
GHOST,SIG_GHOST,16,142,1,3,1.3758359142475745
GHOST,SIG_GHOST,16,143,1,0,1.3620854460062173
GHOST,SIG_GHOST,16,144,1,3,1.1790922824350898
GHOST,SIG_GHOST,16,145,1,1,1.238120968773988
GHOST,SIG_GHOST,16,146,1,3,1.3380678640565276
GHOST,SIG_GHOST,16,147,1,1,1.3730856188020732
GHOST,SIG_GHOST,16,148,1,1,1.226031630540505
GHOST,SIG_GHOST,16,149,1,3,1.3513538575017594
GHOST,SIG_GHOST,16,150,1,3,1.3292040199990067
GHOST,SIG_GHOST,16,151,1,3,1.3673909387176448
GHOST,SIG_GHOST,16,152,1,1,1.3707391475939206
GHOST,SIG_GHOST,16,153,1,0,1.321252255341898
GHOST,SIG_GHOST,16,154,1,1,1.3548292568271956
GHOST,SIG_GHOST,16,155,1,3,1.3464810301824002
GHOST,SIG_GHOST,16,156,1,2,1.0952588527907736
GHOST,SIG_GHOST,16,157,1,2,1.33382292076035
GHOST,SIG_GHOST,16,158,1,3,1.3393954974123445
GHOST,SIG_GHOST,16,159,1,2,0.8361604359156818
GHOST,SIG_GHOST,16,160,1,3,1.2741904862052047
GHOST,SIG_GHOST,16,161,1,1,1.3228424204060893
GHOST,SIG_GHOST,16,162,1,0,1.3846321998389934
GHOST,SIG_GHOST,16,163,1,2,1.3657008923426996
GHOST,SIG_GHOST,16,164,1,0,1.35824471864264
GHOST,SIG_GHOST,16,165,1,3,1.3728361910287081
GHOST,SIG_GHOST,16,166,1,3,1.3673889048292156
GHOST,SIG_GHOST,16,167,1,0,1.133018396041336
GHOST,SIG_GHOST,16,168,1,1,1.3661578918089794
GHOST,SIG_GHOST,16,169,1,2,1.335748067294051
GHOST,SIG_GHOST,16,170,1,1,1.3751894654441976
GHOST,SIG_GHOST,16,171,1,0,1.3734178621135813
GHOST,SIG_GHOST,16,172,1,3,1.3766737468808607
GHOST,SIG_GHOST,16,173,1,3,1.3585447115717453
GHOST,SIG_GHOST,16,174,1,1,1.3411996487734836
GHOST,SIG_GHOST,16,175,1,3,1.0969942359387537
GHOST,SIG_GHOST,16,176,1,1,1.3581361975654125
GHOST,SIG_GHOST,16,177,1,3,1.3794056793950877
GHOST,SIG_GHOST,16,178,1,3,1.380262271035928
GHOST,SIG_GHOST,16,179,1,1,1.379317004219466
GHOST,SIG_GHOST,16,180,1,0,1.3744520172608812
GHOST,SIG_GHOST,16,181,1,3,1.3671900420897436
GHOST,SIG_GHOST,16,182,1,3,1.0229542107793237
GHOST,SIG_GHOST,16,183,1,3,1.363658015044869
GHOST,SIG_GHOST,16,184,1,3,1.1107157490881583
GHOST,SIG_GHOST,16,185,1,0,1.2145043993370546
GHOST,SIG_GHOST,16,186,1,0,1.3667970187438359
GHOST,SIG_GHOST,16,187,1,0,1.0478368172958397
GHOST,SIG_GHOST,16,188,1,3,1.3746038293775928
GHOST,SIG_GHOST,16,189,1,2,1.1909811072164187
GHOST,SIG_GHOST,16,190,1,1,1.0814847717648441
GHOST,SIG_GHOST,16,191,1,0,1.3820687775769867
GHOST,SIG_GHOST,16,192,1,1,1.37547545635072
GHOST,SIG_GHOST,16,193,1,2,1.3764917414919986
GHOST,SIG_GHOST,16,194,1,2,1.3704039093931955
GHOST,SIG_GHOST,16,195,1,1,1.3810761982873934
GHOST,SIG_GHOST,16,196,1,0,1.1263460827622145
GHOST,SIG_GHOST,16,197,1,3,1.0439702903118282
GHOST,SIG_GHOST,16,198,1,2,1.3682996190506562
GHOST,SIG_GHOST,16,199,1,3,1.315321858551854
GHOST,SIG_GHOST,17,0,1,2,1.1854160666623579
GHOST,SIG_GHOST,17,1,1,0,1.3210086011646474
GHOST,SIG_GHOST,17,2,1,3,1.3675688073443641
GHOST,SIG_GHOST,17,3,1,0,1.3797914596741958
GHOST,SIG_GHOST,17,4,1,2,1.369114487359401
GHOST,SIG_GHOST,17,5,1,3,1.2721784222200032
GHOST,SIG_GHOST,17,6,1,0,1.3633275262126607
GHOST,SIG_GHOST,17,7,1,2,1.064477049020171
GHOST,SIG_GHOST,17,8,1,3,1.3713607169459527
GHOST,SIG_GHOST,17,9,1,0,1.3789660619015378
GHOST,SIG_GHOST,17,10,1,3,1.3599770133987552
GHOST,SIG_GHOST,17,11,1,0,1.3022128055680904
GHOST,SIG_GHOST,17,12,1,3,1.1444547622709131
GHOST,SIG_GHOST,17,13,1,1,1.3451238191597967
GHOST,SIG_GHOST,17,14,1,0,1.3438791787287496
GHOST,SIG_GHOST,17,15,1,2,1.061591682849835
GHOST,SIG_GHOST,17,16,1,0,1.1007024160646632
GHOST,SIG_GHOST,17,17,1,2,1.3650625849744848
GHOST,SIG_GHOST,17,18,1,0,1.34793381689098
GHOST,SIG_GHOST,17,19,1,0,1.1712073531817666
GHOST,SIG_GHOST,17,20,1,2,1.2795416463627547
GHOST,SIG_GHOST,17,21,1,3,1.2768366400587907
GHOST,SIG_GHOST,17,22,1,1,1.378302091341114
GHOST,SIG_GHOST,17,23,1,3,1.259904354508892
GHOST,SIG_GHOST,17,24,1,2,1.3633437762419804
GHOST,SIG_GHOST,17,25,1,1,1.3357225747382826
GHOST,SIG_GHOST,17,26,1,3,1.3549616202155934
GHOST,SIG_GHOST,17,27,1,1,1.3632377912644114
GHOST,SIG_GHOST,17,28,1,3,1.3015653851581446
GHOST,SIG_GHOST,17,29,1,0,1.3754868185445508
GHOST,SIG_GHOST,17,30,1,2,1.3614914589769382
GHOST,SIG_GHOST,17,31,1,1,1.3649499306138753
GHOST,SIG_GHOST,17,32,1,2,1.3367318242733899
GHOST,SIG_GHOST,17,33,1,3,1.3786963071581924
GHOST,SIG_GHOST,17,34,1,2,1.3788884131717818
GHOST,SIG_GHOST,17,35,1,0,1.3394937727576375
GHOST,SIG_GHOST,17,36,1,2,1.0326580472531248
GHOST,SIG_GHOST,17,37,1,1,1.3626225202180624
GHOST,SIG_GHOST,17,38,1,3,1.3565657378354223
GHOST,SIG_GHOST,17,39,1,0,0.9734457410158766
GHOST,SIG_GHOST,17,40,1,1,1.3531400765108959
GHOST,SIG_GHOST,17,41,1,3,1.360381750046077
GHOST,SIG_GHOST,17,42,1,2,1.3770960746646945
GHOST,SIG_GHOST,17,43,1,1,1.3512283431494803
GHOST,SIG_GHOST,17,44,1,2,1.3593617537857259
GHOST,SIG_GHOST,17,45,1,3,1.3470253257825382
GHOST,SIG_GHOST,17,46,1,0,1.0514779285918718
GHOST,SIG_GHOST,17,47,1,3,1.3748273337574504
GHOST,SIG_GHOST,17,48,1,2,1.3761058402141382
GHOST,SIG_GHOST,17,49,1,3,1.3569342568636298
GHOST,SIG_GHOST,17,50,1,3,1.375649309970142
GHOST,SIG_GHOST,17,51,1,1,0.8679538564609871
GHOST,SIG_GHOST,17,52,1,1,0.9797658318594962
GHOST,SIG_GHOST,17,53,1,2,1.0412483393362009
GHOST,SIG_GHOST,17,54,1,1,1.3799180681385044
GHOST,SIG_GHOST,17,55,1,1,1.3535782189753127
GHOST,SIG_GHOST,17,56,1,3,1.07749086518572
GHOST,SIG_GHOST,17,57,1,1,1.028000105016716
GHOST,SIG_GHOST,17,58,1,3,1.38467973068611
GHOST,SIG_GHOST,17,59,1,0,1.3401994256887182
GHOST,SIG_GHOST,17,60,1,2,1.2376894563687115
GHOST,SIG_GHOST,17,61,1,0,1.3487718738074619
GHOST,SIG_GHOST,17,62,1,2,1.369929966876867
GHOST,SIG_GHOST,17,63,1,1,1.3556957915320902
GHOST,SIG_GHOST,17,64,1,2,1.345309154401693
GHOST,SIG_GHOST,17,65,1,0,1.3791834492848896
GHOST,SIG_GHOST,17,66,1,2,1.140290870739857
GHOST,SIG_GHOST,17,67,1,2,1.3693275068113926
GHOST,SIG_GHOST,17,68,1,1,0.8600204827644397
GHOST,SIG_GHOST,17,69,1,0,1.3669839062135922
GHOST,SIG_GHOST,17,70,1,3,1.1041737001489351
GHOST,SIG_GHOST,17,71,1,2,0.9241304083426295
GHOST,SIG_GHOST,17,72,1,3,1.3316404059592621
GHOST,SIG_GHOST,17,73,1,0,1.3281277915213858
GHOST,SIG_GHOST,17,74,1,3,1.0751849334814432
GHOST,SIG_GHOST,17,75,1,1,1.0801628631721352
GHOST,SIG_GHOST,17,76,1,1,1.3199692611033695
GHOST,SIG_GHOST,17,77,1,1,1.2677893529585513
GHOST,SIG_GHOST,17,78,1,1,1.3556797922330717
GHOST,SIG_GHOST,17,79,1,3,1.3741594808958073
GHOST,SIG_GHOST,17,80,1,0,1.059562621287068
GHOST,SIG_GHOST,17,81,1,0,1.315618404051925
GHOST,SIG_GHOST,17,82,1,1,1.3841095959894363
GHOST,SIG_GHOST,17,83,1,1,1.3700227479884877
GHOST,SIG_GHOST,17,84,1,3,1.3770003637156987
GHOST,SIG_GHOST,17,85,1,3,1.224603279497888
GHOST,SIG_GHOST,17,86,1,0,1.1064334390341586
GHOST,SIG_GHOST,17,87,1,3,1.3480065928268388
GHOST,SIG_GHOST,17,88,1,0,1.363725341785867
GHOST,SIG_GHOST,17,89,1,3,1.3526414840314491
GHOST,SIG_GHOST,17,90,1,1,1.1217661767481566
GHOST,SIG_GHOST,17,91,1,3,1.3830254499194243
GHOST,SIG_GHOST,17,92,1,3,1.3833390349384975
GHOST,SIG_GHOST,17,93,1,2,1.3700321815887089
GHOST,SIG_GHOST,17,94,1,0,1.3538233740784347
GHOST,SIG_GHOST,17,95,1,2,1.352802018539686
GHOST,SIG_GHOST,17,96,1,0,1.3761692098073137
GHOST,SIG_GHOST,17,97,1,1,1.3745680231640873
GHOST,SIG_GHOST,17,98,1,3,1.3430697564067997
GHOST,SIG_GHOST,17,99,1,2,1.3711110839910554
GHOST,SIG_GHOST,17,100,1,3,1.3537830648443725
GHOST,SIG_GHOST,17,101,1,3,1.1937797502624328
GHOST,SIG_GHOST,17,102,1,1,1.3683014289638762
GHOST,SIG_GHOST,17,103,1,3,1.371346963031986
GHOST,SIG_GHOST,17,104,1,0,1.364898377810833
GHOST,SIG_GHOST,17,105,1,3,1.074619147335541
GHOST,SIG_GHOST,17,106,1,3,1.335035922841175
GHOST,SIG_GHOST,17,107,1,3,1.364829808591661
GHOST,SIG_GHOST,17,108,1,1,1.3649870011121088
GHOST,SIG_GHOST,17,109,1,2,1.3562620190820465
GHOST,SIG_GHOST,17,110,1,3,1.3499896552527209
GHOST,SIG_GHOST,17,111,1,2,1.113902748430907
GHOST,SIG_GHOST,17,112,1,1,1.3556896402055656
GHOST,SIG_GHOST,17,113,1,0,1.3751756785450866
GHOST,SIG_GHOST,17,114,1,3,1.333522992758526
GHOST,SIG_GHOST,17,115,1,3,1.3835194683834056
GHOST,SIG_GHOST,17,116,1,3,1.3833014982080698
GHOST,SIG_GHOST,17,117,1,1,1.3708050334767132
GHOST,SIG_GHOST,17,118,1,0,1.3725743947231246
GHOST,SIG_GHOST,17,119,1,1,1.3826246693519737
GHOST,SIG_GHOST,17,120,1,1,1.288828838064503
GHOST,SIG_GHOST,17,121,1,0,1.0095296808266425
GHOST,SIG_GHOST,17,122,1,0,1.365770878077606
GHOST,SIG_GHOST,17,123,1,1,1.378087653224042
GHOST,SIG_GHOST,17,124,1,0,1.3627402868136236
GHOST,SIG_GHOST,17,125,1,2,1.3631508978596674
GHOST,SIG_GHOST,17,126,1,3,1.3649625514693209
GHOST,SIG_GHOST,17,127,1,0,1.37220107221174
GHOST,SIG_GHOST,17,128,1,0,1.3565830604530886
GHOST,SIG_GHOST,17,129,1,2,1.2098535416070084
GHOST,SIG_GHOST,17,130,1,0,0.9388987829776825
GHOST,SIG_GHOST,17,131,1,2,1.3697802672352684
GHOST,SIG_GHOST,17,132,1,3,1.364893625678682
GHOST,SIG_GHOST,17,133,1,0,1.3503441617983536
GHOST,SIG_GHOST,17,134,1,0,1.3751602954736772
GHOST,SIG_GHOST,17,135,1,0,1.0609890280915573
GHOST,SIG_GHOST,17,136,1,0,1.2728813316154601
GHOST,SIG_GHOST,17,137,1,0,1.3324570344485096
GHOST,SIG_GHOST,17,138,1,0,1.364042610382882
GHOST,SIG_GHOST,17,139,1,3,1.0951442507444125
GHOST,SIG_GHOST,17,140,1,0,1.3721565198407115
GHOST,SIG_GHOST,17,141,1,0,1.0971193195733449
GHOST,SIG_GHOST,17,142,1,2,0.9553793273028378
GHOST,SIG_GHOST,17,143,1,3,0.9480137672471665
GHOST,SIG_GHOST,17,144,1,2,1.3626130998301034
GHOST,SIG_GHOST,17,145,1,1,1.199334876836774
GHOST,SIG_GHOST,17,146,1,0,1.380588254545774
GHOST,SIG_GHOST,17,147,1,1,1.3677089104142608
GHOST,SIG_GHOST,17,148,1,0,1.3711894800671278
GHOST,SIG_GHOST,17,149,1,3,1.3667347631390485
GHOST,SIG_GHOST,17,150,1,0,1.1855086551834144
GHOST,SIG_GHOST,17,151,1,2,1.3199699614329345
GHOST,SIG_GHOST,17,152,1,1,1.1979807317367828
GHOST,SIG_GHOST,17,153,1,3,1.3815670034792094
GHOST,SIG_GHOST,17,154,1,2,1.3853844962780968
GHOST,SIG_GHOST,17,155,1,1,1.1869713642410165
GHOST,SIG_GHOST,17,156,1,0,1.3699209762165205
GHOST,SIG_GHOST,17,157,1,2,1.365489396230108
GHOST,SIG_GHOST,17,158,1,1,1.363385258537012
GHOST,SIG_GHOST,17,159,1,1,1.3769599044938399
GHOST,SIG_GHOST,17,160,1,3,1.2683182439750547
GHOST,SIG_GHOST,17,161,1,1,1.3538261520177364
GHOST,SIG_GHOST,17,162,1,3,1.363328056260839
GHOST,SIG_GHOST,17,163,1,3,1.03672268860986
GHOST,SIG_GHOST,17,164,1,1,1.3535078283694968
GHOST,SIG_GHOST,17,165,1,3,1.3753112193206118
GHOST,SIG_GHOST,17,166,1,1,0.8505733855146204
GHOST,SIG_GHOST,17,167,1,2,1.3532034760804352
GHOST,SIG_GHOST,17,168,1,1,1.3589260055531858
GHOST,SIG_GHOST,17,169,1,1,1.0329803818111452
GHOST,SIG_GHOST,17,170,1,3,1.282263864891449
GHOST,SIG_GHOST,17,171,1,2,1.368366808462684
GHOST,SIG_GHOST,17,172,1,2,1.3760082472328474
GHOST,SIG_GHOST,17,173,1,2,1.3828564829513033
GHOST,SIG_GHOST,17,174,1,3,1.3704764423462878
GHOST,SIG_GHOST,17,175,1,0,1.347516471630512
GHOST,SIG_GHOST,17,176,1,1,1.3612487019045068
GHOST,SIG_GHOST,17,177,1,2,1.3653124649197264
GHOST,SIG_GHOST,17,178,1,3,1.063302284590058
GHOST,SIG_GHOST,17,179,1,0,1.34307063651033
GHOST,SIG_GHOST,17,180,1,1,1.2076106858057485
GHOST,SIG_GHOST,17,181,1,3,1.2745174052577153
GHOST,SIG_GHOST,17,182,1,1,1.185502286154716
GHOST,SIG_GHOST,17,183,1,1,1.3778401528562336
GHOST,SIG_GHOST,17,184,1,1,1.35763776407053
GHOST,SIG_GHOST,17,185,1,0,0.960688266279282
GHOST,SIG_GHOST,17,186,1,1,1.3774914417200121
GHOST,SIG_GHOST,17,187,1,1,1.377114851174366
GHOST,SIG_GHOST,17,188,1,1,1.3773321003111942
GHOST,SIG_GHOST,17,189,1,3,1.372066720019884
GHOST,SIG_GHOST,17,190,1,2,1.3611077447060405
GHOST,SIG_GHOST,17,191,1,1,1.3677750027504247
GHOST,SIG_GHOST,17,192,1,3,1.0776865664066115
GHOST,SIG_GHOST,17,193,1,1,1.3715718383910351
GHOST,SIG_GHOST,17,194,1,0,1.3593267320910734
GHOST,SIG_GHOST,17,195,1,3,1.37694858397996
GHOST,SIG_GHOST,17,196,1,3,1.0736749777855308
GHOST,SIG_GHOST,17,197,1,1,1.371338548036015
GHOST,SIG_GHOST,17,198,1,0,1.3383465160220238
GHOST,SIG_GHOST,17,199,1,1,1.1243139372299154
GHOST,SIG_GHOST,18,0,1,3,1.097107270994813
GHOST,SIG_GHOST,18,1,1,2,1.3775214387667876
GHOST,SIG_GHOST,18,2,1,2,1.3640537106427981
GHOST,SIG_GHOST,18,3,1,1,1.0985441517041061
GHOST,SIG_GHOST,18,4,1,0,1.0865472690281675
GHOST,SIG_GHOST,18,5,1,2,1.3632725905677106
GHOST,SIG_GHOST,18,6,1,3,1.3136358623958024
GHOST,SIG_GHOST,18,7,1,3,1.3573831192050467
GHOST,SIG_GHOST,18,8,1,1,1.1485132071667246
GHOST,SIG_GHOST,18,9,1,1,1.364847898347626
GHOST,SIG_GHOST,18,10,1,0,1.2270695253546537
GHOST,SIG_GHOST,18,11,1,3,1.2125132894689843
GHOST,SIG_GHOST,18,12,1,1,1.115122756762304
GHOST,SIG_GHOST,18,13,1,2,1.366904194441377
GHOST,SIG_GHOST,18,14,1,3,1.368073702572131
GHOST,SIG_GHOST,18,15,1,3,1.1584569999135619
GHOST,SIG_GHOST,18,16,1,2,1.155843637917058
GHOST,SIG_GHOST,18,17,1,1,1.3644362648275337
GHOST,SIG_GHOST,18,18,1,0,1.076818525351558
GHOST,SIG_GHOST,18,19,1,3,1.1955717122528848
GHOST,SIG_GHOST,18,20,1,2,1.3613587492833612
GHOST,SIG_GHOST,18,21,1,1,1.3619488628527654
GHOST,SIG_GHOST,18,22,1,0,1.3735484064283656
GHOST,SIG_GHOST,18,23,1,3,1.3700588481403415
GHOST,SIG_GHOST,18,24,1,0,1.346918117083339
GHOST,SIG_GHOST,18,25,1,3,1.3550742555771618
GHOST,SIG_GHOST,18,26,1,2,1.344949279017729
GHOST,SIG_GHOST,18,27,1,0,1.3609244594410033
GHOST,SIG_GHOST,18,28,1,3,0.9784736819687255
GHOST,SIG_GHOST,18,29,1,0,1.369151180302132
GHOST,SIG_GHOST,18,30,1,1,1.3791016892083907
GHOST,SIG_GHOST,18,31,1,1,1.3616980644316146
GHOST,SIG_GHOST,18,32,1,3,1.2387910525143226
GHOST,SIG_GHOST,18,33,1,2,1.3188010499340348
GHOST,SIG_GHOST,18,34,1,3,1.3484386851781376
GHOST,SIG_GHOST,18,35,1,1,1.3341566865580363
GHOST,SIG_GHOST,18,36,1,1,1.3652162408399149
GHOST,SIG_GHOST,18,37,1,0,1.3328967680358212
GHOST,SIG_GHOST,18,38,1,1,1.308606344563973
GHOST,SIG_GHOST,18,39,1,1,1.362092736778921
GHOST,SIG_GHOST,18,40,1,2,1.3424390431920923
GHOST,SIG_GHOST,18,41,1,0,1.3254999398647564
GHOST,SIG_GHOST,18,42,1,1,1.3838720230665196
GHOST,SIG_GHOST,18,43,1,1,1.3632724974335906
GHOST,SIG_GHOST,18,44,1,3,1.380641822623519
GHOST,SIG_GHOST,18,45,1,3,1.3656738382860625
GHOST,SIG_GHOST,18,46,1,3,1.1304086403792892
GHOST,SIG_GHOST,18,47,1,3,1.381938802090259
GHOST,SIG_GHOST,18,48,1,2,1.3632673702000806
GHOST,SIG_GHOST,18,49,1,3,1.364038071556033
GHOST,SIG_GHOST,18,50,1,3,1.3758388667637802
GHOST,SIG_GHOST,18,51,1,1,1.3692636616608742
GHOST,SIG_GHOST,18,52,1,2,1.3780350884537977
GHOST,SIG_GHOST,18,53,1,2,1.103271500417843
GHOST,SIG_GHOST,18,54,1,3,1.3049803230465402
GHOST,SIG_GHOST,18,55,1,0,1.370226934653578
GHOST,SIG_GHOST,18,56,1,1,1.3813939175358922
GHOST,SIG_GHOST,18,57,1,0,1.3817292926103426
GHOST,SIG_GHOST,18,58,1,0,1.371350946791895
GHOST,SIG_GHOST,18,59,1,0,1.2555886739417592
GHOST,SIG_GHOST,18,60,1,0,1.3679314402228844
GHOST,SIG_GHOST,18,61,1,2,1.376886004862893
GHOST,SIG_GHOST,18,62,1,2,1.3402337982749637
GHOST,SIG_GHOST,18,63,1,1,1.358926125877712
GHOST,SIG_GHOST,18,64,1,2,0.8890891067796083
GHOST,SIG_GHOST,18,65,1,0,1.3592935442478755
GHOST,SIG_GHOST,18,66,1,2,1.350832514437295
GHOST,SIG_GHOST,18,67,1,2,1.3042957202969458
GHOST,SIG_GHOST,18,68,1,3,1.3825692060956012
GHOST,SIG_GHOST,18,69,1,2,0.824206508306145
GHOST,SIG_GHOST,18,70,1,2,1.3571905593659594
GHOST,SIG_GHOST,18,71,1,3,1.372084016823481
GHOST,SIG_GHOST,18,72,1,2,1.359272234616914
GHOST,SIG_GHOST,18,73,1,1,1.2636945189430508
GHOST,SIG_GHOST,18,74,1,3,1.1034782857127206
GHOST,SIG_GHOST,18,75,1,2,1.3762838383345812
GHOST,SIG_GHOST,18,76,1,0,1.365761315013145
GHOST,SIG_GHOST,18,77,1,0,1.3572041510563226
GHOST,SIG_GHOST,18,78,1,0,1.3810114959666113
GHOST,SIG_GHOST,18,79,1,2,1.3666959383693245
GHOST,SIG_GHOST,18,80,1,3,1.3468014585365262
GHOST,SIG_GHOST,18,81,1,3,1.0401602601320232
GHOST,SIG_GHOST,18,82,1,0,1.3577526171547971
GHOST,SIG_GHOST,18,83,1,0,1.3751905330533065
GHOST,SIG_GHOST,18,84,1,0,1.086622726773304
GHOST,SIG_GHOST,18,85,1,2,1.3668750307049655
GHOST,SIG_GHOST,18,86,1,2,1.3584021424412942
GHOST,SIG_GHOST,18,87,1,1,1.366202480411543
GHOST,SIG_GHOST,18,88,1,3,1.3554481261568503
GHOST,SIG_GHOST,18,89,1,2,1.1812076297095615
GHOST,SIG_GHOST,18,90,1,0,1.340158092433116
GHOST,SIG_GHOST,18,91,1,1,1.3804506831628542
GHOST,SIG_GHOST,18,92,1,0,1.2092588891991682
GHOST,SIG_GHOST,18,93,1,3,1.3369825806881108
GHOST,SIG_GHOST,18,94,1,1,1.15335822006403
GHOST,SIG_GHOST,18,95,1,1,1.3205564966083014
GHOST,SIG_GHOST,18,96,1,2,1.356265862038055
GHOST,SIG_GHOST,18,97,1,2,1.3320278493416897
GHOST,SIG_GHOST,18,98,1,0,1.3580077022453887
GHOST,SIG_GHOST,18,99,1,3,1.3719503511854854
GHOST,SIG_GHOST,18,100,1,1,1.338867418176465
GHOST,SIG_GHOST,18,101,1,0,1.3686907418100147
GHOST,SIG_GHOST,18,102,1,0,1.2442475278200071
GHOST,SIG_GHOST,18,103,1,2,1.3700184767047552
GHOST,SIG_GHOST,18,104,1,0,1.3637270330800972
GHOST,SIG_GHOST,18,105,1,2,1.3836147622155708
GHOST,SIG_GHOST,18,106,1,2,1.3678836877738505
GHOST,SIG_GHOST,18,107,1,3,1.342989876619539
GHOST,SIG_GHOST,18,108,1,3,1.3798079788175959
GHOST,SIG_GHOST,18,109,1,3,1.1538920234449597
GHOST,SIG_GHOST,18,110,1,3,1.3662079929902538
GHOST,SIG_GHOST,18,111,1,3,1.2199698805671104
GHOST,SIG_GHOST,18,112,1,1,1.3825160999112633
GHOST,SIG_GHOST,18,113,1,0,1.3441563500109692
GHOST,SIG_GHOST,18,114,1,0,1.1679619201136227
GHOST,SIG_GHOST,18,115,1,0,1.3142139297299713
GHOST,SIG_GHOST,18,116,1,0,1.3811048818157974
GHOST,SIG_GHOST,18,117,1,3,1.3696579871871473
GHOST,SIG_GHOST,18,118,1,3,1.3696428973603538
GHOST,SIG_GHOST,18,119,1,0,1.3111209444475382
GHOST,SIG_GHOST,18,120,1,2,1.3611509621162698
GHOST,SIG_GHOST,18,121,1,3,1.379991727802068
GHOST,SIG_GHOST,18,122,1,1,0.9575260556336331
GHOST,SIG_GHOST,18,123,1,3,1.2442963021216324
GHOST,SIG_GHOST,18,124,1,3,1.3757411393148402
GHOST,SIG_GHOST,18,125,1,1,1.3678584041051582
GHOST,SIG_GHOST,18,126,1,2,1.3618376383560358
GHOST,SIG_GHOST,18,127,1,3,1.3397130168849187
GHOST,SIG_GHOST,18,128,1,1,1.3762291352039864
GHOST,SIG_GHOST,18,129,1,3,1.253374513647905
GHOST,SIG_GHOST,18,130,1,3,1.3710804983430556
GHOST,SIG_GHOST,18,131,1,3,0.999398829125803
GHOST,SIG_GHOST,18,132,1,3,1.3344776504359088
GHOST,SIG_GHOST,18,133,1,3,1.2785491290261664
GHOST,SIG_GHOST,18,134,1,1,1.3786356332785923
GHOST,SIG_GHOST,18,135,1,3,1.3655775479978833
GHOST,SIG_GHOST,18,136,1,3,1.3565434177133096
GHOST,SIG_GHOST,18,137,1,1,0.6919216627967987
GHOST,SIG_GHOST,18,138,1,3,1.2909902881337796
GHOST,SIG_GHOST,18,139,1,3,1.3695521541707842
GHOST,SIG_GHOST,18,140,1,0,1.3822635173168276
GHOST,SIG_GHOST,18,141,1,1,1.1157767119719701
GHOST,SIG_GHOST,18,142,1,2,1.0896103400786754
GHOST,SIG_GHOST,18,143,1,2,1.3599507682181522
GHOST,SIG_GHOST,18,144,1,2,1.3620551820084166
GHOST,SIG_GHOST,18,145,1,3,1.1094770072636804
GHOST,SIG_GHOST,18,146,1,1,1.249002209246749
GHOST,SIG_GHOST,18,147,1,1,1.2849132175679554
GHOST,SIG_GHOST,18,148,1,1,1.3754818252372096
GHOST,SIG_GHOST,18,149,1,3,1.3693864531591513
GHOST,SIG_GHOST,18,150,1,0,1.360566529411489
GHOST,SIG_GHOST,18,151,1,3,1.3713930564394305
GHOST,SIG_GHOST,18,152,1,0,1.1935461446495814
GHOST,SIG_GHOST,18,153,1,2,1.3727229667017764
GHOST,SIG_GHOST,18,154,1,0,1.379993202185811
GHOST,SIG_GHOST,18,155,1,3,1.358350722813014
GHOST,SIG_GHOST,18,156,1,1,1.3689941835787702
GHOST,SIG_GHOST,18,157,1,3,1.3798826490426441
GHOST,SIG_GHOST,18,158,1,3,1.3825657910388505
GHOST,SIG_GHOST,18,159,1,2,1.3509903330054667
GHOST,SIG_GHOST,18,160,1,1,1.2079943335915813
GHOST,SIG_GHOST,18,161,1,2,1.3851067025417914
GHOST,SIG_GHOST,18,162,1,2,1.166515230747296
GHOST,SIG_GHOST,18,163,1,2,1.384388714705503
GHOST,SIG_GHOST,18,164,1,1,1.3798157099780364
GHOST,SIG_GHOST,18,165,1,1,1.3709316394517679
GHOST,SIG_GHOST,18,166,1,1,1.3734040558478446
GHOST,SIG_GHOST,18,167,1,0,1.1203462073486454
GHOST,SIG_GHOST,18,168,1,0,1.3330987584477711
GHOST,SIG_GHOST,18,169,1,3,1.079684222316549
GHOST,SIG_GHOST,18,170,1,3,1.374787276223352
GHOST,SIG_GHOST,18,171,1,3,1.3513802265275279
GHOST,SIG_GHOST,18,172,1,2,1.358350259730294
GHOST,SIG_GHOST,18,173,1,3,1.3605754433714636
GHOST,SIG_GHOST,18,174,1,2,0.9579968210622514
GHOST,SIG_GHOST,18,175,1,3,1.3682114720474547
GHOST,SIG_GHOST,18,176,1,2,1.37620114816248
GHOST,SIG_GHOST,18,177,1,0,1.365801608617774
GHOST,SIG_GHOST,18,178,1,0,1.3725999361302825
GHOST,SIG_GHOST,18,179,1,1,1.3213963499704273
GHOST,SIG_GHOST,18,180,1,0,1.1917676972652855
GHOST,SIG_GHOST,18,181,1,1,1.36697933042407
GHOST,SIG_GHOST,18,182,1,0,1.1623994141905205
GHOST,SIG_GHOST,18,183,1,1,1.0897653216354832
GHOST,SIG_GHOST,18,184,1,3,1.3210592092568354
GHOST,SIG_GHOST,18,185,1,2,0.669875723630053
GHOST,SIG_GHOST,18,186,1,0,1.3530094073803574
GHOST,SIG_GHOST,18,187,1,2,1.273483210676753
GHOST,SIG_GHOST,18,188,1,0,1.3686935773547113
GHOST,SIG_GHOST,18,189,1,2,1.3384385853553464
GHOST,SIG_GHOST,18,190,1,1,1.3097747989547537
GHOST,SIG_GHOST,18,191,1,1,1.313067239867677
GHOST,SIG_GHOST,18,192,1,3,1.3230575332565941
GHOST,SIG_GHOST,18,193,1,2,1.034627634410395
GHOST,SIG_GHOST,18,194,1,0,1.3705888753967692
GHOST,SIG_GHOST,18,195,1,3,1.3692299884284795
GHOST,SIG_GHOST,18,196,1,2,1.3171779905461094
GHOST,SIG_GHOST,18,197,1,3,1.3634348324149275
GHOST,SIG_GHOST,18,198,1,1,1.0660365275137285
GHOST,SIG_GHOST,18,199,1,2,1.3618962528873133
GHOST,SIG_GHOST,19,0,1,1,1.3466478681113867
GHOST,SIG_GHOST,19,1,1,1,1.3508588786074351
GHOST,SIG_GHOST,19,2,1,3,1.3799192472109838
GHOST,SIG_GHOST,19,3,1,1,1.375955290485628
GHOST,SIG_GHOST,19,4,1,1,1.3538600263778413
GHOST,SIG_GHOST,19,5,1,3,1.2548136541268335
GHOST,SIG_GHOST,19,6,1,1,1.0619777847306127
GHOST,SIG_GHOST,19,7,1,2,1.3189676672998543
GHOST,SIG_GHOST,19,8,1,2,0.9415098091665481
GHOST,SIG_GHOST,19,9,1,3,1.3540712624557412
GHOST,SIG_GHOST,19,10,1,0,0.8323827830530971
GHOST,SIG_GHOST,19,11,1,2,1.3051823380214385
GHOST,SIG_GHOST,19,12,1,3,1.38157609311251
GHOST,SIG_GHOST,19,13,1,0,1.374904248251937
GHOST,SIG_GHOST,19,14,1,0,1.359849158611096
GHOST,SIG_GHOST,19,15,1,1,1.376194669776452
GHOST,SIG_GHOST,19,16,1,3,1.3640960124112016
GHOST,SIG_GHOST,19,17,1,3,1.3856967055819212
GHOST,SIG_GHOST,19,18,1,1,1.363836594079023
GHOST,SIG_GHOST,19,19,1,3,1.372921047688621
GHOST,SIG_GHOST,19,20,1,3,1.2568561958524491
GHOST,SIG_GHOST,19,21,1,2,1.2430976936291582
GHOST,SIG_GHOST,19,22,1,1,1.374321314518583
GHOST,SIG_GHOST,19,23,1,1,1.3722350523451388
GHOST,SIG_GHOST,19,24,1,1,1.216054999031691
GHOST,SIG_GHOST,19,25,1,0,0.8512336244859726
GHOST,SIG_GHOST,19,26,1,0,1.0051039579352274
GHOST,SIG_GHOST,19,27,1,3,1.1230782827028325
GHOST,SIG_GHOST,19,28,1,0,1.3336091717103473
GHOST,SIG_GHOST,19,29,1,3,1.3501137925815594
GHOST,SIG_GHOST,19,30,1,1,1.3416006949047146
GHOST,SIG_GHOST,19,31,1,2,1.3734726353593372
GHOST,SIG_GHOST,19,32,1,1,1.3468092339418711
GHOST,SIG_GHOST,19,33,1,2,1.3758067433546428
GHOST,SIG_GHOST,19,34,1,3,0.967248002787739
GHOST,SIG_GHOST,19,35,1,0,1.374908109312062
GHOST,SIG_GHOST,19,36,1,2,1.3533136813920574
GHOST,SIG_GHOST,19,37,1,1,1.3848375181249049
GHOST,SIG_GHOST,19,38,1,0,1.356607646751602
GHOST,SIG_GHOST,19,39,1,1,1.1499579467178969
GHOST,SIG_GHOST,19,40,1,0,1.2678141734212927
GHOST,SIG_GHOST,19,41,1,2,1.3508797530171623
GHOST,SIG_GHOST,19,42,1,3,1.3136923748379865
GHOST,SIG_GHOST,19,43,1,0,1.3252129405922695
GHOST,SIG_GHOST,19,44,1,0,1.2234458940753206
GHOST,SIG_GHOST,19,45,1,1,1.3655939442699878
GHOST,SIG_GHOST,19,46,1,1,1.3749301401225182
GHOST,SIG_GHOST,19,47,1,1,1.3709274779338643
GHOST,SIG_GHOST,19,48,1,2,1.3830543449153903
GHOST,SIG_GHOST,19,49,1,2,0.874859254243638
GHOST,SIG_GHOST,19,50,1,3,1.3398446372065211
GHOST,SIG_GHOST,19,51,1,3,1.37758640964858
GHOST,SIG_GHOST,19,52,1,2,1.3420274948540478
GHOST,SIG_GHOST,19,53,1,1,1.3683297477710403
GHOST,SIG_GHOST,19,54,1,3,1.362588229293015
GHOST,SIG_GHOST,19,55,1,2,1.3530147056606037
GHOST,SIG_GHOST,19,56,1,3,1.366649413919168
GHOST,SIG_GHOST,19,57,1,0,1.3648526486964554
GHOST,SIG_GHOST,19,58,1,3,1.164937001520574
GHOST,SIG_GHOST,19,59,1,0,1.3019964533636998
GHOST,SIG_GHOST,19,60,1,0,0.9863607764035047
GHOST,SIG_GHOST,19,61,1,0,1.3795982047394877
GHOST,SIG_GHOST,19,62,1,2,1.3382704336818725
GHOST,SIG_GHOST,19,63,1,2,1.3618955955252185
GHOST,SIG_GHOST,19,64,1,2,1.130174976797218
GHOST,SIG_GHOST,19,65,1,0,1.3269599013667865
GHOST,SIG_GHOST,19,66,1,2,1.340784027963884
GHOST,SIG_GHOST,19,67,1,2,1.3482017158961086
GHOST,SIG_GHOST,19,68,1,1,1.3498090325867245
GHOST,SIG_GHOST,19,69,1,3,0.8905691615082305
GHOST,SIG_GHOST,19,70,1,1,1.3720467574066375
GHOST,SIG_GHOST,19,71,1,2,1.3156442179002332
GHOST,SIG_GHOST,19,72,1,2,1.3714046770856059
GHOST,SIG_GHOST,19,73,1,1,0.9901979101988603
GHOST,SIG_GHOST,19,74,1,0,1.3767274404502152
GHOST,SIG_GHOST,19,75,1,3,1.2349725187926468
GHOST,SIG_GHOST,19,76,1,3,1.2132387313967683
GHOST,SIG_GHOST,19,77,1,0,1.3375414092488485
GHOST,SIG_GHOST,19,78,1,0,1.0399532273429346
GHOST,SIG_GHOST,19,79,1,3,1.3859596345605814
GHOST,SIG_GHOST,19,80,1,0,1.3241243645666327
GHOST,SIG_GHOST,19,81,1,3,1.3371690861947456
GHOST,SIG_GHOST,19,82,1,2,1.3533440330276065
GHOST,SIG_GHOST,19,83,1,3,1.1433575850794284
GHOST,SIG_GHOST,19,84,1,1,1.334988927834546
GHOST,SIG_GHOST,19,85,1,1,1.3719576032985497
GHOST,SIG_GHOST,19,86,1,1,1.0928321788367725
GHOST,SIG_GHOST,19,87,1,0,1.3409586352140894
GHOST,SIG_GHOST,19,88,1,3,1.3605304151730386
GHOST,SIG_GHOST,19,89,1,1,1.3840468368600147
GHOST,SIG_GHOST,19,90,1,0,1.1764745860952457
GHOST,SIG_GHOST,19,91,1,3,1.3666287146518874
GHOST,SIG_GHOST,19,92,1,3,1.3607463050374387
GHOST,SIG_GHOST,19,93,1,1,1.3826473163946655
GHOST,SIG_GHOST,19,94,1,2,1.3550296430006497
GHOST,SIG_GHOST,19,95,1,1,1.311801864893621
GHOST,SIG_GHOST,19,96,1,2,1.2559352002774762
GHOST,SIG_GHOST,19,97,1,1,1.373170381558972
GHOST,SIG_GHOST,19,98,1,2,1.3559345559783749
GHOST,SIG_GHOST,19,99,1,2,1.3772926691435017
GHOST,SIG_GHOST,19,100,1,3,1.3649214801556062
GHOST,SIG_GHOST,19,101,1,1,1.3631404212421856
GHOST,SIG_GHOST,19,102,1,3,1.3687532324430745
GHOST,SIG_GHOST,19,103,1,3,1.3602376821493127
GHOST,SIG_GHOST,19,104,1,1,1.3795446242922238
GHOST,SIG_GHOST,19,105,1,2,1.3429657625309595
GHOST,SIG_GHOST,19,106,1,2,1.3361602394585677
GHOST,SIG_GHOST,19,107,1,2,1.356338434090414
GHOST,SIG_GHOST,19,108,1,3,1.3368857726371686
GHOST,SIG_GHOST,19,109,1,3,1.379671280426133
GHOST,SIG_GHOST,19,110,1,1,1.3725082728145057
GHOST,SIG_GHOST,19,111,1,2,1.380651155310808
GHOST,SIG_GHOST,19,112,1,1,1.3680224793486873
GHOST,SIG_GHOST,19,113,1,0,1.3533377227169119
GHOST,SIG_GHOST,19,114,1,1,1.3364130629731041
GHOST,SIG_GHOST,19,115,1,2,1.156303269829424
GHOST,SIG_GHOST,19,116,1,1,1.3797028212673157
GHOST,SIG_GHOST,19,117,1,0,0.9459675179818716
GHOST,SIG_GHOST,19,118,1,1,1.2764509930665318
GHOST,SIG_GHOST,19,119,1,1,1.3752198086751384
GHOST,SIG_GHOST,19,120,1,3,1.377821591352308
GHOST,SIG_GHOST,19,121,1,1,1.3759913114229878
GHOST,SIG_GHOST,19,122,1,3,1.376116801882328
GHOST,SIG_GHOST,19,123,1,0,1.367446969324006
GHOST,SIG_GHOST,19,124,1,1,1.2114632777433603
GHOST,SIG_GHOST,19,125,1,2,1.167351426524446
GHOST,SIG_GHOST,19,126,1,1,1.3660607448102355
GHOST,SIG_GHOST,19,127,1,1,1.3503425436420402
GHOST,SIG_GHOST,19,128,1,2,1.367560053997269
GHOST,SIG_GHOST,19,129,1,3,1.3491644013038402
GHOST,SIG_GHOST,19,130,1,3,1.2869604429113521
GHOST,SIG_GHOST,19,131,1,0,0.8821922863812527
GHOST,SIG_GHOST,19,132,1,1,1.3758894810002218
GHOST,SIG_GHOST,19,133,1,1,1.206083619522454
GHOST,SIG_GHOST,19,134,1,3,0.9989366539591547
GHOST,SIG_GHOST,19,135,1,2,1.3723655889544821
GHOST,SIG_GHOST,19,136,1,0,1.3340749764686373
GHOST,SIG_GHOST,19,137,1,1,1.3144299160571138
GHOST,SIG_GHOST,19,138,1,2,1.3849401389022997
GHOST,SIG_GHOST,19,139,1,0,1.3055528863046546
GHOST,SIG_GHOST,19,140,1,1,1.3772786787568503
GHOST,SIG_GHOST,19,141,1,2,1.359773497739314
GHOST,SIG_GHOST,19,142,1,2,1.2984104178935572
GHOST,SIG_GHOST,19,143,1,2,1.378387966568241
GHOST,SIG_GHOST,19,144,1,1,1.0502145766249793
GHOST,SIG_GHOST,19,145,1,1,1.3671148063519147
GHOST,SIG_GHOST,19,146,1,2,1.1655535685157468
GHOST,SIG_GHOST,19,147,1,2,1.3451853949802826
GHOST,SIG_GHOST,19,148,1,2,1.375164754079123
GHOST,SIG_GHOST,19,149,1,2,1.3526460152202533
GHOST,SIG_GHOST,19,150,1,2,1.302560321163232
GHOST,SIG_GHOST,19,151,1,3,0.8877579728387278
GHOST,SIG_GHOST,19,152,1,1,1.2052772313087843
GHOST,SIG_GHOST,19,153,1,3,1.375077991132939
GHOST,SIG_GHOST,19,154,1,1,1.2690742146175367
GHOST,SIG_GHOST,19,155,1,2,1.3851575459525503
GHOST,SIG_GHOST,19,156,1,0,1.1517067938967183
GHOST,SIG_GHOST,19,157,1,3,1.3482252509787689
GHOST,SIG_GHOST,19,158,1,3,1.2763277449224564
GHOST,SIG_GHOST,19,159,1,0,1.2134098286532375
GHOST,SIG_GHOST,19,160,1,3,1.3249243200321674
GHOST,SIG_GHOST,19,161,1,0,0.7656324490005495
GHOST,SIG_GHOST,19,162,1,0,1.2572542996755889
GHOST,SIG_GHOST,19,163,1,2,1.3491351854818223
GHOST,SIG_GHOST,19,164,1,0,1.2066977235161993
GHOST,SIG_GHOST,19,165,1,3,1.0635170968355268
GHOST,SIG_GHOST,19,166,1,0,0.5643244161786688
GHOST,SIG_GHOST,19,167,1,2,1.3770785912650552
GHOST,SIG_GHOST,19,168,1,0,1.0165480489280327
GHOST,SIG_GHOST,19,169,1,2,1.3849851685073138
GHOST,SIG_GHOST,19,170,1,3,1.3816218570297294
GHOST,SIG_GHOST,19,171,1,3,0.8862923559536785
GHOST,SIG_GHOST,19,172,1,0,1.3729794102126696
GHOST,SIG_GHOST,19,173,1,3,1.3696601899451675
GHOST,SIG_GHOST,19,174,1,0,1.1880156210524273
GHOST,SIG_GHOST,19,175,1,0,1.3575369776080626
GHOST,SIG_GHOST,19,176,1,3,1.351353794118028
GHOST,SIG_GHOST,19,177,1,3,1.3678274639256125
GHOST,SIG_GHOST,19,178,1,2,1.1536640158798288
GHOST,SIG_GHOST,19,179,1,0,1.2398792822547091
GHOST,SIG_GHOST,19,180,1,0,1.3707621861496204
GHOST,SIG_GHOST,19,181,1,2,1.3248634334014162
GHOST,SIG_GHOST,19,182,1,2,1.261301023726414
GHOST,SIG_GHOST,19,183,1,1,1.265685115066527
GHOST,SIG_GHOST,19,184,1,1,1.3159255215122863
GHOST,SIG_GHOST,19,185,1,2,1.3718716163280855
GHOST,SIG_GHOST,19,186,1,1,1.381251300515306
GHOST,SIG_GHOST,19,187,1,0,1.3092647563249322
GHOST,SIG_GHOST,19,188,1,1,1.3552527140472934
GHOST,SIG_GHOST,19,189,1,2,1.354978677028059
GHOST,SIG_GHOST,19,190,1,1,1.377357995923766
GHOST,SIG_GHOST,19,191,1,0,1.3776645935731033
GHOST,SIG_GHOST,19,192,1,1,1.3606060108253253
GHOST,SIG_GHOST,19,193,1,3,1.2560352024023311
GHOST,SIG_GHOST,19,194,1,0,1.3619674063479656
GHOST,SIG_GHOST,19,195,1,3,1.3819653969544956
GHOST,SIG_GHOST,19,196,1,0,1.350482622903227
GHOST,SIG_GHOST,19,197,1,1,1.3406656065623854
GHOST,SIG_GHOST,19,198,1,1,1.3505325463548865
GHOST,SIG_GHOST,19,199,1,2,1.0147372641116716
