arm,synth_seed,favoured_k,synth_lean,synth_k_realized,synth_entropy,kappa,signing_rate,contamination,seed_rep,kl_recovered,kl_naive,bound,naive_kl,naive_regret,naive_regret_norm,naive_argmax_preserved,naive_sycophancy,naive_entropy_recovered,weighted_kl,weighted_regret,weighted_regret_norm,weighted_argmax_preserved,weighted_sycophancy,weighted_entropy_recovered
biased,17,0,0.9516310506386029,0,0.22551510231363753,0.1,0.0,0.0,0,0.0006248145638920307,0.00030515746783508785,-3.9999226153601766e-12,0.00030515746783508785,1.291085097093314,0.04303616990311046,1,,1.2878050915512116,0.0006248145638920307,1.5530236323758329,0.05176745441252775,1,,1.2910806714186778
biased,187,1,0.9571211475764383,1,0.6327694676359189,0.1,0.0,0.0,0,0.02639445806694429,0.005106763827227936,-3.9999226153601766e-12,0.005106763827227936,0.33166406236556645,0.01105546874551888,1,,1.2971225502434818,0.02639445806694429,0.09360719631265058,0.003120239877088352,1,,1.2746500339041202
biased,109,2,0.9634827409194409,2,0.1902849391926143,0.1,0.0,0.0,0,0.00045173003902398545,0.0002380279211273966,-3.9999226153601766e-12,0.0002380279211273966,1.174541217161923,0.03915137390539743,1,,1.2849057708290452,0.00045173003902398545,1.1565477692441817,0.038551592308139385,1,,1.2824274070022863
biased,45,3,0.9586446444924583,3,0.20325096875146026,0.1,0.0,0.0,0,7.075738283356505e-05,0.00013733236708790737,-3.9999226153601766e-12,0.00013733236708790737,1.160367583408095,0.0386789194469365,1,,1.284155406519247,7.075738283356505e-05,1.1682048749637686,0.03894016249879228,1,,1.2808898812070537
symmetric,0,-1,0.25,0,1.5145789899825082,0.1,0.0,0.0,0,0.00017436587581994185,0.00018496534794265954,-3.9999226153601766e-12,0.00018496534794265954,1.1716208256123073,0.03905402752041024,1,,1.2849597142254978,0.00017436587581994185,1.150492744399878,0.038349758146662596,1,,1.2847871651327087
biased,17,0,0.9516310506386029,0,0.22551510231363753,0.1,0.0,0.0,1,0.0006598671404629323,0.0008438175761795656,-3.9999226153601766e-12,0.0008438175761795656,0.7717746014825722,0.02572582004941907,1,,1.2712861616838735,0.0006598671404629323,0.9072595541411932,0.03024198513803977,1,,1.2737379313922448
biased,187,1,0.9571211475764383,1,0.6327694676359189,0.1,0.0,0.0,1,0.01167718708655734,0.0023236012304007764,-3.9999226153601766e-12,0.0023236012304007764,0.36691778844943346,0.012230592948314446,1,,1.2739191849775173,0.01167718708655734,0.07836809862909466,0.002612269954303155,1,,1.2651983722339046
biased,109,2,0.9634827409194409,2,0.1902849391926143,0.1,0.0,0.0,1,0.0022704171302899553,0.0015293605125160775,-3.9999226153601766e-12,0.0015293605125160775,0.6756807965796696,0.022522693219322317,1,,1.2664581137312134,0.0022704171302899553,0.6661230850256994,0.022204102834189977,1,,1.2631838042720602
biased,45,3,0.9586446444924583,3,0.20325096875146026,0.1,0.0,0.0,1,0.0012011932362075831,0.001165434511340884,-3.9999226153601766e-12,0.001165434511340884,0.6719036842451065,0.02239678947483688,1,,1.265798590978426,0.0012011932362075831,0.6718362359936669,0.022394541199788894,1,,1.263723954408863
symmetric,0,-1,0.25,0,1.5145789899825082,0.1,0.0,0.0,1,0.0012026920488213215,0.0012021550874130541,-3.9999226153601766e-12,0.0012021550874130541,0.6762366627295291,0.0225412220909843,1,,1.2668822320738709,0.0012026920488213215,0.6706065437720288,0.022353551459067623,1,,1.2669740090548434
biased,17,0,0.9516310506386029,0,0.22551510231363753,0.1,0.0,0.0,2,0.001143142370440629,0.0006731967723313213,-3.9999226153601766e-12,0.0006731967723313213,1.2837225042654221,0.04279075014218073,1,,1.2917784414479425,0.001143142370440629,1.5902565242508715,0.05300855080836238,1,,1.294686544398627
biased,187,1,0.9571211475764383,1,0.6327694676359189,0.1,0.0,0.0,2,0.02313711238767038,0.0036298605295272575,-3.9999226153601766e-12,0.0036298605295272575,0.4941358189218148,0.01647119396406049,1,,1.2981841754824284,0.02313711238767038,0.15873921139313296,0.0052913070464377645,1,,1.2788914164536862
biased,109,2,0.9634827409194409,2,0.1902849391926143,0.1,0.0,0.0,2,5.56665949115482e-05,0.0002209285319366512,-3.9999226153601766e-12,0.0002209285319366512,1.1019208894392785,0.03673069631464261,1,,1.2867512060808128,5.56665949115482e-05,1.0666456298839944,0.03555485432946647,1,,1.2841759473459171
biased,45,3,0.9586446444924583,3,0.20325096875146026,0.1,0.0,0.0,2,0.0005116485217441149,0.00043954758340007086,-3.9999226153601766e-12,0.00043954758340007086,1.1285811040371296,0.037619370134570985,1,,1.2852948373958282,0.0005116485217441149,1.1250860421403497,0.03750286807134499,1,,1.2819820416109573
symmetric,0,-1,0.25,0,1.5145789899825082,0.1,0.0,0.0,2,0.00033420264207540383,0.00035458611616429026,-3.9999226153601766e-12,0.00035458611616429026,1.1107438433427874,0.03702479477809291,1,,1.2872417050975926,0.00033420264207540383,1.1211688102782502,0.03737229367594167,1,,1.2867917482198237
biased,17,0,0.9516310506386029,0,0.22551510231363753,0.1,0.0,0.2,0,0.0014193144119770181,0.004064097361507011,0.029320512888574714,0.004064097361507011,0.8140212727471341,0.027134042424904466,1,,1.3085673613937088,0.0014193144119770181,1.7587203700706266,0.05862401233568754,1,,1.2989182815264506
biased,187,1,0.9571211475764383,1,0.6327694676359189,0.1,0.0,0.2,0,0.018056573240862964,0.009580428206778749,0.04355620225286259,0.009580428206778749,4.9347447308421835,0.16449149102807276,1,,1.3098124612240276,0.018056573240862964,0.15460904671326103,0.005153634890442033,1,,1.2923372865224838
biased,109,2,0.9634827409194409,2,0.1902849391926143,0.1,0.0,0.2,0,0.0008515158271691203,0.007321224130955779,0.06879132651946872,0.007321224130955779,1.6313191612781774,0.05437730537593924,1,,1.3250840997912925,0.0008515158271691203,1.3628027875048687,0.04542675958349562,1,,1.2921378092086477
biased,45,3,0.9586446444924583,3,0.20325096875146026,0.1,0.0,0.2,0,0.00046775632094963986,0.027550122730376755,0.12763007985929342,0.027550122730376755,2.5429077851177375,0.0847635928372579,1,,1.3446332741687634,0.00046775632094963986,1.4113077304631405,0.04704359101543801,1,,1.2905271004579841
symmetric,0,-1,0.25,0,1.5145789899825082,0.1,0.0,0.2,0,0.0010638687284700108,0.009915417856420763,0.029320512888574714,0.009915417856420763,1.8947948991214936,0.06315982997071644,1,,1.3245521371434872,0.0010638687284700108,1.3723827554493306,0.045746091848311014,1,,1.2970437158629182
biased,17,0,0.9516310506386029,0,0.22551510231363753,0.1,0.0,0.2,1,0.0010999979009071919,0.0030279287112394936,0.029320512888574714,0.0030279287112394936,0.3821653905218325,0.012738846350727749,1,,1.2843827631149425,0.0010999979009071919,0.7309134473877765,0.02436378157959255,1,,1.260985286541708
biased,187,1,0.9571211475764383,1,0.6327694676359189,0.1,0.0,0.2,1,0.0034034546577005917,0.019487267759827995,0.04355620225286259,0.019487267759827995,7.117942729977361,0.237264757665912,0,,1.2537143330865537,0.0034034546577005917,0.2421826557642448,0.008072755192141493,1,,1.259773336405675
biased,109,2,0.9634827409194409,2,0.1902849391926143,0.1,0.0,0.2,1,0.0028928036874316795,0.0035127548903301324,0.06879132651946872,0.0035127548903301324,0.9369363165008193,0.031231210550027307,1,,1.3091949384886694,0.0028928036874316795,0.5537553572849019,0.01845851190949673,1,,1.251192953253272
biased,45,3,0.9586446444924583,3,0.20325096875146026,0.1,0.0,0.2,1,0.0018206541800441442,0.04030125759036991,0.12763007985929342,0.04030125759036991,1.6332640086301364,0.05444213362100454,1,,1.3394060808121584,0.0018206541800441442,0.5935410323530566,0.019784701078435215,1,,1.2563679957956095
symmetric,0,-1,0.25,0,1.5145789899825082,0.1,0.0,0.2,1,0.001122796427352156,0.006134073905070904,0.029320512888574714,0.006134073905070904,1.3374403757442699,0.04458134585814232,1,,1.3104253104692005,0.001122796427352156,0.643733754845538,0.021457791828184594,1,,1.2661119869935438
biased,17,0,0.9516310506386029,0,0.22551510231363753,0.1,0.0,0.2,2,0.0012779208664887992,0.004696773695338909,0.029320512888574714,0.004696773695338909,1.41904458949903,0.04730148631663433,1,,1.3169700284150627,0.0012779208664887992,1.5277710117691468,0.05092570039230489,1,,1.2989588389393678
biased,187,1,0.9571211475764383,1,0.6327694676359189,0.1,0.0,0.2,2,0.014233394196235611,0.010874629251652489,0.04355620225286259,0.010874629251652489,6.15696813665279,0.20523227122175966,0,,1.299581046670468,0.014233394196235611,0.1831102756262859,0.006103675854209529,1,,1.2895861890985463
biased,109,2,0.9634827409194409,2,0.1902849391926143,0.1,0.0,0.2,2,0.00023970839333121823,0.007139540506065689,0.06879132651946872,0.007139540506065689,1.9228427372575574,0.06409475790858524,1,,1.3236886296444053,0.00023970839333121823,0.990417378318531,0.033013912610617695,1,,1.2877192846229113
biased,45,3,0.9586446444924583,3,0.20325096875146026,0.1,0.0,0.2,2,0.00025099231865248874,0.020317792057318207,0.12763007985929342,0.020317792057318207,2.8129554534029544,0.09376518178009846,1,,1.3415382055356304,0.00025099231865248874,1.0563163188099578,0.03521054396033192,1,,1.2862362579790172
symmetric,0,-1,0.25,0,1.5145789899825082,0.1,0.0,0.2,2,0.000686165642431083,0.009098283891481873,0.029320512888574714,0.009098283891481873,2.3109707699276836,0.07703235899758945,1,,1.3277967377774882,0.000686165642431083,1.0841259032601969,0.036137530108673224,1,,1.2944611149775023
biased,17,0,0.9516310506386029,0,0.22551510231363753,0.1,0.0,0.4,0,0.0008496935669247681,0.009327114389396714,0.1169050981581141,0.009327114389396714,0.4174431031711501,0.013914770105705,1,,1.3127377120521921,0.0008496935669247681,1.8455610754633034,0.06151870251544344,1,,1.2816201920619708
biased,187,1,0.9571211475764383,1,0.6327694676359189,0.1,0.0,0.4,0,0.0038357618014067604,0.0453437001148049,0.1678157027674238,0.0453437001148049,9.637253197620222,0.3212417732540073,0,,1.2745898820901764,0.0038357618014067604,0.2935423960178263,0.009784746533927541,1,,1.2860532706776682
biased,109,2,0.9634827409194409,2,0.1902849391926143,0.1,0.0,0.4,0,0.000896011765115114,0.018189163753266825,0.2516696520021913,0.018189163753266825,2.209786548570208,0.07365955161900693,1,,1.344992672101339,0.000896011765115114,1.469673974411423,0.048989132480380754,1,,1.2742322964875796
biased,45,3,0.9586446444924583,3,0.20325096875146026,0.1,0.0,0.4,0,0.0006668475807670056,0.08818745393352727,0.4261400627676878,0.08818745393352727,6.705191921965826,0.2235063973988608,1,,1.3611137303106227,0.0006668475807670056,1.5595254711940676,0.05198418237313558,1,,1.2778837752859848
symmetric,0,-1,0.25,0,1.5145789899825082,0.1,0.0,0.4,0,0.0009863702217135749,0.03229114248392069,0.1169050981581141,0.03229114248392069,2.80295560884255,0.09343185362808498,1,,1.3484091170861954,0.0009863702217135749,1.5198945440535017,0.050663151468450046,1,,1.2894001177686536
biased,17,0,0.9516310506386029,0,0.22551510231363753,0.1,0.0,0.4,1,0.00018769245100018917,0.010906226358150105,0.1169050981581141,0.010906226358150105,0.2870851013566156,0.009569503378553851,1,,1.308474718010277,0.00018769245100018917,0.9058682184223954,0.03019560728074651,1,,1.273379721798386
biased,187,1,0.9571211475764383,1,0.6327694676359189,0.1,0.0,0.4,1,0.0024104695841943745,0.08741543969540896,0.1678157027674238,0.08741543969540896,9.93547797908464,0.33118259930282123,0,,1.1998328021071967,0.0024104695841943745,2.044660073171989,0.06815533577239961,1,,1.2692719749944938
biased,109,2,0.9634827409194409,2,0.1902849391926143,0.1,0.0,0.4,1,0.001463699806845339,0.024258932923799874,0.2516696520021913,0.024258932923799874,2.889086549656239,0.09630288498854128,1,,1.3474177384409285,0.001463699806845339,0.6821755485800274,0.022739184952667576,1,,1.2632542286342603
biased,45,3,0.9586446444924583,3,0.20325096875146026,0.1,0.0,0.4,1,0.0006584158185656145,0.14447766900175632,0.4261400627676878,0.14447766900175632,14.218551191182483,0.47395170637274936,0,,1.356024258180446,0.0006584158185656145,0.8217806111090631,0.027392687036968764,1,,1.2747440995479804
symmetric,0,-1,0.25,0,1.5145789899825082,0.1,0.0,0.4,1,0.0014259503272986002,0.027985812757734638,0.1169050981581141,0.027985812757734638,3.4760239611297203,0.11586746537099067,1,,1.348030223455824,0.0014259503272986002,1.0195460440506454,0.03398486813502151,1,,1.2927714166088005
biased,17,0,0.9516310506386029,0,0.22551510231363753,0.1,0.0,0.4,2,0.0003693606123001351,0.009925986911552408,0.1169050981581141,0.009925986911552408,1.4533476485034946,0.04844492161678315,1,,1.3297325454137687,0.0003693606123001351,1.3601818893463402,0.04533939631154467,1,,1.288993236036209
biased,187,1,0.9571211475764383,1,0.6327694676359189,0.1,0.0,0.4,2,0.0030251949857515257,0.053710323923657884,0.1678157027674238,0.053710323923657884,9.780564326142565,0.3260188108714188,0,,1.2558730951738875,0.0030251949857515257,0.32686066815821313,0.01089535560527377,1,,1.2855524670825216
biased,109,2,0.9634827409194409,2,0.1902849391926143,0.1,0.0,0.4,2,0.0004351706774753895,0.018391924553206228,0.2516696520021913,0.018391924553206228,3.3548510179413125,0.1118283672647104,1,,1.3446784395301479,0.0004351706774753895,0.8706036519630866,0.029020121732102885,1,,1.2761216110941198
biased,45,3,0.9586446444924583,3,0.20325096875146026,0.1,0.0,0.4,2,7.113403939883623e-05,0.06485133636234028,0.4261400627676878,0.06485133636234028,6.372455424440698,0.2124151808146899,0,,1.359693370322378,7.113403939883623e-05,0.9740353642398281,0.03246784547466093,1,,1.2755893753912835
symmetric,0,-1,0.25,0,1.5145789899825082,0.1,0.0,0.4,2,0.0004445253375714546,0.02581969419540591,0.1169050981581141,0.02581969419540591,4.472066614763054,0.14906888715876845,1,,1.3478118766469767,0.0004445253375714546,1.1092779008561204,0.03697593002853734,1,,1.2896784269736312
biased,17,0,0.9516310506386029,0,0.22551510231363753,0.1,0.0,0.6,0,0.001576460989724469,0.019654590145205583,0.2678991778381227,0.019654590145205583,0.2611469444130543,0.008704898147101809,1,0.415,1.3213523402783989,0.001576460989724469,2.2076171383082768,0.0735872379436092,1,0.665,1.2815040566294562
biased,187,1,0.9571211475764383,1,0.6327694676359189,0.1,0.0,0.6,0,0.0009030377843782331,0.10104335665197554,0.37377608596644457,0.10104335665197554,9.979232721903475,0.3326410907301158,0,0.205,1.231359910871238,0.0009030377843782331,1.4923563434205311,0.04974521144735103,1,0.415,1.289403357157954
biased,109,2,0.9634827409194409,2,0.1902849391926143,0.1,0.0,0.6,0,0.0018542140256753107,0.03672501769985516,0.5389542592987089,0.03672501769985516,3.555806711611992,0.11852689038706637,1,1.0,1.3625679855079893,0.0018542140256753107,1.8673468327094933,0.06224489442364977,1,0.415,1.2739833883097886
biased,45,3,0.9586446444924583,3,0.20325096875146026,0.1,0.0,0.6,0,0.001855437916199024,0.16671356387145747,0.8581660503517049,0.16671356387145747,18.610905428931453,0.620363514297715,0,0.75,1.3550190439910896,0.001855437916199024,2.095881644129838,0.06986272147099458,1,0.415,1.2806683933180607
symmetric,0,-1,0.25,0,1.5145789899825082,0.1,0.0,0.6,0,0.0037241035265872975,0.0653828293860736,0.2678991778381227,0.0653828293860736,4.893382753975073,0.16311275846583573,1,1.0,1.36456785408805,0.0037241035265872975,2.013997614465918,0.06713325381553058,1,0.665,1.302360667451797
biased,17,0,0.9516310506386029,0,0.22551510231363753,0.1,0.0,0.6,1,7.410136034534365e-05,0.022653463644060227,0.2678991778381227,0.022653463644060227,0.24528540822764122,0.008176180274254706,1,0.68,1.3241805556633568,7.410136034534365e-05,1.167370564916087,0.03891235216386956,1,0.68,1.2798289534550675
biased,187,1,0.9571211475764383,1,0.6327694676359189,0.1,0.0,0.6,1,0.032348607874997715,0.19755809378974384,0.37377608596644457,0.19755809378974384,9.999076451907973,0.3333025483969324,0,0.205,1.097597309812459,0.032348607874997715,8.78957624158972,0.29298587471965726,0,0.395,1.2389921394202086
biased,109,2,0.9634827409194409,2,0.1902849391926143,0.1,0.0,0.6,1,0.0006462122034762605,0.05965192804656255,0.5389542592987089,0.05965192804656255,10.027875227716198,0.3342625075905399,1,1.0,1.3654916296287996,0.0006462122034762605,0.8823838314782562,0.029412794382608534,1,0.395,1.2693977566195198
biased,45,3,0.9586446444924583,3,0.20325096875146026,0.1,0.0,0.6,1,0.0011677645908073665,0.286908318767085,0.8581660503517049,0.286908318767085,28.626442842125726,0.9542147614041907,0,0.715,1.324195203920349,0.0011677645908073665,1.243984555233324,0.04146615184111079,1,0.395,1.2905890718723774
symmetric,0,-1,0.25,0,1.5145789899825082,0.1,0.0,0.6,1,0.00764064674115008,0.07131728736958493,0.2678991778381227,0.07131728736958493,7.092679601711166,0.23642265339037216,0,1.0,1.3705856716888647,0.00764064674115008,1.7715415603214046,0.05905138534404681,1,0.68,1.3206379128845593
biased,17,0,0.9516310506386029,0,0.22551510231363753,0.1,0.0,0.6,2,0.0016240507968257115,0.020923432714358356,0.2678991778381227,0.020923432714358356,2.1298003818066014,0.07099334606022004,1,0.715,1.3478952857172326,0.0016240507968257115,2.2794796025290607,0.07598265341763535,1,0.715,1.2935211644679763
biased,187,1,0.9571211475764383,1,0.6327694676359189,0.1,0.0,0.6,2,0.0025230498698256085,0.13680847879597083,0.37377608596644457,0.13680847879597083,9.995617129943934,0.33318723766479774,0,0.265,1.1827465492678457,0.0025230498698256085,2.803047681382548,0.09343492271275158,1,0.715,1.2849330242207877
biased,109,2,0.9634827409194409,2,0.1902849391926143,0.1,0.0,0.6,2,0.00035258626644458103,0.04161956281810375,0.5389542592987089,0.04161956281810375,7.335798975338798,0.24452663251129322,1,1.0,1.3633970997423503,0.00035258626644458103,1.3922697912820914,0.04640899304273637,1,0.445,1.2805335493847165
biased,45,3,0.9586446444924583,3,0.20325096875146026,0.1,0.0,0.6,2,0.0005318531862751382,0.13578891207587165,0.8581660503517049,0.13578891207587165,12.859893083963458,0.4286631027987819,0,1.0,1.3606347281440816,0.0005318531862751382,1.6493862748863386,0.05497954249621128,1,0.715,1.2819253241769397
symmetric,0,-1,0.25,0,1.5145789899825082,0.1,0.0,0.6,2,0.002569619479934084,0.05718721614733016,0.2678991778381227,0.05718721614733016,8.05757158804844,0.26858571960161465,0,1.0,1.3635187175997507,0.002569619479934084,2.203662044829291,0.0734554014943097,1,0.715,1.3031836249734081
biased,17,0,0.9516310506386029,0,0.22551510231363753,0.1,0.0,0.8,0,0.0010761518519881788,0.03631483935693332,0.5007099276256659,0.03631483935693332,0.17711452951962303,0.0059038176506541005,1,0.415,1.3261102788529853,0.0010761518519881788,1.832189777340315,0.06107299257801049,1,0.665,1.293909143178348
biased,187,1,0.9571211475764383,1,0.6327694676359189,0.1,0.0,0.8,0,0.03335514547659937,0.18476343050053615,0.6803876188043223,0.18476343050053615,9.999558467454339,0.33331861558181125,0,0.205,1.158659397106502,0.03335514547659937,9.153317339542289,0.3051105779847429,0,0.415,1.258748472609331
biased,109,2,0.9634827409194409,2,0.1902849391926143,0.1,0.0,0.8,0,0.0006056281807611686,0.06473370017316639,0.9479609352487752,0.06473370017316639,6.6514025088167505,0.22171341696055832,1,1.0,1.373086401113674,0.0006056281807611686,1.5940481607298496,0.053134938690994976,1,0.665,1.286925669229185
biased,45,3,0.9586446444924583,3,0.20325096875146026,0.1,0.0,0.8,0,0.0029986664117466547,0.26758917153454914,1.435691182254632,0.26758917153454914,27.72280723959859,0.9240935746532862,0,0.75,1.3320119607421084,0.0029986664117466547,2.2500366432514185,0.07500122144171394,1,0.665,1.302959587811566
symmetric,0,-1,0.25,0,1.5145789899825082,0.1,0.0,0.8,0,0.013881056820690275,0.10326465726190606,0.5007099276256659,0.10326465726190606,9.257866158320649,0.3085955386106883,1,1.0,1.3725339996161645,0.013881056820690275,2.0750352710117825,0.0691678423670594,1,0.665,1.334103402486871
biased,17,0,0.9516310506386029,0,0.22551510231363753,0.1,0.0,0.8,1,0.0020985574809566487,0.037642630503974955,0.5007099276256659,0.037642630503974955,0.24659388002953864,0.00821979600098462,1,0.68,1.3326919543153255,0.0020985574809566487,1.3686453293866863,0.045621510979556204,1,0.68,1.2900821369554685
biased,187,1,0.9571211475764383,1,0.6327694676359189,0.1,0.0,0.8,1,0.15632832251580103,0.34604476176812665,0.6803876188043223,0.34604476176812665,10.000000753025539,0.3333333584341846,0,0.205,0.9551586303713384,0.15632832251580103,9.993809138727428,0.3331269712909142,0,0.205,1.111183656902147
biased,109,2,0.9634827409194409,2,0.1902849391926143,0.1,0.0,0.8,1,0.00024598598304506744,0.10251625924160629,0.9479609352487752,0.10251625924160629,17.10796312313161,0.5702654374377203,0,1.0,1.3677856194751503,0.00024598598304506744,1.0334505816387285,0.034448352721290945,1,0.68,1.2806672706196098
biased,45,3,0.9586446444924583,3,0.20325096875146026,0.1,0.0,0.8,1,0.008676047577269183,0.45669854447427044,1.435691182254632,0.45669854447427044,29.838129526534473,0.994604317551149,0,0.525,1.2561806522880996,0.008676047577269183,2.2539121137742537,0.07513040379247511,1,0.68,1.3233936939598265
symmetric,0,-1,0.25,0,1.5145789899825082,0.1,0.0,0.8,1,0.031923580648597655,0.12341977667267062,0.5007099276256659,0.12341977667267062,13.707565893679408,0.45691886312264685,0,1.0,1.3782912229536262,0.031923580648597655,3.795709222000271,0.12652364073334235,1,1.0,1.357565552925521
biased,17,0,0.9516310506386029,0,0.22551510231363753,0.1,0.0,0.8,2,0.007620302153673576,0.038167998620745366,0.5007099276256659,0.038167998620745366,2.7335774942039146,0.09111924980679714,1,1.0,1.363685990564976,0.007620302153673576,4.085270332585134,0.13617567775283776,1,0.715,1.3152688635032646
biased,187,1,0.9571211475764383,1,0.6327694676359189,0.1,0.0,0.8,2,0.05656895093651756,0.26001373111128,0.6803876188043223,0.26001373111128,10.000023076195557,0.33333410253985185,0,0.265,1.0712686125320194,0.05656895093651756,9.814246764490486,0.3271415588163495,0,0.445,1.243103783632003
biased,109,2,0.9634827409194409,2,0.1902849391926143,0.1,0.0,0.8,2,0.0034555665322871364,0.0796036018695423,0.9479609352487752,0.0796036018695423,13.256463309402761,0.4418821103134253,0,1.0,1.3743467447807496,0.0034555665322871364,2.8174469045181114,0.09391489681727037,1,0.715,1.3047734658160561
biased,45,3,0.9586446444924583,3,0.20325096875146026,0.1,0.0,0.8,2,0.005991044096421804,0.23838089021907427,1.435691182254632,0.23838089021907427,21.110001723212793,0.703666724107093,0,0.73,1.3379555710878184,0.005991044096421804,3.7639758671150325,0.12546586223716774,1,0.715,1.3113897737374098
symmetric,0,-1,0.25,0,1.5145789899825082,0.1,0.0,0.8,2,0.018473763962597693,0.10296178107886686,0.5007099276256659,0.10296178107886686,10.615920405501239,0.35386401351670793,0,1.0,1.3697465127785518,0.018473763962597693,5.576471181944726,0.18588237273149083,0,0.715,1.338773694000095
biased,17,0,0.9516310506386029,0,0.22551510231363753,0.1,0.5,0.0,0,0.0010121159310991727,0.000931609915145841,-3.9999226153601766e-12,0.000931609915145841,1.3003137490457506,0.043343791634858346,1,,1.265659009091489,0.0010121159310991727,1.560633581169396,0.0520211193723132,1,,1.2689178526797311
biased,187,1,0.9571211475764383,1,0.6327694676359189,0.1,0.5,0.0,0,0.013236405645762658,0.000983684691962325,-3.9999226153601766e-12,0.000983684691962325,0.4721792733527519,0.015739309111758394,1,,1.2782814468946246,0.013236405645762658,0.09234469637551812,0.0030781565458506037,1,,1.2622584410652389
biased,109,2,0.9634827409194409,2,0.1902849391926143,0.1,0.5,0.0,0,0.0018575375232383687,0.0012333357451135736,-3.9999226153601766e-12,0.0012333357451135736,1.216572168970842,0.04055240563236139,1,,1.2624042430227953,0.0018575375232383687,1.2060580941765375,0.04020193647255124,1,,1.2589518790962264
biased,45,3,0.9586446444924583,3,0.20325096875146026,0.1,0.5,0.0,0,0.0014032859273960252,0.0010458554202900858,-3.9999226153601766e-12,0.0010458554202900858,1.207517054547802,0.040250568484926724,1,,1.2631504744510234,0.0014032859273960252,1.2064758310692647,0.04021586103564215,1,,1.2596756466622867
symmetric,0,-1,0.25,0,1.5145789899825082,0.1,0.5,0.0,0,0.001029861115474446,0.0010275114916539832,-3.9999226153601766e-12,0.0010275114916539832,1.2077554817875535,0.04025851605958511,1,,1.2634158048901254,0.001029861115474446,1.1960961338632892,0.039869871128776296,1,,1.263289695045824
biased,17,0,0.9516310506386029,0,0.22551510231363753,0.1,0.5,0.0,1,0.0014399969826177535,0.0010184377367631657,-3.9999226153601766e-12,0.0010184377367631657,1.7695683109717475,0.05898561036572491,1,,1.2743300787015457,0.0014399969826177535,2.073489277504109,0.06911630925013697,1,,1.2764951708114323
biased,187,1,0.9571211475764383,1,0.6327694676359189,0.1,0.5,0.0,1,0.001231061176884826,0.00019477982195149814,-3.9999226153601766e-12,0.00019477982195149814,1.1828766071769137,0.03942922023923045,1,,1.2765876832552487,0.001231061176884826,0.5102005965820833,0.017006686552736107,1,,1.2756964607234467
biased,109,2,0.9634827409194409,2,0.1902849391926143,0.1,0.5,0.0,1,0.0011376163811984454,0.0009860652762381916,-3.9999226153601766e-12,0.0009860652762381916,1.6101907366044443,0.05367302455348147,1,,1.2704050966844003,0.0011376163811984454,1.5930203284289235,0.053100677614297445,1,,1.2680384566826814
biased,45,3,0.9586446444924583,3,0.20325096875146026,0.1,0.5,0.0,1,0.001262968539130705,0.0010264678777764345,-3.9999226153601766e-12,0.0010264678777764345,1.590362336276241,0.05301207787587469,1,,1.2704371769337166,0.001262968539130705,1.5892867888523399,0.05297622629507799,1,,1.2679948811948123
symmetric,0,-1,0.25,0,1.5145789899825082,0.1,0.5,0.0,1,0.0009777738905208128,0.000983277983287574,-3.9999226153601766e-12,0.000983277983287574,1.5895775271049406,0.05298591757016468,1,,1.270802297619568,0.0009777738905208128,1.5884150979353417,0.052947169931178054,1,,1.2708591812129828
biased,17,0,0.9516310506386029,0,0.22551510231363753,0.1,0.5,0.0,2,0.001166777396897356,0.0009136924191564377,-3.9999226153601766e-12,0.0009136924191564377,1.0661091739407602,0.035536972464692,1,,1.2927138674335845,0.001166777396897356,1.3138823086146778,0.04379607695382259,1,,1.296116348765095
biased,187,1,0.9571211475764383,1,0.6327694676359189,0.1,0.5,0.0,2,0.013380236819900509,0.003331105556895156,-3.9999226153601766e-12,0.003331105556895156,0.4335311703162592,0.01445103901054197,1,,1.2958089899201024,0.013380236819900509,0.11695950270430022,0.0038986500901433403,1,,1.285624266266699
biased,109,2,0.9634827409194409,2,0.1902849391926143,0.1,0.5,0.0,2,0.0014568022168500328,0.0009580320867534752,-3.9999226153601766e-12,0.0009580320867534752,0.92475495301369,0.03082516510045633,1,,1.2868048819165232,0.0014568022168500328,0.8992988617724851,0.029976628725749497,1,,1.2831116115134733
biased,45,3,0.9586446444924583,3,0.20325096875146026,0.1,0.5,0.0,2,0.00022093076724727725,0.0004702176951341744,-3.9999226153601766e-12,0.0004702176951341744,0.8911719326125278,0.029705731087084256,1,,1.28546212474794,0.00022093076724727725,0.892010118883646,0.029733670629454863,1,,1.2817054971670363
symmetric,0,-1,0.25,0,1.5145789899825082,0.1,0.5,0.0,2,0.000677098520634821,0.0006893867434134438,-3.9999226153601766e-12,0.0006893867434134438,0.8998173799213416,0.029993912664044716,1,,1.2875641280868182,0.000677098520634821,0.9234182431083204,0.030780608103610677,1,,1.2878389298547337
biased,17,0,0.9516310506386029,0,0.22551510231363753,0.1,0.5,0.2,0,0.002358295412776797,0.0009785946491654637,0.029320512888574714,0.0009785946491654637,1.2176481322689003,0.040588271075630004,1,,1.294411466169603,0.002358295412776797,2.1554574211044564,0.07184858070348187,1,,1.2654425141208505
biased,187,1,0.9571211475764383,1,0.6327694676359189,0.1,0.5,0.2,0,0.00855128185618695,0.00559658676231759,0.04355620225286259,0.00559658676231759,3.9917153641010508,0.13305717880336834,1,,1.2967986300445977,0.00855128185618695,0.13528757642251588,0.004509585880750529,1,,1.2639039003331567
biased,109,2,0.9634827409194409,2,0.1902849391926143,0.1,0.5,0.2,0,0.003030169808201654,0.0021128105047404713,0.06879132651946872,0.0021128105047404713,1.6933576412553664,0.0564452547085122,1,,1.3038072422243927,0.003030169808201654,1.6509891839717183,0.05503297279905727,1,,1.2549338756726054
biased,45,3,0.9586446444924583,3,0.20325096875146026,0.1,0.5,0.2,0,0.0026417181222055802,0.014461655160310768,0.12763007985929342,0.014461655160310768,2.771930896100133,0.0923976965366711,1,,1.323064899431694,0.0026417181222055802,1.6675752585889547,0.05558584195296515,1,,1.255960753989553
symmetric,0,-1,0.25,0,1.5145789899825082,0.1,0.5,0.2,0,0.0017898925884851612,0.006023382973877202,0.029320512888574714,0.006023382973877202,2.3937518302664387,0.07979172767554793,1,,1.30885100021408,0.0017898925884851612,1.6766791902601053,0.0558893063420035,1,,1.2630503054559699
biased,17,0,0.9516310506386029,0,0.22551510231363753,0.1,0.5,0.2,1,0.0003646453319835134,0.0028561497026270144,0.029320512888574714,0.0028561497026270144,1.045280544561833,0.03484268481872776,1,,1.3069309721955922,0.0003646453319835134,1.497465723847169,0.04991552412823896,1,,1.2801774506887413
biased,187,1,0.9571211475764383,1,0.6327694676359189,0.1,0.5,0.2,1,0.00018097558258435022,0.01336007370176777,0.04355620225286259,0.01336007370176777,6.7299649720022225,0.2243321657334074,0,,1.282219284268329,0.00018097558258435022,0.7079440680110238,0.023598135600367456,1,,1.276786182429891
biased,109,2,0.9634827409194409,2,0.1902849391926143,0.1,0.5,0.2,1,0.000544524036001639,0.004809066257168388,0.06879132651946872,0.004809066257168388,1.7616715569256425,0.05872238523085474,1,,1.317508143765148,0.000544524036001639,1.1184189924642096,0.037280633082140316,1,,1.2708079222338853
biased,45,3,0.9586446444924583,3,0.20325096875146026,0.1,0.5,0.2,1,0.0003007462952337135,0.02613864485755417,0.12763007985929342,0.02613864485755417,2.502919221740502,0.08343064072468337,1,,1.3413912696177785,0.0003007462952337135,1.1745746950329206,0.039152489834430676,1,,1.272343455649373
symmetric,0,-1,0.25,0,1.5145789899825082,0.1,0.5,0.2,1,0.00016269634541189282,0.009015447351239006,0.029320512888574714,0.009015447351239006,2.0136251073121834,0.06712083691040611,1,,1.3228966810890852,0.00016269634541189282,1.2163560480918378,0.04054520160306126,1,,1.2805692294712534
biased,17,0,0.9516310506386029,0,0.22551510231363753,0.1,0.5,0.2,2,0.0017168557662499105,0.0064982327561878064,0.029320512888574714,0.0064982327561878064,1.3476147658788962,0.044920492195963196,1,,1.3212811054764435,0.0017168557662499105,1.1829571866341315,0.03943190622113771,1,,1.3021737945316507
biased,187,1,0.9571211475764383,1,0.6327694676359189,0.1,0.5,0.2,2,0.011604945522463078,0.009008252999121287,0.04355620225286259,0.009008252999121287,4.70757678409241,0.15691922613641363,1,,1.3102780440413813,0.011604945522463078,0.16689749405792154,0.005563249801930717,1,,1.2936550043513766
biased,109,2,0.9634827409194409,2,0.1902849391926143,0.1,0.5,0.2,2,0.0014965381955709782,0.00710364272952476,0.06879132651946872,0.00710364272952476,1.5662383154218584,0.05220794384739527,1,,1.3240496135305406,0.0014965381955709782,0.8084285541501091,0.0269476184716703,1,,1.2899588670041484
biased,45,3,0.9586446444924583,3,0.20325096875146026,0.1,0.5,0.2,2,0.00039784579078923875,0.018128809627186028,0.12763007985929342,0.018128809627186028,2.6186308863594188,0.08728769621198061,1,,1.3359970749226946,0.00039784579078923875,0.8334814503967503,0.027782715013225004,1,,1.288097493718705
symmetric,0,-1,0.25,0,1.5145789899825082,0.1,0.5,0.2,2,0.0011701532208281476,0.010753502118181262,0.029320512888574714,0.010753502118181262,2.1098685100778667,0.07032895033592888,1,,1.3289527821969196,0.0011701532208281476,0.8998949462095229,0.029996498206984093,1,,1.2957555253649047
biased,17,0,0.9516310506386029,0,0.22551510231363753,0.1,0.5,0.4,0,0.002971556403536463,0.008021649621712132,0.1169050981581141,0.008021649621712132,0.7598470432252813,0.02532823477417604,1,,1.3156198162527284,0.002971556403536463,2.108048686705027,0.07026828955683424,1,,1.2602678423232025
biased,187,1,0.9571211475764383,1,0.6327694676359189,0.1,0.5,0.4,0,0.004034995359367493,0.02957022308056964,0.1678157027674238,0.02957022308056964,8.860506803891804,0.29535022679639344,0,,1.2936745891874075,0.004034995359367493,0.2085718077952048,0.0069523935931734915,1,,1.2631348158839115
biased,109,2,0.9634827409194409,2,0.1902849391926143,0.1,0.5,0.4,0,0.004401866007715629,0.01214828278109157,0.2516696520021913,0.01214828278109157,1.642485565943691,0.05474951886478969,1,,1.3348102573045844,0.004401866007715629,1.6223916812375172,0.054079722707917235,1,,1.2485282635995003
biased,45,3,0.9586446444924583,3,0.20325096875146026,0.1,0.5,0.4,0,0.0034668904202206693,0.05839949836728636,0.4261400627676878,0.05839949836728636,4.958817740666982,0.16529392468889936,1,,1.351233602119154,0.0034668904202206693,1.6749289015262014,0.055830963384206705,1,,1.2510834564258817
symmetric,0,-1,0.25,0,1.5145789899825082,0.1,0.5,0.4,0,0.0021587145733571993,0.02655703909609758,0.1169050981581141,0.02655703909609758,3.0696114497486384,0.10232038165828793,1,,1.3378026853190113,0.0021587145733571993,1.622906025230375,0.05409686750767916,1,,1.2627478041363371
biased,17,0,0.9516310506386029,0,0.22551510231363753,0.1,0.5,0.4,1,0.00022718486767930434,0.014083877280224567,0.1169050981581141,0.014083877280224567,0.787188877569428,0.026239629252314264,1,,1.3321405705686868,0.00022718486767930434,1.193995139672832,0.039799837989094394,1,,1.2872037428424519
biased,187,1,0.9571211475764383,1,0.6327694676359189,0.1,0.5,0.4,1,0.0004064109935770508,0.050523049511922415,0.1678157027674238,0.050523049511922415,9.744298692859122,0.3248099564286373,0,,1.267097897210043,0.0004064109935770508,1.5371471637915746,0.051238238793052476,1,,1.2810487690145256
biased,109,2,0.9634827409194409,2,0.1902849391926143,0.1,0.5,0.4,1,5.486845949383796e-05,0.024298910475670184,0.2516696520021913,0.024298910475670184,2.8959110100371834,0.09653036700123943,1,,1.3521311960940605,5.486845949383796e-05,0.8903996457842511,0.029679988192808367,1,,1.2786590769173962
biased,45,3,0.9586446444924583,3,0.20325096875146026,0.1,0.5,0.4,1,9.287548521567219e-06,0.09788044036630367,0.4261400627676878,0.09788044036630367,7.805808680706483,0.26019362269021606,1,,1.3653493105254284,9.287548521567219e-06,0.9932610122583951,0.03310870040861317,1,,1.2815546993547058
symmetric,0,-1,0.25,0,1.5145789899825082,0.1,0.5,0.4,1,0.0008425846675704889,0.03566863854318578,0.1169050981581141,0.03566863854318578,3.632257451525417,0.12107524838418054,1,,1.3569069072157076,0.0008425846675704889,1.0780871080065813,0.035936236933552704,1,,1.2957641785457241
biased,17,0,0.9516310506386029,0,0.22551510231363753,0.1,0.5,0.4,2,0.002960313268058838,0.017924568758836586,0.1169050981581141,0.017924568758836586,1.8535184299496854,0.06178394766498951,1,,1.3437501605010618,0.002960313268058838,1.08873135098429,0.03629104503280966,1,,1.308490811115901
biased,187,1,0.9571211475764383,1,0.6327694676359189,0.1,0.5,0.4,2,0.009326881629494358,0.037256263798579166,0.1678157027674238,0.037256263798579166,9.35233963616977,0.3117446545389923,0,,1.3006517534218562,0.009326881629494358,0.23622533961362158,0.007874177987120718,1,,1.3008864287328532
biased,109,2,0.9634827409194409,2,0.1902849391926143,0.1,0.5,0.4,2,0.0023710256216532763,0.02251904699229572,0.2516696520021913,0.02251904699229572,2.9815074904227803,0.09938358301409266,1,,1.3512909447290353,0.0023710256216532763,0.7153482182981563,0.02384494060993854,1,,1.295281774233045
biased,45,3,0.9586446444924583,3,0.20325096875146026,0.1,0.5,0.4,2,0.0009732339526511598,0.05776634648415675,0.4261400627676878,0.05776634648415675,5.8047164514399565,0.19349054838133184,0,,1.3612175006040765,0.0009732339526511598,0.7572305733446694,0.025241019111488974,1,,1.2931984859975107
symmetric,0,-1,0.25,0,1.5145789899825082,0.1,0.5,0.4,2,0.0025709812517789414,0.03170403593367124,0.1169050981581141,0.03170403593367124,4.13875552489098,0.13795851749636598,1,,1.3541658851157126,0.0025709812517789414,0.8603957625222147,0.028679858750740486,1,,1.303813160240459
biased,17,0,0.9516310506386029,0,0.22551510231363753,0.1,0.5,0.6,0,0.0024360708006489745,0.022770528705893273,0.2678991778381227,0.022770528705893273,0.5796671150739008,0.019322237169130025,1,0.665,1.3361376055472707,0.0024360708006489745,2.338438768953238,0.07794795896510794,1,0.415,1.2711362525257228
biased,187,1,0.9571211475764383,1,0.6327694676359189,0.1,0.5,0.6,0,0.00017693378320479897,0.07299071026411097,0.37377608596644457,0.07299071026411097,9.915222819073561,0.330507427302452,0,0.415,1.2798853588390973,0.00017693378320479897,0.8036099301416133,0.026786997671387106,1,0.415,1.2794381505460546
biased,109,2,0.9634827409194409,2,0.1902849391926143,0.1,0.5,0.6,0,0.0037912548253439156,0.03469917481558778,0.5389542592987089,0.03469917481558778,2.6628555675345558,0.08876185225115184,1,1.0,1.3619073855567778,0.0037912548253439156,2.045903139851546,0.06819677132838485,1,0.415,1.261454795422346
biased,45,3,0.9586446444924583,3,0.20325096875146026,0.1,0.5,0.6,0,0.002648810618524732,0.13072101687744042,0.8581660503517049,0.13072101687744042,12.772333390241458,0.42574444634138187,0,1.0,1.3595555718220615,0.002648810618524732,2.1749624780723122,0.07249874926907705,1,0.415,1.2657285000866811
symmetric,0,-1,0.25,0,1.5145789899825082,0.1,0.5,0.6,0,0.0020667931642591487,0.06079781191870941,0.2678991778381227,0.06079781191870941,4.829398463334006,0.16097994877780017,1,1.0,1.3607976933244286,0.0020667931642591487,2.01580724441352,0.06719357481378399,1,0.415,1.2840333330868121
biased,17,0,0.9516310506386029,0,0.22551510231363753,0.1,0.5,0.6,1,0.0005232185857634375,0.0280560405183317,0.2678991778381227,0.0280560405183317,0.8084263578751805,0.026947545262506013,1,0.68,1.3469574513298581,0.0005232185857634375,1.5383717662877328,0.05127905887625775,1,0.68,1.2899022319580709
biased,187,1,0.9571211475764383,1,0.6327694676359189,0.1,0.5,0.6,1,0.014543973675142409,0.1272415185474282,0.37377608596644457,0.1272415185474282,9.993781875376984,0.33312606251256605,0,0.205,1.205416066474639,0.014543973675142409,6.720616749428348,0.22402055831427825,0,0.395,1.2653346411076758
biased,109,2,0.9634827409194409,2,0.1902849391926143,0.1,0.5,0.6,1,0.0002987322362443161,0.054400134516235876,0.5389542592987089,0.054400134516235876,7.255774065969861,0.24185913553232866,1,1.0,1.3719367382263639,0.0002987322362443161,1.1810908395467223,0.0393696946515574,1,0.395,1.2816452696293352
biased,45,3,0.9586446444924583,3,0.20325096875146026,0.1,0.5,0.6,1,0.0005696227907552344,0.20732944063645053,0.8581660503517049,0.20732944063645053,24.0028593870981,0.8000953129032697,0,0.715,1.3498649023488074,0.0005696227907552344,1.5051778906432112,0.050172596354773696,1,0.68,1.2878386127761074
symmetric,0,-1,0.25,0,1.5145789899825082,0.1,0.5,0.6,1,0.003314528001761685,0.07225953193343758,0.2678991778381227,0.07225953193343758,6.840723216776146,0.2280241072258715,0,1.0,1.3719365716703458,0.003314528001761685,1.5631631777195898,0.052105439257319655,1,0.68,1.3093167863440973
biased,17,0,0.9516310506386029,0,0.22551510231363753,0.1,0.5,0.6,2,0.005884459645218148,0.03444750713099022,0.2678991778381227,0.03444750713099022,2.5886190421919695,0.08628730140639898,1,1.0,1.3611351561214127,0.005884459645218148,0.7935038099442682,0.026450126998142268,1,0.715,1.3159791258113858
biased,187,1,0.9571211475764383,1,0.6327694676359189,0.1,0.5,0.6,2,0.005686203475818077,0.09177151640831596,0.37377608596644457,0.09177151640831596,9.975877003192407,0.33252923343974683,0,0.265,1.2639446329889612,0.005686203475818077,0.562344739708226,0.018744824656940863,1,0.715,1.310608124090808
biased,109,2,0.9634827409194409,2,0.1902849391926143,0.1,0.5,0.6,2,0.004408776338581732,0.04683722567515191,0.5389542592987089,0.04683722567515191,5.983852840323372,0.1994617613441124,1,1.0,1.3701852312414955,0.004408776338581732,0.501789747993675,0.0167263249331225,1,0.445,1.3033768636997098
biased,45,3,0.9586446444924583,3,0.20325096875146026,0.1,0.5,0.6,2,0.003599251135287595,0.11973440214007094,0.8581660503517049,0.11973440214007094,11.955491717205552,0.39851639057351834,0,1.0,1.3676047996503733,0.003599251135287595,0.5956524834341947,0.019855082781139823,1,0.715,1.304099075085363
symmetric,0,-1,0.25,0,1.5145789899825082,0.1,0.5,0.6,2,0.006333985972395102,0.06521049624008421,0.2678991778381227,0.06521049624008421,7.564334698707459,0.25214448995691524,0,1.0,1.3713709326744847,0.006333985972395102,0.7807827091398434,0.026026090304661444,1,0.715,1.3172669887995165
biased,17,0,0.9516310506386029,0,0.22551510231363753,0.1,0.5,0.8,0,0.0017540776373606158,0.04017916220572691,0.5007099276256659,0.04017916220572691,0.43672679647260293,0.014557559882420095,1,1.0,1.3436437649832103,0.0017540776373606158,1.6710238641585495,0.05570079547195164,1,0.415,1.268535890582448
biased,187,1,0.9571211475764383,1,0.6327694676359189,0.1,0.5,0.8,0,0.00967638168423942,0.12764807226205632,0.6803876188043223,0.12764807226205632,9.995227926092143,0.3331742642030714,0,0.205,1.245226375395819,0.00967638168423942,4.804869200723094,0.16016230669076978,1,0.415,1.2639641778997774
biased,109,2,0.9634827409194409,2,0.1902849391926143,0.1,0.5,0.8,0,0.003777151224293845,0.060818203783792046,0.9479609352487752,0.060818203783792046,4.234760877219889,0.14115869590732963,1,1.0,1.3750253609452774,0.003777151224293845,1.4507319884147718,0.04835773294715905,1,0.415,1.2583793358790663
biased,45,3,0.9586446444924583,3,0.20325096875146026,0.1,0.5,0.8,0,0.0024788467826937985,0.21427599705748646,1.435691182254632,0.21427599705748646,23.999525427596467,0.7999841809198822,0,0.75,1.3456870272611767,0.0024788467826937985,1.8724060446235147,0.062413534820783816,1,0.415,1.2716687149918706
symmetric,0,-1,0.25,0,1.5145789899825082,0.1,0.5,0.8,0,0.003407889058367218,0.09577656982235416,0.5007099276256659,0.09577656982235416,8.226497390740246,0.27421657969134144,1,1.0,1.3698601747496735,0.003407889058367218,1.6010058114896863,0.05336686038298954,1,0.415,1.300367636363624
biased,17,0,0.9516310506386029,0,0.22551510231363753,0.1,0.5,0.8,1,0.0028612501287723947,0.048163211028522154,0.5007099276256659,0.048163211028522154,0.8647855614244693,0.028826185380815637,1,1.0,1.356347897751756,0.0028612501287723947,1.8083609120390698,0.060278697067968984,1,0.395,1.2982461340468696
biased,187,1,0.9571211475764383,1,0.6327694676359189,0.1,0.5,0.8,1,0.08264137249635753,0.22683746659165713,0.6803876188043223,0.22683746659165713,9.999980837957873,0.3333326945985957,0,0.205,1.1227287732892999,0.08264137249635753,9.894914365349184,0.32983047884497274,0,0.395,1.1960860542966938
biased,109,2,0.9634827409194409,2,0.1902849391926143,0.1,0.5,0.8,1,0.0036288683674018662,0.09336532373150726,0.9479609352487752,0.09336532373150726,13.41352276231516,0.4471174254105053,0,1.0,1.3808092534869334,0.0036288683674018662,1.438468312540725,0.04794894375135749,1,0.395,1.2872463646464216
biased,45,3,0.9586446444924583,3,0.20325096875146026,0.1,0.5,0.8,1,0.007852103971273613,0.34594782811780106,1.435691182254632,0.34594782811780106,29.11484919112149,0.9704949730373829,0,0.525,1.30294744257092,0.007852103971273613,2.423145880449745,0.08077152934832482,1,0.395,1.3035276972781915
symmetric,0,-1,0.25,0,1.5145789899825082,0.1,0.5,0.8,1,0.01947522359121419,0.12925095759443486,0.5007099276256659,0.12925095759443486,14.09362619509597,0.46978753983653226,0,1.0,1.3744119895072302,0.01947522359121419,2.627165671135306,0.08757218903784353,1,0.68,1.337426833429699
biased,17,0,0.9516310506386029,0,0.22551510231363753,0.1,0.5,0.8,2,0.0011953611334539812,0.04795642368438499,0.5007099276256659,0.04795642368438499,4.434197438891796,0.14780658129639318,1,1.0,1.370038664765401,0.0011953611334539812,1.481447964449617,0.04938159881498723,1,0.715,1.299078869351021
biased,187,1,0.9571211475764383,1,0.6327694676359189,0.1,0.5,0.8,2,0.01347215320680645,0.1785437537994712,0.6803876188043223,0.1785437537994712,10.000057943721224,0.3333352647907074,0,0.265,1.1850338471574455,0.01347215320680645,6.739373362421741,0.22464577874739133,0,0.445,1.2765490918924285
biased,109,2,0.9634827409194409,2,0.1902849391926143,0.1,0.5,0.8,2,0.00039134432418796126,0.07155717050892794,0.9479609352487752,0.07155717050892794,10.276248888107897,0.3425416296035965,0,1.0,1.3773595691886429,0.00039134432418796126,1.0413539766712776,0.03471179922237592,1,0.445,1.2869485327683778
biased,45,3,0.9586446444924583,3,0.20325096875146026,0.1,0.5,0.8,2,0.000990128120555966,0.19617434698703606,1.435691182254632,0.19617434698703606,16.64618254204174,0.5548727514013913,0,0.73,1.348259447304758,0.000990128120555966,1.3544290833717942,0.045147636112393134,1,0.715,1.2964665148440218
symmetric,0,-1,0.25,0,1.5145789899825082,0.1,0.5,0.8,2,0.005740903973957816,0.10134439511998657,0.5007099276256659,0.10134439511998657,10.551715436027814,0.35172384786759375,0,1.0,1.3700705801102175,0.005740903973957816,2.1759911459564907,0.07253303819854968,1,0.715,1.3177106908426033
biased,17,0,0.9516310506386029,0,0.22551510231363753,0.1,1.0,0.0,0,0.00046574556765011836,0.00028516606099869123,-3.9999226153601766e-12,0.00028516606099869123,1.0182683368018808,0.033942277893396024,1,,1.281418658662505,0.00046574556765011836,1.2284948843900745,0.040949829479669145,1,,1.2844934912280992
biased,187,1,0.9571211475764383,1,0.6327694676359189,0.1,1.0,0.0,0,0.011108421038803096,0.00225815289054704,-3.9999226153601766e-12,0.00225815289054704,0.4640046524983288,0.015466821749944291,1,,1.2868506627987424,0.011108421038803096,0.17820289843273884,0.005940096614424627,1,,1.2762039170763797
biased,109,2,0.9634827409194409,2,0.1902849391926143,0.1,1.0,0.0,0,7.31488348432634e-05,0.00017942031837801754,-3.9999226153601766e-12,0.00017942031837801754,0.9041793005384435,0.030139310017948114,1,,1.277874853260006,7.31488348432634e-05,0.8730764083346276,0.029102546944487582,1,,1.2751793449131075
biased,45,3,0.9586446444924583,3,0.20325096875146026,0.1,1.0,0.0,0,0.0005618742873309424,0.00037670082286169956,-3.9999226153601766e-12,0.00037670082286169956,0.9038314545700643,0.030127715152335473,1,,1.2771149301050313,0.0005618742873309424,0.899663446390131,0.029988781546337693,1,,1.2738112025057673
symmetric,0,-1,0.25,0,1.5145789899825082,0.1,1.0,0.0,0,0.00028797105366516057,0.00029924285434739396,-3.9999226153601766e-12,0.00029924285434739396,0.8997000715349757,0.029990002384499184,1,,1.2778559930977826,0.00028797105366516057,0.8889242199290104,0.02963080733096701,1,,1.2777636000782784
biased,17,0,0.9516310506386029,0,0.22551510231363753,0.1,1.0,0.0,1,0.0008374883082319859,0.0007727712890941239,-3.9999226153601766e-12,0.0007727712890941239,0.8831376459725204,0.02943792153241734,1,,1.293897033330256,0.0008374883082319859,1.0185791519784937,0.03395263839928312,1,,1.29580992443113
biased,187,1,0.9571211475764383,1,0.6327694676359189,0.1,1.0,0.0,1,0.0029863302631989545,0.001104533834691163,-3.9999226153601766e-12,0.001104533834691163,0.6589356941050173,0.021964523136833905,1,,1.2919223082529057,0.0029863302631989545,0.402334502852858,0.013411150095095265,1,,1.2912122331913676
biased,109,2,0.9634827409194409,2,0.1902849391926143,0.1,1.0,0.0,1,0.0005677776583701694,0.0005799280125491635,-3.9999226153601766e-12,0.0005799280125491635,0.7969270701718656,0.026564235672395516,1,,1.2903883167086314,0.0005677776583701694,0.774358913953771,0.02581196379845903,1,,1.288577941067568
biased,45,3,0.9586446444924583,3,0.20325096875146026,0.1,1.0,0.0,1,0.000488498973872876,0.0005759324420748363,-3.9999226153601766e-12,0.0005759324420748363,0.7907028105896219,0.026356760352987393,1,,1.290188831346264,0.000488498973872876,0.7905915697330512,0.026353052324435036,1,,1.2889601474592476
symmetric,0,-1,0.25,0,1.5145789899825082,0.1,1.0,0.0,1,0.0005988411583753009,0.0005976421406510496,-3.9999226153601766e-12,0.0005976421406510496,0.7904691677680875,0.026348972258936246,1,,1.290485375283719,0.0005988411583753009,0.7918701661992322,0.02639567220664107,1,,1.2905347227590624
biased,17,0,0.9516310506386029,0,0.22551510231363753,0.1,1.0,0.0,2,0.0020353194663031496,0.0016530308382933755,-3.9999226153601766e-12,0.0016530308382933755,0.9596732298733923,0.031989107662446406,1,,1.3013956426845943,0.0020353194663031496,1.1787955442032427,0.03929318480677475,1,,1.3049733123455907
biased,187,1,0.9571211475764383,1,0.6327694676359189,0.1,1.0,0.0,2,0.011612370465331236,0.004124308290693646,-3.9999226153601766e-12,0.004124308290693646,0.531936665136834,0.017731222171227797,1,,1.3044215894241251,0.011612370465331236,0.21312518689530768,0.007104172896510255,1,,1.2979290642369858
biased,109,2,0.9634827409194409,2,0.1902849391926143,0.1,1.0,0.0,2,0.0014220201939792836,0.0014856901712065364,-3.9999226153601766e-12,0.0014856901712065364,0.852106085976212,0.02840353619920706,1,,1.2986756433626303,0.0014220201939792836,0.8357551294793486,0.02785850431597828,1,,1.296775889875143
biased,45,3,0.9586446444924583,3,0.20325096875146026,0.1,1.0,0.0,2,0.0008437375162343511,0.0011713115657451673,-3.9999226153601766e-12,0.0011713115657451673,0.8652765845562849,0.028842552818542824,1,,1.2970728865012267,0.0008437375162343511,0.8623522003243844,0.02874507334414614,1,,1.2942448590057682
symmetric,0,-1,0.25,0,1.5145789899825082,0.1,1.0,0.0,2,0.0014031057438542247,0.0014347647778017066,-3.9999226153601766e-12,0.0014347647778017066,0.8574258427896997,0.02858086142632332,1,,1.2987961172270988,0.0014031057438542247,0.8552698848142914,0.028508996160476377,1,,1.2985539145624243
biased,17,0,0.9516310506386029,0,0.22551510231363753,0.1,1.0,0.2,0,0.0009173667141337367,0.004342058511361095,0.029320512888574714,0.004342058511361095,0.8767504712813678,0.029225015709378924,1,,1.3125291657092608,0.0009173667141337367,1.1561536095649805,0.03853845365216601,1,,1.280783432045523
biased,187,1,0.9571211475764383,1,0.6327694676359189,0.1,1.0,0.2,0,0.012993983207100553,0.0048662184078516295,0.04355620225286259,0.0048662184078516295,2.5196528316015323,0.08398842772005105,1,,1.3148013657424522,0.012993983207100553,0.17862470642304729,0.005954156880768242,1,,1.2700906311280418
biased,109,2,0.9634827409194409,2,0.1902849391926143,0.1,1.0,0.2,0,0.0004006290304756771,0.004983626018705872,0.06879132651946872,0.004983626018705872,1.0589737146201372,0.035299123820671234,1,,1.3162683474091783,0.0004006290304756771,0.7982317304820574,0.02660772434940191,1,,1.2712953445336994
biased,45,3,0.9586446444924583,3,0.20325096875146026,0.1,1.0,0.2,0,0.001460004321853314,0.012529740687930689,0.12763007985929342,0.012529740687930689,1.869664384515024,0.062322146150500794,1,,1.3320290118150067,0.001460004321853314,0.8290370605403108,0.02763456868467702,1,,1.2682534396949539
symmetric,0,-1,0.25,0,1.5145789899825082,0.1,1.0,0.2,0,0.0008298102033824379,0.006940751147733883,0.029320512888574714,0.006940751147733883,1.457280096561231,0.04857600321870769,1,,1.321816982638687,0.0008298102033824379,0.8254738002966333,0.027515793343221105,1,,1.2734953989043112
biased,17,0,0.9516310506386029,0,0.22551510231363753,0.1,1.0,0.2,1,0.0008085544691241132,0.007310508721549681,0.029320512888574714,0.007310508721549681,0.890149472113394,0.029671649070446462,1,,1.321124903088315,0.0008085544691241132,0.879847396108907,0.029328246536963563,1,,1.2930516500525224
biased,187,1,0.9571211475764383,1,0.6327694676359189,0.1,1.0,0.2,1,0.0033371320242361144,0.006613159841674075,0.04355620225286259,0.006613159841674075,3.738438881460887,0.12461462938202955,1,,1.3124030603640793,0.0033371320242361144,0.36155871128538686,0.012051957042846227,1,,1.2875877382031726
biased,109,2,0.9634827409194409,2,0.1902849391926143,0.1,1.0,0.2,1,0.000547114965974994,0.008872906223482996,0.06879132651946872,0.008872906223482996,1.2506462573389332,0.04168820857796443,1,,1.3275887981491938,0.000547114965974994,0.6726328515415547,0.022421095051385155,1,,1.2861660856766943
biased,45,3,0.9586446444924583,3,0.20325096875146026,0.1,1.0,0.2,1,0.0006313368500505834,0.021556878673799712,0.12763007985929342,0.021556878673799712,1.5941090915016831,0.053136969716722764,1,,1.3424697184420138,0.0006313368500505834,0.6888782024260243,0.02296260674753414,1,,1.285962031279062
symmetric,0,-1,0.25,0,1.5145789899825082,0.1,1.0,0.2,1,0.0007125500576308074,0.01238623215973482,0.029320512888574714,0.01238623215973482,1.4848860566457733,0.04949620188819244,1,,1.3325441966536908,0.0007125500576308074,0.6935026342975603,0.02311675447658534,1,,1.2881954035008005
biased,17,0,0.9516310506386029,0,0.22551510231363753,0.1,1.0,0.2,2,0.002389403663188419,0.008877099018535166,0.029320512888574714,0.008877099018535166,1.7974965799066156,0.05991655266355384,1,,1.3290011048902837,0.002389403663188419,1.299409509739785,0.043313650324659496,1,,1.3067542358039204
biased,187,1,0.9571211475764383,1,0.6327694676359189,0.1,1.0,0.2,2,0.010343303311861046,0.009097206694746972,0.04355620225286259,0.009097206694746972,3.636577804685859,0.12121926015619527,1,,1.323972962090727,0.010343303311861046,0.2814074467475003,0.009380248224916675,1,,1.3010087924253486
biased,109,2,0.9634827409194409,2,0.1902849391926143,0.1,1.0,0.2,2,0.0014333029294409435,0.009357539370216217,0.06879132651946872,0.009357539370216217,1.8230394784847115,0.06076798261615704,1,,1.3300344543152924,0.0014333029294409435,0.9459587174682926,0.03153195724894308,1,,1.2994693915583468
biased,45,3,0.9586446444924583,3,0.20325096875146026,0.1,1.0,0.2,2,0.001007593326301402,0.015165472529670154,0.12763007985929342,0.015165472529670154,2.5732797872718924,0.08577599290906307,1,,1.337795821298027,0.001007593326301402,0.9783169732573593,0.032610565775245307,1,,1.295812932867229
symmetric,0,-1,0.25,0,1.5145789899825082,0.1,1.0,0.2,2,0.0016085615946198513,0.011052262054981825,0.029320512888574714,0.011052262054981825,2.1819533305800554,0.07273177768600184,1,,1.3322824609135688,0.0016085615946198513,0.9683995756898767,0.03227998585632922,1,,1.3009998163005967
biased,17,0,0.9516310506386029,0,0.22551510231363753,0.1,1.0,0.4,0,0.0010193762179803128,0.015777467113845603,0.1169050981581141,0.015777467113845603,0.6547402668225288,0.021824675560750958,1,,1.332394407631064,0.0010193762179803128,0.6924971227103671,0.0230832374236789,1,,1.2793922868171177
biased,187,1,0.9571211475764383,1,0.6327694676359189,0.1,1.0,0.4,0,0.017187309372035563,0.019064906515023933,0.1678157027674238,0.019064906515023933,6.197233256496043,0.2065744418832014,0,,1.330387550481376,0.017187309372035563,0.12387476554790999,0.0041291588515969995,1,,1.2647561288909814
biased,109,2,0.9634827409194409,2,0.1902849391926143,0.1,1.0,0.4,0,0.0011238550477916933,0.019424607483060588,0.2516696520021913,0.019424607483060588,1.1669685573764021,0.038898951912546734,1,,1.3433840339650231,0.0011238550477916933,0.47284360468790587,0.01576145348959686,1,,1.2699421376066466
biased,45,3,0.9586446444924583,3,0.20325096875146026,0.1,1.0,0.4,0,0.0018015316092252105,0.04918481029393271,0.4261400627676878,0.04918481029393271,3.038432583036621,0.10128108610122069,1,,1.359637640313422,0.0018015316092252105,0.49433826093145394,0.01647794203104846,1,,1.2678844826528828
symmetric,0,-1,0.25,0,1.5145789899825082,0.1,1.0,0.4,0,0.00147106454893761,0.028280069503177838,0.1169050981581141,0.028280069503177838,1.8275841205726229,0.06091947068575409,1,,1.3496520273206367,0.00147106454893761,0.49339750336500066,0.01644658344550002,1,,1.2715757856034284
biased,17,0,0.9516310506386029,0,0.22551510231363753,0.1,1.0,0.4,1,0.001340873630500703,0.021026804412980507,0.1169050981581141,0.021026804412980507,1.13238302022714,0.037746100674237996,1,,1.344710027114461,0.001340873630500703,0.7885879784428063,0.026286265948093537,1,,1.2934727276470623
biased,187,1,0.9571211475764383,1,0.6327694676359189,0.1,1.0,0.4,1,0.0039494658301883635,0.031535215738271685,0.1678157027674238,0.031535215738271685,8.975505843735199,0.2991835281245066,0,,1.3147202122271426,0.0039494658301883635,0.36815188443372615,0.012271729481124203,1,,1.2880398978944014
biased,109,2,0.9634827409194409,2,0.1902849391926143,0.1,1.0,0.4,1,0.0009747107690586511,0.02812291542011032,0.2516696520021913,0.02812291542011032,2.489481064852578,0.08298270216175258,1,,1.356494450841651,0.0009747107690586511,0.5950496260238414,0.019834987534128042,1,,1.2873922920268834
biased,45,3,0.9586446444924583,3,0.20325096875146026,0.1,1.0,0.4,1,0.0012143478967700763,0.07235881348408343,0.4261400627676878,0.07235881348408343,5.179946892887111,0.17266489642957034,1,,1.3683479591762526,0.0012143478967700763,0.6264211842606948,0.020880706142023156,1,,1.286419603747479
symmetric,0,-1,0.25,0,1.5145789899825082,0.1,1.0,0.4,1,0.001299066461083213,0.039224521444064256,0.1169050981581141,0.039224521444064256,3.000198853653763,0.10000662845512541,1,,1.3597065763914962,0.001299066461083213,0.6340706842528798,0.02113568947509599,1,,1.2893423644281539
biased,17,0,0.9516310506386029,0,0.22551510231363753,0.1,1.0,0.4,2,0.0033021879359461416,0.02433711772289305,0.1169050981581141,0.02433711772289305,2.8875629823023163,0.0962520994100772,1,,1.3515256090209111,0.0033021879359461416,1.0575133877305742,0.0352504462576858,1,,1.3097888906164554
biased,187,1,0.9571211475764383,1,0.6327694676359189,0.1,1.0,0.4,2,0.012124889655218823,0.032772837048474245,0.1678157027674238,0.032772837048474245,8.64311797331646,0.288103932443882,0,,1.32865339796172,0.012124889655218823,0.20768794102828947,0.006922931367609648,1,,1.3024753226661805
biased,109,2,0.9634827409194409,2,0.1902849391926143,0.1,1.0,0.4,2,0.0029045887606595315,0.026943714453409325,0.2516696520021913,0.026943714453409325,3.190230898828977,0.1063410299609659,1,,1.3552299433558042,0.0029045887606595315,0.7574060415147077,0.025246868050490253,1,,1.301486625773025
biased,45,3,0.9586446444924583,3,0.20325096875146026,0.1,1.0,0.4,2,0.0014869190787518416,0.05216055594183207,0.4261400627676878,0.05216055594183207,5.961117137101812,0.19870390457006037,0,,1.361003062941661,0.0014869190787518416,0.7862815588515426,0.026209385295051416,1,,1.2977173320085393
symmetric,0,-1,0.25,0,1.5145789899825082,0.1,1.0,0.4,2,0.0027904311950377944,0.03376886436720482,0.1169050981581141,0.03376886436720482,4.510223462807578,0.1503407820935859,1,,1.3556613370387962,0.0027904311950377944,0.7781464286527984,0.02593821428842661,1,,1.3040930190433666
biased,17,0,0.9516310506386029,0,0.22551510231363753,0.1,1.0,0.6,0,0.003117690508959687,0.033238713931629,0.2678991778381227,0.033238713931629,0.6797644956339721,0.0226588165211324,1,0.665,1.3482886276114148,0.003117690508959687,0.47694399546733823,0.015898133182244607,1,0.665,1.2825026088316405
biased,187,1,0.9571211475764383,1,0.6327694676359189,0.1,1.0,0.6,0,0.025656977410832324,0.042879355892220014,0.37377608596644457,0.042879355892220014,9.046309088354592,0.3015436362784864,0,0.665,1.3355272790113768,0.025656977410832324,0.12876444940088105,0.004292148313362701,1,0.46,1.2619161366893206
biased,109,2,0.9634827409194409,2,0.1902849391926143,0.1,1.0,0.6,0,0.0028483437958430413,0.03989766713186786,0.5389542592987089,0.03989766713186786,1.6949263710035245,0.056497545700117474,1,1.0,1.3617575084264426,0.0028483437958430413,0.3113605356952598,0.010378684523175325,1,0.415,1.2724596942591346
biased,45,3,0.9586446444924583,3,0.20325096875146026,0.1,1.0,0.6,0,0.003846718842231771,0.09601509179871706,0.8581660503517049,0.09601509179871706,7.756642999154867,0.2585547666384955,1,1.0,1.3697131103430786,0.003846718842231771,0.3450767388519127,0.011502557961730421,1,0.665,1.2708054921945788
symmetric,0,-1,0.25,0,1.5145789899825082,0.1,1.0,0.6,0,0.0036020834321369897,0.0571283807364341,0.2678991778381227,0.0571283807364341,2.984163390895872,0.09947211302986239,1,1.0,1.366460538565407,0.0036020834321369897,0.3393995616492562,0.011313318721641872,1,0.665,1.274051243667947
biased,17,0,0.9516310506386029,0,0.22551510231363753,0.1,1.0,0.6,1,0.005208948548900727,0.039652757967233415,0.2678991778381227,0.039652757967233415,1.8235956728169966,0.06078652242723321,1,1.0,1.3623569143242906,0.005208948548900727,0.8308879919645351,0.027696266398817834,1,0.68,1.2877395895302024
biased,187,1,0.9571211475764383,1,0.6327694676359189,0.1,1.0,0.6,1,0.00803723622379773,0.07270761003972935,0.37377608596644457,0.07270761003972935,9.934263936223237,0.3311421312074412,0,0.395,1.2980716109784165,0.00803723622379773,0.4897228727442082,0.016324095758140273,1,0.68,1.2817943626967072
biased,109,2,0.9634827409194409,2,0.1902849391926143,0.1,1.0,0.6,1,0.003813638302088606,0.05459530145160167,0.5389542592987089,0.05459530145160167,5.309953013997176,0.17699843379990585,1,1.0,1.373633626987945,0.003813638302088606,0.5699277004581338,0.018997590015271123,1,0.68,1.28196589722027
biased,45,3,0.9586446444924583,3,0.20325096875146026,0.1,1.0,0.6,1,0.005308792146342014,0.14070105998848986,0.8581660503517049,0.14070105998848986,16.12508625920922,0.5375028753069738,0,1.0,1.3713276987547462,0.005308792146342014,0.6430508960546033,0.021435029868486773,1,0.68,1.2799301735078297
symmetric,0,-1,0.25,0,1.5145789899825082,0.1,1.0,0.6,1,0.005024947973674626,0.08068925663046303,0.2678991778381227,0.08068925663046303,7.35607338517636,0.24520244617254527,1,1.0,1.3759939962292853,0.005024947973674626,0.6626395760829684,0.022087985869432277,1,0.68,1.2840811818181388
biased,17,0,0.9516310506386029,0,0.22551510231363753,0.1,1.0,0.6,2,0.002552498664052997,0.0418255639393279,0.2678991778381227,0.0418255639393279,5.109331292156771,0.17031104307189235,1,1.0,1.3654975320943943,0.002552498664052997,1.5035197242261267,0.05011732414087088,1,0.715,1.3080564264601435
biased,187,1,0.9571211475764383,1,0.6327694676359189,0.1,1.0,0.6,2,0.008972718907964854,0.0752043178699849,0.37377608596644457,0.0752043178699849,9.929862540750978,0.3309954180250325,0,0.445,1.3096606047660926,0.008972718907964854,0.2999008036358608,0.009996693454528692,1,0.715,1.3039727063367241
biased,109,2,0.9634827409194409,2,0.1902849391926143,0.1,1.0,0.6,2,0.0016492194222537913,0.049524757682631954,0.5389542592987089,0.049524757682631954,6.641838255725813,0.2213946085241937,0,1.0,1.370356340523766,0.0016492194222537913,1.1026182280507557,0.03675394093502519,1,0.715,1.3005513401564444
biased,45,3,0.9586446444924583,3,0.20325096875146026,0.1,1.0,0.6,2,0.0008252661947190376,0.10315494898488425,0.8581660503517049,0.10315494898488425,10.431368356519188,0.3477122785506396,0,1.0,1.3657403843783484,0.0008252661947190376,1.142289293200499,0.03807630977334996,1,0.715,1.2963437430779567
symmetric,0,-1,0.25,0,1.5145789899825082,0.1,1.0,0.6,2,0.0017962321634257088,0.06477293640763085,0.2678991778381227,0.06477293640763085,8.548257356297462,0.284941911876582,0,1.0,1.366135045874725,0.0017962321634257088,1.125285734898579,0.0375095244966193,1,0.715,1.303268056998419
biased,17,0,0.9516310506386029,0,0.22551510231363753,0.1,1.0,0.8,0,0.0024306810122534553,0.052261612556163614,0.5007099276256659,0.052261612556163614,1.130253597034997,0.03767511990116656,1,1.0,1.3605528470573274,0.0024306810122534553,0.5803629984623249,0.019345433282077492,1,0.665,1.2826598991084746
biased,187,1,0.9571211475764383,1,0.6327694676359189,0.1,1.0,0.8,0,0.022162817845933165,0.08259019890595606,0.6803876188043223,0.08259019890595606,9.928317466863795,0.33094391556212643,0,0.415,1.322303087348334,0.022162817845933165,0.1405915802819624,0.0046863860093987455,1,0.46,1.2625883486589522
biased,109,2,0.9634827409194409,2,0.1902849391926143,0.1,1.0,0.8,0,0.001818774659804422,0.06387307396025138,0.9479609352487752,0.06387307396025138,3.5321139423738765,0.11773713141246255,1,1.0,1.3749687497346148,0.001818774659804422,0.3725146469173879,0.012417154897246261,1,0.415,1.2705836851343202
biased,45,3,0.9586446444924583,3,0.20325096875146026,0.1,1.0,0.8,0,0.003052598910364841,0.1598541729918613,1.435691182254632,0.1598541729918613,18.447989078668474,0.614932969288949,0,1.0,1.363488945538171,0.003052598910364841,0.4172576971672892,0.013908589905576306,1,0.665,1.2699710480416866
symmetric,0,-1,0.25,0,1.5145789899825082,0.1,1.0,0.8,0,0.0028717789602782234,0.09375589443097934,0.5007099276256659,0.09375589443097934,7.5241597044167605,0.2508053234805587,1,1.0,1.3730632355115233,0.0028717789602782234,0.4163143149280846,0.01387714383093615,1,0.665,1.2735469324513509
biased,17,0,0.9516310506386029,0,0.22551510231363753,0.1,1.0,0.8,1,0.008505501251383212,0.06111758790299293,0.5007099276256659,0.06111758790299293,2.698601118048316,0.08995337060161052,1,1.0,1.3719627333278472,0.008505501251383212,0.6642163728043771,0.0221405457601459,1,0.68,1.2699608446682233
biased,187,1,0.9571211475764383,1,0.6327694676359189,0.1,1.0,0.8,1,0.009571606310959801,0.13183911504589413,0.6803876188043223,0.13183911504589413,10.000070044958614,0.3333356681652871,0,0.205,1.2599142248150683,0.009571606310959801,0.490534101359974,0.016351136711999132,1,0.68,1.2659299729800548
biased,109,2,0.9634827409194409,2,0.1902849391926143,0.1,1.0,0.8,1,0.007038775284800895,0.08527193565359584,0.9479609352487752,0.08527193565359584,9.743413758438546,0.32478045861461813,1,1.0,1.3830322856147896,0.007038775284800895,0.46001722220010977,0.015333907406670323,1,0.68,1.266080732977975
biased,45,3,0.9586446444924583,3,0.20325096875146026,0.1,1.0,0.8,1,0.009483441884904343,0.2248117584091252,1.435691182254632,0.2248117584091252,25.174340265244894,0.839144675508163,0,0.715,1.3519469660570416,0.009483441884904343,0.5353023302918813,0.017843411009729377,1,0.68,1.2610847011583137
symmetric,0,-1,0.25,0,1.5145789899825082,0.1,1.0,0.8,1,0.00819472487493266,0.12372718854694614,0.5007099276256659,0.12372718854694614,13.733256303663,0.45777521012209993,0,1.0,1.3769383235036552,0.00819472487493266,0.5737952866105567,0.01912650955368522,1,0.68,1.2701268117213653
biased,17,0,0.9516310506386029,0,0.22551510231363753,0.1,1.0,0.8,2,0.0019026949076882474,0.06078738781531619,0.5007099276256659,0.06078738781531619,7.317027723714576,0.24390092412381914,0,1.0,1.3741509556272489,0.0019026949076882474,1.3722736651529233,0.04574245550509744,1,0.715,1.2874226501433745
biased,187,1,0.9571211475764383,1,0.6327694676359189,0.1,1.0,0.8,2,0.0056930780372475235,0.1262391603197458,0.6803876188043223,0.1262391603197458,10.002846046412584,0.3334282015470861,0,0.265,1.2749400926787093,0.0056930780372475235,0.3927882303620789,0.013092941012069294,1,0.715,1.2823046876827875
biased,109,2,0.9634827409194409,2,0.1902849391926143,0.1,1.0,0.8,2,0.0010970895953113114,0.07390873845343188,0.9479609352487752,0.07390873845343188,9.594607582813037,0.31982025276043446,0,1.0,1.3779484079715352,0.0010970895953113114,1.0502993735629795,0.03500997911876598,1,0.715,1.2817540204756372
biased,45,3,0.9586446444924583,3,0.20325096875146026,0.1,1.0,0.8,2,0.002391243111977843,0.15949130725189714,1.435691182254632,0.15949130725189714,13.212129052279419,0.4404043017426473,0,1.0,1.3571682367681728,0.002391243111977843,1.049357230682274,0.0349785743560758,1,0.715,1.2714573117206733
symmetric,0,-1,0.25,0,1.5145789899825082,0.1,1.0,0.8,2,0.0015103271967906442,0.098967479999311,0.5007099276256659,0.098967479999311,10.425106927584388,0.34750356425281287,0,1.0,1.3692252358487724,0.0015103271967906442,1.07599354401815,0.035866451467271666,1,0.715,1.2840533543944332
biased,17,0,0.9516310506386029,0,0.22551510231363753,0.5,0.0,0.0,0,0.0006248145638920307,0.00030515746783506444,-3.9999226153601766e-12,0.00030515746783506444,1.291085097093314,0.04303616990311046,1,,1.2878050915512116,0.0006248145638920307,1.5530236323758329,0.05176745441252775,1,,1.2910806714186778
biased,187,1,0.9571211475764383,1,0.6327694676359189,0.5,0.0,0.0,0,0.02639445806694429,0.005106763827227866,-3.9999226153601766e-12,0.005106763827227866,0.33166406236556645,0.01105546874551888,1,,1.2971225502434818,0.02639445806694429,0.09360719631265058,0.003120239877088352,1,,1.2746500339041202
biased,109,2,0.9634827409194409,2,0.1902849391926143,0.5,0.0,0.0,0,0.00045173003902398545,0.0002380279211273732,-3.9999226153601766e-12,0.0002380279211273732,1.174541217161923,0.03915137390539743,1,,1.2849057708290452,0.00045173003902398545,1.1565477692441817,0.038551592308139385,1,,1.2824274070022863
biased,45,3,0.9586446444924583,3,0.20325096875146026,0.5,0.0,0.0,0,7.075738283358738e-05,0.00013733236708790737,-3.9999226153601766e-12,0.00013733236708790737,1.160367583408095,0.0386789194469365,1,,1.284155406519247,7.075738283358738e-05,1.1682048749637686,0.03894016249879228,1,,1.2808898812070537
symmetric,0,-1,0.25,0,1.5145789899825082,0.5,0.0,0.0,0,0.00017436587581994185,0.00018496534794265954,-3.9999226153601766e-12,0.00018496534794265954,1.1716208256123073,0.03905402752041024,1,,1.2849597142254978,0.00017436587581994185,1.150492744399878,0.038349758146662596,1,,1.2847871651327087
biased,17,0,0.9516310506386029,0,0.22551510231363753,0.5,0.0,0.0,1,0.0006598671404629323,0.0008438175761796085,-3.9999226153601766e-12,0.0008438175761796085,0.7717746014825777,0.025725820049419253,1,,1.2712861616838735,0.0006598671404629323,0.9072595541411932,0.03024198513803977,1,,1.2737379313922448
biased,187,1,0.9571211475764383,1,0.6327694676359189,0.5,0.0,0.0,1,0.011677187086557347,0.0023236012304008406,-3.9999226153601766e-12,0.0023236012304008406,0.36691778844943346,0.012230592948314446,1,,1.2739191849775173,0.011677187086557347,0.07836809862909466,0.002612269954303155,1,,1.2651983722339046
biased,109,2,0.9634827409194409,2,0.1902849391926143,0.5,0.0,0.0,1,0.0022704171302899553,0.0015293605125160775,-3.9999226153601766e-12,0.0015293605125160775,0.6756807965796696,0.022522693219322317,1,,1.2664581137312134,0.0022704171302899553,0.6661230850256994,0.022204102834189977,1,,1.2631838042720602
biased,45,3,0.9586446444924583,3,0.20325096875146026,0.5,0.0,0.0,1,0.0012011932362075831,0.001165434511340884,-3.9999226153601766e-12,0.001165434511340884,0.6719036842451065,0.02239678947483688,1,,1.265798590978426,0.0012011932362075831,0.6718362359936669,0.022394541199788894,1,,1.263723954408863
symmetric,0,-1,0.25,0,1.5145789899825082,0.5,0.0,0.0,1,0.0012026920488212869,0.0012021550874130541,-3.9999226153601766e-12,0.0012021550874130541,0.6762366627295291,0.0225412220909843,1,,1.2668822320738709,0.0012026920488212869,0.6706065437720288,0.022353551459067623,1,,1.2669740090548434
biased,17,0,0.9516310506386029,0,0.22551510231363753,0.5,0.0,0.0,2,0.001143142370440629,0.0006731967723312988,-3.9999226153601766e-12,0.0006731967723312988,1.2837225042654221,0.04279075014218073,1,,1.2917784414479425,0.001143142370440629,1.5902565242508715,0.05300855080836238,1,,1.294686544398627
biased,187,1,0.9571211475764383,1,0.6327694676359189,0.5,0.0,0.0,2,0.02313711238767025,0.0036298605295272852,-3.9999226153601766e-12,0.0036298605295272852,0.4941358189218037,0.016471193964060122,1,,1.2981841754824281,0.02313711238767025,0.15873921139313296,0.0052913070464377645,1,,1.2788914164536864
biased,109,2,0.9634827409194409,2,0.1902849391926143,0.5,0.0,0.0,2,5.56665949115482e-05,0.00022092853193660523,-3.9999226153601766e-12,0.00022092853193660523,1.1019208894392785,0.03673069631464261,1,,1.2867512060808128,5.56665949115482e-05,1.0666456298839944,0.03555485432946647,1,,1.2841759473459171
biased,45,3,0.9586446444924583,3,0.20325096875146026,0.5,0.0,0.0,2,0.0005116485217441149,0.00043954758340007086,-3.9999226153601766e-12,0.00043954758340007086,1.1285811040371296,0.037619370134570985,1,,1.2852948373958282,0.0005116485217441149,1.1250860421403497,0.03750286807134499,1,,1.2819820416109573
symmetric,0,-1,0.25,0,1.5145789899825082,0.5,0.0,0.0,2,0.00033420264207540383,0.00035458611616429026,-3.9999226153601766e-12,0.00035458611616429026,1.1107438433427874,0.03702479477809291,1,,1.2872417050975926,0.00033420264207540383,1.1211688102782502,0.03737229367594167,1,,1.2867917482198237
biased,17,0,0.9516310506386029,0,0.22551510231363753,0.5,0.0,0.2,0,0.0014193144119770181,0.004064097361506917,0.029320512888574714,0.004064097361506917,0.8140212727471341,0.027134042424904466,1,,1.3085673613937086,0.0014193144119770181,1.7587203700706266,0.05862401233568754,1,,1.2989182815264506
biased,187,1,0.9571211475764383,1,0.6327694676359189,0.5,0.0,0.2,0,0.018056573240862964,0.009580428206778669,0.04355620225286259,0.009580428206778669,4.934744730842178,0.16449149102807256,1,,1.3098124612240274,0.018056573240862964,0.15460904671326103,0.005153634890442033,1,,1.2923372865224838
biased,109,2,0.9634827409194409,2,0.1902849391926143,0.5,0.0,0.2,0,0.0008515158271691428,0.007321224130955751,0.06879132651946872,0.007321224130955751,1.6313191612781774,0.05437730537593924,1,,1.3250840997912925,0.0008515158271691428,1.3628027875048687,0.04542675958349562,1,,1.2921378092086477
biased,45,3,0.9586446444924583,3,0.20325096875146026,0.5,0.0,0.2,0,0.0004677563209496624,0.027550122730376755,0.12763007985929342,0.027550122730376755,2.5429077851177375,0.0847635928372579,1,,1.3446332741687634,0.0004677563209496624,1.4113077304631405,0.04704359101543801,1,,1.2905271004579841
symmetric,0,-1,0.25,0,1.5145789899825082,0.5,0.0,0.2,0,0.0010638687284700524,0.009915417856420805,0.029320512888574714,0.009915417856420805,1.894794899121488,0.06315982997071626,1,,1.3245521371434872,0.0010638687284700524,1.3723827554493306,0.045746091848311014,1,,1.2970437158629182
biased,17,0,0.9516310506386029,0,0.22551510231363753,0.5,0.0,0.2,1,0.0010999979009071919,0.0030279287112394,0.029320512888574714,0.0030279287112394,0.3821653905218325,0.012738846350727749,1,,1.2843827631149425,0.0010999979009071919,0.7309134473877765,0.02436378157959255,1,,1.260985286541708
biased,187,1,0.9571211475764383,1,0.6327694676359189,0.5,0.0,0.2,1,0.003403454657700647,0.01948726775982803,0.04355620225286259,0.01948726775982803,7.117942729977361,0.237264757665912,0,,1.2537143330865537,0.003403454657700647,0.2421826557642448,0.008072755192141493,1,,1.259773336405675
biased,109,2,0.9634827409194409,2,0.1902849391926143,0.5,0.0,0.2,1,0.002892803687431689,0.0035127548903300457,0.06879132651946872,0.0035127548903300457,0.9369363165008249,0.03123121055002749,1,,1.3091949384886696,0.002892803687431689,0.5537553572849019,0.01845851190949673,1,,1.251192953253272
biased,45,3,0.9586446444924583,3,0.20325096875146026,0.5,0.0,0.2,1,0.0018206541800438484,0.04030125759036991,0.12763007985929342,0.04030125759036991,1.6332640086301364,0.05444213362100454,1,,1.3394060808121584,0.0018206541800438484,0.5935410323530621,0.0197847010784354,1,,1.2563679957956098
symmetric,0,-1,0.25,0,1.5145789899825082,0.5,0.0,0.2,1,0.0011227964273521989,0.006134073905070904,0.029320512888574714,0.006134073905070904,1.3374403757442699,0.04458134585814232,1,,1.3104253104692005,0.0011227964273521989,0.643733754845538,0.021457791828184594,1,,1.2661119869935438
biased,17,0,0.9516310506386029,0,0.22551510231363753,0.5,0.0,0.2,2,0.0012779208664887992,0.004696773695338923,0.029320512888574714,0.004696773695338923,1.4190445894990245,0.04730148631663414,1,,1.3169700284150627,0.0012779208664887992,1.5277710117691468,0.05092570039230489,1,,1.2989588389393678
biased,187,1,0.9571211475764383,1,0.6327694676359189,0.5,0.0,0.2,2,0.014233394196235517,0.010874629251652465,0.04355620225286259,0.010874629251652465,6.15696813665279,0.20523227122175966,0,,1.299581046670468,0.014233394196235517,0.183110275626297,0.006103675854209899,1,,1.2895861890985463
biased,109,2,0.9634827409194409,2,0.1902849391926143,0.5,0.0,0.2,2,0.00023970839333121823,0.007139540506065863,0.06879132651946872,0.007139540506065863,1.9228427372575685,0.06409475790858561,1,,1.3236886296444053,0.00023970839333121823,0.990417378318531,0.033013912610617695,1,,1.2877192846229113
biased,45,3,0.9586446444924583,3,0.20325096875146026,0.5,0.0,0.2,2,0.0002509923186524664,0.020317792057318207,0.12763007985929342,0.020317792057318207,2.8129554534029544,0.09376518178009846,1,,1.3415382055356304,0.0002509923186524664,1.0563163188099578,0.03521054396033192,1,,1.2862362579790172
symmetric,0,-1,0.25,0,1.5145789899825082,0.5,0.0,0.2,2,0.000686165642431083,0.009098283891481783,0.029320512888574714,0.009098283891481783,2.310970769927673,0.07703235899758908,1,,1.3277967377774882,0.000686165642431083,1.0841259032601969,0.036137530108673224,1,,1.2944611149775023
biased,17,0,0.9516310506386029,0,0.22551510231363753,0.5,0.0,0.4,0,0.0008496935669247681,0.009327114389396374,0.1169050981581141,0.009327114389396374,0.4174431031711501,0.013914770105705,1,,1.312737712052192,0.0008496935669247681,1.8455610754633034,0.06151870251544344,1,,1.2816201920619708
biased,187,1,0.9571211475764383,1,0.6327694676359189,0.5,0.0,0.4,0,0.0038357618014067604,0.04534370011480485,0.1678157027674238,0.04534370011480485,9.637253197620222,0.3212417732540073,0,,1.2745898820901764,0.0038357618014067604,0.29354239601782073,0.009784746533927356,1,,1.2860532706776682
biased,109,2,0.9634827409194409,2,0.1902849391926143,0.5,0.0,0.4,0,0.0008960117651151221,0.018189163753266818,0.2516696520021913,0.018189163753266818,2.209786548570208,0.07365955161900693,1,,1.344992672101339,0.0008960117651151221,1.469673974411423,0.048989132480380754,1,,1.2742322964875796
biased,45,3,0.9586446444924583,3,0.20325096875146026,0.5,0.0,0.4,0,0.0006668475807672272,0.0881874539335273,0.4261400627676878,0.0881874539335273,6.705191921965831,0.223506397398861,1,,1.3611137303106227,0.0006668475807672272,1.5595254711940676,0.05198418237313558,1,,1.277883775285985
symmetric,0,-1,0.25,0,1.5145789899825082,0.5,0.0,0.4,0,0.0009863702217135333,0.03229114248392061,0.1169050981581141,0.03229114248392061,2.802955608842556,0.09343185362808518,1,,1.3484091170861954,0.0009863702217135333,1.5198945440535017,0.050663151468450046,1,,1.2894001177686538
biased,17,0,0.9516310506386029,0,0.22551510231363753,0.5,0.0,0.4,1,0.00018769245100018917,0.010906226358150098,0.1169050981581141,0.010906226358150098,0.2870851013566156,0.009569503378553851,1,,1.308474718010277,0.00018769245100018917,0.9058682184223954,0.03019560728074651,1,,1.273379721798386
biased,187,1,0.9571211475764383,1,0.6327694676359189,0.5,0.0,0.4,1,0.0024104695841941927,0.08741543969540906,0.1678157027674238,0.08741543969540906,9.93547797908464,0.33118259930282123,0,,1.199832802107197,0.0024104695841941927,2.0446600731719777,0.06815533577239925,1,,1.2692719749944938
biased,109,2,0.9634827409194409,2,0.1902849391926143,0.5,0.0,0.4,1,0.00146369980684534,0.02425893292379988,0.2516696520021913,0.02425893292379988,2.889086549656239,0.09630288498854128,1,,1.347417738440929,0.00146369980684534,0.6821755485800274,0.022739184952667576,1,,1.2632542286342603
biased,45,3,0.9586446444924583,3,0.20325096875146026,0.5,0.0,0.4,1,0.0006584158185657051,0.14447766900175635,0.4261400627676878,0.14447766900175635,14.218551191182483,0.47395170637274936,0,,1.356024258180446,0.0006584158185657051,0.8217806111090631,0.027392687036968764,1,,1.2747440995479804
symmetric,0,-1,0.25,0,1.5145789899825082,0.5,0.0,0.4,1,0.0014259503272986192,0.027985812757734443,0.1169050981581141,0.027985812757734443,3.4760239611297203,0.11586746537099067,1,,1.3480302234558237,0.0014259503272986192,1.0195460440506454,0.03398486813502151,1,,1.2927714166088005
biased,17,0,0.9516310506386029,0,0.22551510231363753,0.5,0.0,0.4,2,0.0003693606123001351,0.009925986911552283,0.1169050981581141,0.009925986911552283,1.453347648503489,0.04844492161678296,1,,1.3297325454137687,0.0003693606123001351,1.3601818893463402,0.04533939631154467,1,,1.288993236036209
biased,187,1,0.9571211475764383,1,0.6327694676359189,0.5,0.0,0.4,2,0.003025194985751368,0.053710323923658,0.1678157027674238,0.053710323923658,9.780564326142565,0.3260188108714188,0,,1.2558730951738875,0.003025194985751368,0.32686066815821313,0.01089535560527377,1,,1.2855524670825216
biased,109,2,0.9634827409194409,2,0.1902849391926143,0.5,0.0,0.4,2,0.0004351706774753895,0.018391924553206283,0.2516696520021913,0.018391924553206283,3.3548510179413293,0.11182836726471096,1,,1.3446784395301479,0.0004351706774753895,0.8706036519630866,0.029020121732102885,1,,1.2761216110941198
biased,45,3,0.9586446444924583,3,0.20325096875146026,0.5,0.0,0.4,2,7.113403939881433e-05,0.06485133636234028,0.4261400627676878,0.06485133636234028,6.372455424440698,0.2124151808146899,0,,1.359693370322378,7.113403939881433e-05,0.9740353642398281,0.03246784547466093,1,,1.2755893753912833
symmetric,0,-1,0.25,0,1.5145789899825082,0.5,0.0,0.4,2,0.0004445253375714546,0.02581969419540589,0.1169050981581141,0.02581969419540589,4.472066614763054,0.14906888715876845,1,,1.3478118766469767,0.0004445253375714546,1.1092779008561204,0.03697593002853734,1,,1.2896784269736312
biased,17,0,0.9516310506386029,0,0.22551510231363753,0.5,0.0,0.6,0,0.001576460989724469,0.019654590145205063,0.2678991778381227,0.019654590145205063,0.2611469444130654,0.008704898147102179,1,0.415,1.3213523402783984,0.001576460989724469,2.2076171383082768,0.0735872379436092,1,0.665,1.2815040566294562
biased,187,1,0.9571211475764383,1,0.6327694676359189,0.5,0.0,0.6,0,0.0009030377843782817,0.10104335665197554,0.37377608596644457,0.10104335665197554,9.979232721903475,0.3326410907301158,0,0.205,1.231359910871238,0.0009030377843782817,1.4923563434205311,0.04974521144735103,1,0.415,1.289403357157954
biased,109,2,0.9634827409194409,2,0.1902849391926143,0.5,0.0,0.6,0,0.0018542140256753315,0.03672501769985524,0.5389542592987089,0.03672501769985524,3.5558067116119974,0.11852689038706656,1,1.0,1.3625679855079893,0.0018542140256753315,1.8673468327094933,0.06224489442364977,1,0.415,1.2739833883097886
biased,45,3,0.9586446444924583,3,0.20325096875146026,0.5,0.0,0.6,0,0.0018554379161990694,0.16671356387145747,0.8581660503517049,0.16671356387145747,18.610905428931453,0.620363514297715,0,0.75,1.3550190439910896,0.0018554379161990694,2.095881644129838,0.06986272147099458,1,0.415,1.2806683933180607
symmetric,0,-1,0.25,0,1.5145789899825082,0.5,0.0,0.6,0,0.0037241035265873842,0.06538282938607373,0.2678991778381227,0.06538282938607373,4.893382753975084,0.16311275846583612,1,1.0,1.3645678540880501,0.0037241035265873842,2.013997614465918,0.06713325381553058,1,0.665,1.3023606674517971
biased,17,0,0.9516310506386029,0,0.22551510231363753,0.5,0.0,0.6,1,7.410136034534365e-05,0.022653463644060276,0.2678991778381227,0.022653463644060276,0.24528540822764122,0.008176180274254706,1,0.68,1.3241805556633568,7.410136034534365e-05,1.167370564916087,0.03891235216386956,1,0.68,1.2798289534550675
biased,187,1,0.9571211475764383,1,0.6327694676359189,0.5,0.0,0.6,1,0.03234860787499756,0.19755809378974384,0.37377608596644457,0.19755809378974384,9.999076451907973,0.3333025483969324,0,0.205,1.097597309812459,0.03234860787499756,8.789576241589703,0.2929858747196567,0,0.395,1.238992139420209
biased,109,2,0.9634827409194409,2,0.1902849391926143,0.5,0.0,0.6,1,0.0006462122034762605,0.05965192804656279,0.5389542592987089,0.05965192804656279,10.027875227716187,0.33426250759053955,1,1.0,1.3654916296287998,0.0006462122034762605,0.8823838314782562,0.029412794382608534,1,0.395,1.2693977566195198
biased,45,3,0.9586446444924583,3,0.20325096875146026,0.5,0.0,0.6,1,0.001167764590807396,0.286908318767085,0.8581660503517049,0.286908318767085,28.626442842125726,0.9542147614041907,0,0.715,1.324195203920349,0.001167764590807396,1.2439845552333073,0.04146615184111024,1,0.395,1.2905890718723771
symmetric,0,-1,0.25,0,1.5145789899825082,0.5,0.0,0.6,1,0.007640646741150191,0.07131728736958501,0.2678991778381227,0.07131728736958501,7.092679601711177,0.23642265339037252,0,1.0,1.3705856716888647,0.007640646741150191,1.7715415603214046,0.05905138534404681,1,0.68,1.3206379128845593
biased,17,0,0.9516310506386029,0,0.22551510231363753,0.5,0.0,0.6,2,0.0016240507968257722,0.02092343271435851,0.2678991778381227,0.02092343271435851,2.1298003818065956,0.07099334606021986,1,0.715,1.3478952857172324,0.0016240507968257722,2.2794796025290553,0.07598265341763517,1,0.715,1.2935211644679763
biased,187,1,0.9571211475764383,1,0.6327694676359189,0.5,0.0,0.6,2,0.0025230498698255144,0.13680847879597094,0.37377608596644457,0.13680847879597094,9.995617129943934,0.33318723766479774,0,0.265,1.1827465492678455,0.0025230498698255144,2.8030476813825644,0.09343492271275214,1,0.715,1.2849330242207877
biased,109,2,0.9634827409194409,2,0.1902849391926143,0.5,0.0,0.6,2,0.00035258626644458103,0.04161956281810378,0.5389542592987089,0.04161956281810378,7.335798975338825,0.24452663251129414,1,1.0,1.3633970997423503,0.00035258626644458103,1.3922697912820914,0.04640899304273637,1,0.445,1.2805335493847165
biased,45,3,0.9586446444924583,3,0.20325096875146026,0.5,0.0,0.6,2,0.0005318531862750184,0.13578891207587165,0.8581660503517049,0.13578891207587165,12.859893083963458,0.4286631027987819,0,1.0,1.3606347281440816,0.0005318531862750184,1.6493862748863386,0.05497954249621128,1,0.715,1.2819253241769397
symmetric,0,-1,0.25,0,1.5145789899825082,0.5,0.0,0.6,2,0.0025696194799341085,0.05718721614733009,0.2678991778381227,0.05718721614733009,8.057571588048434,0.2685857196016144,0,1.0,1.3635187175997507,0.0025696194799341085,2.203662044829291,0.0734554014943097,1,0.715,1.3031836249734083
biased,17,0,0.9516310506386029,0,0.22551510231363753,0.5,0.0,0.8,0,0.0010761518519880175,0.03631483935693253,0.5007099276256659,0.03631483935693253,0.17711452951962858,0.005903817650654285,1,0.415,1.3261102788529846,0.0010761518519880175,1.8321897773403095,0.061072992578010306,1,0.665,1.2939091431783476
biased,187,1,0.9571211475764383,1,0.6327694676359189,0.5,0.0,0.8,0,0.03335514547659933,0.18476343050053595,0.6803876188043223,0.18476343050053595,9.999558467454339,0.33331861558181125,0,0.205,1.158659397106502,0.03335514547659933,9.1533173395423,0.3051105779847433,0,0.415,1.2587484726093308
biased,109,2,0.9634827409194409,2,0.1902849391926143,0.5,0.0,0.8,0,0.0006056281807611686,0.0647337001731663,0.9479609352487752,0.0647337001731663,6.6514025088167505,0.22171341696055832,1,1.0,1.373086401113674,0.0006056281807611686,1.5940481607298496,0.053134938690994976,1,0.665,1.286925669229185
biased,45,3,0.9586446444924583,3,0.20325096875146026,0.5,0.0,0.8,0,0.002998666411746613,0.267589171534549,1.435691182254632,0.267589171534549,27.72280723959859,0.9240935746532862,0,0.75,1.3320119607421081,0.002998666411746613,2.2500366432514296,0.07500122144171431,1,0.665,1.3029595878115658
symmetric,0,-1,0.25,0,1.5145789899825082,0.5,0.0,0.8,0,0.013881056820690296,0.10326465726190606,0.5007099276256659,0.10326465726190606,9.257866158320633,0.3085955386106877,1,1.0,1.3725339996161645,0.013881056820690296,2.0750352710117825,0.0691678423670594,1,0.665,1.3341034024868708
biased,17,0,0.9516310506386029,0,0.22551510231363753,0.5,0.0,0.8,1,0.0020985574809566487,0.037642630503974914,0.5007099276256659,0.037642630503974914,0.24659388002953864,0.00821979600098462,1,0.68,1.3326919543153255,0.0020985574809566487,1.3686453293866863,0.045621510979556204,1,0.68,1.2900821369554685
biased,187,1,0.9571211475764383,1,0.6327694676359189,0.5,0.0,0.8,1,0.15632832251580087,0.3460447617681267,0.6803876188043223,0.3460447617681267,10.000000753025539,0.3333333584341846,0,0.205,0.9551586303713384,0.15632832251580087,9.993809138727428,0.3331269712909142,0,0.205,1.1111836569021472
biased,109,2,0.9634827409194409,2,0.1902849391926143,0.5,0.0,0.8,1,0.000245985983045116,0.10251625924160655,0.9479609352487752,0.10251625924160655,17.107963123131604,0.5702654374377201,0,1.0,1.3677856194751503,0.000245985983045116,1.033450581638734,0.03444835272129113,1,0.68,1.2806672706196098
biased,45,3,0.9586446444924583,3,0.20325096875146026,0.5,0.0,0.8,1,0.008676047577268663,0.45669854447427044,1.435691182254632,0.45669854447427044,29.838129526534473,0.994604317551149,0,0.525,1.2561806522880996,0.008676047577268663,2.253912113774109,0.0751304037924703,1,0.68,1.3233936939598254
symmetric,0,-1,0.25,0,1.5145789899825082,0.5,0.0,0.8,1,0.031923580648597655,0.12341977667267068,0.5007099276256659,0.12341977667267068,13.707565893679396,0.45691886312264646,0,1.0,1.3782912229536262,0.031923580648597655,3.795709222000271,0.12652364073334235,1,1.0,1.357565552925521
biased,17,0,0.9516310506386029,0,0.22551510231363753,0.5,0.0,0.8,2,0.007620302153673604,0.03816799862074524,0.5007099276256659,0.03816799862074524,2.7335774942039093,0.09111924980679696,1,1.0,1.363685990564976,0.007620302153673604,4.085270332585134,0.13617567775283776,1,0.715,1.3152688635032646
biased,187,1,0.9571211475764383,1,0.6327694676359189,0.5,0.0,0.8,2,0.05656895093651772,0.2600137311112804,0.6803876188043223,0.2600137311112804,10.000023076195557,0.33333410253985185,0,0.265,1.0712686125320192,0.05656895093651772,9.814246764490486,0.3271415588163495,0,0.445,1.243103783632003
biased,109,2,0.9634827409194409,2,0.1902849391926143,0.5,0.0,0.8,2,0.0034555665322871833,0.07960360186954232,0.9479609352487752,0.07960360186954232,13.256463309402777,0.44188211031342584,0,1.0,1.3743467447807496,0.0034555665322871833,2.8174469045181114,0.09391489681727037,1,0.715,1.3047734658160561
biased,45,3,0.9586446444924583,3,0.20325096875146026,0.5,0.0,0.8,2,0.005991044096421828,0.23838089021907427,1.435691182254632,0.23838089021907427,21.110001723212793,0.703666724107093,0,0.73,1.3379555710878184,0.005991044096421828,3.7639758671150325,0.12546586223716774,1,0.715,1.3113897737374098
symmetric,0,-1,0.25,0,1.5145789899825082,0.5,0.0,0.8,2,0.018473763962597832,0.10296178107886689,0.5007099276256659,0.10296178107886689,10.615920405501234,0.3538640135167077,0,1.0,1.3697465127785518,0.018473763962597832,5.576471181944726,0.18588237273149083,0,0.715,1.3387736940000952
biased,17,0,0.9516310506386029,0,0.22551510231363753,0.5,0.5,0.0,0,0.0009635252925676418,0.0009409145590611474,-3.9999226153601766e-12,0.0009409145590611474,1.2779365185930813,0.042597883953102704,1,,1.2652267098499368,0.0009635252925676418,1.3848067625310323,0.04616022541770107,1,,1.266496172039233
biased,187,1,0.9571211475764383,1,0.6327694676359189,0.5,0.5,0.0,0,0.00268837319583721,0.00026854972007770176,-3.9999226153601766e-12,0.00026854972007770176,0.7320710692011789,0.024402368973372626,1,,1.271346913109223,0.00268837319583721,0.2852099168094646,0.009506997226982153,1,,1.2672610450284714
biased,109,2,0.9634827409194409,2,0.1902849391926143,0.5,0.5,0.0,0,0.0012922142434437095,0.0010527345473700742,-3.9999226153601766e-12,0.0010527345473700742,1.2035848643932312,0.040119495479774364,1,,1.263401868422417,0.0012922142434437095,1.1996785543490485,0.03998928514496827,1,,1.261798695638011
biased,45,3,0.9586446444924583,3,0.20325096875146026,0.5,0.5,0.0,0,0.0012243103350020618,0.0010411232963246433,-3.9999226153601766e-12,0.0010411232963246433,1.2077178416562195,0.04025726138854065,1,,1.2632070535807356,0.0012243103350020618,1.2066808184777789,0.040222693949259286,1,,1.2613165716598704
symmetric,0,-1,0.25,0,1.5145789899825082,0.5,0.5,0.0,0,0.0010260566515893754,0.001027421998740308,-3.9999226153601766e-12,0.001027421998740308,1.2077689923641943,0.0402589664121398,1,,1.2634169402684665,0.0010260566515893754,1.1977708511878127,0.03992569503959375,1,,1.2633450247114584
biased,17,0,0.9516310506386029,0,0.22551510231363753,0.5,0.5,0.0,1,0.0011539569552453232,0.0009574433128533384,-3.9999226153601766e-12,0.0009574433128533384,1.685398204476135,0.056179940149204494,1,,1.2730851153877532,0.0011539569552453232,1.823969151841598,0.06079897172805326,1,,1.27387620204849
biased,187,1,0.9571211475764383,1,0.6327694676359189,0.5,0.5,0.0,1,0.0005984621724944095,0.0002683107282188679,-3.9999226153601766e-12,0.0002683107282188679,1.226242022936419,0.04087473409788063,1,,1.275530401889536,0.0005984621724944095,0.6607057814213058,0.022023526047376854,1,,1.2750481657917705
biased,109,2,0.9634827409194409,2,0.1902849391926143,0.5,0.5,0.0,1,0.0010199646059569287,0.0009541316086036922,-3.9999226153601766e-12,0.0009541316086036922,1.5950482374545716,0.053168274581819046,1,,1.2706473613003293,0.0010199646059569287,1.583415431430446,0.05278051438101486,1,,1.2692168065439182
biased,45,3,0.9586446444924583,3,0.20325096875146026,0.5,0.5,0.0,1,0.0011152954935085193,0.0009873807989995223,-3.9999226153601766e-12,0.0009873807989995223,1.589232286118114,0.052974409537270464,1,,1.2707528367590586,0.0011152954935085193,1.5891070895272752,0.05297023631757583,1,,1.26939317709092
symmetric,0,-1,0.25,0,1.5145789899825082,0.5,0.5,0.0,1,0.000981314084476789,0.0009832834572199682,-3.9999226153601766e-12,0.0009832834572199682,1.5895605631165155,0.052985352103883845,1,,1.270801932321947,0.000981314084476789,1.5898717086980818,0.05299572362326939,1,,1.2708344215113503
biased,17,0,0.9516310506386029,0,0.22551510231363753,0.5,0.5,0.0,2,0.0008356977360464025,0.0007432096868470305,-3.9999226153601766e-12,0.0007432096868470305,0.995439184344693,0.0331813061448231,1,,1.2903303815947715,0.0008356977360464025,1.1071813677670905,0.03690604559223635,1,,1.2922260642671464
biased,187,1,0.9571211475764383,1,0.6327694676359189,0.5,0.5,0.0,2,0.00631659208748948,0.0020902606998063657,-3.9999226153601766e-12,0.0020902606998063657,0.5588153567563647,0.01862717855854549,1,,1.2940269556676531,0.00631659208748948,0.21633721067293998,0.007211240355764665,1,,1.2890615421553286
biased,109,2,0.9634827409194409,2,0.1902849391926143,0.5,0.5,0.0,2,0.0009329631786083366,0.0008089198191669113,-3.9999226153601766e-12,0.0008089198191669113,0.9063805079268961,0.030212683597563197,1,,1.2872852990816321,0.0009329631786083366,0.8981360605320288,0.029937868684400955,1,,1.285786976033181
biased,45,3,0.9586446444924583,3,0.20325096875146026,0.5,0.5,0.0,2,0.00039936352838598234,0.00051427776279055,-3.9999226153601766e-12,0.00051427776279055,0.8931503266343899,0.029771677554479656,1,,1.285909886707614,0.00039936352838598234,0.8936297585738828,0.029787658619129423,1,,1.2845630395608296
symmetric,0,-1,0.25,0,1.5145789899825082,0.5,0.5,0.0,2,0.0006546042391800885,0.0006768325562270267,-3.9999226153601766e-12,0.0006768325562270267,0.8991128983612706,0.029970429945375684,1,,1.287641039923694,0.0006546042391800885,0.9118243837231477,0.030394146124104918,1,,1.2876903547734335
biased,17,0,0.9516310506386029,0,0.22551510231363753,0.5,0.5,0.2,0,0.002193327830102003,0.0015937590846484793,0.029320512888574714,0.0015937590846484793,1.3719755599883143,0.04573251866627714,1,,1.2969239443974754,0.002193327830102003,1.9259187020043755,0.0641972900668125,1,,1.2630935936191163
biased,187,1,0.9571211475764383,1,0.6327694676359189,0.5,0.5,0.2,0,0.0009812132016683269,0.006174419831947492,0.04355620225286259,0.006174419831947492,4.153442372542354,0.13844807908474513,1,,1.2941805701031346,0.0009812132016683269,0.5193988863196275,0.017313296210654246,1,,1.2657379975162988
biased,109,2,0.9634827409194409,2,0.1902849391926143,0.5,0.5,0.2,0,0.002416914920463543,0.0026056183997581125,0.06879132651946872,0.0026056183997581125,1.7935544129436543,0.0597851470981218,1,,1.305861901621965,0.002416914920463543,1.6375368343484409,0.05458456114494802,1,,1.2577818047260494
biased,45,3,0.9586446444924583,3,0.20325096875146026,0.5,0.5,0.2,0,0.0024449222387351865,0.012294676875339756,0.12763007985929342,0.012294676875339756,2.598397536238001,0.08661325120793334,1,,1.3207439145350688,0.0024449222387351865,1.6671200248717932,0.05557066749572643,1,,1.257342374876044
symmetric,0,-1,0.25,0,1.5145789899825082,0.5,0.5,0.2,0,0.0017906191231681183,0.005445514329414369,0.029320512888574714,0.005445514329414369,2.2482333829712986,0.07494111276570994,1,,1.3082777111375,0.0017906191231681183,1.6768438657155438,0.05589479552385145,1,,1.263039587696074
biased,17,0,0.9516310506386029,0,0.22551510231363753,0.5,0.5,0.2,1,0.00021506178891743779,0.003669308320106094,0.029320512888574714,0.003669308320106094,1.186531375196992,0.039551045839899726,1,,1.309806224938248,0.00021506178891743779,1.2837816372374578,0.04279272124124858,1,,1.2769632721525073
biased,187,1,0.9571211475764383,1,0.6327694676359189,0.5,0.5,0.2,1,5.57464345828638e-05,0.009753055463478084,0.04355620225286259,0.009753055463478084,5.520100117684024,0.1840033372561341,0,,1.294229132373038,5.57464345828638e-05,0.8580961279545996,0.028603204265153313,1,,1.2759630812658944
biased,109,2,0.9634827409194409,2,0.1902849391926143,0.5,0.5,0.2,1,0.00041296012474242513,0.005056122886443842,0.06879132651946872,0.005056122886443842,1.813783166786681,0.06045943889288936,1,,1.318028090605697,0.00041296012474242513,1.1223323049983636,0.03741107683327878,1,,1.2717566235453797
biased,45,3,0.9586446444924583,3,0.20325096875146026,0.5,0.5,0.2,1,0.0002361223617213335,0.021401299998808965,0.12763007985929342,0.021401299998808965,2.454771060076133,0.08182570200253775,1,,1.337599113126613,0.0002361223617213335,1.173449714598318,0.039114990486610594,1,,1.2739015406261978
symmetric,0,-1,0.25,0,1.5145789899825082,0.5,0.5,0.2,1,0.00016419486892465477,0.008680408041115924,0.029320512888574714,0.008680408041115924,2.018620621042666,0.06728735403475553,1,,1.3229089982678852,0.00016419486892465477,1.2167382060788878,0.04055794020262959,1,,1.2804017254000457
biased,17,0,0.9516310506386029,0,0.22551510231363753,0.5,0.5,0.2,2,0.001297557665357968,0.0065694640911765564,0.029320512888574714,0.0065694640911765564,1.405516723401412,0.04685055744671373,1,,1.3211308459927624,0.001297557665357968,0.9948772135930373,0.03316257378643457,1,,1.298173712795517
biased,187,1,0.9571211475764383,1,0.6327694676359189,0.5,0.5,0.2,2,0.005451968164399551,0.00895992091632614,0.04355620225286259,0.00895992091632614,4.452225100361845,0.14840750334539482,1,,1.3123329423380918,0.005451968164399551,0.30114257484649687,0.01003808582821656,1,,1.2959825406851628
biased,109,2,0.9634827409194409,2,0.1902849391926143,0.5,0.5,0.2,2,0.0011691639513643094,0.007550039377406725,0.06879132651946872,0.007550039377406725,1.6460450003339844,0.05486816667779947,1,,1.325178241121515,0.0011691639513643094,0.8124675004933024,0.02708225001644341,1,,1.2926193394549432
biased,45,3,0.9586446444924583,3,0.20325096875146026,0.5,0.5,0.2,2,0.000725560037313255,0.016832404557738136,0.12763007985929342,0.016832404557738136,2.5112108001169364,0.08370702667056454,1,,1.3350490917271878,0.000725560037313255,0.8353193150058391,0.027843977166861298,1,,1.2914272947156404
symmetric,0,-1,0.25,0,1.5145789899825082,0.5,0.5,0.2,2,0.0011498094429362813,0.010561947455073835,0.029320512888574714,0.010561947455073835,2.0727951124412614,0.06909317041470871,1,,1.328695325951461,0.0011498094429362813,0.8922806179615661,0.029742687265385533,1,,1.2956820883428815
biased,17,0,0.9516310506386029,0,0.22551510231363753,0.5,0.5,0.4,0,0.002880340613108207,0.009997188429250861,0.1169050981581141,0.009997188429250861,0.9909699106765979,0.03303233035588659,1,,1.3205166043338394,0.002880340613108207,1.8677412813538963,0.06225804271179653,1,,1.2576569720557638
biased,187,1,0.9571211475764383,1,0.6327694676359189,0.5,0.5,0.4,0,0.0010430008493110664,0.02670845264350417,0.1678157027674238,0.02670845264350417,8.428048534410864,0.28093495114702877,0,,1.3000296138579022,0.0010430008493110664,0.8978953277196666,0.029929844257322216,1,,1.2605606769551319
biased,109,2,0.9634827409194409,2,0.1902849391926143,0.5,0.5,0.4,0,0.0034021212623581744,0.013762389840306491,0.2516696520021913,0.013762389840306491,1.8315775817364544,0.0610525860578818,1,,1.3370914994243637,0.0034021212623581744,1.6066173439729492,0.053553911465764964,1,,1.2521644398098335
biased,45,3,0.9586446444924583,3,0.20325096875146026,0.5,0.5,0.4,0,0.0032215980365646636,0.050666516091490074,0.4261400627676878,0.050666516091490074,4.3836168743596025,0.1461205624786534,1,,1.3501721362768047,0.0032215980365646636,1.6743233723582662,0.05581077907860887,1,,1.2528360848237174
symmetric,0,-1,0.25,0,1.5145789899825082,0.5,0.5,0.4,0,0.002161747257753064,0.025821804745468135,0.1169050981581141,0.025821804745468135,2.897892520885942,0.09659641736286471,1,,1.3384980628186378,0.002161747257753064,1.6229189290792478,0.05409729763597492,1,,1.2626993409453295
biased,17,0,0.9516310506386029,0,0.22551510231363753,0.5,0.5,0.4,1,8.054102553881537e-05,0.017154158842705998,0.1169050981581141,0.017154158842705998,1.0919704285707488,0.036399014285691624,1,,1.3384935555401494,8.054102553881537e-05,1.0155305969108797,0.033851019897029315,1,,1.2840255040505475
biased,187,1,0.9571211475764383,1,0.6327694676359189,0.5,0.5,0.4,1,0.0007075776088062112,0.03754078479751404,0.1678157027674238,0.03754078479751404,9.348495053910854,0.31161650179702843,0,,1.2971103462821973,0.0007075776088062112,1.7441228903235406,0.05813742967745134,1,,1.2800691580095158
biased,109,2,0.9634827409194409,2,0.1902849391926143,0.5,0.5,0.4,1,2.1908774969667602e-05,0.024497206706107777,0.2516696520021913,0.024497206706107777,2.770165932043045,0.09233886440143482,1,,1.3534039884337945,2.1908774969667602e-05,0.896178172503137,0.029872605750104562,1,,1.2795086781219753
biased,45,3,0.9586446444924583,3,0.20325096875146026,0.5,0.5,0.4,1,3.972123926584059e-05,0.0806894610972554,0.4261400627676878,0.0806894610972554,6.137163305554777,0.2045721101851592,1,,1.3650958530820174,3.972123926584059e-05,0.9917166037547331,0.033057220125157764,1,,1.283444526089394
symmetric,0,-1,0.25,0,1.5145789899825082,0.5,0.5,0.4,1,0.0008171802159620233,0.03460677586223153,0.1169050981581141,0.03460677586223153,3.406563282210734,0.11355210940702444,1,,1.3567139149720218,0.0008171802159620233,1.0713370244469167,0.035711234148230554,1,,1.295520916611926
biased,17,0,0.9516310506386029,0,0.22551510231363753,0.5,0.5,0.4,2,0.002391109346365366,0.019242658811076424,0.1169050981581141,0.019242658811076424,2.157009906456647,0.07190033021522156,1,,1.3453445858248383,0.002391109346365366,0.9071512241151214,0.030238374137170707,1,,1.3042262733540193
biased,187,1,0.9571211475764383,1,0.6327694676359189,0.5,0.5,0.4,2,0.00509917326273621,0.0324026194671395,0.1678157027674238,0.0324026194671395,8.915545528724394,0.29718485095747976,0,,1.3145507000678096,0.00509917326273621,0.3932005654755155,0.013106685515850515,1,,1.3018729462597107
biased,109,2,0.9634827409194409,2,0.1902849391926143,0.5,0.5,0.4,2,0.0020950736410691034,0.023698714635890315,0.2516696520021913,0.023698714635890315,3.20790391235094,0.106930130411698,1,,1.3523973668107296,0.0020950736410691034,0.7223053414107228,0.024076844713690756,1,,1.2980200832360402
biased,45,3,0.9586446444924583,3,0.20325096875146026,0.5,0.5,0.4,2,0.0014880997726210259,0.05230351937627792,0.4261400627676878,0.05230351937627792,5.4391051807759885,0.18130350602586626,1,,1.360536989364125,0.0014880997726210259,0.7590144982310976,0.025300483274369914,1,,1.2967455512502812
symmetric,0,-1,0.25,0,1.5145789899825082,0.5,0.5,0.4,2,0.002545522140515788,0.031583718234920066,0.1169050981581141,0.031583718234920066,4.103592177143822,0.13678640590479405,1,,1.3543245750969033,0.002545522140515788,0.8595536422167482,0.028651788073891602,1,,1.3038661224490404
biased,17,0,0.9516310506386029,0,0.22551510231363753,0.5,0.5,0.6,0,0.0022496638587345356,0.026880890917382633,0.2678991778381227,0.026880890917382633,0.8977423776998339,0.029924745923327792,1,0.665,1.343120422918713,0.0022496638587345356,2.132147330633638,0.07107157768778792,1,0.415,1.2691252352520668
biased,187,1,0.9571211475764383,1,0.6327694676359189,0.5,0.5,0.6,0,0.0025685908986448486,0.06209694184759379,0.37377608596644457,0.06209694184759379,9.802387066933239,0.3267462355644412,0,0.415,1.3001260146006195,0.0025685908986448486,2.3317896661208537,0.07772632220402845,1,0.415,1.2707726327765652
biased,109,2,0.9634827409194409,2,0.1902849391926143,0.5,0.5,0.6,0,0.002631057324805464,0.037408569395475974,0.5389542592987089,0.037408569395475974,2.886246791419489,0.09620822638064962,1,1.0,1.3635466257970665,0.002631057324805464,2.0083304157301862,0.0669443471910062,1,0.415,1.2656444201935593
biased,45,3,0.9586446444924583,3,0.20325096875146026,0.5,0.5,0.6,0,0.0025215957702068173,0.11362703578469652,0.8581660503517049,0.11362703578469652,10.506979408146677,0.35023264693822254,0,1.0,1.3623715852701015,0.0025215957702068173,2.172995045838899,0.07243316819462996,1,0.415,1.2677730714181683
symmetric,0,-1,0.25,0,1.5145789899825082,0.5,0.5,0.6,0,0.0020470046818356243,0.058930734659335654,0.2678991778381227,0.058930734659335654,4.584568921037563,0.15281896403458542,1,1.0,1.3614808818474011,0.0020470046818356243,2.0110044424214992,0.06703348141404995,1,0.415,1.2839157339243203
biased,17,0,0.9516310506386029,0,0.22551510231363753,0.5,0.5,0.6,1,0.0002809542262107844,0.03440844260504952,0.2678991778381227,0.03440844260504952,1.3747768130570048,0.04582589376856682,1,1.0,1.3550742533033553,0.0002809542262107844,1.3561742838955337,0.04520580946318445,1,0.68,1.2874756778304985
biased,187,1,0.9571211475764383,1,0.6327694676359189,0.5,0.5,0.6,1,0.015755900065725477,0.0955107888582171,0.37377608596644457,0.0955107888582171,9.973581245507306,0.33245270818357686,0,0.205,1.2623981173362566,0.015755900065725477,6.956471015696125,0.2318823671898708,0,0.395,1.2634236274953299
biased,109,2,0.9634827409194409,2,0.1902849391926143,0.5,0.5,0.6,1,0.00019186569395328746,0.054238899566856,0.5389542592987089,0.054238899566856,6.262955078854205,0.2087651692951401,1,1.0,1.3740389242373372,0.00019186569395328746,1.1882705068468447,0.039609016894894815,1,0.395,1.2828061892093383
biased,45,3,0.9586446444924583,3,0.20325096875146026,0.5,0.5,0.6,1,0.0007589707145197726,0.17317924061998136,0.8581660503517049,0.17317924061998136,19.83924277821537,0.6613080926071789,0,1.0,1.3585276876350971,0.0007589707145197726,1.5014565371988753,0.050048551239962505,1,0.68,1.2903989672861138
symmetric,0,-1,0.25,0,1.5145789899825082,0.5,0.5,0.6,1,0.0032224742060486984,0.06929145438309749,0.2678991778381227,0.06929145438309749,6.391252841095052,0.21304176136983505,1,1.0,1.3721907741975867,0.0032224742060486984,1.5492019590880646,0.05164006530293548,1,0.68,1.308931950708312
biased,17,0,0.9516310506386029,0,0.22551510231363753,0.5,0.5,0.6,2,0.005127650202128672,0.03747465717120704,0.2678991778381227,0.03747465717120704,3.2076079236099453,0.1069202641203315,1,1.0,1.363186120772129,0.005127650202128672,0.648157068066485,0.021605235602216163,1,0.715,1.3110053627420961
biased,187,1,0.9571211475764383,1,0.6327694676359189,0.5,0.5,0.6,2,0.0036591384158976975,0.07664338273286048,0.37377608596644457,0.07664338273286048,9.937775605014687,0.3312591868338228,0,0.445,1.2940681845274347,0.0036591384158976975,0.8572970409340686,0.028576568031135615,1,0.715,1.3097905279871445
biased,109,2,0.9634827409194409,2,0.1902849391926143,0.5,0.5,0.6,2,0.004533431390038013,0.04890861208089116,0.5389542592987089,0.04890861208089116,6.222452164623621,0.20741507215412067,1,1.0,1.371264776452538,0.004533431390038013,0.5328605670375741,0.01776201890125247,1,0.715,1.3060758152310399
biased,45,3,0.9586446444924583,3,0.20325096875146026,0.5,0.5,0.6,2,0.003936042274198342,0.10789871744577777,0.8581660503517049,0.10789871744577777,10.906241380749627,0.3635413793583208,0,1.0,1.3694074988364768,0.003936042274198342,0.5960347346964934,0.01986782448988311,1,0.715,1.305580584956078
symmetric,0,-1,0.25,0,1.5145789899825082,0.5,0.5,0.6,2,0.006339513733640289,0.06452225421528068,0.2678991778381227,0.06452225421528068,7.536393820410275,0.2512131273470091,0,1.0,1.3716019215261954,0.006339513733640289,0.7797354926613598,0.02599118308871199,1,0.715,1.3172658455883846
biased,17,0,0.9516310506386029,0,0.22551510231363753,0.5,0.5,0.8,0,0.0017271758189202585,0.04615184690259101,0.5007099276256659,0.04615184690259101,0.801814290211561,0.02672714300705203,1,1.0,1.352497490963261,0.0017271758189202585,1.5418693757978552,0.0513956458599285,1,0.415,1.2668672873802438
biased,187,1,0.9571211475764383,1,0.6327694676359189,0.5,0.5,0.8,0,0.019044353102797125,0.10575576305822798,0.6803876188043223,0.10575576305822798,9.982052838518147,0.33273509461727147,0,0.205,1.2822860660384274,0.019044353102797125,6.905994451291686,0.23019981504305617,0,0.415,1.2486224028302568
biased,109,2,0.9634827409194409,2,0.1902849391926143,0.5,0.5,0.8,0,0.0022541853009229408,0.06397846483830424,0.9479609352487752,0.06397846483830424,4.39499548461581,0.14649984948719366,1,1.0,1.3765889016386856,0.0022541853009229408,1.4629371735610963,0.04876457245203654,1,0.415,1.263639045412411
biased,45,3,0.9586446444924583,3,0.20325096875146026,0.5,0.5,0.8,0,0.002533612533512307,0.18632833165174023,1.435691182254632,0.18632833165174023,21.4288207979785,0.7142940265992832,0,0.75,1.3543254674428713,0.002533612533512307,1.86854148975224,0.06228471632507466,1,0.415,1.2742019251955607
symmetric,0,-1,0.25,0,1.5145789899825082,0.5,0.5,0.8,0,0.003336498631050601,0.09113315189103807,0.5007099276256659,0.09113315189103807,7.626861333175089,0.2542287111058363,1,1.0,1.3706129760471775,0.003336498631050601,1.5856401760138306,0.05285467253379435,1,0.415,1.3001191858086578
biased,17,0,0.9516310506386029,0,0.22551510231363753,0.5,0.5,0.8,1,0.0024243103644932644,0.05803685029043615,0.5007099276256659,0.05803685029043615,1.815103722237127,0.06050345740790422,1,1.0,1.365192198676913,0.0024243103644932644,1.5359791977582415,0.05119930659194138,1,0.395,1.294982890475601
biased,187,1,0.9571211475764383,1,0.6327694676359189,0.5,0.5,0.8,1,0.08333692578786757,0.1725188995951365,0.6803876188043223,0.1725188995951365,10.000108056671497,0.33333693522238317,0,0.205,1.20969459057814,0.08333692578786757,9.89687655392903,0.32989588513096757,0,0.395,1.194864026927719
biased,109,2,0.9634827409194409,2,0.1902849391926143,0.5,0.5,0.8,1,0.003088272579221167,0.09278110520122088,0.9479609352487752,0.09278110520122088,11.692330272675472,0.38974434242251565,0,1.0,1.3838222392576836,0.003088272579221167,1.4425673021099095,0.048085576736996975,1,0.395,1.288957016330597
biased,45,3,0.9586446444924583,3,0.20325096875146026,0.5,0.5,0.8,1,0.00873882050545768,0.29158484403274354,1.435691182254632,0.29158484403274354,27.950767023829965,0.9316922341276653,0,0.715,1.3244540135654146,0.00873882050545768,2.4140558152093927,0.08046852717364641,1,0.395,1.3056760769616824
symmetric,0,-1,0.25,0,1.5145789899825082,0.5,0.5,0.8,1,0.019093093593478716,0.12416387458504627,0.5007099276256659,0.12416387458504627,13.617199976456618,0.45390666588188716,0,1.0,1.3760228434475401,0.019093093593478716,2.5644705632019535,0.08548235210673177,1,0.68,1.3369334433419577
biased,17,0,0.9516310506386029,0,0.22551510231363753,0.5,0.5,0.8,2,0.0006204111007708036,0.054503190311236974,0.5007099276256659,0.054503190311236974,5.73444710223408,0.19114823674113599,1,1.0,1.371806542410658,0.0006204111007708036,1.2672635859264758,0.04224211953088252,1,0.715,1.2939648073780723
biased,187,1,0.9571211475764383,1,0.6327694676359189,0.5,0.5,0.8,2,0.01596800203197608,0.14552623996124636,0.6803876188043223,0.14552623996124636,10.000005751303537,0.33333352504345115,0,0.265,1.2383864012022097,0.01596800203197608,7.251144192682046,0.24170480642273484,0,0.445,1.2721490824915234
biased,109,2,0.9634827409194409,2,0.1902849391926143,0.5,0.5,0.8,2,0.0003014523696150632,0.07439501282118544,0.9479609352487752,0.07439501282118544,10.015946122748487,0.33386487075828286,0,1.0,1.3778651798579489,0.0003014523696150632,1.0632603097522786,0.03544201032507595,1,0.715,1.289625166661387
biased,45,3,0.9586446444924583,3,0.20325096875146026,0.5,0.5,0.8,2,0.001144227375796324,0.17583620639084618,1.435691182254632,0.17583620639084618,14.992953060761376,0.49976510202537916,0,1.0,1.3543606893784155,0.001144227375796324,1.3486126950576383,0.044953756501921266,1,0.715,1.2976415604704992
symmetric,0,-1,0.25,0,1.5145789899825082,0.5,0.5,0.8,2,0.005656055963254247,0.09996757945485434,0.5007099276256659,0.09996757945485434,10.529108372295347,0.35097027907651157,0,1.0,1.3711119998033634,0.005656055963254247,2.1723919655527615,0.07241306551842537,1,0.715,1.3179076510413614
biased,17,0,0.9516310506386029,0,0.22551510231363753,0.5,1.0,0.0,0,0.0003014075299665724,0.00030140763348008616,-3.9999226153601766e-12,0.00030140763348008616,0.8925526333056544,0.029751754443521808,1,,1.2784605504458086,0.0003014075299665724,0.8925544154366805,0.029751813847889344,1,,1.278460590116493
biased,187,1,0.9571211475764383,1,0.6327694676359189,0.5,1.0,0.0,0,0.00030141089716891056,0.00030140957245668003,-3.9999226153601766e-12,0.00030140957245668003,0.8925494493926989,0.02975164831308996,1,,1.2784605766729171,0.00030141089716891056,0.892547931927673,0.029751597730922428,1,,1.2784605811393335
biased,109,2,0.9634827409194409,2,0.1902849391926143,0.5,1.0,0.0,0,0.0003013700036898241,0.0003013707258781072,-3.9999226153601766e-12,0.0003013707258781072,0.8925622199989658,0.02975207399996552,1,,1.278460323443596,0.0003013700036898241,0.8925621566855058,0.029752071889516854,1,,1.278460318385621
biased,45,3,0.9586446444924583,3,0.20325096875146026,0.5,1.0,0.0,0,0.0003014105652566299,0.0003014093251380032,-3.9999226153601766e-12,0.0003014093251380032,0.8925524699096132,0.029751748996987102,1,,1.2784604900198948,0.0003014105652566299,0.8925524691705988,0.02975174897235329,1,,1.2784604579077608
symmetric,0,-1,0.25,0,1.5145789899825082,0.5,1.0,0.0,0,0.00030140734981353844,0.00030140733595642247,-3.9999226153601766e-12,0.00030140733595642247,0.8925517245854275,0.02975172415284758,1,,1.2784605600736392,0.00030140734981353844,0.8925517307650344,0.029751724358834473,1,,1.2784605608031394
biased,17,0,0.9516310506386029,0,0.22551510231363753,0.5,1.0,0.0,1,0.0005995321757883143,0.0005995317572127044,-3.9999226153601766e-12,0.0005995317572127044,0.790098897231889,0.026336629907729628,1,,1.2904976260602592,0.0005995321757883143,0.7901003080555913,0.026336676935186373,1,,1.290497661659673
biased,187,1,0.9571211475764383,1,0.6327694676359189,0.5,1.0,0.0,1,0.0005995387861558888,0.0005995375773485221,-3.9999226153601766e-12,0.0005995375773485221,0.7900952515136395,0.02633650838378798,1,,1.2904976089234328,0.0005995387861558888,0.7900947081975696,0.026336490273252314,1,,1.2904976103681565
biased,109,2,0.9634827409194409,2,0.1902849391926143,0.5,1.0,0.0,1,0.0005995232704014359,0.000599523385174802,-3.9999226153601766e-12,0.000599523385174802,0.7901020236368128,0.02633673412122709,1,,1.2904976375509227,0.0005995232704014359,0.7901020074492948,0.02633673358164316,1,,1.2904976361510472
biased,45,3,0.9586446444924583,3,0.20325096875146026,0.5,1.0,0.0,1,0.0005994059998924474,0.0005994060761281951,-3.9999226153601766e-12,0.0005994060761281951,0.7901064543321679,0.026336881811072257,1,,1.2904960694704002,0.0005994059998924474,0.7901064542737535,0.026336881809125114,1,,1.290496068535694
symmetric,0,-1,0.25,0,1.5145789899825082,0.5,1.0,0.0,1,0.0005994909335016044,0.0005994908343479651,-3.9999226153601766e-12,0.0005994908343479651,0.7901012674504382,0.026336708915014603,1,,1.2904971164941332,0.0005994909335016044,0.7901012402722896,0.026336708009076316,1,,1.2904971169970199
biased,17,0,0.9516310506386029,0,0.22551510231363753,0.5,1.0,0.0,2,0.0014495445747073066,0.00144954325541094,-3.9999226153601766e-12,0.00144954325541094,0.8587873225576081,0.0286262440852536,1,,1.2989253806482886,0.0014495445747073066,0.8587883644972816,0.028626278816576048,1,,1.2989254041932108
biased,187,1,0.9571211475764383,1,0.6327694676359189,0.5,1.0,0.0,2,0.001449538199475053,0.0014495351553426798,-3.9999226153601766e-12,0.0014495351553426798,0.8587751117334008,0.02862583705778002,1,,1.2989251469206557,0.001449538199475053,0.8587738376798715,0.028625794589329043,1,,1.2989251502909576
biased,109,2,0.9634827409194409,2,0.1902849391926143,0.5,1.0,0.0,2,0.001449527819794117,0.001449529346028957,-3.9999226153601766e-12,0.001449529346028957,0.8587819825179366,0.028626066083931215,1,,1.2989252016409674,0.001449527819794117,0.8587817688680832,0.028626058962269437,1,,1.2989251863868954
biased,45,3,0.9586446444924583,3,0.20325096875146026,0.5,1.0,0.0,2,0.0014495284208550837,0.0014495293240236115,-3.9999226153601766e-12,0.0014495293240236115,0.8587809303786886,0.02862603101262295,1,,1.2989251879033468,0.0014495284208550837,0.8587809297125881,0.0286260309904196,1,,1.2989251820492316
symmetric,0,-1,0.25,0,1.5145789899825082,0.5,1.0,0.0,2,0.0014495316454511426,0.0014495315387571747,-3.9999226153601766e-12,0.0014495315387571747,0.8587819083182735,0.028626063610609112,1,,1.2989252170647694,0.0014495316454511426,0.8587818729704155,0.02862606243234718,1,,1.298925217312112
biased,17,0,0.9516310506386029,0,0.22551510231363753,0.5,1.0,0.2,0,0.0008632050138995453,0.005482404623321523,0.029320512888574714,0.005482404623321523,1.0767628851351962,0.035892096171173206,1,,1.3178025942058746,0.0008632050138995453,0.8200833426985299,0.027336111423284327,1,,1.2743435827529626
biased,187,1,0.9571211475764383,1,0.6327694676359189,0.5,1.0,0.2,0,0.000863210846928723,0.005267791076070536,0.04355620225286259,0.005267791076070536,2.151928862830216,0.07173096209434052,1,,1.317477952979305,0.000863210846928723,0.820077090926713,0.02733590303089043,1,,1.274343589956864
biased,109,2,0.9634827409194409,2,0.1902849391926143,0.5,1.0,0.2,0,0.0008631319589822127,0.0055674811922453785,0.06879132651946872,0.0055674811922453785,1.1342646185952487,0.03780882061984162,1,,1.3184989344586002,0.0008631319589822127,0.8200927731807472,0.02733642577269157,1,,1.2743432779430859
biased,45,3,0.9586446444924583,3,0.20325096875146026,0.5,1.0,0.2,0,0.0008632138719705338,0.008788902136408636,0.12763007985929342,0.008788902136408636,1.669464911245,0.05564883037483332,1,,1.326055533498017,0.0008632138719705338,0.8200819451417207,0.027336064838057353,1,,1.2743434286117794
symmetric,0,-1,0.25,0,1.5145789899825082,0.5,1.0,0.2,0,0.0008632046338444936,0.0068983336541998536,0.029320512888574714,0.0068983336541998536,1.3932490983264378,0.04644163661088126,1,,1.3222236176408144,0.0008632046338444936,0.8200810715324525,0.02733603571774841,1,,1.2743435677526134
biased,17,0,0.9516310506386029,0,0.22551510231363753,0.5,1.0,0.2,1,0.0007055851421397053,0.009152446215655398,0.029320512888574714,0.009152446215655398,1.1663627925482811,0.038878759751609364,1,,1.3266887046292262,0.0007055851421397053,0.6877938193911581,0.022926460646371934,1,,1.2877918815974607
biased,187,1,0.9571211475764383,1,0.6327694676359189,0.5,1.0,0.2,1,0.0007055980239583813,0.008346214198611146,0.04355620225286259,0.008346214198611146,2.089191050009487,0.06963970166698288,1,,1.3257028982140373,0.0007055980239583813,0.6877885834599862,0.02292628611533287,1,,1.2877918319192927
biased,109,2,0.9634827409194409,2,0.1902849391926143,0.5,1.0,0.2,1,0.0007055580727531969,0.009593638386535486,0.06879132651946872,0.009593638386535486,1.2926347846633601,0.04308782615544533,1,,1.3283962987534654,0.0007055580727531969,0.6877959965318037,0.022926533217726787,1,,1.2877918861332724
biased,45,3,0.9586446444924583,3,0.20325096875146026,0.5,1.0,0.2,1,0.0007055417530305846,0.013637057963003178,0.12763007985929342,0.013637057963003178,1.5601169242864643,0.05200389747621547,1,,1.3340814285244256,0.0007055417530305846,0.6878029699284749,0.022926765664282492,1,,1.2877897990710627
symmetric,0,-1,0.25,0,1.5145789899825082,0.5,1.0,0.2,1,0.000705571606154397,0.010768756089616471,0.029320512888574714,0.010768756089616471,1.415497535087884,0.047183251169596124,1,,1.3301284745431834,0.000705571606154397,0.6877961457738779,0.022926538192462594,1,,1.2877911838164144
biased,17,0,0.9516310506386029,0,0.22551510231363753,0.5,1.0,0.2,2,0.0016719196122473474,0.0096384917472591,0.029320512888574714,0.0096384917472591,1.956589712848028,0.06521965709493426,1,,1.330216573978845,0.0016719196122473474,0.9734436850675598,0.032448122835585326,1,,1.301413298494784
biased,187,1,0.9571211475764383,1,0.6327694676359189,0.5,1.0,0.2,2,0.001671894433560625,0.009592752345308452,0.04355620225286259,0.009592752345308452,3.1514769989903044,0.1050492332996768,1,,1.3271745809610311,0.001671894433560625,0.9734243551044242,0.0324474785034808,1,,1.3014130056289752
biased,109,2,0.9634827409194409,2,0.1902849391926143,0.5,1.0,0.2,2,0.0016718853266405771,0.009857712691588964,0.06879132651946872,0.009857712691588964,1.9533420042490701,0.06511140014163566,1,,1.3308537626640395,0.0016718853266405771,0.9734346167134589,0.032447820557115294,1,,1.3014130548566187
biased,45,3,0.9586446444924583,3,0.20325096875146026,0.5,1.0,0.2,2,0.00167188671448186,0.013037581927364414,0.12763007985929342,0.013037581927364414,2.485980125553089,0.08286600418510295,1,,1.335126844129361,0.00167188671448186,0.9734336574686198,0.03244778858228732,1,,1.3014130455570319
symmetric,0,-1,0.25,0,1.5145789899825082,0.5,1.0,0.2,2,0.0016718916540720066,0.010740660140015297,0.029320512888574714,0.010740660140015297,2.0594845222869362,0.0686494840762312,1,,1.3321105679111485,0.0016718916540720066,0.9734350052294949,0.03244783350764983,1,,1.3014130856427408
biased,17,0,0.9516310506386029,0,0.22551510231363753,0.5,1.0,0.4,0,0.001524388561453545,0.02040302955162407,0.1169050981581141,0.02040302955162407,1.1004263518529789,0.036680878395099294,1,,1.3422941178185173,0.001524388561453545,0.4864288009186646,0.016214293363955485,1,,1.2723197235964503
biased,187,1,0.9571211475764383,1,0.6327694676359189,0.5,1.0,0.4,0,0.0015244142224401886,0.020241197414627488,0.1678157027674238,0.020241197414627488,3.5887434869606216,0.11962478289868737,1,,1.342836461935844,0.0015244142224401886,0.4864243287431014,0.01621414429143671,1,,1.272319718453659
biased,109,2,0.9634827409194409,2,0.1902849391926143,0.5,1.0,0.4,0,0.001524248448716052,0.0215366855441209,0.2516696520021913,0.0215366855441209,1.2703578623903367,0.042345262079677884,1,,1.3451531582886946,0.001524248448716052,0.4864361534947126,0.01621453844982375,1,,1.272319357181754
biased,45,3,0.9586446444924583,3,0.20325096875146026,0.5,1.0,0.4,0,0.001524396161404101,0.03433799739854923,0.4261400627676878,0.03433799739854923,2.337363769301443,0.07791212564338142,1,,1.3539624433186617,0.001524396161404101,0.48642792730839157,0.01621426424361305,1,,1.2723195742458655
symmetric,0,-1,0.25,0,1.5145789899825082,0.5,1.0,0.4,0,0.0015243943417963006,0.02710501557113372,0.1169050981581141,0.02710501557113372,1.7079336235883147,0.05693112078627715,1,,1.349810790453796,0.0015243943417963006,0.4864271332963632,0.01621423777654544,1,,1.272319701788031
biased,17,0,0.9516310506386029,0,0.22551510231363753,0.5,1.0,0.4,1,0.0012716047895083172,0.029136862315115447,0.1169050981581141,0.029136862315115447,2.1318822062789176,0.07106274020929725,1,,1.3546983901193703,0.0012716047895083172,0.622928474615525,0.020764282487184163,1,,1.2884545349694845
biased,187,1,0.9571211475764383,1,0.6327694676359189,0.5,1.0,0.4,1,0.0012716230698407204,0.02947101360881009,0.1678157027674238,0.02947101360881009,5.329186462417013,0.17763954874723373,0,,1.3511560601891728,0.0012716230698407204,0.6229231819187664,0.020764106063958877,1,,1.2884544647200307
biased,109,2,0.9634827409194409,2,0.1902849391926143,0.5,1.0,0.4,1,0.0012716003766005254,0.030726615505795307,0.2516696520021913,0.030726615505795307,2.5665625775158576,0.08555208591719524,1,,1.357111139451025,0.0012716003766005254,0.6229263748711689,0.020764212495705626,1,,1.288454701016997
biased,45,3,0.9586446444924583,3,0.20325096875146026,0.5,1.0,0.4,1,0.0012716714054478665,0.045765583722049794,0.4261400627676878,0.045765583722049794,3.854448103585045,0.12848160345283482,1,,1.3624651850748377,0.0012716714054478665,0.6229440539223807,0.020764801797412687,1,,1.2884516206978696
symmetric,0,-1,0.25,0,1.5145789899825082,0.5,1.0,0.4,1,0.0012716283390822565,0.034750824622807805,0.1169050981581141,0.034750824622807805,2.813439579157251,0.09378131930524168,1,,1.3580702972189715,0.0012716283390822565,0.6229329382947679,0.02076443127649226,1,,1.2884535671285537
biased,17,0,0.9516310506386029,0,0.22551510231363753,0.5,1.0,0.4,2,0.0027516936771364124,0.028956497163147105,0.1169050981581141,0.028956497163147105,3.7183122719713966,0.12394374239904654,1,,1.3537522766826549,0.0027516936771364124,0.7797457843273514,0.025991526144245044,1,,1.3039265670784352
biased,187,1,0.9571211475764383,1,0.6327694676359189,0.5,1.0,0.4,2,0.0027516948083932714,0.03160272239775069,0.1678157027674238,0.03160272239775069,6.983444435077951,0.232781481169265,0,,1.3453362969760982,0.0027516948083932714,0.779724882306515,0.025990829410217166,1,,1.3039261335138004
biased,109,2,0.9634827409194409,2,0.1902849391926143,0.5,1.0,0.4,2,0.0027516782768626444,0.029819389296720483,0.2516696520021913,0.029819389296720483,3.6797821306823963,0.12265940435607986,1,,1.3557369112662725,0.0027516782768626444,0.7797366078353074,0.02599122026117691,1,,1.303926231346744
biased,45,3,0.9586446444924583,3,0.20325096875146026,0.5,1.0,0.4,2,0.00275167508533802,0.04244732290916739,0.4261400627676878,0.04244732290916739,5.432155336128458,0.18107184453761524,0,,1.3583910585530339,0.00275167508533802,0.7797351723838553,0.025991172412795173,1,,1.3039261990803137
symmetric,0,-1,0.25,0,1.5145789899825082,0.5,1.0,0.4,2,0.002751680265491125,0.033231679583100665,0.1169050981581141,0.033231679583100665,4.175252805162782,0.13917509350542606,1,,1.356159358175704,0.002751680265491125,0.7797367016731005,0.025991223389103348,1,,1.3039262558929252
biased,17,0,0.9516310506386029,0,0.22551510231363753,0.5,1.0,0.6,0,0.003776789616231692,0.042872459339483984,0.2678991778381227,0.042872459339483984,1.553565954295616,0.05178553180985386,1,1.0,1.360338813688,0.003776789616231692,0.3374401323575582,0.011248004411918606,1,0.665,1.2750464003069717
biased,187,1,0.9571211475764383,1,0.6327694676359189,0.5,1.0,0.6,0,0.003776844137652409,0.042798094338530934,0.37377608596644457,0.042798094338530934,5.886313242307323,0.19621044141024407,0,1.0,1.3593753009787404,0.003776844137652409,0.3374371412031285,0.011247904706770949,1,0.665,1.2750464119467626
biased,109,2,0.9634827409194409,2,0.1902849391926143,0.5,1.0,0.6,0,0.0037764222018704975,0.04456917995254621,0.5389542592987089,0.04456917995254621,1.9216825745568045,0.06405608581856014,1,1.0,1.3635445689370147,0.0037764222018704975,0.3374446376098572,0.011248154586995239,1,0.665,1.2750460662833287
biased,45,3,0.9586446444924583,3,0.20325096875146026,0.5,1.0,0.6,0,0.0037767847453110057,0.0681521561166192,0.8581660503517049,0.0681521561166192,4.548719826549813,0.1516239942183271,1,1.0,1.3687203370999577,0.0037767847453110057,0.3374401913208924,0.01124800637736308,1,0.665,1.2750462385490136
symmetric,0,-1,0.25,0,1.5145789899825082,0.5,1.0,0.6,0,0.003776795421796112,0.05444678086256538,0.2678991778381227,0.05444678086256538,2.779685102561907,0.0926561700853969,1,1.0,1.3667590694279808,0.003776795421796112,0.33743933778276336,0.01124797792609211,1,0.665,1.2750464050583918
biased,17,0,0.9516310506386029,0,0.22551510231363753,0.5,1.0,0.6,1,0.005065175888786914,0.057137356683940044,0.2678991778381227,0.057137356683940044,4.513102952510367,0.1504367650836789,1,1.0,1.373076875441623,0.005065175888786914,0.6333724219522718,0.021112414065075726,1,0.68,1.2820413349427877
biased,187,1,0.9571211475764383,1,0.6327694676359189,0.5,1.0,0.6,1,0.0050651791949195175,0.059822131571331816,0.37377608596644457,0.059822131571331816,8.660987656648928,0.2886995885549642,0,1.0,1.3641850344696538,0.0050651791949195175,0.6333708742863597,0.02111236247621199,1,0.68,1.2820412941785924
biased,109,2,0.9634827409194409,2,0.1902849391926143,0.5,1.0,0.6,1,0.005065077724474837,0.05988100644324319,0.5389542592987089,0.05988100644324319,5.115415374376353,0.17051384581254508,1,1.0,1.374929745980554,0.005065077724474837,0.633367261815132,0.021112242060504396,1,0.68,1.2820416774074432
biased,45,3,0.9586446444924583,3,0.20325096875146026,0.5,1.0,0.6,1,0.005066577687232001,0.08957385070241267,0.8581660503517049,0.08957385070241267,8.808925149299412,0.2936308383099804,0,1.0,1.3750898987995728,0.005066577687232001,0.6334246560539658,0.021114155201798858,1,0.68,1.282035633889787
symmetric,0,-1,0.25,0,1.5145789899825082,0.5,1.0,0.6,1,0.005065634999930674,0.07081879045294803,0.2678991778381227,0.07081879045294803,6.386854406676995,0.21289514688923314,1,1.0,1.3756160529464736,0.005065634999930674,0.6333887284095785,0.021112957613652613,1,0.68,1.2820394455656248
biased,17,0,0.9516310506386029,0,0.22551510231363753,0.5,1.0,0.6,2,0.0017202105941357855,0.052685068350982786,0.2678991778381227,0.052685068350982786,6.915719498178569,0.23052398327261892,0,1.0,1.3672231525178644,0.0017202105941357855,1.1207981655586008,0.03735993885195336,1,0.715,1.3027450618309575
biased,187,1,0.9571211475764383,1,0.6327694676359189,0.5,1.0,0.6,2,0.0017202108377337363,0.06412022137812773,0.37377608596644457,0.06412022137812773,9.599396643146541,0.31997988810488465,0,1.0,1.3476212458784649,0.0017202108377337363,1.1207937450514627,0.037359791501715416,1,0.715,1.3027450453356122
biased,109,2,0.9634827409194409,2,0.1902849391926143,0.5,1.0,0.6,2,0.0017202093949149934,0.05524758147066863,0.5389542592987089,0.05524758147066863,7.281435705929296,0.24271452353097647,0,1.0,1.3692846217164099,0.0017202093949149934,1.1207983767214824,0.037359945890716076,1,0.715,1.302745053813672
biased,45,3,0.9586446444924583,3,0.20325096875146026,0.5,1.0,0.6,2,0.0017202046431072857,0.08248565156060457,0.8581660503517049,0.08248565156060457,9.422343423944557,0.3140781141314852,0,1.0,1.3661264902014216,0.0017202046431072857,1.1207979126075795,0.037359930420252645,1,0.715,1.3027450254731727
symmetric,0,-1,0.25,0,1.5145789899825082,0.5,1.0,0.6,2,0.0017202093248177112,0.0633544766785448,0.2678991778381227,0.0633544766785448,8.15679533666679,0.27189317788889295,0,1.0,1.3679274064652278,0.0017202093248177112,1.1207977482905696,0.03735992494301898,1,0.715,1.3027450519620525
biased,17,0,0.9516310506386029,0,0.22551510231363753,0.5,1.0,0.8,0,0.0029789521458263458,0.06974133968145566,0.5007099276256659,0.06974133968145566,3.486644851757348,0.11622149505857825,1,1.0,1.3716288719066654,0.0029789521458263458,0.3979386076536251,0.013264620255120835,1,0.665,1.2745279887529868
biased,187,1,0.9571211475764383,1,0.6327694676359189,0.5,1.0,0.8,0,0.0029790237106840957,0.07510986509797649,0.6803876188043223,0.07510986509797649,9.04745109647489,0.3015817032158296,0,1.0,1.3649326955508285,0.0029790237106840957,0.3979332640986377,0.013264442136621256,1,0.665,1.2745280954301526
biased,109,2,0.9634827409194409,2,0.1902849391926143,0.5,1.0,0.8,0,0.002978310371428503,0.0726768480084705,0.9479609352487752,0.0726768480084705,4.4417244452247875,0.1480574815074929,1,1.0,1.3747926671001234,0.002978310371428503,0.39795257981937726,0.01326508599397924,1,0.665,1.2745273309813447
biased,45,3,0.9586446444924583,3,0.20325096875146026,0.5,1.0,0.8,0,0.0029789423108822774,0.11413099385337508,1.435691182254632,0.11413099385337508,11.385476134347988,0.3795158711449329,0,1.0,1.3716886989052277,0.0029789423108822774,0.3979399497634206,0.013264664992114018,1,0.665,1.2745277503792878
symmetric,0,-1,0.25,0,1.5145789899825082,0.5,1.0,0.8,0,0.0029789537743282876,0.08866369540016086,0.5007099276256659,0.08866369540016086,6.888879083143546,0.22962930277145147,1,1.0,1.374707006104995,0.0029789537743282876,0.397937862925718,0.013264595430857264,1,0.665,1.2745280688250906
biased,17,0,0.9516310506386029,0,0.22551510231363753,0.5,1.0,0.8,1,0.008799270913633805,0.09120914579581982,0.5007099276256659,0.09120914579581982,8.738074427904857,0.29126914759682854,1,1.0,1.3803256177738097,0.008799270913633805,0.5219697306111215,0.017398991020370715,1,0.68,1.2644607394479848
biased,187,1,0.9571211475764383,1,0.6327694676359189,0.5,1.0,0.8,1,0.00879927363024683,0.09901316935886245,0.6803876188043223,0.09901316935886245,10.256505978760465,0.3418835326253488,0,1.0,1.3629317834578143,0.00879927363024683,0.5219694985648504,0.017398983285495013,1,0.68,1.2644607362566638
biased,109,2,0.9634827409194409,2,0.1902849391926143,0.5,1.0,0.8,1,0.008799269923769799,0.0948662970229922,0.9479609352487752,0.0948662970229922,9.788030744985294,0.32626769149950974,0,1.0,1.3815702657202154,0.008799269923769799,0.5219695803440116,0.01739898601146705,1,0.68,1.2644607366694365
biased,45,3,0.9586446444924583,3,0.20325096875146026,0.5,1.0,0.8,1,0.008799273650094776,0.14285814986395756,1.435691182254632,0.14285814986395756,15.550031760173061,0.5183343920057686,0,1.0,1.3715966824865204,0.008799273650094776,0.5219696862525935,0.017398989541753115,1,0.68,1.2644607283218152
symmetric,0,-1,0.25,0,1.5145789899825082,0.5,1.0,0.8,1,0.0087992700711257,0.11256681811771432,0.5007099276256659,0.11256681811771432,12.192528148681609,0.40641760495605356,0,1.0,1.3788974100489255,0.0087992700711257,0.5219697114470512,0.01739899038156837,1,0.68,1.2644607456999324
biased,17,0,0.9516310506386029,0,0.22551510231363753,0.5,1.0,0.8,2,0.0014157434493851052,0.0783784036761677,0.5007099276256659,0.0783784036761677,9.347557622074653,0.3115852540691551,0,1.0,1.3735793009282906,0.0014157434493851052,1.054971806789018,0.03516572689296726,1,0.715,1.2824993072127144
biased,187,1,0.9571211475764383,1,0.6327694676359189,0.5,1.0,0.8,2,0.0014157442878860891,0.09983236065777715,0.6803876188043223,0.09983236065777715,10.048691307503365,0.3349563769167788,0,1.0,1.341143179420946,0.0014157442878860891,1.0549662002508953,0.03516554000836317,1,0.715,1.282499271363996
biased,109,2,0.9634827409194409,2,0.1902849391926143,0.5,1.0,0.8,2,0.0014157423417655926,0.08290272199239276,0.9479609352487752,0.08290272199239276,9.811648232621673,0.32705494108738903,0,1.0,1.3753831750936827,0.0014157423417655926,1.054972668728421,0.035165755624280697,1,0.715,1.2824993055792657
biased,45,3,0.9586446444924583,3,0.20325096875146026,0.5,1.0,0.8,2,0.001415743871658515,0.12603630474379024,1.435691182254632,0.12603630474379024,11.32409337862869,0.377469779287623,0,1.0,1.3633293338576666,0.001415743871658515,1.0549709338123159,0.03516569779374386,1,0.715,1.282499272793948
symmetric,0,-1,0.25,0,1.5145789899825082,0.5,1.0,0.8,2,0.0014157426990930744,0.09657127534017702,0.5007099276256659,0.09657127534017702,10.39407644008475,0.34646921466949154,0,1.0,1.3717670196931966,0.0014157426990930744,1.0549713870339927,0.03516571290113309,1,0.715,1.2824993020938114
biased,17,0,0.9516310506386029,0,0.22551510231363753,0.9,0.0,0.0,0,0.0006248145638920307,0.000305157467835087,-3.9999226153601766e-12,0.000305157467835087,1.291085097093314,0.04303616990311046,1,,1.2878050915512116,0.0006248145638920307,1.5530236323758329,0.05176745441252775,1,,1.2910806714186778
biased,187,1,0.9571211475764383,1,0.6327694676359189,0.9,0.0,0.0,0,0.02639445806694429,0.005106763827227821,-3.9999226153601766e-12,0.005106763827227821,0.33166406236556645,0.01105546874551888,1,,1.2971225502434818,0.02639445806694429,0.09360719631265058,0.003120239877088352,1,,1.2746500339041202
biased,109,2,0.9634827409194409,2,0.1902849391926143,0.9,0.0,0.0,0,0.00045173003902398545,0.0002380279211273732,-3.9999226153601766e-12,0.0002380279211273732,1.174541217161923,0.03915137390539743,1,,1.2849057708290452,0.00045173003902398545,1.1565477692441817,0.038551592308139385,1,,1.2824274070022863
biased,45,3,0.9586446444924583,3,0.20325096875146026,0.9,0.0,0.0,0,7.075738283358738e-05,0.00013733236708790737,-3.9999226153601766e-12,0.00013733236708790737,1.160367583408095,0.0386789194469365,1,,1.284155406519247,7.075738283358738e-05,1.1682048749637686,0.03894016249879228,1,,1.2808898812070537
symmetric,0,-1,0.25,0,1.5145789899825082,0.9,0.0,0.0,0,0.00017436587581994185,0.00018496534794265954,-3.9999226153601766e-12,0.00018496534794265954,1.1716208256123073,0.03905402752041024,1,,1.2849597142254978,0.00017436587581994185,1.150492744399878,0.038349758146662596,1,,1.2847871651327087
biased,17,0,0.9516310506386029,0,0.22551510231363753,0.9,0.0,0.0,1,0.0006598671404628421,0.0008438175761796558,-3.9999226153601766e-12,0.0008438175761796558,0.7717746014825722,0.02572582004941907,1,,1.2712861616838735,0.0006598671404628421,0.9072595541411932,0.03024198513803977,1,,1.2737379313922448
biased,187,1,0.9571211475764383,1,0.6327694676359189,0.9,0.0,0.0,1,0.011677187086557319,0.002323601230400865,-3.9999226153601766e-12,0.002323601230400865,0.36691778844943346,0.012230592948314446,1,,1.2739191849775175,0.011677187086557319,0.07836809862909466,0.002612269954303155,1,,1.2651983722339046
biased,109,2,0.9634827409194409,2,0.1902849391926143,0.9,0.0,0.0,1,0.002270417130289969,0.0015293605125160775,-3.9999226153601766e-12,0.0015293605125160775,0.6756807965796696,0.022522693219322317,1,,1.2664581137312134,0.002270417130289969,0.6661230850256994,0.022204102834189977,1,,1.2631838042720602
biased,45,3,0.9586446444924583,3,0.20325096875146026,0.9,0.0,0.0,1,0.0012011932362075831,0.001165434511340884,-3.9999226153601766e-12,0.001165434511340884,0.6719036842451065,0.02239678947483688,1,,1.265798590978426,0.0012011932362075831,0.6718362359936669,0.022394541199788894,1,,1.263723954408863
symmetric,0,-1,0.25,0,1.5145789899825082,0.9,0.0,0.0,1,0.0012026920488213215,0.0012021550874130541,-3.9999226153601766e-12,0.0012021550874130541,0.6762366627295291,0.0225412220909843,1,,1.2668822320738709,0.0012026920488213215,0.6706065437720288,0.022353551459067623,1,,1.2669740090548434
biased,17,0,0.9516310506386029,0,0.22551510231363753,0.9,0.0,0.0,2,0.001143142370440629,0.0006731967723312988,-3.9999226153601766e-12,0.0006731967723312988,1.2837225042654221,0.04279075014218073,1,,1.2917784414479425,0.001143142370440629,1.5902565242508715,0.05300855080836238,1,,1.294686544398627
biased,187,1,0.9571211475764383,1,0.6327694676359189,0.9,0.0,0.0,2,0.02313711238767045,0.003629860529527313,-3.9999226153601766e-12,0.003629860529527313,0.4941358189218037,0.016471193964060122,1,,1.2981841754824284,0.02313711238767045,0.15873921139313296,0.0052913070464377645,1,,1.2788914164536862
biased,109,2,0.9634827409194409,2,0.1902849391926143,0.9,0.0,0.0,2,5.5666594911437176e-05,0.0002209285319366512,-3.9999226153601766e-12,0.0002209285319366512,1.1019208894392785,0.03673069631464261,1,,1.2867512060808128,5.5666594911437176e-05,1.0666456298839944,0.03555485432946647,1,,1.2841759473459171
biased,45,3,0.9586446444924583,3,0.20325096875146026,0.9,0.0,0.0,2,0.0005116485217441257,0.00043954758340007086,-3.9999226153601766e-12,0.00043954758340007086,1.1285811040371296,0.037619370134570985,1,,1.2852948373958282,0.0005116485217441257,1.1250860421403497,0.03750286807134499,1,,1.2819820416109573
symmetric,0,-1,0.25,0,1.5145789899825082,0.9,0.0,0.0,2,0.00033420264207540383,0.00035458611616429026,-3.9999226153601766e-12,0.00035458611616429026,1.1107438433427874,0.03702479477809291,1,,1.2872417050975926,0.00033420264207540383,1.1211688102782502,0.03737229367594167,1,,1.2867917482198237
biased,17,0,0.9516310506386029,0,0.22551510231363753,0.9,0.0,0.2,0,0.0014193144119770181,0.004064097361507098,0.029320512888574714,0.004064097361507098,0.8140212727471341,0.027134042424904466,1,,1.3085673613937088,0.0014193144119770181,1.7587203700706266,0.05862401233568754,1,,1.2989182815264506
biased,187,1,0.9571211475764383,1,0.6327694676359189,0.9,0.0,0.2,0,0.018056573240862964,0.009580428206778718,0.04355620225286259,0.009580428206778718,4.934744730842178,0.16449149102807256,1,,1.3098124612240272,0.018056573240862964,0.15460904671326103,0.005153634890442033,1,,1.2923372865224838
biased,109,2,0.9634827409194409,2,0.1902849391926143,0.9,0.0,0.2,0,0.0008515158271691428,0.007321224130955751,0.06879132651946872,0.007321224130955751,1.6313191612781774,0.05437730537593924,1,,1.3250840997912925,0.0008515158271691428,1.3628027875048687,0.04542675958349562,1,,1.2921378092086477
biased,45,3,0.9586446444924583,3,0.20325096875146026,0.9,0.0,0.2,0,0.0004677563209496624,0.027550122730376825,0.12763007985929342,0.027550122730376825,2.5429077851177375,0.0847635928372579,1,,1.3446332741687634,0.0004677563209496624,1.4113077304631405,0.04704359101543801,1,,1.2905271004579841
symmetric,0,-1,0.25,0,1.5145789899825082,0.9,0.0,0.2,0,0.0010638687284700264,0.009915417856420777,0.029320512888574714,0.009915417856420777,1.8947948991214936,0.06315982997071644,1,,1.3245521371434872,0.0010638687284700264,1.3723827554493306,0.045746091848311014,1,,1.2970437158629182
biased,17,0,0.9516310506386029,0,0.22551510231363753,0.9,0.0,0.2,1,0.0010999979009071919,0.0030279287112395595,0.029320512888574714,0.0030279287112395595,0.3821653905218325,0.012738846350727749,1,,1.2843827631149425,0.0010999979009071919,0.7309134473877765,0.02436378157959255,1,,1.260985286541708
biased,187,1,0.9571211475764383,1,0.6327694676359189,0.9,0.0,0.2,1,0.00340345465770068,0.01948726775982812,0.04355620225286259,0.01948726775982812,7.117942729977367,0.23726475766591218,0,,1.253714333086554,0.00340345465770068,0.2421826557642448,0.008072755192141493,1,,1.259773336405675
biased,109,2,0.9634827409194409,2,0.1902849391926143,0.9,0.0,0.2,1,0.0028928036874316795,0.0035127548903299555,0.06879132651946872,0.0035127548903299555,0.9369363165008193,0.031231210550027307,1,,1.3091949384886694,0.0028928036874316795,0.5537553572849019,0.01845851190949673,1,,1.251192953253272
biased,45,3,0.9586446444924583,3,0.20325096875146026,0.9,0.0,0.2,1,0.0018206541800438484,0.0403012575903699,0.12763007985929342,0.0403012575903699,1.6332640086301364,0.05444213362100454,1,,1.3394060808121584,0.0018206541800438484,0.5935410323530621,0.0197847010784354,1,,1.2563679957956098
symmetric,0,-1,0.25,0,1.5145789899825082,0.9,0.0,0.2,1,0.001122796427352156,0.006134073905070939,0.029320512888574714,0.006134073905070939,1.337440375744281,0.04458134585814269,1,,1.310425310469201,0.001122796427352156,0.643733754845538,0.021457791828184594,1,,1.2661119869935438
biased,17,0,0.9516310506386029,0,0.22551510231363753,0.9,0.0,0.2,2,0.0012779208664887576,0.004696773695339225,0.029320512888574714,0.004696773695339225,1.4190445894991466,0.04730148631663821,1,,1.316970028415064,0.0012779208664887576,1.5277710117691468,0.05092570039230489,1,,1.2989588389393678
biased,187,1,0.9571211475764383,1,0.6327694676359189,0.9,0.0,0.2,2,0.014233394196235517,0.010874629251652465,0.04355620225286259,0.010874629251652465,6.15696813665279,0.20523227122175966,0,,1.299581046670468,0.014233394196235517,0.183110275626297,0.006103675854209899,1,,1.2895861890985463
biased,109,2,0.9634827409194409,2,0.1902849391926143,0.9,0.0,0.2,2,0.00023970839333121823,0.007139540506065918,0.06879132651946872,0.007139540506065918,1.9228427372575574,0.06409475790858524,1,,1.3236886296444053,0.00023970839333121823,0.990417378318531,0.033013912610617695,1,,1.2877192846229113
biased,45,3,0.9586446444924583,3,0.20325096875146026,0.9,0.0,0.2,2,0.0002509923186524664,0.020317792057318214,0.12763007985929342,0.020317792057318214,2.812955453402971,0.09376518178009902,1,,1.341538205535631,0.0002509923186524664,1.0563163188099578,0.03521054396033192,1,,1.2862362579790172
symmetric,0,-1,0.25,0,1.5145789899825082,0.9,0.0,0.2,2,0.0006861656424311455,0.009098283891481845,0.029320512888574714,0.009098283891481845,2.3109707699276836,0.07703235899758945,1,,1.3277967377774882,0.0006861656424311455,1.0841259032601969,0.036137530108673224,1,,1.2944611149775023
biased,17,0,0.9516310506386029,0,0.22551510231363753,0.9,0.0,0.4,0,0.0008496935669247026,0.00932711438939654,0.1169050981581141,0.00932711438939654,0.4174431031711556,0.013914770105705186,1,,1.3127377120521921,0.0008496935669247026,1.8455610754633034,0.06151870251544344,1,,1.2816201920619708
biased,187,1,0.9571211475764383,1,0.6327694676359189,0.9,0.0,0.4,0,0.0038357618014067604,0.045343700114804826,0.1678157027674238,0.045343700114804826,9.637253197620222,0.3212417732540073,0,,1.2745898820901762,0.0038357618014067604,0.2935423960178263,0.009784746533927541,1,,1.2860532706776682
biased,109,2,0.9634827409194409,2,0.1902849391926143,0.9,0.0,0.4,0,0.0008960117651151331,0.018189163753266818,0.2516696520021913,0.018189163753266818,2.209786548570208,0.07365955161900693,1,,1.344992672101339,0.0008960117651151331,1.469673974411423,0.048989132480380754,1,,1.2742322964875796
biased,45,3,0.9586446444924583,3,0.20325096875146026,0.9,0.0,0.4,0,0.0006668475807670056,0.08818745393352734,0.4261400627676878,0.08818745393352734,6.705191921965842,0.22350639739886136,1,,1.3611137303106229,0.0006668475807670056,1.5595254711940676,0.05198418237313558,1,,1.2778837752859848
symmetric,0,-1,0.25,0,1.5145789899825082,0.9,0.0,0.4,0,0.0009863702217135506,0.032291142483920426,0.1169050981581141,0.032291142483920426,2.80295560884255,0.09343185362808498,1,,1.3484091170861952,0.0009863702217135506,1.5198945440535017,0.050663151468450046,1,,1.2894001177686536
biased,17,0,0.9516310506386029,0,0.22551510231363753,0.9,0.0,0.4,1,0.00018769245100018917,0.010906226358150146,0.1169050981581141,0.010906226358150146,0.2870851013566156,0.009569503378553851,1,,1.3084747180102774,0.00018769245100018917,0.9058682184223954,0.03019560728074651,1,,1.273379721798386
biased,187,1,0.9571211475764383,1,0.6327694676359189,0.9,0.0,0.4,1,0.002410469584194208,0.08741543969540891,0.1678157027674238,0.08741543969540891,9.935477979084645,0.33118259930282146,0,,1.199832802107197,0.002410469584194208,2.044660073171989,0.06815533577239961,1,,1.2692719749944938
biased,109,2,0.9634827409194409,2,0.1902849391926143,0.9,0.0,0.4,1,0.001463699806845339,0.02425893292379984,0.2516696520021913,0.02425893292379984,2.889086549656239,0.09630288498854128,1,,1.3474177384409285,0.001463699806845339,0.6821755485800274,0.022739184952667576,1,,1.2632542286342603
biased,45,3,0.9586446444924583,3,0.20325096875146026,0.9,0.0,0.4,1,0.0006584158185657051,0.1444776690017563,0.4261400627676878,0.1444776690017563,14.218551191182483,0.47395170637274936,0,,1.356024258180446,0.0006584158185657051,0.8217806111090631,0.027392687036968764,1,,1.2747440995479804
symmetric,0,-1,0.25,0,1.5145789899825082,0.9,0.0,0.4,1,0.0014259503272985516,0.02798581275773465,0.1169050981581141,0.02798581275773465,3.476023961129726,0.11586746537099085,1,,1.348030223455824,0.0014259503272985516,1.0195460440506454,0.03398486813502151,1,,1.2927714166088005
biased,17,0,0.9516310506386029,0,0.22551510231363753,0.9,0.0,0.4,2,0.0003693606123002704,0.00992598691155322,0.1169050981581141,0.00992598691155322,1.4533476485037389,0.04844492161679129,1,,1.3297325454137714,0.0003693606123002704,1.3601818893463458,0.04533939631154485,1,,1.288993236036209
biased,187,1,0.9571211475764383,1,0.6327694676359189,0.9,0.0,0.4,2,0.003025194985751347,0.05371032392365804,0.1678157027674238,0.05371032392365804,9.780564326142565,0.3260188108714188,0,,1.2558730951738872,0.003025194985751347,0.32686066815821313,0.01089535560527377,1,,1.2855524670825216
biased,109,2,0.9634827409194409,2,0.1902849391926143,0.9,0.0,0.4,2,0.0004351706774752993,0.01839192455320631,0.2516696520021913,0.01839192455320631,3.354851017941302,0.11182836726471003,1,,1.3446784395301479,0.0004351706774752993,0.8706036519630866,0.029020121732102885,1,,1.2761216110941198
biased,45,3,0.9586446444924583,3,0.20325096875146026,0.9,0.0,0.4,2,7.113403939881433e-05,0.06485133636233943,0.4261400627676878,0.06485133636233943,6.37245542444072,0.21241518081469066,0,,1.3596933703223795,7.113403939881433e-05,0.9740353642398281,0.03246784547466093,1,,1.2755893753912833
symmetric,0,-1,0.25,0,1.5145789899825082,0.9,0.0,0.4,2,0.0004445253375712985,0.025819694195406064,0.1169050981581141,0.025819694195406064,4.472066614763054,0.14906888715876845,1,,1.3478118766469767,0.0004445253375712985,1.1092779008561204,0.03697593002853734,1,,1.289678426973631
biased,17,0,0.9516310506386029,0,0.22551510231363753,0.9,0.0,0.6,0,0.001576460989724469,0.01965459014520543,0.2678991778381227,0.01965459014520543,0.2611469444130543,0.008704898147101809,1,0.415,1.3213523402783989,0.001576460989724469,2.2076171383082768,0.0735872379436092,1,0.665,1.2815040566294562
biased,187,1,0.9571211475764383,1,0.6327694676359189,0.9,0.0,0.6,0,0.0009030377843783684,0.10104335665197557,0.37377608596644457,0.10104335665197557,9.979232721903475,0.3326410907301158,0,0.205,1.231359910871238,0.0009030377843783684,1.4923563434205311,0.04974521144735103,1,0.415,1.2894033571579542
biased,109,2,0.9634827409194409,2,0.1902849391926143,0.9,0.0,0.6,0,0.0018542140256753315,0.03672501769985524,0.5389542592987089,0.03672501769985524,3.5558067116119974,0.11852689038706656,1,1.0,1.3625679855079893,0.0018542140256753315,1.8673468327094933,0.06224489442364977,1,0.415,1.2739833883097886
biased,45,3,0.9586446444924583,3,0.20325096875146026,0.9,0.0,0.6,0,0.0018554379161990694,0.16671356387145747,0.8581660503517049,0.16671356387145747,18.610905428931453,0.620363514297715,0,0.75,1.3550190439910896,0.0018554379161990694,2.095881644129838,0.06986272147099458,1,0.415,1.2806683933180607
symmetric,0,-1,0.25,0,1.5145789899825082,0.9,0.0,0.6,0,0.00372410352658736,0.0653828293860735,0.2678991778381227,0.0653828293860735,4.893382753975073,0.16311275846583573,1,1.0,1.36456785408805,0.00372410352658736,2.013997614465912,0.0671332538155304,1,0.665,1.302360667451797
biased,17,0,0.9516310506386029,0,0.22551510231363753,0.9,0.0,0.6,1,7.410136034534365e-05,0.022653463644060325,0.2678991778381227,0.022653463644060325,0.24528540822764122,0.008176180274254706,1,0.68,1.3241805556633568,7.410136034534365e-05,1.167370564916087,0.03891235216386956,1,0.68,1.2798289534550675
biased,187,1,0.9571211475764383,1,0.6327694676359189,0.9,0.0,0.6,1,0.032348607874997735,0.19755809378974362,0.37377608596644457,0.19755809378974362,9.999076451907973,0.3333025483969324,0,0.205,1.0975973098124594,0.032348607874997735,8.789576241589714,0.2929858747196571,0,0.395,1.238992139420209
biased,109,2,0.9634827409194409,2,0.1902849391926143,0.9,0.0,0.6,1,0.0006462122034762605,0.05965192804656255,0.5389542592987089,0.05965192804656255,10.02787522771621,0.33426250759054027,1,1.0,1.3654916296287993,0.0006462122034762605,0.8823838314782562,0.029412794382608534,1,0.395,1.2693977566195198
biased,45,3,0.9586446444924583,3,0.20325096875146026,0.9,0.0,0.6,1,0.0011677645908074203,0.28690831876708495,0.8581660503517049,0.28690831876708495,28.626442842125726,0.9542147614041907,0,0.715,1.324195203920349,0.0011677645908074203,1.2439845552333073,0.04146615184111024,1,0.395,1.290589071872377
symmetric,0,-1,0.25,0,1.5145789899825082,0.9,0.0,0.6,1,0.00764064674115017,0.07131728736958504,0.2678991778381227,0.07131728736958504,7.092679601711177,0.23642265339037252,0,1.0,1.3705856716888647,0.00764064674115017,1.7715415603214046,0.05905138534404681,1,0.68,1.3206379128845593
biased,17,0,0.9516310506386029,0,0.22551510231363753,0.9,0.0,0.6,2,0.001624050796825734,0.02092343271436041,0.2678991778381227,0.02092343271436041,2.1298003818070455,0.07099334606023484,1,0.715,1.3478952857172355,0.001624050796825734,2.2794796025290607,0.07598265341763535,1,0.715,1.2935211644679763
biased,187,1,0.9571211475764383,1,0.6327694676359189,0.9,0.0,0.6,2,0.0025230498698255756,0.1368084787959709,0.37377608596644457,0.1368084787959709,9.995617129943934,0.33318723766479774,0,0.265,1.1827465492678457,0.0025230498698255756,2.8030476813825644,0.09343492271275214,1,0.715,1.2849330242207877
biased,109,2,0.9634827409194409,2,0.1902849391926143,0.9,0.0,0.6,2,0.00035258626644458103,0.04161956281810367,0.5389542592987089,0.04161956281810367,7.335798975338786,0.24452663251129284,1,1.0,1.36339709974235,0.00035258626644458103,1.3922697912820914,0.04640899304273637,1,0.445,1.2805335493847165
biased,45,3,0.9586446444924583,3,0.20325096875146026,0.9,0.0,0.6,2,0.0005318531862750184,0.1357889120758701,0.8581660503517049,0.1357889120758701,12.859893083963463,0.42866310279878206,0,1.0,1.3606347281440836,0.0005318531862750184,1.6493862748863386,0.05497954249621128,1,0.715,1.2819253241769397
symmetric,0,-1,0.25,0,1.5145789899825082,0.9,0.0,0.6,2,0.0025696194799340565,0.05718721614733008,0.2678991778381227,0.05718721614733008,8.05757158804844,0.26858571960161465,0,1.0,1.3635187175997507,0.0025696194799340565,2.203662044829291,0.0734554014943097,1,0.715,1.3031836249734081
biased,17,0,0.9516310506386029,0,0.22551510231363753,0.9,0.0,0.8,0,0.0010761518519881788,0.03631483935693337,0.5007099276256659,0.03631483935693337,0.17711452951962303,0.0059038176506541005,1,0.415,1.3261102788529853,0.0010761518519881788,1.832189777340315,0.06107299257801049,1,0.665,1.293909143178348
biased,187,1,0.9571211475764383,1,0.6327694676359189,0.9,0.0,0.8,0,0.0333551454765994,0.18476343050053615,0.6803876188043223,0.18476343050053615,9.999558467454339,0.33331861558181125,0,0.205,1.158659397106502,0.0333551454765994,9.153317339542289,0.3051105779847429,0,0.415,1.2587484726093308
biased,109,2,0.9634827409194409,2,0.1902849391926143,0.9,0.0,0.8,0,0.0006056281807611686,0.0647337001731663,0.9479609352487752,0.0647337001731663,6.6514025088167505,0.22171341696055832,1,1.0,1.373086401113674,0.0006056281807611686,1.5940481607298496,0.053134938690994976,1,0.665,1.286925669229185
biased,45,3,0.9586446444924583,3,0.20325096875146026,0.9,0.0,0.8,0,0.002998666411746776,0.26758917153454914,1.435691182254632,0.26758917153454914,27.722807239598595,0.9240935746532863,0,0.75,1.3320119607421084,0.002998666411746776,2.2500366432514185,0.07500122144171394,1,0.665,1.302959587811566
symmetric,0,-1,0.25,0,1.5145789899825082,0.9,0.0,0.8,0,0.013881056820690282,0.10326465726190617,0.5007099276256659,0.10326465726190617,9.257866158320633,0.3085955386106877,1,1.0,1.3725339996161645,0.013881056820690282,2.0750352710117825,0.0691678423670594,1,0.665,1.334103402486871
biased,17,0,0.9516310506386029,0,0.22551510231363753,0.9,0.0,0.8,1,0.00209855748095669,0.03764263050397487,0.5007099276256659,0.03764263050397487,0.24659388002953864,0.00821979600098462,1,0.68,1.3326919543153255,0.00209855748095669,1.3686453293866863,0.045621510979556204,1,0.68,1.2900821369554685
biased,187,1,0.9571211475764383,1,0.6327694676359189,0.9,0.0,0.8,1,0.15632832251580137,0.3460447617681263,0.6803876188043223,0.3460447617681263,10.000000753025539,0.3333333584341846,0,0.205,0.9551586303713389,0.15632832251580137,9.993809138727428,0.3331269712909142,0,0.205,1.1111836569021472
biased,109,2,0.9634827409194409,2,0.1902849391926143,0.9,0.0,0.8,1,0.0002459859830450453,0.1025162592416063,0.9479609352487752,0.1025162592416063,17.10796312313161,0.5702654374377203,0,1.0,1.3677856194751503,0.0002459859830450453,1.0334505816387285,0.034448352721290945,1,0.68,1.2806672706196098
biased,45,3,0.9586446444924583,3,0.20325096875146026,0.9,0.0,0.8,1,0.008676047577268663,0.4566985444742704,1.435691182254632,0.4566985444742704,29.838129526534473,0.994604317551149,0,0.525,1.2561806522880996,0.008676047577268663,2.253912113774109,0.0751304037924703,1,0.68,1.3233936939598254
symmetric,0,-1,0.25,0,1.5145789899825082,0.9,0.0,0.8,1,0.03192358064859774,0.12341977667267068,0.5007099276256659,0.12341977667267068,13.707565893679401,0.4569188631226467,0,1.0,1.3782912229536262,0.03192358064859774,3.795709222000271,0.12652364073334235,1,1.0,1.3575655529255213
biased,17,0,0.9516310506386029,0,0.22551510231363753,0.9,0.0,0.8,2,0.007620302153673604,0.03816799862074821,0.5007099276256659,0.03816799862074821,2.733577494204548,0.09111924980681824,1,1.0,1.3636859905649787,0.007620302153673604,4.085270332585134,0.13617567775283776,1,0.715,1.3152688635032646
biased,187,1,0.9571211475764383,1,0.6327694676359189,0.9,0.0,0.8,2,0.056568950936517606,0.2600137311112802,0.6803876188043223,0.2600137311112802,10.000023076195557,0.33333410253985185,0,0.265,1.0712686125320192,0.056568950936517606,9.81424676449048,0.3271415588163493,0,0.445,1.243103783632003
biased,109,2,0.9634827409194409,2,0.1902849391926143,0.9,0.0,0.8,2,0.0034555665322871833,0.07960360186954211,0.9479609352487752,0.07960360186954211,13.256463309402749,0.4418821103134249,0,1.0,1.3743467447807496,0.0034555665322871833,2.8174469045181114,0.09391489681727037,1,0.715,1.3047734658160561
biased,45,3,0.9586446444924583,3,0.20325096875146026,0.9,0.0,0.8,2,0.005991044096421828,0.2383808902190718,1.435691182254632,0.2383808902190718,21.110001723212793,0.703666724107093,0,0.73,1.337955571087821,0.005991044096421828,3.7639758671150325,0.12546586223716774,1,0.715,1.3113897737374098
symmetric,0,-1,0.25,0,1.5145789899825082,0.9,0.0,0.8,2,0.018473763962597575,0.10296178107886697,0.5007099276256659,0.10296178107886697,10.615920405501234,0.3538640135167077,0,1.0,1.3697465127785518,0.018473763962597575,5.57647118194472,0.18588237273149064,0,0.715,1.338773694000095
biased,17,0,0.9516310506386029,0,0.22551510231363753,0.9,0.5,0.0,0,0.0009635247085738388,0.0009409140722223281,-3.9999226153601766e-12,0.0009409140722223281,1.2779360905306791,0.042597869684355964,1,,1.2652267082348396,0.0009635247085738388,1.384806073390743,0.046160202446358094,1,,1.2664961671600088
biased,187,1,0.9571211475764383,1,0.6327694676359189,0.9,0.5,0.0,0,0.0026883652295567697,0.00026854999577265604,-3.9999226153601766e-12,0.00026854999577265604,0.7320713527962985,0.024402378426543282,1,,1.2713469041721832,0.0026883652295567697,0.285210363958488,0.009507012131949598,1,,1.267261040452088
biased,109,2,0.9634827409194409,2,0.1902849391926143,0.9,0.5,0.0,0,0.0012920823683604948,0.0010526290779418433,-3.9999226153601766e-12,0.0010526290779418433,1.2035588714167544,0.04011862904722514,1,,1.2634023901226437,0.0012920823683604948,1.1996523816189986,0.039988412720633276,1,,1.261799271656506
biased,45,3,0.9586446444924583,3,0.20325096875146026,0.9,0.5,0.0,0,0.0012243096434690192,0.0010411228419904568,-3.9999226153601766e-12,0.0010411228419904568,1.2077178119898446,0.04025726039966148,1,,1.263207057645997,0.0012243096434690192,1.2066807888381548,0.040222692961271816,1,,1.2613165777153241
symmetric,0,-1,0.25,0,1.5145789899825082,0.9,0.5,0.0,0,0.0010260553066557838,0.0010274206674120295,-3.9999226153601766e-12,0.0010274206674120295,1.2077684767999253,0.04025894922666417,1,,1.2634169446716141,0.0010260553066557838,1.197770340526183,0.03992567801753943,1,,1.263345029142503
biased,17,0,0.9516310506386029,0,0.22551510231363753,0.9,0.5,0.0,1,0.0011539560301325365,0.0009574432555904738,-3.9999226153601766e-12,0.0009574432555904738,1.6853981640480409,0.05617993880160135,1,,1.2730851157287992,0.0011539560301325365,1.823968293415329,0.06079894311384429,1,,1.2738761938105965
biased,187,1,0.9571211475764383,1,0.6327694676359189,0.9,0.5,0.0,1,0.0005984602076637424,0.00026831096107782833,-3.9999226153601766e-12,0.00026831096107782833,1.2262424507777425,0.04087474835925808,1,,1.2755303946961383,0.0005984602076637424,0.660706196734262,0.022023539891142065,1,,1.2750481596529788
biased,109,2,0.9634827409194409,2,0.1902849391926143,0.9,0.5,0.0,1,0.0010199430510643617,0.0009541147202459434,-3.9999226153601766e-12,0.0009541147202459434,1.5950403561161897,0.05316801187053965,1,,1.2706474860360115,0.0010199430510643617,1.5834074710089185,0.052780249033630613,1,,1.2692169369840993
biased,45,3,0.9586446444924583,3,0.20325096875146026,0.9,0.5,0.0,1,0.0011152950630995036,0.0009873805487460082,-3.9999226153601766e-12,0.0009873805487460082,1.5892322291147343,0.0529744076371578,1,,1.2707528388991922,0.0011152950630995036,1.5891070325449064,0.052970234418163537,1,,1.2693931808677128
symmetric,0,-1,0.25,0,1.5145789899825082,0.9,0.5,0.0,1,0.0009813139409001834,0.0009832832887763533,-3.9999226153601766e-12,0.0009832832887763533,1.5895605009866198,0.05298535003288732,1,,1.2708019348555712,0.0009813139409001834,1.5898716602739393,0.0529957220091313,1,,1.270834423961063
biased,17,0,0.9516310506386029,0,0.22551510231363753,0.9,0.5,0.0,2,0.000835693844965301,0.0007432094840373205,-3.9999226153601766e-12,0.0007432094840373205,0.9954391116090644,0.03318130372030214,1,,1.2903303792735892,0.000835693844965301,1.1071773982911204,0.036905913276370675,1,,1.2922259928147195
biased,187,1,0.9571211475764383,1,0.6327694676359189,0.9,0.5,0.0,2,0.0063165883045613914,0.0020902606913991394,-3.9999226153601766e-12,0.0020902606913991394,0.5588153567052279,0.018627178556840925,1,,1.2940269558531257,0.0063165883045613914,0.21633731603631356,0.007211243867877117,1,,1.2890615441625142
biased,109,2,0.9634827409194409,2,0.1902849391926143,0.9,0.5,0.0,2,0.0009329570540243127,0.000808919747480508,-3.9999226153601766e-12,0.000808919747480508,0.9063805053635077,0.03021268351211692,1,,1.287285299158537,0.0009329570540243127,0.89813622996886,0.02993787433229533,1,,1.2857870142834782
biased,45,3,0.9586446444924583,3,0.20325096875146026,0.9,0.5,0.0,2,0.0003993640702106595,0.0005142780577424115,-3.9999226153601766e-12,0.0005142780577424115,0.8931503766973603,0.029771679223245338,1,,1.285909891106367,0.0003993640702106595,0.8936298088806249,0.029787660296020826,1,,1.2845630478718455
symmetric,0,-1,0.25,0,1.5145789899825082,0.9,0.5,0.0,2,0.0006546042048152807,0.0006768325294940532,-3.9999226153601766e-12,0.0006768325294940532,0.8991128506233459,0.029970428354111525,1,,1.2876410419013298,0.0006546042048152807,0.9118243093861222,0.03039414364620407,1,,1.2876903560479696
biased,17,0,0.9516310506386029,0,0.22551510231363753,0.9,0.5,0.2,0,0.0021933270698820655,0.0016482197530900342,0.029320512888574714,0.0016482197530900342,1.384269944309413,0.04614233147698043,1,,1.2971769562403621,0.0021933270698820655,1.9259180576853163,0.06419726858951054,1,,1.263093590001293
biased,187,1,0.9571211475764383,1,0.6327694676359189,0.9,0.5,0.2,0,0.0009812096882045986,0.006110887181977843,0.04355620225286259,0.006110887181977843,4.1047671114411655,0.13682557038137216,1,,1.2945188577162745,0.0009812096882045986,0.5193998378713982,0.017313327929046603,1,,1.2657379860009987
biased,109,2,0.9634827409194409,2,0.1902849391926143,0.9,0.5,0.2,0,0.0024166988343500163,0.002673895949382138,0.06879132651946872,0.002673895949382138,1.8085268091081685,0.060284226970272276,1,,1.3061081254024094,0.0024166988343500163,1.6374945196869994,0.05458315065623331,1,,1.2577825801667588
biased,45,3,0.9586446444924583,3,0.20325096875146026,0.9,0.5,0.2,0,0.0024449212659216537,0.01214086471549567,0.12763007985929342,0.01214086471549567,2.575305319355803,0.08584351064519341,1,,1.3206363173689368,0.0024449212659216537,1.6671199737563147,0.055570665791877145,1,,1.257342381356224
symmetric,0,-1,0.25,0,1.5145789899825082,0.9,0.5,0.2,0,0.0017906167463759785,0.005399329944908861,0.029320512888574714,0.005399329944908861,2.2399335474723,0.07466445158241,1,,1.3081744084762619,0.0017906167463759785,1.676843123365701,0.05589477077885669,1,,1.263039594213678
biased,17,0,0.9516310506386029,0,0.22551510231363753,0.9,0.5,0.2,1,0.00021506143481930633,0.0037594961390743503,0.029320512888574714,0.0037594961390743503,1.2015867710687966,0.04005289236895988,1,,1.3100859726016305,0.00021506143481930633,1.283780894899128,0.0427926964966376,1,,1.2769632607967218
biased,187,1,0.9571211475764383,1,0.6327694676359189,0.9,0.5,0.2,1,5.574638057025453e-05,0.0096440005942132,0.04355620225286259,0.0096440005942132,5.454384001561374,0.18181280005204578,0,,1.2948346366035803,5.574638057025453e-05,0.8580963243345119,0.02860321081115039,1,,1.275963080664551
biased,109,2,0.9634827409194409,2,0.1902849391926143,0.9,0.5,0.2,1,0.0004129600390098882,0.0051254660908172794,0.06879132651946872,0.0051254660908172794,1.8229974866114051,0.06076658288704683,1,,1.3182039286695961,0.0004129600390098882,1.1223323082533487,0.03741107694177829,1,,1.2717566241662324
biased,45,3,0.9586446444924583,3,0.20325096875146026,0.9,0.5,0.2,1,0.00023612229915545872,0.021163317772961293,0.12763007985929342,0.021163317772961293,2.436828345729741,0.0812276115243247,1,,1.3374850215048568,0.00023612229915545872,1.1734497164564817,0.03911499054854938,1,,1.2739015424744706
symmetric,0,-1,0.25,0,1.5145789899825082,0.9,0.5,0.2,1,0.00016419489109353955,0.008584380096484961,0.029320512888574714,0.008584380096484961,2.0211956109895404,0.06737318703298466,1,,1.3227397522933113,0.00016419489109353955,1.2167382726910703,0.04055794242303567,1,,1.280401725746896
biased,17,0,0.9516310506386029,0,0.22551510231363753,0.9,0.5,0.2,2,0.0012975526375416432,0.006619117095350541,0.029320512888574714,0.006619117095350541,1.4179796653810972,0.04726598884603657,1,,1.321274205770984,0.0012975526375416432,0.9948735415569454,0.03316245138523151,1,,1.298173640248243
biased,187,1,0.9571211475764383,1,0.6327694676359189,0.9,0.5,0.2,2,0.005451964780947765,0.008920535348106454,0.04355620225286259,0.008920535348106454,4.401561175429985,0.14671870584766616,1,,1.3126781967902388,0.005451964780947765,0.30114272140807086,0.01003809071360236,1,,1.2959825421453925
biased,109,2,0.9634827409194409,2,0.1902849391926143,0.9,0.5,0.2,2,0.0011691605111586473,0.0075831633884482705,0.06879132651946872,0.0075831633884482705,1.6530879850002733,0.05510293283334244,1,,1.3252385866757157,0.0011691605111586473,0.8124677898491306,0.027082259661637683,1,,1.2926193825912329
biased,45,3,0.9586446444924583,3,0.20325096875146026,0.9,0.5,0.2,2,0.0007255610511652348,0.01672859585477099,0.12763007985929342,0.01672859585477099,2.4944716262894517,0.08314905420964838,1,,1.3349996357247733,0.0007255610511652348,0.8353193748683874,0.027843979162279573,1,,1.2914273046397837
symmetric,0,-1,0.25,0,1.5145789899825082,0.9,0.5,0.2,2,0.0011498095758075422,0.010572399481100066,0.029320512888574714,0.010572399481100066,2.0634537404460254,0.06878179134820082,1,,1.32871355364358,0.0011498095758075422,0.8922805288944458,0.029742684296481522,1,,1.2956820896125092
biased,17,0,0.9516310506386029,0,0.22551510231363753,0.9,0.5,0.4,0,0.0028803395359168742,0.010172624207883084,0.1169050981581141,0.010172624207883084,1.0116261739474663,0.03372087246491554,1,,1.3209529299682623,0.0028803395359168742,1.8677405325006835,0.06225801775002277,1,,1.2576569677612655
biased,187,1,0.9571211475764383,1,0.6327694676359189,0.9,0.5,0.4,0,0.0010430051045974345,0.02641952253495632,0.1678157027674238,0.02641952253495632,8.374697893889666,0.2791565964629888,0,,1.3008716683033725,0.0010430051045974345,0.8978971615541953,0.02992990538513984,1,,1.260560654070395
biased,109,2,0.9634827409194409,2,0.1902849391926143,0.9,0.5,0.4,0,0.0034017445111594116,0.013984179659867105,0.2516696520021913,0.013984179659867105,1.8611063842576159,0.06203687947525385,1,,1.3374049358156241,0.0034017445111594116,1.6065606906444208,0.05355202302148068,1,,1.2521655695291545
biased,45,3,0.9586446444924583,3,0.20325096875146026,0.9,0.5,0.4,0,0.003221596506540811,0.05011880725673934,0.4261400627676878,0.05011880725673934,4.321080908111647,0.1440360302703882,1,,1.350163342697043,0.003221596506540811,1.6743233025669157,0.05581077675223051,1,,1.2528360936676155
symmetric,0,-1,0.25,0,1.5145789899825082,0.9,0.5,0.4,0,0.00216174288734774,0.02581283304780059,0.1169050981581141,0.02581283304780059,2.8945611531905224,0.0964853717730174,1,,1.3385854590116322,0.00216174288734774,1.622918002574264,0.05409726675247546,1,,1.2626993500589843
biased,17,0,0.9516310506386029,0,0.22551510231363753,0.9,0.5,0.4,1,8.054080510030309e-05,0.017467035430159275,0.1169050981581141,0.017467035430159275,1.1208634189209143,0.037362113964030476,1,,1.3389585285446273,8.054080510030309e-05,1.0155301479213674,0.03385100493071224,1,,1.284025495393571
biased,187,1,0.9571211475764383,1,0.6327694676359189,0.9,0.5,0.4,1,0.000707578068833425,0.037133020534982034,0.1678157027674238,0.037133020534982034,9.316326934166257,0.31054423113887525,0,,1.298495642091777,0.000707578068833425,1.7441231925354073,0.058137439751180235,1,,1.280069157084305
biased,109,2,0.9634827409194409,2,0.1902849391926143,0.9,0.5,0.4,1,2.1908759643048613e-05,0.024675481919231676,0.2516696520021913,0.024675481919231676,2.783316779641798,0.09277722598805992,1,,1.3536104121413355,2.1908759643048613e-05,0.8961781764172561,0.029872605880575196,1,,1.2795086786072893
biased,45,3,0.9586446444924583,3,0.20325096875146026,0.9,0.5,0.4,1,3.972129508931707e-05,0.07981190465121268,0.4261400627676878,0.07981190465121268,6.043686964298117,0.20145623214327055,1,,1.365177061634536,3.972129508931707e-05,0.9917166050050552,0.03305722016683517,1,,1.283444528351637
symmetric,0,-1,0.25,0,1.5145789899825082,0.9,0.5,0.4,1,0.0008171801717856489,0.03421996411352177,0.1169050981581141,0.03421996411352177,3.4179610130291973,0.11393203376763988,1,,1.3565064539817415,0.0008171801717856489,1.071337089402824,0.035711236313427465,1,,1.295520916831254
biased,17,0,0.9516310506386029,0,0.22551510231363753,0.9,0.5,0.4,2,0.002391106527416021,0.019400669064164565,0.1169050981581141,0.019400669064164565,2.191957676085093,0.0730652558695031,1,,1.3455532007181028,0.002391106527416021,0.9071498722770244,0.030238329075900808,1,,1.3042262426762534
biased,187,1,0.9571211475764383,1,0.6327694676359189,0.9,0.5,0.4,2,0.005099170856753557,0.03207573730494541,0.1678157027674238,0.03207573730494541,8.871707588312772,0.29572358627709233,0,,1.3155385424855623,0.005099170856753557,0.39320072298490993,0.013106690766163663,1,,1.3018729468166672
biased,109,2,0.9634827409194409,2,0.1902849391926143,0.9,0.5,0.4,2,0.0020950707609372343,0.023777480832848627,0.2516696520021913,0.023777480832848627,3.225189058381861,0.10750630194606202,1,,1.3524460169581571,0.0020950707609372343,0.7223057641646158,0.02407685880548719,1,,1.2980201369625577
biased,45,3,0.9586446444924583,3,0.20325096875146026,0.9,0.5,0.4,2,0.0014881013553224437,0.051892000531185964,0.4261400627676878,0.051892000531185964,5.390153166791806,0.1796717722263935,1,,1.3605286527661602,0.0014881013553224437,0.7590145724957698,0.02530048574985899,1,,1.296745562372095
symmetric,0,-1,0.25,0,1.5145789899825082,0.9,0.5,0.4,2,0.0025455222627095327,0.03165799727426177,0.1169050981581141,0.03165799727426177,4.101511882239606,0.13671706274132017,1,,1.3543669638589992,0.0025455222627095327,0.8595536426604045,0.028651788088680144,1,,1.3038661229808728
biased,17,0,0.9516310506386029,0,0.22551510231363753,0.9,0.5,0.6,0,0.0022496617521779354,0.027282324532820368,0.2678991778381227,0.027282324532820368,0.9289664135265219,0.030965547117550726,1,0.665,1.343697939212595,0.0022496617521779354,2.132146576548827,0.07107155255162755,1,0.415,1.2691252365504153
biased,187,1,0.9571211475764383,1,0.6327694676359189,0.9,0.5,0.6,0,0.002568603772889357,0.06145434610954553,0.37377608596644457,0.06145434610954553,9.789923799604445,0.3263307933201481,0,0.415,1.30160587397017,0.002568603772889357,2.3317933236109925,0.0777264441203664,1,0.415,1.2707725944189983
biased,109,2,0.9634827409194409,2,0.1902849391926143,0.9,0.5,0.6,0,0.0026304990365302768,0.03782288445561538,0.5389542592987089,0.03782288445561538,2.9325924040644047,0.09775308013548015,1,1.0,1.3637946656332476,0.0026304990365302768,2.0082287939979793,0.06694095979993263,1,0.415,1.2656461180245575
biased,45,3,0.9586446444924583,3,0.20325096875146026,0.9,0.5,0.6,0,0.0025215944599483626,0.11239686778253596,0.8581660503517049,0.11239686778253596,10.344327285359684,0.3448109095119894,0,1.0,1.3626410295892626,0.0025215944599483626,2.172994700782349,0.07243315669274496,1,0.415,1.267773074616012
symmetric,0,-1,0.25,0,1.5145789899825082,0.9,0.5,0.6,0,0.0020469979041558483,0.05887029995302959,0.2678991778381227,0.05887029995302959,4.586321660760611,0.15287738869202036,1,1.0,1.3614214423273805,0.0020469979041558483,2.0110027891557305,0.067033426305191,1,0.415,1.283915746251643
biased,17,0,0.9516310506386029,0,0.22551510231363753,0.9,0.5,0.6,1,0.0002809533385242902,0.03504646333348636,0.2678991778381227,0.03504646333348636,1.436438885800223,0.047881296193340764,1,1.0,1.3556205936911077,0.0002809533385242902,1.3561735227389238,0.045205784091297455,1,0.68,1.2874756671502423
biased,187,1,0.9571211475764383,1,0.6327694676359189,0.9,0.5,0.6,1,0.015755902230659584,0.09439417659292833,0.37377608596644457,0.09439417659292833,9.971451759180011,0.3323817253060003,0,0.205,1.2649118144136335,0.015755902230659584,6.956471422805937,0.23188238076019788,0,0.395,1.2634236241285786
biased,109,2,0.9634827409194409,2,0.1902849391926143,0.9,0.5,0.6,1,0.0001918656273532794,0.054567557685408996,0.5389542592987089,0.054567557685408996,6.256226009352045,0.20854086697840146,1,1.0,1.3742488659097392,0.0001918656273532794,1.188270501755867,0.03960901672519556,1,0.395,1.2828061895892602
biased,45,3,0.9586446444924583,3,0.20325096875146026,0.9,0.5,0.6,1,0.0007589709699632775,0.17137678843339102,0.8581660503517049,0.17137678843339102,19.651756660500592,0.6550585553500196,0,1.0,1.3591526914388243,0.0007589709699632775,1.5014565339146468,0.05004855113048822,1,0.68,1.2903989702183933
symmetric,0,-1,0.25,0,1.5145789899825082,0.9,0.5,0.6,1,0.003222473900371215,0.06871683333106843,0.2678991778381227,0.06871683333106843,6.383031074444917,0.2127677024814972,1,1.0,1.3720849469090162,0.003222473900371215,1.5492019578865424,0.05164006526288474,1,0.68,1.3089319492943896
biased,17,0,0.9516310506386029,0,0.22551510231363753,0.9,0.5,0.6,2,0.005127646160895533,0.037777257557017774,0.2678991778381227,0.037777257557017774,3.2745017133587684,0.10915005711195894,1,1.0,1.3633926100951228,0.005127646160895533,0.6481556878329742,0.02160518959443247,1,0.715,1.3110053189217359
biased,187,1,0.9571211475764383,1,0.6327694676359189,0.9,0.5,0.6,2,0.0036591372757039664,0.07576356473606422,0.37377608596644457,0.07576356473606422,9.933697448218176,0.33112324827393913,0,0.445,1.2959377213696603,0.0036591372757039664,0.857297336475954,0.028576577882531793,1,0.715,1.3097905272248582
biased,109,2,0.9634827409194409,2,0.1902849391926143,0.9,0.5,0.6,2,0.004533439205280522,0.049054089470003504,0.5389542592987089,0.049054089470003504,6.2347926071919915,0.20782642023973302,1,1.0,1.3713164593140312,0.004533439205280522,0.5328615248696933,0.017762050828989774,1,0.715,1.306075880957533
biased,45,3,0.9586446444924583,3,0.20325096875146026,0.9,0.5,0.6,2,0.0039360444656446406,0.10703976255100624,0.8581660503517049,0.10703976255100624,10.837641314094732,0.3612547104698243,0,1.0,1.3696262808518356,0.0039360444656446406,0.5960348254202497,0.01986782751400832,1,0.715,1.3055805966794058
symmetric,0,-1,0.25,0,1.5145789899825082,0.9,0.5,0.6,2,0.006339513988064947,0.06457586525423273,0.2678991778381227,0.06457586525423273,7.539827799255649,0.2513275933085216,0,1.0,1.371587661456404,0.006339513988064947,0.7797354897546627,0.025991182991822084,1,0.715,1.317265846230499
biased,17,0,0.9516310506386029,0,0.22551510231363753,0.9,0.5,0.8,0,0.0017271734449103657,0.04673409095763649,0.5007099276256659,0.04673409095763649,0.842445968970934,0.02808153229903113,1,1.0,1.3531842811847667,0.0017271734449103657,1.5418686928754366,0.05139562309584788,1,0.415,1.2668672880574718
biased,187,1,0.9571211475764383,1,0.6327694676359189,0.9,0.5,0.8,0,0.019044353772037267,0.10461938254014161,0.6803876188043223,0.10461938254014161,9.980516099966174,0.33268386999887245,0,0.205,1.2845397656343178,0.019044353772037267,6.905994847500868,0.2301998282500289,0,0.415,1.2486223997096628
biased,109,2,0.9634827409194409,2,0.1902849391926143,0.9,0.5,0.8,0,0.0022537212578343344,0.06456140545227299,0.9479609352487752,0.06456140545227299,4.472798968976527,0.14909329896588422,1,1.0,1.3768073797071965,0.0022537212578343344,1.4628722441040354,0.048762408136801175,1,0.415,1.2636404531452565
biased,45,3,0.9586446444924583,3,0.20325096875146026,0.9,0.5,0.8,0,0.002533610825016751,0.18433487769634038,1.435691182254632,0.18433487769634038,21.249454257997026,0.7083151419332342,0,0.75,1.3549968216086512,0.002533610825016751,1.8685410728379093,0.0622847024279303,1,0.415,1.2742019276637389
symmetric,0,-1,0.25,0,1.5145789899825082,0.9,0.5,0.8,0,0.0033364906373768884,0.09103066711197372,0.5007099276256659,0.09103066711197372,7.601073293934113,0.25336910979780375,1,1.0,1.37051194120718,0.0033364906373768884,1.585638408670631,0.05285461362235436,1,0.415,1.3001191938376013
biased,17,0,0.9516310506386029,0,0.22551510231363753,0.9,0.5,0.8,1,0.0024243081514290638,0.05896308357063858,0.5007099276256659,0.05896308357063858,1.9253676416565613,0.06417892138855204,1,1.0,1.365701924592318,0.0024243081514290638,1.5359776469217712,0.05119925489739237,1,0.395,1.2949828709701112
biased,187,1,0.9571211475764383,1,0.6327694676359189,0.9,0.5,0.8,1,0.08333692793645696,0.17056402576330326,0.6803876188043223,0.17056402576330326,10.000142416505952,0.33333808055019837,0,0.205,1.2133872172714486,0.08333692793645696,9.896876561382351,0.3298958853794116,0,0.395,1.1948640234948684
biased,109,2,0.9634827409194409,2,0.1902849391926143,0.9,0.5,0.8,1,0.00308827214813627,0.09324083907307378,0.9479609352487752,0.09324083907307378,11.667430303536259,0.38891434345120857,0,1.0,1.3839814367314571,0.00308827214813627,1.4425672985739546,0.04808557661913181,1,0.395,1.2889570172118694
biased,45,3,0.9586446444924583,3,0.20325096875146026,0.9,0.5,0.8,1,0.008738821317975275,0.288606852113556,1.435691182254632,0.288606852113556,27.89673439466235,0.9298911464887448,0,0.715,1.3258614704835958,0.008738821317975275,2.4140558095882447,0.08046852698627481,1,0.395,1.3056760790054311
symmetric,0,-1,0.25,0,1.5145789899825082,0.9,0.5,0.8,1,0.019093092471373682,0.1231772427816531,0.5007099276256659,0.1231772427816531,13.45972336303602,0.4486574454345339,0,1.0,1.3760396148380212,0.019093092471373682,2.564470473141278,0.08548234910470925,1,0.68,1.336933441896654
biased,17,0,0.9516310506386029,0,0.22551510231363753,0.9,0.5,0.8,2,0.0006204106354046283,0.05505660180431335,0.5007099276256659,0.05505660180431335,5.850208100784143,0.19500693669280475,1,1.0,1.3719424941754577,0.0006204106354046283,1.2672633536922884,0.04224211178974294,1,0.715,1.2939648023362211
biased,187,1,0.9571211475764383,1,0.6327694676359189,0.9,0.5,0.8,2,0.01596800349027893,0.1437449979074676,0.6803876188043223,0.1437449979074676,10.000019675948007,0.33333398919826684,0,0.265,1.2415171475067217,0.01596800349027893,7.251144456702768,0.24170481522342557,0,0.445,1.2721490798475614
biased,109,2,0.9634827409194409,2,0.1902849391926143,0.9,0.5,0.8,2,0.00030145390118476063,0.07464679066249783,0.9479609352487752,0.07464679066249783,10.003274587440847,0.3334424862480282,0,1.0,1.377883979513077,0.00030145390118476063,1.0632611204277276,0.03544203734759092,1,0.715,1.2896252460115487
biased,45,3,0.9586446444924583,3,0.20325096875146026,0.9,0.5,0.8,2,0.0011442279538170577,0.17438142595834305,1.435691182254632,0.17438142595834305,14.924412125574088,0.49748040418580286,0,1.0,1.3549280863969535,0.0011442279538170577,1.3486126840167478,0.04495375613389159,1,0.715,1.2976415643827814
symmetric,0,-1,0.25,0,1.5145789899825082,0.9,0.5,0.8,2,0.00565605536234046,0.10002736379750204,0.5007099276256659,0.10002736379750204,10.529717060949217,0.3509905686983072,0,1.0,1.371061981607948,0.00565605536234046,2.1723918792449948,0.07241306264149981,1,0.715,1.3179076493495547
biased,17,0,0.9516310506386029,0,0.22551510231363753,0.9,1.0,0.0,0,0.0003014082657247586,0.0003014082657246701,-3.9999226153601766e-12,0.0003014082657246701,0.8925517266641703,0.029751724222139005,1,,1.278460540227916,0.0003014082657247586,0.8925517266641869,0.02975172422213956,1,,1.2784605402279168
biased,187,1,0.9571211475764383,1,0.6327694676359189,0.9,1.0,0.0,0,0.00030140826259696194,0.00030140826259694026,-3.9999226153601766e-12,0.00030140826259694026,0.8925516996666993,0.029751723322223308,1,,1.278460540762793,0.00030140826259696194,0.8925516996666882,0.029751723322222937,1,,1.2784605407627927
biased,109,2,0.9634827409194409,2,0.1902849391926143,0.9,1.0,0.0,0,0.0003014080065331,0.0003014080065331451,-3.9999226153601766e-12,0.0003014080065331451,0.8925518019405665,0.02975172673135221,1,,1.2784605387539778,0.0003014080065331,0.8925518019405665,0.02975172673135221,1,,1.2784605387539778
biased,45,3,0.9586446444924583,3,0.20325096875146026,0.9,1.0,0.0,0,0.0003014082806801653,0.0003014082806802095,-3.9999226153601766e-12,0.0003014082806802095,0.8925517231271218,0.02975172410423739,1,,1.2784605397700144,0.0003014082806801653,0.8925517231271329,0.02975172410423776,1,,1.2784605397700142
symmetric,0,-1,0.25,0,1.5145789899825082,0.9,1.0,0.0,0,0.00030140824584844964,0.00030140824584844964,-3.9999226153601766e-12,0.00030140824584844964,0.8925517149610873,0.02975172383203624,1,,1.2784605407787948,0.00030140824584844964,0.8925517149610873,0.02975172383203624,1,,1.2784605407787948
biased,17,0,0.9516310506386029,0,0.22551510231363753,0.9,1.0,0.0,1,0.0005995328353571062,0.0005995328353569935,-3.9999226153601766e-12,0.0005995328353569935,0.7900985744098032,0.026336619146993437,1,,1.2904976327730537,0.0005995328353571062,0.7900985744098199,0.026336619146993992,1,,1.2904976327730542
biased,187,1,0.9571211475764383,1,0.6327694676359189,0.9,1.0,0.0,1,0.000599532921984741,0.000599532921984806,-3.9999226153601766e-12,0.000599532921984806,0.7900985278241957,0.02633661759413985,1,,1.2904976326777677,0.000599532921984741,0.7900985278241845,0.02633661759413948,1,,1.2904976326777677
biased,109,2,0.9634827409194409,2,0.1902849391926143,0.9,1.0,0.0,1,0.0005995326736850416,0.0005995326736850416,-3.9999226153601766e-12,0.0005995326736850416,0.7900986118398123,0.026336620394660407,1,,1.2904976319251502,0.0005995326736850416,0.7900986118398123,0.026336620394660407,1,,1.2904976319251502
biased,45,3,0.9586446444924583,3,0.20325096875146026,0.9,1.0,0.0,1,0.0005995309210864884,0.0005995309210865126,-3.9999226153601766e-12,0.0005995309210865126,0.7900986884633365,0.02633662294877788,1,,1.2904976090512799,0.0005995309210864884,0.7900986884633365,0.02633662294877788,1,,1.2904976090512799
symmetric,0,-1,0.25,0,1.5145789899825082,0.9,1.0,0.0,1,0.0005995321838849965,0.0005995321838849965,-3.9999226153601766e-12,0.0005995321838849965,0.7900986121769982,0.026336620405899937,1,,1.290497624645519,0.0005995321838849965,0.7900986121769982,0.026336620405899937,1,,1.290497624645519
biased,17,0,0.9516310506386029,0,0.22551510231363753,0.9,1.0,0.0,2,0.0014495305954191368,0.0014495305954191108,-3.9999226153601766e-12,0.0014495305954191108,0.8587815095541129,0.028626050318470427,1,,1.2989252041980948,0.0014495305954191368,0.8587815095541185,0.02862605031847061,1,,1.298925204198095
biased,187,1,0.9571211475764383,1,0.6327694676359189,0.9,1.0,0.0,2,0.001449530561880864,0.001449530561880982,-3.9999226153601766e-12,0.001449530561880982,0.8587813085847384,0.028626043619491278,1,,1.2989252010908663,0.001449530561880864,0.8587813085847273,0.028626043619490907,1,,1.2989252010908663
biased,109,2,0.9634827409194409,2,0.1902849391926143,0.9,1.0,0.0,2,0.0014495304425078872,0.0014495304425078386,-3.9999226153601766e-12,0.0014495304425078386,0.8587814617593226,0.028626048725310747,1,,1.2989252023850644,0.0014495304425078872,0.8587814617593337,0.028626048725311118,1,,1.2989252023850646
biased,45,3,0.9586446444924583,3,0.20325096875146026,0.9,1.0,0.0,2,0.0014495304517142572,0.0014495304517143336,-3.9999226153601766e-12,0.0014495304517143336,0.8587814269503058,0.02862604756501019,1,,1.2989252019789461,0.0014495304517142572,0.8587814269503058,0.02862604756501019,1,,1.2989252019789461
symmetric,0,-1,0.25,0,1.5145789899825082,0.9,1.0,0.0,2,0.0014495304887374907,0.0014495304887376017,-3.9999226153601766e-12,0.0014495304887376017,0.8587814595463872,0.028626048651546235,1,,1.298925202700843,0.0014495304887374907,0.8587814595463816,0.02862604865154605,1,,1.298925202700843
biased,17,0,0.9516310506386029,0,0.22551510231363753,0.9,1.0,0.2,0,0.0008632070632149918,0.005622994490730934,0.029320512888574714,0.005622994490730934,1.1066961674419173,0.03688987224806391,1,,1.3184000875331257,0.0008632070632149918,0.8200810688357818,0.02733603562785939,1,,1.2743435395175222
biased,187,1,0.9571211475764383,1,0.6327694676359189,0.9,1.0,0.2,0,0.0008632070426386491,0.0053539486844398874,0.04355620225286259,0.0053539486844398874,2.069480011383762,0.06898266704612539,1,,1.318038268264066,0.0008632070426386491,0.8200810371071177,0.027336034570237252,1,,1.2743435402276657
biased,109,2,0.9634827409194409,2,0.1902849391926143,0.9,1.0,0.2,0,0.0008632065517774727,0.005670001880694626,0.06879132651946872,0.005670001880694626,1.1504775032129044,0.03834925010709681,1,,1.3188468685525692,0.0008632065517774727,0.8200811532894092,0.027336038442980305,1,,1.274343537771081
biased,45,3,0.9586446444924583,3,0.20325096875146026,0.9,1.0,0.2,0,0.0008632071050710174,0.008512176851705612,0.12763007985929342,0.008512176851705612,1.6458582173439207,0.05486194057813068,1,,1.3255508839524461,0.0008632071050710174,0.8200810647023493,0.027336035490078306,1,,1.2743435388993138
symmetric,0,-1,0.25,0,1.5145789899825082,0.9,1.0,0.2,0,0.0008632070077720638,0.006902532998766697,0.029320512888574714,0.006902532998766697,1.3875489292160648,0.04625163097386882,1,,1.3222293300526688,0.0008632070077720638,0.8200810548601278,0.02733603516200426,1,,1.2743435402642989
biased,17,0,0.9516310506386029,0,0.22551510231363753,0.9,1.0,0.2,1,0.000705586394891807,0.009359722692103119,0.029320512888574714,0.009359722692103119,1.2027330936660807,0.04009110312220268,1,,1.3271924851644195,0.000705586394891807,0.6877925935443729,0.022926419784812427,1,,1.2877918650463096
biased,187,1,0.9571211475764383,1,0.6327694676359189,0.9,1.0,0.2,1,0.0007055865556044177,0.008587031399063735,0.04355620225286259,0.008587031399063735,2.0032828734507846,0.06677609578169282,1,,1.3262662910714575,0.0007055865556044177,0.6877925437883514,0.022926418126278377,1,,1.287791864867958
biased,109,2,0.9634827409194409,2,0.1902849391926143,0.9,1.0,0.2,1,0.0007055861064044931,0.009715102615767267,0.06879132651946872,0.009715102615767267,1.3059311675450935,0.04353103891816978,1,,1.328532619308142,0.0007055861064044931,0.6877926322378158,0.022926421074593858,1,,1.2877918640756596
biased,45,3,0.9586446444924583,3,0.20325096875146026,0.9,1.0,0.2,1,0.000705585729949507,0.013242979170479036,0.12763007985929342,0.013242979170479036,1.5448806170962504,0.051496020569875005,1,,1.3335738106876311,0.000705585729949507,0.6877927449587151,0.022926424831957167,1,,1.287791833710835
symmetric,0,-1,0.25,0,1.5145789899825082,0.9,1.0,0.2,1,0.0007055861808498518,0.010601801495812926,0.029320512888574714,0.010601801495812926,1.4185836755873316,0.047286122519577714,1,,1.3298436664196436,0.0007055861808498518,0.6877926443047577,0.022926421476825255,1,,1.2877918542991895
biased,17,0,0.9516310506386029,0,0.22551510231363753,0.9,1.0,0.2,2,0.0016718892079649588,0.009759857437209848,0.029320512888574714,0.009759857437209848,1.981046702921918,0.06603489009739726,1,,1.3304481872760605,0.0016718892079649588,0.9734345193163241,0.03244781731054413,1,,1.3014130699644098
biased,187,1,0.9571211475764383,1,0.6327694676359189,0.9,1.0,0.2,2,0.001671888965995653,0.009680660218323478,0.04355620225286259,0.009680660218323478,3.067352952118896,0.10224509840396317,1,,1.327706812289036,0.001671888965995653,0.9734342438511234,0.032447808128370774,1,,1.3014130663469257
biased,109,2,0.9634827409194409,2,0.1902849391926143,0.9,1.0,0.2,2,0.0016718889047858225,0.009908669574173155,0.06879132651946872,0.009908669574173155,1.963407046783583,0.06544690155945275,1,,1.3309038108750246,0.0016718889047858225,0.9734344528108896,0.03244781509369631,1,,1.3014130679352298
biased,45,3,0.9586446444924583,3,0.20325096875146026,0.9,1.0,0.2,2,0.0016718889000318649,0.012833353881065185,0.12763007985929342,0.012833353881065185,2.4761770338002362,0.08253923446000787,1,,1.3348443767655351,0.0016718889000318649,0.9734344056030242,0.0324478135201008,1,,1.3014130674548774
symmetric,0,-1,0.25,0,1.5145789899825082,0.9,1.0,0.2,2,0.0016718889769607188,0.0107137809291721,0.029320512888574714,0.0107137809291721,2.0597991795140103,0.068659972650467,1,,1.3320533439312088,0.0016718889769607188,0.9734344518217419,0.03244781506072473,1,,1.3014130682595946
biased,17,0,0.9516310506386029,0,0.22551510231363753,0.9,1.0,0.4,0,0.001524396473240033,0.020891867532695646,0.1169050981581141,0.020891867532695646,1.1587288828329323,0.03862429609443107,1,,1.3431913339077155,0.001524396473240033,0.48642719174100124,0.016214239724700038,1,,1.2723196646680988
biased,187,1,0.9571211475764383,1,0.6327694676359189,0.9,1.0,0.4,0,0.001524396564455144,0.020562023946849618,0.1678157027674238,0.020562023946849618,3.37442794448099,0.11248093148269965,1,,1.343711250256594,0.001524396564455144,0.4864271679013987,0.016214238930046622,1,,1.2723196655539781
biased,109,2,0.9634827409194409,2,0.1902849391926143,0.9,1.0,0.4,0,0.0015243954328678106,0.02190595603700317,0.2516696520021913,0.02190595603700317,1.2950098032039004,0.04316699344013,1,,1.3454923866492838,0.0015243954328678106,0.48642725883468185,0.01621424196115606,1,,1.2723196626637587
biased,45,3,0.9586446444924583,3,0.20325096875146026,0.9,1.0,0.4,0,0.0015243965118732815,0.03330554585318765,0.4261400627676878,0.03330554585318765,2.275999825388891,0.07586666084629637,1,,1.3534297040549228,0.0015243965118732815,0.4864271907747797,0.016214239692492655,1,,1.2723196638837815
symmetric,0,-1,0.25,0,1.5145789899825082,0.9,1.0,0.4,0,0.0015243964614236032,0.02699728296526084,0.1169050981581141,0.02699728296526084,1.702009805403376,0.05673366018011253,1,,1.3497250348586423,0.0015243964614236032,0.48642718158671827,0.01621423938622394,1,,1.2723196656546778
biased,17,0,0.9516310506386029,0,0.22551510231363753,0.9,1.0,0.4,1,0.0012716054903168872,0.029992888542595603,0.1169050981581141,0.029992888542595603,2.250855951745323,0.0750285317248441,1,,1.3553823379457248,0.0012716054903168872,0.6229273498898125,0.020764244996327078,1,,1.2884545222645976
biased,187,1,0.9571211475764383,1,0.6327694676359189,0.9,1.0,0.4,1,0.0012716057830092706,0.030053077612502727,0.1678157027674238,0.030053077612502727,5.03471462049323,0.16782382068310764,1,,1.3523639050260927,0.0012716057830092706,0.622927295168868,0.020764243172295596,1,,1.2884545219824497
biased,109,2,0.9634827409194409,2,0.1902849391926143,0.9,1.0,0.4,1,0.0012716054715068096,0.031280132494706334,0.2516696520021913,0.031280132494706334,2.6218929584836905,0.08739643194945633,1,,1.3572748758937683,0.0012716054715068096,0.6229273539244851,0.020764245130816164,1,,1.288454522297766
biased,45,3,0.9586446444924583,3,0.20325096875146026,0.9,1.0,0.4,1,0.0012716064995200206,0.0444903879483364,0.4261400627676878,0.0444903879483364,3.7375640205103258,0.12458546735034416,1,,1.362145782204443,0.0012716064995200206,0.6229275980295879,0.020764253267652924,1,,1.288454478275353
symmetric,0,-1,0.25,0,1.5145789899825082,0.9,1.0,0.4,1,0.00127160588675688,0.034341965013185954,0.1169050981581141,0.034341965013185954,2.8312074989288947,0.09437358329762982,1,,1.3578890129039072,0.00127160588675688,0.6229274332832047,0.020764247776106817,1,,1.2884545072094602
biased,17,0,0.9516310506386029,0,0.22551510231363753,0.9,1.0,0.4,2,0.002751679101510536,0.029400936248312665,0.1169050981581141,0.029400936248312665,3.8013379939656424,0.1267112664655214,1,,1.3540105221844245,0.002751679101510536,0.7797361429232597,0.025991204764108652,1,,1.3039262314598195
biased,187,1,0.9571211475764383,1,0.6327694676359189,0.9,1.0,0.4,2,0.0027516792190920465,0.03169830259638765,0.1678157027674238,0.03169830259638765,6.804759567959268,0.22682531893197555,0,,1.3465140281247368,0.0027516792190920465,0.7797358362026996,0.025991194540089982,1,,1.3039262260566493
biased,109,2,0.9634827409194409,2,0.1902849391926143,0.9,1.0,0.4,2,0.0027516789450173773,0.030093711715156832,0.2516696520021913,0.030093711715156832,3.7213984050950555,0.12404661350316849,1,,1.3557342061195214,0.0027516789450173773,0.7797360732530456,0.025991202441768183,1,,1.3039262284257396
biased,45,3,0.9586446444924583,3,0.20325096875146026,0.9,1.0,0.4,2,0.002751678971821603,0.04172075937307941,0.4261400627676878,0.04172075937307941,5.368535501143285,0.17895118337144278,1,,1.3581997340250642,0.002751678971821603,0.7797360196153402,0.025991200653844672,1,,1.3039262277345203
symmetric,0,-1,0.25,0,1.5145789899825082,0.9,1.0,0.4,2,0.002751678994268949,0.033166908621715493,0.1169050981581141,0.033166908621715493,4.1763127229348775,0.13921042409782922,1,,1.3560947879144414,0.002751678994268949,0.7797360716065294,0.025991202386884307,1,,1.3039262289190088
biased,17,0,0.9516310506386029,0,0.22551510231363753,0.9,1.0,0.6,0,0.003776795285966429,0.043832515510567466,0.2678991778381227,0.043832515510567466,1.6716973868057705,0.05572324622685901,1,1.0,1.361279221442735,0.003776795285966429,0.3374395300180577,0.011247984333935255,1,0.665,1.2750463574676956
biased,187,1,0.9571211475764383,1,0.6327694676359189,0.9,1.0,0.6,0,0.003776795569551643,0.043335165075496423,0.37377608596644457,0.043335165075496423,5.570641634851492,0.18568805449504971,0,1.0,1.3605025632503773,0.003776795569551643,0.3374395122513363,0.011247983741711208,1,0.665,1.275046358707274
biased,109,2,0.9634827409194409,2,0.1902849391926143,0.9,1.0,0.6,0,0.0037767926076034204,0.04531688826815643,0.5389542592987089,0.04531688826815643,1.9834455168255827,0.06611485056085274,1,1.0,1.3638437731630737,0.0037767926076034204,0.33743957466525476,0.011247985822175156,1,0.665,1.2750463558028757
biased,45,3,0.9586446444924583,3,0.20325096875146026,0.9,1.0,0.6,0,0.0037767952490916816,0.06621423713684717,0.8581660503517049,0.06621423713684717,4.344026829222197,0.14480089430740656,1,1.0,1.3685002536580777,0.0037767952490916816,0.33743953308407737,0.011247984436135911,1,0.665,1.2750463565282848
symmetric,0,-1,0.25,0,1.5145789899825082,0.9,1.0,0.6,0,0.00377679533340964,0.05410332771082027,0.2678991778381227,0.05410332771082027,2.771315308779837,0.09237717695932789,1,1.0,1.366653807148815,0.00377679533340964,0.3374395229310545,0.011247984097701814,1,0.665,1.2750463589145544
biased,17,0,0.9516310506386029,0,0.22551510231363753,0.9,1.0,0.6,1,0.00506516758691073,0.05894957384679947,0.2678991778381227,0.05894957384679947,4.821808144599543,0.16072693815331807,1,1.0,1.3735969716543508,0.00506516758691073,0.6333708134631078,0.021112360448770254,1,0.68,1.2820413278253528
biased,187,1,0.9571211475764383,1,0.6327694676359189,0.9,1.0,0.6,1,0.005065167589225117,0.06072848731165112,0.37377608596644457,0.06072848731165112,8.454446092855466,0.28181486976184883,0,1.0,1.36613521412011,0.005065167589225117,0.6333708130818072,0.021112360436060237,1,0.68,1.2820413278112892
biased,109,2,0.9634827409194409,2,0.1902849391926143,0.9,1.0,0.6,1,0.005065167569520486,0.06122896772353109,0.5389542592987089,0.06122896772353109,5.298894860193521,0.17662982867311733,1,1.0,1.375066357809778,0.005065167569520486,0.633370811215217,0.021112360373840563,1,0.68,1.2820413277688134
biased,45,3,0.9586446444924583,3,0.20325096875146026,0.9,1.0,0.6,1,0.005065188925268886,0.08726936803296838,0.8581660503517049,0.08726936803296838,8.504894390145745,0.2834964796715248,0,1.0,1.3753833139025455,0.005065188925268886,0.6333716281718749,0.021112387605729158,1,0.68,1.2820412416084646
symmetric,0,-1,0.25,0,1.5145789899825082,0.9,1.0,0.6,1,0.0050651749509636815,0.07019512216736479,0.2678991778381227,0.07019512216736479,6.350907287749336,0.2116969095916445,1,1.0,1.3755693920657475,0.0050651749509636815,0.6333710944297632,0.02111236981432544,1,0.68,1.282041298070444
biased,17,0,0.9516310506386029,0,0.22551510231363753,0.9,1.0,0.6,2,0.0017202094625415297,0.053630104191727174,0.2678991778381227,0.053630104191727174,7.063612091087395,0.2354537363695798,0,1.0,1.3673433385989195,0.0017202094625415297,1.1207975007492987,0.037359916691643284,1,0.715,1.3027450516247565
biased,187,1,0.9571211475764383,1,0.6327694676359189,0.9,1.0,0.6,2,0.0017202094581166387,0.06386453893319967,0.37377608596644457,0.06386453893319967,9.548713293418725,0.3182904431139575,0,1.0,1.349811930175921,0.0017202094581166387,1.1207974817865507,0.03735991605955168,1,0.715,1.3027450515170822
biased,109,2,0.9634827409194409,2,0.1902849391926143,0.9,1.0,0.6,2,0.0017202094730183644,0.055788891877198876,0.5389542592987089,0.055788891877198876,7.338976313905709,0.24463254379685695,0,1.0,1.3691193561518062,0.0017202094730183644,1.1207975389488312,0.037359917964961034,1,0.715,1.3027450518489534
biased,45,3,0.9586446444924583,3,0.20325096875146026,0.9,1.0,0.6,2,0.0017202094207029207,0.08095754466677754,0.8581660503517049,0.08095754466677754,9.348336289763488,0.31161120965878286,0,1.0,1.3662181702160443,0.0017202094207029207,1.1207975050215202,0.03735991683405067,1,0.715,1.3027450513985634
symmetric,0,-1,0.25,0,1.5145789899825082,0.9,1.0,0.6,2,0.0017202094543107317,0.06334974444083144,0.2678991778381227,0.06334974444083144,8.147537433184727,0.2715845811061575,0,1.0,1.3679395897795272,0.0017202094543107317,1.1207975082090926,0.037359916940303085,1,0.715,1.3027450516079122
biased,17,0,0.9516310506386029,0,0.22551510231363753,0.9,1.0,0.8,0,0.0029789555437483278,0.07144570078770893,0.5007099276256659,0.07144570078770893,3.8112848376298523,0.12704282792099506,1,1.0,1.3723733082317575,0.0029789555437483278,0.3979382927836228,0.013264609759454092,1,0.665,1.2745279693240699
biased,187,1,0.9571211475764383,1,0.6327694676359189,0.9,1.0,0.8,0,0.0029789559242726455,0.07560777078256076,0.6803876188043223,0.07560777078256076,8.900631717614216,0.2966877239204738,0,1.0,1.3666106541269205,0.0029789559242726455,0.39793825181998477,0.01326460839399949,1,0.665,1.274527971932399
biased,109,2,0.9634827409194409,2,0.1902849391926143,0.9,1.0,0.8,0,0.002978950893746176,0.0740425109271475,0.9479609352487752,0.0740425109271475,4.651113756939374,0.15503712523131244,1,1.0,1.374865693121177,0.002978950893746176,0.3979384136464259,0.013264613788214195,1,0.665,1.2745279655788155
biased,45,3,0.9586446444924583,3,0.20325096875146026,0.9,1.0,0.8,0,0.0029789554715597133,0.11095599967631678,1.435691182254632,0.11095599967631678,10.876598823878897,0.3625532941292965,0,1.0,1.3721439243749165,0.0029789554715597133,0.39793830301443345,0.013264610100481113,1,0.665,1.2745279679209256
symmetric,0,-1,0.25,0,1.5145789899825082,0.9,1.0,0.8,0,0.0029789555278527313,0.08834684164403918,0.5007099276256659,0.08834684164403918,6.878935001680947,0.22929783338936485,1,1.0,1.37472096924991,0.0029789555278527313,0.39793827766315126,0.013264609255438374,1,0.665,1.2745279723660559
biased,17,0,0.9516310506386029,0,0.22551510231363753,0.9,1.0,0.8,1,0.008799271651471565,0.09422453015471005,0.5007099276256659,0.09422453015471005,9.324626876496145,0.3108208958832048,0,1.0,1.3803498850626506,0.008799271651471565,0.5219696183661859,0.017398987278872863,1,0.68,1.2644607333554196
biased,187,1,0.9571211475764383,1,0.6327694676359189,0.9,1.0,0.8,1,0.00879927165375843,0.10000410563296971,0.6803876188043223,0.10000410563296971,10.35168940070319,0.34505631335677295,0,1.0,1.3657474051140892,0.00879927165375843,0.5219696181053057,0.017398987270176854,1,0.68,1.264460733351907
biased,109,2,0.9634827409194409,2,0.1902849391926143,0.9,1.0,0.8,1,0.008799271647022374,0.09717349303858518,0.9479609352487752,0.09717349303858518,10.11700595630845,0.33723353187694827,0,1.0,1.381182106226873,0.008799271647022374,0.5219696181583189,0.01739898727194396,1,0.68,1.2644607333608981
biased,45,3,0.9586446444924583,3,0.20325096875146026,0.9,1.0,0.8,1,0.008799271689058853,0.13909552473329143,1.435691182254632,0.13909552473329143,15.22494030529375,0.5074980101764582,0,1.0,1.3727590456275507,0.008799271689058853,0.521969619038537,0.017398987301284564,1,0.68,1.2644607332425672
symmetric,0,-1,0.25,0,1.5145789899825082,0.9,1.0,0.8,1,0.008799271664520145,0.11205695555559217,0.5007099276256659,0.11205695555559217,12.121237519881406,0.40404125066271346,0,1.0,1.3789073667996965,0.008799271664520145,0.5219696185431444,0.01739898728477148,1,0.68,1.26446073331255
biased,17,0,0.9516310506386029,0,0.22551510231363753,0.9,1.0,0.8,2,0.001415742694348787,0.07990191180931869,0.5007099276256659,0.07990191180931869,9.474740615990813,0.3158246871996937,0,1.0,1.3734615350225052,0.001415742694348787,1.0549709701200505,0.035165699004001676,1,0.715,1.282499293471385
biased,187,1,0.9571211475764383,1,0.6327694676359189,0.9,1.0,0.8,2,0.0014157426967458002,0.09914280090500961,0.6803876188043223,0.09914280090500961,10.060436510915721,0.33534788369719065,0,1.0,1.344441502962004,0.0014157426967458002,1.0549709371572291,0.03516569790524097,1,0.715,1.2824992932303017
biased,109,2,0.9634827409194409,2,0.1902849391926143,0.9,1.0,0.8,2,0.0014157426849372833,0.08376868363828506,0.9479609352487752,0.08376868363828506,9.842465139217898,0.32808217130726325,0,1.0,1.3750640065154065,0.0014157426849372833,1.05497104128926,0.03516570137630866,1,0.715,1.2824992939694908
biased,45,3,0.9586446444924583,3,0.20325096875146026,0.9,1.0,0.8,2,0.0014157426938619256,0.12366248089643558,1.435691182254632,0.12366248089643558,11.245296250495507,0.3748432083498502,0,1.0,1.363934620444541,0.0014157426938619256,1.0549709683386532,0.03516569894462177,1,0.715,1.2824992934291843
symmetric,0,-1,0.25,0,1.5145789899825082,0.9,1.0,0.8,2,0.001415742691583552,0.09661729959573533,0.5007099276256659,0.09661729959573533,10.396904101174398,0.34656347003914656,0,1.0,1.3718322861734369,0.001415742691583552,1.0549709845254662,0.0351656994841822,1,0.715,1.2824992935612578
