kappa,signing_rate,contamination,seed_rep,observer,exposure,ghost_col_err,creator_mi,oracle_mi,mi_ratio,ghost_col_entropy,time_to_competence
0.1,0.0,0.3,0,0,100,3.7278797687149376,0.9844733504018182,1.0887088433787815,0.9042576960673241,1.0217273795790822,
0.1,0.0,0.3,0,0,200,3.657958517040499,0.9647928125638747,1.0887088433787815,0.8861807437603461,1.063228586236149,
0.1,0.0,0.3,0,0,300,3.614853369786186,0.9658703820540224,1.0887088433787815,0.8871705120502807,1.072266297442797,
0.1,0.0,0.3,0,0,400,3.6338482817393283,0.9619195118476579,1.0887088433787815,0.8835415618213994,1.0831470355342376,
0.1,0.0,0.3,0,0,500,3.664566121824632,0.9762330696798114,1.0887088433787815,0.8966888398280074,1.0637442182894334,
0.1,0.0,0.3,0,0,600,3.683311485481262,0.9941287490914985,1.0887088433787815,0.9131263653616003,1.0528613362098205,
0.1,0.0,0.3,0,0,-1,3.683311485481262,0.9941287490914985,1.0887088433787815,0.9131263653616003,1.0528613362098205,600.0
0.1,0.0,0.3,0,1,100,3.7830984367827503,1.000005086728692,1.0887088433787815,0.9185238944373783,1.0018679637532615,
0.1,0.0,0.3,0,1,200,3.764842328708183,1.0146649740519893,1.0887088433787815,0.9319892827388093,0.9788168909534871,
0.1,0.0,0.3,0,1,300,3.7264693649305,1.0132504030038016,1.0887088433787815,0.9306899720399107,0.9681436129856402,
0.1,0.0,0.3,0,1,400,3.7425012607181323,1.008309315535135,1.0887088433787815,0.9261514882214712,0.9727766475135244,
0.1,0.0,0.3,0,1,500,3.7667338767144374,1.0156600287149833,1.0887088433787815,0.9329032595738885,0.9644787584248197,
0.1,0.0,0.3,0,1,600,3.7924011377877727,1.032215627778758,1.0887088433787815,0.9481098955486591,0.9460243547474425,
0.1,0.0,0.3,0,1,-1,3.7924011377877727,1.032215627778758,1.0887088433787815,0.9481098955486591,0.9460243547474425,600.0
0.1,0.0,0.3,0,2,100,3.661707053524517,0.8525419654070421,1.0887088433787815,0.7830761829408851,1.1024645203933379,
0.1,0.0,0.3,0,2,200,3.6451883774399647,0.8437421304186987,1.0887088433787815,0.7749933653520857,1.0518306484946107,
0.1,0.0,0.3,0,2,300,3.5938873406207854,0.8295515650645842,1.0887088433787815,0.76195905830074,1.0409944404965903,
0.1,0.0,0.3,0,2,400,3.6177113878577694,0.8385667074845274,1.0887088433787815,0.7702396399041419,1.0352425841387323,
0.1,0.0,0.3,0,2,500,3.608348136144949,0.8379308905428315,1.0887088433787815,0.7696556298214069,1.0309749758667919,
0.1,0.0,0.3,0,2,600,3.6367252320912375,0.8413843918769924,1.0887088433787815,0.7728277371806556,1.0213657025834544,
0.1,0.0,0.3,0,2,-1,3.6367252320912375,0.8413843918769924,1.0887088433787815,0.7728277371806556,1.0213657025834544,600.0
0.1,0.0,0.3,0,3,100,4.1556165597347015,0.9363742694444055,1.0887088433787815,0.8600777656387825,1.1003863546338004,
0.1,0.0,0.3,0,3,200,4.164753807154254,0.9956622192107423,1.0887088433787815,0.9145348871427633,1.0553376038571807,
0.1,0.0,0.3,0,3,300,4.112251692065954,0.992419339031183,1.0887088433787815,0.9115562393626138,1.0675028772182722,
0.1,0.0,0.3,0,3,400,4.1205145747769425,0.9962664560014889,1.0887088433787815,0.915089890249812,1.0837174149950093,
0.1,0.0,0.3,0,3,500,4.059909236595802,0.9802882591973566,1.0887088433787815,0.9004136093494527,1.116058028685982,
0.1,0.0,0.3,0,3,600,4.072775228008114,0.9707761074259598,1.0887088433787815,0.8916765151031378,1.1269580658291107,
0.1,0.0,0.3,0,3,-1,4.072775228008114,0.9707761074259598,1.0887088433787815,0.8916765151031378,1.1269580658291107,600.0
0.1,0.0,0.3,0,4,100,4.24830990413532,1.0775622578564612,1.0887088433787815,0.9897616469360834,0.9816346796739636,
0.1,0.0,0.3,0,4,200,4.437460294591252,1.0675531570377899,1.0887088433787815,0.9805680954374032,1.0128754306390684,
0.1,0.0,0.3,0,4,300,4.3955389969912995,1.0408984086115187,1.0887088433787815,0.9560851966455198,1.0413869344149473,
0.1,0.0,0.3,0,4,400,4.333966232960295,1.0171467083741237,1.0887088433787815,0.9342688034180319,1.0655000367031648,
0.1,0.0,0.3,0,4,500,4.348741997382393,1.0069884860615197,1.0887088433787815,0.9249382809607345,1.0820883275357784,
0.1,0.0,0.3,0,4,600,4.379983658272135,1.0058412737677744,1.0887088433787815,0.9238845444170091,1.0864080333966648,
0.1,0.0,0.3,0,4,-1,4.379983658272135,1.0058412737677744,1.0887088433787815,0.9238845444170091,1.0864080333966648,600.0
0.1,0.0,0.3,0,5,100,3.8507843131543438,1.045967990138616,1.0887088433787815,0.9607417047265638,0.9457562409589833,
0.1,0.0,0.3,0,5,200,3.79960968657032,1.0389299592541155,1.0887088433787815,0.9542771380728584,0.9284708180331527,
0.1,0.0,0.3,0,5,300,3.7211325456674036,1.0101425176819583,1.0887088433787815,0.9278353196314687,0.9370354143981698,
0.1,0.0,0.3,0,5,400,3.7506250998200463,1.0316869037604945,1.0887088433787815,0.9476242523746563,0.9155364267843737,
0.1,0.0,0.3,0,5,500,3.739106240515006,1.0281774460532302,1.0887088433787815,0.9444007480111087,0.9143420286387105,
0.1,0.0,0.3,0,5,600,3.721456759459441,1.0304313151875808,1.0887088433787815,0.9464709701352864,0.9122482367993368,
0.1,0.0,0.3,0,5,-1,3.721456759459441,1.0304313151875808,1.0887088433787815,0.9464709701352864,0.9122482367993368,600.0
0.1,0.0,0.3,0,6,100,4.395818917952834,1.0353478275896446,1.0887088433787815,0.9509868812826648,1.0459599913634037,
0.1,0.0,0.3,0,6,200,4.417217592788559,1.0156509819271737,1.0887088433787815,0.9328949499253865,1.0726801909638253,
0.1,0.0,0.3,0,6,300,4.347089640775205,0.9996526381795356,1.0887088433787815,0.9182001636701489,1.0816306791691137,
0.1,0.0,0.3,0,6,400,4.353739509626653,0.9877395139227481,1.0887088433787815,0.9072577300440791,1.0989042628239247,
0.1,0.0,0.3,0,6,500,4.366500247482691,0.9764515665677677,1.0887088433787815,0.8968895334195816,1.1063007767950992,
0.1,0.0,0.3,0,6,600,4.398066453133108,0.9809220207740108,1.0887088433787815,0.9009957315398882,1.1031090033106252,
0.1,0.0,0.3,0,6,-1,4.398066453133108,0.9809220207740108,1.0887088433787815,0.9009957315398882,1.1031090033106252,600.0
0.1,0.0,0.3,0,7,100,3.764365175240509,0.9768933145909688,1.0887088433787815,0.8972952874702516,0.8964082014149028,
0.1,0.0,0.3,0,7,200,3.6299768828708796,0.9369366357671819,1.0887088433787815,0.8605943099161588,0.9220799301159501,
0.1,0.0,0.3,0,7,300,3.5529239654286053,0.9392736130641864,1.0887088433787815,0.8627408684852541,0.9139228792969394,
0.1,0.0,0.3,0,7,400,3.5510443787971973,0.934751104260932,1.0887088433787815,0.8585868572169898,0.9236620127091864,
0.1,0.0,0.3,0,7,500,3.5498615770675714,0.9258178085861783,1.0887088433787815,0.8503814534223174,0.9250867135156499,
0.1,0.0,0.3,0,7,600,3.570452957944293,0.9376286532176236,1.0887088433787815,0.861229941246473,0.9103196836450438,
0.1,0.0,0.3,0,7,-1,3.570452957944293,0.9376286532176236,1.0887088433787815,0.861229941246473,0.9103196836450438,600.0
0.1,0.0,0.3,1,0,100,3.336112385796882,0.8858993308332392,1.0887088433787815,0.8137155642861063,1.0582962414125174,
0.1,0.0,0.3,1,0,200,3.4315813415346215,0.9181693699407906,1.0887088433787815,0.8433562155068698,1.0344533237251095,
0.1,0.0,0.3,1,0,300,3.4261662086352227,0.9471722673865175,1.0887088433787815,0.8699959343096648,1.0087838855924027,
0.1,0.0,0.3,1,0,400,3.3560067314419264,0.9611107303463561,1.0887088433787815,0.8827986804659107,1.0166505007831612,
0.1,0.0,0.3,1,0,500,3.336277073710309,0.9340711710556981,1.0887088433787815,0.8579623254981845,1.0204141958442356,
0.1,0.0,0.3,1,0,600,3.3460548073808543,0.9457885058070805,1.0887088433787815,0.8687249227000388,1.009507900177118,
0.1,0.0,0.3,1,0,-1,3.3460548073808543,0.9457885058070805,1.0887088433787815,0.8687249227000388,1.009507900177118,600.0
0.1,0.0,0.3,1,1,100,3.450925233230792,0.8440436859180206,1.0887088433787815,0.7752703498747667,1.0701179346586716,
0.1,0.0,0.3,1,1,200,3.2850386058089467,0.8420011997851027,1.0887088433787815,0.7733942871006471,1.0491572137207927,
0.1,0.0,0.3,1,1,300,3.292651372767308,0.8757238192199598,1.0887088433787815,0.8043691612738004,1.0019689780495327,
0.1,0.0,0.3,1,1,400,3.235916956028118,0.8545954200793876,1.0887088433787815,0.7849623205293084,1.0085387722268768,
0.1,0.0,0.3,1,1,500,3.172598333019107,0.8326757471600608,1.0887088433787815,0.7648286796090237,1.006818074316656,
0.1,0.0,0.3,1,1,600,3.1633577257386563,0.830234247541566,1.0887088433787815,0.7625861152784928,0.9977682291098658,
0.1,0.0,0.3,1,1,-1,3.1633577257386563,0.830234247541566,1.0887088433787815,0.7625861152784928,0.9977682291098658,600.0
0.1,0.0,0.3,1,2,100,3.863115455285892,0.6671579463921289,1.0887088433787815,0.6127973979908351,1.1322064637832647,
0.1,0.0,0.3,1,2,200,4.256040539498031,0.6288125750846689,1.0887088433787815,0.5775764373633306,1.1624255586646066,
0.1,0.0,0.3,1,2,300,4.318138474144651,0.6104209830414105,1.0887088433787815,0.560683406545118,1.145889540178757,
0.1,0.0,0.3,1,2,400,4.371573365897833,0.6024225567787485,1.0887088433787815,0.5533366982756791,1.1333223314060463,
0.1,0.0,0.3,1,2,500,4.4232645338603875,0.5865376828749359,1.0887088433787815,0.5387461362531331,1.1214538714074989,
0.1,0.0,0.3,1,2,600,4.4865063725501475,0.5806536760659121,1.0887088433787815,0.5333415628956109,1.1133953462371902,
0.1,0.0,0.3,1,2,-1,4.4865063725501475,0.5806536760659121,1.0887088433787815,0.5333415628956109,1.1133953462371902,600.0
0.1,0.0,0.3,1,3,100,4.002528860629338,0.8308914857571131,1.0887088433787815,0.7631898012130236,1.024056531721952,
0.1,0.0,0.3,1,3,200,3.874000827684629,0.7734116052329778,1.0887088433787815,0.710393426063036,1.0647952128170637,
0.1,0.0,0.3,1,3,300,3.8995562905041217,0.7871670872722494,1.0887088433787815,0.723028100726449,1.0254402738939248,
0.1,0.0,0.3,1,3,400,3.876338749225972,0.7875643059734905,1.0887088433787815,0.723392953738948,1.0073596886585072,
0.1,0.0,0.3,1,3,500,3.9214441630944163,0.7897685010583947,1.0887088433787815,0.7254175492938657,0.9946729798540668,
0.1,0.0,0.3,1,3,600,3.931414362104994,0.7880817068587258,1.0887088433787815,0.7238681963976092,1.0002516194152822,
0.1,0.0,0.3,1,3,-1,3.931414362104994,0.7880817068587258,1.0887088433787815,0.7238681963976092,1.0002516194152822,600.0
0.1,0.0,0.3,1,4,100,3.2979009467114615,0.7719532720902013,1.0887088433787815,0.7090539190390546,1.1375764521179472,
0.1,0.0,0.3,1,4,200,3.490308272665305,0.7731945406480374,1.0887088433787815,0.7101940480693139,1.1497172480072821,
0.1,0.0,0.3,1,4,300,3.5660051748584234,0.7518216389033975,1.0887088433787815,0.6905626269831127,1.1658497310016596,
0.1,0.0,0.3,1,4,400,3.6311404404152303,0.7586821717349418,1.0887088433787815,0.6968641582632783,1.143765412545277,
0.1,0.0,0.3,1,4,500,3.6791774209046526,0.7556020163710333,1.0887088433787815,0.6940349763542296,1.1501191803436823,
0.1,0.0,0.3,1,4,600,3.712660123739887,0.75245471988454,1.0887088433787815,0.6911441240334882,1.151322059264732,
0.1,0.0,0.3,1,4,-1,3.712660123739887,0.75245471988454,1.0887088433787815,0.6911441240334882,1.151322059264732,600.0
0.1,0.0,0.3,1,5,100,3.002037354826895,0.9212445647012959,1.0887088433787815,0.846180841006339,0.8903565545151546,
0.1,0.0,0.3,1,5,200,2.92526746398613,0.9187942826947981,1.0887088433787815,0.8439302098836107,0.870703903045791,
0.1,0.0,0.3,1,5,300,2.907172778445065,0.9176987284309722,1.0887088433787815,0.8429239222333461,0.8377066434938283,
0.1,0.0,0.3,1,5,400,2.8652749707695215,0.913676920303546,1.0887088433787815,0.8392298141603882,0.8251912576994432,
0.1,0.0,0.3,1,5,500,2.8389803367824635,0.9068783261177024,1.0887088433787815,0.8329851747168945,0.8284759299189837,
0.1,0.0,0.3,1,5,600,2.8465242291395496,0.9075461584592378,1.0887088433787815,0.8335985915597878,0.8186444184859049,
0.1,0.0,0.3,1,5,-1,2.8465242291395496,0.9075461584592378,1.0887088433787815,0.8335985915597878,0.8186444184859049,600.0
0.1,0.0,0.3,1,6,100,3.323098388803646,0.7418493040427974,1.0887088433787815,0.6814028457236427,1.0852138460119707,
0.1,0.0,0.3,1,6,200,3.3528448199042926,0.7532287504213266,1.0887088433787815,0.6918550859600805,1.027609932455574,
0.1,0.0,0.3,1,6,300,3.360057959379825,0.7666298580890971,1.0887088433787815,0.704164260951422,0.9969858816010935,
0.1,0.0,0.3,1,6,400,3.414835088939582,0.7786663934710866,1.0887088433787815,0.7152200500682205,0.9788299873503544,
0.1,0.0,0.3,1,6,500,3.4423123108947733,0.7669901077029154,1.0887088433787815,0.7044951571464968,0.9779162468150576,
0.1,0.0,0.3,1,6,600,3.435371867135217,0.7691646021637392,1.0887088433787815,0.7064924721072858,0.9766666846759543,
0.1,0.0,0.3,1,6,-1,3.435371867135217,0.7691646021637392,1.0887088433787815,0.7064924721072858,0.9766666846759543,600.0
0.1,0.0,0.3,1,7,100,3.003715348412511,0.7725391309693688,1.0887088433787815,0.7095920416810544,1.0704166934288615,
0.1,0.0,0.3,1,7,200,3.0447511443446595,0.7878650430934754,1.0887088433787815,0.723669186564477,1.0602529973365895,
0.1,0.0,0.3,1,7,300,3.048168094736318,0.8087969460650456,1.0887088433787815,0.7428955418006562,1.034836988561494,
0.1,0.0,0.3,1,7,400,3.0496120084606453,0.8086207994717314,1.0887088433787815,0.7427337477687757,1.0268148479706307,
0.1,0.0,0.3,1,7,500,3.057117809857272,0.8027336353180735,1.0887088433787815,0.737326274329516,1.031324835503825,
0.1,0.0,0.3,1,7,600,3.0718868692414603,0.7971693567714299,1.0887088433787815,0.7322153775268639,1.0314759664260582,
0.1,0.0,0.3,1,7,-1,3.0718868692414603,0.7971693567714299,1.0887088433787815,0.7322153775268639,1.0314759664260582,600.0
0.1,0.0,0.3,2,0,100,3.2609954549857902,0.8106838448585978,1.0887088433787815,0.7446286946128408,1.1048001908298566,
0.1,0.0,0.3,2,0,200,3.342556996019776,0.7833056451015046,1.0887088433787815,0.7194812918672862,1.1417186782996136,
0.1,0.0,0.3,2,0,300,3.321829596962794,0.7770874275332176,1.0887088433787815,0.7137697395031215,1.1552539338965255,
0.1,0.0,0.3,2,0,400,3.3018908779489538,0.7819705744174273,1.0887088433787815,0.7182550037809932,1.1418611539924202,
0.1,0.0,0.3,2,0,500,3.2982833807141065,0.7856682599573579,1.0887088433787815,0.7216513990269937,1.1327551827882565,
0.1,0.0,0.3,2,0,600,3.3008895489741024,0.7986332781725598,1.0887088433787815,0.7335600174735615,1.1201124286246031,
0.1,0.0,0.3,2,0,-1,3.3008895489741024,0.7986332781725598,1.0887088433787815,0.7335600174735615,1.1201124286246031,600.0
0.1,0.0,0.3,2,1,100,3.710936763168168,0.8164782190263529,1.0887088433787815,0.749950938666423,1.1522639874066836,
0.1,0.0,0.3,2,1,200,3.7101184163839234,0.8125900556588583,1.0887088433787815,0.7463795858744059,1.1405679178491774,
0.1,0.0,0.3,2,1,300,3.637423044787279,0.8078400538203476,1.0887088433787815,0.7420166178803468,1.1371451101082635,
0.1,0.0,0.3,2,1,400,3.579552124435229,0.7972088846800792,1.0887088433787815,0.732251684670771,1.1330402833251445,
0.1,0.0,0.3,2,1,500,3.544972026634972,0.7771932489679707,1.0887088433787815,0.7138669385250609,1.1430463172620318,
0.1,0.0,0.3,2,1,600,3.5630498960750017,0.7761213975033199,1.0887088433787815,0.712882422351458,1.140624105775133,
0.1,0.0,0.3,2,1,-1,3.5630498960750017,0.7761213975033199,1.0887088433787815,0.712882422351458,1.140624105775133,600.0
0.1,0.0,0.3,2,2,100,3.8048165914552228,0.9092114471391508,1.0887088433787815,0.8351281912227654,1.1387606964085146,
0.1,0.0,0.3,2,2,200,3.8281868937438164,0.9091251547597652,1.0887088433787815,0.8350489300135722,1.1779465609717727,
0.1,0.0,0.3,2,2,300,3.7897454759393634,0.9319784561321853,1.0887088433787815,0.8560401266143965,1.1854920536965223,
0.1,0.0,0.3,2,2,400,3.7958204989859046,0.9239356426709966,1.0887088433787815,0.8486526478498922,1.2086825588388028,
0.1,0.0,0.3,2,2,500,3.7838946258912243,0.922889272006012,1.0887088433787815,0.8476915362805795,1.217137610593428,
0.1,0.0,0.3,2,2,600,3.8032520341866665,0.9305624929359886,1.0887088433787815,0.8547395372007914,1.216468436222276,
0.1,0.0,0.3,2,2,-1,3.8032520341866665,0.9305624929359886,1.0887088433787815,0.8547395372007914,1.216468436222276,600.0
0.1,0.0,0.3,2,3,100,3.6878922114965027,0.9301165195315734,1.0887088433787815,0.8543299020562553,1.0710890267887552,
0.1,0.0,0.3,2,3,200,3.621974113451901,0.9059805699828043,1.0887088433787815,0.8321605684501612,1.0845916382349654,
0.1,0.0,0.3,2,3,300,3.5856767416503676,0.8957867666753183,1.0887088433787815,0.8227973641651204,1.0885483273965397,
0.1,0.0,0.3,2,3,400,3.58093332104238,0.8850467310602126,1.0887088433787815,0.8129324350057555,1.0976355814666736,
0.1,0.0,0.3,2,3,500,3.565607443722043,0.887642410459019,1.0887088433787815,0.8153166164281741,1.0934822833790054,
0.1,0.0,0.3,2,3,600,3.5984023680589723,0.8936262956637423,1.0887088433787815,0.8208129300120267,1.0926122090871728,
0.1,0.0,0.3,2,3,-1,3.5984023680589723,0.8936262956637423,1.0887088433787815,0.8208129300120267,1.0926122090871728,600.0
0.1,0.0,0.3,2,4,100,3.6937101170779156,0.9037967671399456,1.0887088433787815,0.8301547035615456,1.1037372794732199,
0.1,0.0,0.3,2,4,200,3.771958159718726,0.9034963259521942,1.0887088433787815,0.8298787425554617,1.116624235735282,
0.1,0.0,0.3,2,4,300,3.7600342742305184,0.8960157683402408,1.0887088433787815,0.8230077065962628,1.1243343387882379,
0.1,0.0,0.3,2,4,400,3.7434824023389828,0.8929033813158361,1.0887088433787815,0.8201489192874857,1.1260250881145848,
0.1,0.0,0.3,2,4,500,3.7444476405754745,0.8861167151201417,1.0887088433787815,0.8139152359322258,1.133342417513008,
0.1,0.0,0.3,2,4,600,3.7641559543243974,0.9020921606823831,1.0887088433787815,0.8285889897640235,1.1200777119856262,
0.1,0.0,0.3,2,4,-1,3.7641559543243974,0.9020921606823831,1.0887088433787815,0.8285889897640235,1.1200777119856262,600.0
0.1,0.0,0.3,2,5,100,3.600046344097237,0.9329578785883211,1.0887088433787815,0.8569397449669913,1.0626794905698203,
0.1,0.0,0.3,2,5,200,3.646473577246806,0.9124358495276701,1.0887088433787815,0.8380898667966612,1.0892277695944865,
0.1,0.0,0.3,2,5,300,3.6351467278566085,0.9036336057874339,1.0887088433787815,0.8300048367229469,1.1028244010479487,
0.1,0.0,0.3,2,5,400,3.607630293625792,0.8875749329620642,1.0887088433787815,0.8152546370501565,1.113957767597467,
0.1,0.0,0.3,2,5,500,3.645753200766019,0.8964510053028495,1.0887088433787815,0.8234074801126218,1.1091958694164181,
0.1,0.0,0.3,2,5,600,3.677415432396732,0.9092465830895113,1.0887088433787815,0.8351604642685612,1.102578983368506,
0.1,0.0,0.3,2,5,-1,3.677415432396732,0.9092465830895113,1.0887088433787815,0.8351604642685612,1.102578983368506,600.0
0.1,0.0,0.3,2,6,100,3.592435989500097,0.8386985104082935,1.0887088433787815,0.7703607034231604,1.163623895102288,
0.1,0.0,0.3,2,6,200,3.5947752238061246,0.7835677289628564,1.0887088433787815,0.7197220209317607,1.2136934060427278,
0.1,0.0,0.3,2,6,300,3.584299386932457,0.7930276248540462,1.0887088433787815,0.7284111171476335,1.2110530682093577,
0.1,0.0,0.3,2,6,400,3.5997777702134393,0.8149754780412897,1.0887088433787815,0.7485706421856858,1.1885774292719997,
0.1,0.0,0.3,2,6,500,3.5481891697830044,0.7998905604109434,1.0887088433787815,0.7347148553772214,1.1990115546044482,
0.1,0.0,0.3,2,6,600,3.588096812080677,0.8068197640367644,1.0887088433787815,0.7410794621019324,1.197725997302189,
0.1,0.0,0.3,2,6,-1,3.588096812080677,0.8068197640367644,1.0887088433787815,0.7410794621019324,1.197725997302189,600.0
0.1,0.0,0.3,2,7,100,3.5090398474025104,0.9096065628721868,1.0887088433787815,0.8354911126185445,1.0319043667672692,
0.1,0.0,0.3,2,7,200,3.6112151179381233,0.916507612156204,1.0887088433787815,0.841829859039121,1.0422592958551897,
0.1,0.0,0.3,2,7,300,3.662311043725976,0.926271188423046,1.0887088433787815,0.8507978915174289,1.0649566286701788,
0.1,0.0,0.3,2,7,400,3.679849158719987,0.9076758662234652,1.0887088433787815,0.8337177306344965,1.094732878188231,
0.1,0.0,0.3,2,7,500,3.7049610776664803,0.9076616119124821,1.0887088433787815,0.8337046377758596,1.1013110275576894,
0.1,0.0,0.3,2,7,600,3.746913122191738,0.9124157098225092,1.0887088433787815,0.8380713680903419,1.109032417057197,
0.1,0.0,0.3,2,7,-1,3.746913122191738,0.9124157098225092,1.0887088433787815,0.8380713680903419,1.109032417057197,600.0
0.1,0.0,0.6,0,0,100,2.7943018235987434,0.7590591496959507,1.0887088433787815,0.6972104197668029,1.0278937567768203,
0.1,0.0,0.6,0,0,200,2.696755475095618,0.642106142019333,1.0887088433787815,0.5897868341241467,1.051926620464974,
0.1,0.0,0.6,0,0,300,2.6649665592291787,0.6335190207973428,1.0887088433787815,0.581899398218565,1.0617187394161265,
0.1,0.0,0.6,0,0,400,2.621774410045741,0.6337991768895792,1.0887088433787815,0.5821567269744947,1.0512851737243118,
0.1,0.0,0.6,0,0,500,2.6688060031118974,0.6437434224311457,1.0887088433787815,0.5912907076544943,1.0216241871460934,
0.1,0.0,0.6,0,0,600,2.6466846956695513,0.649050094865865,1.0887088433787815,0.5961649882915929,1.0067213760284557,
0.1,0.0,0.6,0,0,-1,2.6466846956695513,0.649050094865865,1.0887088433787815,0.5961649882915929,1.0067213760284557,600.0
0.1,0.0,0.6,0,1,100,2.5721719325185646,0.7428168935834925,1.0887088433787815,0.6822915953159508,1.0799500821866408,
0.1,0.0,0.6,0,1,200,2.5921448867131502,0.7530994303566725,1.0887088433787815,0.6917363029948822,1.1050959574053023,
0.1,0.0,0.6,0,1,300,2.607988491498804,0.7603669449502988,1.0887088433787815,0.6984116548465965,1.0950500729289865,
0.1,0.0,0.6,0,1,400,2.604893739240873,0.764462966404176,1.0887088433787815,0.7021739292864415,1.0815065164182973,
0.1,0.0,0.6,0,1,500,2.6547797891704206,0.7838115847355498,1.0887088433787815,0.719946007146419,1.0635569564523315,
0.1,0.0,0.6,0,1,600,2.6548790788725496,0.7924383909492626,1.0887088433787815,0.72786989447973,1.04303262031606,
0.1,0.0,0.6,0,1,-1,2.6548790788725496,0.7924383909492626,1.0887088433787815,0.72786989447973,1.04303262031606,600.0
0.1,0.0,0.6,0,2,100,2.5599763577707986,0.7841361654197471,1.0887088433787815,0.7202441407440023,1.0756443096724326,
0.1,0.0,0.6,0,2,200,2.5899598209039634,0.7887100603207121,1.0887088433787815,0.7244453511307666,0.9889833823858079,
0.1,0.0,0.6,0,2,300,2.605094006612412,0.7660404438069687,1.0887088433787815,0.70362287260346,0.9411272339691381,
0.1,0.0,0.6,0,2,400,2.6036803152472645,0.7460047441520651,1.0887088433787815,0.6852196973406199,0.9286486493357453,
0.1,0.0,0.6,0,2,500,2.629673178870121,0.7474537784070463,1.0887088433787815,0.6865506631574165,0.899772123476199,
0.1,0.0,0.6,0,2,600,2.6296914422679456,0.750292605455332,1.0887088433787815,0.6891581803697094,0.8855994826568232,
0.1,0.0,0.6,0,2,-1,2.6296914422679456,0.750292605455332,1.0887088433787815,0.6891581803697094,0.8855994826568232,600.0
0.1,0.0,0.6,0,3,100,2.7883998272819386,0.8693280177101861,1.0887088433787815,0.7984944946458299,0.7708143827497693,
0.1,0.0,0.6,0,3,200,2.863723091725358,0.8919565344765363,1.0887088433787815,0.8192792222651291,0.6875587662204895,
0.1,0.0,0.6,0,3,300,2.846332670785336,0.8914187795534051,1.0887088433787815,0.8187852840314115,0.656955637073574,
0.1,0.0,0.6,0,3,400,2.811113782105504,0.8706446912469518,1.0887088433787815,0.7997038845986839,0.6563700067754603,
0.1,0.0,0.6,0,3,500,2.8181239097590804,0.8682991763658018,1.0887088433787815,0.7975494840944402,0.6558938924031872,
0.1,0.0,0.6,0,3,600,2.80038637401758,0.8599560561437485,1.0887088433787815,0.7898861677975314,0.6578538215491827,
0.1,0.0,0.6,0,3,-1,2.80038637401758,0.8599560561437485,1.0887088433787815,0.7898861677975314,0.6578538215491827,600.0
0.1,0.0,0.6,0,4,100,2.86442072648791,0.7541702883969081,1.0887088433787815,0.6927199066890638,0.967536470618497,
0.1,0.0,0.6,0,4,200,3.204435762377861,0.7586709369519925,1.0887088433787815,0.6968538388991823,0.9836710046727144,
0.1,0.0,0.6,0,4,300,3.2541235244917326,0.7538441382718735,1.0887088433787815,0.6924203315299033,0.9783098582685663,
0.1,0.0,0.6,0,4,400,3.2199375540089563,0.7362028965552287,1.0887088433787815,0.6762165119100538,1.001746345451712,
0.1,0.0,0.6,0,4,500,3.279285955400936,0.7400818759741239,1.0887088433787815,0.6797794290687469,0.9927466733386464,
0.1,0.0,0.6,0,4,600,3.284902983376398,0.7430943764964679,1.0887088433787815,0.6825464687053451,0.994473142145493,
0.1,0.0,0.6,0,4,-1,3.284902983376398,0.7430943764964679,1.0887088433787815,0.6825464687053451,0.994473142145493,600.0
0.1,0.0,0.6,0,5,100,3.252716948414811,0.865192202394694,1.0887088433787815,0.7946956687791669,0.9550646045429841,
0.1,0.0,0.6,0,5,200,3.30265895266379,0.8944391520759558,1.0887088433787815,0.8215595542515165,0.9369203165005303,
0.1,0.0,0.6,0,5,300,3.285143234878726,0.8823815006053828,1.0887088433787815,0.8104843696014568,0.9515552575095102,
0.1,0.0,0.6,0,5,400,3.282346548749714,0.8923676733540626,1.0887088433787815,0.8196568612271222,0.9431936947690422,
0.1,0.0,0.6,0,5,500,3.2899404584093253,0.8957027056652869,1.0887088433787815,0.8227201525115707,0.9395230995499798,
0.1,0.0,0.6,0,5,600,3.2264814978858714,0.8688825480817794,1.0887088433787815,0.7980853222292413,0.9567166605532788,
0.1,0.0,0.6,0,5,-1,3.2264814978858714,0.8688825480817794,1.0887088433787815,0.7980853222292413,0.9567166605532788,600.0
0.1,0.0,0.6,0,6,100,2.9753204037147936,0.7882643869643075,1.0887088433787815,0.7240359915860958,1.0595331308760205,
0.1,0.0,0.6,0,6,200,3.502796681442601,0.7640951672535612,1.0887088433787815,0.7018360986967006,1.1853461083882553,
0.1,0.0,0.6,0,6,300,3.594232316199967,0.7401607037359519,1.0887088433787815,0.6798518338832273,1.180129334104497,
0.1,0.0,0.6,0,6,400,3.5504187543697916,0.729905064560022,1.0887088433787815,0.6704318321644007,1.190319267910372,
0.1,0.0,0.6,0,6,500,3.6361984107466387,0.7213113704593075,1.0887088433787815,0.6625383589433655,1.1992711766296982,
0.1,0.0,0.6,0,6,600,3.6989438091866758,0.7144092846684796,1.0887088433787815,0.6561986604713596,1.2051332458097739,
0.1,0.0,0.6,0,6,-1,3.6989438091866758,0.7144092846684796,1.0887088433787815,0.6561986604713596,1.2051332458097739,600.0
0.1,0.0,0.6,0,7,100,2.6360438818586736,0.794115133560584,1.0887088433787815,0.7294100147988759,1.0220024050260852,
0.1,0.0,0.6,0,7,200,2.481556436698659,0.7231244997820456,1.0887088433787815,0.6642037530785975,1.0942133590490866,
0.1,0.0,0.6,0,7,300,2.344545532617007,0.693916974501842,1.0887088433787815,0.6373760796764427,1.0931803464252834,
0.1,0.0,0.6,0,7,400,2.2155653166008222,0.6843773592286445,1.0887088433787815,0.6286137596758156,1.0954355127686823,
0.1,0.0,0.6,0,7,500,2.204427714863547,0.7014117019905161,1.0887088433787815,0.6442601309397854,1.0897126045866017,
0.1,0.0,0.6,0,7,600,2.134500466959913,0.7051281085388523,1.0887088433787815,0.6476737217918652,1.0791285246624676,
0.1,0.0,0.6,0,7,-1,2.134500466959913,0.7051281085388523,1.0887088433787815,0.6476737217918652,1.0791285246624676,600.0
0.1,0.0,0.6,1,0,100,2.4445087709760034,0.7892878836097892,1.0887088433787815,0.7249760929288067,0.7868516027686403,
0.1,0.0,0.6,1,0,200,2.512763059591289,0.8127927707809703,1.0887088433787815,0.7465657836106921,0.723906426057621,
0.1,0.0,0.6,1,0,300,2.44797739646129,0.8029265734413701,1.0887088433787815,0.7375034917044551,0.696424815872236,
0.1,0.0,0.6,1,0,400,2.417003212774769,0.7432559728462588,1.0887088433787815,0.682694898058862,0.6951503216986188,
0.1,0.0,0.6,1,0,500,2.3932096594692776,0.6935429400401141,1.0887088433787815,0.6370325218335882,0.6902870339993588,
0.1,0.0,0.6,1,0,600,2.3881841923971443,0.6797974294894301,1.0887088433787815,0.6244070061741166,0.6829633631703731,
0.1,0.0,0.6,1,0,-1,2.3881841923971443,0.6797974294894301,1.0887088433787815,0.6244070061741166,0.6829633631703731,600.0
0.1,0.0,0.6,1,1,100,3.1809758985414778,0.873310490661335,1.0887088433787815,0.8021524726032693,0.9665800547273975,
0.1,0.0,0.6,1,1,200,3.0615846827300564,0.8604710001478868,1.0887088433787815,0.7903591537636784,0.8888193050106644,
0.1,0.0,0.6,1,1,300,3.039456376726637,0.8536079103995078,1.0887088433787815,0.7840552739062506,0.8447086062974427,
0.1,0.0,0.6,1,1,400,2.984252541121977,0.8321861342970153,1.0887088433787815,0.7643789607828901,0.8635044523639867,
0.1,0.0,0.6,1,1,500,2.9553058190187986,0.8079490637386058,1.0887088433787815,0.7421167455856751,0.8845439863788435,
0.1,0.0,0.6,1,1,600,2.91971234532499,0.8020307903368096,1.0887088433787815,0.7366806977040128,0.876231451115778,
0.1,0.0,0.6,1,1,-1,2.91971234532499,0.8020307903368096,1.0887088433787815,0.7366806977040128,0.876231451115778,600.0
0.1,0.0,0.6,1,2,100,1.8020565067243226,0.687697569006152,1.0887088433787815,0.6316634361781238,0.6951364578333521,
0.1,0.0,0.6,1,2,200,1.6785612325628063,0.6391221483852979,1.0887088433787815,0.5870459786124248,0.6753903428955657,
0.1,0.0,0.6,1,2,300,1.6220516145777024,0.6378766911363665,1.0887088433787815,0.5859020021888788,0.6127307979372204,
0.1,0.0,0.6,1,2,400,1.5974780448614485,0.6424520685621293,1.0887088433787815,0.5901045743031672,0.5774948063199139,
0.1,0.0,0.6,1,2,500,1.5757778228196673,0.6290219753087563,1.0887088433787815,0.5777687754942835,0.5604025632194618,
0.1,0.0,0.6,1,2,600,1.5725136552283445,0.6323268009076918,1.0887088433787815,0.580804321332856,0.5420552240634038,
0.1,0.0,0.6,1,2,-1,1.5725136552283445,0.6323268009076918,1.0887088433787815,0.580804321332856,0.5420552240634038,600.0
0.1,0.0,0.6,1,3,100,2.7194286832139705,0.7937130163211559,1.0887088433787815,0.7290406623848914,0.946053922996241,
0.1,0.0,0.6,1,3,200,2.626483622655595,0.7620405665265124,1.0887088433787815,0.6999489084350027,0.9952890434465583,
0.1,0.0,0.6,1,3,300,2.5458407554098432,0.7606326026138792,1.0887088433787815,0.6986556665171143,0.9530363715755203,
0.1,0.0,0.6,1,3,400,2.498118865763999,0.7737770490922062,1.0887088433787815,0.7107290932723647,0.9229735890377389,
0.1,0.0,0.6,1,3,500,2.5073906424123344,0.7803095099622367,1.0887088433787815,0.7167292841496217,0.9159562532678063,
0.1,0.0,0.6,1,3,600,2.5129481402464826,0.7763181473048828,1.0887088433787815,0.7130631408261535,0.9174367950619575,
0.1,0.0,0.6,1,3,-1,2.5129481402464826,0.7763181473048828,1.0887088433787815,0.7130631408261535,0.9174367950619575,600.0
0.1,0.0,0.6,1,4,100,2.298723338348817,0.6601365139178199,1.0887088433787815,0.6063480772959483,0.9613920506171652,
0.1,0.0,0.6,1,4,200,2.637593238096419,0.643417460988821,1.0887088433787815,0.5909913058040298,1.0637167914763552,
0.1,0.0,0.6,1,4,300,2.7056317054056667,0.6303946280575006,1.0887088433787815,0.5790295834293824,1.0698180083908395,
0.1,0.0,0.6,1,4,400,2.9013411185259077,0.6337301061704133,1.0887088433787815,0.5820932841912511,1.0851359639661031,
0.1,0.0,0.6,1,4,500,3.0574903908707607,0.6216355134735564,1.0887088433787815,0.5709841683147586,1.1129362000411571,
0.1,0.0,0.6,1,4,600,3.1737492179544518,0.6181191547084461,1.0887088433787815,0.5677543251969263,1.1234525675586482,
0.1,0.0,0.6,1,4,-1,3.1737492179544518,0.6181191547084461,1.0887088433787815,0.5677543251969263,1.1234525675586482,600.0
0.1,0.0,0.6,1,5,100,2.702130896379726,0.8916473742319148,1.0887088433787815,0.8189952526377106,0.7593665701573008,
0.1,0.0,0.6,1,5,200,2.709952011200085,0.8717224419312066,1.0887088433787815,0.8006938193188889,0.8167610841993279,
0.1,0.0,0.6,1,5,300,2.699267619225508,0.8709401722863396,1.0887088433787815,0.7999752896131512,0.7915578995357839,
0.1,0.0,0.6,1,5,400,2.679866116305381,0.8547780553086692,1.0887088433787815,0.7851300744980506,0.804192312314311,
0.1,0.0,0.6,1,5,500,2.6721696716889953,0.8405060712471601,1.0887088433787815,0.772020982798918,0.8239085459986941,
0.1,0.0,0.6,1,5,600,2.6808180971972186,0.829390314196512,1.0887088433787815,0.7618109462788226,0.8210244435525611,
0.1,0.0,0.6,1,5,-1,2.6808180971972186,0.829390314196512,1.0887088433787815,0.7618109462788226,0.8210244435525611,600.0
0.1,0.0,0.6,1,6,100,2.5256255071076392,0.7423264605902599,1.0887088433787815,0.6818411231844758,0.9339418053566827,
0.1,0.0,0.6,1,6,200,2.52755956349905,0.7717874253277636,1.0887088433787815,0.7089015855998193,0.9013210843535355,
0.1,0.0,0.6,1,6,300,2.496591898956383,0.7724141456950417,1.0887088433787815,0.7094772403040956,0.8677245315240603,
0.1,0.0,0.6,1,6,400,2.4631591056109103,0.7767136343684303,1.0887088433787815,0.7134264032961452,0.8595471709961551,
0.1,0.0,0.6,1,6,500,2.4215578819795143,0.7650163795346727,1.0887088433787815,0.7026822498846091,0.8698984364683331,
0.1,0.0,0.6,1,6,600,2.405381863619473,0.76081165081467,1.0887088433787815,0.6988201257312372,0.870873120168256,
0.1,0.0,0.6,1,6,-1,2.405381863619473,0.76081165081467,1.0887088433787815,0.6988201257312372,0.870873120168256,600.0
0.1,0.0,0.6,1,7,100,2.5195551733616552,0.7967394154495203,1.0887088433787815,0.7318204681582808,0.8435606857194575,
0.1,0.0,0.6,1,7,200,2.523099990520424,0.779724570053339,1.0887088433787815,0.7161920055994794,0.9080472357117066,
0.1,0.0,0.6,1,7,300,2.4788432502014466,0.7781019162906191,1.0887088433787815,0.7147015669274795,0.8861887446142759,
0.1,0.0,0.6,1,7,400,2.5116810936451377,0.7803746571426675,1.0887088433787815,0.7167891230871182,0.9050198541067342,
0.1,0.0,0.6,1,7,500,2.5554032111427247,0.7740751198690834,1.0887088433787815,0.7110028770104962,0.9362648766125108,
0.1,0.0,0.6,1,7,600,2.6024701988865564,0.7703838590518817,1.0887088433787815,0.7076123829958192,0.9647483479667005,
0.1,0.0,0.6,1,7,-1,2.6024701988865564,0.7703838590518817,1.0887088433787815,0.7076123829958192,0.9647483479667005,600.0
0.1,0.0,0.6,2,0,100,2.397312423135876,0.6312660359325605,1.0887088433787815,0.5798299883129834,0.9536909746387794,
0.1,0.0,0.6,2,0,200,2.569940565277295,0.6340899011212079,1.0887088433787815,0.582423762769599,0.9486400507081619,
0.1,0.0,0.6,2,0,300,2.642019673389078,0.6137562283995118,1.0887088433787815,0.5637468935172183,0.9221627020301146,
0.1,0.0,0.6,2,0,400,2.6351044296833885,0.6090473009032547,1.0887088433787815,0.5594216530960575,0.885579361354454,
0.1,0.0,0.6,2,0,500,2.63969464002664,0.6117084498873967,1.0887088433787815,0.5618659695910748,0.8544202354308374,
0.1,0.0,0.6,2,0,600,2.6461704683619183,0.6123289351048323,1.0887088433787815,0.5624358971903676,0.8307230801000215,
0.1,0.0,0.6,2,0,-1,2.6461704683619183,0.6123289351048323,1.0887088433787815,0.5624358971903676,0.8307230801000215,600.0
0.1,0.0,0.6,2,1,100,2.8609783509792432,0.6795499352354307,1.0887088433787815,0.6241796779444392,1.0758549326907572,
0.1,0.0,0.6,2,1,200,2.844857285314365,0.7124268942420688,1.0887088433787815,0.6543777967588371,1.0427053376593747,
0.1,0.0,0.6,2,1,300,2.821330691285806,0.7349989731528987,1.0887088433787815,0.6751106851229822,1.0273288211863654,
0.1,0.0,0.6,2,1,400,2.7689621511102636,0.7249253788694637,1.0887088433787815,0.6658578951372117,1.021892094753209,
0.1,0.0,0.6,2,1,500,2.7297630033461155,0.7050928778849499,1.0887088433787815,0.647641361759046,1.018717794802008,
0.1,0.0,0.6,2,1,600,2.715063876865613,0.7039172478577516,1.0887088433787815,0.6465615229808931,1.010928442672946,
0.1,0.0,0.6,2,1,-1,2.715063876865613,0.7039172478577516,1.0887088433787815,0.6465615229808931,1.010928442672946,600.0
0.1,0.0,0.6,2,2,100,2.4485098067103324,0.6924048141555877,1.0887088433787815,0.6359871313313908,0.937053303390367,
0.1,0.0,0.6,2,2,200,2.532913465675507,0.7319821759383116,1.0887088433787815,0.672339698891967,0.9260571769815854,
0.1,0.0,0.6,2,2,300,2.5048180632408323,0.7477386127537204,1.0887088433787815,0.6868122889799736,0.9046421786918554,
0.1,0.0,0.6,2,2,400,2.49305890653562,0.7464542570109794,1.0887088433787815,0.6856325835421496,0.8780171842181753,
0.1,0.0,0.6,2,2,500,2.468077553703999,0.7308393518966793,1.0887088433787815,0.6712899930421591,0.8486907816603972,
0.1,0.0,0.6,2,2,600,2.454836214003923,0.726051918213888,1.0887088433787815,0.6668926431796067,0.8232600037049188,
0.1,0.0,0.6,2,2,-1,2.454836214003923,0.726051918213888,1.0887088433787815,0.6668926431796067,0.8232600037049188,600.0
0.1,0.0,0.6,2,3,100,2.487130617369453,0.6832217161006919,1.0887088433787815,0.6275522792488117,0.9014241665007882,
0.1,0.0,0.6,2,3,200,2.4959582094870063,0.6731246814038339,1.0887088433787815,0.6182779587927363,0.9459693258492434,
0.1,0.0,0.6,2,3,300,2.596086400089132,0.6816844694624248,1.0887088433787815,0.6261402886623328,0.9677049990554223,
0.1,0.0,0.6,2,3,400,2.6367161136335544,0.6739205287624459,1.0887088433787815,0.6190089598895421,0.9796050498525883,
0.1,0.0,0.6,2,3,500,2.6080074403346183,0.667277728394261,1.0887088433787815,0.6129074200622646,0.9640968274620868,
0.1,0.0,0.6,2,3,600,2.6357004163551703,0.6661246456921346,1.0887088433787815,0.6118482914355989,0.9625238550801476,
0.1,0.0,0.6,2,3,-1,2.6357004163551703,0.6661246456921346,1.0887088433787815,0.6118482914355989,0.9625238550801476,600.0
0.1,0.0,0.6,2,4,100,2.531483809225575,0.72813733352278,1.0887088433787815,0.6688081372270509,0.9090467475246548,
0.1,0.0,0.6,2,4,200,2.674520615160822,0.7501849664606485,1.0887088433787815,0.6890593118840366,0.9359206084507314,
0.1,0.0,0.6,2,4,300,2.7181961593536172,0.7462493981139283,1.0887088433787815,0.6854444167073737,0.9661721922150125,
0.1,0.0,0.6,2,4,400,2.6865330688792564,0.7271905722859546,1.0887088433787815,0.6679385188322126,0.9781861818127764,
0.1,0.0,0.6,2,4,500,2.62290233779924,0.7048311936958433,1.0887088433787815,0.6474009998012111,0.9775247122419621,
0.1,0.0,0.6,2,4,600,2.576518239732818,0.6930482860246845,1.0887088433787815,0.6365781726120878,0.9698908917681874,
0.1,0.0,0.6,2,4,-1,2.576518239732818,0.6930482860246845,1.0887088433787815,0.6365781726120878,0.9698908917681874,600.0
0.1,0.0,0.6,2,5,100,1.9747057303881717,0.5886597010777082,1.0887088433787815,0.5406952507621937,0.8491570552870368,
0.1,0.0,0.6,2,5,200,2.121114625902874,0.6161179450880068,1.0887088433787815,0.5659161756929425,0.9022173927533799,
0.1,0.0,0.6,2,5,300,2.1995909843808805,0.643323909613584,1.0887088433787815,0.5909053770676133,0.9277498255803965,
0.1,0.0,0.6,2,5,400,2.2115159531277646,0.6538792354891021,1.0887088433787815,0.6006006467806432,0.9261391821337271,
0.1,0.0,0.6,2,5,500,2.2053373960601776,0.659862904203085,1.0887088433787815,0.6060967615135894,0.9016486652059421,
0.1,0.0,0.6,2,5,600,2.1962939368903815,0.671590269731633,1.0887088433787815,0.6168685721770836,0.8896163208358208,
0.1,0.0,0.6,2,5,-1,2.1962939368903815,0.671590269731633,1.0887088433787815,0.6168685721770836,0.8896163208358208,600.0
0.1,0.0,0.6,2,6,100,2.710867727856405,0.6990510843326277,1.0887088433787815,0.6420918582447991,1.0464580128628094,
0.1,0.0,0.6,2,6,200,2.6906115760974734,0.6572696798013151,1.0887088433787815,0.6037148350531393,1.0820708450720329,
0.1,0.0,0.6,2,6,300,2.665689691529532,0.6633549119631391,1.0887088433787815,0.6093042377651983,1.0805630937727546,
0.1,0.0,0.6,2,6,400,2.6009122711294603,0.6542506918008102,1.0887088433787815,0.6009418365431469,1.047452691168857,
0.1,0.0,0.6,2,6,500,2.53928352634191,0.6327700515364867,1.0887088433787815,0.5812114555556471,1.035173558780383,
0.1,0.0,0.6,2,6,600,2.5378097011258536,0.629379279612725,1.0887088433787815,0.5780969663656462,1.0160572104654828,
0.1,0.0,0.6,2,6,-1,2.5378097011258536,0.629379279612725,1.0887088433787815,0.5780969663656462,1.0160572104654828,600.0
0.1,0.0,0.6,2,7,100,2.5349265403244994,0.6545880348381171,1.0887088433787815,0.6012516926073816,1.0156020441373823,
0.1,0.0,0.6,2,7,200,2.704900934245787,0.6980556905865359,1.0887088433787815,0.6411775699553767,1.009241645029948,
0.1,0.0,0.6,2,7,300,2.708192939298848,0.7071561208866252,1.0887088433787815,0.6495364901161116,1.0490255983173342,
0.1,0.0,0.6,2,7,400,2.6931513803531018,0.6893249529200924,1.0887088433787815,0.6331582195849436,1.0784950324829425,
0.1,0.0,0.6,2,7,500,2.6621835902637745,0.685912360594855,1.0887088433787815,0.6300236879367515,1.0704375485416022,
0.1,0.0,0.6,2,7,600,2.6408340298357045,0.687715664834082,1.0887088433787815,0.6316800575439188,1.0684405405935264,
0.1,0.0,0.6,2,7,-1,2.6408340298357045,0.687715664834082,1.0887088433787815,0.6316800575439188,1.0684405405935264,600.0
0.1,0.5,0.3,0,0,100,3.364440042519078,1.0762233700132455,1.0887088433787815,0.9885318527157476,1.023831808650061,
0.1,0.5,0.3,0,0,200,2.8659744437737773,1.0643157376134327,1.0887088433787815,0.9775944634658745,1.0580434687691567,
0.1,0.5,0.3,0,0,300,2.763638916095066,1.0453382424378017,1.0887088433787815,0.9601632693582426,1.053208286504514,
0.1,0.5,0.3,0,0,400,2.5980627461837686,1.0524256919176966,1.0887088433787815,0.9666732279417507,1.0166585574506302,
0.1,0.5,0.3,0,0,500,2.5810338540374125,1.0534891263896873,1.0887088433787815,0.9676500129458022,1.0068064915139874,
0.1,0.5,0.3,0,0,600,2.5081941305003586,1.0505144648128113,1.0887088433787815,0.9649177291079635,0.9883776767508785,
0.1,0.5,0.3,0,0,-1,2.5081941305003586,1.0505144648128113,1.0887088433787815,0.9649177291079635,0.9883776767508785,600.0
0.1,0.5,0.3,0,1,100,3.657081956535108,0.995695550998609,1.0887088433787815,0.9145655030306284,0.9546666606921416,
0.1,0.5,0.3,0,1,200,3.1801619000297743,0.997347147008985,1.0887088433787815,0.9160825257134334,1.0312494101746428,
0.1,0.5,0.3,0,1,300,3.0851066751162524,0.9726585233532894,1.0887088433787815,0.8934055503165266,1.0277449448421974,
0.1,0.5,0.3,0,1,400,2.9915236383532413,0.9452771793048361,1.0887088433787815,0.8682552594789176,1.0285408285346953,
0.1,0.5,0.3,0,1,500,3.039962190802817,0.9450330045078501,1.0887088433787815,0.8680309802343141,1.0216991272911273,
0.1,0.5,0.3,0,1,600,3.0123046062623056,0.9598542630671639,1.0887088433787815,0.8816445911179334,1.0161867686860946,
0.1,0.5,0.3,0,1,-1,3.0123046062623056,0.9598542630671639,1.0887088433787815,0.8816445911179334,1.0161867686860946,600.0
0.1,0.5,0.3,0,2,100,2.848533450613583,0.9732030944354877,1.0887088433787815,0.8939057493233686,0.7444815643222511,
0.1,0.5,0.3,0,2,200,2.7557144801404876,0.9830178246220435,1.0887088433787815,0.9029207676602236,0.6716979164505861,
0.1,0.5,0.3,0,2,300,2.6976176030543293,0.9703138370595185,1.0887088433787815,0.8912519108857176,0.662315552033605,
0.1,0.5,0.3,0,2,400,2.5893994423929545,0.9636136574268646,1.0887088433787815,0.8850976671010707,0.6619960706119744,
0.1,0.5,0.3,0,2,500,2.6539646729744413,0.9491741816926164,1.0887088433787815,0.8718347310809723,0.644176527306592,
0.1,0.5,0.3,0,2,600,2.6323306459329467,0.9422588084537512,1.0887088433787815,0.8654828278325304,0.645317271107095,
0.1,0.5,0.3,0,2,-1,2.6323306459329467,0.9422588084537512,1.0887088433787815,0.8654828278325304,0.645317271107095,600.0
0.1,0.5,0.3,0,3,100,3.413515271724363,0.9217313359554855,1.0887088433787815,0.8466279497601165,1.0566975121803996,
0.1,0.5,0.3,0,3,200,3.2367438022000545,0.9451595314707668,1.0887088433787815,0.8681471976818771,1.0279148484263665,
0.1,0.5,0.3,0,3,300,3.179536617749134,0.9068172236602272,1.0887088433787815,0.8329290509351811,1.0179788809144608,
0.1,0.5,0.3,0,3,400,3.105983195743179,0.8951151331549618,1.0887088433787815,0.8221804558664131,1.027611040329218,
0.1,0.5,0.3,0,3,500,3.095808095877581,0.9030864141061105,1.0887088433787815,0.8295022306454347,1.0259129586671836,
0.1,0.5,0.3,0,3,600,3.0599610031298727,0.8907193350658642,1.0887088433787815,0.8181428308247578,1.0219750256894,
0.1,0.5,0.3,0,3,-1,3.0599610031298727,0.8907193350658642,1.0887088433787815,0.8181428308247578,1.0219750256894,600.0
0.1,0.5,0.3,0,4,100,3.366943543373357,1.1532815791442501,1.0887088433787815,1.0593112990292874,0.8920639227757169,
0.1,0.5,0.3,0,4,200,3.0644050273228114,1.1151129358525758,1.0887088433787815,1.0242526664813798,0.9198585525925675,
0.1,0.5,0.3,0,4,300,2.775041320287209,1.0682414441496848,1.0887088433787815,0.981200300380057,0.9400447191172254,
0.1,0.5,0.3,0,4,400,2.4514124592258675,1.0233079090677133,1.0887088433787815,0.9399279846867984,0.925338639682036,
0.1,0.5,0.3,0,4,500,2.432449844056523,1.0244986618969354,1.0887088433787815,0.9410217140493032,0.9194585079600917,
0.1,0.5,0.3,0,4,600,2.285659080009982,1.016335424917214,1.0887088433787815,0.9335236239682243,0.8992127777402948,
0.1,0.5,0.3,0,4,-1,2.285659080009982,1.016335424917214,1.0887088433787815,0.9335236239682243,0.8992127777402948,600.0
0.1,0.5,0.3,0,5,100,3.2632788355517928,1.0550059855112297,1.0887088433787815,0.9690432772062769,0.8836747133948947,
0.1,0.5,0.3,0,5,200,3.010415570943306,1.0190096214977158,1.0887088433787815,0.9359799249313013,0.8474557115515918,
0.1,0.5,0.3,0,5,300,2.8479822808118014,1.0039541152808207,1.0887088433787815,0.9221511530714432,0.8141377356073904,
0.1,0.5,0.3,0,5,400,2.752352403434279,0.998804523793931,1.0887088433787815,0.9174211543043642,0.8160960302059919,
0.1,0.5,0.3,0,5,500,2.7504148319551316,1.0027752946637585,1.0887088433787815,0.9210683836751704,0.7895074211299824,
0.1,0.5,0.3,0,5,600,2.7301542420812868,1.0001463942858653,1.0887088433787815,0.918653688144881,0.7661063416200692,
0.1,0.5,0.3,0,5,-1,2.7301542420812868,1.0001463942858653,1.0887088433787815,0.918653688144881,0.7661063416200692,600.0
0.1,0.5,0.3,0,6,100,2.814517846327721,1.0094763587152737,1.0887088433787815,0.9272234398155418,0.795620955604819,
0.1,0.5,0.3,0,6,200,2.5655811198653122,0.9994249796041373,1.0887088433787815,0.9179910548925516,0.7393579572723721,
0.1,0.5,0.3,0,6,300,2.4652381193127177,1.0117609545088535,1.0887088433787815,0.9293218849668547,0.7325699525907425,
0.1,0.5,0.3,0,6,400,2.3246901498885797,1.0094277399219311,1.0887088433787815,0.9271787825192974,0.7193206988770866,
0.1,0.5,0.3,0,6,500,2.3254478409843364,0.9973507263979964,1.0887088433787815,0.9160858134510441,0.7138870920070568,
0.1,0.5,0.3,0,6,600,2.2712358666896164,0.9852343414584295,1.0887088433787815,0.9049566809807281,0.702989081989051,
0.1,0.5,0.3,0,6,-1,2.2712358666896164,0.9852343414584295,1.0887088433787815,0.9049566809807281,0.702989081989051,600.0
0.1,0.5,0.3,0,7,100,3.155026280191632,0.9083534239751272,1.0887088433787815,0.8343400804535347,0.8243088251266841,
0.1,0.5,0.3,0,7,200,2.926379018887765,0.8270330048803657,1.0887088433787815,0.7596457123593199,0.7593141032654087,
0.1,0.5,0.3,0,7,300,2.8641647770786953,0.8128620353476987,1.0887088433787815,0.7466294044466482,0.733088032700134,
0.1,0.5,0.3,0,7,400,2.7671049345397867,0.8213320608646419,1.0887088433787815,0.7544092856963096,0.7382363403065602,
0.1,0.5,0.3,0,7,500,2.7680707616664746,0.8109481996971638,1.0887088433787815,0.7448715096135398,0.7328279532308071,
0.1,0.5,0.3,0,7,600,2.7527169788260486,0.8038754770178562,1.0887088433787815,0.7383750778794523,0.73097352640344,
0.1,0.5,0.3,0,7,-1,2.7527169788260486,0.8038754770178562,1.0887088433787815,0.7383750778794523,0.73097352640344,600.0
0.1,0.5,0.3,1,0,100,3.0356701132831723,1.1044505290031867,1.0887088433787815,1.0144590408355196,0.9512369864728097,
0.1,0.5,0.3,1,0,200,3.0243173057068535,1.0917356125712878,1.0887088433787815,1.0027801456844172,0.9575484134040816,
0.1,0.5,0.3,1,0,300,2.793272720811757,1.100782734226594,1.0887088433787815,1.0110901008302104,0.9446477297558254,
0.1,0.5,0.3,1,0,400,2.4479416613556357,1.075168440597686,1.0887088433787815,0.9875628797695138,0.9235189506573952,
0.1,0.5,0.3,1,0,500,2.336892303849641,1.067776748198807,1.0887088433787815,0.9807734682167069,0.8999697046683607,
0.1,0.5,0.3,1,0,600,2.2936331159289094,1.0620338403532155,1.0887088433787815,0.9754984969693267,0.8758504556576298,
0.1,0.5,0.3,1,0,-1,2.2936331159289094,1.0620338403532155,1.0887088433787815,0.9754984969693267,0.8758504556576298,600.0
0.1,0.5,0.3,1,1,100,2.935864404381113,1.02113883769713,1.0887088433787815,0.9379356509386388,0.8488143824834886,
0.1,0.5,0.3,1,1,200,2.8292871313397594,1.0293915040072807,1.0887088433787815,0.9455158835787437,0.7663585006118121,
0.1,0.5,0.3,1,1,300,2.8143654665343485,1.0693559886083945,1.0887088433787815,0.9822240308893553,0.7347875034309174,
0.1,0.5,0.3,1,1,400,2.7722638021624553,1.0491505976545963,1.0887088433787815,0.9636649909066439,0.7182966421527412,
0.1,0.5,0.3,1,1,500,2.782890450892543,1.050509316083652,1.0887088433787815,0.9649129999012609,0.6997993583647544,
0.1,0.5,0.3,1,1,600,2.7628377290450326,1.0536412823717527,1.0887088433787815,0.9677897711400989,0.6849496228226364,
0.1,0.5,0.3,1,1,-1,2.7628377290450326,1.0536412823717527,1.0887088433787815,0.9677897711400989,0.6849496228226364,600.0
0.1,0.5,0.3,1,2,100,3.3383897378091554,1.168706346354902,1.0887088433787815,1.0734792442099121,0.8816857403012104,
0.1,0.5,0.3,1,2,200,3.0917084050199053,1.0477104947114826,1.0887088433787815,0.962342228671477,0.958738204376633,
0.1,0.5,0.3,1,2,300,2.8490386088780175,1.0430911139954575,1.0887088433787815,0.9580992386892436,0.9756884439001887,
0.1,0.5,0.3,1,2,400,2.6022750847882277,1.0158445024211342,1.0887088433787815,0.9330727022189748,0.9810304130398786,
0.1,0.5,0.3,1,2,500,2.4786661434013695,1.0090077223837555,1.0887088433787815,0.9267929883368307,0.9709161560537969,
0.1,0.5,0.3,1,2,600,2.3576275962312856,1.0360984737183554,1.0887088433787815,0.9516763641809401,0.9495879565743691,
0.1,0.5,0.3,1,2,-1,2.3576275962312856,1.0360984737183554,1.0887088433787815,0.9516763641809401,0.9495879565743691,600.0
0.1,0.5,0.3,1,3,100,2.510521045578866,0.9429294101931633,1.0887088433787815,0.8660987884206073,1.0282970302323229,
0.1,0.5,0.3,1,3,200,2.093245665533749,0.9051365949992345,1.0887088433787815,0.8313853612047138,0.9946562626554207,
0.1,0.5,0.3,1,3,300,1.861018191510631,0.9350488897282756,1.0887088433787815,0.8588603788928306,0.8974688528888999,
0.1,0.5,0.3,1,3,400,1.6908275468644665,0.930278623388983,1.0887088433787815,0.8544787975652754,0.7860582135719549,
0.1,0.5,0.3,1,3,500,1.6150760433716986,0.9464134861363458,1.0887088433787815,0.8692989791459528,0.7251227513050136,
0.1,0.5,0.3,1,3,600,1.5771424202134838,0.9450463570749591,1.0887088433787815,0.8680432448238692,0.6850920614165763,
0.1,0.5,0.3,1,3,-1,1.5771424202134838,0.9450463570749591,1.0887088433787815,0.8680432448238692,0.6850920614165763,600.0
0.1,0.5,0.3,1,4,100,2.817152903908336,1.0923113341020154,1.0887088433787815,1.003308956977013,0.958649658975971,
0.1,0.5,0.3,1,4,200,2.6038016751069453,1.0638911720814863,1.0887088433787815,0.977204491863707,0.9816574144519401,
0.1,0.5,0.3,1,4,300,2.5516465591868585,1.0742957401621198,1.0887088433787815,0.986761287644242,0.9727635150274434,
0.1,0.5,0.3,1,4,400,2.3974471757985243,1.0681686995634987,1.0887088433787815,0.9811334830793356,0.9476958654576038,
0.1,0.5,0.3,1,4,500,2.3902713308938504,1.062296655494695,1.0887088433787815,0.9757398977286555,0.9319120011184681,
0.1,0.5,0.3,1,4,600,2.3711639270794316,1.0703963173673476,1.0887088433787815,0.9831795928518396,0.9134949638953427,
0.1,0.5,0.3,1,4,-1,2.3711639270794316,1.0703963173673476,1.0887088433787815,0.9831795928518396,0.9134949638953427,600.0
0.1,0.5,0.3,1,5,100,3.2496839368112695,0.9560065327965922,1.0887088433787815,0.878110376902652,0.8897477602490222,
0.1,0.5,0.3,1,5,200,2.8558778544787486,0.972005485987743,1.0887088433787815,0.8928057229434708,0.8112137875126428,
0.1,0.5,0.3,1,5,300,2.65148987269874,0.9423670501269866,1.0887088433787815,0.865582249890038,0.7681715279600496,
0.1,0.5,0.3,1,5,400,2.5083179452979905,0.9397495629014753,1.0887088433787815,0.863178037559597,0.7221274854854947,
0.1,0.5,0.3,1,5,500,2.411924935909582,0.9388659327837147,1.0887088433787815,0.8623664063111374,0.6999458076015697,
0.1,0.5,0.3,1,5,600,2.340376739546029,0.9480122672278413,1.0887088433787815,0.8707674903105482,0.6904972847303956,
0.1,0.5,0.3,1,5,-1,2.340376739546029,0.9480122672278413,1.0887088433787815,0.8707674903105482,0.6904972847303956,600.0
0.1,0.5,0.3,1,6,100,3.589477717741267,1.0383324234396034,1.0887088433787815,0.9537282899412886,0.8560791148507214,
0.1,0.5,0.3,1,6,200,3.455962984087223,0.9896627150415335,1.0887088433787815,0.9090242272398001,0.87181674631719,
0.1,0.5,0.3,1,6,300,3.234634409810524,0.9489605987937747,1.0887088433787815,0.8716385510828575,0.917334067399717,
0.1,0.5,0.3,1,6,400,3.0792553886687646,0.9479295251749669,1.0887088433787815,0.8706914901445005,0.9447604094178158,
0.1,0.5,0.3,1,6,500,3.026837563019772,0.9512112396622616,1.0887088433787815,0.873705807982785,0.9396562326736029,
0.1,0.5,0.3,1,6,600,2.887163070707767,0.969858068256459,1.0887088433787815,0.8908332784792379,0.9404311054643086,
0.1,0.5,0.3,1,6,-1,2.887163070707767,0.969858068256459,1.0887088433787815,0.8908332784792379,0.9404311054643086,600.0
0.1,0.5,0.3,1,7,100,2.3952787138550926,0.8935788814560102,1.0887088433787815,0.8207693791508204,0.8011164608217579,
0.1,0.5,0.3,1,7,200,2.3585904040297865,0.9058062313414781,1.0887088433787815,0.8320004350569344,0.7774314862798366,
0.1,0.5,0.3,1,7,300,2.306910723265328,0.9407488608074543,1.0887088433787815,0.8640959118949223,0.7502964632887011,
0.1,0.5,0.3,1,7,400,2.2798269959987016,0.8934286007802948,1.0887088433787815,0.8206313434614537,0.7262341897044691,
0.1,0.5,0.3,1,7,500,2.268521224797475,0.8917804422045318,1.0887088433787815,0.8191174781284157,0.7050957527447612,
0.1,0.5,0.3,1,7,600,2.2452305312997467,0.8907600684223993,1.0887088433787815,0.8181802451957192,0.6962194315770315,
0.1,0.5,0.3,1,7,-1,2.2452305312997467,0.8907600684223993,1.0887088433787815,0.8181802451957192,0.6962194315770315,600.0
0.1,0.5,0.3,2,0,100,2.432527808452109,0.8259289480096521,1.0887088433787815,0.7586316149011904,0.9931985359696432,
0.1,0.5,0.3,2,0,200,2.0322743997228887,0.8023780317316667,1.0887088433787815,0.7369996455999254,0.8834445959920223,
0.1,0.5,0.3,2,0,300,1.9517403567574236,0.8314431109905873,1.0887088433787815,0.7636964795934088,0.8375792084391172,
0.1,0.5,0.3,2,0,400,1.8479210926525433,0.8264492849569698,1.0887088433787815,0.7591095543893117,0.7848750259089436,
0.1,0.5,0.3,2,0,500,1.8203658432184184,0.8322487355945261,1.0887088433787815,0.7644364612779871,0.7732086159037181,
0.1,0.5,0.3,2,0,600,1.7606287313554418,0.8192288228917137,1.0887088433787815,0.7524774211893576,0.7317051180642056,
0.1,0.5,0.3,2,0,-1,1.7606287313554418,0.8192288228917137,1.0887088433787815,0.7524774211893576,0.7317051180642056,600.0
0.1,0.5,0.3,2,1,100,2.769215556894646,1.0574105223058585,1.0887088433787815,0.9712518904725809,0.7201904505853413,
0.1,0.5,0.3,2,1,200,2.672194671938077,1.0834385381134943,1.0887088433787815,0.995159123307081,0.6833374296758294,
0.1,0.5,0.3,2,1,300,2.4758734218592586,1.0653313159604496,1.0887088433787815,0.9785272916992386,0.6812315698717468,
0.1,0.5,0.3,2,1,400,2.3852582118751036,1.0639552522968696,1.0887088433787815,0.977263350773298,0.6859640275412369,
0.1,0.5,0.3,2,1,500,2.3738560622162375,1.0721913562563863,1.0887088433787815,0.984828370575981,0.6920844794211266,
0.1,0.5,0.3,2,1,600,2.3221629987168644,1.0711014167352715,1.0887088433787815,0.9838272401748241,0.6849394645719454,
0.1,0.5,0.3,2,1,-1,2.3221629987168644,1.0711014167352715,1.0887088433787815,0.9838272401748241,0.6849394645719454,600.0
0.1,0.5,0.3,2,2,100,2.327509303392509,0.8017385271777697,1.0887088433787815,0.7364122483744999,0.9025568162513963,
0.1,0.5,0.3,2,2,200,2.0189073546717706,0.7917818789789941,1.0887088433787815,0.7272668756154476,0.8881010208937417,
0.1,0.5,0.3,2,2,300,1.945221397464795,0.8093618516295213,1.0887088433787815,0.7434144184203432,0.8418232131106607,
0.1,0.5,0.3,2,2,400,1.8098716542070254,0.8020173712980492,1.0887088433787815,0.7366683720589682,0.797844365963851,
0.1,0.5,0.3,2,2,500,1.7836108262233767,0.8127259358082769,1.0887088433787815,0.7465043944035594,0.7660016012562743,
0.1,0.5,0.3,2,2,600,1.7158214382250812,0.8129160619587601,1.0887088433787815,0.7466790289274172,0.7238615560825143,
0.1,0.5,0.3,2,2,-1,1.7158214382250812,0.8129160619587601,1.0887088433787815,0.7466790289274172,0.7238615560825143,600.0
0.1,0.5,0.3,2,3,100,3.074996751144301,1.113140919544017,1.0887088433787815,1.0224413315955174,0.9422324334191194,
0.1,0.5,0.3,2,3,200,2.5085164598081047,1.0605508793876115,1.0887088433787815,0.9741363688166779,0.9793743361429614,
0.1,0.5,0.3,2,3,300,2.372224741147324,1.0265030639480512,1.0887088433787815,0.9428627958622288,0.969587907593052,
0.1,0.5,0.3,2,3,400,2.23429983739991,1.0258198458415704,1.0887088433787815,0.9422352468984851,0.9402205550006865,
0.1,0.5,0.3,2,3,500,2.1790696463239367,1.0547745588529067,1.0887088433787815,0.9688307073720825,0.9324543259191206,
0.1,0.5,0.3,2,3,600,2.0673582970974627,1.064371765947456,1.0887088433787815,0.9776459265676617,0.8844674146195398,
0.1,0.5,0.3,2,3,-1,2.0673582970974627,1.064371765947456,1.0887088433787815,0.9776459265676617,0.8844674146195398,600.0
0.1,0.5,0.3,2,4,100,2.4882929908562543,1.1547516986467885,1.0887088433787815,1.0606616320512696,0.7469975108570253,
0.1,0.5,0.3,2,4,200,2.2224489820421045,1.1551632972513843,1.0887088433787815,1.061039693281413,0.7262830688981661,
0.1,0.5,0.3,2,4,300,2.108771425886827,1.1311214460275227,1.0887088433787815,1.0389567907955213,0.6954831649717925,
0.1,0.5,0.3,2,4,400,1.9682087777681938,1.0983347830066377,1.0887088433787815,1.0088416105797233,0.7090890424393844,
0.1,0.5,0.3,2,4,500,1.8599105011381591,1.1100697018102854,1.0887088433787815,1.019620359071587,0.6629335189336119,
0.1,0.5,0.3,2,4,600,1.7435325879466785,1.1146935734505767,1.0887088433787815,1.0238674740540843,0.6072859980373244,
0.1,0.5,0.3,2,4,-1,1.7435325879466785,1.1146935734505767,1.0887088433787815,1.0238674740540843,0.6072859980373244,600.0
0.1,0.5,0.3,2,5,100,1.5649258135688897,1.1424841096832217,1.0887088433787815,1.049393615778439,0.4642394890624591,
0.1,0.5,0.3,2,5,200,1.453726558597779,1.0920788770063146,1.0887088433787815,1.0030954406662798,0.43058556927620206,
0.1,0.5,0.3,2,5,300,1.441709223296117,1.0735001193549676,1.0887088433787815,0.9860304946393069,0.43739059184649776,
0.1,0.5,0.3,2,5,400,1.4425505233546037,1.0798641984032187,1.0887088433787815,0.991876023576594,0.4430876365092561,
0.1,0.5,0.3,2,5,500,1.4450365311256037,1.0898839092543438,1.0887088433787815,1.001079320594031,0.4478373028808434,
0.1,0.5,0.3,2,5,600,1.4474958409398286,1.0966889249788165,1.0887088433787815,1.0073298583441914,0.44211420246151023,
0.1,0.5,0.3,2,5,-1,1.4474958409398286,1.0966889249788165,1.0887088433787815,1.0073298583441914,0.44211420246151023,600.0
0.1,0.5,0.3,2,6,100,2.6675981670889497,0.8017553810626225,1.0887088433787815,0.7364277289917055,0.8944768978726714,
0.1,0.5,0.3,2,6,200,2.0977618822262185,0.7445877859400536,1.0887088433787815,0.6839181939858626,0.8408303199477132,
0.1,0.5,0.3,2,6,300,1.9916586237079668,0.7479587545205306,1.0887088433787815,0.6870144934243932,0.8228200905978722,
0.1,0.5,0.3,2,6,400,1.9282543384581325,0.7646673127582768,1.0887088433787815,0.7023616253406654,0.795050738034526,
0.1,0.5,0.3,2,6,500,1.8051923753723798,0.7805335969021648,1.0887088433787815,0.7169351123113851,0.7576733279490375,
0.1,0.5,0.3,2,6,600,1.741132886735987,0.7688473318766966,1.0887088433787815,0.7062010532500109,0.7263154515824418,
0.1,0.5,0.3,2,6,-1,1.741132886735987,0.7688473318766966,1.0887088433787815,0.7062010532500109,0.7263154515824418,600.0
0.1,0.5,0.3,2,7,100,1.9890609456950505,0.939243911720547,1.0887088433787815,0.8627135872301968,0.7790823343951229,
0.1,0.5,0.3,2,7,200,1.697612691848437,0.9306103046936185,1.0887088433787815,0.8547834532192207,0.6468454092785059,
0.1,0.5,0.3,2,7,300,1.647781112688056,0.9558578210200195,1.0887088433787815,0.8779737822773056,0.6067250680137349,
0.1,0.5,0.3,2,7,400,1.6109770885562391,0.9517583107791264,1.0887088433787815,0.8742083033195245,0.580004648386188,
0.1,0.5,0.3,2,7,500,1.5973101893674893,0.9861077537026393,1.0887088433787815,0.9057589269159215,0.5740672947137733,
0.1,0.5,0.3,2,7,600,1.5755300119717983,0.9831306305867202,1.0887088433787815,0.9030243821071556,0.5520979448951758,
0.1,0.5,0.3,2,7,-1,1.5755300119717983,0.9831306305867202,1.0887088433787815,0.9030243821071556,0.5520979448951758,600.0
0.1,0.5,0.6,0,0,100,1.7905508718991041,0.9584198891038362,1.0887088433787815,0.8803270910608234,0.7663983355688241,
0.1,0.5,0.6,0,0,200,1.5357855463803167,0.9438319675363509,1.0887088433787815,0.8669278046894441,0.7027893513630985,
0.1,0.5,0.6,0,0,300,1.4427123584205632,0.9660727827599547,1.0887088433787815,0.8873564209892622,0.6410978347376118,
0.1,0.5,0.6,0,0,400,1.30322778861877,0.9794862691158642,1.0887088433787815,0.8996769660436048,0.5609331420004052,
0.1,0.5,0.6,0,0,500,1.286151400106061,1.0062451530319572,1.0887088433787815,0.9242555152846006,0.5298828564024414,
0.1,0.5,0.6,0,0,600,1.2966849664276416,1.0066132287311302,1.0887088433787815,0.9245935998895081,0.5024561139590333,
0.1,0.5,0.6,0,0,-1,1.2966849664276416,1.0066132287311302,1.0887088433787815,0.9245935998895081,0.5024561139590333,600.0
0.1,0.5,0.6,0,1,100,2.2157559167323084,0.9228040491465059,1.0887088433787815,0.8476132574459541,0.7573886160269094,
0.1,0.5,0.6,0,1,200,1.6885613483453172,0.8922343637194912,1.0887088433787815,0.8195344137652666,0.6449837311831335,
0.1,0.5,0.6,0,1,300,1.6798961103301902,0.901010823607727,1.0887088433787815,0.8275957608752968,0.6027291833855246,
0.1,0.5,0.6,0,1,400,1.6229283773455048,0.8960004842575672,1.0887088433787815,0.8229936678725337,0.5477116352686255,
0.1,0.5,0.6,0,1,500,1.5827388209591382,0.8993550685657479,1.0887088433787815,0.8260749180420187,0.5292081065345389,
0.1,0.5,0.6,0,1,600,1.543583371901376,0.9115644869551915,1.0887088433787815,0.837289503524352,0.5111792754652169,
0.1,0.5,0.6,0,1,-1,1.543583371901376,0.9115644869551915,1.0887088433787815,0.837289503524352,0.5111792754652169,600.0
0.1,0.5,0.6,0,2,100,2.3911774636119016,0.8166949783681946,1.0887088433787815,0.7501500362884915,0.7074686313039285,
0.1,0.5,0.6,0,2,200,2.216911071097039,0.7424041151509428,1.0887088433787815,0.681912450391153,0.6808164688176253,
0.1,0.5,0.6,0,2,300,2.152589257886856,0.7473894925957911,1.0887088433787815,0.6864916154040652,0.6662908366086642,
0.1,0.5,0.6,0,2,400,1.9857467881651494,0.7752871478016391,1.0887088433787815,0.7121161479643668,0.6476151088999011,
0.1,0.5,0.6,0,2,500,1.9242259592819744,0.7778338713639008,1.0887088433787815,0.7144553625098812,0.6292621589644278,
0.1,0.5,0.6,0,2,600,1.85809485866616,0.7721381892822502,1.0887088433787815,0.7092237690344629,0.6283383370806714,
0.1,0.5,0.6,0,2,-1,1.85809485866616,0.7721381892822502,1.0887088433787815,0.7092237690344629,0.6283383370806714,600.0
0.1,0.5,0.6,0,3,100,1.823877112724547,0.888810075392248,1.0887088433787815,0.8163891391144096,0.6038408153947116,
0.1,0.5,0.6,0,3,200,1.57618429088554,0.9342015459764893,1.0887088433787815,0.8580820773690213,0.49431718680259445,
0.1,0.5,0.6,0,3,300,1.4733694156608006,0.8686793881773411,1.0887088433787815,0.7978987159518386,0.4356610066358828,
0.1,0.5,0.6,0,3,400,1.4690913885240013,0.8652897251806562,1.0887088433787815,0.7947852453326736,0.4141809463064597,
0.1,0.5,0.6,0,3,500,1.4792359867319318,0.893808009627853,1.0887088433787815,0.8209798377810008,0.41638742702367626,
0.1,0.5,0.6,0,3,600,1.460460695485667,0.8849103133024874,1.0887088433787815,0.8128071326730384,0.4237995999145582,
0.1,0.5,0.6,0,3,-1,1.460460695485667,0.8849103133024874,1.0887088433787815,0.8128071326730384,0.4237995999145582,600.0
0.1,0.5,0.6,0,4,100,1.3836242040696498,0.9644357880101524,1.0887088433787815,0.8858528098449622,0.6880021104287708,
0.1,0.5,0.6,0,4,200,1.3286414440169083,1.0057154096707932,1.0887088433787815,0.9237689358245496,0.511677731564922,
0.1,0.5,0.6,0,4,300,1.2619475259756383,0.9933797612364634,1.0887088433787815,0.9124384056195718,0.4831164034807558,
0.1,0.5,0.6,0,4,400,1.268334870234894,0.9697531460754147,1.0887088433787815,0.8907369054391158,0.4648839319510169,
0.1,0.5,0.6,0,4,500,1.3105149300909105,0.984631347729161,1.0887088433787815,0.9044028196495415,0.45275359988061425,
0.1,0.5,0.6,0,4,600,1.339867384466522,0.9869569423337261,1.0887088433787815,0.9065389229968309,0.4443976511187694,
0.1,0.5,0.6,0,4,-1,1.339867384466522,0.9869569423337261,1.0887088433787815,0.9065389229968309,0.4443976511187694,600.0
0.1,0.5,0.6,0,5,100,2.4563855552830027,0.9979610583136047,1.0887088433787815,0.9166464150474398,0.6118985005525204,
0.1,0.5,0.6,0,5,200,2.248232637914843,0.9341105330130198,1.0887088433787815,0.8579984802126072,0.6145688486796483,
0.1,0.5,0.6,0,5,300,2.0272227745135347,0.9299963398891228,1.0887088433787815,0.8542195147445498,0.620523325194805,
0.1,0.5,0.6,0,5,400,1.826290058093017,0.9302926832824794,1.0887088433787815,0.8544917118477137,0.5692681611717505,
0.1,0.5,0.6,0,5,500,1.7550778375538294,0.9216816545822352,1.0887088433787815,0.8465823164638018,0.5453730547274163,
0.1,0.5,0.6,0,5,600,1.7027447008445042,0.9225956569875098,1.0887088433787815,0.8474218452421646,0.5136187596478305,
0.1,0.5,0.6,0,5,-1,1.7027447008445042,0.9225956569875098,1.0887088433787815,0.8474218452421646,0.5136187596478305,600.0
0.1,0.5,0.6,0,6,100,1.6540982668339184,0.7355544544417051,1.0887088433787815,0.6756209053643119,0.5632395693632317,
0.1,0.5,0.6,0,6,200,1.577975944843804,0.6538932035664317,1.0887088433787815,0.6006134767281672,0.45576676177035347,
0.1,0.5,0.6,0,6,300,1.5820616630690076,0.7175640194402063,1.0887088433787815,0.659096345000068,0.4279487355555048,
0.1,0.5,0.6,0,6,400,1.5581262843507115,0.7128191971618028,1.0887088433787815,0.6547381345315297,0.41222782715978923,
0.1,0.5,0.6,0,6,500,1.5314534628540195,0.7141089420566228,1.0887088433787815,0.6559227900091296,0.4064575955551879,
0.1,0.5,0.6,0,6,600,1.5274721792356691,0.7048592083685639,1.0887088433787815,0.647426731816608,0.39187194984069273,
0.1,0.5,0.6,0,6,-1,1.5274721792356691,0.7048592083685639,1.0887088433787815,0.647426731816608,0.39187194984069273,600.0
0.1,0.5,0.6,0,7,100,2.036504801557543,0.9475797710492139,1.0887088433787815,0.8703702342569599,0.708905242449351,
0.1,0.5,0.6,0,7,200,1.7921005303563708,0.9576376200022289,1.0887088433787815,0.87960856185408,0.6073907828461185,
0.1,0.5,0.6,0,7,300,1.6450419185596798,0.9741568083273278,1.0887088433787815,0.8947817538654832,0.5572932329608211,
0.1,0.5,0.6,0,7,400,1.5079315885294293,0.978401471200167,1.0887088433787815,0.8986805583058568,0.5196963892881268,
0.1,0.5,0.6,0,7,500,1.4792200305022278,0.9618582368299153,1.0887088433787815,0.8834852795397635,0.48701022584067954,
0.1,0.5,0.6,0,7,600,1.4516043599445692,0.9563309254028601,1.0887088433787815,0.878408337747042,0.46909378354375103,
0.1,0.5,0.6,0,7,-1,1.4516043599445692,0.9563309254028601,1.0887088433787815,0.878408337747042,0.46909378354375103,600.0
0.1,0.5,0.6,1,0,100,1.9587919157849005,1.0414783496030098,1.0887088433787815,0.9566178835939341,0.9343551572488217,
0.1,0.5,0.6,1,0,200,1.3819557812019747,1.025924509687086,1.0887088433787815,0.9423313826524584,0.7721111866499986,
0.1,0.5,0.6,1,0,300,1.0587052882105317,1.0698878584098455,1.0887088433787815,0.9827125635256847,0.607036549551241,
0.1,0.5,0.6,1,0,400,0.9687401799522056,1.0161894527326965,1.0887088433787815,0.9333895457108414,0.5709878373336598,
0.1,0.5,0.6,1,0,500,0.9354316356697795,1.0291577099098426,1.0887088433787815,0.9453011392062147,0.5480822213963092,
0.1,0.5,0.6,1,0,600,0.9074633509464078,1.0320397418666896,1.0887088433787815,0.9479483409575137,0.5286594127219213,
0.1,0.5,0.6,1,0,-1,0.9074633509464078,1.0320397418666896,1.0887088433787815,0.9479483409575137,0.5286594127219213,400.0
0.1,0.5,0.6,1,1,100,2.6156424844491264,0.9280840769203229,1.0887088433787815,0.8524630644498454,0.7871704361296994,
0.1,0.5,0.6,1,1,200,2.474281115449721,0.9605346903168346,1.0887088433787815,0.8822695766260504,0.73435755580079,
0.1,0.5,0.6,1,1,300,2.3190729534792824,0.9961460896237322,1.0887088433787815,0.9149793314181384,0.7140572383985145,
0.1,0.5,0.6,1,1,400,2.0045418332861504,0.9904533546165468,1.0887088433787815,0.9097504448872656,0.6780575762885865,
0.1,0.5,0.6,1,1,500,1.9391623329771805,0.9839800463938839,1.0887088433787815,0.9038045868536584,0.6524029571215909,
0.1,0.5,0.6,1,1,600,1.8237476929830643,0.9757745539166316,1.0887088433787815,0.8962676842858546,0.6192409501606759,
0.1,0.5,0.6,1,1,-1,1.8237476929830643,0.9757745539166316,1.0887088433787815,0.8962676842858546,0.6192409501606759,600.0
0.1,0.5,0.6,1,2,100,2.2452660872531682,0.9445316881581811,1.0887088433787815,0.8675705115307505,0.9413150256926824,
0.1,0.5,0.6,1,2,200,1.4992501989729583,0.8521087053774077,1.0887088433787815,0.7826782252754639,0.8158598942701372,
0.1,0.5,0.6,1,2,300,1.1121244958089884,0.8682001307756056,1.0887088433787815,0.7974585088159729,0.6845027791024842,
0.1,0.5,0.6,1,2,400,1.0428257641657912,0.866074545241562,1.0887088433787815,0.7955061176445676,0.6196316736678296,
0.1,0.5,0.6,1,2,500,1.0243806670535318,0.880621393080941,1.0887088433787815,0.8088676770071546,0.5815709131831777,
0.1,0.5,0.6,1,2,600,1.011272709601778,0.9050690196716358,1.0887088433787815,0.8313232919673694,0.5570048734816423,
0.1,0.5,0.6,1,2,-1,1.011272709601778,0.9050690196716358,1.0887088433787815,0.8313232919673694,0.5570048734816423,600.0
0.1,0.5,0.6,1,3,100,1.9714441454474774,0.8253438036544555,1.0887088433787815,0.7580941485631926,0.8950405776129835,
0.1,0.5,0.6,1,3,200,1.4922956017809272,0.7926683584347407,1.0887088433787815,0.7280811240356179,0.726115275971387,
0.1,0.5,0.6,1,3,300,1.422365842715842,0.8605725014279544,1.0887088433787815,0.7904523846404963,0.6238209083006895,
0.1,0.5,0.6,1,3,400,1.4427044164502723,0.8580488782336511,1.0887088433787815,0.7881343882269911,0.561589917062068,
0.1,0.5,0.6,1,3,500,1.450543403304948,0.8926394430222362,1.0887088433787815,0.8199064868913449,0.5313959913543268,
0.1,0.5,0.6,1,3,600,1.449788181359499,0.8887925452845726,1.0887088433787815,0.8163730373735429,0.5120949011801803,
0.1,0.5,0.6,1,3,-1,1.449788181359499,0.8887925452845726,1.0887088433787815,0.8163730373735429,0.5120949011801803,600.0
0.1,0.5,0.6,1,4,100,2.0991277769396026,1.0626286549095685,1.0887088433787815,0.976044845572969,0.726927094606957,
0.1,0.5,0.6,1,4,200,2.034188414689952,1.0168745135991843,1.0887088433787815,0.9340187872850734,0.7289786462639778,
0.1,0.5,0.6,1,4,300,1.8505984673854337,1.0400669603641448,1.0887088433787815,0.9553214954480596,0.724504882202416,
0.1,0.5,0.6,1,4,400,1.7218974368844868,1.059723127505022,1.0887088433787815,0.9733760628013244,0.7218835885263197,
0.1,0.5,0.6,1,4,500,1.6808777116979927,1.055591352969391,1.0887088433787815,0.9695809484686363,0.7315826692459881,
0.1,0.5,0.6,1,4,600,1.6098572605080654,1.0539668970081764,1.0887088433787815,0.9680888544426769,0.7229359490113181,
0.1,0.5,0.6,1,4,-1,1.6098572605080654,1.0539668970081764,1.0887088433787815,0.9680888544426769,0.7229359490113181,600.0
0.1,0.5,0.6,1,5,100,2.320042307165284,0.8847469989842955,1.0887088433787815,0.812657125332522,0.8563324637029837,
0.1,0.5,0.6,1,5,200,2.207235887409416,0.8748037785004535,1.0887088433787815,0.8035240861877463,0.7223825446577354,
0.1,0.5,0.6,1,5,300,2.108513817647926,0.8710619387805153,1.0887088433787815,0.800087134478669,0.6885943014788948,
0.1,0.5,0.6,1,5,400,2.082947132708705,0.8783144966779826,1.0887088433787815,0.8067487483174609,0.6780165568961035,
0.1,0.5,0.6,1,5,500,2.0332016024964266,0.8838838282102915,1.0887088433787815,0.811864286384576,0.6708954460178141,
0.1,0.5,0.6,1,5,600,1.9191367369072243,0.8806684460190218,1.0887088433787815,0.8089108960352418,0.6826804121614153,
0.1,0.5,0.6,1,5,-1,1.9191367369072243,0.8806684460190218,1.0887088433787815,0.8089108960352418,0.6826804121614153,600.0
0.1,0.5,0.6,1,6,100,2.9803533575137964,0.9289416226440557,1.0887088433787815,0.8532507366809916,0.9550759926875525,
0.1,0.5,0.6,1,6,200,2.481633759507714,0.8904845485662218,1.0887088433787815,0.8179271749117282,0.9369802465737951,
0.1,0.5,0.6,1,6,300,1.8608433950139578,0.8039894819051137,1.0887088433787815,0.7384797935598206,0.8756815533321765,
0.1,0.5,0.6,1,6,400,1.620975965839832,0.7555519661703651,1.0887088433787815,0.6939890042828419,0.809170048669265,
0.1,0.5,0.6,1,6,500,1.570821535474671,0.7437120296249465,1.0887088433787815,0.6831137949764918,0.7706226901961426,
0.1,0.5,0.6,1,6,600,1.4867958264823844,0.7463096659565751,1.0887088433787815,0.685499773879324,0.7408697157640467,
0.1,0.5,0.6,1,6,-1,1.4867958264823844,0.7463096659565751,1.0887088433787815,0.685499773879324,0.7408697157640467,600.0
0.1,0.5,0.6,1,7,100,1.2390836457727468,0.7829242115482853,1.0887088433787815,0.71913093781667,0.5886089989820975,
0.1,0.5,0.6,1,7,200,1.0988668251514628,0.8133315439845235,1.0887088433787815,0.7470606571545508,0.5224482245535134,
0.1,0.5,0.6,1,7,300,1.0145453768509585,0.85544102585207,1.0887088433787815,0.7857390256859029,0.46743235883308465,
0.1,0.5,0.6,1,7,400,0.9564160537697641,0.8319385764904852,1.0887088433787815,0.7641515741789917,0.44610572300140106,
0.1,0.5,0.6,1,7,500,0.926984387150733,0.8397685531900947,1.0887088433787815,0.771343558286799,0.43582960433394224,
0.1,0.5,0.6,1,7,600,0.8669506881564726,0.8473026480411605,1.0887088433787815,0.778263769229225,0.43434289342676125,
0.1,0.5,0.6,1,7,-1,0.8669506881564726,0.8473026480411605,1.0887088433787815,0.778263769229225,0.43434289342676125,400.0
0.1,0.5,0.6,2,0,100,1.5807646542756768,0.6843913106750996,1.0887088433787815,0.6286265743475619,0.44695198089803045,
0.1,0.5,0.6,2,0,200,1.5624890384829802,0.707143709053314,1.0887088433787815,0.6495250896086328,0.3918382805708771,
0.1,0.5,0.6,2,0,300,1.5220578828421758,0.7513213952049461,1.0887088433787815,0.690103143530311,0.3735222906767744,
0.1,0.5,0.6,2,0,400,1.4780705792089794,0.7586726331905793,1.0887088433787815,0.6968553969269297,0.3735889836038666,
0.1,0.5,0.6,2,0,500,1.451529618907347,0.7917235909388212,1.0887088433787815,0.7272133369301256,0.3729442447547384,
0.1,0.5,0.6,2,0,600,1.4515383780552276,0.7917726970265597,1.0887088433787815,0.7272584418156395,0.3768220823970634,
0.1,0.5,0.6,2,0,-1,1.4515383780552276,0.7917726970265597,1.0887088433787815,0.7272584418156395,0.3768220823970634,600.0
0.1,0.5,0.6,2,1,100,1.5669550315273577,0.806151908202098,1.0887088433787815,0.7404660236801468,0.441828322894872,
0.1,0.5,0.6,2,1,200,1.5482659250283026,0.9029034016388212,1.0887088433787815,0.8293341301763311,0.3863112551718784,
0.1,0.5,0.6,2,1,300,1.5446935225915386,0.9613316287235358,1.0887088433787815,0.8830015798714985,0.3634373009599261,
0.1,0.5,0.6,2,1,400,1.5446495198809636,0.9575406814070482,1.0887088433787815,0.8795195218910355,0.35076964655883314,
0.1,0.5,0.6,2,1,500,1.5118004566617838,0.9970093881399552,1.0887088433787815,0.915772287699768,0.3581550566864029,
0.1,0.5,0.6,2,1,600,1.5207301641956927,1.0078304443688908,1.0887088433787815,0.9257116358503285,0.3471626462152556,
0.1,0.5,0.6,2,1,-1,1.5207301641956927,1.0078304443688908,1.0887088433787815,0.9257116358503285,0.3471626462152556,600.0
0.1,0.5,0.6,2,2,100,1.4920669287921013,0.8165961197206086,1.0887088433787815,0.7500592327204052,0.4871912347457882,
0.1,0.5,0.6,2,2,200,1.3409411144273897,0.8683343608768476,1.0887088433787815,0.7975818017441586,0.4888808595888396,
0.1,0.5,0.6,2,2,300,1.369072429663765,0.9057588450332011,1.0887088433787815,0.831956909821914,0.4650545959781875,
0.1,0.5,0.6,2,2,400,1.262146920920191,0.8906532595903943,1.0887088433787815,0.8180821392304242,0.47829112520699985,
0.1,0.5,0.6,2,2,500,1.3071887327730614,0.9184223726061302,1.0887088433787815,0.8435886033182468,0.4536347734425227,
0.1,0.5,0.6,2,2,600,1.3300952015669165,0.93849195114629,1.0887088433787815,0.8620228969884207,0.4436648687955584,
0.1,0.5,0.6,2,2,-1,1.3300952015669165,0.93849195114629,1.0887088433787815,0.8620228969884207,0.4436648687955584,600.0
0.1,0.5,0.6,2,3,100,1.687324225156604,0.9440326576748588,1.0887088433787815,0.8671121424393654,0.5165830195596237,
0.1,0.5,0.6,2,3,200,1.5869613872764983,0.9387610150745977,1.0887088433787815,0.8622700373785664,0.4949872338296688,
0.1,0.5,0.6,2,3,300,1.561922381395598,0.9329712810561606,1.0887088433787815,0.8569520553913265,0.4620429752673112,
0.1,0.5,0.6,2,3,400,1.5545795201665331,0.9467149812047251,1.0887088433787815,0.8695759081616514,0.4370465848096137,
0.1,0.5,0.6,2,3,500,1.5479980261136501,0.9936901743003154,1.0887088433787815,0.9127235259855353,0.42531782437190463,
0.1,0.5,0.6,2,3,600,1.548625538874786,1.0138567337450288,1.0887088433787815,0.9312468984807261,0.4167650971468999,
0.1,0.5,0.6,2,3,-1,1.548625538874786,1.0138567337450288,1.0887088433787815,0.9312468984807261,0.4167650971468999,600.0
0.1,0.5,0.6,2,4,100,1.5660587563734931,0.9366525726647942,1.0887088433787815,0.8603333924963038,0.3881304268674352,
0.1,0.5,0.6,2,4,200,1.553762591665804,1.0321863284380142,1.0887088433787815,0.9480829835409887,0.3673310406362611,
0.1,0.5,0.6,2,4,300,1.5530658503514647,1.0335846493574221,1.0887088433787815,0.9493673681842404,0.3498872258779499,
0.1,0.5,0.6,2,4,400,1.55301443942671,0.9960065119348936,1.0887088433787815,0.9148511266279528,0.3339472781745304,
0.1,0.5,0.6,2,4,500,1.554208953215194,1.0264333755079469,1.0887088433787815,0.9427987856904292,0.32966082715298173,
0.1,0.5,0.6,2,4,600,1.5502458619227744,1.0235613586189172,1.0887088433787815,0.9401607829714318,0.32450315603790425,
0.1,0.5,0.6,2,4,-1,1.5502458619227744,1.0235613586189172,1.0887088433787815,0.9401607829714318,0.32450315603790425,600.0
0.1,0.5,0.6,2,5,100,1.5614584730608472,1.0250954918430644,1.0887088433787815,0.9415699138271949,0.4325403077526438,
0.1,0.5,0.6,2,5,200,1.3593603662735638,1.0175816036914296,1.0887088433787815,0.9346682631266131,0.4588905133098331,
0.1,0.5,0.6,2,5,300,1.402212453830276,1.0479064491793864,1.0887088433787815,0.9625222166169185,0.4570768979459618,
0.1,0.5,0.6,2,5,400,1.3780786386797157,1.0323570802034456,1.0887088433787815,0.9482398223197586,0.4433793217269204,
0.1,0.5,0.6,2,5,500,1.3612747966338157,1.057376506734948,1.0887088433787815,0.9712206465168463,0.4403510053152512,
0.1,0.5,0.6,2,5,600,1.357155613083779,1.0708383038394174,1.0887088433787815,0.9835855659223789,0.43597542593147065,
0.1,0.5,0.6,2,5,-1,1.357155613083779,1.0708383038394174,1.0887088433787815,0.9835855659223789,0.43597542593147065,600.0
0.1,0.5,0.6,2,6,100,1.5309695600302218,0.8682770203729518,1.0887088433787815,0.797529133389121,0.41757915114517424,
0.1,0.5,0.6,2,6,200,1.5131086685595863,0.9083241015645218,1.0887088433787815,0.834313147255753,0.4189055232206512,
0.1,0.5,0.6,2,6,300,1.454496193906547,0.9399073618179579,1.0887088433787815,0.8633229788976253,0.42007859018120397,
0.1,0.5,0.6,2,6,400,1.435652827767345,0.945367505551713,1.0887088433787815,0.8683382258729413,0.4095508647537148,
0.1,0.5,0.6,2,6,500,1.4305411388386673,0.9608515715547242,1.0887088433787815,0.8825606381342,0.4011259235961841,
0.1,0.5,0.6,2,6,600,1.4404232672050135,0.9566897234238992,1.0887088433787815,0.8787379006262463,0.38851206989909726,
0.1,0.5,0.6,2,6,-1,1.4404232672050135,0.9566897234238992,1.0887088433787815,0.8787379006262463,0.38851206989909726,600.0
0.1,0.5,0.6,2,7,100,1.2459898289528015,0.7952707339465575,1.0887088433787815,0.7304714559665503,0.4822282617483253,
0.1,0.5,0.6,2,7,200,1.3008044582555738,0.8825960676810651,1.0887088433787815,0.8106814535849177,0.4498712461381249,
0.1,0.5,0.6,2,7,300,1.3412461958059367,0.9327198925266779,1.0887088433787815,0.8567211501947612,0.4388131851660468,
0.1,0.5,0.6,2,7,400,1.322565514358049,0.9236320663529312,1.0887088433787815,0.8483738071663508,0.4268871514191168,
0.1,0.5,0.6,2,7,500,1.3156510757560114,0.9679797713538896,1.0887088433787815,0.889108026669268,0.4276838635101591,
0.1,0.5,0.6,2,7,600,1.3297895881889383,0.9640984989871384,1.0887088433787815,0.8855430033938937,0.42328757086498114,
0.1,0.5,0.6,2,7,-1,1.3297895881889383,0.9640984989871384,1.0887088433787815,0.8855430033938937,0.42328757086498114,600.0
0.1,1.0,0.3,0,0,100,2.688910990680888,1.1576614132188283,1.0887088433787815,1.0633342608167435,0.954275501566213,
0.1,1.0,0.3,0,0,200,1.5054871520835653,1.1147503141868786,1.0887088433787815,1.0239195915110582,0.9229212988549469,
0.1,1.0,0.3,0,0,300,1.1812926028604183,1.0818377189103865,1.0887088433787815,0.9936887400977927,0.8607208610442205,
0.1,1.0,0.3,0,0,400,0.9546342785660147,1.0751801526560882,1.0887088433787815,0.9875736375202875,0.7785389162089797,
0.1,1.0,0.3,0,0,500,0.7937711338091088,1.0893955159732442,1.0887088433787815,1.0006307219773578,0.718442805604316,
0.1,1.0,0.3,0,0,600,0.6831585745015245,1.0911579809033474,1.0887088433787815,1.0022495798940745,0.6672986691238443,
0.1,1.0,0.3,0,0,-1,0.6831585745015245,1.0911579809033474,1.0887088433787815,1.0022495798940745,0.6672986691238443,400.0
0.1,1.0,0.3,0,1,100,2.580562069390326,1.0219117361208838,1.0887088433787815,0.9386455729976488,1.0011433534962415,
0.1,1.0,0.3,0,1,200,1.7840393753139387,1.0793638127173155,1.0887088433787815,0.9914164097055886,0.760136938957353,
0.1,1.0,0.3,0,1,300,1.6345534658437202,1.067300694192368,1.0887088433787815,0.9803362034609971,0.655301413152229,
0.1,1.0,0.3,0,1,400,1.557956797489626,1.0608199867912005,1.0887088433787815,0.9743835491397052,0.5995072541459381,
0.1,1.0,0.3,0,1,500,1.5095219873230008,1.03912318694939,1.0887088433787815,0.9544546214252255,0.5807787134389268,
0.1,1.0,0.3,0,1,600,1.4722297727584197,1.043864500005245,1.0887088433787815,0.9588096086053981,0.5534684471144871,
0.1,1.0,0.3,0,1,-1,1.4722297727584197,1.043864500005245,1.0887088433787815,0.9588096086053981,0.5534684471144871,600.0
0.1,1.0,0.3,0,2,100,2.6618013522143418,0.9403762923768919,1.0887088433787815,0.8637537006298736,0.712069245316949,
0.1,1.0,0.3,0,2,200,2.5320177580521452,1.0247830236334554,1.0887088433787815,0.9412829057703491,0.6797137573564571,
0.1,1.0,0.3,0,2,300,2.4387771519760237,0.9951464405345669,1.0887088433787815,0.914061134514306,0.6771918153524281,
0.1,1.0,0.3,0,2,400,2.3934611515607127,0.9870945709953793,1.0887088433787815,0.9066653375680823,0.690144838380452,
0.1,1.0,0.3,0,2,500,2.407051413984461,0.987095828653402,1.0887088433787815,0.906666492751151,0.6898001895279615,
0.1,1.0,0.3,0,2,600,2.4047174740097175,0.992863708085884,1.0887088433787815,0.9119644008810983,0.688483204960266,
0.1,1.0,0.3,0,2,-1,2.4047174740097175,0.992863708085884,1.0887088433787815,0.9119644008810983,0.688483204960266,600.0
0.1,1.0,0.3,0,3,100,3.2157487882474287,0.9804111783532949,1.0887088433787815,0.9005265129569561,0.9282024814456112,
0.1,1.0,0.3,0,3,200,2.8384765294694607,1.040434147835646,1.0887088433787815,0.9556587641987768,0.927676865900634,
0.1,1.0,0.3,0,3,300,2.604876002677824,1.0249396633721701,1.0887088433787815,0.9414267823813158,0.9156716539662597,
0.1,1.0,0.3,0,3,400,2.3694148711864753,1.018966805344593,1.0887088433787815,0.9359405974716383,0.8899744980323581,
0.1,1.0,0.3,0,3,500,2.254739991364298,0.9863799851256111,1.0887088433787815,0.9060089767108024,0.8769792182847135,
0.1,1.0,0.3,0,3,600,2.1843475435014117,0.9842949917281117,1.0887088433787815,0.9040938701970823,0.8636896391866609,
0.1,1.0,0.3,0,3,-1,2.1843475435014117,0.9842949917281117,1.0887088433787815,0.9040938701970823,0.8636896391866609,600.0
0.1,1.0,0.3,0,4,100,3.490983765218243,1.100486319925643,1.0887088433787815,1.010817838597058,0.9132120546892833,
0.1,1.0,0.3,0,4,200,3.097309291317263,1.1225771169953793,1.0887088433787815,1.031108660338873,0.9536179532976526,
0.1,1.0,0.3,0,4,300,2.5105103116026823,1.0992275393959514,1.0887088433787815,1.0096616244840313,0.9633896625640873,
0.1,1.0,0.3,0,4,400,2.2875243620731793,1.076879149814076,1.0887088433787815,0.9891341990683272,0.9121577114990864,
0.1,1.0,0.3,0,4,500,2.0742991877885104,1.0655711689602403,1.0887088433787815,0.9787476012900437,0.8834176982285027,
0.1,1.0,0.3,0,4,600,1.9532693413460447,1.0550308899462153,1.0887088433787815,0.9690661524085288,0.8521105161850882,
0.1,1.0,0.3,0,4,-1,1.9532693413460447,1.0550308899462153,1.0887088433787815,0.9690661524085288,0.8521105161850882,600.0
0.1,1.0,0.3,0,5,100,2.69331290484939,1.075362660469498,1.0887088433787815,0.9877412744551022,0.8702547951607557,
0.1,1.0,0.3,0,5,200,2.04906409553723,1.0549335706741223,1.0887088433787815,0.9689767627864229,0.8293292628953599,
0.1,1.0,0.3,0,5,300,1.8038799833853862,1.039989114947793,1.0887088433787815,0.9552499929367818,0.8109920413845421,
0.1,1.0,0.3,0,5,400,1.649254146877461,1.0348976536453982,1.0887088433787815,0.9505733878615502,0.8162782131513919,
0.1,1.0,0.3,0,5,500,1.5054625019462173,1.046579084485615,1.0887088433787815,0.9613030066308476,0.7954198762354838,
0.1,1.0,0.3,0,5,600,1.429566927112578,1.0530128737754678,1.0887088433787815,0.9672125657650286,0.7875364605469419,
0.1,1.0,0.3,0,5,-1,1.429566927112578,1.0530128737754678,1.0887088433787815,0.9672125657650286,0.7875364605469419,600.0
0.1,1.0,0.3,0,6,100,2.9904121636455043,1.057654566473847,1.0887088433787815,0.9714760497319391,0.9354282363789691,
0.1,1.0,0.3,0,6,200,1.9023431704054912,1.062312739127333,1.0887088433787815,0.9757546708543959,0.830042906474709,
0.1,1.0,0.3,0,6,300,1.616746843452501,1.0732794683545972,1.0887088433787815,0.9858278224540736,0.6968705830732113,
0.1,1.0,0.3,0,6,400,1.5428508105648746,1.0666809197260654,1.0887088433787815,0.9797669287002823,0.6360130262484593,
0.1,1.0,0.3,0,6,500,1.4894026229776993,1.062525759735423,1.0887088433787815,0.9759503343776469,0.5983066123767782,
0.1,1.0,0.3,0,6,600,1.47410362930321,1.0535358399795332,1.0887088433787815,0.9676929202760126,0.5700911637070148,
0.1,1.0,0.3,0,6,-1,1.47410362930321,1.0535358399795332,1.0887088433787815,0.9676929202760126,0.5700911637070148,600.0
0.1,1.0,0.3,0,7,100,2.5274078601867256,1.0715368003230943,1.0887088433787815,0.9842271483692608,0.7808884652846408,
0.1,1.0,0.3,0,7,200,2.405610489179681,1.0883950659130692,1.0887088433787815,0.9997117893662566,0.7418298068659119,
0.1,1.0,0.3,0,7,300,2.2138820733427957,1.0874877700057062,1.0887088433787815,0.998878420635139,0.7487681532780317,
0.1,1.0,0.3,0,7,400,1.90627812548525,1.0883828532598265,1.0887088433787815,0.9997005718094993,0.7648432255100938,
0.1,1.0,0.3,0,7,500,1.7956329348082336,1.0794595122247046,1.0887088433787815,0.9915043115426786,0.75151660687794,
0.1,1.0,0.3,0,7,600,1.7286966482950694,1.0785631116852343,1.0887088433787815,0.9906809504164032,0.7406552012098551,
0.1,1.0,0.3,0,7,-1,1.7286966482950694,1.0785631116852343,1.0887088433787815,0.9906809504164032,0.7406552012098551,600.0
0.1,1.0,0.3,1,0,100,2.95046386367998,1.1532058701379355,1.0887088433787815,1.0592417588516954,0.951315943046034,
0.1,1.0,0.3,1,0,200,2.3868356670599296,1.1043579060343238,1.0887088433787815,1.0143739648582037,0.9311029279789478,
0.1,1.0,0.3,1,0,300,1.966581192568498,1.1038839379772871,1.0887088433787815,1.0139386160871167,0.8043578430411294,
0.1,1.0,0.3,1,0,400,1.8269332891155787,1.089406502220641,1.0887088433787815,1.0006408130567712,0.7510298766700594,
0.1,1.0,0.3,1,0,500,1.7879065744095772,1.0471326198351585,1.0887088433787815,0.9618114394895588,0.7212963555883918,
0.1,1.0,0.3,1,0,600,1.7715393260151513,1.0316529297412222,1.0887088433787815,0.9475930465849,0.7127570701472459,
0.1,1.0,0.3,1,0,-1,1.7715393260151513,1.0316529297412222,1.0887088433787815,0.9475930465849,0.7127570701472459,600.0
0.1,1.0,0.3,1,1,100,2.4699641268627106,1.0572754292226274,1.0887088433787815,0.9711278048788496,0.9133693720587761,
0.1,1.0,0.3,1,1,200,1.9006110541360213,1.0142908943156577,1.0887088433787815,0.931645683310361,0.8046185493453428,
0.1,1.0,0.3,1,1,300,1.624227134371948,1.017824623429912,1.0887088433787815,0.9348914814277782,0.6623249664554957,
0.1,1.0,0.3,1,1,400,1.5388274540725508,0.9991873207420898,1.0887088433787815,0.9177727606594397,0.6124787879899203,
0.1,1.0,0.3,1,1,500,1.5123282947531327,1.0058587492399231,1.0887088433787815,0.9239005959740944,0.5792910614238175,
0.1,1.0,0.3,1,1,600,1.4952562611776619,1.0103127178007323,1.0887088433787815,0.9279916517121798,0.5464699301164981,
0.1,1.0,0.3,1,1,-1,1.4952562611776619,1.0103127178007323,1.0887088433787815,0.9279916517121798,0.5464699301164981,600.0
0.1,1.0,0.3,1,2,100,3.056203383736798,1.1289093112104107,1.0887088433787815,1.036924902443952,0.9528131236709888,
0.1,1.0,0.3,1,2,200,2.1122271956618306,1.074596542771329,1.0887088433787815,0.9870375806228824,0.9419232960321848,
0.1,1.0,0.3,1,2,300,1.7636951687186364,1.0628264673717045,1.0887088433787815,0.9762265401218275,0.8032368402044785,
0.1,1.0,0.3,1,2,400,1.5746164044946303,1.0285604298017499,1.0887088433787815,0.9447525259459063,0.6968650383421158,
0.1,1.0,0.3,1,2,500,1.4936161051057304,1.0181694522068392,1.0887088433787815,0.9352082132877464,0.6414287020943116,
0.1,1.0,0.3,1,2,600,1.4642540459516715,1.038452958001534,1.0887088433787815,0.9538390032533588,0.5992348257821636,
0.1,1.0,0.3,1,2,-1,1.4642540459516715,1.038452958001534,1.0887088433787815,0.9538390032533588,0.5992348257821636,600.0
0.1,1.0,0.3,1,3,100,2.903065253886388,1.0132715497295641,1.0887088433787815,0.9307093957140097,0.982112345241409,
0.1,1.0,0.3,1,3,200,2.384689415865391,0.9480429304902216,1.0887088433787815,0.8707956551064593,0.9547380278632286,
0.1,1.0,0.3,1,3,300,1.9021273248079376,0.927334682958179,1.0887088433787815,0.8517747316906312,0.8439815403602222,
0.1,1.0,0.3,1,3,400,1.7298272749012205,0.9243193979011195,1.0887088433787815,0.8490051344053721,0.7510815563437012,
0.1,1.0,0.3,1,3,500,1.6436446662777364,0.9291610072121731,1.0887088433787815,0.853452245623857,0.6898726883649368,
0.1,1.0,0.3,1,3,600,1.5880356629567522,0.9397822963611936,1.0887088433787815,0.8632081038715568,0.652951570855218,
0.1,1.0,0.3,1,3,-1,1.5880356629567522,0.9397822963611936,1.0887088433787815,0.8632081038715568,0.652951570855218,600.0
0.1,1.0,0.3,1,4,100,2.8345797920360254,1.1624012170888691,1.0887088433787815,1.0676878617807357,0.9177070325234061,
0.1,1.0,0.3,1,4,200,2.3449709047048697,1.1219230361922006,1.0887088433787815,1.030507874548295,0.8949208802901505,
0.1,1.0,0.3,1,4,300,1.7391909410743007,1.1261469530894834,1.0887088433787815,1.0343876234113372,0.7558471497649928,
0.1,1.0,0.3,1,4,400,1.5593680634580056,1.1154090529716811,1.0887088433787815,1.0245246557472945,0.6686529567950243,
0.1,1.0,0.3,1,4,500,1.494172558353588,1.1106215727390807,1.0887088433787815,1.0201272631278475,0.6052023985452719,
0.1,1.0,0.3,1,4,600,1.4557564454815937,1.0909094147517533,1.0887088433787815,1.0020212671058522,0.5655757516366151,
0.1,1.0,0.3,1,4,-1,1.4557564454815937,1.0909094147517533,1.0887088433787815,1.0020212671058522,0.5655757516366151,600.0
0.1,1.0,0.3,1,5,100,3.0156412564674113,1.000167033446243,1.0887088433787815,0.9186726456104175,0.9022140980679657,
0.1,1.0,0.3,1,5,200,2.5908363736433224,1.00997165564968,1.0887088433787815,0.9276783795704805,0.7804076412284937,
0.1,1.0,0.3,1,5,300,2.4046579495273543,1.014984596379012,1.0887088433787815,0.9322828619900174,0.7082774234269914,
0.1,1.0,0.3,1,5,400,2.256105798767705,1.0015287509852047,1.0887088433787815,0.9199234093451326,0.7042894732370637,
0.1,1.0,0.3,1,5,500,2.181544227226991,1.0101223708105602,1.0887088433787815,0.9278168143428228,0.6950355650001441,
0.1,1.0,0.3,1,5,600,2.1240255622034585,1.009696451460289,1.0887088433787815,0.9274255992325006,0.6864418900162976,
0.1,1.0,0.3,1,5,-1,2.1240255622034585,1.009696451460289,1.0887088433787815,0.9274255992325006,0.6864418900162976,600.0
0.1,1.0,0.3,1,6,100,2.817878220504494,1.1606693284494676,1.0887088433787815,1.0660970887747714,0.8600248095540948,
0.1,1.0,0.3,1,6,200,2.4734761377819146,1.1399098809933352,1.0887088433787815,1.0470291372444929,0.8146226793474047,
0.1,1.0,0.3,1,6,300,2.09350982937467,1.0979352630720978,1.0887088433787815,1.0084746438402046,0.7965455321748547,
0.1,1.0,0.3,1,6,400,1.8394692707279439,1.0888281006846439,1.0887088433787815,1.00010954012782,0.7530528994547064,
0.1,1.0,0.3,1,6,500,1.672733398414501,1.0795146514786622,1.0887088433787815,0.9915549580073353,0.7118957433146853,
0.1,1.0,0.3,1,6,600,1.5342546226720777,1.0691400173531551,1.0887088433787815,0.9820256571399797,0.6708716166340756,
0.1,1.0,0.3,1,6,-1,1.5342546226720777,1.0691400173531551,1.0887088433787815,0.9820256571399797,0.6708716166340756,600.0
0.1,1.0,0.3,1,7,100,2.7035229978369215,1.0776315721354164,1.0887088433787815,0.9898253134336752,0.8473588136916335,
0.1,1.0,0.3,1,7,200,2.413567323344788,1.0476566483577048,1.0887088433787815,0.9622927697604878,0.7742611671564603,
0.1,1.0,0.3,1,7,300,2.2673395374583682,1.0412650804535297,1.0887088433787815,0.9564219917806388,0.7428749350322734,
0.1,1.0,0.3,1,7,400,2.0950080598934027,1.025847232109055,1.0887088433787815,0.9422604017115935,0.7442205957559387,
0.1,1.0,0.3,1,7,500,2.1133955780426277,1.034222008764524,1.0887088433787815,0.9499527950511002,0.7183362379085915,
0.1,1.0,0.3,1,7,600,2.05416362431039,1.044200750158795,1.0887088433787815,0.9591184608348945,0.707227135064558,
0.1,1.0,0.3,1,7,-1,2.05416362431039,1.044200750158795,1.0887088433787815,0.9591184608348945,0.707227135064558,600.0
0.1,1.0,0.3,2,0,100,2.608615451685308,1.0576673957133407,1.0887088433787815,0.97148783363502,0.7833320197077032,
0.1,1.0,0.3,2,0,200,2.2275135894918314,1.0614876170343543,1.0887088433787815,0.9749967803513502,0.7954502343207138,
0.1,1.0,0.3,2,0,300,2.068612166071911,1.037678415100987,1.0887088433787815,0.9531275707108039,0.7700659846566454,
0.1,1.0,0.3,2,0,400,2.0076350945750336,1.043921762384213,1.0887088433787815,0.9588622052011878,0.7411214015641956,
0.1,1.0,0.3,2,0,500,1.9054387814206688,1.0467327431868791,1.0887088433787815,0.9614441451016137,0.7029493432446905,
0.1,1.0,0.3,2,0,600,1.8282363679251923,1.0550521289444539,1.0887088433787815,0.9690856608366707,0.682121249301699,
0.1,1.0,0.3,2,0,-1,1.8282363679251923,1.0550521289444539,1.0887088433787815,0.9690856608366707,0.682121249301699,600.0
0.1,1.0,0.3,2,1,100,1.6279298978482644,1.0302058710883082,1.0887088433787815,0.9462638953965775,0.7244359569139825,
0.1,1.0,0.3,2,1,200,1.4968128196512223,1.0823603930048382,1.0887088433787815,0.9941688263004818,0.5707538264414802,
0.1,1.0,0.3,2,1,300,1.4922513939005426,1.0843529544176707,1.0887088433787815,0.9959990322595411,0.49996399520617535,
0.1,1.0,0.3,2,1,400,1.4911555349191938,1.102345390993303,1.0887088433787815,1.0125254311081011,0.4801407020480161,
0.1,1.0,0.3,2,1,500,1.4870907910849178,1.0922993663435188,1.0887088433787815,1.0032979643607873,0.467364553201308,
0.1,1.0,0.3,2,1,600,1.4931050104490933,1.081054959664726,1.0887088433787815,0.9929697606843151,0.46059021902638786,
0.1,1.0,0.3,2,1,-1,1.4931050104490933,1.081054959664726,1.0887088433787815,0.9929697606843151,0.46059021902638786,600.0
0.1,1.0,0.3,2,2,100,2.6426361125722675,0.8830349989143598,1.0887088433787815,0.8110846203599137,0.9399870686439021,
0.1,1.0,0.3,2,2,200,2.154091968497665,0.9491133954423142,1.0887088433787815,0.8717788977416255,0.8676544471458425,
0.1,1.0,0.3,2,2,300,1.9911279968889954,0.9508691698226028,1.0887088433787815,0.8733916102597307,0.8407887600737088,
0.1,1.0,0.3,2,2,400,1.8699334339559952,0.9602557725002612,1.0887088433787815,0.8820133852501195,0.8063243986371589,
0.1,1.0,0.3,2,2,500,1.7826801902206757,0.9633398999274569,1.0887088433787815,0.8848462155756491,0.7830288895479415,
0.1,1.0,0.3,2,2,600,1.7332022537889171,0.9659155371071982,1.0887088433787815,0.8872119878346012,0.7592213265774457,
0.1,1.0,0.3,2,2,-1,1.7332022537889171,0.9659155371071982,1.0887088433787815,0.8872119878346012,0.7592213265774457,600.0
0.1,1.0,0.3,2,3,100,1.677039564953374,1.1423424762222802,1.0887088433787815,1.0492635227220604,0.790756928504657,
0.1,1.0,0.3,2,3,200,1.1586277810767938,1.153392783977296,1.0887088433787815,1.0594134428060393,0.6450618215338545,
0.1,1.0,0.3,2,3,300,1.0744976371427257,1.1372497910429846,1.0887088433787815,1.04458579349237,0.5597037322971253,
0.1,1.0,0.3,2,3,400,1.0522320980075406,1.1394937843814796,1.0887088433787815,1.0466469445082198,0.551691580761581,
0.1,1.0,0.3,2,3,500,1.0275058996212605,1.1238972452773928,1.0887088433787815,1.032321223541645,0.5419418775049983,
0.1,1.0,0.3,2,3,600,1.0264127938485825,1.1147069158462344,1.0887088433787815,1.0238797293009658,0.5342913281925012,
0.1,1.0,0.3,2,3,-1,1.0264127938485825,1.1147069158462344,1.0887088433787815,1.0238797293009658,0.5342913281925012,600.0
0.1,1.0,0.3,2,4,100,2.5340559729597443,1.188874347239615,1.0887088433787815,1.0920039406954503,0.7121020504922475,
0.1,1.0,0.3,2,4,200,2.528664615251114,1.1873842680623203,1.0887088433787815,1.090635274328536,0.6854899554745703,
0.1,1.0,0.3,2,4,300,2.379359774741035,1.1613215881625367,1.0887088433787815,1.0666962018590787,0.6965680009068081,
0.1,1.0,0.3,2,4,400,2.256944310753462,1.1160171947217836,1.0887088433787815,1.0250832456345733,0.7166403327413424,
0.1,1.0,0.3,2,4,500,2.2208105636626474,1.114752268636011,1.0887088433787815,1.023921386710155,0.7087945288168143,
0.1,1.0,0.3,2,4,600,2.128461719369823,1.1226287594616475,1.0887088433787815,1.031156094936821,0.7080961938449526,
0.1,1.0,0.3,2,4,-1,2.128461719369823,1.1226287594616475,1.0887088433787815,1.031156094936821,0.7080961938449526,600.0
0.1,1.0,0.3,2,5,100,3.144035241519849,1.1336825532650354,1.0887088433787815,1.0413092170232392,0.9014490307259202,
0.1,1.0,0.3,2,5,200,2.6625315679117327,1.0621191747554053,1.0887088433787815,0.9755768782580513,0.8615073570125353,
0.1,1.0,0.3,2,5,300,2.493692848819503,1.0629021598884896,1.0887088433787815,0.9762960651534698,0.8327639376514397,
0.1,1.0,0.3,2,5,400,2.444593365226605,1.0553700702025606,1.0887088433787815,0.9693776959937656,0.8293207639652433,
0.1,1.0,0.3,2,5,500,2.32211371572275,1.0485753135909275,1.0887088433787815,0.9631365814359507,0.8221605601222688,
0.1,1.0,0.3,2,5,600,2.266223216784728,1.0476646775058693,1.0887088433787815,0.9623001446874146,0.8119703931881663,
0.1,1.0,0.3,2,5,-1,2.266223216784728,1.0476646775058693,1.0887088433787815,0.9623001446874146,0.8119703931881663,600.0
0.1,1.0,0.3,2,6,100,2.2376980023531123,1.1477944778327531,1.0887088433787815,1.0542712910006322,0.7790460750043968,
0.1,1.0,0.3,2,6,200,1.7000147480392938,1.1144311855939821,1.0887088433787815,1.0236264657641359,0.6299175236339344,
0.1,1.0,0.3,2,6,300,1.6298946694017458,1.0788163168833087,1.0887088433787815,0.9909135242579903,0.5507305262219091,
0.1,1.0,0.3,2,6,400,1.5814266106604127,1.0704640863619859,1.0887088433787815,0.9832418399760826,0.5209178613064763,
0.1,1.0,0.3,2,6,500,1.5453842176579613,1.0615576646332465,1.0887088433787815,0.9750611204174002,0.5020762401813814,
0.1,1.0,0.3,2,6,600,1.5329995332922075,1.0504236851306583,1.0887088433787815,0.9648343462249226,0.47928120505466676,
0.1,1.0,0.3,2,6,-1,1.5329995332922075,1.0504236851306583,1.0887088433787815,0.9648343462249226,0.47928120505466676,600.0
0.1,1.0,0.3,2,7,100,1.8311709468931738,1.1858810795891253,1.0887088433787815,1.0892545668213478,0.7913780275923001,
0.1,1.0,0.3,2,7,200,1.4700189587072394,1.1233061628992451,1.0887088433787815,1.0317783030154248,0.738245910241441,
0.1,1.0,0.3,2,7,300,1.3759549135492946,1.1122244823484124,1.0887088433787815,1.0215995664154345,0.7034213939684055,
0.1,1.0,0.3,2,7,400,1.2790456837696733,1.1018645282505415,1.0887088433787815,1.012083749435645,0.6917518749552587,
0.1,1.0,0.3,2,7,500,1.235424160064345,1.09910564298999,1.0887088433787815,1.009549660292041,0.6736507508615812,
0.1,1.0,0.3,2,7,600,1.1963933899438488,1.0766997700720549,1.0887088433787815,0.9889694353272113,0.661700534657877,
0.1,1.0,0.3,2,7,-1,1.1963933899438488,1.0766997700720549,1.0887088433787815,0.9889694353272113,0.661700534657877,600.0
0.1,1.0,0.6,0,0,100,0.46312132334324224,1.1257079203363993,1.0887088433787815,1.0339843633884631,0.5035478672500475,
0.1,1.0,0.6,0,0,200,0.17482675169030049,1.1132688051501198,1.0887088433787815,1.022558796982963,0.37605027356078335,
0.1,1.0,0.6,0,0,300,0.08004667599337466,1.1047695342665746,1.0887088433787815,1.0147520533019179,0.2981180704119239,
0.1,1.0,0.6,0,0,400,0.0508686914886118,1.0906947327638916,1.0887088433787815,1.0018240775733456,0.25369637273148293,
0.1,1.0,0.6,0,0,500,0.040865523914429595,1.1059341707766652,1.0887088433787815,1.015821794323288,0.23970188856273456,
0.1,1.0,0.6,0,0,600,0.03425657846337747,1.113936891661674,1.0887088433787815,1.0231724472859043,0.226886238941017,
0.1,1.0,0.6,0,0,-1,0.03425657846337747,1.113936891661674,1.0887088433787815,1.0231724472859043,0.226886238941017,100.0
0.1,1.0,0.6,0,1,100,1.053744849562242,1.015085330624932,1.0887088433787815,0.9323753883312266,0.6823086713298145,
0.1,1.0,0.6,0,1,200,0.29138955690033064,1.07529704785687,1.0887088433787815,0.987681008009186,0.40909764336342247,
0.1,1.0,0.6,0,1,300,0.1736152735811728,1.0747647490820935,1.0887088433787815,0.9871920813526114,0.3336424467628129,
0.1,1.0,0.6,0,1,400,0.11869568846987827,1.0690216022250238,1.0887088433787815,0.9819168905685943,0.28134850804396566,
0.1,1.0,0.6,0,1,500,0.10491713532795777,1.0360087346682412,1.0887088433787815,0.9515939371384301,0.26704305935810685,
0.1,1.0,0.6,0,1,600,0.08732862960903473,1.0456383041061086,1.0887088433787815,0.9604388817684216,0.2473003187536607,
0.1,1.0,0.6,0,1,-1,0.08732862960903473,1.0456383041061086,1.0887088433787815,0.9604388817684216,0.2473003187536607,200.0
0.1,1.0,0.6,0,2,100,0.7124862626498112,0.9361207131237491,1.0887088433787815,0.8598448692843544,0.5773951469643982,
0.1,1.0,0.6,0,2,200,0.18039843277610917,1.0169503517709493,1.0887088433787815,0.9340884461036144,0.35520586943405885,
0.1,1.0,0.6,0,2,300,0.09185802949068893,1.0031963742913617,1.0887088433787815,0.921455153407192,0.2678337669480418,
0.1,1.0,0.6,0,2,400,0.05792677740524982,0.996652912036381,1.0887088433787815,0.9154448575463875,0.2323956629567536,
0.1,1.0,0.6,0,2,500,0.046538417378666715,0.9900269308729686,1.0887088433787815,0.9093587664819953,0.21654565639602003,
0.1,1.0,0.6,0,2,600,0.03991375923697717,1.0097372203245913,1.0887088433787815,0.9274630462180287,0.20879421051730307,
0.1,1.0,0.6,0,2,-1,0.03991375923697717,1.0097372203245913,1.0887088433787815,0.9274630462180287,0.20879421051730307,100.0
0.1,1.0,0.6,0,3,100,0.9763686462319965,1.2074479648065328,1.0887088433787815,1.1090641654560711,0.6835812362278673,
0.1,1.0,0.6,0,3,200,0.29187965484020423,1.1981871393688475,1.0887088433787815,1.1005579192783101,0.42016021646380913,
0.1,1.0,0.6,0,3,300,0.12937107917303053,1.1610453799158023,1.0887088433787815,1.0664424992751287,0.2977957308684431,
0.1,1.0,0.6,0,3,400,0.0893112386493942,1.160917762939543,1.0887088433787815,1.0663252806293582,0.26495288521380056,
0.1,1.0,0.6,0,3,500,0.0760394648117336,1.1138802717373895,1.0887088433787815,1.0231204407970904,0.25691865296721794,
0.1,1.0,0.6,0,3,600,0.06731168340907082,1.1168261331686185,1.0887088433787815,1.025826271147551,0.25209191392903035,
0.1,1.0,0.6,0,3,-1,0.06731168340907082,1.1168261331686185,1.0887088433787815,1.025826271147551,0.25209191392903035,100.0
0.1,1.0,0.6,0,4,100,0.2913286560620334,1.0908264340318314,1.0887088433787815,1.0019450477195335,0.48234937112574117,
0.1,1.0,0.6,0,4,200,0.07733862474333832,1.1009155644151052,1.0887088433787815,1.0112121079116436,0.2732585068361231,
0.1,1.0,0.6,0,4,300,0.05156121556775325,1.086717904108816,1.0887088433787815,0.998171284010345,0.2315286317191093,
0.1,1.0,0.6,0,4,400,0.0438016955617346,1.0683570309289727,1.0887088433787815,0.9813064690586627,0.21869441322011224,
0.1,1.0,0.6,0,4,500,0.0399032016776847,1.0683926158758559,1.0887088433787815,0.9813391545163951,0.20860043633587236,
0.1,1.0,0.6,0,4,600,0.03680147088124976,1.0752234821250972,1.0887088433787815,0.9876134364704591,0.2015242468276227,
0.1,1.0,0.6,0,4,-1,0.03680147088124976,1.0752234821250972,1.0887088433787815,0.9876134364704591,0.2015242468276227,100.0
0.1,1.0,0.6,0,5,100,1.6539606549230013,1.1089939909609265,1.0887088433787815,1.0186322979789442,0.6742018622268083,
0.1,1.0,0.6,0,5,200,0.530280259190022,1.0472928428419241,1.0887088433787815,0.9619586074011085,0.4951654906170608,
0.1,1.0,0.6,0,5,300,0.22487204421844914,1.0542730515918857,1.0887088433787815,0.9683700633127722,0.3707202846963263,
0.1,1.0,0.6,0,5,400,0.1426446533724447,1.0805185177757903,1.0887088433787815,0.9924770284977454,0.3257552973446569,
0.1,1.0,0.6,0,5,500,0.11245890457578098,1.0983412950207019,1.0887088433787815,1.0088475919898163,0.30903973771909127,
0.1,1.0,0.6,0,5,600,0.09174762419201922,1.112813847904473,1.0887088433787815,1.0221409100075665,0.29288230732504184,
0.1,1.0,0.6,0,5,-1,0.09174762419201922,1.112813847904473,1.0887088433787815,1.0221409100075665,0.29288230732504184,200.0
0.1,1.0,0.6,0,6,100,0.3821353146175659,1.0609499455250861,1.0887088433787815,0.9745029187348692,0.5061975995729506,
0.1,1.0,0.6,0,6,200,0.08542123143196513,1.0351426594589364,1.0887088433787815,0.9507984304108307,0.2732150163393291,
0.1,1.0,0.6,0,6,300,0.05766695448208266,1.0129984471719067,1.0887088433787815,0.930458545765175,0.23733640805783923,
0.1,1.0,0.6,0,6,400,0.045813643758299154,1.0231183310176837,1.0887088433787815,0.9397538536037429,0.2175795478083032,
0.1,1.0,0.6,0,6,500,0.04202122213838422,1.0396289249554482,1.0887088433787815,0.9549191515051766,0.20639908417714517,
0.1,1.0,0.6,0,6,600,0.03944498645983146,1.0238851325619445,1.0887088433787815,0.9404581755617432,0.19673421360108923,
0.1,1.0,0.6,0,6,-1,0.03944498645983146,1.0238851325619445,1.0887088433787815,0.9404581755617432,0.19673421360108923,100.0
0.1,1.0,0.6,0,7,100,0.8382180051403729,1.0072215684476862,1.0887088433787815,0.9251523716127799,0.7204865240713323,
0.1,1.0,0.6,0,7,200,0.17971916327689683,1.0786380296590241,1.0887088433787815,0.9907497640154158,0.4348266881360904,
0.1,1.0,0.6,0,7,300,0.07175398831022936,1.0864883400736043,1.0887088433787815,0.9979604250312821,0.3196418417349362,
0.1,1.0,0.6,0,7,400,0.054201413424654316,1.0788046450178719,1.0887088433787815,0.9909028034252279,0.2803305167498228,
0.1,1.0,0.6,0,7,500,0.04115814577247311,1.0750278805188238,1.0887088433787815,0.9874337726352078,0.26071675564620833,
0.1,1.0,0.6,0,7,600,0.03468368998801506,1.0759531157329243,1.0887088433787815,0.9882836189643963,0.24711912306022515,
0.1,1.0,0.6,0,7,-1,0.03468368998801506,1.0759531157329243,1.0887088433787815,0.9882836189643963,0.24711912306022515,100.0
0.1,1.0,0.6,1,0,100,1.7698545432574169,0.9627014536858388,1.0887088433787815,0.8842597904303948,0.6454948404736011,
0.1,1.0,0.6,1,0,200,1.3807224532093663,0.9586657857348325,1.0887088433787815,0.8805529518430626,0.6693248196469871,
0.1,1.0,0.6,1,0,300,0.9953063957227787,0.9949547200606882,1.0887088433787815,0.9138850355737631,0.6358904113326636,
0.1,1.0,0.6,1,0,400,0.7553581449417076,0.9730433468794998,1.0887088433787815,0.8937590181224976,0.6060937072166721,
0.1,1.0,0.6,1,0,500,0.5664548488842919,0.9447108246738342,1.0887088433787815,0.867735051863772,0.5567702880372105,
0.1,1.0,0.6,1,0,600,0.4562821718578675,0.9587034084738865,1.0887088433787815,0.8805875090520746,0.5291762556161721,
0.1,1.0,0.6,1,0,-1,0.4562821718578675,0.9587034084738865,1.0887088433787815,0.8805875090520746,0.5291762556161721,300.0
0.1,1.0,0.6,1,1,100,1.4626788383007798,0.9697160839178492,1.0887088433787815,0.8907028631349764,0.5178815691802346,
0.1,1.0,0.6,1,1,200,1.4461267023188944,0.9929074411203387,1.0887088433787815,0.9120045705138892,0.4538664896280451,
0.1,1.0,0.6,1,1,300,1.4398042681076337,1.0141980247123288,1.0887088433787815,0.9315603807945473,0.434229509435609,
0.1,1.0,0.6,1,1,400,1.4437024082209091,1.005456834589872,1.0887088433787815,0.9235314296423469,0.4288935258902332,
0.1,1.0,0.6,1,1,500,1.4268014496648365,1.001823619139378,1.0887088433787815,0.9201942514127492,0.4242765130714133,
0.1,1.0,0.6,1,1,600,1.4368415507136125,1.0124011339590742,1.0887088433787815,0.9299099020975267,0.41565352638177194,
0.1,1.0,0.6,1,1,-1,1.4368415507136125,1.0124011339590742,1.0887088433787815,0.9299099020975267,0.41565352638177194,600.0
0.1,1.0,0.6,1,2,100,1.6112760798508086,0.9661870810560936,1.0887088433787815,0.8874614061713281,0.6465446840500728,
0.1,1.0,0.6,1,2,200,1.3508203934153065,0.9568423330935139,1.0887088433787815,0.8788780755412777,0.5727286169436749,
0.1,1.0,0.6,1,2,300,1.2226993878446155,0.9643038900127275,1.0887088433787815,0.8857316589989604,0.5377642189156299,
0.1,1.0,0.6,1,2,400,1.1522055725003228,0.9430844279637642,1.0887088433787815,0.8662411752226836,0.5151551386891323,
0.1,1.0,0.6,1,2,500,1.1012744720237573,0.9235877563614827,1.0887088433787815,0.8483331075874708,0.4966946144290846,
0.1,1.0,0.6,1,2,600,1.05579902027351,0.9628451160867004,1.0887088433787815,0.8843917471070906,0.4900861736813116,
0.1,1.0,0.6,1,2,-1,1.05579902027351,0.9628451160867004,1.0887088433787815,0.8843917471070906,0.4900861736813116,600.0
0.1,1.0,0.6,1,3,100,1.2999077527987593,0.9090548812775396,1.0887088433787815,0.8349843824693385,0.7398476033318485,
0.1,1.0,0.6,1,3,200,0.8090055908720851,0.8594405334254742,1.0887088433787815,0.7894126502713263,0.6496011570487171,
0.1,1.0,0.6,1,3,300,0.5868108028400022,0.8694875339908968,1.0887088433787815,0.7986410134159133,0.5730502120046697,
0.1,1.0,0.6,1,3,400,0.39625398843186277,0.8602544291934797,1.0887088433787815,0.7901602291790898,0.5026464797954887,
0.1,1.0,0.6,1,3,500,0.2618840311090841,0.8735779761153731,1.0887088433787815,0.8023981631344567,0.4336152025272066,
0.1,1.0,0.6,1,3,600,0.18593623221739553,0.8905188765884717,1.0887088433787815,0.8179587058600241,0.3888604988501241,
0.1,1.0,0.6,1,3,-1,0.18593623221739553,0.8905188765884717,1.0887088433787815,0.8179587058600241,0.3888604988501241,200.0
0.1,1.0,0.6,1,4,100,1.329100115022465,1.0050159174192548,1.0887088433787815,0.9231264387457461,0.4463737884643899,
0.1,1.0,0.6,1,4,200,1.2558438881665757,1.0094326290378262,1.0887088433787815,0.9271832732662265,0.4229472612517328,
0.1,1.0,0.6,1,4,300,1.3043329043600758,1.048344371862465,1.0887088433787815,0.9629244570191546,0.39087250588184613,
0.1,1.0,0.6,1,4,400,1.2720891163395847,1.049790905984153,1.0887088433787815,0.9642531264154633,0.39327048242086954,
0.1,1.0,0.6,1,4,500,1.2626390447708409,1.0464597226582837,1.0887088433787815,0.9611933704980492,0.38297515047805847,
0.1,1.0,0.6,1,4,600,1.2753739827569304,1.0398057344510592,1.0887088433787815,0.9550815544255591,0.37848751419705884,
0.1,1.0,0.6,1,4,-1,1.2753739827569304,1.0398057344510592,1.0887088433787815,0.9550815544255591,0.37848751419705884,600.0
0.1,1.0,0.6,1,5,100,2.3506428600610954,0.9701258362147649,1.0887088433787815,0.8910792284960255,0.6828420145737912,
0.1,1.0,0.6,1,5,200,2.0988048456122566,0.9343598857336703,1.0887088433787815,0.8582275154796273,0.6693224025959128,
0.1,1.0,0.6,1,5,300,1.9144726988025638,0.9503911526532094,1.0887088433787815,0.872952542301111,0.6754157743486765,
0.1,1.0,0.6,1,5,400,1.7041096135702503,0.9532998741972237,1.0887088433787815,0.8756242589512552,0.6615632570801521,
0.1,1.0,0.6,1,5,500,1.5172751059781777,0.9536732476019092,1.0887088433787815,0.8759672096005093,0.6278459052386491,
0.1,1.0,0.6,1,5,600,1.4438903576149196,0.9608884851310852,1.0887088433787815,0.8825945439636469,0.5896434276164424,
0.1,1.0,0.6,1,5,-1,1.4438903576149196,0.9608884851310852,1.0887088433787815,0.8825945439636469,0.5896434276164424,600.0
0.1,1.0,0.6,1,6,100,1.9464544179051244,0.977109537271321,1.0887088433787815,0.8974938921584261,0.6481195444257777,
0.1,1.0,0.6,1,6,200,1.5459265081769236,0.992074296891637,1.0887088433787815,0.911239311524979,0.5968460526142184,
0.1,1.0,0.6,1,6,300,1.3495623120961324,0.9685259202873403,1.0887088433787815,0.8896096749628152,0.5488244853985502,
0.1,1.0,0.6,1,6,400,1.3085475135566509,0.9526568051991666,1.0887088433787815,0.8750335877153522,0.5215403273305277,
0.1,1.0,0.6,1,6,500,1.2422944677416448,0.9448132460793144,1.0887088433787815,0.8678291278934682,0.4992630839826363,
0.1,1.0,0.6,1,6,600,1.2081036656806325,0.9446529574086981,1.0887088433787815,0.8676818996684096,0.493086971898462,
0.1,1.0,0.6,1,6,-1,1.2081036656806325,0.9446529574086981,1.0887088433787815,0.8676818996684096,0.493086971898462,600.0
0.1,1.0,0.6,1,7,100,1.1862256504348017,1.0324684970282516,1.0887088433787815,0.9483421608150171,0.4299076879840555,
0.1,1.0,0.6,1,7,200,1.057644449311714,1.0054777530329302,1.0887088433787815,0.9235506436343939,0.4195445831786698,
0.1,1.0,0.6,1,7,300,0.9487759857492425,1.0204078689065992,1.0887088433787815,0.9372642420537232,0.42160883502273483,
0.1,1.0,0.6,1,7,400,0.8296056425905839,1.0067981506416477,1.0887088433787815,0.9247634542189205,0.4273579852238249,
0.1,1.0,0.6,1,7,500,0.7829631550916021,1.0133945221034968,1.0887088433787815,0.9308223482032638,0.4201702152822089,
0.1,1.0,0.6,1,7,600,0.6822192895044982,1.0112871466089683,1.0887088433787815,0.9288866833031899,0.4174976966437441,
0.1,1.0,0.6,1,7,-1,0.6822192895044982,1.0112871466089683,1.0887088433787815,0.9288866833031899,0.4174976966437441,300.0
0.1,1.0,0.6,2,0,100,1.4301642640018017,1.0426049883473523,1.0887088433787815,0.9576527229370646,0.4242985881526487,
0.1,1.0,0.6,2,0,200,1.3147369858054838,1.0307940981928718,1.0887088433787815,0.9468041932991261,0.45537283939292195,
0.1,1.0,0.6,2,0,300,1.3631646856962685,1.0162660959653027,1.0887088433787815,0.9334599439932402,0.42354667778609134,
0.1,1.0,0.6,2,0,400,1.3741198948470539,1.0401690737836782,1.0887088433787815,0.9554152885867434,0.40731510607646926,
0.1,1.0,0.6,2,0,500,1.4087348024741073,1.0148340951421333,1.0887088433787815,0.9321446237109825,0.3912260154015193,
0.1,1.0,0.6,2,0,600,1.4135531757731419,1.0332364156846476,1.0887088433787815,0.9490475088619869,0.3859870096013787,
0.1,1.0,0.6,2,0,-1,1.4135531757731419,1.0332364156846476,1.0887088433787815,0.9490475088619869,0.3859870096013787,600.0
0.1,1.0,0.6,2,1,100,1.3924269316994815,1.031872240829817,1.0887088433787815,0.9477944880354114,0.5248121591896276,
0.1,1.0,0.6,2,1,200,1.40194723377365,1.0961036961138215,1.0887088433787815,1.0067923143823194,0.4447058815848365,
0.1,1.0,0.6,2,1,300,1.435084250283616,1.0715614369744766,1.0887088433787815,0.9842497776071256,0.4093162554806168,
0.1,1.0,0.6,2,1,400,1.4473129952389423,1.1029695368907104,1.0887088433787815,1.0130987211123144,0.39796897481743865,
0.1,1.0,0.6,2,1,500,1.463196000439603,1.106313709638497,1.0887088433787815,1.0161704080634444,0.38811963580586606,
0.1,1.0,0.6,2,1,600,1.473244612044978,1.110063700875563,1.0887088433787815,1.0196148470976933,0.3853522274064174,
0.1,1.0,0.6,2,1,-1,1.473244612044978,1.110063700875563,1.0887088433787815,1.0196148470976933,0.3853522274064174,600.0
0.1,1.0,0.6,2,2,100,1.587721235874516,0.9148815750396281,1.0887088433787815,0.8403363126915689,0.5965898176155988,
0.1,1.0,0.6,2,2,200,1.5105949891853554,0.9394480536170497,1.0887088433787815,0.8629010954861867,0.49846949081158193,
0.1,1.0,0.6,2,2,300,1.5024353634464311,0.8796791654680863,1.0887088433787815,0.8080022228330794,0.45309746887982916,
0.1,1.0,0.6,2,2,400,1.50094362679698,0.9314691893099074,1.0887088433787815,0.8555723552489161,0.4382725588331495,
0.1,1.0,0.6,2,2,500,1.495362415702856,0.9261284216413807,1.0887088433787815,0.8506667574841806,0.4233445511539214,
0.1,1.0,0.6,2,2,600,1.494792359827691,0.93713686208075,1.0887088433787815,0.8607782216339572,0.415611656308605,
0.1,1.0,0.6,2,2,-1,1.494792359827691,0.93713686208075,1.0887088433787815,0.8607782216339572,0.415611656308605,600.0
0.1,1.0,0.6,2,3,100,1.215304219975542,1.103910953602484,1.0887088433787815,1.0139634304581593,0.48122382226536725,
0.1,1.0,0.6,2,3,200,1.2045288879052911,1.0310476763243037,1.0887088433787815,0.9470371096871706,0.45431023086688077,
0.1,1.0,0.6,2,3,300,1.1549777022828474,1.0084421728300015,1.0887088433787815,0.9262735202006127,0.4480788807906696,
0.1,1.0,0.6,2,3,400,1.1653708311089293,1.017903205422261,1.0887088433787815,0.934963660498268,0.44653470237522624,
0.1,1.0,0.6,2,3,500,1.153613380266722,1.0031911385559185,1.0887088433787815,0.9214503442835452,0.4510918140547965,
0.1,1.0,0.6,2,3,600,1.1525863137861831,0.9884872654833252,1.0887088433787815,0.9079445542258837,0.4456238619233556,
0.1,1.0,0.6,2,3,-1,1.1525863137861831,0.9884872654833252,1.0887088433787815,0.9079445542258837,0.4456238619233556,600.0
0.1,1.0,0.6,2,4,100,1.4977773980693603,1.1579335259930288,1.0887088433787815,1.063584201630447,0.4007146157897367,
0.1,1.0,0.6,2,4,200,1.5065796409013215,1.15142797414833,1.0887088433787815,1.0576087272102073,0.3542432368274174,
0.1,1.0,0.6,2,4,300,1.3928400485748464,1.101162072617062,1.0887088433787815,1.0114385304335658,0.36858815529357375,
0.1,1.0,0.6,2,4,400,1.4067099425503313,1.058030073078426,1.0887088433787815,0.9718209597663002,0.36424116404584755,
0.1,1.0,0.6,2,4,500,1.4055475502304358,1.055781399179848,1.0887088433787815,0.9697555095660434,0.3572856030149727,
0.1,1.0,0.6,2,4,600,1.3915928254618783,1.0762873862248177,1.0887088433787815,0.9885906528366077,0.35304225485777707,
0.1,1.0,0.6,2,4,-1,1.3915928254618783,1.0762873862248177,1.0887088433787815,0.9885906528366077,0.35304225485777707,600.0
0.1,1.0,0.6,2,5,100,0.46167806739343065,1.0931619398373469,1.0887088433787815,1.004090254695411,0.5549776557692678,
0.1,1.0,0.6,2,5,200,0.19686728759735034,1.0409855152638912,1.0887088433787815,0.9561652057801036,0.37326289674103,
0.1,1.0,0.6,2,5,300,0.10347483841660568,1.0355400342677596,1.0887088433787815,0.9511634268111447,0.3165492524330124,
0.1,1.0,0.6,2,5,400,0.08394124499729516,1.0438940662597638,1.0887088433787815,0.9588367657785013,0.2963536137460254,
0.1,1.0,0.6,2,5,500,0.06591585577217779,1.0298903542140483,1.0887088433787815,0.9459740870826479,0.26488653270580936,
0.1,1.0,0.6,2,5,600,0.053186421210670805,1.0317567245362085,1.0887088433787815,0.9476883840992569,0.2461208023143988,
0.1,1.0,0.6,2,5,-1,0.053186421210670805,1.0317567245362085,1.0887088433787815,0.9476883840992569,0.2461208023143988,100.0
0.1,1.0,0.6,2,6,100,2.1462646539631476,1.049642573628407,1.0887088433787815,0.9641168802954394,0.6075408691435881,
0.1,1.0,0.6,2,6,200,1.7048212049221352,1.0172741323739203,1.0887088433787815,0.934385844811212,0.5569495087951875,
0.1,1.0,0.6,2,6,300,1.6018961489582872,0.9721055880994678,1.0887088433787815,0.8928976686572708,0.4976185407621155,
0.1,1.0,0.6,2,6,400,1.5619929256222436,0.987373285756919,1.0887088433787815,0.9069213424340615,0.4600026172039397,
0.1,1.0,0.6,2,6,500,1.5206062739336847,0.9638620390080587,1.0887088433787815,0.8853258103578329,0.45531627425219895,
0.1,1.0,0.6,2,6,600,1.5169366736827283,0.9573004609284765,1.0887088433787815,0.8792988747639063,0.4325742997677987,
0.1,1.0,0.6,2,6,-1,1.5169366736827283,0.9573004609284765,1.0887088433787815,0.8792988747639063,0.4325742997677987,600.0
0.1,1.0,0.6,2,7,100,0.9618776857343498,1.1162884658009056,1.0887088433787815,1.025332413335168,0.5461979302091171,
0.1,1.0,0.6,2,7,200,0.7463035173481288,1.0660306266020587,1.0887088433787815,0.9791696219658311,0.4569584678300146,
0.1,1.0,0.6,2,7,300,0.6548056734044111,1.0570262967480502,1.0887088433787815,0.9708989719120814,0.4339532729000746,
0.1,1.0,0.6,2,7,400,0.5607292444660615,1.057552614913727,1.0887088433787815,0.9713824052642378,0.4144462162208819,
0.1,1.0,0.6,2,7,500,0.5278536680438726,1.0678707127393654,1.0887088433787815,0.9808597764534129,0.40585702888878444,
0.1,1.0,0.6,2,7,600,0.4726113779809776,1.0347896595005357,1.0887088433787815,0.9504741931636113,0.3923583090439558,
0.1,1.0,0.6,2,7,-1,0.4726113779809776,1.0347896595005357,1.0887088433787815,0.9504741931636113,0.3923583090439558,100.0
0.9,0.0,0.3,0,0,100,3.7315642876993214,0.9407953027405209,1.0887088433787815,0.8641385697031592,1.028536540378013,
0.9,0.0,0.3,0,0,200,3.617045945251066,0.8937678795855224,1.0887088433787815,0.8209429775657332,1.0661164832114627,
0.9,0.0,0.3,0,0,300,3.5484656454127776,0.8816646762762451,1.0887088433787815,0.809825952676218,1.0753164942375903,
0.9,0.0,0.3,0,0,400,3.5415563054606167,0.8660011539265315,1.0887088433787815,0.795438706310971,1.0879645906032944,
0.9,0.0,0.3,0,0,500,3.55168593877285,0.8641927463385317,1.0887088433787815,0.7937776491798583,1.0773017126545796,
0.9,0.0,0.3,0,0,600,3.558762727295555,0.8703428478079662,1.0887088433787815,0.7994266355978871,1.0690568214867646,
0.9,0.0,0.3,0,0,-1,3.558762727295555,0.8703428478079662,1.0887088433787815,0.7994266355978871,1.0690568214867646,600.0
0.9,0.0,0.3,0,1,100,3.9137989540005726,0.9979369284098838,1.0887088433787815,0.9166242512670428,1.0347214373723255,
0.9,0.0,0.3,0,1,200,3.8900256184566873,1.0075973397380604,1.0887088433787815,0.9254975247661317,1.021672191019925,
0.9,0.0,0.3,0,1,300,3.8327277957657735,1.004837217128291,1.0887088433787815,0.9229622990934869,1.013236974974547,
0.9,0.0,0.3,0,1,400,3.8419440094667774,0.9971508694838218,1.0887088433787815,0.9159022410336893,1.0212628622887134,
0.9,0.0,0.3,0,1,500,3.8580363032501688,1.0030045334083562,1.0887088433787815,0.9212789438685516,1.0143189709259612,
0.9,0.0,0.3,0,1,600,3.881612334066209,1.0200219867286155,1.0887088433787815,0.9369098018557488,0.9957425231277202,
0.9,0.0,0.3,0,1,-1,3.881612334066209,1.0200219867286155,1.0887088433787815,0.9369098018557488,0.9957425231277202,600.0
0.9,0.0,0.3,0,2,100,3.5700828081849405,0.8806470984883996,1.0887088433787815,0.8088912879180192,1.0159491536178684,
0.9,0.0,0.3,0,2,200,3.556356186948605,0.9015886856574216,1.0887088433787815,0.8281265382757091,0.9606138103903198,
0.9,0.0,0.3,0,2,300,3.518688731037873,0.896187180343886,1.0887088433787815,0.8231651518165232,0.9538347800695439,
0.9,0.0,0.3,0,2,400,3.538095787655723,0.9041448822730513,1.0887088433787815,0.8304744540028348,0.9517431314469145,
0.9,0.0,0.3,0,2,500,3.526472946378079,0.9062393718214588,1.0887088433787815,0.8323982829137007,0.9483278380569873,
0.9,0.0,0.3,0,2,600,3.554442652893129,0.9154075874736087,1.0887088433787815,0.8408194652232855,0.9396668337096075,
0.9,0.0,0.3,0,2,-1,3.554442652893129,0.9154075874736087,1.0887088433787815,0.8408194652232855,0.9396668337096075,600.0
0.9,0.0,0.3,0,3,100,3.694007885692964,0.9661244227001127,1.0887088433787815,0.8874038532669294,1.0698464566804247,
0.9,0.0,0.3,0,3,200,3.7282286927759145,1.0122515734882747,1.0887088433787815,0.9297725279302191,1.0039786693448083,
0.9,0.0,0.3,0,3,300,3.677498354755988,0.9974573359379637,1.0887088433787815,0.9161837363627717,0.9966612473267021,
0.9,0.0,0.3,0,3,400,3.686057316963793,0.9735976572508701,1.0887088433787815,0.8942681628536546,0.997102239927106,
0.9,0.0,0.3,0,3,500,3.6437916975360896,0.9317311040365331,1.0887088433787815,0.8558129289598937,1.0123309403703467,
0.9,0.0,0.3,0,3,600,3.6373849065779305,0.9198842747078686,1.0887088433787815,0.8449313884996379,1.0184256949590194,
0.9,0.0,0.3,0,3,-1,3.6373849065779305,0.9198842747078686,1.0887088433787815,0.8449313884996379,1.0184256949590194,600.0
0.9,0.0,0.3,0,4,100,4.389584490416119,1.0734601333566072,1.0887088433787815,0.9859937667311948,0.988820611232128,
0.9,0.0,0.3,0,4,200,4.583490901738063,1.0767748448628345,1.0887088433787815,0.9890383929656434,1.0182954160224489,
0.9,0.0,0.3,0,4,300,4.537825891990648,1.0523442957581182,1.0887088433787815,0.9665984640045663,1.0470677721397412,
0.9,0.0,0.3,0,4,400,4.465294406196081,1.0258323840833534,1.0887088433787815,0.9422467635145753,1.0706865229564873,
0.9,0.0,0.3,0,4,500,4.469706464805287,1.0204122462877963,1.0887088433787815,0.9372682627624954,1.0876982496662535,
0.9,0.0,0.3,0,4,600,4.494503956091422,1.0218782822482013,1.0887088433787815,0.9386148449725336,1.091040986282437,
0.9,0.0,0.3,0,4,-1,4.494503956091422,1.0218782822482013,1.0887088433787815,0.9386148449725336,1.091040986282437,600.0
0.9,0.0,0.3,0,5,100,4.414265701035992,1.055357577453936,1.0887088433787815,0.9693662211640162,1.027169950297262,
0.9,0.0,0.3,0,5,200,4.374795488696572,1.046283165520959,1.0887088433787815,0.9610311993736035,1.0618587039183625,
0.9,0.0,0.3,0,5,300,4.297032891501405,1.0162554301216318,1.0887088433787815,0.9334501472108077,1.0871680617920205,
0.9,0.0,0.3,0,5,400,4.376909059220903,1.0367248329328684,1.0887088433787815,0.9522516871594595,1.0667387319745387,
0.9,0.0,0.3,0,5,500,4.398294536647362,1.03225075259642,1.0887088433787815,0.9481421583688572,1.0719171350190386,
0.9,0.0,0.3,0,5,600,4.360198710654211,1.0356039218557402,1.0887088433787815,0.9512221087887636,1.0845778106025086,
0.9,0.0,0.3,0,5,-1,4.360198710654211,1.0356039218557402,1.0887088433787815,0.9512221087887636,1.0845778106025086,600.0
0.9,0.0,0.3,0,6,100,4.306220975302489,1.0463843148854404,1.0887088433787815,0.9611241070091908,1.0427527207742096,
0.9,0.0,0.3,0,6,200,4.288344550103697,1.0406109313627174,1.0887088433787815,0.9558211432665566,1.0645311457357336,
0.9,0.0,0.3,0,6,300,4.1940504932285005,1.0014731849165162,1.0887088433787815,0.9198723708429413,1.072834920529131,
0.9,0.0,0.3,0,6,400,4.188913564202377,0.9987086829092869,1.0887088433787815,0.917333122609548,1.088132464998196,
0.9,0.0,0.3,0,6,500,4.186339020284197,0.9841201773698172,1.0887088433787815,0.9039332998486759,1.0972251785764515,
0.9,0.0,0.3,0,6,600,4.205865122066776,0.9888988343198083,1.0887088433787815,0.9083225881134434,1.0941963334076772,
0.9,0.0,0.3,0,6,-1,4.205865122066776,0.9888988343198083,1.0887088433787815,0.9083225881134434,1.0941963334076772,600.0
0.9,0.0,0.3,0,7,100,3.765202897061233,1.0021871983102502,1.0887088433787815,0.9205282058699794,0.904589943201429,
0.9,0.0,0.3,0,7,200,3.635319931795614,0.9621375874270872,1.0887088433787815,0.8837418684329931,0.9296703915887966,
0.9,0.0,0.3,0,7,300,3.559610618665748,0.9619954539908973,1.0887088433787815,0.8836113161397382,0.9204781417960632,
0.9,0.0,0.3,0,7,400,3.5612303194747925,0.9584225762464804,1.0887088433787815,0.8803295592529947,0.9296464223345172,
0.9,0.0,0.3,0,7,500,3.560955787135285,0.9548642435356804,1.0887088433787815,0.8770611622592156,0.9305632879665049,
0.9,0.0,0.3,0,7,600,3.580982941065729,0.9703434545568783,1.0887088433787815,0.8912791151263555,0.9156466905052695,
0.9,0.0,0.3,0,7,-1,3.580982941065729,0.9703434545568783,1.0887088433787815,0.8912791151263555,0.9156466905052695,600.0
0.9,0.0,0.3,1,0,100,3.3030886292471706,0.8909362434110255,1.0887088433787815,0.8183420653092396,1.0479753539836716,
0.9,0.0,0.3,1,0,200,3.4162041158235112,0.927361797631262,1.0887088433787815,0.851799637039061,1.0352291058273386,
0.9,0.0,0.3,1,0,300,3.425318218521764,0.9558672817913769,1.0887088433787815,0.877982472177654,1.0185192385100623,
0.9,0.0,0.3,1,0,400,3.4100385454828404,0.9645200271116512,1.0887088433787815,0.8859301850789479,1.0225873949156605,
0.9,0.0,0.3,1,0,500,3.3684933548543974,0.9393048802303994,1.0887088433787815,0.8627695879784437,1.0460136666722235,
0.9,0.0,0.3,1,0,600,3.372013146781818,0.9483784380811793,1.0887088433787815,0.871103825277941,1.0415626849224362,
0.9,0.0,0.3,1,0,-1,3.372013146781818,0.9483784380811793,1.0887088433787815,0.871103825277941,1.0415626849224362,600.0
0.9,0.0,0.3,1,1,100,3.549279039185228,0.8633329439335607,1.0887088433787815,0.7929879041436165,0.9846639656715398,
0.9,0.0,0.3,1,1,200,3.569585885925516,0.8540421461084902,1.0887088433787815,0.7844541277519076,0.9558828646997708,
0.9,0.0,0.3,1,1,300,3.586893117383036,0.8852377662280386,1.0887088433787815,0.813107904479516,0.9360104501096851,
0.9,0.0,0.3,1,1,400,3.6032442499152015,0.8652357471811495,1.0887088433787815,0.7947356655025519,0.9313253280076712,
0.9,0.0,0.3,1,1,500,3.6134867086179696,0.8465441569042318,1.0887088433787815,0.7775670805401034,0.926247279729537,
0.9,0.0,0.3,1,1,600,3.6217470542019683,0.8448499795240848,1.0887088433787815,0.776010946050657,0.9178288470517817,
0.9,0.0,0.3,1,1,-1,3.6217470542019683,0.8448499795240848,1.0887088433787815,0.776010946050657,0.9178288470517817,600.0
0.9,0.0,0.3,1,2,100,3.2393856249260544,0.6630729337672377,1.0887088433787815,0.6090452353720275,1.119780802969867,
0.9,0.0,0.3,1,2,200,3.5162571283913753,0.6193511885875127,1.0887088433787815,0.568885971997225,1.1784174039174014,
0.9,0.0,0.3,1,2,300,3.5905936299919343,0.5980768835929724,1.0887088433787815,0.5493451139212348,1.1780264913954261,
0.9,0.0,0.3,1,2,400,3.6515863237305686,0.5882345917228693,1.0887088433787815,0.540304779648246,1.1717166842990214,
0.9,0.0,0.3,1,2,500,3.7092928410207726,0.5716047241561761,1.0887088433787815,0.5250299266259423,1.174290153757371,
0.9,0.0,0.3,1,2,600,3.7872813405735783,0.5660168079080063,1.0887088433787815,0.5198973181400703,1.175585176651287,
0.9,0.0,0.3,1,2,-1,3.7872813405735783,0.5660168079080063,1.0887088433787815,0.5198973181400703,1.175585176651287,600.0
0.9,0.0,0.3,1,3,100,3.443718069250606,0.8520778035815861,1.0887088433787815,0.782649841382002,1.0141805920291005,
0.9,0.0,0.3,1,3,200,3.5175575956584133,0.7976831784192592,1.0887088433787815,0.732687332587167,1.0328554777417245,
0.9,0.0,0.3,1,3,300,3.504147506161006,0.8071940391229679,1.0887088433787815,0.7414232409629932,1.0171248461385456,
0.9,0.0,0.3,1,3,400,3.5501349151888335,0.8092856891287189,1.0887088433787815,0.7433444616993469,0.9881974888886049,
0.9,0.0,0.3,1,3,500,3.578866518341721,0.8110416328825054,1.0887088433787815,0.7449573297902655,0.9732529014312774,
0.9,0.0,0.3,1,3,600,3.5903395942769,0.809930696969483,1.0887088433787815,0.7439369137995452,0.974586106948489,
0.9,0.0,0.3,1,3,-1,3.5903395942769,0.809930696969483,1.0887088433787815,0.7439369137995452,0.974586106948489,600.0
0.9,0.0,0.3,1,4,100,3.196034908595393,0.7920629168879945,1.0887088433787815,0.7275250143370255,1.1321099705316844,
0.9,0.0,0.3,1,4,200,3.3154661391743128,0.8044620548352855,1.0887088433787815,0.7389138608800652,1.1393615739508243,
0.9,0.0,0.3,1,4,300,3.3402529311833975,0.799425617528676,1.0887088433787815,0.7342877964026433,1.1555329264104433,
0.9,0.0,0.3,1,4,400,3.3663530137346265,0.8216155988605347,1.0887088433787815,0.7546697207957553,1.133017617255359,
0.9,0.0,0.3,1,4,500,3.384411669009108,0.8185668072065284,1.0887088433787815,0.7518693470571307,1.135050109098797,
0.9,0.0,0.3,1,4,600,3.393744000354838,0.8206307389721581,1.0887088433787815,0.753765108057128,1.1361348440592867,
0.9,0.0,0.3,1,4,-1,3.393744000354838,0.8206307389721581,1.0887088433787815,0.753765108057128,1.1361348440592867,600.0
0.9,0.0,0.3,1,5,100,2.9760466248828945,0.9273532814041225,1.0887088433787815,0.851791814720733,0.8884513408890322,
0.9,0.0,0.3,1,5,200,2.891504763485076,0.9408301939993271,1.0887088433787815,0.8641706179950587,0.8622058048541293,
0.9,0.0,0.3,1,5,300,2.878591770946317,0.9404221757191304,1.0887088433787815,0.8637958453616975,0.8290672391155224,
0.9,0.0,0.3,1,5,400,2.8437973003199564,0.9466721935519854,1.0887088433787815,0.8695366068801381,0.818079354264956,
0.9,0.0,0.3,1,5,500,2.823161052709463,0.9454662550068438,1.0887088433787815,0.8684289291456586,0.823155159243305,
0.9,0.0,0.3,1,5,600,2.8369263927780315,0.9442477309448216,1.0887088433787815,0.8673096913720033,0.8153814023710757,
0.9,0.0,0.3,1,5,-1,2.8369263927780315,0.9442477309448216,1.0887088433787815,0.8673096913720033,0.8153814023710757,600.0
0.9,0.0,0.3,1,6,100,3.225506746233596,0.7975682335558734,1.0887088433787815,0.7325817535206564,1.1418115918382794,
0.9,0.0,0.3,1,6,200,3.11957213314256,0.8240038851152232,1.0887088433787815,0.7568634076287533,1.0856552749350905,
0.9,0.0,0.3,1,6,300,3.08118608248716,0.8311597240284961,1.0887088433787815,0.763436183221413,1.059175992348575,
0.9,0.0,0.3,1,6,400,3.0355370408392623,0.8333313678499215,1.0887088433787815,0.7654308798151191,1.044500705862323,
0.9,0.0,0.3,1,6,500,2.9887674779388105,0.8211760229799854,1.0887088433787815,0.7542659618998644,1.0444865953260907,
0.9,0.0,0.3,1,6,600,2.968596055527632,0.8136948803122671,1.0887088433787815,0.7473943885556994,1.0462266877221542,
0.9,0.0,0.3,1,6,-1,2.968596055527632,0.8136948803122671,1.0887088433787815,0.7473943885556994,1.0462266877221542,600.0
0.9,0.0,0.3,1,7,100,2.972562777736951,0.7836960063856232,1.0887088433787815,0.7198398462103437,1.0501027294713556,
0.9,0.0,0.3,1,7,200,3.0138600349055045,0.8022129109333012,1.0887088433787815,0.7368479789726451,1.037842120413683,
0.9,0.0,0.3,1,7,300,2.998034449743995,0.8198552863775415,1.0887088433787815,0.7530528399430838,1.0123994696189929,
0.9,0.0,0.3,1,7,400,2.996094572957549,0.8209617905966797,1.0887088433787815,0.7540691853377848,1.0010791104456411,
0.9,0.0,0.3,1,7,500,2.986083962190507,0.8152128531672991,1.0887088433787815,0.7487886758017926,1.001925860669658,
0.9,0.0,0.3,1,7,600,2.982179284085644,0.8102647493440718,1.0887088433787815,0.7442437473268195,1.0016733427238735,
0.9,0.0,0.3,1,7,-1,2.982179284085644,0.8102647493440718,1.0887088433787815,0.7442437473268195,1.0016733427238735,600.0
0.9,0.0,0.3,2,0,100,3.2879371567006874,0.8093061803609385,1.0887088433787815,0.7433632832900268,1.1020277414698272,
0.9,0.0,0.3,2,0,200,3.3834554742637684,0.7815605480718979,1.0887088433787815,0.7178783867010244,1.1390880687558513,
0.9,0.0,0.3,2,0,300,3.39789106115893,0.7750205261436103,1.0887088433787815,0.7118712508464181,1.1539288339919973,
0.9,0.0,0.3,2,0,400,3.403375459354116,0.7801185772644512,1.0887088433787815,0.7165539087965632,1.1467491196473465,
0.9,0.0,0.3,2,0,500,3.4332924798688254,0.7842638767019697,1.0887088433787815,0.720361446011613,1.1435370709322659,
0.9,0.0,0.3,2,0,600,3.4749646669459917,0.7978659529986383,1.0887088433787815,0.7328552145516525,1.1361974637144505,
0.9,0.0,0.3,2,0,-1,3.4749646669459917,0.7978659529986383,1.0887088433787815,0.7328552145516525,1.1361974637144505,600.0
0.9,0.0,0.3,2,1,100,3.705099823720701,0.8458945802740299,1.0887088433787815,0.7769704319189845,1.1574289088592937,
0.9,0.0,0.3,2,1,200,3.6938564201540567,0.8753505288067465,1.0887088433787815,0.8040262868538087,1.1498994856036195,
0.9,0.0,0.3,2,1,300,3.6284707720435234,0.901724426190311,1.0887088433787815,0.828251218564397,1.1505118335042408,
0.9,0.0,0.3,2,1,400,3.5668807569016208,0.9169498218189998,1.0887088433787815,0.8422360371146322,1.1493554073057217,
0.9,0.0,0.3,2,1,500,3.564106845401996,0.9149631060248092,1.0887088433787815,0.840411200468661,1.1510332955582931,
0.9,0.0,0.3,2,1,600,3.5847217607100483,0.9352078640399675,1.0887088433787815,0.8590063998539523,1.1518668110908872,
0.9,0.0,0.3,2,1,-1,3.5847217607100483,0.9352078640399675,1.0887088433787815,0.8590063998539523,1.1518668110908872,600.0
0.9,0.0,0.3,2,2,100,3.813032291624357,0.9273226823627573,1.0887088433787815,0.8517637089130587,1.1361201429720804,
0.9,0.0,0.3,2,2,200,3.841372646844614,0.9399734437951962,1.0887088433787815,0.8633836764639584,1.1721921714478793,
0.9,0.0,0.3,2,2,300,3.8024450165453016,0.9623846925519866,1.0887088433787815,0.8839688392401122,1.179515999271513,
0.9,0.0,0.3,2,2,400,3.8145063967036643,0.9566437561445768,1.0887088433787815,0.8786956787965973,1.1998786348954344,
0.9,0.0,0.3,2,2,500,3.806905287178229,0.9557389313867863,1.0887088433787815,0.8778645798638631,1.2042371097809417,
0.9,0.0,0.3,2,2,600,3.8345620643257514,0.9618592819759894,1.0887088433787815,0.8834862395265225,1.2002988344141792,
0.9,0.0,0.3,2,2,-1,3.8345620643257514,0.9618592819759894,1.0887088433787815,0.8834862395265225,1.2002988344141792,600.0
0.9,0.0,0.3,2,3,100,3.71494818769877,0.9254315689720953,1.0887088433787815,0.8500266849124151,1.0668776654776615,
0.9,0.0,0.3,2,3,200,3.647293775193752,0.9030662208456389,1.0887088433787815,0.8294836827475331,1.0840246632981496,
0.9,0.0,0.3,2,3,300,3.6132848492531204,0.8939186503441705,1.0887088433787815,0.8210814634056941,1.0907672983623897,
0.9,0.0,0.3,2,3,400,3.611214859799783,0.8840745957810925,1.0887088433787815,0.8120395100653252,1.1017691209396534,
0.9,0.0,0.3,2,3,500,3.6044116954683423,0.8852497531679814,1.0887088433787815,0.8131189147142686,1.0969710526186143,
0.9,0.0,0.3,2,3,600,3.645184574804671,0.8908327143923246,1.0887088433787815,0.8182469719155094,1.097201715989773,
0.9,0.0,0.3,2,3,-1,3.645184574804671,0.8908327143923246,1.0887088433787815,0.8182469719155094,1.097201715989773,600.0
0.9,0.0,0.3,2,4,100,3.6940054252459156,0.904351362300424,1.0887088433787815,0.8306641098769727,1.1034629045132125,
0.9,0.0,0.3,2,4,200,3.770146365276132,0.9031343970358351,1.0887088433787815,0.8295463038887233,1.1170355965544458,
0.9,0.0,0.3,2,4,300,3.7566465125930772,0.8950241980597242,1.0887088433787815,0.8220969302334665,1.125284826640974,
0.9,0.0,0.3,2,4,400,3.739993696610516,0.8920650942497959,1.0887088433787815,0.8193789365036234,1.1267337737671594,
0.9,0.0,0.3,2,4,500,3.7403076892518197,0.8849708354190261,1.0887088433787815,0.8128627234004462,1.1342458908313926,
0.9,0.0,0.3,2,4,600,3.759964715723614,0.900955365328109,1.0887088433787815,0.8275448213794387,1.1209449261493556,
0.9,0.0,0.3,2,4,-1,3.759964715723614,0.900955365328109,1.0887088433787815,0.8275448213794387,1.1209449261493556,600.0
0.9,0.0,0.3,2,5,100,3.554725673829326,0.9432364156203255,1.0887088433787815,0.866380778806769,1.0693531139816121,
0.9,0.0,0.3,2,5,200,3.592257915252401,0.9209172973817403,1.0887088433787815,0.8458802396825361,1.0931980568678605,
0.9,0.0,0.3,2,5,300,3.571663213241184,0.9111727468518758,1.0887088433787815,0.8369296827093581,1.1037401050379256,
0.9,0.0,0.3,2,5,400,3.532971813053572,0.8962977343648861,1.0887088433787815,0.823266697809901,1.1141225525957767,
0.9,0.0,0.3,2,5,500,3.562559220248734,0.9043510938052859,1.0887088433787815,0.8306638632590273,1.1060334315836915,
0.9,0.0,0.3,2,5,600,3.5867391874162355,0.916857950746677,1.0887088433787815,0.8421516517687415,1.097610785978939,
0.9,0.0,0.3,2,5,-1,3.5867391874162355,0.916857950746677,1.0887088433787815,0.8421516517687415,1.097610785978939,600.0
0.9,0.0,0.3,2,6,100,3.59443785476641,0.8514387946811228,1.0887088433787815,0.7820628994237827,1.1637619600509705,
0.9,0.0,0.3,2,6,200,3.597085750295057,0.7996337991783116,1.0887088433787815,0.7344790152495386,1.2137778840725155,
0.9,0.0,0.3,2,6,300,3.587181266210279,0.8152563845655834,1.0887088433787815,0.7488286602278851,1.2111881264818076,
0.9,0.0,0.3,2,6,400,3.602960480143999,0.8439755295303496,1.0887088433787815,0.7752077469225767,1.1888634499308233,
0.9,0.0,0.3,2,6,500,3.5512733236413894,0.8345647055806628,1.0887088433787815,0.766563724228244,1.1994279317694923,
0.9,0.0,0.3,2,6,600,3.591718437497631,0.8468115817078582,1.0887088433787815,0.7778127153627218,1.1983256217186566,
0.9,0.0,0.3,2,6,-1,3.591718437497631,0.8468115817078582,1.0887088433787815,0.7778127153627218,1.1983256217186566,600.0
0.9,0.0,0.3,2,7,100,3.4397228726228906,0.8867448004571441,1.0887088433787815,0.8144921443874316,1.0332179012835474,
0.9,0.0,0.3,2,7,200,3.4811286236000996,0.889949340478837,1.0887088433787815,0.8174355759955994,1.0257557961228114,
0.9,0.0,0.3,2,7,300,3.4649346808651167,0.8887197677825558,1.0887088433787815,0.8163061898389983,1.035016660574078,
0.9,0.0,0.3,2,7,400,3.42196806403638,0.8701952508475207,1.0887088433787815,0.7992910649525826,1.045350674508822,
0.9,0.0,0.3,2,7,500,3.3842417456623113,0.8673766825607447,1.0887088433787815,0.7967021558021539,1.035158392978623,
0.9,0.0,0.3,2,7,600,3.374960658412096,0.8707121865076828,1.0887088433787815,0.7997658802930714,1.0297475687503688,
0.9,0.0,0.3,2,7,-1,3.374960658412096,0.8707121865076828,1.0887088433787815,0.7997658802930714,1.0297475687503688,600.0
0.9,0.0,0.6,0,0,100,2.7659721828629324,0.7914491969852953,1.0887088433787815,0.7269613008093623,1.0860874791869006,
0.9,0.0,0.6,0,0,200,2.5455108827027497,0.7122959455848538,1.0887088433787815,0.6542575179000665,1.1295447853378315,
0.9,0.0,0.6,0,0,300,2.5057450984469622,0.692142202702279,1.0887088433787815,0.6357459176635624,1.1307444678436134,
0.9,0.0,0.6,0,0,400,2.4469206155131484,0.6844418004739312,1.0887088433787815,0.6286729501983126,1.100471386348926,
0.9,0.0,0.6,0,0,500,2.445353984876946,0.6991431800768451,1.0887088433787815,0.6421764499561436,1.0787938516129898,
0.9,0.0,0.6,0,0,600,2.4196682149270337,0.6987155824499834,1.0887088433787815,0.641783693316513,1.0590195899525927,
0.9,0.0,0.6,0,0,-1,2.4196682149270337,0.6987155824499834,1.0887088433787815,0.641783693316513,1.0590195899525927,600.0
0.9,0.0,0.6,0,1,100,2.595167104245947,0.7380924805475437,1.0887088433787815,0.6779521311289175,0.9740431002591294,
0.9,0.0,0.6,0,1,200,2.750965752839119,0.7220878244866484,1.0887088433787815,0.6632515468926168,0.9764197359108615,
0.9,0.0,0.6,0,1,300,2.7964527736880864,0.7316197428152638,1.0887088433787815,0.6720067971016931,0.9683841779695368,
0.9,0.0,0.6,0,1,400,2.8007820605077143,0.7358665016313646,1.0887088433787815,0.6759075267062411,0.952625231235544,
0.9,0.0,0.6,0,1,500,2.8537257155733604,0.759066103933185,1.0887088433787815,0.6972168073673781,0.9321494584858243,
0.9,0.0,0.6,0,1,600,2.856783461713215,0.7702961741452445,1.0887088433787815,0.707531842723578,0.9119368104496618,
0.9,0.0,0.6,0,1,-1,2.856783461713215,0.7702961741452445,1.0887088433787815,0.707531842723578,0.9119368104496618,600.0
0.9,0.0,0.6,0,2,100,2.9114137950732424,0.7482469680987279,1.0887088433787815,0.6872792231360605,0.9547227773911423,
0.9,0.0,0.6,0,2,200,3.00307437760913,0.733267768953023,1.0887088433787815,0.6735205407878789,0.9134243278152958,
0.9,0.0,0.6,0,2,300,2.9711204880547673,0.7195095288841595,1.0887088433787815,0.6608833328212703,0.9213852649589612,
0.9,0.0,0.6,0,2,400,2.927521375192737,0.7044519593956552,1.0887088433787815,0.6470526658067787,0.9184044223458572,
0.9,0.0,0.6,0,2,500,2.9600355699163674,0.7085999668225713,1.0887088433787815,0.6508626903621436,0.9054557659269286,
0.9,0.0,0.6,0,2,600,2.9701442455116442,0.7122422766918994,1.0887088433787815,0.6542082219902549,0.8907657251390388,
0.9,0.0,0.6,0,2,-1,2.9701442455116442,0.7122422766918994,1.0887088433787815,0.6542082219902549,0.8907657251390388,600.0
0.9,0.0,0.6,0,3,100,2.776662741799163,0.8374315331789547,1.0887088433787815,0.7691969604839493,0.792627190944704,
0.9,0.0,0.6,0,3,200,2.8533010664339793,0.8561247171179216,1.0887088433787815,0.7863670092556236,0.7078117416595957,
0.9,0.0,0.6,0,3,300,2.8316884625142347,0.8487657206229747,1.0887088433787815,0.7796076295190649,0.6767258609350898,
0.9,0.0,0.6,0,3,400,2.793005607980379,0.8107228998766551,1.0887088433787815,0.744664567397649,0.6768347557233143,
0.9,0.0,0.6,0,3,500,2.80081446540279,0.7768640617461926,1.0887088433787815,0.7135645737341618,0.6768544833837166,
0.9,0.0,0.6,0,3,600,2.781234823138859,0.7420397756536445,1.0887088433787815,0.6815777975594853,0.67991343120907,
0.9,0.0,0.6,0,3,-1,2.781234823138859,0.7420397756536445,1.0887088433787815,0.6815777975594853,0.67991343120907,600.0
0.9,0.0,0.6,0,4,100,2.5017026086001812,0.8719523064875483,1.0887088433787815,0.8009049543323865,0.9888006003886496,
0.9,0.0,0.6,0,4,200,2.6893126167320593,0.8927429055346301,1.0887088433787815,0.8200015191977537,0.9694404264666308,
0.9,0.0,0.6,0,4,300,2.68815393772574,0.9014388441996279,1.0887088433787815,0.8279889060164464,0.9605018660087922,
0.9,0.0,0.6,0,4,400,2.6174786318380656,0.879291259293128,1.0887088433787815,0.8076459235549781,0.9647187828881126,
0.9,0.0,0.6,0,4,500,2.639098244857223,0.890993771438153,1.0887088433787815,0.8183949059079703,0.9529180242101676,
0.9,0.0,0.6,0,4,600,2.6549790482548214,0.8868446479557964,1.0887088433787815,0.8145838562342302,0.9402243999903303,
0.9,0.0,0.6,0,4,-1,2.6549790482548214,0.8868446479557964,1.0887088433787815,0.8145838562342302,0.9402243999903303,600.0
0.9,0.0,0.6,0,5,100,3.2655584838534915,0.8740182897329064,1.0887088433787815,0.8028025996559482,0.9366532804674,
0.9,0.0,0.6,0,5,200,3.2989446451491515,0.9065468800282455,1.0887088433787815,0.8326807351126121,0.8975166526937417,
0.9,0.0,0.6,0,5,300,3.2802017006394637,0.8951543943768603,1.0887088433787815,0.822216518053413,0.9012882636042391,
0.9,0.0,0.6,0,5,400,3.2896480279280897,0.9075146212683307,1.0887088433787815,0.833569624043726,0.8867897694473929,
0.9,0.0,0.6,0,5,500,3.303599252798326,0.9114071340659533,1.0887088433787815,0.8371449718709213,0.8790080701749157,
0.9,0.0,0.6,0,5,600,3.245680699741902,0.8866217859856804,1.0887088433787815,0.8143791532307859,0.8936077959629708,
0.9,0.0,0.6,0,5,-1,3.245680699741902,0.8866217859856804,1.0887088433787815,0.8143791532307859,0.8936077959629708,600.0
0.9,0.0,0.6,0,6,100,2.6519830065017267,0.7349956243505027,1.0887088433787815,0.6751076091836102,1.0057183492884494,
0.9,0.0,0.6,0,6,200,2.887764569517592,0.7329196227848439,1.0887088433787815,0.6732007618402783,1.0922299420048254,
0.9,0.0,0.6,0,6,300,2.8418990752763746,0.7052734102392507,1.0887088433787815,0.6478071841966965,1.0805503861259849,
0.9,0.0,0.6,0,6,400,2.7429897688176443,0.6987150726919806,1.0887088433787815,0.6417832250939888,1.0654879073538277,
0.9,0.0,0.6,0,6,500,2.769343165090893,0.6944218420268685,1.0887088433787815,0.6378398102028336,1.071722829367092,
0.9,0.0,0.6,0,6,600,2.7669164135771216,0.6879075636514589,1.0887088433787815,0.6318563202963929,1.0742413110484024,
0.9,0.0,0.6,0,6,-1,2.7669164135771216,0.6879075636514589,1.0887088433787815,0.6318563202963929,1.0742413110484024,600.0
0.9,0.0,0.6,0,7,100,2.6520032726662106,0.7827171829736449,1.0887088433787815,0.7189407780913225,1.0162610566551846,
0.9,0.0,0.6,0,7,200,2.507694189483729,0.6917205749987799,1.0887088433787815,0.6353586445132952,1.091814537298259,
0.9,0.0,0.6,0,7,300,2.388201579249774,0.6518083539819084,1.0887088433787815,0.5986985023094301,1.092335775232555,
0.9,0.0,0.6,0,7,400,2.266931552869214,0.6247936674345012,1.0887088433787815,0.5738849934344881,1.0957242613190745,
0.9,0.0,0.6,0,7,500,2.2635413253280854,0.6328887641428262,1.0887088433787815,0.581320495366485,1.0896619467401831,
0.9,0.0,0.6,0,7,600,2.1955927908053514,0.6298461751272812,1.0887088433787815,0.5785258188705154,1.080035400862982,
0.9,0.0,0.6,0,7,-1,2.1955927908053514,0.6298461751272812,1.0887088433787815,0.5785258188705154,1.080035400862982,600.0
0.9,0.0,0.6,1,0,100,2.799962990431619,0.7978751572887925,1.0887088433787815,0.7328636688690856,0.9671120359662355,
0.9,0.0,0.6,1,0,200,3.212905602990139,0.8327196325293724,1.0887088433787815,0.7648689891643088,1.1123458710028329,
0.9,0.0,0.6,1,0,300,3.1554594046286026,0.8230543771868999,1.0887088433787815,0.7559912663449767,1.1094355237496156,
0.9,0.0,0.6,1,0,400,3.1646917896247726,0.8078847811055547,1.0887088433787815,0.7420577007515654,1.1960362812155854,
0.9,0.0,0.6,1,0,500,3.2365046750055497,0.8057693034554431,1.0887088433787815,0.7401145938658471,1.2668931731175213,
0.9,0.0,0.6,1,0,600,3.307463818524326,0.8106335532863196,1.0887088433787815,0.7445825008369896,1.2808378176602164,
0.9,0.0,0.6,1,0,-1,3.307463818524326,0.8106335532863196,1.0887088433787815,0.7445825008369896,1.2808378176602164,600.0
0.9,0.0,0.6,1,1,100,3.0338261473674994,0.8709045397177173,1.0887088433787815,0.799942560413936,0.9639800918085366,
0.9,0.0,0.6,1,1,200,2.894080716482695,0.8524413242596962,1.0887088433787815,0.7829837421125057,0.9054396382666383,
0.9,0.0,0.6,1,1,300,2.854306045783778,0.8516978131468796,1.0887088433787815,0.7823008128634797,0.8621027280134627,
0.9,0.0,0.6,1,1,400,2.8005284869508213,0.8268196092593767,1.0887088433787815,0.7594497043795126,0.8773977676899108,
0.9,0.0,0.6,1,1,500,2.7681064569542313,0.8023256841989082,1.0887088433787815,0.736951563384853,0.8904636822064943,
0.9,0.0,0.6,1,1,600,2.731914365605252,0.7973139585867599,1.0887088433787815,0.7323481970738066,0.8797902502726729,
0.9,0.0,0.6,1,1,-1,2.731914365605252,0.7973139585867599,1.0887088433787815,0.7323481970738066,0.8797902502726729,600.0
0.9,0.0,0.6,1,2,100,2.845824299545001,0.6058121082877703,1.0887088433787815,0.5564500664912826,1.054338665115465,
0.9,0.0,0.6,1,2,200,3.4288119859809894,0.5620043495414028,1.0887088433787815,0.5162117980021508,1.1884709972348446,
0.9,0.0,0.6,1,2,300,3.512888441115427,0.5548075498621663,1.0887088433787815,0.5096013991585983,1.183805487563495,
0.9,0.0,0.6,1,2,400,3.6540746754483666,0.5551555010519401,1.0887088433787815,0.5099209990147857,1.175934693080325,
0.9,0.0,0.6,1,2,500,3.744234469430329,0.547893695211148,1.0887088433787815,0.5032508907622842,1.173802203943707,
0.9,0.0,0.6,1,2,600,3.8694998170300265,0.5501779919696768,1.0887088433787815,0.5053490612441548,1.1621715696906034,
0.9,0.0,0.6,1,2,-1,3.8694998170300265,0.5501779919696768,1.0887088433787815,0.5053490612441548,1.1621715696906034,600.0
0.9,0.0,0.6,1,3,100,2.5484074133655983,0.844396719590015,1.0887088433787815,0.7755946180885702,0.9240456108918039,
0.9,0.0,0.6,1,3,200,2.69040606791641,0.7369974870286687,1.0887088433787815,0.676946358533669,1.0070111465382374,
0.9,0.0,0.6,1,3,300,2.5917555989535606,0.7655930480042343,1.0887088433787815,0.7032119309587261,0.9739451382821179,
0.9,0.0,0.6,1,3,400,2.6565403676524584,0.7677556872688653,1.0887088433787815,0.7051983566939295,0.9652682077689331,
0.9,0.0,0.6,1,3,500,2.7269003154405236,0.7723338241531954,1.0887088433787815,0.7094034634239547,0.9610522052648705,
0.9,0.0,0.6,1,3,600,2.770287716606795,0.7638188235928505,1.0887088433787815,0.7015822717324104,0.9740555926534692,
0.9,0.0,0.6,1,3,-1,2.770287716606795,0.7638188235928505,1.0887088433787815,0.7015822717324104,0.9740555926534692,600.0
0.9,0.0,0.6,1,4,100,2.1711622176513115,0.6428198799139023,1.0887088433787815,0.5904424160999064,0.9061691820350101,
0.9,0.0,0.6,1,4,200,2.2990038727465274,0.6250124725672951,1.0887088433787815,0.5740859701548708,0.9658115763471882,
0.9,0.0,0.6,1,4,300,2.271502244104074,0.6064072335151224,1.0887088433787815,0.5569967004522093,0.9413370483147995,
0.9,0.0,0.6,1,4,400,2.3563896912317417,0.6089879958351069,1.0887088433787815,0.5593671802509911,0.9534410937131772,
0.9,0.0,0.6,1,4,500,2.4200596178627602,0.5976404817610725,1.0887088433787815,0.5489442704500405,0.9758492654737128,
0.9,0.0,0.6,1,4,600,2.4808696259722685,0.593447613887052,1.0887088433787815,0.5450930407116945,0.9881426240956275,
0.9,0.0,0.6,1,4,-1,2.4808696259722685,0.593447613887052,1.0887088433787815,0.5450930407116945,0.9881426240956275,600.0
0.9,0.0,0.6,1,5,100,2.6947391128028744,0.8862682692025764,1.0887088433787815,0.8140544412701419,0.7633518600806168,
0.9,0.0,0.6,1,5,200,2.702978747742275,0.8698588631061873,1.0887088433787815,0.7989820863460624,0.8129712575122683,
0.9,0.0,0.6,1,5,300,2.691794892743124,0.8693132607723981,1.0887088433787815,0.7984809401148112,0.787028968174829,
0.9,0.0,0.6,1,5,400,2.671618776990805,0.8537036338194995,1.0887088433787815,0.7841431977075257,0.7980957997953725,
0.9,0.0,0.6,1,5,500,2.6638894446746715,0.8400657431775719,1.0887088433787815,0.7716165330029361,0.816165525985767,
0.9,0.0,0.6,1,5,600,2.6730032866702174,0.8292314255074229,1.0887088433787815,0.7616650039637074,0.8125122613582848,
0.9,0.0,0.6,1,5,-1,2.6730032866702174,0.8292314255074229,1.0887088433787815,0.7616650039637074,0.8125122613582848,600.0
0.9,0.0,0.6,1,6,100,2.6232512407217703,0.7432444264866245,1.0887088433787815,0.6826842925055917,0.9840666593095021,
0.9,0.0,0.6,1,6,200,2.6995027495030604,0.7739490564947006,1.0887088433787815,0.7108870853779129,0.9713297019881679,
0.9,0.0,0.6,1,6,300,2.6839956104496543,0.774949567726337,1.0887088433787815,0.7118060741761773,0.9511322752856222,
0.9,0.0,0.6,1,6,400,2.689194305973092,0.7794152173575336,1.0887088433787815,0.7159078592019491,0.9575585157919687,
0.9,0.0,0.6,1,6,500,2.693678288863177,0.7684748109939984,1.0887088433787815,0.7058588856585893,0.9853330731065744,
0.9,0.0,0.6,1,6,600,2.713869790050761,0.7652391043520753,1.0887088433787815,0.7028868269106497,0.9975945519391614,
0.9,0.0,0.6,1,6,-1,2.713869790050761,0.7652391043520753,1.0887088433787815,0.7028868269106497,0.9975945519391614,600.0
0.9,0.0,0.6,1,7,100,2.5339744420913974,0.7944113291320383,1.0887088433787815,0.729682076124781,0.8540815029066697,
0.9,0.0,0.6,1,7,200,2.5198893148362433,0.7796366258882164,1.0887088433787815,0.7161112271933358,0.9025398654551224,
0.9,0.0,0.6,1,7,300,2.486615488688623,0.7771077583142868,1.0887088433787815,0.7137884137163355,0.8796320711585224,
0.9,0.0,0.6,1,7,400,2.4885026062724562,0.7814596375002691,1.0887088433787815,0.7177856984012623,0.8757343037954755,
0.9,0.0,0.6,1,7,500,2.5047337421448295,0.776311901819577,1.0887088433787815,0.7130574042278484,0.8865615485147078,
0.9,0.0,0.6,1,7,600,2.539139323892882,0.7735137497594178,1.0887088433787815,0.7104872477740115,0.8953538173666891,
0.9,0.0,0.6,1,7,-1,2.539139323892882,0.7735137497594178,1.0887088433787815,0.7104872477740115,0.8953538173666891,600.0
0.9,0.0,0.6,2,0,100,2.353507150088794,0.6555527301512848,1.0887088433787815,0.6021377837960724,0.9701774539243258,
0.9,0.0,0.6,2,0,200,2.4327735334637897,0.6969917004099694,1.0887088433787815,0.6402002745259904,1.0033604443312385,
0.9,0.0,0.6,2,0,300,2.4233352971640687,0.7226672242986145,1.0887088433787815,0.6637837367572347,1.0301934060522258,
0.9,0.0,0.6,2,0,400,2.3646400408454995,0.7350771201324142,1.0887088433787815,0.6751824646258224,1.0039095422494682,
0.9,0.0,0.6,2,0,500,2.3495245751037896,0.7475392511306767,1.0887088433787815,0.686629171497043,0.9795722843222824,
0.9,0.0,0.6,2,0,600,2.3293921877552486,0.7602843093868845,1.0887088433787815,0.6983357524931648,0.9683031800930474,
0.9,0.0,0.6,2,0,-1,2.3293921877552486,0.7602843093868845,1.0887088433787815,0.6983357524931648,0.9683031800930474,600.0
0.9,0.0,0.6,2,1,100,2.859270948487658,0.6799879826894075,1.0887088433787815,0.6245820329511436,1.0763997309647988,
0.9,0.0,0.6,2,1,200,2.8459579025184416,0.7110114053426966,1.0887088433787815,0.6530776429959823,1.0433856451779118,
0.9,0.0,0.6,2,1,300,2.8255446407338054,0.7322934037812093,1.0887088433787815,0.672625567648146,1.0285990938801886,
0.9,0.0,0.6,2,1,400,2.77613146561193,0.7210245872610385,1.0887088433787815,0.6622749430631574,1.0239129056611458,
0.9,0.0,0.6,2,1,500,2.735939110566296,0.7013244722545391,1.0887088433787815,0.6441800087505449,1.0220728084958133,
0.9,0.0,0.6,2,1,600,2.723088780542054,0.6991843803583306,1.0887088433787815,0.6422142932066474,1.0155791212985201,
0.9,0.0,0.6,2,1,-1,2.723088780542054,0.6991843803583306,1.0887088433787815,0.6422142932066474,1.0155791212985201,600.0
0.9,0.0,0.6,2,2,100,2.4725703884832253,0.6838686400124623,1.0887088433787815,0.6281464912970602,0.9681819011122722,
0.9,0.0,0.6,2,2,200,2.7419922604197797,0.6983574693653485,1.0887088433787815,0.6414547595645619,0.9898969118222807,
0.9,0.0,0.6,2,2,300,2.8862648219772518,0.6961424151500173,1.0887088433787815,0.6394201896896109,0.9868151552418211,
0.9,0.0,0.6,2,2,400,2.9364449591343735,0.687975227311157,1.0887088433787815,0.6319184706684687,0.9818022362446757,
0.9,0.0,0.6,2,2,500,2.897168431442672,0.6784392985137728,1.0887088433787815,0.6231595367667382,0.9722783259123261,
0.9,0.0,0.6,2,2,600,2.89644223372283,0.675654603040594,1.0887088433787815,0.6206017404467078,0.9697332471020241,
0.9,0.0,0.6,2,2,-1,2.89644223372283,0.675654603040594,1.0887088433787815,0.6206017404467078,0.9697332471020241,600.0
0.9,0.0,0.6,2,3,100,2.482809118069625,0.6893592713509834,1.0887088433787815,0.6331897417233919,0.8987092479452167,
0.9,0.0,0.6,2,3,200,2.466481977406745,0.6853419194141399,1.0887088433787815,0.6294997267471419,0.9337606083982417,
0.9,0.0,0.6,2,3,300,2.526877387762632,0.703713684208194,1.0887088433787815,0.6463745458558375,0.9488206891871342,
0.9,0.0,0.6,2,3,400,2.533485916394044,0.6989635960706855,1.0887088433787815,0.64201149859449,0.9546734929757676,
0.9,0.0,0.6,2,3,500,2.48612800684782,0.693458881243295,1.0887088433787815,0.6369553122129166,0.938058962466662,
0.9,0.0,0.6,2,3,600,2.477229393744076,0.6909394430058626,1.0887088433787815,0.6346411597627414,0.9321062109853206,
0.9,0.0,0.6,2,3,-1,2.477229393744076,0.6909394430058626,1.0887088433787815,0.6346411597627414,0.9321062109853206,600.0
0.9,0.0,0.6,2,4,100,2.55133905795945,0.7295325659902878,1.0887088433787815,0.6700896850678655,0.9113030133929613,
0.9,0.0,0.6,2,4,200,2.687838701526495,0.7532695225567063,1.0887088433787815,0.691892535950156,0.9377884342181992,
0.9,0.0,0.6,2,4,300,2.729409754146765,0.7504279646862826,1.0887088433787815,0.6892825104252369,0.9664531842418183,
0.9,0.0,0.6,2,4,400,2.6962072762986016,0.7334311415561076,1.0887088433787815,0.6736706016641895,0.9775794943198417,
0.9,0.0,0.6,2,4,500,2.6337042313975703,0.7110170394360119,1.0887088433787815,0.6530828180189919,0.9759920163166855,
0.9,0.0,0.6,2,4,600,2.5855894731837314,0.7001478964513952,1.0887088433787815,0.6430993012590062,0.9678859906773989,
0.9,0.0,0.6,2,4,-1,2.5855894731837314,0.7001478964513952,1.0887088433787815,0.6430993012590062,0.9678859906773989,600.0
0.9,0.0,0.6,2,5,100,1.9662960522172328,0.5879063393095411,1.0887088433787815,0.5400032734968773,0.8479954769748816,
0.9,0.0,0.6,2,5,200,2.104814547020393,0.6110581522369677,1.0887088433787815,0.5612686586990178,0.8989566903372699,
0.9,0.0,0.6,2,5,300,2.1747945133970408,0.6330676448920596,1.0887088433787815,0.5814848007731337,0.9230879726100603,
0.9,0.0,0.6,2,5,400,2.188227493438336,0.6381697819132707,1.0887088433787815,0.5861712117013087,0.9219402156528531,
0.9,0.0,0.6,2,5,500,2.179525980731453,0.6406253998210873,1.0887088433787815,0.588426743951966,0.8977325997775752,
0.9,0.0,0.6,2,5,600,2.1763780670060764,0.6464643265580935,1.0887088433787815,0.5937899103968028,0.8879407489500412,
0.9,0.0,0.6,2,5,-1,2.1763780670060764,0.6464643265580935,1.0887088433787815,0.5937899103968028,0.8879407489500412,600.0
0.9,0.0,0.6,2,6,100,2.7126900469063413,0.7042870157613921,1.0887088433787815,0.6469011619081318,1.0444906903664162,
0.9,0.0,0.6,2,6,200,2.692311217561499,0.6659910050643744,1.0887088433787815,0.6117255399501371,1.084058671323711,
0.9,0.0,0.6,2,6,300,2.6749260191287916,0.6835327130464888,1.0887088433787815,0.6278379359215652,1.0851794027867083,
0.9,0.0,0.6,2,6,400,2.609430020098399,0.6849874816964082,1.0887088433787815,0.6291741688903401,1.055837302871065,
0.9,0.0,0.6,2,6,500,2.5425327503501465,0.6657621590510736,1.0887088433787815,0.6115153404880013,1.046093721035254,
0.9,0.0,0.6,2,6,600,2.5336624165369224,0.6636396847823696,1.0887088433787815,0.6095658070736156,1.0302375925687768,
0.9,0.0,0.6,2,6,-1,2.5336624165369224,0.6636396847823696,1.0887088433787815,0.6095658070736156,1.0302375925687768,600.0
0.9,0.0,0.6,2,7,100,2.5198785356705127,0.6601217622095997,1.0887088433787815,0.6063345275683881,1.013652568347357,
0.9,0.0,0.6,2,7,200,2.6675252557320355,0.7019948409622124,1.0887088433787815,0.6447957552944904,0.9823914035714778,
0.9,0.0,0.6,2,7,300,2.650920713819221,0.7088657907324446,1.0887088433787815,0.6511068547330771,0.9952880277200006,
0.9,0.0,0.6,2,7,400,2.593882154170336,0.6905339026912629,1.0887088433787815,0.6342686631884129,1.0030117705276664,
0.9,0.0,0.6,2,7,500,2.561244817021737,0.6835982531990806,1.0887088433787815,0.6278981358115454,0.9842138366053799,
0.9,0.0,0.6,2,7,600,2.5374344981009926,0.6840853746723428,1.0887088433787815,0.628345566248273,0.9736501547955589,
0.9,0.0,0.6,2,7,-1,2.5374344981009926,0.6840853746723428,1.0887088433787815,0.628345566248273,0.9736501547955589,600.0
0.9,0.5,0.3,0,0,100,1.824000427036289,0.9924187074479074,1.0887088433787815,0.9115556592412348,0.8078707867541326,
0.9,0.5,0.3,0,0,200,1.461592025501646,1.000920776492627,1.0887088433787815,0.9193649730871052,0.6214936222622041,
0.9,0.5,0.3,0,0,300,1.4456502639021982,0.9903331350197065,1.0887088433787815,0.9096400208766852,0.5404032270279102,
0.9,0.5,0.3,0,0,400,1.4305576551050259,1.0149002816804957,1.0887088433787815,0.932205417318718,0.49909711286108566,
0.9,0.5,0.3,0,0,500,1.4319500409409343,1.0224161752122312,1.0887088433787815,0.9391089099994699,0.4837284843184473,
0.9,0.5,0.3,0,0,600,1.4384527843575208,1.0235977688177431,1.0887088433787815,0.9401942264389368,0.4647068361982548,
0.9,0.5,0.3,0,0,-1,1.4384527843575208,1.0235977688177431,1.0887088433787815,0.9401942264389368,0.4647068361982548,600.0
0.9,0.5,0.3,0,1,100,2.420267410928715,0.9533378459750275,1.0887088433787815,0.8756591367590683,0.7947725388779919,
0.9,0.5,0.3,0,1,200,1.799291490601263,0.9740427359811329,1.0887088433787815,0.8946769762227841,0.7020831173452566,
0.9,0.5,0.3,0,1,300,1.6670953198627116,0.9503661856442365,1.0887088433787815,0.872929609623449,0.6530370352767194,
0.9,0.5,0.3,0,1,400,1.5842951840864525,0.9268622908113966,1.0887088433787815,0.851340830423405,0.591623801021094,
0.9,0.5,0.3,0,1,500,1.5585911545432305,0.9289657989888054,1.0887088433787815,0.8532729431183663,0.5701103372546024,
0.9,0.5,0.3,0,1,600,1.50828126936835,0.9424099865587264,1.0887088433787815,0.8656216878279227,0.5379337561944502,
0.9,0.5,0.3,0,1,-1,1.50828126936835,0.9424099865587264,1.0887088433787815,0.8656216878279227,0.5379337561944502,600.0
0.9,0.5,0.3,0,2,100,2.310142614673161,0.9611393046901522,1.0887088433787815,0.8828249265499485,0.7313751027014583,
0.9,0.5,0.3,0,2,200,1.7039840545564922,0.976894482438659,1.0887088433787815,0.8972963601608035,0.586006915377761,
0.9,0.5,0.3,0,2,300,1.5715972917425836,0.9573716733695363,1.0887088433787815,0.879364284759878,0.49469356502453743,
0.9,0.5,0.3,0,2,400,1.4828940912025428,0.9605578382750691,1.0887088433787815,0.882290838470643,0.4486139603213876,
0.9,0.5,0.3,0,2,500,1.4814412982845448,0.9579450184360081,1.0887088433787815,0.8798909132243741,0.4412068107649084,
0.9,0.5,0.3,0,2,600,1.492160000287985,0.9534024209783705,1.0887088433787815,0.8757184501409111,0.42893173991324973,
0.9,0.5,0.3,0,2,-1,1.492160000287985,0.9534024209783705,1.0887088433787815,0.8757184501409111,0.42893173991324973,600.0
0.9,0.5,0.3,0,3,100,1.7801465653283983,0.979581436584448,1.0887088433787815,0.899764379192825,0.7684641946552511,
0.9,0.5,0.3,0,3,200,1.5213184152214192,0.985732355891467,1.0887088433787815,0.9054141168103959,0.5656124043617412,
0.9,0.5,0.3,0,3,300,1.5047213921294598,0.9573262926502843,1.0887088433787815,0.8793226016969289,0.4853328088657793,
0.9,0.5,0.3,0,3,400,1.497003938351976,0.943676307529936,1.0887088433787815,0.8667848279814275,0.44737685823887063,
0.9,0.5,0.3,0,3,500,1.4985087088093318,0.9465774374226064,1.0887088433787815,0.8694495715538841,0.4581401664839905,
0.9,0.5,0.3,0,3,600,1.48910784519732,0.9415962896486103,1.0887088433787815,0.8648742915749532,0.47113600106729775,
0.9,0.5,0.3,0,3,-1,1.48910784519732,0.9415962896486103,1.0887088433787815,0.8648742915749532,0.47113600106729775,600.0
0.9,0.5,0.3,0,4,100,1.922437528730979,1.14132711331212,1.0887088433787815,1.0483308923715902,0.7603524606955315,
0.9,0.5,0.3,0,4,200,1.5651429457538062,1.1252774305866244,1.0887088433787815,1.0335889502783437,0.5226902786114416,
0.9,0.5,0.3,0,4,300,1.4921248479808338,1.0866773250108248,1.0887088433787815,0.9981340113288215,0.4668612610816148,
0.9,0.5,0.3,0,4,400,1.4886039914664013,1.0355840664776614,1.0887088433787815,0.9512038712423345,0.43894619036014665,
0.9,0.5,0.3,0,4,500,1.492492804192923,1.04208582087386,1.0887088433787815,0.9571758576331316,0.42449075092156496,
0.9,0.5,0.3,0,4,600,1.4927588735698143,1.0335225648357966,1.0887088433787815,0.9493103423577276,0.41307029543006724,
0.9,0.5,0.3,0,4,-1,1.4927588735698143,1.0335225648357966,1.0887088433787815,0.9493103423577276,0.41307029543006724,600.0
0.9,0.5,0.3,0,5,100,2.2406585494731344,1.024592034562435,1.0887088433787815,0.9411074786373909,0.6692202173957016,
0.9,0.5,0.3,0,5,200,1.8344816491961493,0.999757304834294,1.0887088433787815,0.9182963020044657,0.5538862677553409,
0.9,0.5,0.3,0,5,300,1.609298839008001,0.9807698947880267,1.0887088433787815,0.9008560008975688,0.5033743244613049,
0.9,0.5,0.3,0,5,400,1.5564783298818277,0.9793829942037813,1.0887088433787815,0.8995821060516878,0.477593579180129,
0.9,0.5,0.3,0,5,500,1.540943978451681,0.9892658254328841,1.0887088433787815,0.9086596765051725,0.45862831881030375,
0.9,0.5,0.3,0,5,600,1.541211018837006,0.9881950969134176,1.0887088433787815,0.9076761917783069,0.4303779677771949,
0.9,0.5,0.3,0,5,-1,1.541211018837006,0.9881950969134176,1.0887088433787815,0.9076761917783069,0.4303779677771949,600.0
0.9,0.5,0.3,0,6,100,1.6978389728239933,0.9965977873760538,1.0887088433787815,0.9153942244862608,0.5549053657483131,
0.9,0.5,0.3,0,6,200,1.5912898992996622,0.9947555690517963,1.0887088433787815,0.9137021115439795,0.42130847927915405,
0.9,0.5,0.3,0,6,300,1.584762815803576,1.0135264152410255,1.0887088433787815,0.9309434945853575,0.40695769498630024,
0.9,0.5,0.3,0,6,400,1.5322400047681257,1.0222238059958597,1.0887088433787815,0.9389322151764772,0.41331689715170344,
0.9,0.5,0.3,0,6,500,1.531491440756813,1.009162669483855,1.0887088433787815,0.926935310226693,0.4160338278451654,
0.9,0.5,0.3,0,6,600,1.5343429315064547,0.9986524436816793,1.0887088433787815,0.9172814657979498,0.401995467162319,
0.9,0.5,0.3,0,6,-1,1.5343429315064547,0.9986524436816793,1.0887088433787815,0.9172814657979498,0.401995467162319,600.0
0.9,0.5,0.3,0,7,100,2.249861518839725,0.9779386469870299,1.0887088433787815,0.8982554453696004,0.7189118975201888,
0.9,0.5,0.3,0,7,200,1.8421178494514543,0.9511260149964835,1.0887088433787815,0.873627527489064,0.6226034224513887,
0.9,0.5,0.3,0,7,300,1.6421812705580106,0.9355418750684613,1.0887088433787815,0.8593131954040437,0.5201774752340069,
0.9,0.5,0.3,0,7,400,1.5251054670820972,0.9393229206825447,1.0887088433787815,0.8627861584805161,0.4887614462011919,
0.9,0.5,0.3,0,7,500,1.505518765642982,0.9152655499057661,1.0887088433787815,0.8406890009869504,0.47980320920812936,
0.9,0.5,0.3,0,7,600,1.4835623223092433,0.9138735599518122,1.0887088433787815,0.8394104314571633,0.46646394558262033,
0.9,0.5,0.3,0,7,-1,1.4835623223092433,0.9138735599518122,1.0887088433787815,0.8394104314571633,0.46646394558262033,600.0
0.9,0.5,0.3,1,0,100,1.8796414470031881,1.1181792146019514,1.0887088433787815,1.027069102453241,0.9252231308311996,
0.9,0.5,0.3,1,0,200,1.3854141050513447,1.0857083857894478,1.0887088433787815,0.9972440220288633,0.7703681334315029,
0.9,0.5,0.3,1,0,300,1.1148853015275808,1.0919251274770476,1.0887088433787815,1.002954218768247,0.6241027946207123,
0.9,0.5,0.3,1,0,400,0.9926674759519928,1.0647694923836954,1.0887088433787815,0.9780112459445164,0.5736844330837843,
0.9,0.5,0.3,1,0,500,0.9445319079132655,1.053672926229215,1.0887088433787815,0.967818836631442,0.5530579439827845,
0.9,0.5,0.3,1,0,600,0.9241886584452447,1.044499979875969,1.0887088433787815,0.9593933090819661,0.53089933779157,
0.9,0.5,0.3,1,0,-1,0.9241886584452447,1.044499979875969,1.0887088433787815,0.9593933090819661,0.53089933779157,400.0
0.9,0.5,0.3,1,1,100,2.455315575515324,1.0599936187438694,1.0887088433787815,0.9736245142036368,0.9032142248286424,
0.9,0.5,0.3,1,1,200,2.306522034680434,1.0603360702638533,1.0887088433787815,0.9739390625074066,0.8225779458152327,
0.9,0.5,0.3,1,1,300,2.157668782683169,1.0895103660097845,1.0887088433787815,1.000736213943588,0.7918381744565944,
0.9,0.5,0.3,1,1,400,1.9549541086496491,1.064303026797868,1.0887088433787815,0.9775827883374487,0.7492578316726699,
0.9,0.5,0.3,1,1,500,1.857390433846264,1.0584999096560739,1.0887088433787815,0.9722525136941527,0.7171732588026973,
0.9,0.5,0.3,1,1,600,1.7426137481338537,1.0593127901755497,1.0887088433787815,0.9729991600766263,0.6652335452808511,
0.9,0.5,0.3,1,1,-1,1.7426137481338537,1.0593127901755497,1.0887088433787815,0.9729991600766263,0.6652335452808511,600.0
0.9,0.5,0.3,1,2,100,1.8228304714560404,1.1457172277465508,1.0887088433787815,1.0523632968671819,0.8195850614515666,
0.9,0.5,0.3,1,2,200,1.5634988808774917,1.023069394757825,1.0887088433787815,0.9397089047084012,0.7295034956577638,
0.9,0.5,0.3,1,2,300,1.4190770111808113,1.0206789208398712,1.0887088433787815,0.9375132084646424,0.6796879542336192,
0.9,0.5,0.3,1,2,400,1.3632876815729933,0.9923056063333019,1.0887088433787815,0.9114517736934198,0.6335805169228825,
0.9,0.5,0.3,1,2,500,1.3351803250755065,0.9815085201631113,1.0887088433787815,0.9015344425025734,0.600083656544506,
0.9,0.5,0.3,1,2,600,1.3430257496041313,1.005740996413377,1.0887088433787815,0.9237924377394457,0.5720391408090978,
0.9,0.5,0.3,1,2,-1,1.3430257496041313,1.005740996413377,1.0887088433787815,0.9237924377394457,0.5720391408090978,600.0
0.9,0.5,0.3,1,3,100,1.9786070511857563,0.9411340314246225,1.0887088433787815,0.8644496985106099,0.8593013421182671,
0.9,0.5,0.3,1,3,200,1.664022770714733,0.8724797728303907,1.0887088433787815,0.8013894423073399,0.7816281266077257,
0.9,0.5,0.3,1,3,300,1.5574772139377189,0.8967515679751361,1.0887088433787815,0.8236835527045866,0.6853501085142014,
0.9,0.5,0.3,1,3,400,1.5214461532413128,0.898455679427235,1.0887088433787815,0.8252488118300754,0.6178290846784147,
0.9,0.5,0.3,1,3,500,1.5046434728431988,0.9119867822310097,1.0887088433787815,0.8376773898526266,0.5823132833670766,
0.9,0.5,0.3,1,3,600,1.499521325612999,0.9069478272218748,1.0887088433787815,0.8330490128170396,0.5599911305236469,
0.9,0.5,0.3,1,3,-1,1.499521325612999,0.9069478272218748,1.0887088433787815,0.8330490128170396,0.5599911305236469,600.0
0.9,0.5,0.3,1,4,100,2.075302105357526,1.0819898309344806,1.0887088433787815,0.9938284579158477,1.0174557524033419,
0.9,0.5,0.3,1,4,200,1.5831976280537008,1.0456592289946605,1.0887088433787815,0.9604581016807785,0.9439392278276763,
0.9,0.5,0.3,1,4,300,1.283570010715565,1.0607373501123456,1.0887088433787815,0.9743076457617199,0.8408031077776946,
0.9,0.5,0.3,1,4,400,1.1289224853517967,1.047664255330781,1.0887088433787815,0.9622997569114808,0.7261462157470656,
0.9,0.5,0.3,1,4,500,1.079943010297311,1.0419221981246194,1.0887088433787815,0.9570255669927683,0.6721397818218918,
0.9,0.5,0.3,1,4,600,1.0667556430773777,1.0525237538996375,1.0887088433787815,0.9667632997571284,0.6438594222651683,
0.9,0.5,0.3,1,4,-1,1.0667556430773777,1.0525237538996375,1.0887088433787815,0.9667632997571284,0.6438594222651683,600.0
0.9,0.5,0.3,1,5,100,2.522821413729068,0.9843182540459596,1.0887088433787815,0.9041152370831781,0.8478909837863102,
0.9,0.5,0.3,1,5,200,2.291330202934645,1.0023024254878456,1.0887088433787815,0.9206340442475184,0.7013283791165087,
0.9,0.5,0.3,1,5,300,2.137890662833281,0.9660217782143342,1.0887088433787815,0.8873095723336912,0.6758899870407579,
0.9,0.5,0.3,1,5,400,2.0327286381452767,0.9482762153831858,1.0887088433787815,0.8710099317648909,0.6732502461060282,
0.9,0.5,0.3,1,5,500,1.8779686649536922,0.9369225270128492,1.0887088433787815,0.8605813507541032,0.6789211129772348,
0.9,0.5,0.3,1,5,600,1.770017862049567,0.9405472042260844,1.0887088433787815,0.8639106864486551,0.6833261086030016,
0.9,0.5,0.3,1,5,-1,1.770017862049567,0.9405472042260844,1.0887088433787815,0.8639106864486551,0.6833261086030016,600.0
0.9,0.5,0.3,1,6,100,2.1715412149013633,1.0417803899533038,1.0887088433787815,0.9568953134615529,0.7593848963914689,
0.9,0.5,0.3,1,6,200,2.218652283508731,0.9806888973902588,1.0887088433787815,0.9007816032307725,0.6845065641872015,
0.9,0.5,0.3,1,6,300,1.9927585838396302,0.93850995655299,1.0887088433787815,0.8620394353005778,0.6838399975593233,
0.9,0.5,0.3,1,6,400,1.9480305910330529,0.9355668618348764,1.0887088433787815,0.8593361462292961,0.6805708315530796,
0.9,0.5,0.3,1,6,500,1.9350658947984205,0.9330900285283407,1.0887088433787815,0.8570611272271091,0.6694590325287126,
0.9,0.5,0.3,1,6,600,1.9003563830247516,0.943204378974839,1.0887088433787815,0.8663513525320756,0.6626177304317495,
0.9,0.5,0.3,1,6,-1,1.9003563830247516,0.943204378974839,1.0887088433787815,0.8663513525320756,0.6626177304317495,600.0
0.9,0.5,0.3,1,7,100,2.0549364856948507,0.9062781084449698,1.0887088433787815,0.8324338632469979,0.7093133868283245,
0.9,0.5,0.3,1,7,200,1.9812292723168097,0.9183155752335859,1.0887088433787815,0.8434905078786866,0.7201791522682389,
0.9,0.5,0.3,1,7,300,1.6408913181226252,0.9591144848019239,1.0887088433787815,0.8809650905611599,0.7573899521049905,
0.9,0.5,0.3,1,7,400,1.497919789571255,0.9224717926256043,1.0887088433787815,0.8473080734448114,0.7497090758150421,
0.9,0.5,0.3,1,7,500,1.4121635771718293,0.9187715113467605,1.0887088433787815,0.8439092939627232,0.7273578925427837,
0.9,0.5,0.3,1,7,600,1.3620084460607518,0.9281894502189606,1.0887088433787815,0.8525598518501486,0.7224605519202155,
0.9,0.5,0.3,1,7,-1,1.3620084460607518,0.9281894502189606,1.0887088433787815,0.8525598518501486,0.7224605519202155,600.0
0.9,0.5,0.3,2,0,100,1.6353596598912379,0.9477654933269064,1.0887088433787815,0.8705408237390074,0.5915758678944785,
0.9,0.5,0.3,2,0,200,1.5170186629946614,0.9469554153271437,1.0887088433787815,0.8697967515247608,0.5008606553411957,
0.9,0.5,0.3,2,0,300,1.5036045647141325,0.9711595562195074,1.0887088433787815,0.8920287201907329,0.4678149223591762,
0.9,0.5,0.3,2,0,400,1.47594434143461,0.9797859767900434,1.0887088433787815,0.899952253303373,0.44806991880037683,
0.9,0.5,0.3,2,0,500,1.4585470967378038,1.0033978050797903,1.0887088433787815,0.9216401714583023,0.4563529840181256,
0.9,0.5,0.3,2,0,600,1.4587163583305696,1.000307348199156,1.0887088433787815,0.9188015274081236,0.4439654336282542,
0.9,0.5,0.3,2,0,-1,1.4587163583305696,1.000307348199156,1.0887088433787815,0.9188015274081236,0.4439654336282542,600.0
0.9,0.5,0.3,2,1,100,1.5876330147673874,0.9220762109561567,1.0887088433787815,0.846944724077482,0.5005643069136056,
0.9,0.5,0.3,2,1,200,1.5463429054427145,0.9587859714511888,1.0887088433787815,0.8806633447337672,0.4154722979205416,
0.9,0.5,0.3,2,1,300,1.5514390592478047,0.9690772919606827,1.0887088433787815,0.8901161204433454,0.40817031674495796,
0.9,0.5,0.3,2,1,400,1.556966673386591,0.9624688606801904,1.0887088433787815,0.8840461492837622,0.3994940640265978,
0.9,0.5,0.3,2,1,500,1.5349351161183864,0.9926654551010687,1.0887088433787815,0.9117823017036911,0.4128970527230943,
0.9,0.5,0.3,2,1,600,1.5313524763002413,0.9943515306561581,1.0887088433787815,0.9133309945110873,0.40109532297990425,
0.9,0.5,0.3,2,1,-1,1.5313524763002413,0.9943515306561581,1.0887088433787815,0.9133309945110873,0.40109532297990425,600.0
0.9,0.5,0.3,2,2,100,1.3758740743667952,0.8673724176134104,1.0887088433787815,0.7966982383660458,0.5575864155913692,
0.9,0.5,0.3,2,2,200,1.2025974079568296,0.8986226672466914,1.0887088433787815,0.8254021933521158,0.5104740948397746,
0.9,0.5,0.3,2,2,300,1.1913932618324066,0.9353696048736169,1.0887088433787815,0.8591549619186706,0.5119923318668026,
0.9,0.5,0.3,2,2,400,1.1116779028455566,0.9337337342678866,1.0887088433787815,0.8576523833223092,0.5079488317584789,
0.9,0.5,0.3,2,2,500,1.172648995329377,0.9529106480361555,1.0887088433787815,0.8752667472405391,0.49598639420677915,
0.9,0.5,0.3,2,2,600,1.183968841596209,0.9533380892186583,1.0887088433787815,0.8756593601830188,0.48445387604043166,
0.9,0.5,0.3,2,2,-1,1.183968841596209,0.9533380892186583,1.0887088433787815,0.8756593601830188,0.48445387604043166,600.0
0.9,0.5,0.3,2,3,100,2.103866363587872,1.073065668164577,1.0887088433787815,0.9856314428698344,0.6251151596913054,
0.9,0.5,0.3,2,3,200,1.957156120076694,1.0096271243552675,1.0887088433787815,0.9273619209539202,0.6102138291546195,
0.9,0.5,0.3,2,3,300,1.908122105603064,0.9798003795229329,1.0887088433787815,0.8999654824903839,0.606198715734236,
0.9,0.5,0.3,2,3,400,1.797533669578358,0.9706653570704173,1.0887088433787815,0.8915747887727089,0.5849198119288161,
0.9,0.5,0.3,2,3,500,1.7409275241852522,1.0004257705306203,1.0887088433787815,0.9189103005959088,0.5798314043910093,
0.9,0.5,0.3,2,3,600,1.6702623571392552,1.0140545228960374,1.0887088433787815,0.931428571617866,0.5431537903889577,
0.9,0.5,0.3,2,3,-1,1.6702623571392552,1.0140545228960374,1.0887088433787815,0.931428571617866,0.5431537903889577,600.0
0.9,0.5,0.3,2,4,100,1.5261112565192485,1.0229723127459083,1.0887088433787815,0.9396197330143278,0.5088239515543276,
0.9,0.5,0.3,2,4,200,1.5129376111063828,1.019984836535718,1.0887088433787815,0.9368756786894648,0.4235859955052073,
0.9,0.5,0.3,2,4,300,1.5209901847778602,1.0164178479140056,1.0887088433787815,0.9335993310751269,0.39861718880185715,
0.9,0.5,0.3,2,4,400,1.4592398476085842,0.979835711073184,1.0887088433787815,0.899997935198439,0.4189742806282082,
0.9,0.5,0.3,2,4,500,1.4829068875963036,1.0127609225149126,1.0887088433787815,0.9302403748019843,0.39902319384067875,
0.9,0.5,0.3,2,4,600,1.4829322593733854,1.022660450808433,1.0887088433787815,0.9393332818300906,0.38847487713481565,
0.9,0.5,0.3,2,4,-1,1.4829322593733854,1.022660450808433,1.0887088433787815,0.9393332818300906,0.38847487713481565,600.0
0.9,0.5,0.3,2,5,100,1.5492431818506283,1.061116637448036,1.0887088433787815,0.9746560284702808,0.402251179733265,
0.9,0.5,0.3,2,5,200,1.3784518315149201,1.0251978060951406,1.0887088433787815,0.9416638914344299,0.4080803866027902,
0.9,0.5,0.3,2,5,300,1.3578015091223268,1.0073743703573843,1.0887088433787815,0.9252927231040233,0.42290768408187285,
0.9,0.5,0.3,2,5,400,1.330295003688498,1.0155646068537547,1.0887088433787815,0.9328156127601339,0.4415927480273345,
0.9,0.5,0.3,2,5,500,1.3436763579249495,1.030822122644587,1.0887088433787815,0.9468299342967176,0.44457190107570277,
0.9,0.5,0.3,2,5,600,1.338730280589057,1.043168213627079,1.0887088433787815,0.958170056182911,0.44527729240495884,
0.9,0.5,0.3,2,5,-1,1.338730280589057,1.043168213627079,1.0887088433787815,0.958170056182911,0.44527729240495884,600.0
0.9,0.5,0.3,2,6,100,1.588010611056604,0.9064677432262305,1.0887088433787815,0.8326080464387795,0.43638024909633044,
0.9,0.5,0.3,2,6,200,1.4568454208110548,0.898614284056421,1.0887088433787815,0.8253944932307092,0.43510650276610463,
0.9,0.5,0.3,2,6,300,1.4341208605217297,0.9194717274705455,1.0887088433787815,0.8445524559320996,0.42431095621474785,
0.9,0.5,0.3,2,6,400,1.4548886945879944,0.9450973881645144,1.0887088433787815,0.8680901178605545,0.4213764390800773,
0.9,0.5,0.3,2,6,500,1.471651560659445,0.9626791119789637,1.0887088433787815,0.8842392691431737,0.40900633902995165,
0.9,0.5,0.3,2,6,600,1.461718589758241,0.9636869755365685,1.0887088433787815,0.8851650111941677,0.41691957460510615,
0.9,0.5,0.3,2,6,-1,1.461718589758241,0.9636869755365685,1.0887088433787815,0.8851650111941677,0.41691957460510615,600.0
0.9,0.5,0.3,2,7,100,1.5546571632899513,0.981328056904884,1.0887088433787815,0.9013686835309945,0.6464776563319992,
0.9,0.5,0.3,2,7,200,1.4665900969372025,0.9678861617604764,1.0887088433787815,0.8890220444583375,0.556965947146265,
0.9,0.5,0.3,2,7,300,1.4631785906167725,0.979508156269092,1.0887088433787815,0.8996970698145633,0.5337038715285068,
0.9,0.5,0.3,2,7,400,1.4431905109058152,0.9835379847408172,1.0887088433787815,0.9033985447279284,0.5254894316316575,
0.9,0.5,0.3,2,7,500,1.4445657223407504,1.0069919198521946,1.0887088433787815,0.9249414349634744,0.5150603451494744,
0.9,0.5,0.3,2,7,600,1.4320043488287713,0.9998806483850313,1.0887088433787815,0.9184095954267497,0.49944165259484163,
0.9,0.5,0.3,2,7,-1,1.4320043488287713,0.9998806483850313,1.0887088433787815,0.9184095954267497,0.49944165259484163,600.0
0.9,0.5,0.6,0,0,100,0.500024755607445,1.0707564840909654,1.0887088433787815,0.9835104129106719,0.519439921351101,
0.9,0.5,0.6,0,0,200,0.25887752404306114,1.0610049613479027,1.0887088433787815,0.9745534518256502,0.43369299807219086,
0.9,0.5,0.6,0,0,300,0.16543316736659203,1.056189841365164,1.0887088433787815,0.9701306715644051,0.37295249564900956,
0.9,0.5,0.6,0,0,400,0.10704863291387827,1.0691607758336086,1.0887088433787815,0.9820447242032995,0.3183695536101792,
0.9,0.5,0.6,0,0,500,0.08572586403166421,1.0755861009660719,1.0887088433787815,0.9879465088462187,0.3009909631657922,
0.9,0.5,0.6,0,0,600,0.06901431112688552,1.0712819736571646,1.0887088433787815,0.9839930851782805,0.28556125706704505,
0.9,0.5,0.6,0,0,-1,0.06901431112688552,1.0712819736571646,1.0887088433787815,0.9839930851782805,0.28556125706704505,100.0
0.9,0.5,0.6,0,1,100,0.1481506690898735,0.8999727533311953,1.0887088433787815,0.8266422733723294,0.371619177879541,
0.9,0.5,0.6,0,1,200,0.07589214577813558,0.8240843516045933,1.0887088433787815,0.7569373176459809,0.2901040182533081,
0.9,0.5,0.6,0,1,300,0.0503388378255738,0.8365636661875197,1.0887088433787815,0.7683998079700213,0.2615616634807198,
0.9,0.5,0.6,0,1,400,0.037062619282203314,0.8525310463720629,1.0887088433787815,0.7830661535973691,0.23857007028923702,
0.9,0.5,0.6,0,1,500,0.03181516221138905,0.8517998232142312,1.0887088433787815,0.782394511071198,0.22346475560953183,
0.9,0.5,0.6,0,1,600,0.028563222480993813,0.8695227706573091,1.0887088433787815,0.7986733789713384,0.2113267759845072,
0.9,0.5,0.6,0,1,-1,0.028563222480993813,0.8695227706573091,1.0887088433787815,0.7986733789713384,0.2113267759845072,100.0
0.9,0.5,0.6,0,2,100,0.46346334339870077,0.8987706807816306,1.0887088433787815,0.8255381466291002,0.44697262593717224,
0.9,0.5,0.6,0,2,200,0.16522824404725586,0.8502351134646051,1.0887088433787815,0.7809572950890351,0.3112016123452198,
0.9,0.5,0.6,0,2,300,0.0945104232728515,0.8425168679127715,1.0887088433787815,0.773867938188176,0.2493005770818035,
0.9,0.5,0.6,0,2,400,0.05873941007343707,0.8835753443684711,1.0887088433787815,0.8115809380461322,0.214051960535263,
0.9,0.5,0.6,0,2,500,0.04811768447963402,0.8919537079016339,1.0887088433787815,0.8192766260017482,0.20184380488491027,
0.9,0.5,0.6,0,2,600,0.041084099408527884,0.8852256648177641,1.0887088433787815,0.8130967891015634,0.19744216537899667,
0.9,0.5,0.6,0,2,-1,0.041084099408527884,0.8852256648177641,1.0887088433787815,0.8130967891015634,0.19744216537899667,100.0
0.9,0.5,0.6,0,3,100,0.08519281437103597,0.9771583597441887,1.0887088433787815,0.8975387365382295,0.28248705796349527,
0.9,0.5,0.6,0,3,200,0.03849576763928188,1.001558924417452,1.0887088433787815,0.919951124222651,0.23487914607370902,
0.9,0.5,0.6,0,3,300,0.03259667447181305,0.9214552442542834,1.0887088433787815,0.8463743542254781,0.20300077112990886,
0.9,0.5,0.6,0,3,400,0.03050039921371229,0.928502509890531,1.0887088433787815,0.8528474031761751,0.19702412397572838,
0.9,0.5,0.6,0,3,500,0.029529072730134436,0.9415039207296205,1.0887088433787815,0.8647894489473291,0.20773806511358495,
0.9,0.5,0.6,0,3,600,0.028880371909479372,0.9350571236838691,1.0887088433787815,0.8588679419393177,0.21944344179838804,
0.9,0.5,0.6,0,3,-1,0.028880371909479372,0.9350571236838691,1.0887088433787815,0.8588679419393177,0.21944344179838804,100.0
0.9,0.5,0.6,0,4,100,0.06649932784289347,1.0475037410002304,1.0887088433787815,0.962152321413435,0.2856152245018271,
0.9,0.5,0.6,0,4,200,0.037229579972479866,1.0187636863935077,1.0887088433787815,0.9357540288106775,0.2139407678403759,
0.9,0.5,0.6,0,4,300,0.034859545922781565,0.9924140448418901,1.0887088433787815,0.9115513765479825,0.20332225607612003,
0.9,0.5,0.6,0,4,400,0.03083200019375788,0.9645892453035929,1.0887088433787815,0.8859937633187709,0.1934180101357791,
0.9,0.5,0.6,0,4,500,0.0299316609446487,0.9776607379816422,1.0887088433787815,0.8980001806061351,0.19475622911458457,
0.9,0.5,0.6,0,4,600,0.028785810521563492,0.9815136766663768,1.0887088433787815,0.9015391788499421,0.19364073906708604,
0.9,0.5,0.6,0,4,-1,0.028785810521563492,0.9815136766663768,1.0887088433787815,0.9015391788499421,0.19364073906708604,100.0
0.9,0.5,0.6,0,5,100,0.1708657704114325,1.02027177510214,1.0887088433787815,0.9371392372783078,0.3383439193511084,
0.9,0.5,0.6,0,5,200,0.0569809050634105,0.9006856578941289,1.0887088433787815,0.8272970899169633,0.2578987775722035,
0.9,0.5,0.6,0,5,300,0.037578031653746395,0.9083668697338072,1.0887088433787815,0.834352430641339,0.2401363536888535,
0.9,0.5,0.6,0,5,400,0.03383231373963337,0.9286003013728672,1.0887088433787815,0.8529372265324664,0.233050156977373,
0.9,0.5,0.6,0,5,500,0.030049099750012912,0.9476564789774216,1.0887088433787815,0.8704406919635121,0.22384090428214648,
0.9,0.5,0.6,0,5,600,0.027401804692392104,0.96000394154939,1.0887088433787815,0.8817820736810046,0.21691625012942636,
0.9,0.5,0.6,0,5,-1,0.027401804692392104,0.96000394154939,1.0887088433787815,0.8817820736810046,0.21691625012942636,100.0
0.9,0.5,0.6,0,6,100,0.11041320456050868,0.9414692810628318,1.0887088433787815,0.8647576317475338,0.30453761173566984,
0.9,0.5,0.6,0,6,200,0.05555372090028701,0.9339385583965261,1.0887088433787815,0.8578405182216307,0.22106752184894923,
0.9,0.5,0.6,0,6,300,0.04543035850701643,0.9828757949347375,1.0887088433787815,0.902790310662313,0.20773318032974514,
0.9,0.5,0.6,0,6,400,0.03818752633478212,0.9923235337736096,1.0887088433787815,0.9114682403919468,0.20681039777375554,
0.9,0.5,0.6,0,6,500,0.03669604137603849,0.9924691063794355,1.0887088433787815,0.9116019516286207,0.1977343368619467,
0.9,0.5,0.6,0,6,600,0.0339325728492869,0.9656710418381809,1.0887088433787815,0.8869874142302768,0.1866984266462502,
0.9,0.5,0.6,0,6,-1,0.0339325728492869,0.9656710418381809,1.0887088433787815,0.8869874142302768,0.1866984266462502,100.0
0.9,0.5,0.6,0,7,100,0.19677182690545486,0.9782948148409399,1.0887088433787815,0.8985825923897391,0.41055335972849727,
0.9,0.5,0.6,0,7,200,0.08173850626200878,0.959868559505806,1.0887088433787815,0.8816577226716348,0.2977401746822007,
0.9,0.5,0.6,0,7,300,0.05021797501830841,0.9777990119075096,1.0887088433787815,0.8981271878649705,0.2548727361929815,
0.9,0.5,0.6,0,7,400,0.03848317993112205,0.9919951744959424,1.0887088433787815,0.9111666360836286,0.2279994634996253,
0.9,0.5,0.6,0,7,500,0.03230587771990887,0.956247245159387,1.0887088433787815,0.8783314758348952,0.21466410066042738,
0.9,0.5,0.6,0,7,600,0.028181412660239148,0.965704639206068,1.0887088433787815,0.8870182740584958,0.20853943601282154,
0.9,0.5,0.6,0,7,-1,0.028181412660239148,0.965704639206068,1.0887088433787815,0.8870182740584958,0.20853943601282154,100.0
0.9,0.5,0.6,1,0,100,0.8736948782405923,1.071953890104694,1.0887088433787815,0.9846102533510348,0.6863536992264296,
0.9,0.5,0.6,1,0,200,0.606845318740944,1.0216210845004468,1.0887088433787815,0.9383786038973198,0.5670666014194402,
0.9,0.5,0.6,1,0,300,0.3691400043196115,1.0466189023660457,1.0887088433787815,0.9613395801194095,0.47626027745828775,
0.9,0.5,0.6,1,0,400,0.24836067066423392,1.008969269100725,1.0887088433787815,0.9267576682572114,0.42784794043078095,
0.9,0.5,0.6,1,0,500,0.21056841429293793,1.020094155810244,1.0887088433787815,0.9369760905444716,0.4054922449735286,
0.9,0.5,0.6,1,0,600,0.16215533233621546,1.0246199364004727,1.0887088433787815,0.9411331070119625,0.37687636290124715,
0.9,0.5,0.6,1,0,-1,0.16215533233621546,1.0246199364004727,1.0887088433787815,0.9411331070119625,0.37687636290124715,100.0
0.9,0.5,0.6,1,1,100,1.7470975653319352,0.995760105170439,1.0887088433787815,0.9146247972783262,0.8607825961950772,
0.9,0.5,0.6,1,1,200,1.52128758486518,1.041432837536402,1.0887088433787815,0.9565760798859136,0.6801735827263071,
0.9,0.5,0.6,1,1,300,1.4229332120328935,1.0650540394361254,1.0887088433787815,0.9782726078817878,0.5951222758730796,
0.9,0.5,0.6,1,1,400,1.4005831249000757,1.0608691721095105,1.0887088433787815,0.9744287268000219,0.5407420324671395,
0.9,0.5,0.6,1,1,500,1.4089596994148863,1.049271680277751,1.0887088433787815,0.9637762076234835,0.5141559183914314,
0.9,0.5,0.6,1,1,600,1.3905750503410343,1.0459064323848764,1.0887088433787815,0.9606851627464796,0.49431083391045577,
0.9,0.5,0.6,1,1,-1,1.3905750503410343,1.0459064323848764,1.0887088433787815,0.9606851627464796,0.49431083391045577,600.0
0.9,0.5,0.6,1,2,100,0.8376511807347276,0.9828992250030834,1.0887088433787815,0.9028118316304655,0.6038717718606474,
0.9,0.5,0.6,1,2,200,0.7574891707989083,0.8860578734186769,1.0887088433787815,0.8138611886983648,0.5378764528944805,
0.9,0.5,0.6,1,2,300,0.515262578128635,0.8642647132460575,1.0887088433787815,0.7938437521677815,0.4931196447435774,
0.9,0.5,0.6,1,2,400,0.39714331369227795,0.8620537008529485,1.0887088433787815,0.7918128947842343,0.45724238053019867,
0.9,0.5,0.6,1,2,500,0.3321486897523146,0.8730214586372735,1.0887088433787815,0.8018869911333434,0.42554092204388216,
0.9,0.5,0.6,1,2,600,0.25101228218760363,0.9002101165867333,1.0887088433787815,0.8268602960851802,0.39415623482169987,
0.9,0.5,0.6,1,2,-1,0.25101228218760363,0.9002101165867333,1.0887088433787815,0.8268602960851802,0.39415623482169987,100.0
0.9,0.5,0.6,1,3,100,1.4050081490630577,0.8617858453873682,1.0887088433787815,0.7915668643903331,0.8527918492447742,
0.9,0.5,0.6,1,3,200,0.8817360352472087,0.8358353840994651,1.0887088433787815,0.7677308668729743,0.6946890040616267,
0.9,0.5,0.6,1,3,300,0.5986169904162498,0.8893143423639035,1.0887088433787815,0.8168523180209853,0.5939374517440564,
0.9,0.5,0.6,1,3,400,0.4377352083615463,0.8939030388344058,1.0887088433787815,0.8210671239338879,0.530903342281165,
0.9,0.5,0.6,1,3,500,0.34018799001671135,0.9068907891601097,1.0887088433787815,0.8329966222609124,0.4835478943541122,
0.9,0.5,0.6,1,3,600,0.25197645138515645,0.9046273790108406,1.0887088433787815,0.830917636531133,0.43786486141477127,
0.9,0.5,0.6,1,3,-1,0.25197645138515645,0.9046273790108406,1.0887088433787815,0.830917636531133,0.43786486141477127,200.0
0.9,0.5,0.6,1,4,100,1.743389128513224,1.0195182295768925,1.0887088433787815,0.9364470912285808,0.7391512372314897,
0.9,0.5,0.6,1,4,200,1.0966529660369233,0.9758797648756732,1.0887088433787815,0.8963643225741181,0.6341125623013172,
0.9,0.5,0.6,1,4,300,0.7382626275034947,0.9982656506579228,1.0887088433787815,0.9169261889706247,0.542201792362101,
0.9,0.5,0.6,1,4,400,0.6284045575402467,1.0037765157536542,1.0887088433787815,0.9219880244918909,0.4899128554799422,
0.9,0.5,0.6,1,4,500,0.5525326654251924,1.0121224490197018,1.0887088433787815,0.9296539246237813,0.4605270014113792,
0.9,0.5,0.6,1,4,600,0.48198077508918036,1.0166366921194059,1.0887088433787815,0.9338003436844498,0.43969822034364425,
0.9,0.5,0.6,1,4,-1,0.48198077508918036,1.0166366921194059,1.0887088433787815,0.9338003436844498,0.43969822034364425,300.0
0.9,0.5,0.6,1,5,100,1.3266404704419181,0.9315865323239358,1.0887088433787815,0.8556801370628897,0.6230850032206193,
0.9,0.5,0.6,1,5,200,1.3392640748588245,0.9427585997047936,1.0887088433787815,0.8659418957036898,0.5033903307887525,
0.9,0.5,0.6,1,5,300,1.1603883862368314,0.9462188975511109,1.0887088433787815,0.8691202457899979,0.4847307608788425,
0.9,0.5,0.6,1,5,400,1.0855782793649753,0.949622415389247,1.0887088433787815,0.872246442347356,0.4754652099594932,
0.9,0.5,0.6,1,5,500,0.9338273327622089,0.9457551687519794,1.0887088433787815,0.8686943019741175,0.47089417980774056,
0.9,0.5,0.6,1,5,600,0.755677688770932,0.9409569801816161,1.0887088433787815,0.8642870735405979,0.46586059793436796,
0.9,0.5,0.6,1,5,-1,0.755677688770932,0.9409569801816161,1.0887088433787815,0.8642870735405979,0.46586059793436796,500.0
0.9,0.5,0.6,1,6,100,1.4611388336846314,0.9642828061719024,1.0887088433787815,0.8857122930858853,0.6818852823332633,
0.9,0.5,0.6,1,6,200,1.142082414402266,0.9608407164814428,1.0887088433787815,0.8825506675407329,0.6791791731318052,
0.9,0.5,0.6,1,6,300,0.607693264939617,0.913203115604325,1.0887088433787815,0.8387946154365948,0.5793202990807469,
0.9,0.5,0.6,1,6,400,0.4041316924070679,0.8866036681508316,1.0887088433787815,0.814362511651213,0.5083815709686681,
0.9,0.5,0.6,1,6,500,0.31443999526111366,0.897736426320579,1.0887088433787815,0.8245881640259997,0.4646188577115362,
0.9,0.5,0.6,1,6,600,0.23999118689563326,0.9129540669403853,1.0887088433787815,0.8385658594515082,0.425156666924079,
0.9,0.5,0.6,1,6,-1,0.23999118689563326,0.9129540669403853,1.0887088433787815,0.8385658594515082,0.425156666924079,300.0
0.9,0.5,0.6,1,7,100,1.18893544921856,0.7876891235328287,1.0887088433787815,0.7235076010664657,0.4229503178168281,
0.9,0.5,0.6,1,7,200,1.101439429296711,0.8244770342307066,1.0887088433787815,0.7572980041862819,0.3952123132618818,
0.9,0.5,0.6,1,7,300,1.0000170057785576,0.8746594508388763,1.0887088433787815,0.8033915184562954,0.39307741762463744,
0.9,0.5,0.6,1,7,400,0.9196056169230431,0.8566285771116271,1.0887088433787815,0.7868298143451293,0.398184914822313,
0.9,0.5,0.6,1,7,500,0.8869128964050031,0.8675525779136983,1.0887088433787815,0.7968637190649338,0.39573474706736644,
0.9,0.5,0.6,1,7,600,0.7747929312911729,0.8818932458332651,1.0887088433787815,0.8100358982079459,0.40615512473788506,
0.9,0.5,0.6,1,7,-1,0.7747929312911729,0.8818932458332651,1.0887088433787815,0.8100358982079459,0.40615512473788506,400.0
0.9,0.5,0.6,2,0,100,1.4221281085033368,0.7975195324147991,1.0887088433787815,0.7325370205864375,0.41298449500579526,
0.9,0.5,0.6,2,0,200,1.4276419141643621,0.8772604827881777,1.0887088433787815,0.8057806162992311,0.38411752918525993,
0.9,0.5,0.6,2,0,300,1.4434027163484229,0.9147067565905569,1.0887088433787815,0.8401757385857055,0.3597529082787475,
0.9,0.5,0.6,2,0,400,1.3810117440664305,0.9248365443292548,1.0887088433787815,0.8494801433402956,0.3772851319650559,
0.9,0.5,0.6,2,0,500,1.3480899954654484,0.9588181005802819,1.0887088433787815,0.8806928559564311,0.388149689388177,
0.9,0.5,0.6,2,0,600,1.337131969479969,0.9588493122397579,1.0887088433787815,0.8807215244656159,0.3981031398731512,
0.9,0.5,0.6,2,0,-1,1.337131969479969,0.9588493122397579,1.0887088433787815,0.8807215244656159,0.3981031398731512,600.0
0.9,0.5,0.6,2,1,100,1.545499867834003,0.7999963827079449,1.0887088433787815,0.7348120551911524,0.3788335283176354,
0.9,0.5,0.6,2,1,200,1.5368548513813334,0.9231323310295287,1.0887088433787815,0.8479147906658037,0.35260797694336166,
0.9,0.5,0.6,2,1,300,1.5357722168241108,0.9647147611036992,1.0887088433787815,0.8861090519938557,0.35077284991858926,
0.9,0.5,0.6,2,1,400,1.533579017822082,0.9526881853248219,1.0887088433787815,0.875062410963961,0.34871046501573455,
0.9,0.5,0.6,2,1,500,1.4783464953818026,0.9888921190538442,1.0887088433787815,0.9083164200125734,0.3699996110903323,
0.9,0.5,0.6,2,1,600,1.4840932363466366,1.0052638748863392,1.0887088433787815,0.923354192445546,0.3655998799552791,
0.9,0.5,0.6,2,1,-1,1.4840932363466366,1.0052638748863392,1.0887088433787815,0.923354192445546,0.3655998799552791,600.0
0.9,0.5,0.6,2,2,100,0.4902268089958612,0.8250042385134309,1.0887088433787815,0.7577822514539794,0.4364454411446571,
0.9,0.5,0.6,2,2,200,0.20801134388168774,0.8556625109998591,1.0887088433787815,0.7859424640515744,0.3269867568343073,
0.9,0.5,0.6,2,2,300,0.1294088075415961,0.8867369278080073,1.0887088433787815,0.8144849132078699,0.2885510277992606,
0.9,0.5,0.6,2,2,400,0.08704051839940755,0.8644376873240527,1.0887088433787815,0.7940026321833589,0.2601400445187504,
0.9,0.5,0.6,2,2,500,0.06972817094421109,0.8931477310216224,1.0887088433787815,0.8203733591891842,0.24049293286145532,
0.9,0.5,0.6,2,2,600,0.06198856100860804,0.9135243345640194,1.0887088433787815,0.8390896612256026,0.2376964626973443,
0.9,0.5,0.6,2,2,-1,0.06198856100860804,0.9135243345640194,1.0887088433787815,0.8390896612256026,0.2376964626973443,100.0
0.9,0.5,0.6,2,3,100,1.5775959587324944,0.9341065394409868,1.0887088433787815,0.8579948120399296,0.6407066863416124,
0.9,0.5,0.6,2,3,200,1.386493326143637,0.9237686463479066,1.0887088433787815,0.8484992585171008,0.6025711930218062,
0.9,0.5,0.6,2,3,300,1.3314645797833138,0.9308828110140229,1.0887088433787815,0.8550337555126775,0.547160947024335,
0.9,0.5,0.6,2,3,400,1.2687913735323058,0.936525238162232,1.0887088433787815,0.8602164333080539,0.5205105473723648,
0.9,0.5,0.6,2,3,500,1.2347713051746871,0.9857695499768528,1.0887088433787815,0.9054482802927741,0.5034360946631411,
0.9,0.5,0.6,2,3,600,1.2149398194072443,1.0053916517603954,1.0887088433787815,0.9234715579605166,0.49552799797700897,
0.9,0.5,0.6,2,3,-1,1.2149398194072443,1.0053916517603954,1.0887088433787815,0.9234715579605166,0.49552799797700897,600.0
0.9,0.5,0.6,2,4,100,1.5352791195435287,0.9236955981651325,1.0887088433787815,0.8484321623570775,0.388024581590809,
0.9,0.5,0.6,2,4,200,1.5480024440890832,0.996021278593735,1.0887088433787815,0.9148646900879459,0.3583928993064704,
0.9,0.5,0.6,2,4,300,1.5481860092603559,0.9975686975456696,1.0887088433787815,0.9162860241400623,0.34598086625134983,
0.9,0.5,0.6,2,4,400,1.5477998465429617,0.9443520488350692,1.0887088433787815,0.8674055093594129,0.33499121751532424,
0.9,0.5,0.6,2,4,500,1.5520502240212715,0.9876717640182157,1.0887088433787815,0.9071955004544652,0.33534048555281537,
0.9,0.5,0.6,2,4,600,1.5387731479201894,0.9937413806837297,1.0887088433787815,0.9127705600329997,0.3407385142584326,
0.9,0.5,0.6,2,4,-1,1.5387731479201894,0.9937413806837297,1.0887088433787815,0.9127705600329997,0.3407385142584326,600.0
0.9,0.5,0.6,2,5,100,1.4947321042913089,0.967851368560709,1.0887088433787815,0.8889900862355501,0.3804528125477606,
0.9,0.5,0.6,2,5,200,1.0221359634224567,1.0228204296002643,1.0887088433787815,0.9394802254255288,0.45406623406734165,
0.9,0.5,0.6,2,5,300,1.0307570045239016,1.053970422351814,1.0887088433787815,0.968092092538573,0.47964826693777307,
0.9,0.5,0.6,2,5,400,0.8812920940528889,1.0300863467833739,1.0887088433787815,0.9461541100249777,0.4804328779813787,
0.9,0.5,0.6,2,5,500,0.7982219248692376,1.0509046560578312,1.0887088433787815,0.9652761272668403,0.4767592141857063,
0.9,0.5,0.6,2,5,600,0.7610522047003441,1.060249131815384,1.0887088433787815,0.973859207871341,0.4779407194148472,
0.9,0.5,0.6,2,5,-1,0.7610522047003441,1.060249131815384,1.0887088433787815,0.973859207871341,0.4779407194148472,400.0
0.9,0.5,0.6,2,6,100,1.4645987899750113,0.8270088016686055,1.0887088433787815,0.7596234812440796,0.39494794549185075,
0.9,0.5,0.6,2,6,200,1.487700006767631,0.891791817280368,1.0887088433787815,0.819127926354225,0.3989003514662314,
0.9,0.5,0.6,2,6,300,1.417104211762141,0.9210861916456946,1.0887088433787815,0.846035372310494,0.40566375636673097,
0.9,0.5,0.6,2,6,400,1.272937366822934,0.9085388129237173,1.0887088433787815,0.8345103637663943,0.4244777650175491,
0.9,0.5,0.6,2,6,500,1.2891469352657767,0.9201628573324745,1.0887088433787815,0.8451872719953035,0.41422221302794926,
0.9,0.5,0.6,2,6,600,1.2633341738204522,0.923444166421881,1.0887088433787815,0.8482012174678351,0.42990837073907806,
0.9,0.5,0.6,2,6,-1,1.2633341738204522,0.923444166421881,1.0887088433787815,0.8482012174678351,0.42990837073907806,600.0
0.9,0.5,0.6,2,7,100,0.2831188640240885,0.7836742197795196,1.0887088433787815,0.7198198347938515,0.3802003449330278,
0.9,0.5,0.6,2,7,200,0.15457197488659633,0.8477135456927298,1.0887088433787815,0.7786411866205398,0.3147977114636775,
0.9,0.5,0.6,2,7,300,0.10896522259029587,0.8998200001764274,1.0887088433787815,0.8265019666634266,0.2889231231331912,
0.9,0.5,0.6,2,7,400,0.07893535419282371,0.9050932304942232,1.0887088433787815,0.8313455300733007,0.26840622844725726,
0.9,0.5,0.6,2,7,500,0.06637696006059046,0.9544887385293391,1.0887088433787815,0.8767162536928665,0.26245271605099196,
0.9,0.5,0.6,2,7,600,0.05893823245600349,0.9596861595398491,1.0887088433787815,0.8814901847967785,0.26053625759873233,
0.9,0.5,0.6,2,7,-1,0.05893823245600349,0.9596861595398491,1.0887088433787815,0.8814901847967785,0.26053625759873233,100.0
0.9,1.0,0.3,0,0,100,0.14323786769147334,1.1326478589715117,1.0887088433787815,1.0403588304255584,0.41509532733234455,
0.9,1.0,0.3,0,0,200,0.07079491620019686,1.0555833266589119,1.0887088433787815,0.9695735761481781,0.32546271799703147,
0.9,1.0,0.3,0,0,300,0.04659066018363086,1.0291745864158748,1.0887088433787815,0.9453166406014085,0.2797853498818975,
0.9,1.0,0.3,0,0,400,0.03846243638635197,1.0403641815532059,1.0887088433787815,0.9555944988234512,0.25870190647069025,
0.9,1.0,0.3,0,0,500,0.03561229836055299,1.057815736724494,1.0887088433787815,0.9716240877052018,0.2516474504536871,
0.9,1.0,0.3,0,0,600,0.03190451268104069,1.0635341362252695,1.0887088433787815,0.9768765475667646,0.23596112536261066,
0.9,1.0,0.3,0,0,-1,0.03190451268104069,1.0635341362252695,1.0887088433787815,0.9768765475667646,0.23596112536261066,100.0
0.9,1.0,0.3,0,1,100,0.14574478307847893,1.0130013356494207,1.0887088433787815,0.9304611988872945,0.3771493084387658,
0.9,1.0,0.3,0,1,200,0.06655033584249842,1.0694637341387554,1.0887088433787815,0.9823229972300956,0.29436775668606485,
0.9,1.0,0.3,0,1,300,0.050100395646426196,1.0756070073022594,1.0887088433787815,0.9879657117178723,0.26532238538528835,
0.9,1.0,0.3,0,1,400,0.04487618911558652,1.067449067726647,1.0887088433787815,0.9804724874042952,0.2594038038530978,
0.9,1.0,0.3,0,1,500,0.04597142894994998,1.0489415214020872,1.0887088433787815,0.9634729503498131,0.25979280237282476,
0.9,1.0,0.3,0,1,600,0.04063811397061767,1.0497868213475674,1.0887088433787815,0.9642493745982438,0.24402643965973855,
0.9,1.0,0.3,0,1,-1,0.04063811397061767,1.0497868213475674,1.0887088433787815,0.9642493745982438,0.24402643965973855,100.0
0.9,1.0,0.3,0,2,100,0.07850341779495298,0.9560253853741607,1.0887088433787815,0.8781276933575364,0.2480869806267146,
0.9,1.0,0.3,0,2,200,0.05587894855594926,1.0188735993984033,1.0887088433787815,0.9358549860184416,0.24099062069101784,
0.9,1.0,0.3,0,2,300,0.04669768222166987,0.9977174294496947,1.0887088433787815,0.9164226372528608,0.22210029553622607,
0.9,1.0,0.3,0,2,400,0.0391917248506913,0.9882196629053112,1.0887088433787815,0.907698756114073,0.21275068110011028,
0.9,1.0,0.3,0,2,500,0.037489312641084904,0.987001805669323,1.0887088433787815,0.9065801308329479,0.21178665990651255,
0.9,1.0,0.3,0,2,600,0.03507675885418246,0.9895226456557233,1.0887088433787815,0.9088955708164947,0.20996317300364065,
0.9,1.0,0.3,0,2,-1,0.03507675885418246,0.9895226456557233,1.0887088433787815,0.9088955708164947,0.20996317300364065,100.0
0.9,1.0,0.3,0,3,100,0.07647471942767982,1.0155286426601036,1.0887088433787815,0.9327825789569552,0.3274666596528161,
0.9,1.0,0.3,0,3,200,0.033262888518625765,1.045547932481685,1.0887088433787815,0.960355873694249,0.21489436755185043,
0.9,1.0,0.3,0,3,300,0.03314142035211103,1.0442830345339371,1.0887088433787815,0.9591940406151475,0.20567043397403034,
0.9,1.0,0.3,0,3,400,0.0334700453780743,1.0315178367872055,1.0887088433787815,0.9474689611098547,0.22264811817845917,
0.9,1.0,0.3,0,3,500,0.03557230045271845,0.9963123329570083,1.0887088433787815,0.9151320291153116,0.23346969380184177,
0.9,1.0,0.3,0,3,600,0.03734779877081227,0.9909357186875603,1.0887088433787815,0.9101935055585801,0.24434788410045966,
0.9,1.0,0.3,0,3,-1,0.03734779877081227,0.9909357186875603,1.0887088433787815,0.9101935055585801,0.24434788410045966,100.0
0.9,1.0,0.3,0,4,100,0.07878852035928789,1.0616001132853417,1.0887088433787815,0.9751001103203052,0.2952145506154844,
0.9,1.0,0.3,0,4,200,0.04293379743111826,1.0728780766024408,1.0887088433787815,0.9854591364140938,0.21544618420802447,
0.9,1.0,0.3,0,4,300,0.040440422093850084,1.0501535076586448,1.0887088433787815,0.9645861830234784,0.21156505506164466,
0.9,1.0,0.3,0,4,400,0.0373250946847198,1.024161448516385,1.0887088433787815,0.9407119770772917,0.20490082866201173,
0.9,1.0,0.3,0,4,500,0.042173512836149056,1.013945273485684,1.0887088433787815,0.9313282239344446,0.21980984401986878,
0.9,1.0,0.3,0,4,600,0.040897316493965365,1.0039962717061144,1.0887088433787815,0.922189874558414,0.2153618295023409,
0.9,1.0,0.3,0,4,-1,0.040897316493965365,1.0039962717061144,1.0887088433787815,0.922189874558414,0.2153618295023409,100.0
0.9,1.0,0.3,0,5,100,0.06912174327680473,1.0289210478713922,1.0887088433787815,0.9450837605747379,0.25642132637864146,
0.9,1.0,0.3,0,5,200,0.036927952837762304,1.0121616567556195,1.0887088433787815,0.9296899376828798,0.15878920846425737,
0.9,1.0,0.3,0,5,300,0.03046208366887577,0.9791432045266748,1.0887088433787815,0.8993618546239852,0.18178839112744832,
0.9,1.0,0.3,0,5,400,0.032594682162097266,0.973760820452998,1.0887088433787815,0.8944180313911615,0.19447494814529329,
0.9,1.0,0.3,0,5,500,0.035062424481524655,0.9889195825388355,1.0887088433787815,0.9083416457514458,0.2131389670008947,
0.9,1.0,0.3,0,5,600,0.032046951230286336,0.9965291113404713,1.0887088433787815,0.9153311442274753,0.20748319371976165,
0.9,1.0,0.3,0,5,-1,0.032046951230286336,0.9965291113404713,1.0887088433787815,0.9153311442274753,0.20748319371976165,100.0
0.9,1.0,0.3,0,6,100,0.11416837247434417,1.0461813194365595,1.0887088433787815,0.9609376517873788,0.28689570025680394,
0.9,1.0,0.3,0,6,200,0.05810929402761282,1.030385664165514,1.0887088433787815,0.9464290387940059,0.20019671454861587,
0.9,1.0,0.3,0,6,300,0.05443177727603868,1.0385185359107143,1.0887088433787815,0.9538992378234912,0.19960080074738387,
0.9,1.0,0.3,0,6,400,0.05181543898882914,1.035663389253533,1.0887088433787815,0.9512767307367291,0.21128745541005078,
0.9,1.0,0.3,0,6,500,0.047105990383978724,1.0316448573322121,1.0887088433787815,0.9475856319220549,0.20175360509667095,
0.9,1.0,0.3,0,6,600,0.045888806363260266,1.0278699771995043,1.0887088433787815,0.9441183319587401,0.19741811618784755,
0.9,1.0,0.3,0,6,-1,0.045888806363260266,1.0278699771995043,1.0887088433787815,0.9441183319587401,0.19741811618784755,100.0
0.9,1.0,0.3,0,7,100,0.06518499086936472,1.0082203944092285,1.0887088433787815,0.9260698124580682,0.3044659929120437,
0.9,1.0,0.3,0,7,200,0.03245435461555111,1.04898243111393,1.0887088433787815,0.9635105267065145,0.25616637267695924,
0.9,1.0,0.3,0,7,300,0.024851617142088788,1.0356644025946886,1.0887088433787815,0.9512776615100592,0.22346120971216277,
0.9,1.0,0.3,0,7,400,0.029916485254577713,1.0416339968559651,1.0887088433787815,0.956760848587653,0.23173262054882365,
0.9,1.0,0.3,0,7,500,0.02627493515835986,1.0346039868791235,1.0887088433787815,0.9503036492918117,0.21765763447376296,
0.9,1.0,0.3,0,7,600,0.024768180039011198,1.0341233075962173,1.0887088433787815,0.949862136130759,0.21397384839535086,
0.9,1.0,0.3,0,7,-1,0.024768180039011198,1.0341233075962173,1.0887088433787815,0.949862136130759,0.21397384839535086,100.0
0.9,1.0,0.3,1,0,100,0.16217473932081408,1.1144377351285497,1.0887088433787815,1.0236324816375324,0.37899742824749777,
0.9,1.0,0.3,1,0,200,0.0820400060467692,1.0675500994828404,1.0887088433787815,0.9805652870144093,0.291495195982449,
0.9,1.0,0.3,1,0,300,0.05050010485867827,1.065743245530263,1.0887088433787815,0.9789056569272961,0.2389118073509141,
0.9,1.0,0.3,1,0,400,0.043692871216147774,1.0543177778047745,1.0887088433787815,0.9684111451990459,0.2234461446890203,
0.9,1.0,0.3,1,0,500,0.03632484685655942,1.0130240073714278,1.0887088433787815,0.9304820232997579,0.2006155160850412,
0.9,1.0,0.3,1,0,600,0.033657472659100685,1.0023416218320649,1.0887088433787815,0.9206700468431229,0.19465746130497463,
0.9,1.0,0.3,1,0,-1,0.033657472659100685,1.0023416218320649,1.0887088433787815,0.9206700468431229,0.19465746130497463,100.0
0.9,1.0,0.3,1,1,100,0.13670771251956595,1.0031535269433973,1.0887088433787815,0.9214157972944673,0.2672604852879359,
0.9,1.0,0.3,1,1,200,0.06757181422325421,0.9544705503219774,1.0887088433787815,0.8766995474747878,0.2196343103946357,
0.9,1.0,0.3,1,1,300,0.0545713288029978,0.9599066269271549,1.0887088433787815,0.8816926883298826,0.20900642603482125,
0.9,1.0,0.3,1,1,400,0.051968363342667336,0.9426197017088405,1.0887088433787815,0.8658143152244847,0.23260960747793835,
0.9,1.0,0.3,1,1,500,0.04922926673327323,0.9501033598820916,1.0887088433787815,0.8726881991088351,0.22987871209922425,
0.9,1.0,0.3,1,1,600,0.04721955633894169,0.9593921931777857,1.0887088433787815,0.8812201710425491,0.22539729411635195,
0.9,1.0,0.3,1,1,-1,0.04721955633894169,0.9593921931777857,1.0887088433787815,0.8812201710425491,0.22539729411635195,100.0
0.9,1.0,0.3,1,2,100,0.10547895800472701,1.0855268918762184,1.0887088433787815,0.9970773163808535,0.32431108400392455,
0.9,1.0,0.3,1,2,200,0.05336554957544529,1.0384457311166722,1.0887088433787815,0.9538323652206967,0.2790318936329831,
0.9,1.0,0.3,1,2,300,0.04125626316015885,1.0203881931307062,1.0887088433787815,0.9372461694753541,0.2508738758246459,
0.9,1.0,0.3,1,2,400,0.03125167539655272,0.9871995945042604,1.0887088433787815,0.9067618036797703,0.21823841915335232,
0.9,1.0,0.3,1,2,500,0.030908480236373978,0.9821484126252602,1.0887088433787815,0.9021221960291849,0.22453285093585984,
0.9,1.0,0.3,1,2,600,0.028915755314393207,1.0014620942076982,1.0887088433787815,0.9198621838137043,0.2203201891420254,
0.9,1.0,0.3,1,2,-1,0.028915755314393207,1.0014620942076982,1.0887088433787815,0.9198621838137043,0.2203201891420254,100.0
0.9,1.0,0.3,1,3,100,0.15894236511609416,0.9844599526749342,1.0887088433787815,0.9042453899976477,0.36881032433395594,
0.9,1.0,0.3,1,3,200,0.08084253063600337,0.9212876441100101,1.0887088433787815,0.8462204102713231,0.28870898673179546,
0.9,1.0,0.3,1,3,300,0.057406943353874286,0.9071141155936722,1.0887088433787815,0.8332017518829603,0.2537963265065231,
0.9,1.0,0.3,1,3,400,0.048357295749920155,0.9023229653027903,1.0887088433787815,0.8288009882444354,0.2422561835036905,
0.9,1.0,0.3,1,3,500,0.040210663916646405,0.9041101717241712,1.0887088433787815,0.830442571696476,0.2174446781175663,
0.9,1.0,0.3,1,3,600,0.03774748552067353,0.9147578488151128,1.0887088433787815,0.840222667776064,0.21689797149548026,
0.9,1.0,0.3,1,3,-1,0.03774748552067353,0.9147578488151128,1.0887088433787815,0.840222667776064,0.21689797149548026,100.0
0.9,1.0,0.3,1,4,100,0.14968508701597844,1.1409453929150786,1.0887088433787815,1.0479802748494098,0.3386610323724366,
0.9,1.0,0.3,1,4,200,0.06524535712389841,1.1046289411172996,1.0887088433787815,1.014622915791802,0.2166486870984129,
0.9,1.0,0.3,1,4,300,0.057066552425045845,1.111859392016108,1.0887088433787815,1.021264223927381,0.2053497728991824,
0.9,1.0,0.3,1,4,400,0.06093882173207172,1.1059096120380647,1.0887088433787815,1.0157992366498108,0.2129426484027595,
0.9,1.0,0.3,1,4,500,0.056438476895009526,1.1017991208590825,1.0887088433787815,1.0120236714893172,0.20673612022931775,
0.9,1.0,0.3,1,4,600,0.05098738208860793,1.084370292183792,1.0887088433787815,0.9960149573309933,0.19440388673955572,
0.9,1.0,0.3,1,4,-1,0.05098738208860793,1.084370292183792,1.0887088433787815,0.9960149573309933,0.19440388673955572,100.0
0.9,1.0,0.3,1,5,100,0.18196442130300608,0.9863826415780168,1.0887088433787815,0.9060114167133999,0.4340704202422413,
0.9,1.0,0.3,1,5,200,0.07234599949316581,1.006357937702363,1.0887088433787815,0.9243591101723355,0.2917393282472599,
0.9,1.0,0.3,1,5,300,0.06272668091777553,1.0053501863660177,1.0887088433787815,0.9234334711987254,0.2694938694086788,
0.9,1.0,0.3,1,5,400,0.05090919112175186,0.9811904585892524,1.0887088433787815,0.9012422968331474,0.24280435610499013,
0.9,1.0,0.3,1,5,500,0.04150087573793576,0.987173931155942,1.0887088433787815,0.9067382314010343,0.23934457832210396,
0.9,1.0,0.3,1,5,600,0.035784602341770055,0.9863201337329842,1.0887088433787815,0.9059540020562005,0.23441691059432138,
0.9,1.0,0.3,1,5,-1,0.035784602341770055,0.9863201337329842,1.0887088433787815,0.9059540020562005,0.23441691059432138,100.0
0.9,1.0,0.3,1,6,100,0.22642262743097114,1.1420370146019547,1.0887088433787815,1.0489829503521535,0.4006535300790608,
0.9,1.0,0.3,1,6,200,0.0948770803531631,1.1352410240337503,1.0887088433787815,1.0427407023815085,0.2641889492766368,
0.9,1.0,0.3,1,6,300,0.07097517539278884,1.0926708878145273,1.0887088433787815,1.003639213973361,0.24712155679357317,
0.9,1.0,0.3,1,6,400,0.05394105810895851,1.0863960583583456,1.0887088433787815,0.9978756625019614,0.22200506167734818,
0.9,1.0,0.3,1,6,500,0.048421963147494605,1.0759705107941773,1.0887088433787815,0.9882995966625281,0.21869223171519098,
0.9,1.0,0.3,1,6,600,0.0491100189623535,1.0695161173556893,1.0887088433787815,0.982371112221769,0.21652797253832695,
0.9,1.0,0.3,1,6,-1,0.0491100189623535,1.0695161173556893,1.0887088433787815,0.982371112221769,0.21652797253832695,100.0
0.9,1.0,0.3,1,7,100,0.14330039058695931,1.032629597295562,1.0887088433787815,0.9484901345072398,0.40027858662411264,
0.9,1.0,0.3,1,7,200,0.05266500574245493,0.996704936553171,1.0887088433787815,0.9154926430650838,0.2873582959145927,
0.9,1.0,0.3,1,7,300,0.041128044145977746,0.9975615969775298,1.0887088433787815,0.9162795021317376,0.2582940085755697,
0.9,1.0,0.3,1,7,400,0.03722818329562671,0.9829505959470564,1.0887088433787815,0.9028590168299663,0.24944390665724753,
0.9,1.0,0.3,1,7,500,0.03171244272540779,0.9979625350339151,1.0887088433787815,0.9166477714434307,0.22692926519189643,
0.9,1.0,0.3,1,7,600,0.031242723624510697,1.0094644880934927,1.0887088433787815,0.9272125364212567,0.22320471579654233,
0.9,1.0,0.3,1,7,-1,0.031242723624510697,1.0094644880934927,1.0887088433787815,0.9272125364212567,0.22320471579654233,100.0
0.9,1.0,0.3,2,0,100,0.06741007495153722,1.0506896165780746,1.0887088433787815,0.9650786093711564,0.3070338533153958,
0.9,1.0,0.3,2,0,200,0.05516141422558487,1.0462705883340078,1.0887088433787815,0.9610196469856278,0.30806066381110647,
0.9,1.0,0.3,2,0,300,0.0456257395525621,1.0259535621753075,1.0887088433787815,0.942358067921342,0.2825407446741343,
0.9,1.0,0.3,2,0,400,0.035228737297619876,1.0365293030900122,1.0887088433787815,0.9520720892402864,0.2531933159396027,
0.9,1.0,0.3,2,0,500,0.0326933550779828,1.0433489080797953,1.0887088433787815,0.9583360275110719,0.2447501509182441,
0.9,1.0,0.3,2,0,600,0.03168825453999595,1.0548713306524835,1.0887088433787815,0.9689195941301587,0.24671033831567069,
0.9,1.0,0.3,2,0,-1,0.03168825453999595,1.0548713306524835,1.0887088433787815,0.9689195941301587,0.24671033831567069,100.0
0.9,1.0,0.3,2,1,100,0.14374796059456452,0.9972226270882331,1.0887088433787815,0.9159681517726785,0.37012091334967023,
0.9,1.0,0.3,2,1,200,0.06123929226672271,1.0415956410358032,1.0887088433787815,0.9567256180295517,0.25261289452147345,
0.9,1.0,0.3,2,1,300,0.05029246647242369,1.051017405501161,1.0887088433787815,0.9653796897978287,0.235542779675651,
0.9,1.0,0.3,2,1,400,0.044278382119578547,1.0710412980104518,1.0887088433787815,0.9837720199704644,0.22718640299166007,
0.9,1.0,0.3,2,1,500,0.03967099381746253,1.0635370546709304,1.0887088433787815,0.976879228215203,0.2180739275673083,
0.9,1.0,0.3,2,1,600,0.04182277917142102,1.0596312579567275,1.0887088433787815,0.9732916788552829,0.22325668640307822,
0.9,1.0,0.3,2,1,-1,0.04182277917142102,1.0596312579567275,1.0887088433787815,0.9732916788552829,0.22325668640307822,100.0
0.9,1.0,0.3,2,2,100,0.057246421371300246,0.8585784239416221,1.0887088433787815,0.7886207861387851,0.22930750016755874,
0.9,1.0,0.3,2,2,200,0.036447155520779824,0.9049125684657459,1.0887088433787815,0.8311795885274263,0.20066597302209718,
0.9,1.0,0.3,2,2,300,0.03375220844496103,0.9051957902462334,1.0887088433787815,0.831439733176944,0.20164442297245588,
0.9,1.0,0.3,2,2,400,0.03546847126935912,0.9205596915219437,1.0887088433787815,0.845551771826349,0.20593602129503513,
0.9,1.0,0.3,2,2,500,0.03270976323551755,0.9203169974891782,1.0887088433787815,0.8453288526921455,0.19678530184873796,
0.9,1.0,0.3,2,2,600,0.03002232208035204,0.9212906047209081,1.0887088433787815,0.8462231296493422,0.19125524291607207,
0.9,1.0,0.3,2,2,-1,0.03002232208035204,0.9212906047209081,1.0887088433787815,0.8462231296493422,0.19125524291607207,100.0
0.9,1.0,0.3,2,3,100,0.09017706818561291,1.054584326751753,1.0887088433787815,0.9686559755304973,0.28126260833820976,
0.9,1.0,0.3,2,3,200,0.04370138954549592,1.072837977503703,1.0887088433787815,0.9854223046211109,0.22057414969883454,
0.9,1.0,0.3,2,3,300,0.0359021684646499,1.0671554825960243,1.0887088433787815,0.9802028238184721,0.19190932889462298,
0.9,1.0,0.3,2,3,400,0.038160414392141524,1.0662507666464969,1.0887088433787815,0.9793718248282189,0.1994090092488433,
0.9,1.0,0.3,2,3,500,0.03776232524824387,1.0547275249467383,1.0887088433787815,0.9687875058251727,0.1981936781020763,
0.9,1.0,0.3,2,3,600,0.037135138782656965,1.0455023951849818,1.0887088433787815,0.960314046811901,0.19925837773387448,
0.9,1.0,0.3,2,3,-1,0.037135138782656965,1.0455023951849818,1.0887088433787815,0.960314046811901,0.19925837773387448,100.0
0.9,1.0,0.3,2,4,100,0.06621114630171578,1.1790674881586565,1.0887088433787815,1.0829961521203861,0.2702635151677606,
0.9,1.0,0.3,2,4,200,0.03008218937353002,1.1609141151000049,1.0887088433787815,1.0663219300186229,0.1995647845359813,
0.9,1.0,0.3,2,4,300,0.025436093434763208,1.1323992155999774,1.0887088433787815,1.0401304467093369,0.16850765221000436,
0.9,1.0,0.3,2,4,400,0.028383153611264027,1.0908820902293237,1.0887088433787815,1.0019961690067636,0.17799005624887054,
0.9,1.0,0.3,2,4,500,0.028760910788410535,1.0871481590061793,1.0887088433787815,0.99856648140401,0.18254192590508483,
0.9,1.0,0.3,2,4,600,0.026736008939437263,1.0966530958418153,1.0887088433787815,1.0072969485931418,0.16637461890434307,
0.9,1.0,0.3,2,4,-1,0.026736008939437263,1.0966530958418153,1.0887088433787815,1.0072969485931418,0.16637461890434307,100.0
0.9,1.0,0.3,2,5,100,0.04912624188365142,1.1147986183641725,1.0887088433787815,1.0239639598264143,0.22336313101539138,
0.9,1.0,0.3,2,5,200,0.02395546871794806,1.0213206447938084,1.0887088433787815,0.9381026442516665,0.17249175136070508,
0.9,1.0,0.3,2,5,300,0.026837686185739576,1.0303884210388492,1.0887088433787815,0.9464315710351573,0.20232302453696988,
0.9,1.0,0.3,2,5,400,0.029925899335348557,1.0216348884217266,1.0887088433787815,0.9383912830643567,0.21780050559171832,
0.9,1.0,0.3,2,5,500,0.025870078452661344,1.0008871397000711,1.0887088433787815,0.9193340770465703,0.19585613378730493,
0.9,1.0,0.3,2,5,600,0.024806282946445553,1.0002082571670405,1.0887088433787815,0.9187105103903799,0.1951797623195735,
0.9,1.0,0.3,2,5,-1,0.024806282946445553,1.0002082571670405,1.0887088433787815,0.9187105103903799,0.1951797623195735,100.0
0.9,1.0,0.3,2,6,100,0.06029411066922603,1.1314139128085945,1.0887088433787815,1.0392254271557846,0.25307551609263973,
0.9,1.0,0.3,2,6,200,0.056171592724757385,1.066077432171293,1.0887088433787815,0.9792126137808778,0.26467103532150504,
0.9,1.0,0.3,2,6,300,0.040433300823216084,1.0446867545761647,1.0887088433787815,0.9595648652343125,0.21902294269530298,
0.9,1.0,0.3,2,6,400,0.03413480357674688,1.0391159057336674,1.0887088433787815,0.9544479334886234,0.20609260172351396,
0.9,1.0,0.3,2,6,500,0.03148493182519127,1.0250958302129305,1.0887088433787815,0.9415702246264211,0.20164367119233323,
0.9,1.0,0.3,2,6,600,0.02930392702833741,1.0225295565859265,1.0887088433787815,0.9392130529706463,0.1944044264723686,
0.9,1.0,0.3,2,6,-1,0.02930392702833741,1.0225295565859265,1.0887088433787815,0.9392130529706463,0.1944044264723686,100.0
0.9,1.0,0.3,2,7,100,0.107626482130321,1.1724354014399756,1.0887088433787815,1.0769044529861178,0.30054347279640536,
0.9,1.0,0.3,2,7,200,0.06523188355887775,1.0819079092516082,1.0887088433787815,0.9937532112754162,0.24243300710927998,
0.9,1.0,0.3,2,7,300,0.056303067596324,1.0696010375417564,1.0887088433787815,0.9824491130450227,0.23451196597326168,
0.9,1.0,0.3,2,7,400,0.048689558248116376,1.0596333969087777,1.0887088433787815,0.9732936435238563,0.23046479503502992,
0.9,1.0,0.3,2,7,500,0.0435490506477238,1.0610435532518543,1.0887088433787815,0.9745888992312502,0.2163024081947707,
0.9,1.0,0.3,2,7,600,0.04042641011144399,1.0364492821965268,1.0887088433787815,0.951998588511444,0.20825539458999082,
0.9,1.0,0.3,2,7,-1,0.04042641011144399,1.0364492821965268,1.0887088433787815,0.951998588511444,0.20825539458999082,100.0
0.9,1.0,0.6,0,0,100,0.05901232150637351,1.1664104290011068,1.0887088433787815,1.0713703999879163,0.29910471233461794,
0.9,1.0,0.6,0,0,200,0.04750770457937966,1.11817330182868,1.0887088433787815,1.027063671457335,0.2829808492712364,
0.9,1.0,0.6,0,0,300,0.034816491681676394,1.0861704255844036,1.0887088433787815,0.9976684144619419,0.2582704915193958,
0.9,1.0,0.6,0,0,400,0.02866931039315572,1.0630223016802811,1.0887088433787815,0.9764064176986174,0.2366458692331778,
0.9,1.0,0.6,0,0,500,0.027595180566630247,1.0873483143692417,1.0887088433787815,0.9987503279524051,0.23426042655512705,
0.9,1.0,0.6,0,0,600,0.02592005261355626,1.0960023275461346,1.0887088433787815,1.0066992054043742,0.22935673216641017,
0.9,1.0,0.6,0,0,-1,0.02592005261355626,1.0960023275461346,1.0887088433787815,1.0066992054043742,0.22935673216641017,100.0
0.9,1.0,0.6,0,1,100,0.053741960367728395,1.0493215374305513,1.0887088433787815,0.9638220023766937,0.2846299795634836,
0.9,1.0,0.6,0,1,200,0.03586558638298303,1.084733695851857,1.0887088433787815,0.9963487505855213,0.23789572949133586,
0.9,1.0,0.6,0,1,300,0.03220202714379726,1.10359637145445,1.0887088433787815,1.0136744807082356,0.22523462368687397,
0.9,1.0,0.6,0,1,400,0.02911220307544272,1.0899443478245676,1.0887088433787815,1.0011348345825426,0.21335717663410975,
0.9,1.0,0.6,0,1,500,0.029442421482302236,1.0561426625846182,1.0887088433787815,0.9700873369475947,0.212816806678377,
0.9,1.0,0.6,0,1,600,0.027102756109797344,1.0611976980022066,1.0887088433787815,0.9747304841474469,0.20178936587741575,
0.9,1.0,0.6,0,1,-1,0.027102756109797344,1.0611976980022066,1.0887088433787815,0.9747304841474469,0.20178936587741575,100.0
0.9,1.0,0.6,0,2,100,0.053697242271233146,1.0337212526709332,1.0887088433787815,0.9494928409535136,0.20543591182601834,
0.9,1.0,0.6,0,2,200,0.04677368059060794,1.0615038985241858,1.0887088433787815,0.9750117352127261,0.21750455448136188,
0.9,1.0,0.6,0,2,300,0.03818752966494296,1.025239477533309,1.0887088433787815,0.9417021674514033,0.20238249171853448,
0.9,1.0,0.6,0,2,400,0.033867896094676886,1.0050454292350681,1.0887088433787815,0.9231535459158521,0.1970262688408426,
0.9,1.0,0.6,0,2,500,0.03182326899198265,1.0062267205601971,1.0887088433787815,0.9242385847049767,0.1940592951584775,
0.9,1.0,0.6,0,2,600,0.03053175618543072,1.0228411264639743,1.0887088433787815,0.9394992358926852,0.192785220961473,
0.9,1.0,0.6,0,2,-1,0.03053175618543072,1.0228411264639743,1.0887088433787815,0.9394992358926852,0.192785220961473,100.0
0.9,1.0,0.6,0,3,100,0.03932651158394292,1.2190817612231024,1.0887088433787815,1.119750031091611,0.23577462494319695,
0.9,1.0,0.6,0,3,200,0.029838174845324666,1.1820391870903788,1.0887088433787815,1.0857257147117028,0.20050157809345423,
0.9,1.0,0.6,0,3,300,0.03150141613122847,1.1472954607340973,1.0887088433787815,1.0538129342033207,0.20066267746498984,
0.9,1.0,0.6,0,3,400,0.03136892142369163,1.1504915265939801,1.0887088433787815,1.0567485821309741,0.21239600984231843,
0.9,1.0,0.6,0,3,500,0.032919989139507784,1.0750469360837396,1.0887088433787815,0.9874512755378725,0.2263372520434544,
0.9,1.0,0.6,0,3,600,0.034683131950826826,1.0707486223731397,1.0887088433787815,0.9835031917717296,0.24159260199956106,
0.9,1.0,0.6,0,3,-1,0.034683131950826826,1.0707486223731397,1.0887088433787815,0.9835031917717296,0.24159260199956106,100.0
0.9,1.0,0.6,0,4,100,0.044076988822584956,1.2085251239596033,1.0887088433787815,1.1100535568435128,0.23136025649355624,
0.9,1.0,0.6,0,4,200,0.031877375924410666,1.1690547084036083,1.0887088433787815,1.0737992214479266,0.1855319284469351,
0.9,1.0,0.6,0,4,300,0.031971116247863786,1.1500349640017036,1.0887088433787815,1.0563292206138402,0.18961798067835425,
0.9,1.0,0.6,0,4,400,0.03292703554905881,1.0975215105630383,1.0887088433787815,1.0080946042074086,0.19853818117211033,
0.9,1.0,0.6,0,4,500,0.033561323301177136,1.0824023068801463,1.0887088433787815,0.9942073250006283,0.19995994802089959,
0.9,1.0,0.6,0,4,600,0.033410763165363296,1.081205696971034,1.0887088433787815,0.9931082157976584,0.19896921721816693,
0.9,1.0,0.6,0,4,-1,0.033410763165363296,1.081205696971034,1.0887088433787815,0.9931082157976584,0.19896921721816693,100.0
0.9,1.0,0.6,0,5,100,0.03241618110708994,1.152452186133439,1.0887088433787815,1.0585494856061162,0.2069599576763146,
0.9,1.0,0.6,0,5,200,0.02294851632077783,1.0452007232834852,1.0887088433787815,0.9600369553715851,0.18389893851234562,
0.9,1.0,0.6,0,5,300,0.020422724376287393,1.0452150866568446,1.0887088433787815,0.960050148406111,0.1949528607892585,
0.9,1.0,0.6,0,5,400,0.02184171858127037,1.0619938464011054,1.0887088433787815,0.9754617617555427,0.21123543930180083,
0.9,1.0,0.6,0,5,500,0.022702980129820978,1.0817698628128578,1.0887088433787815,0.9936264129678706,0.2196718739922192,
0.9,1.0,0.6,0,5,600,0.021849939868581823,1.0867190435702847,1.0887088433787815,0.998172330627607,0.21852030328640107,
0.9,1.0,0.6,0,5,-1,0.021849939868581823,1.0867190435702847,1.0887088433787815,0.998172330627607,0.21852030328640107,100.0
0.9,1.0,0.6,0,6,100,0.062189345229676195,1.1593210539207683,1.0887088433787815,1.0648586727033864,0.27596549187726743,
0.9,1.0,0.6,0,6,200,0.037964747602313234,1.0628269949633304,1.0887088433787815,0.9762270247248774,0.21210225506883584,
0.9,1.0,0.6,0,6,300,0.03397078070516858,1.043547594076117,1.0887088433787815,0.9585185244178713,0.21496015518478978,
0.9,1.0,0.6,0,6,400,0.030949310603853693,1.0404766898727522,1.0887088433787815,0.9556978398776096,0.21478729175955105,
0.9,1.0,0.6,0,6,500,0.028484532105270747,1.0402665181049908,1.0887088433787815,0.9555047930689613,0.20853124543129464,
0.9,1.0,0.6,0,6,600,0.028011831987328237,1.0332281210832053,1.0887088433787815,0.9490398901111218,0.20587605920882096,
0.9,1.0,0.6,0,6,-1,0.028011831987328237,1.0332281210832053,1.0887088433787815,0.9490398901111218,0.20587605920882096,100.0
0.9,1.0,0.6,0,7,100,0.04319246229434261,1.0537329662757953,1.0887088433787815,0.9678739845683264,0.24683151916600632,
0.9,1.0,0.6,0,7,200,0.0382559033512491,1.1004931090345893,1.0887088433787815,1.0108240745241268,0.24069335983335902,
0.9,1.0,0.6,0,7,300,0.030267032221237746,1.0561713354341744,1.0887088433787815,0.9701136735110668,0.218950449800595,
0.9,1.0,0.6,0,7,400,0.029193190835818884,1.047524953893181,1.0887088433787815,0.9621718058633681,0.21527418597963396,
0.9,1.0,0.6,0,7,500,0.02611854150068136,1.0454951254361675,1.0887088433787815,0.9603073694078748,0.20932094509944332,
0.9,1.0,0.6,0,7,600,0.02454690925893631,1.0447789316851104,1.0887088433787815,0.959649531680724,0.20620186624227022,
0.9,1.0,0.6,0,7,-1,0.02454690925893631,1.0447789316851104,1.0887088433787815,0.959649531680724,0.20620186624227022,100.0
0.9,1.0,0.6,1,0,100,0.056419728914776444,0.8854093410413925,1.0887088433787815,0.8132654992436233,0.2318028407138143,
0.9,1.0,0.6,1,0,200,0.04425701644110683,0.8952486404428912,1.0887088433787815,0.8223030848766771,0.23061072286740858,
0.9,1.0,0.6,1,0,300,0.03861339300039654,0.9248785824712221,1.0887088433787815,0.8495187561817573,0.21787988677109224,
0.9,1.0,0.6,1,0,400,0.03469059714702878,0.9233605713426108,1.0887088433787815,0.8481244337806458,0.2083773137155921,
0.9,1.0,0.6,1,0,500,0.03100403287177493,0.9109682615779948,1.0887088433787815,0.8367418590546458,0.19565093243759332,
0.9,1.0,0.6,1,0,600,0.030398102628791376,0.9186898042872897,1.0887088433787815,0.8438342444580116,0.1982154352524351,
0.9,1.0,0.6,1,0,-1,0.030398102628791376,0.9186898042872897,1.0887088433787815,0.8438342444580116,0.1982154352524351,100.0
0.9,1.0,0.6,1,1,100,0.07375515692968909,0.8817179295775862,1.0887088433787815,0.8098748668571443,0.24765304512405517,
0.9,1.0,0.6,1,1,200,0.043691741588616946,0.8998505780556012,1.0887088433787815,0.8265300530332212,0.2105440126896247,
0.9,1.0,0.6,1,1,300,0.038248115739489136,0.9079115119703547,1.0887088433787815,0.8339341757826393,0.2119052491917812,
0.9,1.0,0.6,1,1,400,0.03556545181576917,0.8988268032516945,1.0887088433787815,0.8255896961966501,0.22436347142658342,
0.9,1.0,0.6,1,1,500,0.03240919709742877,0.8935092213019016,1.0887088433787815,0.8207053949602516,0.21697313863268144,
0.9,1.0,0.6,1,1,600,0.030994071319731954,0.8994196744891357,1.0887088433787815,0.826134259824517,0.21741091891536307,
0.9,1.0,0.6,1,1,-1,0.030994071319731954,0.8994196744891357,1.0887088433787815,0.826134259824517,0.21741091891536307,100.0
0.9,1.0,0.6,1,2,100,0.055464542782804216,0.913450705140372,1.0887088433787815,0.8390220311846645,0.23835743395345452,
0.9,1.0,0.6,1,2,200,0.044333953686357425,0.8876922001951187,1.0887088433787815,0.8153623492578489,0.23634901851251244,
0.9,1.0,0.6,1,2,300,0.03568615208126332,0.8809902896417555,1.0887088433787815,0.8092065155892585,0.21562684843829136,
0.9,1.0,0.6,1,2,400,0.03268229848274891,0.8610764339747414,1.0887088433787815,0.7909152563714019,0.20642795596941121,
0.9,1.0,0.6,1,2,500,0.030339493604774573,0.8620562080931634,1.0887088433787815,0.7918151977325663,0.20377685748499283,
0.9,1.0,0.6,1,2,600,0.029598084288678685,0.8989412987307014,1.0887088433787815,0.8256948624949705,0.20380879847271016,
0.9,1.0,0.6,1,2,-1,0.029598084288678685,0.8989412987307014,1.0887088433787815,0.8256948624949705,0.20380879847271016,100.0
0.9,1.0,0.6,1,3,100,0.062269020880896794,0.9272745803911485,1.0887088433787815,0.8517195263275114,0.3190051876321248,
0.9,1.0,0.6,1,3,200,0.04250260991140995,0.8700846904415999,1.0887088433787815,0.7991895130945323,0.30775817129807626,
0.9,1.0,0.6,1,3,300,0.03541622742252366,0.8758835672062409,1.0887088433787815,0.8045158928699041,0.29063503408736235,
0.9,1.0,0.6,1,3,400,0.030528933524088624,0.8622313017357124,1.0887088433787815,0.7919760246089289,0.2781161526876553,
0.9,1.0,0.6,1,3,500,0.027104619666125488,0.8682874218169767,1.0887088433787815,0.7975386873153962,0.2655370004495231,
0.9,1.0,0.6,1,3,600,0.024711262317744325,0.8824201812336824,1.0887088433787815,0.8105198985020758,0.2595103640246721,
0.9,1.0,0.6,1,3,-1,0.024711262317744325,0.8824201812336824,1.0887088433787815,0.8105198985020758,0.2595103640246721,100.0
0.9,1.0,0.6,1,4,100,0.05665113448122986,0.9712212527596391,1.0887088433787815,0.8920853896487857,0.23117880615999603,
0.9,1.0,0.6,1,4,200,0.041627295286530364,0.9609581370916505,1.0887088433787815,0.8826585206282886,0.19139472017182874,
0.9,1.0,0.6,1,4,300,0.03820320601263922,0.9828863231493339,1.0887088433787815,0.9027999810297949,0.18448518053129787,
0.9,1.0,0.6,1,4,400,0.03969162193691772,0.9844885419156035,1.0887088433787815,0.9042716497647499,0.19571504029481934,
0.9,1.0,0.6,1,4,500,0.03604507897753673,0.9779455467062708,1.0887088433787815,0.8982617828943508,0.18625248617744317,
0.9,1.0,0.6,1,4,600,0.035053565327265994,0.9786552079873774,1.0887088433787815,0.8989136204222836,0.1856036296615639,
0.9,1.0,0.6,1,4,-1,0.035053565327265994,0.9786552079873774,1.0887088433787815,0.8989136204222836,0.1856036296615639,100.0
0.9,1.0,0.6,1,5,100,0.07034833308305219,0.9329320951112825,1.0887088433787815,0.8569160623477168,0.28053735299635896,
0.9,1.0,0.6,1,5,200,0.04165169880082499,0.8890782639424959,1.0887088433787815,0.8166354754529807,0.21875276801007348,
0.9,1.0,0.6,1,5,300,0.041617369937807444,0.9075061195698297,1.0887088433787815,0.8335618150702317,0.2270353107664084,
0.9,1.0,0.6,1,5,400,0.0363833518875297,0.8931228414721548,1.0887088433787815,0.8203504976595668,0.2191708099669084,
0.9,1.0,0.6,1,5,500,0.030888773368767167,0.8927100287281374,1.0887088433787815,0.8199713212190263,0.20710252383951755,
0.9,1.0,0.6,1,5,600,0.029589958395631902,0.903192060001241,1.0887088433787815,0.8295992684308564,0.20398320357624922,
0.9,1.0,0.6,1,5,-1,0.029589958395631902,0.903192060001241,1.0887088433787815,0.8295992684308564,0.20398320357624922,100.0
0.9,1.0,0.6,1,6,100,0.0689727048727953,1.0323849323070355,1.0887088433787815,0.9482654050122841,0.28290135852718656,
0.9,1.0,0.6,1,6,200,0.03649384208321177,1.0423026285116048,1.0887088433787815,0.9573749996159155,0.20758426335506866,
0.9,1.0,0.6,1,6,300,0.034649080419534045,1.0003382941197103,1.0887088433787815,0.9188299518310007,0.20351640520752318,
0.9,1.0,0.6,1,6,400,0.03207687237783584,0.9923454576603035,1.0887088433787815,0.9114883779033001,0.1956114252448054,
0.9,1.0,0.6,1,6,500,0.03115213370052884,0.9829719875555789,1.0887088433787815,0.9028786654335875,0.19572978905341146,
0.9,1.0,0.6,1,6,600,0.03095242363285761,0.9819984550493709,1.0887088433787815,0.9019844571132191,0.1957403816246811,
0.9,1.0,0.6,1,6,-1,0.03095242363285761,0.9819984550493709,1.0887088433787815,0.9019844571132191,0.1957403816246811,100.0
0.9,1.0,0.6,1,7,100,0.037969160327520256,0.9979939621215208,1.0887088433787815,0.9166766378274936,0.2411372645346948,
0.9,1.0,0.6,1,7,200,0.024633501496933177,0.9528553125649125,1.0887088433787815,0.875215920546534,0.20503330882760357,
0.9,1.0,0.6,1,7,300,0.025110289929045536,0.9633640384700413,1.0887088433787815,0.8848683872910083,0.20587589985230492,
0.9,1.0,0.6,1,7,400,0.025093934964172747,0.9462059052896868,1.0887088433787815,0.8691083121481403,0.20894360370742926,
0.9,1.0,0.6,1,7,500,0.023853640586776595,0.957418134889403,1.0887088433787815,0.8794069605589673,0.20355280654781088,
0.9,1.0,0.6,1,7,600,0.025166873585569936,0.9598639540839305,1.0887088433787815,0.881653492503116,0.2097117543834861,
0.9,1.0,0.6,1,7,-1,0.025166873585569936,0.9598639540839305,1.0887088433787815,0.881653492503116,0.2097117543834861,100.0
0.9,1.0,0.6,2,0,100,0.04999662327360979,1.0004784605285386,1.0887088433787815,0.9189586973718133,0.2688156187766444,
0.9,1.0,0.6,2,0,200,0.038805469622907214,0.9487974929986491,1.0887088433787815,0.8714887352747858,0.25449564386107526,
0.9,1.0,0.6,2,0,300,0.031807484116565816,0.9357695075966952,1.0887088433787815,0.8595222802568199,0.2404264127474878,
0.9,1.0,0.6,2,0,400,0.028701672384846378,0.9748675868684014,1.0887088433787815,0.8954346176181719,0.22632784784850773,
0.9,1.0,0.6,2,0,500,0.027824486720694236,0.9471595115302417,1.0887088433787815,0.8699842178104801,0.22270894316463458,
0.9,1.0,0.6,2,0,600,0.02555734508780498,0.9697842148046973,1.0887088433787815,0.8907654426641705,0.22229458549293857,
0.9,1.0,0.6,2,0,-1,0.02555734508780498,0.9697842148046973,1.0887088433787815,0.8907654426641705,0.22229458549293857,100.0
0.9,1.0,0.6,2,1,100,0.05807245994026078,0.9908346528709786,1.0887088433787815,0.9101006746633447,0.27426536689454195,
0.9,1.0,0.6,2,1,200,0.039445891034756216,1.0623305720042786,1.0887088433787815,0.9757710506946572,0.23051319487540115,
0.9,1.0,0.6,2,1,300,0.037135333927097974,1.0439358657213669,1.0887088433787815,0.9588751593874605,0.2304524604622549,
0.9,1.0,0.6,2,1,400,0.03561062888587924,1.067225070505269,1.0887088433787815,0.9802667416507447,0.22686491553642776,
0.9,1.0,0.6,2,1,500,0.03379749924898858,1.067959729201156,1.0887088433787815,0.980941539784658,0.22443799491925615,
0.9,1.0,0.6,2,1,600,0.035275352184288414,1.0814842090877548,1.0887088433787815,0.9933640345304763,0.22905684942261043,
0.9,1.0,0.6,2,1,-1,0.035275352184288414,1.0814842090877548,1.0887088433787815,0.9933640345304763,0.22905684942261043,100.0
0.9,1.0,0.6,2,2,100,0.053393137099704446,0.9273054269945293,1.0887088433787815,0.8517478595256556,0.2358198582146751,
0.9,1.0,0.6,2,2,200,0.042344465507986075,0.9160520131735315,1.0887088433787815,0.8414113826159308,0.21002183164942495,
0.9,1.0,0.6,2,2,300,0.03889122100347515,0.8603892810562037,1.0887088433787815,0.7902840932071484,0.19871189573502612,
0.9,1.0,0.6,2,2,400,0.03863484651442384,0.9003460040472029,1.0887088433787815,0.8269851113296746,0.19708211906256676,
0.9,1.0,0.6,2,2,500,0.03621217024990771,0.8884377592835455,1.0887088433787815,0.8160471596118394,0.1914845856811322,
0.9,1.0,0.6,2,2,600,0.035508251596281695,0.8931101614511237,1.0887088433787815,0.8203388508165121,0.1922854583969344,
0.9,1.0,0.6,2,2,-1,0.035508251596281695,0.8931101614511237,1.0887088433787815,0.8203388508165121,0.1922854583969344,100.0
0.9,1.0,0.6,2,3,100,0.0490856458787726,1.0851898480185718,1.0887088433787815,0.9967677351188876,0.24389098490597916,
0.9,1.0,0.6,2,3,200,0.0370529830008275,0.9802042782794521,1.0887088433787815,0.9003364712620612,0.21646341459289656,
0.9,1.0,0.6,2,3,300,0.032491758298535164,0.934446734477793,1.0887088433787815,0.8583072877205261,0.2031490394744662,
0.9,1.0,0.6,2,3,400,0.0321160574938018,0.9330779255760087,1.0887088433787815,0.8570500104327471,0.20447245566851374,
0.9,1.0,0.6,2,3,500,0.03108077467005996,0.9122669085755695,1.0887088433787815,0.8379346912847435,0.20129206221361945,
0.9,1.0,0.6,2,3,600,0.030834845988820154,0.9002215610115837,1.0887088433787815,0.826870808009392,0.20049737950821128,
0.9,1.0,0.6,2,3,-1,0.030834845988820154,0.9002215610115837,1.0887088433787815,0.826870808009392,0.20049737950821128,100.0
0.9,1.0,0.6,2,4,100,0.049660900781978726,1.137686115510399,1.0887088433787815,1.044986565902797,0.23012912387133272,
0.9,1.0,0.6,2,4,200,0.027612024438348867,1.1262249003899536,1.0887088433787815,1.0344592195051359,0.18874076335211412,
0.9,1.0,0.6,2,4,300,0.024096896267927277,1.0711191714424673,1.0887088433787815,0.9838435482146677,0.16738106416485335,
0.9,1.0,0.6,2,4,400,0.024301556265739797,1.0197848378984051,1.0887088433787815,0.9366919760966831,0.17250510591402873,
0.9,1.0,0.6,2,4,500,0.0240080956791624,1.0087084115060212,1.0887088433787815,0.9265180655422244,0.1733831124291253,
0.9,1.0,0.6,2,4,600,0.023053350837503084,1.0253187701883482,1.0887088433787815,0.9417749992792345,0.16943215968900732,
0.9,1.0,0.6,2,4,-1,0.023053350837503084,1.0253187701883482,1.0887088433787815,0.9417749992792345,0.16943215968900732,100.0
0.9,1.0,0.6,2,5,100,0.03881911894968301,1.07335724182891,1.0887088433787815,0.9858992588852055,0.2444086881363081,
0.9,1.0,0.6,2,5,200,0.023451413054151084,0.9604904950470623,1.0887088433787815,0.8822289824212352,0.2000423008492448,
0.9,1.0,0.6,2,5,300,0.022342832020350936,0.9467202827453292,1.0887088433787815,0.8695807777286034,0.21480492756969302,
0.9,1.0,0.6,2,5,400,0.0238331021280392,0.9633110946683472,1.0887088433787815,0.884819757391457,0.22370468825236345,
0.9,1.0,0.6,2,5,500,0.021278891027059876,0.9375480722526747,1.0887088433787815,0.8611559260812257,0.20587395746964218,
0.9,1.0,0.6,2,5,600,0.02196595694494101,0.941712835840431,1.0887088433787815,0.8649813414924122,0.20764866300229956,
0.9,1.0,0.6,2,5,-1,0.02196595694494101,0.941712835840431,1.0887088433787815,0.8649813414924122,0.20764866300229956,100.0
0.9,1.0,0.6,2,6,100,0.039002979864062474,1.0861687657487433,1.0887088433787815,0.9976668898709823,0.2041119684548072,
0.9,1.0,0.6,2,6,200,0.041914511032664734,1.0225240239542088,1.0887088433787815,0.9392079711420643,0.22551345416323212,
0.9,1.0,0.6,2,6,300,0.03858142446929778,0.9672010882293182,1.0887088433787815,0.8883927912513625,0.2120444872638997,
0.9,1.0,0.6,2,6,400,0.033729183324997206,0.9869757736932405,1.0887088433787815,0.9065562199625248,0.19636723595817207,
0.9,1.0,0.6,2,6,500,0.031828776543529266,0.9532629106980838,1.0887088433787815,0.8755903072667762,0.19815184681122172,
0.9,1.0,0.6,2,6,600,0.03127060066018589,0.9526047930972801,1.0887088433787815,0.8749858135999834,0.19866566374659073,
0.9,1.0,0.6,2,6,-1,0.03127060066018589,0.9526047930972801,1.0887088433787815,0.8749858135999834,0.19866566374659073,100.0
0.9,1.0,0.6,2,7,100,0.05645739599450836,1.0904658326283128,1.0887088433787815,1.001613828398857,0.26838979990505324,
0.9,1.0,0.6,2,7,200,0.03748697335287816,1.0041891508327128,1.0887088433787815,0.9223670377437516,0.23115646288742678,
0.9,1.0,0.6,2,7,300,0.029935926196885117,0.9842591728570055,1.0887088433787815,0.9040609698754545,0.21763052860661042,
0.9,1.0,0.6,2,7,400,0.025511008957960598,0.9767229201726955,1.0887088433787815,0.8971387769217154,0.21255238379955319,
0.9,1.0,0.6,2,7,500,0.025318805102922923,0.984807488794981,1.0887088433787815,0.9045646086043123,0.21272218840844945,
0.9,1.0,0.6,2,7,600,0.024708020467550485,0.9600192376290835,1.0887088433787815,0.8817961234242271,0.21035211018809988,
0.9,1.0,0.6,2,7,-1,0.024708020467550485,0.9600192376290835,1.0887088433787815,0.8817961234242271,0.21035211018809988,100.0
