arm,kappa,contamination,seed_rep,observer,honesty,engagement_frozen,deep_per_genuine,ghost_col_err,creator_mi,mi_CREATOR,kl_CREATOR,ent_CREATOR,mi_POLISHED,kl_POLISHED,ent_POLISHED,mi_CURATOR,kl_CURATOR,ent_CURATOR,mi_GHOST,kl_GHOST,ent_GHOST,shape_kl_human,flatness_human
poisoning_only,0.9,0.0,0,0,0.5,True,6.0,4.593966584343186,1.0333104708991798,1.0333104708991798,0.019079262448185003,1.0445679232690064,1.0842410415555155,0.022613319652383106,0.9951775942474865,1.0842401046619203,0.3563271498180328,0.9951786082804117,1.084239677480226,2.2783812106830723,0.9951790698226968,0.13267324397286698,1.0116413752656348
poisoning_only,0.9,0.0,0,1,0.5,True,6.0,4.583226366772377,1.0204738494434018,1.0204738494434018,0.024784280280921764,1.0566546247828703,1.083289594048237,0.023468391070095143,0.9961367946784455,1.0832904538661374,0.3568390673131466,0.9961358587856566,1.0832894042086827,2.273957879676013,0.9961370011908871,0.13503057955472117,1.0163090927489908
poisoning_only,0.9,0.0,0,2,0.5,True,6.0,4.579314674804653,0.9919857300001035,0.9919857300001035,0.053553052009617186,1.0816789332580856,1.0818198621917188,0.02293402268262375,0.9976038781228637,1.0818175636403833,0.35590450356715253,0.9976060115476313,1.0818197171653006,2.2726340485935865,0.9976040128462418,0.14413052608646448,1.0256296076428602
poisoning_only,0.9,0.0,0,3,0.5,True,6.0,4.5879448329223695,1.0160623594948879,1.0160623594948879,0.037601392502692635,1.0596407755735475,1.0819777747192918,0.022727516414771033,0.997442772404809,1.0819774721861024,0.3561518739452252,0.9974431701956161,1.081977489897724,2.2760641837756017,0.9974431470615128,0.1388269276208963,1.0181755727246575
poisoning_only,0.9,0.0,0,4,0.5,True,6.0,4.577961776302085,1.0096266997878407,1.0096266997878407,0.06370930630941196,1.061444170906778,1.0837501303407273,0.02340065370586917,0.9956573110692237,1.0837502065033573,0.35653314556785093,0.9956572465917538,1.0837497974059032,2.2722247037004903,0.995657592553391,0.14788103519437734,1.0175862428559184
poisoning_only,0.9,0.0,0,5,0.5,True,6.0,4.590866956781548,0.9653295557499855,0.9653295557499855,0.04986330196985758,1.1089477267973127,1.0778128482720133,0.022537792608110077,1.001581776203762,1.0778133612619871,0.35598686829226567,1.0015812454870445,1.0778150685826924,2.2772536731806032,1.0015794777909273,0.1427959876234111,1.0373702494960397
poisoning_only,0.9,0.0,0,6,0.5,True,6.0,4.583867289180128,1.0438062825346306,1.0438062825346306,0.01296353898779513,1.0339310327039284,1.0859350110575547,0.023440010241576048,0.9934781382162972,1.0859354056362835,0.3570133331216276,0.9934777463852408,1.085934117708276,2.274627664764729,0.9934790216796727,0.13113896078366624,1.0069623057684887
poisoning_only,0.9,0.0,0,7,0.5,True,6.0,4.583346107153153,1.0545825669171955,1.0545825669171955,0.01989030641678407,1.0239777741913065,1.0823044928854295,0.022590446685495275,0.9971107236850172,1.0823044087810363,0.35558722123718756,0.9971108507182179,1.0823054148642721,2.2739397483321904,0.9971093194588123,0.1326893247798223,1.006066449531514
poisoning_only,0.9,0.0,1,0,0.5,True,6.0,4.58895163406414,1.0852797969884964,1.0852797969884964,0.023541559259646024,0.9919833091968346,1.087726701104569,0.022851921393038474,0.991697159160347,1.087726476049066,0.35639196049851407,0.9916973605945121,1.0877265454282057,2.2763431216700534,0.9916972985332742,0.1342618137170662,0.9917926096505646
poisoning_only,0.9,0.0,1,1,0.5,True,6.0,4.578519740212478,0.9487235837365381,0.9487235837365381,0.08120549450089738,1.1193437042561176,1.0808028248686046,0.021464442754038804,0.998609105162148,1.0808032269954178,0.3527617741889189,0.9986087806256243,1.0808034768193382,2.2691683097500026,0.998608578616974,0.15181057048128502,1.0388538633479634
poisoning_only,0.9,0.0,1,2,0.5,True,6.0,4.584086025873624,0.9651988821653819,0.9651988821653819,0.06284779103443998,1.1072955317174509,1.081932379382203,0.02272561023497998,0.9974832158637597,1.081933083050758,0.35548929081620834,0.9974825311512043,1.0819301566595518,2.2733860990974164,0.9974853654415878,0.1470208973618761,1.034087092910805
poisoning_only,0.9,0.0,1,3,0.5,True,6.0,4.578399346958934,0.8982731843796085,0.8982731843796085,0.15524498175736204,1.151701071923946,1.0779364539366787,0.02224278979181107,1.0014701188925097,1.0779367483238715,0.3542508886595555,1.0014698477562973,1.0779325218766929,2.2708117705939332,1.0014737219214682,0.17724622006957622,1.0515470128575843
poisoning_only,0.9,0.0,1,4,0.5,True,6.0,4.587298147095719,1.0586233972692016,1.0586233972692016,0.030823005137207725,1.018058922911685,1.0853264812934673,0.021805085719670433,0.9940971744198747,1.0853239920112585,0.35412308001399917,0.994099695048609,1.0853268038584316,2.273514633821349,0.99409684742753,0.13558372362362578,1.002085264126723
poisoning_only,0.9,0.0,1,5,0.5,True,6.0,4.593081652562201,0.9569148564194113,0.9569148564194113,0.10382406415954509,1.1062288977037809,1.0816112553295334,0.022223478709692854,0.997771970388752,1.081605444199087,0.35546905288081565,0.997777845462755,1.0816098060653834,2.277700153618901,0.9977734377253912,0.1605055319166845,1.0339262378517626
poisoning_only,0.9,0.0,1,6,0.5,True,6.0,4.578778630631778,1.027632448925746,1.027632448925746,0.017646891021251526,1.048845101766305,1.0839010895914858,0.022608992747543515,0.995521988895983,1.0839008583810654,0.3550461429675551,0.9955223030356761,1.0839012307133458,2.271062987340361,0.9955217961008289,0.13176734224545003,1.0132964645659879
poisoning_only,0.9,0.0,1,7,0.5,True,6.0,4.574252457654803,0.9554299552285896,0.9554299552285896,0.128355872687899,1.101451750247481,1.078862695038373,0.022115256158960372,1.0005440490536723,1.0788629743160538,0.353736388727579,1.0005438013966517,1.0788633855196732,2.26886952502047,1.0005434363413468,0.1680691725248128,1.0341798668992683
poisoning_only,0.9,0.0,2,0,0.5,True,6.0,4.573090893884904,0.9466053401916054,0.9466053401916054,0.07991181797388676,1.1255153439144292,1.0759111049999561,0.022431399375987517,1.0035018283591537,1.0759098374608564,0.3538113744468131,1.0035030191452696,1.0759127015263537,2.2679584124943957,1.0035003237882023,0.15205153059889578,1.0441733971396177
poisoning_only,0.9,0.0,2,1,0.5,True,6.0,4.589686071821787,1.0642211623915097,1.0642211623915097,0.04199241814924429,1.0100612379714868,1.0816931107739587,0.022161782526904997,0.9976971880550993,1.0816994171045098,0.3550733009649366,0.997691908474471,1.081696246217446,2.2756236430840455,0.9976945657386427,0.13974250054702864,1.001816778167019
poisoning_only,0.9,0.0,2,2,0.5,True,6.0,4.576126861564079,0.946656205619612,0.946656205619612,0.06909745769928162,1.122346297398448,1.0790920792678322,0.022192959843411506,1.0003207612214398,1.07909261463527,0.3542705098531226,1.0003203152073015,1.0790916029783455,2.2701281360956074,1.0003211567471868,0.14852030913193856,1.0409957912757297
poisoning_only,0.9,0.0,2,3,0.5,True,6.0,4.591715453839148,1.0622548929250384,1.0622548929250384,0.03021685844372082,1.0143930323361607,1.0832015239827646,0.022316150710156427,0.9962114195242333,1.0832074315072873,0.355614099703792,0.9962056482895736,1.083208304550541,2.276974187598815,0.9962047941623032,0.13604903628588974,1.0022700333833228
poisoning_only,0.9,0.0,2,4,0.5,True,6.0,4.582905237922906,1.0413389704081213,1.0413389704081213,0.03016565718700414,1.0341651046567586,1.083942997284675,0.02175208531981204,0.9954749071358772,1.0839384972786748,0.35352598541380065,0.9954797826649056,1.0839388962673562,2.2712170618959346,0.9954793520101782,0.1351479093068723,1.0083732648191805
poisoning_only,0.9,0.0,2,5,0.5,True,6.0,4.58541369507223,1.0239010158093802,1.0239010158093802,0.03176744414178603,1.0519917275909259,1.0825317054358818,0.022543898676616856,0.9968936436205869,1.082530947380973,0.3554712689224908,0.9968944066117505,1.0825314113015352,2.27411100843364,0.9968939396880085,0.13659420391363122,1.0152599259410877
poisoning_only,0.9,0.0,2,6,0.5,True,6.0,4.593602857480563,1.0393270794329803,1.0393270794329803,0.02857432775593155,1.0358201967804774,1.0850666902777824,0.022521675827673567,0.9943468380892149,1.085057770217976,0.35614892233046247,0.9943568045237542,1.0850571614340094,2.2779839205923142,0.9943574826212818,0.13574830863802254,1.0081746131311489
poisoning_only,0.9,0.0,2,7,0.5,True,6.0,4.587918553342021,1.0195791671890282,1.0195791671890282,0.04566288960772637,1.054012088121126,1.0855068742947438,0.023283754398058725,0.9939237954736347,1.085507015250284,0.35697747127200763,0.9939236495584087,1.0855097762850805,2.2760906677576034,0.9939207889412017,0.14197470509259758,1.013953177717723
poisoning_only,0.9,0.3,0,0,0.5,True,6.0,0.04617655711150724,0.9712230339169985,0.9712230339169985,0.11643276673919839,1.0765858055474378,1.0817488030228093,0.022140852639968275,0.9976727272174843,1.0817546575420511,0.3541746032436076,0.9976668179127288,0.04012240573531674,0.03583174023809059,0.24998800489194922,0.16424940754092476,1.0239751168925504
poisoning_only,0.9,0.3,0,1,0.5,True,6.0,0.04523554935743443,0.9410887624115442,0.9410887624115442,0.17371670182815852,1.089988738369628,1.0807791149413724,0.021985227225925573,0.9986403128934713,1.0807763340268972,0.3535365120042683,0.9986428286626531,0.03898487316573905,0.0364651840100899,0.2613111901614596,0.18307948035278412,1.0290906266419175
poisoning_only,0.9,0.3,0,2,0.5,True,6.0,0.060268446917274565,0.8868481640214277,0.8868481640214277,0.24254607904907793,1.1423917677858144,1.079566571121055,0.021964107317707093,0.9998522852397468,1.0795665859956374,0.353156544092396,0.9998523510040919,0.044848473801282644,0.0322405544730668,0.2244001040141681,0.20588891015306032,1.0473654680098843
poisoning_only,0.9,0.3,0,3,0.5,True,6.0,0.05095672556569887,0.9710945807061563,0.9710945807061563,0.1132890747245213,1.0765467714697012,1.0807968846592177,0.022288503604334126,0.9986159768578708,1.0807968781526398,0.35361239838589437,0.9986159632231294,0.04425010827176493,0.037150830786652496,0.245085878174153,0.16306332557158326,1.0245929038502337
poisoning_only,0.9,0.3,0,4,0.5,True,6.0,0.0389017178518318,1.0005661223259472,1.0005661223259472,0.11437942884563058,1.0514181315919866,1.0746054805835366,0.023507467102754788,1.0047818749086708,1.0746054960418718,0.3561326593128262,1.0047818223170644,0.035512268999505214,0.03843161457409758,0.19649075144142394,0.16467318508707054,1.020327276272574
poisoning_only,0.9,0.3,0,5,0.5,True,6.0,0.03230438508811728,0.9500041642527406,0.9500041642527406,0.09765101007360269,1.101915054213567,1.0787728010145332,0.02246046518681508,1.000639419579858,1.0787716136536956,0.35502528972143155,1.000640525175596,0.02699315555775752,0.03634783889619331,0.17727159885148353,0.15837892166061643,1.0343983329896738
poisoning_only,0.9,0.3,0,6,0.5,True,6.0,0.08336174727043381,0.9973152463414959,0.9973152463414959,0.07323887560815508,1.0574304253023215,1.082693112581428,0.022712001108525014,0.9967125803263702,1.0826926021896655,0.3549240439410988,0.9967130235487317,0.07363999732180299,0.05693902850744381,0.248994487057011,0.15029164021925964,1.0169520097258078
poisoning_only,0.9,0.3,0,7,0.5,True,6.0,0.03062484616505578,0.9215167716310688,0.9215167716310688,0.19501717212414016,1.1142787179535532,1.0806066305894828,0.02184950854920641,0.9987880237003897,1.0806065902594937,0.35233973484444586,0.9987887372515907,0.023902819705615964,0.02781810151931792,0.2772343676654063,0.18973547183926417,1.0372851596351778
poisoning_only,0.9,0.3,1,0,0.5,True,6.0,0.04151865660635862,1.0252236541092945,1.0252236541092945,0.06037847392859653,1.0391104384482506,1.0849820253241922,0.022137477909432515,0.9944265251290387,1.0849821364577832,0.35356892473632096,0.994426424495561,0.03613141786847827,0.0327390534935547,0.23708950490578481,0.14536162552478335,1.0093211293576168
poisoning_only,0.9,0.3,1,1,0.5,True,6.0,0.08915151908553716,0.874476724965287,0.874476724965287,0.235989445527304,1.1522687164432712,1.0802695928356507,0.02138075867559157,0.9991442290734517,1.080270846514536,0.3522311117162589,0.9991429500026362,0.06911387373604752,0.04478526583263861,0.2491587740640769,0.20320043863971815,1.050185298506453
poisoning_only,0.9,0.3,1,2,0.5,True,6.0,0.05014331341580716,0.9356664627762727,0.9356664627762727,0.14224669784794156,1.1096334271332315,1.0806097230084462,0.021908316156629817,0.9988014538806305,1.080612948552595,0.3536994102531465,0.9987981320099759,0.04033286805476988,0.03573905110308088,0.28698327999818174,0.17261814141923928,1.0357443376746127
poisoning_only,0.9,0.3,1,3,0.5,True,6.0,0.09515632176355371,0.8850875377917544,0.8850875377917544,0.24955061823937358,1.1424549717991355,1.0783214739374363,0.02175137359251417,1.0010703998752057,1.0783232695316676,0.3520983215033838,1.0010679503054665,0.06313494731709812,0.048981729529597506,0.30416815789626955,0.20780010444509053,1.0481977739932693
poisoning_only,0.9,0.3,1,4,0.5,True,6.0,0.06262197007153976,1.0646309493269404,1.0646309493269404,0.06285901446051269,0.9962381557744392,1.0842588565285831,0.021822790155038387,0.9951483078758787,1.0842576509551802,0.35326793318395916,0.9951495078942874,0.050313703000984034,0.037296087888011656,0.27827633976248606,0.14598324593317008,0.9955119905148685
poisoning_only,0.9,0.3,1,5,0.5,True,6.0,0.07126801692071218,0.9291731640747933,0.9291731640747933,0.18891907441049818,1.0998440495356447,1.0815012859586828,0.02167456326188708,0.9978928597320889,1.0815018346308198,0.35400027889937136,0.9978923154720729,0.05558134210109603,0.04634076897474505,0.24473334296127228,0.18819797219058554,1.031876408246602
poisoning_only,0.9,0.3,1,6,0.5,True,6.0,0.037808660233363454,1.062260491184443,1.062260491184443,0.031525613768940974,1.0038903761356288,1.0860179267263583,0.022226524341003126,0.993369835109027,1.0860230888858076,0.35301428697217807,0.9933636446476026,0.0357498511547011,0.036461096219661225,0.23669205601069973,0.13558880836070739,0.9968746186307529
poisoning_only,0.9,0.3,1,7,0.5,True,6.0,0.05707259382015794,0.9267734595379176,0.9267734595379176,0.2325434892188736,1.097101517691429,1.0800232831575798,0.021691560467986412,0.9993866275264025,1.0800237190301807,0.3526354109065133,0.9993861309129628,0.04510379924628164,0.0394756667259209,0.22498215755477968,0.20229015353112442,1.031958092043598
poisoning_only,0.9,0.3,2,0,0.5,True,6.0,0.05554690019583037,0.8969053216132449,0.8969053216132449,0.33927113888466687,1.1321042715769676,1.0749744280674136,0.02210589288126033,1.0044409168169701,1.0749764358540708,0.35264241192579576,1.0044388557922157,0.04152448587375728,0.043023261078522015,0.30619988542433,0.2380064812305743,1.0469946813953845
poisoning_only,0.9,0.3,2,1,0.5,True,6.0,0.046526361525046134,0.9766239626213142,0.9766239626213142,0.11410630942353296,1.061742789292771,1.0814285013063034,0.021983046065490598,0.9979649079681601,1.0814302998765175,0.35508292229933947,0.9979633901219029,0.03636657757140671,0.027588395410983332,0.26034816510803926,0.163724092596121,1.0192236957942782
poisoning_only,0.9,0.3,2,2,0.5,True,6.0,0.04611270576056125,0.8940560551956691,0.8940560551956691,0.14906266063562246,1.150455018947609,1.0783994879155931,0.021741938054814204,1.0010060442079871,1.0783978823231384,0.35244564465928785,1.001007290841409,0.036007121095544846,0.03353779315369991,0.21323730421370615,0.17441674778324148,1.0508227846656684
poisoning_only,0.9,0.3,2,3,0.5,True,6.0,0.023012419875947137,1.0304537114253782,1.0304537114253782,0.04886366216782956,1.0319443849240528,1.0825338717787871,0.021927121414704473,0.9968893346708467,1.0825351825677219,0.35438188927240255,0.9968880566106707,0.019598246328270785,0.025138913661067692,0.27043200245011045,0.14172422428497886,1.0085739254018569
poisoning_only,0.9,0.3,2,4,0.5,True,6.0,0.036370302317232435,1.0484095665904511,1.0484095665904511,0.0548269025934396,1.0083956733353219,1.0846893404207285,0.02177008849234254,0.99473100965169,1.0846954828047246,0.3535420277874949,0.9947252033618956,0.02939064907411744,0.03413874996255098,0.182766005455133,0.143379672957759,0.9992839621163024
poisoning_only,0.9,0.3,2,5,0.5,True,6.0,0.09112220348659608,0.9933768127056067,0.9933768127056067,0.10114965786234366,1.0601485062110247,1.0807880282481954,0.022373863172213432,0.9986274053850986,1.0807906935259513,0.35465386132642096,0.9986246490392189,0.08257461942594227,0.07219644951818513,0.23752544094255118,0.15939246078699268,1.0191335202117806
poisoning_only,0.9,0.3,2,6,0.5,True,6.0,0.04829382285862281,0.9767370232263675,0.9767370232263675,0.12341373032454205,1.0710982338412354,1.0826615575381051,0.021832938162848328,0.9967527894514809,1.0826591804972463,0.3540888350810677,0.9967552719047896,0.04111798586958428,0.03357336751818721,0.25941179800603736,0.16644516785615268,1.021535431732502
poisoning_only,0.9,0.3,2,7,0.5,True,6.0,0.06113233332170102,1.0327983818351207,1.0327983818351207,0.05405336828843424,1.0321029978453296,1.08427785253335,0.022471803806517983,0.9951511597328053,1.0842735036156803,0.35504848783434123,0.9951555277711075,0.05151653829800601,0.04361863624418356,0.2555654364600185,0.14385788664309782,1.007469895116414
poisoning_only,0.9,0.6,0,0,0.5,True,6.0,0.029501896622106553,0.7976748040726805,0.7976748040726805,0.5878296702826303,1.0911411963019972,1.083814745630805,0.02191867849140892,0.995610371603352,1.0838165633571004,0.35359375230364615,0.9956087436754134,0.027858365299317567,0.03765386739374153,0.20710697127051117,0.3211140336925618,1.0274534371935875
poisoning_only,0.9,0.6,0,1,0.5,True,6.0,0.03357290142907701,0.8613825280834194,0.8613825280834194,0.6364653183165084,1.0020075748619583,1.082880579809644,0.022091874045106537,0.9965315518489257,1.082879907383922,0.35367588142948325,0.9965324691433493,0.03271889664361716,0.043977078278518995,0.19806333097692494,0.33741102459703276,0.9983571986180778
poisoning_only,0.9,0.6,0,2,0.5,True,6.0,0.03065938931151408,0.7694333918560127,0.7694333918560127,0.7381834560890039,1.0844472390428344,1.0844353394009578,0.022255441525957646,0.9949887569076639,1.084437263972699,0.3542298404496155,0.9949870885170403,0.02639086522144793,0.03622415998886157,0.18097930255066244,0.37155624602152565,1.0248076948225129
poisoning_only,0.9,0.6,0,3,0.5,True,6.0,0.037656903073378475,0.907980233149043,0.907980233149043,0.5682548361202415,0.9469771410485299,1.0843683357889708,0.02178550736151009,0.99505812032528,1.0843685203231077,0.35424729521664217,0.9950579222002995,0.03381854802199875,0.03573382223498807,0.24588898910209267,0.3147625462327979,0.9790310611913698
poisoning_only,0.9,0.6,0,4,0.5,True,6.0,0.03985570293892384,0.9426291587177136,0.9426291587177136,0.5743168529850042,0.999235564048768,1.080337474471699,0.021316858901323586,0.999067159341448,1.0803373883478424,0.35157143396289353,0.9990671139495604,0.03637467792625381,0.04564064216956408,0.1958722384200422,0.31573504861640717,0.9991232791132587
poisoning_only,0.9,0.6,0,5,0.5,True,6.0,0.024577301337207338,0.8797916148307007,0.8797916148307007,0.6135126181879484,0.9626386094399025,1.0838005910594435,0.022441691838811496,0.9956149487339341,1.0838019041871556,0.3561021518194387,0.995613482195562,0.023709376814990038,0.03943836000064345,0.19983699216821454,0.3306854872820662,0.9846223467897994
poisoning_only,0.9,0.6,0,6,0.5,True,6.0,0.04538742671726144,0.8595261949812228,0.8595261949812228,0.6360765162043899,1.0436044199451342,1.0825745316486568,0.02171435465789888,0.9968411168695872,1.0825744173525198,0.35265723784848363,0.9968415550687613,0.04107692393034197,0.03900534343262357,0.23180554367067518,0.33681603623692413,1.0124290306278276
poisoning_only,0.9,0.6,0,7,0.5,True,6.0,0.028802759414649184,0.9121716021881519,0.9121716021881519,0.5811331978523413,0.9705282321535847,1.0841195541236242,0.021750002182562133,0.9952704806932093,1.0841170401482998,0.35224430003398666,0.995272298213349,0.023810986768766404,0.025304179600972622,0.24111839354091194,0.3183758333562967,0.987023670353381
poisoning_only,0.9,0.6,1,0,0.5,True,6.0,0.0368834273787674,0.8152910620080226,0.8152910620080226,0.4666241102862532,1.1131631228501226,1.0794733158358127,0.02177374164623447,0.9999137080975629,1.079476937778971,0.3532593057664003,0.9999099914796863,0.035088358426745715,0.039932271350607805,0.2104753525356181,0.28055238589962933,1.0376622741424573
poisoning_only,0.9,0.6,1,1,0.5,True,6.0,0.05641119604542053,0.8371378380185527,0.8371378380185527,0.7520567832877572,0.9849687443805402,1.07945221914063,0.022412825259635324,0.9999671880608788,1.0794552445929164,0.35498436261742417,0.9999640615850504,0.04602199971661139,0.03698951787165024,0.23020240562667796,0.3764846570549389,0.9949666646754897
poisoning_only,0.9,0.6,1,2,0.5,True,6.0,0.03157788863286103,0.7354560570161693,0.7354560570161693,0.49310086493648997,1.179587473610743,1.0807820634493128,0.02154950137830882,0.9986205283828655,1.0807805725579136,0.3523212825654347,0.9986218950218275,0.027447162277687648,0.038469839539258144,0.25122235806810356,0.2889905496267445,1.0589432990051453
poisoning_only,0.9,0.6,1,3,0.5,True,6.0,0.053023528121381676,0.8277448599157486,0.8277448599157486,0.4454827801316922,1.1387984508644502,1.0793993571625056,0.021738020617353415,0.9999758388270683,1.0793987590390794,0.3515648000455832,0.9999755274373939,0.036052207068488586,0.037475052632700255,0.3132495087402259,0.2729285335982096,1.0462499390429707
poisoning_only,0.9,0.6,1,4,0.5,True,6.0,0.03456218333942168,0.8604518804287354,0.8604518804287354,0.708611817627896,0.974611856721326,1.0628623449426244,0.023650965071273584,1.0161163960017143,1.0628616990096182,0.34993632803687746,1.0161174017056505,0.03267756057552714,0.03552177344932725,0.22162558373079955,0.3607330369120157,1.0022818848095636
poisoning_only,0.9,0.6,1,5,0.5,True,6.0,0.04408896723700389,0.8353471248476121,0.8353471248476121,0.7623842924235195,0.9910572318766502,1.078109630793028,0.02233116544588529,1.0012804749575388,1.0781098771801534,0.3554508080364263,1.0012803124070424,0.040972200168310595,0.04363321442089,0.20907853784509434,0.38005542196861036,0.9978726730804105
poisoning_only,0.9,0.6,1,6,0.5,True,6.0,0.034566152463432226,0.9300057690361654,0.9300057690361654,0.6860925118291664,0.9549416849344476,1.0837613859054724,0.020888172315139383,0.9955251336643824,1.0837616671726908,0.3489303702812974,0.9955258528541048,0.03315180984473908,0.042612130131453305,0.2004907862679325,0.35197035147520106,0.9819975571509784
poisoning_only,0.9,0.6,1,7,0.5,True,6.0,0.03700781974445394,0.8686814628578738,0.8686814628578738,0.7071914884924875,0.969981790045789,1.0796722052464556,0.02200250554843577,0.9997506418188847,1.079673031589655,0.3539182985576481,0.9997497962775446,0.03413349731187185,0.03801007632596776,0.21025369956096696,0.3610374308661905,0.9898274093807394
poisoning_only,0.9,0.6,2,0,0.5,True,6.0,0.048084222493627087,0.7906262726338895,0.7906262726338895,0.9207360956239317,1.005936199912287,1.0824523464584415,0.02241772031165438,0.9969264689790804,1.0824525735678028,0.35445850209976026,0.9969262443338638,0.04396073847023569,0.04346113116860376,0.21401214435531674,0.4325374393451154,0.9999296377417437
poisoning_only,0.9,0.6,2,1,0.5,True,6.0,0.023463160968435447,0.8839657189946338,0.8839657189946338,0.7912413948192709,0.9500318684080682,1.083550826427627,0.021825228522703875,0.9957999180577635,1.0835509438575501,0.3527347762684809,0.9957998098411666,0.021426000337689287,0.02842802410622911,0.220584445474422,0.38860046653681857,0.9805438654356661
poisoning_only,0.9,0.6,2,2,0.5,True,6.0,0.042657109568916635,0.8242103970518841,0.8242103970518841,0.7934443229527637,1.019050140854005,1.0791137984095724,0.02153504459803329,1.0002610686520164,1.079112404540215,0.35123828730353374,1.0002622249357533,0.03943302113713959,0.04323830450694766,0.211367906589746,0.38873921828477687,1.0065244781472582
poisoning_only,0.9,0.6,2,3,0.5,True,6.0,0.04022715450717715,0.8515152130865997,0.8515152130865997,0.7912826191562865,1.0117944409561075,1.0775002285977193,0.022020675797577806,1.0019240965505485,1.0775010779881105,0.3534952788988508,1.00192329810096,0.038479715506602785,0.04463042011339763,0.21296831435370173,0.38893285795090504,1.0052139452025386
poisoning_only,0.9,0.6,2,4,0.5,True,6.0,0.029680770783071925,0.8139960122446677,0.8139960122446677,0.8503083183113961,0.9757695011647568,1.0833526908347428,0.021629558822356332,0.9960686964015973,1.0833574454625488,0.3526746005156097,0.9960640952463249,0.023488745359157584,0.03673860867540456,0.17818343642074777,0.40820415921645403,0.989300764270893
poisoning_only,0.9,0.6,2,5,0.5,True,6.0,0.06335157226324303,0.7889805399750662,0.7889805399750662,0.892538106235119,1.0144782890007138,1.0826735355421402,0.022083253596565443,0.9967412967329146,1.082672862617429,0.3536717172931312,0.9967420346200493,0.06119943024885554,0.062045774111643914,0.19824850850583525,0.42276435904160525,1.0026538734512258
poisoning_only,0.9,0.6,2,6,0.5,True,6.0,0.03460651844494006,0.8334097160866782,0.8334097160866782,0.7895257753774892,0.9499605863050665,1.079040927917576,0.02208638322024483,1.0003773257988005,1.0790389634502136,0.3542784756684747,1.0003794524693794,0.030912711782697295,0.03787196290480898,0.22332480100492694,0.3886302114220696,0.9835724548577488
poisoning_only,0.9,0.6,2,7,0.5,True,6.0,0.04779265555837597,0.9008813400430844,0.9008813400430844,0.7419079956286604,0.9613852910047778,1.082636096161387,0.021332374890504203,0.9967574467563074,1.0826325380112924,0.3516700427249818,0.996760551149028,0.04454818102814418,0.049018459098317146,0.21630185992390522,0.3716368044147155,0.9849677629700376
starvation_only,0.9,0.0,0,0,1.0,False,1.8075,4.573319273175232,0.9664887229497685,0.9664887229497685,0.21604154253263322,1.0701078688105878,1.0835966659690657,0.02329555875606379,0.995806872921458,1.0835969641078351,0.3555644517430363,0.9958065800206808,1.083597012876986,2.269047391978682,0.9958065320169088,0.19830051767724444,1.0205737739175755
starvation_only,0.9,0.0,0,1,1.0,False,1.6975,4.594563080248446,0.9757213497130333,0.9757213497130333,0.11358534871465198,1.0800745763812878,1.0853855122617686,0.023415529328215633,0.9940295950129454,1.0853844260793086,0.35795858537364816,0.9940306495429172,1.0853862266526673,2.279938390048546,0.9940289010778749,0.16498648780550526,1.02271160697905
starvation_only,0.9,0.0,0,2,1.0,False,1.7975,4.580801048962822,0.9484439615131438,0.9484439615131438,0.2708462258225529,1.0733354093519811,1.080277259080096,0.024896277951569082,0.9981731011202344,1.0802794509598557,0.35813498085894335,0.9981709276356041,1.0802771764998584,2.2746339816210375,0.9981731829520726,0.2179591615443551,1.0232264793692731
starvation_only,0.9,0.0,0,3,1.0,False,1.6675,4.592638506938523,1.00721481794679,1.00721481794679,0.1925886735529675,1.0401226233428509,1.0868139130169356,0.023132360758355175,0.9925997120181806,1.0868139030054058,0.357084319633152,0.99259972794208,1.086813860753768,2.278200498882787,0.9925997936968736,0.19093511798149154,1.0084406877677037
starvation_only,0.9,0.0,0,4,1.0,False,1.82,4.511933163117648,0.9671873008498388,0.9671873008498388,0.31095489586333336,1.0584610685811302,1.0840670101785586,0.023955888620477234,0.9923536787760945,1.0840657677464556,0.3481628644243665,0.9923551012264683,1.0840674761576405,2.236398364970588,0.9923531447817304,0.2276912163027257,1.0143899495278978
starvation_only,0.9,0.0,0,5,1.0,False,1.6825,4.588724439329917,0.9711648497984098,0.9711648497984098,0.16121848670016187,1.0789337655009876,1.0829763856238026,0.022986994092812546,0.9964423678843903,1.082971287865375,0.35666696596234226,0.9964476894997889,1.0829707471314682,2.2767253591410817,0.9964482531059589,0.18029081558510554,1.0239412742950555
starvation_only,0.9,0.0,0,6,1.0,False,1.765,4.58074418246411,0.9112109591477826,0.9112109591477826,0.2517609619009288,1.1088208459455018,1.082117044810251,0.022259789070057334,0.9972881503767862,1.0821209765877562,0.354583259471402,0.9972842529078585,1.0821207574691165,2.2719552133844463,0.9972844708278534,0.20953467014746271,1.0344644164100487
starvation_only,0.9,0.0,0,7,1.0,False,1.8625,4.559817388871788,0.8840946473015852,0.8840946473015852,0.23364306167216636,1.1441708134958957,1.0764521823075106,0.02303492343171388,1.0026534512835816,1.0764516074083281,0.35424545605433905,1.0026543373582328,1.0764528056820435,2.2652386440979653,1.0026524902253449,0.20364114705273975,1.0498262007125698
starvation_only,0.9,0.0,1,0,1.0,False,1.7725,4.501891418377903,0.8966043624540875,0.8966043624540875,0.4210894262943465,1.070215595318758,1.071593876392376,0.01733765402178495,1.007229967315001,1.0715928432822592,0.33564267161215333,1.0072325426020048,1.071592977615776,2.223848682277803,1.0072322079160108,0.2580232506427616,1.028226035078588
starvation_only,0.9,0.0,1,1,1.0,False,2.095,4.560768014331524,0.8105504509048994,0.8105504509048994,0.45297625309636286,1.1526270653573643,1.0762162275738758,0.019261709973589506,1.002658782045537,1.0762181450578312,0.3461754228836138,1.0026567741841115,1.0762165891190292,2.2568797228051634,1.0026584035941024,0.2728044619845221,1.0526475405290043
starvation_only,0.9,0.0,1,2,1.0,False,1.8225,4.5801458195982505,0.8625655652333571,0.8625655652333571,0.5113015684997355,1.0724662815767099,1.0754182074824192,0.023703560782039192,1.0038832358621073,1.0754167859104278,0.3569929782991391,1.0038844453408593,1.0754207031943772,2.2748386673732988,1.0038811110052102,0.29733270252697125,1.0267446542598921
starvation_only,0.9,0.0,1,3,1.0,False,1.945,4.5910462426195044,0.8578286211978987,0.8578286211978987,0.41446352428554145,1.1069484828170035,1.0799527108933082,0.0244575175022419,0.9982913907536525,1.0799530823481192,0.3585885342236164,0.9982903466370325,1.079952793285373,2.279471683679888,0.9982911610399503,0.26583652533713326,1.034510073402563
starvation_only,0.9,0.0,1,4,1.0,False,1.74,4.571728016365547,0.9048785197593667,0.9048785197593667,0.4735893952019228,1.0450128016708398,1.0823044277817726,0.021918689210529287,0.9970956812695488,1.0823037545590908,0.35309154718882313,0.9970964275113212,1.0823026030514766,2.267055411931122,0.9970977033168449,0.2828665438670917,1.0130683034839034
starvation_only,0.9,0.0,1,5,1.0,False,2.155,4.591118658556221,0.8133484255653748,0.8133484255653748,0.5342711209619524,1.1346963194658635,1.0789498896214775,0.02408709015200175,0.9999585630171656,1.0789528459301294,0.3599872552714887,0.9999554095160953,1.0789503082298078,2.284606323280785,0.9999581166195661,0.3061151554618143,1.0448700973330414
starvation_only,0.9,0.0,1,6,1.0,False,1.7925,4.540425178145841,0.8934454041466913,0.8934454041466913,0.5703061119687589,1.034347425029868,1.0750889266800385,0.02506945599402497,1.0037196970092255,1.0750941329569466,0.3568949493853218,1.0037148514844612,1.0750945549662223,2.262541093711538,1.0037144583878594,0.3174235057827019,1.0139273245078515
starvation_only,0.9,0.0,1,7,1.0,False,1.825,4.590748220385182,0.9192256297068968,0.9192256297068968,0.34404841763463967,1.075082460254058,1.0829621664476023,0.022755514184968382,0.9963764781213096,1.0829630030462523,0.3562026818266732,0.9963757010547933,1.0829597437172689,2.2772363495869588,0.9963787264355793,0.24100220454876042,1.0226115464767203
starvation_only,0.9,0.0,2,0,1.0,False,1.9325,4.58296162510924,0.7412215380350429,0.7412215380350429,0.40959073549631164,1.2406012857316537,1.0750515221813797,0.023308275387533828,1.0041997856812883,1.0750503714988457,0.3556905716613587,1.004200617273549,1.0750518948141727,2.2725589070681,1.0041995162471273,0.2628631941817347,1.0830005628954968
starvation_only,0.9,0.0,2,1,1.0,False,2.015,4.591573829541646,0.788497985553269,0.788497985553269,0.40353289094733985,1.1873116229488527,1.0781384900716204,0.02627112651351674,0.998732146681506,1.0781375877874615,0.36066717780587454,0.9987342626906053,1.078138417175099,2.2810385160053195,0.9987323176972579,0.2634903984222437,1.0615926774403215
starvation_only,0.9,0.0,2,2,1.0,False,2.0825,4.578739522438454,0.7488630385123896,0.7488630385123896,0.5793691287679197,1.171481331242211,1.0809358614487496,0.022461933858109354,0.9984788143018417,1.0809354310143922,0.35496736620336455,0.9984792541850995,1.0809324216601297,2.2716794065005512,0.9984823218438237,0.31893280960979786,1.056146466576384
starvation_only,0.9,0.0,2,3,1.0,False,1.9825,4.577828732997957,0.8901379022000504,0.8901379022000504,0.15204985125959464,1.1539062529832456,1.0785001714802842,0.023959142924262267,0.9995371295011022,1.0785013960670131,0.3560275519877095,0.9995328770621046,1.078500413174727,2.2718742096208304,0.9995362906875815,0.17734551539052212,1.050992086515484
starvation_only,0.9,0.0,2,4,1.0,False,1.85,4.50038943886495,0.9031271473116681,0.9031271473116681,0.3915583494081737,1.0829039275915417,1.0773837501766765,0.021110846206608736,0.9994028806673616,1.077384310321327,0.3438567280369666,0.9994011582098214,1.0773843468805853,2.236087491502437,0.9994010457630031,0.25217530788391634,1.0272359888229083
starvation_only,0.9,0.0,2,5,1.0,False,1.9825,4.482693780923142,0.8283649082734506,0.8283649082734506,0.38463884609503607,1.1567781767926861,1.066801782063322,0.015322145059549076,1.0105208476475451,1.0668033447971963,0.3263875038375912,1.0105196217191232,1.066806281359754,2.202798315491254,1.0105173072560647,0.2421161649973921,1.059272882053118
starvation_only,0.9,0.0,2,6,1.0,False,1.8625,4.512740341485072,0.8462389938229945,0.8462389938229945,0.3959041656158663,1.1301500610388122,1.0962680704966516,0.031154193651590605,0.97606318737365,1.0962683770303787,0.3636344827923367,0.9760631661770248,1.0962679768018484,2.261936861834084,0.9760631925843587,0.2635642806865979,1.0274254715298292
starvation_only,0.9,0.0,2,7,1.0,False,1.885,4.544527669734055,0.8354662094460447,0.8354662094460447,0.30954988855040844,1.1771557345254653,1.0815197250864488,0.022042611978391642,0.9977202294490249,1.081520398044674,0.35067144319961685,0.9977195851691487,1.081519961898529,2.253579251560339,0.997720002851588,0.22742131457613898,1.0575318497145463
starvation_only,0.9,0.3,0,0,1.0,False,1.8136882129277567,0.10455931975234764,0.9546293680814756,0.9546293680814756,0.12327831041775268,1.1042987733069916,1.0773455486351717,0.024174387931374546,1.0014411185508554,1.0773483247522033,0.3574870763051037,1.001438319434235,0.06994059346178404,0.03705343586036976,0.26527554616167426,0.16831325821807697,1.0357260704306939
starvation_only,0.9,0.3,0,1,1.0,False,1.5665399239543727,0.14987933511383278,1.0671525427244686,1.0671525427244686,0.1002897520257476,0.9846805804668275,1.0858875758304158,0.022271731095835162,0.993491151578183,1.0858924855108183,0.3561644594214241,0.9934845295425956,0.10772501848861743,0.058606097182894674,0.32032810517673715,0.1595753141810023,0.9905520871958687
starvation_only,0.9,0.3,0,2,1.0,False,1.973384030418251,0.10977597246091376,0.8835051227652475,0.8835051227652475,0.29179506932587085,1.1237293291227857,1.0714299587492604,0.027569097900702087,1.0053922782590134,1.0714269924379822,0.3602098515535656,1.0053957891876535,0.08562391931983546,0.050353489565544945,0.2833335796924159,0.22652467292671286,1.0448391321898176
starvation_only,0.9,0.3,0,3,1.0,False,1.7832699619771863,0.1007972023607305,0.9891261480693309,0.9891261480693309,0.20588691399586442,1.0554958842302815,1.0775072841426754,0.02417693532215333,1.0012663276385951,1.0775107303255511,0.36162581970089386,1.0012598738537655,0.07395515956770937,0.043690770272466234,0.24626010938974113,0.19722988967297053,1.0193406952408808
starvation_only,0.9,0.3,0,4,1.0,False,1.7946768060836502,0.10193377900432193,1.0009363839054675,1.0009363839054675,0.1460321912803386,1.049758438115626,1.07555536043038,0.023468808839713674,1.003067115971035,1.0755495369925654,0.35628174256420186,1.0030713265509081,0.07654719416946797,0.04213224308257872,0.2711676966978985,0.17526091422808468,1.0186322935458563
starvation_only,0.9,0.3,0,5,1.0,False,1.8593155893536122,0.09483446286232858,0.9430188601108092,0.9430188601108092,0.1753401195365431,1.104419441866475,1.0828920935183959,0.022443908538462887,0.9965152548911083,1.0828920905162476,0.3550739286887854,0.9965152575296973,0.07364475831438327,0.041710915254972086,0.27675216131169994,0.1842859855879305,1.0324833180957602
starvation_only,0.9,0.3,0,6,1.0,False,1.752851711026616,0.10654280856705764,0.9284978582042085,0.9284978582042085,0.20721049409102327,1.1023911383529863,1.0778542383608969,0.024095939398811078,1.0009155457017709,1.0778550307796928,0.35857338449391424,1.0009154438511585,0.08769458106297837,0.05301310372963301,0.2715203518133438,0.19662660599458284,1.0347407093019718
starvation_only,0.9,0.3,0,7,1.0,False,1.8593155893536122,0.0738242894804224,0.9037398356147645,0.9037398356147645,0.195416206162531,1.133124466130096,1.0778883491347981,0.023626865774407407,1.0004187650584635,1.0778858795611235,0.35530376777437944,1.0004214655240582,0.06272616143177069,0.0376936039364346,0.26695628970038887,0.1914489465704393,1.044654898904206
starvation_only,0.9,0.3,1,0,1.0,False,2.045774647887324,0.22799545288546103,0.785830905087431,0.785830905087431,0.49957088610132966,1.1612154188336758,1.0776696971008914,0.020786304974600905,1.0017326739000585,1.0776700939334969,0.35164310701578383,1.0017322658771823,0.14770787552941994,0.10448827398513481,0.38343139946438315,0.29066676603057146,1.0548934528703056
starvation_only,0.9,0.3,1,1,1.0,False,1.8591549295774648,0.12778339557576984,0.8978038231288298,0.8978038231288298,0.26670417367313165,1.116456215555017,1.0826942167946327,0.020893958778295998,0.9962881511508412,1.0826952678718618,0.34776418014458527,0.996287129668407,0.10848642111603678,0.07457094960076138,0.2797269612150433,0.21178743753200427,1.0363438321247551
starvation_only,0.9,0.3,1,2,1.0,False,1.9753521126760563,0.1226556295107813,0.893265065749025,0.893265065749025,0.4916152921102038,1.0540937471734604,1.0810267162354696,0.022307589041506537,0.9983282186719611,1.0810266557719501,0.353644957114841,0.9983282907938452,0.10495635402805463,0.07195255308584726,0.27478285173723827,0.2891892794221838,1.0169167522130889
starvation_only,0.9,0.3,1,3,1.0,False,1.852112676056338,0.10925492544809365,0.8679996037478807,0.8679996037478807,0.46855684282632415,1.0787115818769442,1.0843264672621773,0.025004682385817684,0.9934109287038195,1.084323323386573,0.36034608677356117,0.9934131784562477,0.0846305281403432,0.04539891908876438,0.2818193416209503,0.284635870661901,1.0218452296790037
starvation_only,0.9,0.3,1,4,1.0,False,1.8767605633802817,0.13051197735168069,0.849266616727235,0.849266616727235,0.4513286296603489,1.1056027723329909,1.0820917831410264,0.021749333330060315,0.9972557619724913,1.0820989824349263,0.35291383031459844,0.9972490125633056,0.10885733123982579,0.07362616895975495,0.2899470065040685,0.27533059776833585,1.0333691822895958
starvation_only,0.9,0.3,1,5,1.0,False,2.0774647887323945,0.09164680637528505,0.8352208369121226,0.8352208369121226,0.5003988465190099,1.1231370563429666,1.0816743595637655,0.022962022011954526,0.9973987470200822,1.0816764244033719,0.35818048890486487,0.997396851607915,0.07829751256424164,0.04859218664664755,0.2610013057007867,0.29384711914527645,1.0393108849903212
starvation_only,0.9,0.3,1,6,1.0,False,2.0246478873239435,0.14788362866305746,0.8764984687577828,0.8764984687577828,0.4847848440126018,1.0619878583733526,1.0761463581699637,0.022013044980531915,1.0031889972474017,1.0761456935950182,0.35252141901243356,1.003189726996199,0.1076198764636448,0.07711040973376951,0.35681159540130447,0.28643976933518905,1.0227888608723177
starvation_only,0.9,0.3,1,7,1.0,False,1.6901408450704225,0.14691162878084343,0.9253408150985081,0.9253408150985081,0.4483362059279886,1.042073217173809,1.0856462705668988,0.023742806586977732,0.9930241794806334,1.0856498672016484,0.35814435255257987,0.9930198912474989,0.1080095565638966,0.061723537766227174,0.3115222610939219,0.2767411216891821,1.009372429300647
starvation_only,0.9,0.3,2,0,1.0,False,2.017921146953405,0.12515824506149836,0.7839457087059265,0.7839457087059265,0.47765972145973257,1.1642341345384084,1.0818985701963415,0.021928552874258756,0.997507808447337,1.0818959856552375,0.35391974391293723,0.997510584087228,0.10157050320406684,0.0634873453008088,0.2855679764416735,0.28450267274897617,1.0530841756909912
starvation_only,0.9,0.3,2,1,1.0,False,1.8996415770609318,0.13389814880325757,0.7683586395920364,0.7683586395920364,0.4063209467465495,1.2089682776039719,1.0860208460515695,0.024748899322342262,0.9914610476696644,1.0860173020946833,0.3586318973007414,0.9914689946238524,0.11254293431485521,0.07867546347807673,0.2863736927422617,0.26323391445654437,1.0639661066324961
starvation_only,0.9,0.3,2,2,1.0,False,2.021505376344086,0.069769942782074,0.7209077277586249,0.7209077277586249,0.48099225780457794,1.252774299301382,1.0744393527401483,0.02212960389184403,1.0049146031975245,1.0744379575002274,0.35375429824732807,1.0049163034214241,0.04696665424557095,0.03556896336962479,0.1965535751958941,0.28562538664791665,1.0875350686401102
starvation_only,0.9,0.3,2,3,1.0,False,1.8351254480286738,0.11276273315015042,0.9148144268758209,0.9148144268758209,0.278778904042118,1.1103758961797316,1.08076901017889,0.021763271645317772,0.9985211964439622,1.08076827572754,0.35332281916959435,0.9985214539434645,0.08477508333660512,0.048248899249823035,0.306039008179924,0.2179549982856767,1.0358061821890527
starvation_only,0.9,0.3,2,4,1.0,False,1.9211469534050178,0.07364753960142763,0.8379529456651345,0.8379529456651345,0.36594010231976337,1.1496416265385754,1.0690936256125942,0.018885406123489934,1.0093796099271923,1.0690900097352576,0.34161390825890153,1.0093878545584682,0.06004084065246307,0.03704966388858274,0.23128254029478693,0.2421464722340516,1.0561363636747454
starvation_only,0.9,0.3,2,5,1.0,False,1.978494623655914,0.08949272353104437,0.8091034917573299,0.8091034917573299,0.3935520661675335,1.1662089278578895,1.068597871473777,0.017145185267763513,1.009119637013761,1.0685975604484779,0.33286288046658474,1.0091204545313441,0.0765518736412178,0.04788584672639091,0.24350284582257514,0.24785337730062726,1.0614830064676648
starvation_only,0.9,0.3,2,6,1.0,False,1.8064516129032258,0.13274821486726043,0.8405713931923782,0.8405713931923782,0.2908100499425976,1.1721145451330583,1.084254263685704,0.02561694750491437,0.9915149081865526,1.0842544925285247,0.3541465032179375,0.9915146538283086,0.11276737691867234,0.08054624139211035,0.2803432080605032,0.2235245002218165,1.0517147023826399
starvation_only,0.9,0.3,2,7,1.0,False,1.913978494623656,0.14933072288738258,0.8375333033006424,0.8375333033006424,0.32669687133963166,1.167963453892592,1.0811966353132467,0.021629794519188325,0.9981859685791846,1.0811955182507873,0.35285814495400825,0.9981870887996718,0.10829256245073571,0.06460545881093326,0.32548712177258216,0.23372827027094276,1.0547788370904827
starvation_only,0.9,0.6,0,0,1.0,False,1.6397058823529411,0.07877502472341283,1.071746232137021,1.071746232137021,0.0463348502321894,0.9965427343852906,1.0848551081414688,0.02257967027490669,0.9943643492819694,1.0848552744431257,0.3560196002321141,0.9943640870149517,0.06504286404990926,0.045785343121348694,0.2233377590282709,0.14164470691307007,0.9950903902274039
starvation_only,0.9,0.6,0,1,1.0,False,1.5220588235294117,0.08481845481604575,1.1156904855436458,1.1156904855436458,0.06611007726768856,0.9495521348127718,1.0841657524840134,0.021204477936295242,0.9952372324956993,1.0841650138764418,0.35297446677514593,0.9952381523027101,0.06713870918014612,0.03743303704962607,0.28000394384332017,0.14676300732637657,0.9800091732037272
starvation_only,0.9,0.6,0,2,1.0,False,1.2720588235294117,0.105527704277587,1.1065080832649805,1.1065080832649805,0.03122324370214373,0.9661177930038422,1.0882262753143104,0.024049702434074144,0.9899792802780694,1.088226465928619,0.35724976618056287,0.9899791236433453,0.09555276882908649,0.07905827912294247,0.23469277400173666,0.13750757077226025,0.9820253989750856
starvation_only,0.9,0.6,0,3,1.0,False,1.5147058823529411,0.08478534494308923,1.0934042539179076,1.0934042539179076,0.03185436719892838,0.9797732596176904,1.0854081713817187,0.02191438941173806,0.9939976121624879,1.0854087746385963,0.35404894454716707,0.9939971493629687,0.07568936850231768,0.060847104928058726,0.2311755765918901,0.13593923371927782,0.9892560070477158
starvation_only,0.9,0.6,0,4,1.0,False,1.4044117647058822,0.08189492594346238,1.1363667382772737,1.1363667382772737,0.05560749795210126,0.935394144038268,1.0808109614688173,0.01992214724216997,0.9980678536502937,1.0808075650892839,0.3483762692772986,0.9980711337055217,0.06651830292586045,0.04871157473164958,0.22815702307170665,0.1413019714905233,0.9771777104646945
starvation_only,0.9,0.6,0,5,1.0,False,1.7573529411764706,0.07641134761134086,0.9840626857318957,0.9840626857318957,0.07947160581748063,1.084566081144957,1.0838135716864519,0.022516745206665918,0.9955622942254564,1.0838175049446237,0.3556386844799169,0.9955586146355244,0.07011379140789203,0.056836108861682,0.22512196371604143,0.15254234516802115,1.0252289966686459
starvation_only,0.9,0.6,0,6,1.0,False,1.713235294117647,0.08284404694820374,0.9910533695545983,0.9910533695545983,0.1967317981873669,1.0533000198088385,1.0847146429467305,0.02234907298769233,0.9946124981146386,1.0847132030279785,0.3566765883415119,0.9946143536753249,0.07423718728821206,0.0560359283454571,0.2249995780316355,0.19191915317219035,1.0141756238662674
starvation_only,0.9,0.6,0,7,1.0,False,1.5073529411764706,0.07741059948296561,1.0777580553095631,1.0777580553095631,0.06736684792877815,0.9801796988508653,1.0848934600968967,0.021737427312828912,0.9944227177341137,1.0848939435976754,0.3530509739079162,0.9944223719953824,0.06833925916041414,0.052998046802266253,0.21172400421863927,0.14738508304984108,0.989674929526787
starvation_only,0.9,0.6,1,0,1.0,False,2.1124260355029585,0.17862937396942646,0.8276166548468948,0.8276166548468948,0.45159793565076894,1.1223742473310356,1.0766839306499292,0.019483117625256313,1.0026478485193577,1.0766894752971683,0.3489155105501175,1.0026418562382777,0.13215545938928291,0.093917657067413,0.3153878898898644,0.27333218794204756,1.0425546506962238
starvation_only,0.9,0.6,1,1,1.0,False,2.0414201183431953,0.08143526299609365,0.8202725523344749,0.8202725523344749,0.38120813299029976,1.1719112305307873,1.0775512698315621,0.019057420245008616,1.0017113105787756,1.0775557205743889,0.3457767586114697,1.0017067512668194,0.07452585805208778,0.06348863880981452,0.2481471854727636,0.24868077061559268,1.0584430974587942
starvation_only,0.9,0.6,1,2,1.0,False,2.100591715976331,0.08048592154171422,0.8630238273461701,0.8630238273461701,0.4516770020923939,1.095370515492062,1.0812943233421353,0.021255951035142356,0.998088299724964,1.08129271093991,0.35217336516957004,0.9980898633465678,0.07679151928832201,0.06428806160647828,0.2167018128911443,0.2750354394323688,1.0305162261878646
starvation_only,0.9,0.6,1,3,1.0,False,2.1124260355029585,0.09220933695055772,0.8560729267076128,0.8560729267076128,0.507677632353478,1.083109346343257,1.081610483209816,0.022476879572158284,0.9977134968702219,1.0816099542448943,0.3561918634552216,0.9977132429729463,0.07860645360945247,0.053042405836398784,0.244354181145444,0.29544879179361927,1.026178695395475
starvation_only,0.9,0.6,1,4,1.0,False,1.8106508875739644,0.08685150993166706,0.8860152780267696,0.8860152780267696,0.5388626188863601,1.0439113165737914,1.0814406409018285,0.02130179697309285,0.9976681086426769,1.0814405910653706,0.3502516835712546,0.9976682220773267,0.08135052475502492,0.06930505886518687,0.23108333857102076,0.3034720331435692,1.0130825490979316
starvation_only,0.9,0.6,1,5,1.0,False,1.8402366863905326,0.06410985435703963,0.9437314648125638,0.9437314648125638,0.614304409053447,0.9555442282115584,1.0836466605031994,0.02248386287625484,0.9956498691413693,1.08365108613341,0.3562500256123962,0.9956452364797239,0.05537165909696475,0.04418495838580716,0.20678306195777124,0.331012765847366,0.9822797779442172
starvation_only,0.9,0.6,1,6,1.0,False,1.7455621301775148,0.09962981620533816,1.00464054744854,1.00464054744854,0.6312563243865746,0.9183877658726356,1.0813746745167823,0.020671084015046304,0.997959479052854,1.0813748316015102,0.3504535367277129,0.997959304569791,0.09129450307304586,0.07432760124324439,0.23319095757877709,0.3341269817097779,0.9714355164984269
starvation_only,0.9,0.6,1,7,1.0,False,1.668639053254438,0.07222346894919486,1.0069762572828445,1.0069762572828445,0.4904194964797567,0.9443887376444693,1.0884660828981176,0.02268489022723005,0.9907586382013123,1.088467484403886,0.35625996614279154,0.9907569927275997,0.06336077780189968,0.04888551386432348,0.2117766072737141,0.2897881176165928,0.9753014561911271
starvation_only,0.9,0.6,2,0,1.0,False,1.9090909090909092,0.10481665102877874,0.7495118625913453,0.7495118625913453,0.5438748797412435,1.18019858198785,1.0822937447138705,0.021596457104295814,0.9969991472927839,1.0822946543000294,0.35277283306408136,0.996998130828223,0.0782497735376961,0.04593955533880531,0.2633332928995363,0.30608138996987355,1.0580652867029523
starvation_only,0.9,0.6,2,1,1.0,False,1.9285714285714286,0.092694350242106,0.808680113232493,0.808680113232493,0.4180313622915316,1.1581934152848543,1.0785153614618912,0.020840034592570437,1.0006818149552181,1.078513852371045,0.35057825950204313,1.0006849967635523,0.08187937798745998,0.06633688694488954,0.254078095859632,0.26314988546204837,1.0531867423345416
starvation_only,0.9,0.6,2,2,1.0,False,1.9610389610389611,0.06853680049362113,0.8337443833730015,0.8337443833730015,0.4606092411585617,1.1288749613842912,1.0815863428575678,0.02194256952351755,0.9978111468508689,1.081586373765003,0.3534948023606191,0.9978110171643764,0.06056372571003256,0.04664036972486095,0.21886144793507165,0.27868220434756613,1.0414990417998455
starvation_only,0.9,0.6,2,3,1.0,False,1.9090909090909092,0.05877495223013632,0.839460585950316,0.839460585950316,0.4316405544568921,1.1259416487618763,1.0813493692940048,0.02189782595808752,0.9979839891789971,1.0813497623370458,0.35288730888284126,0.9979838206165821,0.05059205933170871,0.04046973621562175,0.21373429802422678,0.26880856309927365,1.0406364861858186
starvation_only,0.9,0.6,2,4,1.0,False,1.7077922077922079,0.09625295243072025,0.9387334245893342,0.9387334245893342,0.48408558596660456,1.0213217722791084,1.078457454671728,0.01820390404121795,1.0006796066899781,1.078457746962555,0.3416923452480872,1.0006792820097499,0.09150612872416053,0.08040516494898282,0.21449002205798673,0.2813272784186366,1.0075602203262788
starvation_only,0.9,0.6,2,5,1.0,False,1.9155844155844155,0.09558710583160226,0.8269821601449079,0.8269821601449079,0.4055564715986403,1.1377001608582833,1.072905518694749,0.0186526913325289,1.006274083882733,1.0729074427539427,0.3433571032185794,1.006271766323564,0.06529569417994116,0.040932853073593053,0.23545607183328796,0.2558554220499162,1.0500820036881935
starvation_only,0.9,0.6,2,6,1.0,False,2.0194805194805197,0.0667495412079798,0.7869665932637993,0.7869665932637993,0.4426336241283175,1.1764561666995896,1.078287496084806,0.019366726262059354,1.0010984222639248,1.0782885383143632,0.347184615194285,1.0010973413974125,0.06461948386925842,0.05679599275043633,0.20473577820705838,0.269728321861554,1.0595506434536421
starvation_only,0.9,0.6,2,7,1.0,False,1.9155844155844155,0.10498990267721872,0.8418059967165407,0.8418059967165407,0.37286454823133913,1.1435791138034475,1.084444938882277,0.02202461692939074,0.9947883170163427,1.084444952364767,0.35372477341052655,0.9947878341886842,0.08735076277166515,0.057361595727505967,0.25883015469435566,0.24953797952375215,1.044385088336158
both,0.9,0.0,0,0,0.5,False,1.775,4.572919337469644,0.9624828885847024,0.9624828885847024,0.18459963923951964,1.0799962413999098,1.0829775091497464,0.023316369098845498,0.9964293717169843,1.082977299285666,0.35564352720083514,0.9964294702492693,1.0829775527598362,2.2691260044412047,0.996429348082084,0.18785317851306674,1.0242850277887212
both,0.9,0.0,0,1,0.5,False,1.765,4.5789380960773025,0.9924082100735764,0.9924082100735764,0.1791900705193862,1.0645214756726444,1.0820048986091968,0.02380663988650136,0.9974110350759149,1.0820042962923546,0.3572139882966078,0.997411394031898,1.0820044880890727,2.2730937980902866,0.9974112808406563,0.18673689956749842,1.019781301593486
both,0.9,0.0,0,2,0.5,False,1.7925,4.584734049449468,0.9430906207829679,0.9430906207829679,0.2967427088994645,1.0747199844381081,1.081395588286386,0.02515843358132582,0.9970336425334418,1.0813974563981195,0.3589483735437635,0.9970319153231699,1.0813977295091473,2.2766708943911222,0.9970316620204109,0.22694983867485127,1.02292851409824
both,0.9,0.0,0,3,0.5,False,1.755,4.589399475693092,0.9696611904773584,0.9696611904773584,0.1484530695665951,1.0794221289308752,1.0849899130913394,0.022659571482834786,0.9944320807278215,1.0849906955904247,0.35568902876736724,0.9944315281417698,1.0849901037786538,2.2753631144593593,0.9944319479079399,0.17560055660559903,1.0227619126001555
both,0.9,0.0,0,4,0.5,False,1.81,4.512139919708293,0.9781096936852216,0.9781096936852216,0.2864137360055417,1.0531330106046641,1.083519171210377,0.024114669477031964,0.9927508429171842,1.0835167588649743,0.3483350696313645,0.9927527909956638,1.0835163549162514,2.2366271219012246,0.9927531160838323,0.2196211583713127,1.0128788815058374
both,0.9,0.0,0,5,0.5,False,1.6625,4.58912800122655,0.9784252909092879,0.9784252909092879,0.14982634754589919,1.0741820948148875,1.0833360433958452,0.023122341479727745,0.9960836517856131,1.0833328830974875,0.35704858199314315,0.996086689813217,1.0833360668332528,2.2773593652037354,0.9960836292257675,0.17666575700625672,1.0221174788045726
both,0.9,0.0,0,6,0.5,False,1.8725,4.579900223212751,0.8766138666921678,0.8766138666921678,0.21962431932916565,1.1518705649136292,1.0803481684720657,0.022337618191716438,0.9990532871464851,1.0803487858964984,0.3542649103331448,0.9990528344007861,1.0803482738623538,2.270642759696604,0.9990532101548804,0.19874228261800897,1.0499922288203
both,0.9,0.0,0,7,0.5,False,1.8325,4.560773113423437,0.8970966661980021,0.8970966661980021,0.19370277642274455,1.140571967838449,1.0768312578091683,0.022991962421308253,1.0023270683691576,1.0768333240561119,0.35417562585529117,1.002325798903779,1.0768259153701027,2.2652164842324396,1.0023303432326283,0.19029012156644798,1.0484082783704618
both,0.9,0.0,1,0,0.5,False,1.9975,4.536921588429699,0.8339746624274752,0.8339746624274752,0.47828778316675036,1.1204775255034132,1.0681893781485994,0.016722823567179808,1.011056921942317,1.0681938182914594,0.33821266927809707,1.011053144480041,1.0681989112188557,2.2407623762041995,1.01104880804472,0.2777410920040091,1.0475291973085905
both,0.9,0.0,1,1,0.5,False,2.03,4.546454954105712,0.8707613022832296,0.8707613022832296,0.36557139774940295,1.112181008614968,1.078062166772373,0.019893397641195493,1.000721404856453,1.078060377960374,0.3459787049485229,1.0007231665431986,1.078059784238825,2.250624392685789,1.000723750548283,0.24381450011304043,1.0378751933382064
both,0.9,0.0,1,2,0.5,False,1.89,4.583775100020387,0.8617867210595124,0.8617867210595124,0.4866941951785926,1.0808716642436562,1.074574710695555,0.023866069400798367,1.0046903409157768,1.0745735651171078,0.35754801301988254,1.0046907913068068,1.0745737401402244,2.2768514543513483,1.0046907227180684,0.2893694258664245,1.0300842654887468
both,0.9,0.0,1,3,0.5,False,1.9775,4.59090876291491,0.8652720877324462,0.8652720877324462,0.431956665383173,1.0952127976773036,1.0801689806031607,0.024587202145283905,0.9980307348187704,1.0801760235019193,0.3587056745199104,0.9980245014692468,1.080177436033149,2.2794012541842417,0.9980232482941671,0.2717498473494558,1.0304226779884402
both,0.9,0.0,1,4,0.5,False,1.8225,4.598506956803284,0.8893175821403735,0.8893175821403735,0.5118096187229453,1.0500706327819862,1.081382559972416,0.02267388663490044,0.9979459155114743,1.0813805531622216,0.35693225773478493,0.997948500632847,1.0813828696000998,2.2816553002168933,0.9979455163879498,0.2971385876975436,1.0153216829754357
both,0.9,0.0,1,5,0.5,False,2.1225,4.5872670429229325,0.8141130133878077,0.8141130133878077,0.6135934898797953,1.116098731183524,1.0803544251196904,0.02453035203046713,0.9982937512990013,1.0803550207699284,0.3608054404653243,0.9982932077125817,1.0803544896289634,2.2847624254927243,0.9982936925137691,0.33297642745852896,1.0375618967317024
both,0.9,0.0,1,6,0.5,False,1.8075,4.540271752567625,0.8887487719715857,0.8887487719715857,0.558564974486378,1.0482457726902654,1.0744131364105551,0.025129843624988553,1.0044103141766276,1.0744191651694064,0.3569375669824972,1.0044046983413017,1.0744166750462183,2.2625604547311284,1.0044070189113778,0.31354412836462126,1.0190202617360649
both,0.9,0.0,1,7,0.5,False,1.83,4.590900084206551,0.9227132171241027,0.9227132171241027,0.34121005185621095,1.0726015706610528,1.0830455261838488,0.022764023682939588,0.996292325359593,1.083050849496249,0.3562307487473828,0.9962873080531025,1.083046842653944,2.2773162665590316,0.996291085402725,0.24006827476217776,1.0217270680245827
both,0.9,0.0,2,0,0.5,False,2.0525,4.578039164386865,0.7706548952103526,0.7706548952103526,0.4026566703875215,1.2222073552085813,1.074674404439866,0.023615299708597673,1.0045506377194062,1.0746726896808332,0.3555605207116063,1.0045530595934458,1.074675429678199,2.270242524100955,1.004549188090111,0.2606108302692418,1.077103684173811
both,0.9,0.0,2,1,0.5,False,1.83,4.5953614076314135,0.8029601110003259,0.8029601110003259,0.46936459869928715,1.149934017306786,1.0789886832751623,0.028153957807865473,0.9966469613022322,1.078988820581605,0.3631640204314208,0.9966460816303088,1.0789889532409365,2.28415162707541,0.9966452310591656,0.2868941923128578,1.047742353413109
both,0.9,0.0,2,2,0.5,False,2.1525,4.57029935603126,0.772831073177865,0.772831073177865,0.4751577375565291,1.1910155100574995,1.081246567556457,0.02514566357757231,0.9942634112563002,1.0812484621842904,0.3549183246385388,0.9942614362815345,1.08124971264576,2.2665466344456062,0.9942601290837834,0.28507390859088005,1.0598467858651113
both,0.9,0.0,2,3,0.5,False,1.815,4.582610773281807,0.8943416662755506,0.8943416662755506,0.18465920907057476,1.1427046616078398,1.077063599060269,0.02438717894883916,1.000861559881053,1.077055667891389,0.35693166937656023,1.0008625475411714,1.0770595505220675,2.2745410875774392,1.0008620655666352,0.18865935246532473,1.0481429230100214
both,0.9,0.0,2,4,0.5,False,1.8575,4.500557738015794,0.8989905433539673,0.8989905433539673,0.3916775924309897,1.0872386444995348,1.0774046285663965,0.021154707418996464,0.9993874772585939,1.077406064576024,0.3439839286744834,0.9993777455502317,1.0774062713557675,2.236283040273634,0.9993763399234346,0.25227207617482317,1.0286679557694536
both,0.9,0.0,2,5,0.5,False,2.0125,4.487748857733302,0.7814738894490887,0.7814738894490887,0.43264825464752427,1.1890252624485211,1.067140586993669,0.015887315239257887,1.0101297141718573,1.0671408536212148,0.3276444905280772,1.0101292685602286,1.0671410599413647,2.2054261481535415,1.0101289230202175,0.25872668680495314,1.0697614150602022
both,0.9,0.0,2,6,0.5,False,1.9075,4.512115790267035,0.8439330545305778,0.8439330545305778,0.4022172576382238,1.129480037126336,1.0960001637393577,0.031077149061946904,0.9763762826660224,1.095999632453133,0.36345275307752206,0.976376697841407,1.0959995285447348,2.261561349405267,0.9763767788686237,0.2655823865925642,1.0274110058779218
both,0.9,0.0,2,7,0.5,False,1.8725,4.544898739161413,0.8481919851873946,0.8481919851873946,0.30790233068238726,1.1657158217355945,1.0816696223461002,0.022030939344887594,0.9975729521096,1.0816695176142748,0.35068401071833377,0.9975730507037265,1.0816705882744104,2.253735552650792,0.9975720386289404,0.22687242691520285,1.0536206081829738
both,0.9,0.3,0,0,0.5,False,1.8517110266159695,0.13971186741160335,0.699807513159656,0.699807513159656,0.713015818875951,1.1278778365185513,1.0788981069516308,0.023796135716569487,0.999725590256553,1.0789056628353686,0.35770698478889856,0.9997171337965834,0.10558653660261258,0.057384689668622646,0.324269689878441,0.364839646460473,1.0424401868572293
both,0.9,0.3,0,1,0.5,False,1.8631178707224334,0.1442049648080236,0.8108060279343317,0.8108060279343317,0.5116749064909647,1.1243786913556149,1.0778849188118302,0.019267221791072455,1.0013428149208414,1.0778848876630451,0.3443715680714058,1.0013432674067273,0.08236406955862083,0.031958302817599066,0.35213176589975903,0.2917712321178143,1.0423549245610613
both,0.9,0.3,0,2,0.5,False,1.8631178707224334,0.16135735680667151,0.8035164471086493,0.8035164471086493,0.7410735850001922,1.0465304379094564,1.084393950657105,0.027426661016171916,0.9909033260508834,1.0843946169098178,0.36072820966338803,0.9909027356276925,0.06496040049141502,0.045988694258660534,0.25763952701569215,0.376409485226584,1.0094454998626776
both,0.9,0.3,0,3,0.5,False,1.984790874524715,0.11458549295611534,0.7323241505407442,0.7323241505407442,0.5729863364816179,1.1664442623936309,1.0625404033727441,0.02555597661404238,1.0163125414017717,1.0625403877771513,0.35954400489812666,1.0163127152386613,0.08058774214146527,0.034388659533823404,0.34385711992581736,0.31936210599792897,1.066356506344688
both,0.9,0.3,0,4,0.5,False,1.638783269961977,0.13468084442131217,0.7188944936018333,0.7188944936018333,0.9166418357888352,0.9969038954790077,1.0843698726685311,0.02316807324242164,0.9945546406156426,1.0843698667480812,0.358691498718275,0.9945547711092286,0.07804645489741048,0.033756308750612016,0.3044617382827854,0.4328338025831773,0.9953377690679597
both,0.9,0.3,0,5,0.5,False,2.041825095057034,0.11958270358131876,0.742991931584434,0.742991931584434,0.7536813017636037,1.1104592732595049,1.083356978315663,0.021803406011737962,0.9960556593293449,1.083357671499814,0.35352435079192956,0.9960551085695777,0.08795487911960273,0.04143523725789639,0.30749836395942215,0.37633635285575706,1.034190013719476
both,0.9,0.3,0,6,0.5,False,1.779467680608365,0.26835046895570347,0.7743726508077748,0.7743726508077748,0.6774276569823569,1.0752537506667412,1.0828105720658625,0.02214835976958978,0.9965482913895805,1.0828102653538965,0.35538943179835164,0.9965486563400483,0.17857165567331426,0.1312392004968665,0.4033500488160592,0.3516551495167661,1.0227835661321234
both,0.9,0.3,0,7,0.5,False,2.1863117870722433,0.11348285715790044,0.7493822637019489,0.7493822637019489,0.6558265952450655,1.131054454153904,1.0776282481883297,0.02167386084692724,1.0017470039191305,1.0776293073587344,0.3521197795526155,1.0017464911977356,0.07158997580752316,0.027658284718680058,0.384738201214406,0.34320674521486944,1.04484931642359
both,0.9,0.3,1,0,0.5,False,1.982394366197183,0.2262352446767399,0.7614989383637476,0.7614989383637476,0.8654818388331526,1.0254058064940426,1.0752146074033,0.019935500828566804,1.004173267790553,1.0752141218662856,0.34970152076877076,1.0041737972289475,0.12866158765782512,0.07872446773902825,0.45787514131083296,0.41170628681016336,1.011250957171181
both,0.9,0.3,1,1,0.5,False,1.9154929577464788,0.14951476512146525,0.8739930894106491,0.8739930894106491,0.4463305712189419,1.0698093292154942,1.0792862055635943,0.0201122732974671,0.9997834856359751,1.0792847084650914,0.3473003342454948,0.9997849320198671,0.09806496319537576,0.041198921216786914,0.3275930112310529,0.2712477262539679,1.0231259156237786
both,0.9,0.3,1,2,0.5,False,1.8626760563380282,0.2100593286768381,0.8352957634457999,0.8352957634457999,0.6226959920471982,1.0407953232955602,1.0759025531341257,0.020262460926935483,1.0033992834958487,1.0759036110492333,0.3483600630870095,1.0033986351467923,0.15072130019660326,0.09442396112081118,0.36613350535820777,0.3304395053537144,1.0158644139794004
both,0.9,0.3,1,3,0.5,False,1.8133802816901408,0.18005173779967193,0.7685457168883534,0.7685457168883534,0.6113697945044947,1.1157590214999278,1.0791840203851695,0.026157659436830245,0.9975722822713737,1.0791838418772801,0.36187859613345785,0.997573073483071,0.12899414497577918,0.0703885016330328,0.35289414959498666,0.3331353500249276,1.0369681257514574
both,0.9,0.3,1,4,0.5,False,1.676056338028169,0.28291193027165984,0.8516386514934021,0.8516386514934021,0.6522754006142443,1.0173067362301693,1.0814779907742982,0.021734790736433453,0.9979360937748931,1.0814751345118043,0.3532040089395304,0.9979388686228495,0.18034586708713105,0.16280654258857186,0.42638542633531695,0.34240473343006944,1.0043938995426374
both,0.9,0.3,1,5,0.5,False,2.045774647887324,0.1498407099874984,0.8429663908568292,0.8429663908568292,0.7841290094574659,1.0242173562567587,1.077275622683121,0.023786360588711898,1.0016461347977015,1.0772754436357288,0.3605936595766566,1.0016462975922087,0.10960224933401053,0.05610162234451428,0.3280586587776826,0.38950300987427816,1.0091699295488896
both,0.9,0.3,1,6,0.5,False,1.7746478873239437,0.21668498122279098,0.8281513882446778,0.8281513882446778,0.6639596683294335,1.0346687048486956,1.071103781379753,0.019323800388905327,1.0079361236613726,1.0711028477347573,0.34351792293492156,1.0079380485351461,0.16201338935699205,0.11256258939749805,0.34418449999672374,0.34226713055108676,1.016847625681738
both,0.9,0.3,1,7,0.5,False,1.778169014084507,0.1884898361230749,0.9104091778431177,0.9104091778431177,0.7424027301135865,0.9435067119236125,1.0846217217839078,0.02241697691242171,0.99469338561155,1.0846253737027516,0.3567969162409319,0.9946886828738745,0.13075069600998412,0.06901886879686091,0.36413558765948556,0.3738722077556467,0.9776295934696789
both,0.9,0.3,2,0,0.5,False,2.247311827956989,0.2390461226579662,0.6793256924287384,0.6793256924287384,0.7071415655834069,1.191935944085475,1.0809858677470159,0.021592648298371694,0.998313657380977,1.0809852484111482,0.3519676268748942,0.9983142898631885,0.1687960504983247,0.12703388200494034,0.3803539838771379,0.36023394691889093,1.0628546304432136
both,0.9,0.3,2,1,0.5,False,1.7562724014336917,0.18318353263898396,0.7235316220230196,0.7235316220230196,0.6760439105568243,1.140946705383609,1.0811688827917396,0.021625569692289553,0.9982496239485295,1.0811699501301424,0.3528376058338253,0.9982486824125825,0.13293080486341607,0.07825513663450834,0.35602687968219604,0.35016902869431304,1.045815003914907
both,0.9,0.3,2,2,0.5,False,1.949820788530466,0.1207234213853193,0.7619061412249037,0.7619061412249037,0.8296891331701539,1.0539137391870672,1.081538942073922,0.023842533849131535,0.9957527835344668,1.0815432038334887,0.3548371300752591,0.9957501978327351,0.06869220202510086,0.03042161249674234,0.2732460252991385,0.40278959903151484,1.015138906851423
both,0.9,0.3,2,3,0.5,False,2.2867383512544803,0.14099169293675767,0.7396534866084646,0.7396534866084646,0.8510896568592623,1.102179689546042,1.0824046256770519,0.022649899162836086,0.9968031225509786,1.0824085240830819,0.35468880580360745,0.9967976820824116,0.09949156914791263,0.04563054526063736,0.34319928372093944,0.40947612060856864,1.031926831393144
both,0.9,0.3,2,4,0.5,False,1.939068100358423,0.12927499945974763,0.7922538324634446,0.7922538324634446,0.7890462747514626,1.0381807564809475,1.0740974907655454,0.019684443436152093,1.0040826047164713,1.0740951544765602,0.3452154455505992,1.0040881838521156,0.09039894853396804,0.039369085795072443,0.33132176153445675,0.38464872124607125,1.0154505150165114
both,0.9,0.3,2,5,0.5,False,2.046594982078853,0.136310458177212,0.6332200374969292,0.6332200374969292,0.8553812758850424,1.1843932706961788,1.0666988795561758,0.015571251901582508,1.0120962453518123,1.066703250018319,0.3325175744955835,1.0120906276791255,0.08843287808199879,0.03644217106803608,0.31067025995718844,0.4011567007607361,1.0695267145757057
both,0.9,0.3,2,6,0.5,False,1.7885304659498207,0.20882275592208258,0.7051675710156703,0.7051675710156703,0.7561328254194352,1.1208898166731753,1.0895470875559576,0.02715369486268221,0.9852610967116485,1.0895439277485228,0.3572587545478641,0.985264213861999,0.1492701438065278,0.0980403403279629,0.3720406985215886,0.38018175827666045,1.0304717090822744
both,0.9,0.3,2,7,0.5,False,2.2222222222222223,0.17579073247153765,0.6629620613375148,0.6629620613375148,0.7167468985603206,1.1899134498498372,1.079459257597556,0.021380455332497193,0.9999435791668125,1.0794593635765688,0.3521946938229176,0.9999434710462303,0.08762750964407477,0.0398032267791336,0.32297068579890204,0.3634406825719118,1.0632668333542934
both,0.9,0.6,0,0,0.5,False,1.75,0.08182411819999896,0.4056072638563111,0.4056072638563111,1.5125793359193223,0.9936753856395862,1.0835334948034165,0.022191465001943272,0.9957915016490552,1.0835338313953646,0.35450323783250537,0.9957910250968702,0.07241918458040243,0.04950657883724839,0.22755347707751122,0.6297580129179235,0.9950859707951706
both,0.9,0.6,0,1,0.5,False,2.1176470588235294,0.08312333051137952,0.389351707713254,0.389351707713254,1.589324770754669,1.0495518385083324,1.0815347940158364,0.02178660012758151,0.9978840473420161,1.0815369658194829,0.3532048767087305,0.9978821248121507,0.060504297263475754,0.032227468259525605,0.2658668876087404,0.654772082530327,1.0151060035541664
both,0.9,0.6,0,2,0.5,False,1.6397058823529411,0.17672230402533037,0.2831613495154713,0.2831613495154713,1.8458493430506486,0.928685441102696,1.0851874064504348,0.025716554513242097,0.9921757706571885,1.085187294672195,0.3601570373092722,0.9921759190346835,0.07704923125773068,0.03780497663272904,0.30384048573363404,0.743907644957721,0.9710123769315228
both,0.9,0.6,0,3,0.5,False,1.6397058823529411,0.10792846699613641,0.29580127356949076,0.29580127356949076,1.8787453278082193,0.8920071045509634,1.0834734678677103,0.022298724817130036,0.9959550637305419,1.0834732450544298,0.3551120378831042,0.995955285876221,0.08664972723455776,0.047660821463198735,0.2757294828364794,0.7520520301694845,0.9613058180525754
both,0.9,0.6,0,4,0.5,False,2.036764705882353,0.14727524808830253,0.2992585256234152,0.2992585256234152,1.806324143588774,0.9809459707891961,1.0713205676925652,0.037224127726532455,0.9959580649440534,1.0713214718376585,0.3681839450656297,0.9959574130571283,0.10118415900997434,0.05266589090377139,0.3239811417797149,0.7372440721269786,0.9909538162634592
both,0.9,0.6,0,5,0.5,False,1.588235294117647,0.09099947852869411,0.3014415247354154,0.3014415247354154,1.847956919694166,0.9503298037358746,1.0789723817949572,0.02265359274341902,1.0004217358646086,1.0789712962848832,0.35559758012263065,1.0004230753398986,0.08171755430732765,0.056819791779496163,0.23501540736416957,0.7420693641867385,0.983724871646794
both,0.9,0.6,0,6,0.5,False,1.7426470588235294,0.12431116837354084,0.3569531242107957,0.3569531242107957,1.7107880791799066,0.9253474375933088,1.0809690120044384,0.023260980998846683,0.9980263669262913,1.0809683938167116,0.35826611705640965,0.998027592405141,0.0982827160797383,0.06978169135690851,0.31759449586838673,0.6974383924117209,0.9738004656415803
both,0.9,0.6,0,7,0.5,False,1.8161764705882353,0.11710066428343636,0.37864312514992876,0.37864312514992876,1.8627144006186485,0.9155470812120804,1.0868873332051407,0.025176657981903765,0.9903220423038583,1.086885987108698,0.3582174000426922,0.9903239331515045,0.08391396100112632,0.044057323859015285,0.2992638148126588,0.7487028195477481,0.9653976855558145
both,0.9,0.6,1,0,0.5,False,1.650887573964497,0.16986999174221437,0.5718256183623381,0.5718256183623381,1.1143686728908815,1.044894253125571,1.0692591363700488,0.016976429451257137,1.0100190661135222,1.069258039339546,0.3399094575037434,1.010019327511976,0.12911811344383417,0.09275647693315806,0.32635438099475167,0.49041818661529396,1.0216442155836896
both,0.9,0.6,1,1,0.5,False,1.816568047337278,0.09042329678075642,0.628410630299806,0.628410630299806,1.3021869210778267,0.9472877090225708,1.0773598518070826,0.025162533763306842,0.9999345671867305,1.0773598123487003,0.3583650635770548,0.999934803624431,0.07655881549841369,0.04798780293755916,0.2785056993680847,0.5619048394727294,0.9823856932779108
both,0.9,0.6,1,2,0.5,False,1.7396449704142012,0.11112704287167852,0.6337948216253351,0.6337948216253351,1.093542491810676,0.9986666940944807,1.076673277509931,0.02045254502486292,1.002679834805484,1.0766724003996002,0.3495332668448702,1.00268081876259,0.09430833345446178,0.06018286601674034,0.2736982940070676,0.48784276789346964,1.0013424492208516
both,0.9,0.6,1,3,0.5,False,1.9467455621301775,0.10183308394939444,0.5619650855071583,0.5619650855071583,1.1856129250510485,1.0924288029754288,1.081718893968983,0.02178651518139712,0.997533892048007,1.0817200720387672,0.3532200004074303,0.9975327587609637,0.06746740746854575,0.037711194494026753,0.24776309931925006,0.5202064802132921,1.0291651512614666
both,0.9,0.6,1,4,0.5,False,1.7041420118343196,0.12520077408288027,0.6506081372686445,0.6506081372686445,0.996789150887966,1.0371024720100182,1.0809014617902246,0.021821969299881866,0.9984834830597513,1.0808999858012736,0.35343368671728664,0.9984849601348031,0.10625103500091862,0.07642432741207277,0.2828647667170057,0.45734826896837816,1.0113569717348574
both,0.9,0.6,1,5,0.5,False,1.668639053254438,0.09315690391689206,0.6442278691998109,0.6442278691998109,1.055355624296948,0.9934209912082952,1.0743108557375258,0.023219007650552938,1.004785116389098,1.074308271019914,0.3572232679980627,1.0047877641975982,0.08208742924945911,0.054652824511836104,0.24642556318536032,0.4785992999818545,1.0009979572649972
both,0.9,0.6,1,6,0.5,False,1.6568047337278107,0.15032134697465804,0.6741646450179897,0.6741646450179897,0.964355376722625,1.0351259843801999,1.0774806579490988,0.019715448191890368,1.001691502186544,1.0774823509811007,0.3468525117286644,1.001688553567973,0.12892843330171147,0.10197800462977774,0.26984229938116217,0.4436411122143933,1.0128353467115723
both,0.9,0.6,1,7,0.5,False,1.650887573964497,0.10113543120636515,0.5079473195243258,0.5079473195243258,1.4620850650041795,0.9036485965628911,1.085518017046892,0.02335998126866459,0.9930383704133647,1.0855169758775784,0.3577068362543031,0.9930388534771656,0.05922882868864056,0.0317640256915334,0.24120748239678308,0.6143839608423823,0.9632419401511405
both,0.9,0.6,2,0,0.5,False,1.5064935064935066,0.14199498554898277,0.5421369017349731,0.5421369017349731,1.338885763153904,0.9958358023025964,1.0822473077257315,0.022635215954538643,0.996950645576345,1.0822472473983138,0.3552947305026192,0.9969506993816541,0.10960206058687202,0.06898415483246874,0.30333002819408567,0.5722719032036873,0.9965790490868652
both,0.9,0.6,2,1,0.5,False,1.6753246753246753,0.11114534675861892,0.6332689287931644,0.6332689287931644,1.1400202388133778,1.0045400176684678,1.0799856524319364,0.02197107048228698,0.9994095979393874,1.079985747266512,0.35441314363164944,0.9994095223999226,0.08034784994970848,0.043565091157824413,0.32308522299291453,0.5054681509757715,1.0011197126692595
both,0.9,0.6,2,2,0.5,False,1.525974025974026,0.14344725151487134,0.5729719678696081,0.5729719678696081,1.3094257311355164,0.9487544947113524,1.074089906585199,0.021266331848629492,1.0051846633576482,1.0740888374139437,0.3509127738911034,1.0051858444068433,0.09686211169598022,0.04928951960283807,0.3178823950595042,0.5605349456250831,0.9863750008252813
both,0.9,0.6,2,3,0.5,False,1.6948051948051948,0.09421244096544115,0.6142556371194933,0.6142556371194933,1.2361317380133874,1.0161726672233677,1.0806397359494297,0.022051721651243562,0.9985692839463258,1.0806392144299701,0.3533455097147114,0.9985689391675585,0.08226190772293003,0.05352049459792875,0.24984695266519186,0.5371763231264474,1.0044369634457506
both,0.9,0.6,2,4,0.5,False,1.922077922077922,0.07817650267933801,0.5515446595776409,0.5515446595776409,1.5333920978742122,0.9593480613080648,1.0753028062245777,0.019254499384014665,1.004026710787059,1.075304875176399,0.34696931139649045,1.0040245591638945,0.06663353252712967,0.040290942047387486,0.2539092044173231,0.6332053028849057,0.9891331104196728
both,0.9,0.6,2,5,0.5,False,1.8506493506493507,0.14234586420557724,0.6405937933201424,0.6405937933201424,1.3612817774380674,0.9243185844488062,1.0752035031386946,0.018662082491777036,1.0040310482471146,1.075201781747563,0.34410161407226486,1.0040329534546464,0.06307182114274003,0.03629245038638411,0.26128643296337617,0.5746818246673698,0.9774608620501891
both,0.9,0.6,2,6,0.5,False,1.8896103896103895,0.12061776530984417,0.6711393655300748,0.6711393655300748,1.2172268070682972,0.9270463879918043,1.073652225681574,0.018093088391240984,1.0056935112923868,1.0736527532888749,0.3437571486884632,1.0056930452834172,0.10484020075478886,0.07460160367136999,0.26704580372346287,0.5263590147160004,0.9794776481892028
both,0.9,0.6,2,7,0.5,False,1.6883116883116882,0.15751924782660404,0.6647688085224659,0.6647688085224659,1.3070450215694551,0.8692937323606804,1.0809938249694633,0.02156214181229405,0.9983112650309822,1.080995152162609,0.3535304061550414,0.9983106585983691,0.11870352018145666,0.07498174463550336,0.31442289336511087,0.5607125231789302,0.955305218663344
control,0.9,0.0,0,0,1.0,True,6.0,4.594246434946034,1.0304977550453258,1.0304977550453258,0.0206247795778973,1.0472659119876937,1.0841206539098334,0.02260666203741648,0.9952980318078795,1.0841210760735887,0.35631106338523044,0.9952976239139542,1.0841226520020961,2.2784457520259305,0.9952961003793029,0.1331808350001814,1.0126205225698424
control,0.9,0.0,0,1,1.0,True,6.0,4.583238782345647,1.0189733620399006,1.0189733620399006,0.026362811602522636,1.0580136326737934,1.083230080592074,0.023459956178345932,0.9961959479674705,1.0832301950271859,0.35682249439670954,0.9961958240544901,1.0832280811321764,2.2739495261715392,0.996198110818033,0.13554842072585938,1.0168018015652514
control,0.9,0.0,0,2,1.0,True,6.0,4.579941370520443,0.9942663286876839,0.9942663286876839,0.05421758661210411,1.0797252262696422,1.0820366814061986,0.023005853205473548,0.9973880952119387,1.0820418660036772,0.35613196967766614,0.9973821559412497,1.0820363736879595,2.273136885910963,0.9973884452848596,0.14445180316508124,1.0248318258076101
control,0.9,0.0,0,3,1.0,True,6.0,4.587364539735934,1.0138718028108085,1.0138718028108085,0.03777109736301176,1.0617154618089206,1.081780334509506,0.022710793434352172,0.9976399657642031,1.0817796793922345,0.3560715221834091,0.9976405985445937,1.0817795250679993,2.275779595453439,0.9976407475674758,0.13885113766025767,1.0189986753725726
control,0.9,0.0,0,4,1.0,True,6.0,4.577919844218086,1.009774187365142,1.009774187365142,0.06315642499615928,1.061380581456839,1.0837460925731315,0.023399287403066307,0.9956612792850663,1.0837463772762788,0.3565300006016415,0.9956609446943419,1.0837461359233487,2.2722150774580077,0.9956612283761359,0.1476952376669557,1.0175676018120823
control,0.9,0.0,0,5,1.0,True,6.0,4.590911302584131,0.9650948190392088,0.9650948190392088,0.04978599643707139,1.109237128718654,1.0778246914579188,0.022546084778452345,1.0015707636184599,1.077825032634566,0.35602355960019033,1.0015702622501734,1.0778248926505043,2.277307430619265,1.0015704702338337,0.14278521360523802,1.0374593848624292
control,0.9,0.0,0,6,1.0,True,6.0,4.583880966667608,1.0440142330277442,1.0440142330277442,0.012608504033609825,1.0337569642595654,1.0859398311106154,0.02344017597863948,0.9934733976549712,1.0859433985717628,0.35701395990215395,0.9934698388802934,1.0859382591639808,2.2746356312169422,0.9934749596722461,0.13102087997146775,1.0069000669316102
control,0.9,0.0,0,7,1.0,True,6.0,4.583778359768175,1.0559844842087749,1.0559844842087749,0.01959963981010957,1.0226200543771635,1.082568241441751,0.0226370066335659,0.9968472295833166,1.082573316736879,0.3556976097589413,0.9968426135264279,1.0825708871981392,2.2741749386534833,0.996844825389793,0.13264475206753892,1.005436632495636
control,0.9,0.0,1,0,1.0,True,6.0,4.588778572953351,1.0827844556950386,1.0827844556950386,0.024254709431724628,0.9943736338786016,1.0875447348560334,0.0228223882147695,0.9918785911229113,1.087543534000397,0.3563072536011702,0.991879839140645,1.0875457585521349,2.2762506640490336,0.9918775260571042,0.1344614504158881,0.9927106880473859
control,0.9,0.0,1,1,1.0,True,6.0,4.578662253403146,0.952485787539213,0.952485787539213,0.07615795857839501,1.116471615359644,1.080897907253955,0.021452778949531584,0.9985143397905979,1.0808976986792678,0.3527461238899835,0.9985145764977754,1.0808992981925716,2.26918979514059,0.9985127582254387,0.15011895380597004,1.037833510549339
control,0.9,0.0,1,2,1.0,True,6.0,4.583974492702997,0.9649251692253398,0.9649251692253398,0.06352901239061527,1.1075301666138175,1.0819312249800384,0.022717503968069253,0.9974844021984253,1.0819318139387082,0.3554693020946616,0.9974838196565257,1.0819266521471511,2.273300661652154,0.9974889191209048,0.14723860615111536,1.0341661294895894
control,0.9,0.0,1,3,1.0,True,6.0,4.576794764225342,0.8936895804643402,0.8936895804643402,0.17090631426763242,1.1525774433568148,1.077692298789277,0.022239506693316143,1.0017144035302918,1.0776924234410505,0.3541168909383259,1.0017142875310454,1.077692290094105,2.2700189902491306,1.0017144116196341,0.18242090396642482,1.0520020448060508
control,0.9,0.0,1,4,1.0,True,6.0,4.5871964663900275,1.0597842048495993,1.0597842048495993,0.030118405744389586,1.0169924705247455,1.0853884622063767,0.02183094189064347,0.9940353546107161,1.0853869760657142,0.3541319184836701,0.9940369067831262,1.0853882711182585,2.273482245853227,0.9940355558525098,0.13536042203956772,1.0016882439728627
control,0.9,0.0,1,5,1.0,True,6.0,4.5919331343309375,0.9698360408924888,0.9698360408924888,0.07322121215433591,1.0985566269624352,1.082685925240646,0.022264956975927667,0.9967106393870011,1.0826849456569945,0.3554431925989117,0.9967116043167532,1.0826838571474589,2.277067499459472,0.9967126743807332,0.15030978724305843,1.0306596235553966
control,0.9,0.0,1,6,1.0,True,6.0,4.578378215570488,1.0258359532962134,1.0258359532962134,0.018226018301484168,1.0505634960226329,1.083769065984941,0.02260741655821273,0.9956533851364874,1.0837679693644455,0.35500248274384366,0.9956545249272544,1.0837683467110926,2.270889153404365,0.9956541327853324,0.13194530586784683,1.0139571353621248
control,0.9,0.0,1,7,1.0,True,6.0,4.574535209087033,0.9556435173812382,0.9556435173812382,0.13003659729555916,1.1008623018967643,1.0791384173736889,0.02208895264874767,1.0002684788935043,1.0791373109468534,0.35371323663222953,1.000269680574255,1.079137854578755,2.2689497338349693,1.0002690903948663,0.16861292885884546,1.0338001537881745
control,0.9,0.0,2,0,1.0,True,6.0,4.5731222611961195,0.9463030507493764,0.9463030507493764,0.08022027767027509,1.1258003484704469,1.0759784342349856,0.022425894749684705,1.0034348816094627,1.0759779196674852,0.3538002829340755,1.0034353791039679,1.0759757492431279,2.267963694660592,1.003437475053749,0.1521488184513451,1.0442235363946257
control,0.9,0.0,2,1,1.0,True,6.0,4.589567273517296,1.0629366052306837,1.0629366052306837,0.042273090932104074,1.011235735051942,1.0815323245819997,0.02216274387485047,0.9978570456105764,1.0815336093341332,0.35506050179816623,0.9978555286939053,1.0815300231878142,2.2755756332401473,0.997859760013375,0.1398321122017069,1.002316103118808
control,0.9,0.0,2,2,1.0,True,6.0,4.576085133197403,0.9462630925557303,0.9462630925557303,0.06946389593583448,1.1227124599063631,1.0790914493420545,0.02219282382327628,1.0003213270331341,1.0790879961508129,0.3542670627801404,1.000324961217879,1.0790860284089825,2.270105343575624,1.0003270290221025,0.14864126084641707,1.0411195827191253
control,0.9,0.0,2,3,1.0,True,6.0,4.591630052347714,1.0599301307700477,1.0599301307700477,0.03165350184520471,1.0165391967770643,1.0830911600507305,0.022306499328674158,0.9963212371762751,1.0830882426281914,0.355580837546691,0.9963243822203379,1.0830875689599553,2.276910414093462,0.9963251034150202,0.13651361290685662,1.0030616053912258
control,0.9,0.0,2,4,1.0,True,6.0,4.5829717179107945,1.0416091786254615,1.0416091786254615,0.030328735119843367,1.0338993682636617,1.0839061649589385,0.021753566205049903,0.9955118385170137,1.083905455347037,0.3535406173803007,0.9955124901460533,1.0839076124659193,2.271258466835193,0.9955105062338087,0.13520763956839799,1.0083078989755763
control,0.9,0.0,2,5,1.0,True,6.0,4.58613325016487,1.0267950867577385,1.0267950867577385,0.03044638795814356,1.0492813885617067,1.0829278984380375,0.02257759221156683,0.9964985156160345,1.0829292787214126,0.3556012389063445,0.9964971597434522,1.0829267118578354,2.2745050347118676,0.9964996789316912,0.13620840635868495,1.0140923546403977
control,0.9,0.0,2,6,1.0,True,6.0,4.5935400520378185,1.0385571157354097,1.0385571157354097,0.028752072262371017,1.0365598982303021,1.0849769959707534,0.022520389599123263,0.9944373307276801,1.0849783850554746,0.3561466887198246,0.9944365162760727,1.08497817501278,2.277966900602072,0.9944366404106775,0.13580638352710628,1.0084779150780185
control,0.9,0.0,2,7,1.0,True,6.0,4.587906162848622,1.017760506883317,1.017760506883317,0.04717239630516795,1.0555940073308632,1.085449525209739,0.023291183569881156,0.9939808804700015,1.085450431416766,0.35699423867520874,0.9939800158360811,1.0854430608237453,2.276119625242774,0.9939870280281227,0.14248593951675262,1.0145183012123151
control,0.9,0.3,0,0,1.0,True,6.0,0.03846243638635197,1.0403641815532059,1.0403641815532059,0.021466930379773146,1.0376603624127039,1.0855223864938273,0.022758485167447714,0.9939104516429255,1.085522630527189,0.3564521883116974,0.9939101319793637,0.034238290811416376,0.031144393003538592,0.25870190647069025,0.13355920128630608,1.0084936486783311
control,0.9,0.3,0,1,1.0,True,6.0,0.04487618911558652,1.067449067726647,1.067449067726647,0.03631047995596358,1.0095467724695086,1.0853407053456983,0.023162040319338953,0.9940956713886315,1.085339001005289,0.35662069179057304,0.994097469468924,0.038814277271497125,0.03572155012709238,0.2594038038530978,0.13869773735529187,0.999246637775688
control,0.9,0.3,0,2,1.0,True,6.0,0.0391917248506913,0.9882196629053112,0.9882196629053112,0.05167773360701602,1.086141320877274,1.0824225166007988,0.022311518331850147,0.9970093090626027,1.082429161581587,0.3548173190252395,0.9970025860066969,0.033454386832159295,0.0370776219318464,0.21275068110011028,0.14293552365470188,1.026717738648858
control,0.9,0.3,0,3,1.0,True,6.0,0.0334700453780743,1.0315178367872055,1.0315178367872055,0.0501903172175062,1.0430607980195792,1.0826064540080647,0.022420661602672386,0.9967877455398512,1.0826070741780245,0.3550933783618932,0.9967871427857844,0.030290451320803803,0.03407099592563793,0.22264811817845917,0.14256811906069058,1.012211895448405
control,0.9,0.3,0,4,1.0,True,6.0,0.0373250946847198,1.024161448516385,1.024161448516385,0.06519072838894299,1.0459342893546397,1.0673749815511873,0.025107240910024628,1.0118405048782995,1.0673751713929653,0.35912154501082477,1.0118404658481126,0.036381767480678784,0.04755029973054371,0.20490082866201173,0.1498065047699308,1.023205086693684
control,0.9,0.3,0,5,1.0,True,6.0,0.032594682162097266,0.973760820452998,0.973760820452998,0.07211144189815474,1.0997670931999846,1.0810814215306859,0.02330956680006903,0.9979777806357598,1.081081139612586,0.35738678597446055,0.9979780240107329,0.029265012012266427,0.037263539586429195,0.19447494814529329,0.15093593155756144,1.0319076326154923
control,0.9,0.3,0,6,1.0,True,6.0,0.05181543898882914,1.035663389253533,1.035663389253533,0.01879615481060059,1.0419626094759638,1.0846184220502948,0.02276252629552872,0.9948025140292438,1.0846127145941935,0.3559837899645454,0.9948082068585979,0.04964222358640491,0.049478572898234666,0.21128745541005078,0.13251415702355823,1.010524443454602
control,0.9,0.3,0,7,1.0,True,6.0,0.029916485254577713,1.0416339968559651,1.0416339968559651,0.022441226935239512,1.036035668788544,1.0834270214192483,0.022116537069020677,0.9959991351776928,1.0834309692199093,0.35434429800513234,0.9959952711981361,0.02665966640701978,0.03828145760704703,0.23173262054882365,0.13296735400313084,1.0093433583881242
control,0.9,0.3,1,0,1.0,True,6.0,0.043692871216147774,1.0543177778047745,1.0543177778047745,0.03796235093277055,1.0222776935394196,1.0736636493884866,0.024559800427606603,1.005516296390636,1.0736568168623875,0.35679688736500875,1.0055221679989383,0.03998995245800009,0.039857061121249926,0.2234461446890203,0.13977301290846197,1.0111053859763313
control,0.9,0.3,1,1,1.0,True,6.0,0.051968363342667336,0.9426197017088405,0.9426197017088405,0.13783286571977105,1.117160866789457,1.0817859986611733,0.02162357324290043,0.997636664559759,1.0817865697824482,0.35315946384950053,0.9976360679481378,0.04694782560875904,0.040863294289916224,0.23260960747793835,0.17087196760405732,1.0374778664324513
control,0.9,0.3,1,2,1.0,True,6.0,0.03125167539655272,0.9871995945042604,0.9871995945042604,0.06193073441400593,1.0861144933421136,1.0833653274438728,0.022618309950030724,0.9960589462967726,1.0833670331554237,0.3556073741035983,0.996057206361896,0.02978883506418014,0.04107150334225853,0.21823841915335232,0.14671880615587832,1.0260768820002608
control,0.9,0.3,1,3,1.0,True,6.0,0.048357295749920155,0.9023229653027903,0.9023229653027903,0.13883306193212996,1.1517518178240627,1.0798145297838224,0.02245085360500145,0.9995843857546842,1.0798176730625129,0.3555850882050328,0.9995818651777235,0.041019183713724046,0.04279866750559954,0.2422561835036905,0.17228966791405476,1.0503060229188235
control,0.9,0.3,1,4,1.0,True,6.0,0.06093882173207172,1.1059096120380647,1.1059096120380647,0.026578072121895335,0.9712880189892085,1.0824971260365541,0.02291067356057316,0.9964058259998236,1.0824972483805966,0.3538923788544452,0.9964057534589125,0.05694206457771444,0.05679803133135048,0.2129426484027595,0.1344603748456379,0.9880331994826482
control,0.9,0.3,1,5,1.0,True,6.0,0.05090919112175186,0.9811904585892524,0.9811904585892524,0.07123964868879067,1.0878963930281764,1.0840523029877593,0.022297034520130928,0.9953685032975372,1.0840498532958642,0.35538253884013765,0.9953709425998478,0.042578431979490246,0.04187934410282744,0.24280435610499013,0.14963974068301975,1.0262119463085206
control,0.9,0.3,1,6,1.0,True,6.0,0.05394105810895851,1.0863960583583456,1.0863960583583456,0.016213016110480396,0.9900633090942159,1.0863928556983773,0.022486970196729968,0.9930316963464494,1.0863926437073677,0.35479760351995504,0.9930319407763422,0.048449726485959806,0.045891508889978914,0.22200506167734818,0.1311658632757218,0.9920423154056692
control,0.9,0.3,1,7,1.0,True,6.0,0.03722818329562671,0.9829505959470564,0.9829505959470564,0.1074345007302194,1.0794634739574551,1.0825057369545694,0.022196526752254503,0.996920183614098,1.0825043122141098,0.3542818754286673,0.9969217022452834,0.032171663688323665,0.03427289603502194,0.24944390665724753,0.1613043009703804,1.0244351199389454
control,0.9,0.3,2,0,1.0,True,6.0,0.035228737297619876,1.0365293030900122,1.0365293030900122,0.04875099263461945,1.0368637909718628,1.081753517840366,0.022833468694280008,0.997676351995217,1.0817527705172472,0.35516725555121176,0.9976771213084102,0.028845031927455564,0.031904347920155986,0.2531933159396027,0.1422505722933704,1.01073908809183
control,0.9,0.3,2,1,1.0,True,6.0,0.044278382119578547,1.0710412980104518,1.0710412980104518,0.04290344386021412,1.0022165743500682,1.0850175976954357,0.022639576180255597,0.9944030391581583,1.0850176983889888,0.3562443593319863,0.994402619141073,0.04106994605129541,0.04025725938775838,0.22718640299166007,0.14059579312415202,0.9970074108830999
control,0.9,0.3,2,2,1.0,True,6.0,0.03546847126935912,0.9205596915219437,0.9205596915219437,0.10054290704684024,1.1447541539266108,1.0806617827589196,0.022115650914627163,0.9987577185023102,1.080661748780439,0.35401322717894934,0.9987577405122112,0.03400367418935407,0.04193090897136373,0.20593602129503513,0.15889059504680558,1.0474232043137108
control,0.9,0.3,2,3,1.0,True,6.0,0.038160414392141524,1.0662507666464969,1.0662507666464969,0.03069995608440534,1.0092998140595453,1.083004945423474,0.022041992936684518,0.9964224896212073,1.0830052741460614,0.35458079547892574,0.9964221709984453,0.037046327873578394,0.04831965233654077,0.1994090092488433,0.13577424816667186,1.000714824893066
control,0.9,0.3,2,4,1.0,True,6.0,0.028383153611264027,1.0908820902293237,1.0908820902293237,0.016523633043625866,0.9864454480949223,1.0864607529569397,0.022157199120207714,0.9929640616532702,1.0864612401405713,0.35435402844195407,0.9929636102346538,0.026061302873593765,0.0392800274718418,0.17799005624887054,0.13101162020192922,0.9907910399942822
control,0.9,0.3,2,5,1.0,True,6.0,0.029925899335348557,1.0216348884217266,1.0216348884217266,0.061231728535948236,1.049801750058938,1.0836109107660503,0.022675699972749083,0.9958149137665192,1.0836052717259244,0.3561475746402667,0.995820492995101,0.02694690983755567,0.04059829203828429,0.21780050559171832,0.14668500104965468,1.0138123856068526
control,0.9,0.3,2,6,1.0,True,6.0,0.03413480357674688,1.0391159057336674,1.0391159057336674,0.04823192732818471,1.0357509059258383,1.0853303510228125,0.022270845408097366,0.9941003428599784,1.0853301473462833,0.35513604104904606,0.9941005366119673,0.032402409502913586,0.04242302409746591,0.20609260172351396,0.14187960459510937,1.007983928465928
control,0.9,0.3,2,7,1.0,True,6.0,0.048689558248116376,1.0596333969087777,1.0596333969087777,0.02706053675164359,1.016741199738897,1.0871622845180025,0.02294593761662648,0.9922744883362556,1.0871617275409633,0.3564331073228149,0.9922750621747235,0.04346205205392652,0.04424255468606964,0.23046479503502992,0.135479860563695,1.000430250083292
control,0.9,0.6,0,0,1.0,True,6.0,0.02866931039315572,1.0630223016802811,1.0630223016802811,0.03674932761076085,1.014596971174435,1.0860356974651928,0.02286966078157872,0.9933999825133902,1.086037496737561,0.35631226422509704,0.99339819392877,0.026462612290950042,0.032843956815996805,0.2366458692331778,0.13864375087247888,1.0004650492055316
control,0.9,0.6,0,1,1.0,True,6.0,0.02911220307544272,1.0899443478245676,1.0899443478245676,0.031839409208239515,0.9872696555453909,1.0852217921527685,0.023601262742524425,0.9939707512365075,1.0852214795375228,0.3577383061283404,0.9939710643117718,0.027826888417260838,0.03876070603439307,0.21335717663410975,0.1377263260263681,0.9917371570312236
control,0.9,0.6,0,2,1.0,True,6.0,0.033867896094676886,1.0050454292350681,1.0050454292350681,0.06286397181660422,1.0706405771369538,1.0850079842899192,0.022471083336077155,0.9944228226703716,1.0850074412267272,0.3551597338876965,0.9944235404059181,0.032679464445521986,0.04198812378515521,0.1970262688408426,0.14683159634679263,1.0198289800710811
control,0.9,0.6,0,3,1.0,True,6.0,0.03136892142369163,1.1504915265939801,1.1504915265939801,0.04390109057859988,0.9261799853671955,1.084837597878535,0.02193566588150317,0.9945933007494305,1.0848376448265524,0.35411126097150214,0.9945932335494155,0.029665405061664513,0.03750517112349726,0.21239600984231843,0.13998267247720173,0.9717888398886805
control,0.9,0.6,0,4,1.0,True,6.0,0.03292703554905881,1.0975215105630383,1.0975215105630383,0.024601641318018484,0.9801018526542497,1.0734625968564457,0.02309866704821549,1.005841421111803,1.0734564830427855,0.3557681144770318,1.0058471154109847,0.03181093008235242,0.04606427645608044,0.19853818117211033,0.1344894742810886,0.9972634630590124
control,0.9,0.6,0,5,1.0,True,6.0,0.02184171858127037,1.0619938464011054,1.0619938464011054,0.04195382545287612,1.0148286463722802,1.086839836060319,0.024135264074080884,0.9917267858630057,1.086837582672665,0.3586247877564408,0.9917294157334109,0.02081926858306254,0.036282452779961366,0.21123543930180083,0.14157129242779928,0.9994282826562323
control,0.9,0.6,0,6,1.0,True,6.0,0.030949310603853693,1.0404766898727522,1.0404766898727522,0.03944571839253672,1.0354622847558037,1.0859554769523565,0.022351703486441277,0.9934358480711016,1.0859555297928583,0.353524600481201,0.9934357755004257,0.02920288463234181,0.037804885949613946,0.21478729175955105,0.13844067412005967,1.0074446361091105
control,0.9,0.6,0,7,1.0,True,6.0,0.029193190835818884,1.047524953893181,1.047524953893181,0.038440561450346966,1.029148279627205,1.0849215421333396,0.022308215701651986,0.9944862134584821,1.084917851695028,0.35478229219329477,0.9944896702497612,0.02605418321167942,0.03621488676857791,0.21527418597963396,0.13851035644843124,1.0060413877784826
control,0.9,0.6,1,0,1.0,True,6.0,0.03469059714702878,0.9233605713426108,0.9233605713426108,0.1766714403780562,1.1265577050217228,1.07312694762222,0.023402682685824797,1.0061765203650617,1.0731311132078187,0.35560947491801875,1.0061726528637744,0.032038997891278315,0.04114274990719698,0.2083773137155921,0.18522786599396657,1.0463022927501864
control,0.9,0.6,1,1,1.0,True,6.0,0.03556545181576917,0.8988268032516945,0.8988268032516945,0.23645185569090074,1.1375579135150191,1.0813554816632398,0.02175108900081797,0.9980721418214202,1.0813562449508827,0.35328401304594603,0.9980713566548896,0.033052215864154265,0.03549078640177717,0.22436347142658342,0.2038289859125549,1.044567137330443
control,0.9,0.6,1,2,1.0,True,6.0,0.03268229848274891,0.8610764339747414,0.8610764339747414,0.20532591586408167,1.1826722700450447,1.0834688525805394,0.022342940994660644,0.9959516499250487,1.0834687771841625,0.35461353547319807,0.9959518519613311,0.031188990757541547,0.04730931528312214,0.20642795596941121,0.19409413077731344,1.0581919239771416
control,0.9,0.6,1,3,1.0,True,6.0,0.030528933524088624,0.8622313017357124,0.8622313017357124,0.25687801330601695,1.16648101529842,1.0823407545727552,0.02307116022007921,0.9970231393068802,1.0823402939101916,0.35800400260810616,0.9970233019653761,0.022913257318816826,0.0348059745783154,0.2781161526876553,0.21265105871140078,1.0535091521902256
control,0.9,0.6,1,4,1.0,True,6.0,0.03969162193691772,0.9844885419156035,0.9844885419156035,0.1787588176424992,1.0635563811069582,1.0495661809181691,0.0315582549858056,1.0279527761875489,1.0495666561874706,0.3531336990044173,1.0279523817426686,0.03810136556707105,0.045022647982051384,0.19571504029481934,0.18781692387757407,1.0398205130123919
control,0.9,0.6,1,5,1.0,True,6.0,0.0363833518875297,0.8931228414721548,0.8931228414721548,0.20602223153503524,1.148906876316209,1.0830846913950798,0.022446130518676367,0.9963461577380522,1.083085584531962,0.3552634088279486,0.9963451555201988,0.0336030606409558,0.042032511627441184,0.2191708099669084,0.1945772569605534,1.0471993965248199
control,0.9,0.6,1,6,1.0,True,6.0,0.03207687237783584,0.9923454576603035,0.9923454576603035,0.10513938700460915,1.070076155946992,1.0815659332134087,0.021428963440719876,0.9978524721035025,1.0815650699795074,0.3520418656635348,0.9978524431837131,0.030498401338554505,0.0438153960132121,0.1956114252448054,0.1595367387029546,1.021927023744736
control,0.9,0.6,1,7,1.0,True,6.0,0.025093934964172747,0.9462059052896868,0.9462059052896868,0.21212689763634246,1.0942147136773732,1.0826802806920377,0.022300547349534364,0.9967539659064233,1.0826794463548663,0.3546635234016468,0.9967548624043998,0.02234780171273774,0.03354755315707356,0.20894360370742926,0.19636365612917453,1.029241180662732
control,0.9,0.6,2,0,1.0,True,6.0,0.028701672384846378,0.9748675868684014,0.9748675868684014,0.0974222855903755,1.092428336987002,1.083061132926276,0.022747837072214366,0.9963756105199142,1.0830590168168794,0.35569439113214524,0.9963777070735625,0.02574401201140942,0.03607941507822537,0.22632784784850773,0.15862150459824503,1.0283938848601595
control,0.9,0.6,2,1,1.0,True,6.0,0.03561062888587924,1.067225070505269,1.067225070505269,0.05361250396464588,1.002983324343729,1.085024373390709,0.021916744433825838,0.9943444562907044,1.0850214041907984,0.3530135230677691,0.9943476493835859,0.03277977771429965,0.03824606987878719,0.22686491553642776,0.14284759048874696,0.9972251433393398
control,0.9,0.6,2,2,1.0,True,6.0,0.03863484651442384,0.9003460040472029,0.9003460040472029,0.20136794438432762,1.1479625373009656,1.0799656771055597,0.022600077759567714,0.999422647051928,1.07996501847947,0.3540904079578804,0.9994231154705067,0.03714226139468344,0.05240123982672556,0.19708211906256676,0.19268614336725856,1.0489360999411335
control,0.9,0.6,2,3,1.0,True,6.0,0.0321160574938018,0.9330779255760087,0.9330779255760087,0.16830530825317025,1.118746602621751,1.081587909841318,0.022411155248588464,0.9978380093676736,1.0815880670031466,0.35508503600870694,0.997837926500367,0.0314450989463282,0.04404963596486894,0.20447245566851374,0.1819338331701552,1.038140846163264
control,0.9,0.6,2,4,1.0,True,6.0,0.024301556265739797,1.0197848378984051,1.0197848378984051,0.06161186456426676,1.0494526125872823,1.0836746936836295,0.021189166146715253,0.9957556200013724,1.0836745912652876,0.35236756624492127,0.9957557060323283,0.02192211808348571,0.04155485030352324,0.17250510591402873,0.1450561989853011,1.0136546462069944
control,0.9,0.6,2,5,1.0,True,6.0,0.0238331021280392,0.9633110946683472,0.9633110946683472,0.10730916191573601,1.1008725982376766,1.0835869057390095,0.022686876072007967,0.9958107732356016,1.0835866558536997,0.3560155013106575,0.9958108832137339,0.022645242262742758,0.03311465506493053,0.22370468825236345,0.1620038464328005,1.0308314182290041
control,0.9,0.6,2,6,1.0,True,6.0,0.033729183324997206,0.9869757736932405,0.9869757736932405,0.10948310639711092,1.0794752374100895,1.0814754140377716,0.02114390103515241,0.9979552354141252,1.0814757847752694,0.3524811459226689,0.997954888921794,0.029827355976044106,0.046370694010875964,0.19636723595817207,0.16103605111831074,1.0251284539153362
control,0.9,0.6,2,7,1.0,True,6.0,0.025511008957960598,0.9767229201726955,0.9767229201726955,0.10668275563695392,1.085878720377509,1.0843782959873254,0.022601577265731067,0.9949955779159798,1.0843776514781167,0.3552664031832589,0.9949954953782283,0.023703566155797707,0.035539437083028785,0.21255238379955319,0.16151691202864796,1.0252899312239059
