true_beta,true_mu,seed_rep,observer,true_goal,recovered_mu,mu_posterior_entropy,goal_correct,goal_entropy,subgoal_entropy,realised_blocks
1.0,1,0,0,1,1.2891636893454705,0.62384494994532,1,3.747971076632202e-15,1.3822409012831307,2
1.0,1,0,1,1,1.0666913386404955,0.21268868463230084,1,4.052990198267343e-15,1.386124471970885,2
1.0,1,0,2,1,1.4325479232246268,0.8005610680413462,1,3.133438715157527e-15,1.3856751058283678,2
1.0,1,0,3,1,1.6068612725800528,0.9552522562595234,1,3.5184389380476014e-15,1.3688438321271919,2
1.0,1,0,4,1,1.2250625257374084,0.5267823559090781,1,2.980027455781115e-15,1.3862273318963283,2
1.0,1,0,5,1,2.164990301493349,1.069442477637791,1,2.6037570867277088e-15,1.3858919009251258,2
1.0,1,0,6,1,2.158523883791313,1.071773799401204,1,3.734153108642283e-15,1.3010813987072478,2
1.0,1,0,7,1,1.5066386271470513,0.873654647923794,1,3.638249340545016e-15,1.378711046796192,2
1.0,1,0,8,1,1.3379274810930943,0.6896717235198383,1,3.883889797793382e-15,1.3764502969999646,2
1.0,1,0,9,1,1.7043686434303646,1.0167826003005247,1,1.897040341231738e-14,1.3861550114754697,2
1.0,1,0,10,1,2.186405409358729,1.060948356597368,1,5.105078823099144e-15,1.1732770604147706,2
1.0,1,0,11,1,1.0074242381818566,0.03464218160802377,1,3.4890900900833243e-15,1.3862921039841627,2
1.0,1,0,12,1,1.037837478375041,0.1352146900212966,1,3.336857587922078e-14,1.3862684596480273,2
1.0,1,0,13,1,1.0411581911922314,0.14474232733413167,1,3.7160561083790484e-15,1.386240800109024,2
1.0,1,0,14,1,1.640381699107403,0.9783469614276953,1,3.574700098292033e-15,1.3725081479654955,2
1.0,1,0,15,1,1.0441690641625176,0.15322169532361232,1,2.138364491237071e-12,1.3858607637700167,2
1.0,1,0,16,1,1.2469217305229396,0.5613452093917194,1,3.9633248303288814e-15,1.3836389545154544,2
1.0,1,0,17,1,1.823468228801449,1.068864749091879,1,5.525039525538088e-15,1.3362088949732858,2
1.0,1,0,18,1,1.4025434774174514,0.7676377368436924,1,4.586017972319071e-15,1.3765158644295576,2
1.0,1,0,19,1,1.016360029150144,0.06768747392025484,1,2.705294902102613e-14,1.3862489117381847,2
1.0,1,0,20,1,1.031915976413592,0.11771773692334922,1,3.5177193837951475e-15,1.3862569579060333,2
1.0,1,0,21,1,2.495267851801424,0.7122780408215978,1,6.9551080092752876e-15,1.2465990726487448,2
1.0,1,0,22,1,1.3538622386679913,0.70983634524403,1,3.4585865979252172e-15,1.3818534962784188,2
1.0,1,0,23,1,1.8876847728025603,1.0863979442203031,1,2.7425385974010465e-15,1.3860178078637202,2
1.0,1,0,24,1,1.8539184686880739,1.0781111930878204,1,3.6815298383873195e-15,1.3449440036936828,2
1.0,1,0,25,1,2.4229953098544703,0.8599951818159794,1,8.691021284499408e-15,1.2717333164389315,2
1.0,1,0,26,1,1.4252231904405925,0.7927068928749305,1,2.5280701267795455e-13,1.3808357761941243,2
1.0,1,0,27,1,1.6934147297952438,1.010723990587505,1,3.854402917913424e-15,1.3605031727381742,2
1.0,1,0,28,1,1.1693772388647148,0.43084219707930316,1,3.860391902112203e-15,1.3841818775502166,2
1.0,1,0,29,1,1.3747103825910223,0.7352758905071479,1,1.3316381237628383e-13,1.380907908097817,2
1.0,1,0,30,1,1.2408206887775977,0.5518588138660229,1,3.355949745128236e-15,1.384380327457689,2
1.0,1,0,31,1,1.3928759799130062,0.7566000872088741,1,1.6427885214562475e-12,1.3794968675705,2
1.0,1,0,32,1,1.6045945603631355,0.9536161030842258,1,2.0429990311682276e-12,1.3027082396202987,2
1.0,1,0,33,1,1.816966758859142,1.0666744066906695,1,3.685751435219207e-15,1.3068598604858175,2
1.0,1,0,34,1,1.0509791958975174,0.17189372681014137,1,9.76348106847536e-15,1.3859838365225807,2
1.0,1,0,35,1,1.4811638209823152,0.8497978091395884,1,3.6029398209968356e-15,1.382081893250137,2
1.0,1,0,36,1,1.0239639142493728,0.09300854570376227,1,3.669661371851559e-15,1.3862535207977067,2
1.0,1,0,37,1,2.017122927293836,1.0983173768423928,1,2.5840838885657523e-15,1.3802044913947675,2
1.0,1,0,38,1,1.765575734402013,1.0467026253690799,1,3.0505677873083484e-15,1.3663724617488864,2
1.0,1,0,39,1,1.000753522385965,0.004666369679030186,1,3.2079533881927886e-12,1.3862942350026008,2
1.0,1,0,40,1,2.2628818501796526,1.0200455886822137,1,2.9938100174898356e-15,1.2388334837734387,2
1.0,1,0,41,1,1.0549521340794656,0.1824909010456318,1,3.4160634765545896e-15,1.3861563429252386,2
1.0,1,0,42,1,1.4115898309112487,0.7777745285412625,1,3.3033130206925693e-15,1.383869423711966,2
1.0,1,0,43,1,1.5372761318319186,0.9006405133151923,1,3.4178019405912624e-15,1.3735469508145475,2
1.0,1,0,44,1,1.0864195460753896,0.2602828512942401,1,3.0985562417565e-15,1.3862330417055015,2
1.0,1,0,45,1,1.2883585459788445,0.6227032852572446,1,4.294023466569035e-15,1.38220921855196,2
1.0,1,0,46,1,1.4362999129784653,0.8045391772074834,1,3.9997094879572295e-15,1.373724265444527,2
1.0,1,0,47,1,1.4059624287984902,0.771490440548255,1,3.3818350371996663e-15,1.3805818198975508,2
1.0,1,0,48,1,1.0187046751855653,0.07570820898607401,1,3.7268275905905794e-15,1.38628211036065,2
1.0,1,0,49,1,1.397956381857972,0.7624270991081543,1,4.129419417065623e-15,1.3730227148498642,2
1.0,1,0,50,1,1.4952491201671896,0.8631498763407996,1,3.3409715962274333e-15,1.3860462213575255,2
1.0,1,0,51,1,1.2801728332404216,0.6109902175988027,1,3.4206257737442696e-15,1.3852022658814862,2
1.0,1,0,52,1,1.5259431230254528,0.8908723190891847,1,1.2148848261582776e-12,1.3665003346141669,2
1.0,1,0,53,1,1.9221862676632475,1.092697312874337,1,5.173366809004985e-10,1.3855854387162476,2
1.0,1,0,54,1,1.7981235833792786,1.0598986140205933,1,2.9935500516763893e-15,1.3860777705083906,2
1.0,1,0,55,1,1.3996286049591506,0.7643321728014657,1,3.7365724407361495e-15,1.3847641433471045,2
1.0,1,0,56,1,1.0207778088080066,0.08263367663413676,1,3.1274059340233098e-12,1.386198420867134,2
1.0,1,0,57,1,1.2451220656201853,0.5585595620375681,1,6.650383434274926e-15,1.3849500721807009,2
1.0,1,0,58,1,2.1661225834102393,1.0690232774221644,1,5.928459935237933e-15,1.2994461622732907,2
1.0,1,0,59,1,1.394145252006402,0.7580614315453096,1,3.2924748729977937e-15,1.380427880588702,2
1.0,1,1,0,3,1.6944763748236948,0.997534204788699,1,4.835391890022837e-15,1.3349952703069359,3
1.0,1,1,1,3,1.3350262913201034,0.7208882404861506,1,3.2021267270188884e-15,1.3691727640988294,3
1.0,1,1,2,3,1.6794297620610474,1.001440502776134,1,3.6972199911247616e-15,1.350874638376148,3
1.0,1,1,3,3,1.505276212858771,0.8875878378456086,1,3.57715521092202e-15,1.3704359179644667,3
1.0,1,1,4,3,1.4592093188023032,0.8014092273584246,1,3.332920083935361e-15,1.3832086628150995,3
1.0,1,1,5,3,1.9120895183993227,1.0888023335299781,1,3.843449882341923e-15,1.3266298058833201,3
1.0,1,1,6,3,1.6408729987953243,0.9809485246715091,1,1.3015039965384565e-13,1.3465316358129011,3
1.0,1,1,7,3,1.3928755648738258,0.735209282006627,1,3.2497543479312415e-15,1.3750710320520736,3
1.0,1,1,8,3,1.8456845751502036,1.0804683002916549,1,4.060618321424919e-15,1.3565790066537033,3
1.0,1,1,9,3,1.5951158896517186,0.9479999577306049,1,1.3026406717057005e-13,1.3704486175386292,3
1.0,1,1,10,3,1.234292452726193,0.5623526831249613,1,3.79289471640085e-15,1.3834732318663736,3
1.0,1,1,11,3,1.606503526361303,0.971660479908269,1,3.260108909918447e-15,1.3672524757434736,3
1.0,1,1,12,3,1.7694575628791873,1.0582512275545197,1,3.2135416974566196e-15,1.316519096366724,3
1.0,1,1,13,3,1.2894880885459812,0.6436719377419712,1,3.491824896226711e-15,1.381331180638023,3
1.0,1,1,14,3,2.4561096207094284,0.9343605402477102,1,1.3016305931840252e-13,1.2450988701383636,3
1.0,1,1,15,3,2.309079048219478,1.0254850463342176,1,9.0310138129671e-14,1.2349842963787858,3
1.0,1,1,16,3,1.2277081905214986,0.547243457332522,1,3.3834311740496975e-15,1.3777419095711745,3
1.0,1,1,17,3,1.2869586603723824,0.6597055428813364,1,4.001599810369704e-14,1.371614257065886,3
1.0,1,1,18,3,1.3180359752275645,0.6900301238646798,1,3.912720109289311e-15,1.3773829536611957,3
1.0,1,1,19,3,1.3083294344172147,0.6354577444945297,1,3.458778846837665e-14,1.375683802816766,3
1.0,1,1,20,3,1.5670152407562739,0.9311998240329937,1,3.5473825396631607e-15,1.368304923928373,3
1.0,1,1,21,3,1.3127824516274136,0.6787014775903887,1,3.235166972930563e-15,1.3738463959849923,3
1.0,1,1,22,3,1.508873213883696,0.9011781884540488,1,3.088709244688568e-15,1.3620206699479644,3
1.0,1,1,23,3,1.6895691133023374,1.0170158368716697,1,4.312453020973286e-15,1.3619988524038873,3
1.0,1,1,24,3,1.9363586361465446,1.0942899110664022,1,1.0028386768153224e-14,1.3077631845150206,3
1.0,1,1,25,3,1.732168592197042,1.0415337823709625,1,4.199581849017532e-15,1.3611384895642165,3
1.0,1,1,26,3,1.0197234955845336,0.08576795410464538,1,3.667197169012141e-15,1.3862556187174815,3
1.0,1,1,27,3,2.1982330032524713,1.0560610697245794,1,5.410560351425139e-15,1.2638475543390455,3
1.0,1,1,28,3,1.0471559232537542,0.15743026515471567,1,3.2643364403485688e-15,1.3862018837321213,3
1.0,1,1,29,3,1.9839958498677532,1.0739125935424536,1,3.660748549580193e-15,1.225551779270005,3
1.0,1,1,30,3,2.2966489333045286,1.0240327849666542,1,2.4078669173442114e-15,1.2272750765497018,3
1.0,1,1,31,3,1.3468412210694038,0.714757837449462,1,1.983191810741951e-12,1.3569453312750075,3
1.0,1,1,32,3,1.8330234973191681,1.0748211932722649,1,5.021795238676329e-15,1.3347274537509795,3
1.0,1,1,33,3,1.6355682976740338,0.9896988044228463,1,3.107762116758898e-15,1.3314933663096025,3
1.0,1,1,34,3,1.1366187742391674,0.39637471196317187,1,1.5629050492231417e-12,1.3798690389956887,3
1.0,1,1,35,3,1.8772336067344184,1.0870003077034671,1,3.6776950093964085e-15,1.3534654179763417,3
1.0,1,1,36,3,1.734479673992463,1.032241440243328,1,3.8211715636285734e-15,1.3517871514060213,3
1.0,1,1,37,3,1.0216173642303914,0.09416166304102713,1,1.5456163860770857e-12,1.3861216526008904,3
1.0,1,1,38,3,1.1870466692183903,0.476660584253186,1,7.257801717300382e-13,1.3857104796922233,3
1.0,1,1,39,3,1.6379795250701197,0.9900854844899287,1,4.207414785486239e-15,1.3682441889992107,3
1.0,1,1,40,3,1.5024151568955704,0.8892363288631737,1,3.470570698848411e-15,1.3708980120071825,3
1.0,1,1,41,3,1.1828594164626776,0.472004198098266,1,3.3160235507738847e-15,1.3840803140779472,3
1.0,1,1,42,3,1.3263765180176883,0.689736953794676,1,3.469858463041873e-15,1.3745472842502415,3
1.0,1,1,43,3,1.6336042575768976,0.9934257382408099,1,3.1835468730785676e-15,1.338629636492839,3
1.0,1,1,44,3,1.747821676339183,1.0472772639344852,1,6.196711975463396e-10,1.3365652773125594,3
1.0,1,1,45,3,1.045155252688812,0.16919577911213574,1,1.86448807647432e-12,1.3858953510585845,3
1.0,1,1,46,3,1.5261779075409665,0.9136787735968264,1,7.909555700337526e-15,1.381856041678034,3
1.0,1,1,47,3,1.0153928407419601,0.06877363236179089,1,3.856976224965267e-15,1.3862720973065739,3
1.0,1,1,48,3,1.8833647045114006,1.0863802661517226,1,2.861653361071716e-15,1.3243775745674906,3
1.0,1,1,49,3,1.5203347200821076,0.9023241388325911,1,3.1854485728791064e-15,1.3516853369637412,3
1.0,1,1,50,3,1.0025942578610332,0.015853112189263656,1,1.3019591173477534e-13,1.3862940510755988,3
1.0,1,1,51,3,1.6712359158785641,1.0158149715637639,1,3.8872857524587075e-15,1.345961522118273,3
1.0,1,1,52,3,2.0943434984103533,1.0869981785748724,1,3.991073327184104e-15,1.3006742876747253,3
1.0,1,1,53,3,1.0538448289556241,0.18037249858234894,1,3.2035530257389386e-15,1.3862199736507457,3
1.0,1,1,54,3,1.7638330267760205,1.0152614386352112,1,3.767395173637285e-15,1.3456904415719804,3
1.0,1,1,55,3,1.1962994127115154,0.48112695145535755,1,3.8103635889386194e-14,1.3813299891699364,3
1.0,1,1,56,3,2.1512436018730936,1.052982339840141,1,3.3268776415441634e-15,1.2718170215536295,3
1.0,1,1,57,3,1.2766803562471827,0.6141921341049208,1,3.407465899988243e-15,1.3810955366077746,3
1.0,1,1,58,3,1.0197129922347186,0.08782694427660015,1,3.425544987691116e-15,1.3862042551084537,3
1.0,1,1,59,3,1.3421354266714904,0.7196940682354185,1,3.5732377863648596e-15,1.3783403267669243,3
1.0,1,2,0,2,1.3553533112298575,0.7316606883608058,1,3.466285551717305e-15,1.3814755008288584,3
1.0,1,2,1,2,2.223239133133454,1.014534944232346,1,4.976551099950608e-15,1.2806429995266173,3
1.0,1,2,2,2,1.7936196815546575,1.0652876510663936,1,3.4051827905874526e-15,1.336430680632299,3
1.0,1,2,3,2,1.4626147377495464,0.8633036513684236,1,3.643950781515351e-15,1.3707411322016072,3
1.0,1,2,4,2,1.095050019927175,0.30229214186216524,1,3.602667347716254e-15,1.3856566148914493,3
1.0,1,2,5,2,1.3774294321107716,0.7628992337172668,1,3.4763375639922965e-15,1.3786518168214803,3
1.0,1,2,6,2,1.2439544303618835,0.5620715208802898,1,3.55164069539703e-15,1.381431444176814,3
1.0,1,2,7,2,1.7926287441555595,1.0600572692089427,1,2.5245447420512473e-13,1.3604344763393452,3
1.0,1,2,8,2,1.01577801583459,0.06920016085568571,1,8.773222578116502e-15,1.3862817025968601,3
1.0,1,2,9,2,1.0271636502293562,0.11084379749661347,1,3.327324994554801e-15,1.3862391050319258,3
1.0,1,2,10,2,1.469931232272207,0.8544277926408055,1,3.578618922928182e-15,1.3710641470312734,3
1.0,1,2,11,2,2.2657266687685738,0.981119681424282,1,7.117293182390168e-15,1.1954663904985101,3
1.0,1,2,12,2,2.1083696077196863,1.070353110632507,1,4.2168690098644236e-14,1.2082822029495035,3
1.0,1,2,13,2,1.5565567548916746,0.9356958699907119,1,6.951756642137113e-15,1.3689392158382496,3
1.0,1,2,14,2,1.4462960317948228,0.8376637407520868,1,1.3189404290708417e-13,1.3785980272246396,3
1.0,1,2,15,2,1.5464432612968388,0.9268839401112969,1,5.539770762215899e-15,1.3804107072738934,3
1.0,1,2,16,2,1.8365371889099036,1.0772636715115227,1,3.308557066485112e-15,1.3377543391605866,3
1.0,1,2,17,2,1.5438650285912328,0.9292781120806581,1,3.5295697998951355e-15,1.372505851723364,3
1.0,1,2,18,2,1.06287246464107,0.2354807741041698,1,3.233667014074126e-15,1.3846112205759704,3
1.0,1,2,19,2,1.661647062606184,0.9265874671817105,1,5.828730209526368e-14,1.3536144224560047,3
1.0,1,2,20,2,2.2358980278160363,1.04437819241875,1,2.8518059696695466e-15,1.2693413574262957,3
1.0,1,2,21,2,2.0043355215412637,1.0909633605466669,1,4.717670067739104e-15,1.3396173734407253,3
1.0,1,2,22,2,1.6322150786019183,0.9936849905616179,1,3.110674271512897e-15,1.3530300218563638,3
1.0,1,2,23,2,1.553713754569494,0.9431220849173745,1,4.470677783440096e-15,1.36954636430821,3
1.0,1,2,24,2,1.572710989254217,0.9338246531728289,1,3.1110772286017328e-15,1.3626956035807551,3
1.0,1,2,25,2,1.4766190946214977,0.862913451594452,1,4.4795666722332204e-15,1.3817211160292235,3
1.0,1,2,26,2,1.5426583200117738,0.9124282403471684,1,7.903848430433002e-14,1.3730030768171173,3
1.0,1,2,27,2,1.1790860064903068,0.45803767955450725,1,7.629711159868755e-14,1.3854843263906627,3
1.0,1,2,28,2,1.8065628990035605,1.067508480957871,1,4.583959689486503e-15,1.3479377984032501,3
1.0,1,2,29,2,1.1948217856648748,0.5179544109905554,1,2.3287665266750553e-12,1.3702005832746909,3
1.0,1,2,30,2,1.6112946902212475,0.9753954198442703,1,3.1920870373603435e-15,1.3440787057520902,3
1.0,1,2,31,2,2.482349884637733,0.8768280884265569,1,2.683895991889362e-15,1.2328674857196416,3
1.0,1,2,32,2,1.4250413201026617,0.8147130682562863,1,3.4592446256202262e-15,1.3687551896206271,3
1.0,1,2,33,2,1.376992032066079,0.7542608226095666,1,3.174723431735886e-15,1.367854930910482,3
1.0,1,2,34,2,1.0089141338200287,0.043433867718621164,1,1.0930641607100945e-13,1.386281360754497,3
1.0,1,2,35,2,1.094230990894293,0.26359482605795936,1,3.724128783735487e-15,1.3859008718285284,3
1.0,1,2,36,2,1.5240869042845777,0.9174277886155513,1,7.51809087830666e-09,1.3747684661377848,3
1.0,1,2,37,2,1.2428279342993984,0.5820617811228443,1,3.4108445138296168e-15,1.3827273721852473,3
1.0,1,2,38,2,1.5049413736720334,0.897626763592013,1,3.2987451183993234e-15,1.3390607384636828,3
1.0,1,2,39,2,1.6338210962492457,0.9880564356157595,1,4.832327153407162e-15,1.35574170178629,3
1.0,1,2,40,2,1.1922975750134523,0.4922906573524566,1,7.130454341013261e-15,1.3854843122163132,3
1.0,1,2,41,2,1.9318592410075244,1.0950960704782218,1,4.4446388166966416e-15,1.3572499394967221,3
1.0,1,2,42,2,1.0916663954030656,0.2753797222653479,1,3.5782314421442394e-15,1.3857737295660262,3
1.0,1,2,43,2,1.023977566434566,0.10805712519215027,1,1.4297783215213487e-14,1.3862110919802375,3
1.0,1,2,44,2,1.8838750372409567,1.0883859313585682,1,5.9158500584358364e-15,1.3700304132703192,3
1.0,1,2,45,2,1.5847539299099407,0.9410423267815577,1,3.093334515238644e-15,1.3350554325579722,3
1.0,1,2,46,2,1.8272206118710734,1.060424204862314,1,2.8799662129293683e-15,1.3240228133327763,3
1.0,1,2,47,2,2.0744060338807433,1.078563657238673,1,7.650420029623151e-15,1.3289704919744123,3
1.0,1,2,48,2,2.2564153775018627,1.0485408743281677,1,3.2777532026439915e-15,1.2602591822137679,3
1.0,1,2,49,2,1.3107488296299334,0.6685689500796554,1,3.3400603367288715e-15,1.379414316091777,3
1.0,1,2,50,2,2.054412259520573,1.0752093394334998,1,1.29808025033175e-13,1.3184257578402327,3
1.0,1,2,51,2,2.029238225873466,1.0305083904583814,1,2.8322332529294737e-15,1.225053729203138,3
1.0,1,2,52,2,2.072032863776325,1.0939355500150252,1,6.473453305332451e-15,1.3577358654015763,3
1.0,1,2,53,2,1.086817541212377,0.23032546900494488,1,7.062107889134754e-14,1.3861678753442248,3
1.0,1,2,54,2,2.003104594040681,1.0820873745979722,1,4.41227325949534e-15,1.3074177732229746,3
1.0,1,2,55,2,1.4883836389716516,0.8732586041750453,1,3.904823790116591e-15,1.3378821473946703,3
1.0,1,2,56,2,1.8540864138242867,1.0804997469393707,1,1.320116693457467e-13,1.360040712741588,3
1.0,1,2,57,2,2.1169631031146485,1.0874615604601336,1,4.236439323227126e-15,1.301746869867106,3
1.0,1,2,58,2,1.43789456140268,0.7971278309007543,1,3.265962850545124e-15,1.3734040886995658,3
1.0,1,2,59,2,1.3899487092969522,0.7670357864800896,1,5.90498236090068e-15,1.3800881155109195,3
1.0,1,3,0,3,1.7532741216637482,1.0425636454712457,1,7.947806830959573e-15,1.297016081974716,6
1.0,1,3,1,3,1.6832076682096364,1.0005953443588045,1,4.551098789966819e-15,1.3661607894133942,6
1.0,1,3,2,3,1.3158334996164993,0.6296904094036457,1,3.998694640989122e-14,1.3728938338078542,6
1.0,1,3,3,3,1.7543249741584237,1.0376874320154803,1,4.056402226313797e-14,1.293128904353345,6
1.0,1,3,4,3,1.379773376236544,0.7601062504985923,1,3.310943754091346e-15,1.3779945844411203,6
1.0,1,3,5,3,1.8908117867783776,1.0756036313500283,1,4.177949186525055e-15,1.3177452340792488,6
1.0,1,3,6,3,1.3823183400323686,0.7685287654185498,1,3.3880511481616773e-15,1.3757166705674868,6
1.0,1,3,7,3,2.0408635236397474,1.096182609881759,1,2.858452680319431e-15,1.218881900134116,6
1.0,1,3,8,3,1.9626556827728687,1.0975621891250027,1,1.0107152569096893e-12,1.2200137655410264,6
1.0,1,3,9,3,1.74544856983573,0.9678235367383312,1,3.4149732113309722e-15,1.3625011931216673,6
1.0,1,3,10,3,1.2847093786141701,0.6584366069238847,1,3.3145664800618053e-15,1.380541981924663,6
1.0,1,3,11,3,2.3279309454686508,0.9949156621406438,1,5.5818783576364585e-15,1.2699916708538657,6
1.0,1,3,12,3,1.7766335568309066,1.053208307898613,1,3.3965348937655434e-15,1.343984034480522,6
1.0,1,3,13,3,1.3627075031733697,0.7204194451943513,1,5.4297169910560084e-14,1.3611590072491686,6
1.0,1,3,14,3,1.4305273096989317,0.820330609092982,1,1.304918986952681e-13,1.3740027416426772,6
1.0,1,3,15,3,1.8939380272931445,1.0894936804207607,1,3.2430320903879592e-15,1.3129906732910108,6
1.0,1,3,16,3,2.163412558813654,1.0752295598345887,1,2.7057717947986964e-15,1.2822958669486657,6
1.0,1,3,17,3,1.2151370131074997,0.5240477338475951,1,3.238675145802352e-15,1.383593178259032,6
1.0,1,3,18,3,1.3750132936222748,0.7541289308103789,1,1.7270834762481426e-12,1.381969927944148,6
1.0,1,3,19,3,1.564928009863728,0.9452137401662465,1,3.361538385768883e-15,1.3624715090021517,6
1.0,1,3,20,3,2.36689614973231,0.9800160716334396,1,2.7382289830271907e-15,1.2525119977493107,6
1.0,1,3,21,3,1.6569998330781772,0.9970401922435659,1,3.0669770121231242e-15,1.34837026219131,6
1.0,1,3,22,3,2.1353094075503267,1.0723103065166246,1,2.5309594997876384e-15,1.2372467479034868,6
1.0,1,3,23,3,1.8805900984911446,1.0793014435248982,1,6.0984401047921365e-15,1.3715367510366194,6
1.0,1,3,24,3,1.5252906370478123,0.9081808382708767,1,3.319994474483154e-15,1.361792761358211,6
1.0,1,3,25,3,1.2910334868663835,0.6441362032083151,1,3.4147191934991793e-15,1.3683264962111834,6
1.0,1,3,26,3,1.1522795094996965,0.4006752038133065,1,1.982658430378592e-12,1.3822692565790704,6
1.0,1,3,27,3,1.4659482952768406,0.8641851994771454,1,3.873304835560877e-15,1.3717580362146968,6
1.0,1,3,28,3,1.6823974646643298,1.0167142228055914,1,3.1187234854273375e-15,1.3269346718354234,6
1.0,1,3,29,3,1.4586461559558823,0.8537543492642744,1,6.986382528156549e-15,1.371199720969443,6
1.0,1,3,30,3,1.3759217257565588,0.7548613004418646,1,3.264280873347946e-15,1.37433876164707,6
1.0,1,3,31,3,1.017681399823779,0.07663602937287173,1,3.2461829917697752e-15,1.3862711635532803,6
1.0,1,3,32,3,1.2792138973820473,0.6462111071983684,1,3.647357402157378e-15,1.3819200787957837,6
1.0,1,3,33,3,1.1215610581947684,0.3384387742823027,1,3.3492010654400987e-15,1.3851462699100272,6
1.0,1,3,34,3,2.3684477005914886,0.9330728414888574,1,2.3804327845188787e-15,1.081583157763755,6
1.0,1,3,35,3,2.227244941612229,1.047577739436702,1,4.35280836793703e-15,1.3069028890820813,6
1.0,1,3,36,3,1.2137072556705675,0.5296522978317008,1,3.435798266558719e-15,1.3836166669406476,6
1.0,1,3,37,3,1.2150218612822925,0.5211058370906619,1,3.380913120636459e-15,1.3836025477187925,6
1.0,1,3,38,3,2.237004617216968,1.0532589196071023,1,2.930120764542345e-15,1.2834692432555799,6
1.0,1,3,39,3,1.0569582212038215,0.18992735247231468,1,3.361955836533219e-15,1.3861147033851808,6
1.0,1,3,40,3,1.9729591406630977,1.097895618330413,1,1.3114357715144164e-13,1.3588236298063134,6
1.0,1,3,41,3,1.8551957377414983,1.0798711827047185,1,2.952886886871738e-15,1.2930233721491327,6
1.0,1,3,42,3,1.2453223531408109,0.5806273132129445,1,1.4470853672796136e-12,1.3701049603869242,6
1.0,1,3,43,3,1.6035457147416632,0.9764034736422704,1,3.4608817629706435e-15,1.351511325103486,6
1.0,1,3,44,3,1.3429255359850523,0.693481612039378,1,1.4906690016268508e-08,1.3769739799872687,6
1.0,1,3,45,3,1.308525774710586,0.6744768646868438,1,3.0984695451443226e-15,1.3805604462699024,6
1.0,1,3,46,3,1.3265463853304145,0.6964839945391658,1,3.690067153241837e-15,1.3816671557393265,6
1.0,1,3,47,3,1.3591623077516155,0.7607193854222427,1,3.276546680095657e-15,1.362927623653322,6
1.0,1,3,48,3,1.3779682445771197,0.7613814253987365,1,6.503041701802731e-15,1.3787982649610975,6
1.0,1,3,49,3,1.4914907737021728,0.8824321886472488,1,3.583137558947616e-15,1.374687020641447,6
1.0,1,3,50,3,1.6527377627140927,0.9954557739814729,1,3.0439217344928252e-15,1.3548285571173935,6
1.0,1,3,51,3,1.7066208098682334,1.0309583862972587,1,3.1281382883597277e-15,1.305179775375044,6
1.0,1,3,52,3,1.5981895417368892,0.9601630935877108,1,3.211544599031339e-15,1.340491647451139,6
1.0,1,3,53,3,2.005407431256043,1.0930751119809348,1,3.2854555015521698e-15,1.357509519439808,6
1.0,1,3,54,3,1.0606853688730888,0.18806531106702068,1,2.0417539420104013e-13,1.3862821894710229,6
1.0,1,3,55,3,1.5192858098662128,0.8890476168340076,1,3.0381602765896368e-15,1.3482205890703816,6
1.0,1,3,56,3,1.3568158572947404,0.748374542366007,1,3.49516534985299e-15,1.3786380505849563,6
1.0,1,3,57,3,1.8296545505689696,1.0744689921925525,1,7.881849936178763e-15,1.3524567969551353,6
1.0,1,3,58,3,1.0133696308180957,0.06205500911047303,1,3.326975425682276e-15,1.386278217799409,6
1.0,1,3,59,3,1.7727161618438976,1.058721831348955,1,3.0934584321193642e-15,1.3258150640795456,6
1.0,1,4,0,3,1.2873083740624955,0.6549100661054098,1,3.3696103292091834e-15,1.381261062365088,3
1.0,1,4,1,3,1.713855820808417,0.9945945721816952,1,3.2674919746996327e-15,1.3488456361202963,3
1.0,1,4,2,3,1.128623086437795,0.39014546227553026,1,7.27557396246698e-15,1.379947789060719,3
1.0,1,4,3,3,1.750494460945902,1.0468791480074806,1,3.0527154471188043e-15,1.3060435206413068,3
1.0,1,4,4,3,1.0387018651099096,0.14777474466529472,1,3.3418569728915373e-15,1.3861580000778702,3
1.0,1,4,5,3,1.2621113576468241,0.6119571696942987,1,1.299810839017619e-13,1.382210007663626,3
1.0,1,4,6,3,1.447199320120982,0.8303293005493758,1,3.274396781475678e-15,1.3643632194652406,3
1.0,1,4,7,3,2.1210752468202485,1.061881835145021,1,3.8042390001669654e-15,1.3279807432830673,3
1.0,1,4,8,3,1.4815044360694765,0.875860153701656,1,3.709960265248074e-15,1.3703412748116328,3
1.0,1,4,9,3,2.47759331269186,0.886845187809839,1,2.972164374110563e-15,1.2570602165696192,3
1.0,1,4,10,3,2.2379159718079835,1.039214493725685,1,3.617948590297258e-15,1.2626248603334556,3
1.0,1,4,11,3,1.7060340280117439,1.0228455632922466,1,1.4711312399063135e-13,1.3487813678111191,3
1.0,1,4,12,3,1.7862551086627092,1.0616119756934743,1,5.393488135688478e-15,1.3744129555873208,3
1.0,1,4,13,3,1.075486266415759,0.24507130017983458,1,3.9154553044433995e-15,1.3859379451089935,3
1.0,1,4,14,3,1.618786277380671,0.9849139628936505,1,3.9592995782842776e-15,1.3604558963180442,3
1.0,1,4,15,3,1.7851421919568482,1.0610389431062464,1,4.0853563951082235e-15,1.3504513326017744,3
1.0,1,4,16,3,1.0250242543222694,0.09643841484507105,1,5.035146378780121e-12,1.386155054149351,3
1.0,1,4,17,3,1.6224558661010122,0.9823789478084183,1,3.669057676967228e-15,1.3784291460832079,3
1.0,1,4,18,3,1.468035829885191,0.8503268524493605,1,4.482308318404637e-12,1.3745297199148179,3
1.0,1,4,19,3,1.7647385585926532,1.0511290357429448,1,2.964410234164612e-15,1.2961158132157036,3
1.0,1,4,20,3,1.6256961216011943,0.988369157999219,1,4.275727134166638e-15,1.3619899814299794,3
1.0,1,4,21,3,1.4805404065033287,0.8625551425290832,1,5.894139516255852e-15,1.3623230820356844,3
1.0,1,4,22,3,1.322215531979876,0.6754294708019322,1,3.3171476600818336e-15,1.3791494760118783,3
1.0,1,4,23,3,1.3690304149202954,0.7677460161871131,1,4.18855913209213e-15,1.3850989951774535,3
1.0,1,4,24,3,1.6950681940410655,1.0226770144346105,1,1.4581896145435085e-13,1.358304467411633,3
1.0,1,4,25,3,2.0307992213017996,1.0932892038532198,1,1.3007764747585654e-13,1.3475943075861314,3
1.0,1,4,26,3,1.4392373712353277,0.8165534708377654,1,6.026016857314189e-14,1.3800121729587058,3
1.0,1,4,27,3,1.5561679857777961,0.9437763828198518,1,3.1299398562249974e-15,1.367796225664585,3
1.0,1,4,28,3,1.4874774026094686,0.8867050822060103,1,3.596886201798707e-15,1.3774377072419872,3
1.0,1,4,29,3,2.442875843210059,0.9023810706551036,1,2.2577967944942758e-15,1.0749976473123863,3
1.0,1,4,30,3,1.4557468624941636,0.8553002668035526,1,3.2238279031076352e-15,1.3691022640153616,3
1.0,1,4,31,3,1.5716857825952144,0.9017704970995519,1,4.141788221382775e-15,1.3616561901200244,3
1.0,1,4,32,3,2.2759609669205294,1.0120828037791854,1,2.8210243669032045e-15,1.251747655931298,3
1.0,1,4,33,3,2.1064803235413616,1.0844884019855139,1,2.9062128039495495e-15,1.3056233200224758,3
1.0,1,4,34,3,1.629072063649573,0.9907066440703098,1,4.130065117271183e-15,1.366996789197457,3
1.0,1,4,35,3,1.1313586752022688,0.35694694705713226,1,1.3980078880627425e-12,1.382472990203861,3
1.0,1,4,36,3,1.5637578588575158,0.9420745162833887,1,4.121590052885477e-15,1.368103657154051,3
1.0,1,4,37,3,1.9159929611603355,1.092872833094448,1,4.883363781726058e-15,1.3679673172385445,3
1.0,1,4,38,3,1.4348562596480223,0.8151835910547935,1,3.289803191572702e-15,1.3628651402257121,3
1.0,1,4,39,3,1.2624407603746246,0.6128606617638749,1,1.3014340012183025e-13,1.3813295416630444,3
1.0,1,4,40,3,1.2688125207550525,0.6119550494610279,1,3.641779550090995e-15,1.3820831129300342,3
1.0,1,4,41,3,1.7754317806959485,1.0596220654232105,1,2.936660257937846e-15,1.3328402374783848,3
1.0,1,4,42,3,1.2879302007471127,0.6419133592222293,1,3.3508502087964014e-15,1.3799238626918011,3
1.0,1,4,43,3,1.480350740487832,0.8771537507192189,1,3.669705225928509e-15,1.3705639258041344,3
1.0,1,4,44,3,1.040991958868248,0.1443802089392366,1,4.756517936010305e-14,1.386291033189417,3
1.0,1,4,45,3,1.7800239214243543,1.0618509543375028,1,3.3658132241836437e-15,1.3399462079397062,3
1.0,1,4,46,3,1.4044384775752183,0.7453746437562844,1,5.690782084595335e-14,1.3555273666952083,3
1.0,1,4,47,3,2.1597390788047335,1.0726769849904931,1,3.4163065389567633e-15,1.2819137441172557,3
1.0,1,4,48,3,1.0993067459175756,0.3008764892547241,1,3.818355456194092e-15,1.3854261936644516,3
1.0,1,4,49,3,1.643142299549666,0.9839109900198266,1,6.364343966851565e-15,1.3533639397070865,3
1.0,1,4,50,3,2.0767870194864613,1.0931817908502401,1,5.687358243970777e-15,1.2762236211636317,3
1.0,1,4,51,3,1.4600130141613428,0.8498670961715731,1,3.181626692101043e-15,1.3728720133525498,3
1.0,1,4,52,3,1.125321158367594,0.3341263555858295,1,5.09400263327693e-15,1.3862458255578416,3
1.0,1,4,53,3,2.0141566799338957,1.0957543212793142,1,5.577481016157437e-15,1.2797913278835318,3
1.0,1,4,54,3,1.4962139641429497,0.8697421103609033,1,5.7575699239535565e-15,1.371446911090255,3
1.0,1,4,55,3,1.674944925583371,1.01106695895742,1,8.006686513893458e-15,1.3687346751029223,3
1.0,1,4,56,3,1.5545565620307171,0.9274475674979505,1,3.4889949101722034e-15,1.376910907288461,3
1.0,1,4,57,3,1.2906622456446872,0.6406207058120229,1,1.2715379072218731e-11,1.3812186415444887,3
1.0,1,4,58,3,1.132358871496934,0.37956868763978835,1,2.2249373090254097e-12,1.381217050563822,3
1.0,1,4,59,3,1.348614537174822,0.6911134674043063,1,3.5092889179956836e-15,1.3736369996806346,3
1.0,1,5,0,3,1.9772436253526071,1.0957175760668965,1,4.0610268033445196e-15,1.2678530623762654,3
1.0,1,5,1,3,1.6112931223508886,0.978278987663847,1,3.091444708746469e-15,1.3569813213511768,3
1.0,1,5,2,3,1.3159963576371532,0.6812723780472372,1,3.354837378924285e-15,1.371481900309974,3
1.0,1,5,3,3,1.0075527179299477,0.03261944901182,1,7.780455897396e-14,1.3862836027281171,3
1.0,1,5,4,3,1.422155092383127,0.829734807811656,1,3.1810384726785863e-15,1.368076684525113,3
1.0,1,5,5,3,1.1073542401287102,0.31477914019103126,1,6.82262761781273e-15,1.3855061394205723,3
1.0,1,5,6,3,1.480807337271668,0.8669280177476963,1,3.194649882248139e-15,1.36037843735033,3
1.0,1,5,7,3,1.5495879736981628,0.922240590239426,1,4.7825656229597145e-15,1.36355376605494,3
1.0,1,5,8,3,1.2868529377987967,0.6365227938742963,1,6.426006415838866e-15,1.3799482374020071,3
1.0,1,5,9,3,1.0224922592418402,0.098933294506439,1,3.34870345407814e-15,1.3862460308457418,3
1.0,1,5,10,3,1.564697376536798,0.944128349033513,1,3.4986917034404178e-15,1.3699133825197956,3
1.0,1,5,11,3,1.469738828478028,0.8545626609988108,1,6.091905165914553e-15,1.3387434078865397,3
1.0,1,5,12,3,1.0484852616978642,0.15848891052693392,1,4.966257403955622e-15,1.3862882539038377,3
1.0,1,5,13,3,1.1107997784555188,0.3303199354986368,1,7.762570852575728e-15,1.3851904493971108,3
1.0,1,5,14,3,1.0135205784226948,0.06505946200007083,1,3.3065956561713793e-15,1.3862887922421196,3
1.0,1,5,15,3,1.1934288228459335,0.49705106465933613,1,3.3104552370967527e-15,1.3822024168465694,3
1.0,1,5,16,3,1.1511232801298668,0.4190344142713572,1,4.947949715190474e-14,1.384391368330946,3
1.0,1,5,17,3,1.4307932024460983,0.8162494626367767,1,3.814868933362324e-15,1.3785960452963026,3
1.0,1,5,18,3,1.0927775321716513,0.25897114928864995,1,6.5238302033499366e-15,1.3859414552783726,3
1.0,1,5,19,3,1.386654936448496,0.760457143404797,1,3.53474327553001e-15,1.3776913275113198,3
1.0,1,5,20,3,1.2553744247579222,0.5823067077966293,1,4.949006272928488e-15,1.3837019101829564,3
1.0,1,5,21,3,2.32003066014534,1.0166967243200213,1,3.991892981639906e-15,1.0765490613258382,3
1.0,1,5,22,3,1.2200777566787968,0.5334900214194306,1,1.3033761346498637e-13,1.3829533135070275,3
1.0,1,5,23,3,1.8158280363379118,1.0728349488569406,1,2.730074157964345e-15,1.3198284648641132,3
1.0,1,5,24,3,2.121061773468584,1.0808078593945873,1,1.319805610381357e-13,1.3432388991005206,3
1.0,1,5,25,3,1.0307709591587537,0.12195151751928354,1,3.499908991061522e-15,1.3862049897118547,3
1.0,1,5,26,3,1.2655465403689614,0.612803366347213,1,3.688920568759781e-15,1.3820560863462443,3
1.0,1,5,27,3,1.3312712794707253,0.7214686555710712,1,3.566496267554522e-15,1.3763262897376611,3
1.0,1,5,28,3,1.4598609095216069,0.8445723700124352,1,3.498267989420677e-15,1.3739879941628828,3
1.0,1,5,29,3,1.4947407037499014,0.882278501355365,1,6.8610589634684815e-15,1.3726847650548926,3
1.0,1,5,30,3,1.6611073642837324,0.9922202359988461,1,3.9287473419364495e-15,1.3619897492803978,3
1.0,1,5,31,3,1.5863869992840274,0.9509779125369815,1,3.1231081227541855e-15,1.3361334260510689,3
1.0,1,5,32,3,2.150820335957568,1.0807512729256512,1,6.2081057280443576e-15,1.3396905038778213,3
1.0,1,5,33,3,1.371863267121875,0.7521438358995818,1,3.3278126369392578e-15,1.3744216662608615,3
1.0,1,5,34,3,1.6281483468257925,0.9885016135195166,1,3.2962208003526228e-15,1.3443797211272177,3
1.0,1,5,35,3,2.2144275520882157,1.0524285588384013,1,4.990715292226885e-15,1.2826679865917363,3
1.0,1,5,36,3,1.220806288146066,0.5199612260797635,1,3.3549680958465137e-15,1.3837378229719077,3
1.0,1,5,37,3,1.3073338385156035,0.6675622602724148,1,3.593318058633369e-15,1.382696123313832,3
1.0,1,5,38,3,1.034211452316031,0.13167293256589682,1,3.3935929693759726e-15,1.3861841359253468,3
1.0,1,5,39,3,1.3571310337882976,0.7304217092366083,1,3.2598199640090552e-15,1.3772362186923937,3
1.0,1,5,40,3,1.016191721592914,0.07252084514602868,1,3.5661269099611604e-15,1.386274628480568,3
1.0,1,5,41,3,1.0044825681442504,0.020826538509736217,1,3.777709087777005e-15,1.386292951975222,3
1.0,1,5,42,3,1.3355728516258425,0.7111713076769868,1,3.2331790468676404e-15,1.3705328052643317,3
1.0,1,5,43,3,1.0820434559773744,0.25623963422810325,1,3.556036511667722e-15,1.384773871364001,3
1.0,1,5,44,3,1.9024241741864985,1.0836180230580688,1,5.182811063055591e-15,1.3505418035793741,3
1.0,1,5,45,3,2.0391162461344647,1.0913283249789145,1,1.297973677700742e-13,1.3208071353734863,3
1.0,1,5,46,3,2.3799250875931026,0.9441824005398906,1,3.558718602811413e-15,1.2502775517285813,3
1.0,1,5,47,3,1.5178915036031568,0.8847833251416259,1,3.2060066764119518e-15,1.340164117870482,3
1.0,1,5,48,3,1.665481884568561,1.006889075212898,1,3.7370671159361494e-15,1.3540760632899196,3
1.0,1,5,49,3,1.4192118699562304,0.799989071215293,1,3.3238592559629204e-15,1.3726377548314324,3
1.0,1,5,50,3,1.3630142890582628,0.7378814319020957,1,6.6856451367356614e-15,1.3750519753176995,3
1.0,1,5,51,3,1.4122543424591287,0.8049271730340628,1,3.387252147205348e-15,1.3745931754272132,3
1.0,1,5,52,3,1.0712207022430336,0.23050851828005148,1,4.22285776452885e-15,1.3860351937488387,3
1.0,1,5,53,3,1.3306534273844464,0.6944471464965738,1,6.681339625287252e-15,1.3819867735782876,3
1.0,1,5,54,3,1.0002978089495582,0.0021959728246228366,1,1.3327699155589905e-13,1.3862943577324658,3
1.0,1,5,55,3,1.7498990584646676,1.0466221795229016,1,2.8517295676395676e-15,1.3285859765074415,3
1.0,1,5,56,3,2.1504738621812645,1.0476112428361888,1,5.413421861051071e-15,1.288691871248636,3
1.0,1,5,57,3,1.4031028027874481,0.7792364420636473,1,4.557781073095635e-15,1.3808632550881317,3
1.0,1,5,58,3,1.6623286280323561,1.0027534991382785,1,4.071224189139324e-15,1.3589475683755528,3
1.0,1,5,59,3,1.329323729719664,0.6979451254631824,1,3.645085911790805e-15,1.3806220989682447,3
1.0,1,6,0,3,1.393546281327386,0.7708661961666637,1,3.617260316624508e-15,1.3771664481890775,4
1.0,1,6,1,3,2.263335266786709,1.0358619713434694,1,2.379408057207825e-15,1.1446177622848084,4
1.0,1,6,2,3,1.4296115270932908,0.8170644811196486,1,3.680715118034708e-15,1.3796503772531254,4
1.0,1,6,3,3,1.4382877947241495,0.8190903234266691,1,3.5614433230120946e-14,1.3465980096305166,4
1.0,1,6,4,3,1.4314302655581774,0.8122229469557432,1,4.53935569749292e-15,1.382194608851215,4
1.0,1,6,5,3,1.895951710773311,1.0828713296219608,1,4.593596363239352e-15,1.276417204622685,4
1.0,1,6,6,3,1.4106220156744822,0.8108799803023474,1,3.4954724759400776e-15,1.3695135135104048,4
1.0,1,6,7,3,1.4805191908670265,0.8601874626388376,1,3.2289029217613946e-15,1.3694055499004578,4
1.0,1,6,8,3,1.361426524037556,0.7494064630163769,1,3.3144249203164853e-15,1.3755205744793204,4
1.0,1,6,9,3,1.2014916772827768,0.4869404675619181,1,3.4524581115101547e-15,1.3838951519499576,4
1.0,1,6,10,3,1.7421541278414,1.0299801352509879,1,5.811533157412034e-15,1.349466909630333,4
1.0,1,6,11,3,1.563670144688306,0.9349275748226817,1,3.2404891621295948e-15,1.3625227856679702,4
1.0,1,6,12,3,1.4189780873363813,0.8003382919023024,1,3.9516083868333536e-15,1.3771037525363967,4
1.0,1,6,13,3,2.1072542311403066,1.0896960929736177,1,2.8518739918017492e-15,1.291394179739303,4
1.0,1,6,14,3,1.016019930479996,0.06634365047162077,1,3.474341451214916e-15,1.3862789962099036,4
1.0,1,6,15,3,1.6790381748975742,0.9933871266386773,1,3.1081652352845455e-15,1.3351010846146223,4
1.0,1,6,16,3,1.8646622117790412,1.0476353934256746,1,6.012822954089244e-14,1.3268963289081404,4
1.0,1,6,17,3,2.1429035068543554,1.074034150028389,1,2.6040151281179603e-15,1.215546700354396,4
1.0,1,6,18,3,1.4382536670338624,0.8257494632870777,1,3.379017355633314e-15,1.3705966647883752,4
1.0,1,6,19,3,1.574900168972765,0.9474117198867107,1,3.45350097326886e-15,1.3700354816868707,4
1.0,1,6,20,3,1.2145388992536097,0.5156446730807938,1,3.4639709872682307e-15,1.384520653562537,4
1.0,1,6,21,3,1.1013581350261394,0.272743083724415,1,1.6221054561222396e-13,1.3850154202775857,4
1.0,1,6,22,3,2.3188154468025113,0.999169042664411,1,6.349747893500446e-15,1.3396880749717197,4
1.0,1,6,23,3,1.8249449680389949,1.0753597342068244,1,7.361265468793809e-15,1.3592106331179123,4
1.0,1,6,24,3,1.3651646203491696,0.7401182216784116,1,8.243012086176696e-13,1.3854662975787533,4
1.0,1,6,25,3,2.1832042921543224,1.0732702850657747,1,3.850167766969856e-15,1.2841354049680278,4
1.0,1,6,26,3,1.3805420909672912,0.7653926561035128,1,3.240812193575909e-15,1.3748007529875006,4
1.0,1,6,27,3,1.335506025468363,0.7109226226709455,1,3.5799026589442674e-15,1.3795824301736608,4
1.0,1,6,28,3,1.4454512623699056,0.8292169461964689,1,1.304731480495623e-13,1.3690668075243346,4
1.0,1,6,29,3,1.8387661731594245,1.0572572659505712,1,1.3054665140513981e-13,1.35666313976605,4
1.0,1,6,30,3,1.4039002969225878,0.796645273706267,1,1.333704598864214e-13,1.3806262940880973,4
1.0,1,6,31,3,1.239333456766102,0.5402781480478733,1,3.4383419443680146e-15,1.383698924824699,4
1.0,1,6,32,3,1.8289928395268134,1.0721655779996626,1,5.236545469821879e-15,1.3597477205337023,4
1.0,1,6,33,3,1.4579258657417795,0.8620837709942679,1,3.3516494693504764e-15,1.345741827566837,4
1.0,1,6,34,3,1.7999239402218663,1.0472389257424513,1,1.3063160172616003e-12,1.3003546713660183,4
1.0,1,6,35,3,1.219437954410953,0.5311648241966489,1,2.050354650013864e-14,1.3851971842020006,4
1.0,1,6,36,3,2.6777764193620817,0.7164665343359208,1,8.300204307975952e-14,1.2324096385948766,4
1.0,1,6,37,3,1.4212123257782572,0.8096517003309387,1,3.204309511093647e-15,1.374993454472203,4
1.0,1,6,38,3,1.1265673421035571,0.3633978810456503,1,3.573637597417498e-15,1.3857132942131325,4
1.0,1,6,39,3,1.972260498880578,1.0979211810913503,1,3.724341652288305e-15,1.3281964769062207,4
1.0,1,6,40,3,2.1751849840390176,1.0718159919501224,1,9.392166792569239e-15,1.315510914645358,4
1.0,1,6,41,3,1.3497939720026269,0.7260468722736193,1,3.751791106535917e-15,1.3801024949030112,4
1.0,1,6,42,3,1.0046976073036102,0.028613035803856556,1,3.717326279862649e-15,1.3862885870725474,4
1.0,1,6,43,3,1.4951680737361777,0.8591394013679851,1,3.247540387062318e-15,1.3697676158888306,4
1.0,1,6,44,3,1.3148319116772407,0.6934169445013948,1,4.700285963768179e-15,1.3772460736319805,4
1.0,1,6,45,3,1.8321108174290084,1.0692049984233503,1,4.010265749532291e-15,1.325876963566129,4
1.0,1,6,46,3,1.2872789772989899,0.618258260820971,1,5.212093811736511e-15,1.3853040780083434,4
1.0,1,6,47,3,1.606908938860708,0.9538086302347619,1,3.174726549640508e-15,1.3443977788894106,4
1.0,1,6,48,3,1.38745881684986,0.761342480479034,1,3.553568475999304e-15,1.3696274734933107,4
1.0,1,6,49,3,1.844917746305076,1.0786778948522584,1,4.203331757879392e-14,1.2243394874979308,4
1.0,1,6,50,3,2.3178108149907035,0.8640629114367767,1,4.231813887060526e-15,1.26911290590197,4
1.0,1,6,51,3,1.6417845989244686,0.9980196596703642,1,1.3368343082516044e-13,1.3571029043383331,4
1.0,1,6,52,3,1.746117987438987,1.0471575892420448,1,3.4468431227346376e-15,1.3490010771442873,4
1.0,1,6,53,3,1.9748526883010924,1.0856393532034145,1,3.042611139225905e-15,1.3070138869852534,4
1.0,1,6,54,3,1.8617644686000356,1.0416589506981757,1,5.32688738648631e-14,1.3092854723833005,4
1.0,1,6,55,3,1.5175857769660985,0.9039492410371606,1,3.1916853131868703e-15,1.3602089055528224,4
1.0,1,6,56,3,2.2439397192322437,1.0366984162829151,1,5.872660548154924e-14,1.329488952900477,4
1.0,1,6,57,3,1.39875732569035,0.7743728436300091,1,5.920891608865617e-15,1.3704876373298658,4
1.0,1,6,58,3,1.6037357562384682,0.9530804116291927,1,6.117404291045287e-15,1.3595201424187038,4
1.0,1,6,59,3,2.015216291997225,1.0982599134357642,1,3.2596613770823186e-15,1.3126731208386007,4
1.0,1,7,0,2,2.092829128994061,1.0510081538881166,1,2.4520568691374134e-15,1.165893552714218,4
1.0,1,7,1,2,1.2440377337098325,0.5753725027155704,1,3.668634752565505e-15,1.3826469069725047,4
1.0,1,7,2,2,1.0222842625013726,0.08891962424557734,1,1.3064129980052495e-13,1.3862809396624245,4
1.0,1,7,3,2,1.033716634032967,0.1420820339415631,1,4.867856500830135e-15,1.386101125180988,4
1.0,1,7,4,2,1.3703804791245018,0.7518228201867615,1,1.3013676386653616e-13,1.3741454597889953,4
1.0,1,7,5,2,2.1871267721851413,1.0515147161021123,1,4.9263032489630816e-15,1.3276345733845054,4
1.0,1,7,6,2,1.4551281326875434,0.8477435100606443,1,3.76972374661062e-15,1.341131674134743,4
1.0,1,7,7,2,1.417860229784184,0.802257861600858,1,4.083605670137336e-15,1.3782717977484262,4
1.0,1,7,8,2,1.4196661241815045,0.7643165265274706,1,3.3303413121075304e-15,1.3601500483649425,4
1.0,1,7,9,2,1.220816513292876,0.5181249038034146,1,3.565377004969476e-15,1.3837523442287138,4
1.0,1,7,10,2,1.2193287642318844,0.5387268574263959,1,1.0828396788826774e-14,1.384488046972811,4
1.0,1,7,11,2,1.7211503561414532,1.0232935012407154,1,2.916139329577765e-15,1.3346831661328529,4
1.0,1,7,12,2,1.578788874986606,0.9424554998988028,1,1.8139276211862448e-13,1.357642497732126,4
1.0,1,7,13,2,1.4569647869192155,0.8461617028695214,1,3.5192960098684813e-15,1.379203374421801,4
1.0,1,7,14,2,1.2728683697800616,0.6093368942477887,1,3.677802288330189e-15,1.3824011519853416,4
1.0,1,7,15,2,1.9571472783161812,1.060731925886152,1,3.0116018833423685e-15,1.304761218763789,4
1.0,1,7,16,2,2.1870678365874134,1.06570803062748,1,2.576472476833052e-15,1.2716328567495827,4
1.0,1,7,17,2,1.9257856879394595,1.089491957338113,1,3.775097267549662e-15,1.3466664100616579,4
1.0,1,7,18,2,2.4191536141906793,0.9341647277313325,1,2.7778934005641902e-15,1.228234422324625,4
1.0,1,7,19,2,1.117808016360124,0.3421761894038132,1,3.792891810215302e-15,1.385151857456799,4
1.0,1,7,20,2,1.9503517765421114,1.0929607967250332,1,3.406381160186627e-15,1.2134091791091999,4
1.0,1,7,21,2,1.3621405986370985,0.7448780721005273,1,3.718644910637878e-15,1.3786007838565133,4
1.0,1,7,22,2,1.0147681727718683,0.06562132183755454,1,3.55429410802732e-15,1.3862906403420046,4
1.0,1,7,23,2,1.9671655663024816,1.0830699012494271,1,2.9251581795335066e-15,1.3117670774159886,4
1.0,1,7,24,2,1.2677924760869352,0.615444381500443,1,1.3013825769875796e-13,1.383355398890585,4
1.0,1,7,25,2,1.9001963292893813,1.0911199809798864,1,3.3760416027916936e-15,1.3303590527499451,4
1.0,1,7,26,2,1.2646271530607545,0.6086134574852435,1,3.1378179257475263e-15,1.3830344140380433,4
1.0,1,7,27,2,1.7183600436482915,1.0372844589966412,1,2.8081403929947675e-15,1.2696492929020406,4
1.0,1,7,28,2,1.7705503278730546,1.0534001344630775,1,3.5234222630833326e-15,1.3333398635911007,4
1.0,1,7,29,2,1.8697680190805113,1.07984501111996,1,7.561801158609938e-15,1.2928453552918449,4
1.0,1,7,30,2,1.0750930589494754,0.2570794732895622,1,3.7689937097679414e-15,1.3857956262246942,4
1.0,1,7,31,2,2.111230260164447,1.0370692164883752,1,1.1785664311670578e-12,1.1106403045720112,4
1.0,1,7,32,2,1.230449176866475,0.5637304364140635,1,3.447740569986095e-15,1.3825846430363087,4
1.0,1,7,33,2,1.311828351258681,0.6894658570288348,1,3.6243811716690685e-15,1.3747041128696655,4
1.0,1,7,34,2,1.521612300958722,0.8916664950959368,1,3.2253322390222234e-15,1.351948323368178,4
1.0,1,7,35,2,1.4415015888474354,0.823243891762081,1,3.419392306387499e-15,1.370115866737699,4
1.0,1,7,36,2,1.5053909277896496,0.8780690124499027,1,3.944222998352786e-15,1.3627295891840558,4
1.0,1,7,37,2,2.423706797789943,0.8702968380244991,1,3.4104181807607566e-14,1.017808854541362,4
1.0,1,7,38,2,1.057987829938851,0.20328179181714223,1,3.95941022275215e-15,1.3859116812451389,4
1.0,1,7,39,2,1.3226145467165016,0.690597657119406,1,3.2721456066850524e-15,1.3688940128337213,4
1.0,1,7,40,2,1.1678552131632063,0.44208701040017495,1,3.4837652337479494e-15,1.3848467794774664,4
1.0,1,7,41,2,2.266838415900644,0.9972712030625137,1,2.780775393051073e-15,1.2208234914057094,4
1.0,1,7,42,2,1.9443400663204122,1.0553753073685266,1,3.8590439898916584e-15,1.3254722972293425,4
1.0,1,7,43,2,1.2961838503595848,0.6598085548201276,1,3.567106204570276e-15,1.383524305420012,4
1.0,1,7,44,2,1.1630493699510767,0.43857685035222743,1,3.2999678769679424e-15,1.3839882760529119,4
1.0,1,7,45,2,2.1897872260085043,1.008020146921588,1,3.860641643157323e-15,1.3160959650692048,4
1.0,1,7,46,2,1.0229406251590822,0.09793737055604468,1,3.1460157383854113e-15,1.3862369516831161,4
1.0,1,7,47,2,1.9131624705836627,1.092125127295729,1,3.831465711388224e-15,1.341788690820576,4
1.0,1,7,48,2,1.0150122766361742,0.06178696768119823,1,6.244629420718722e-14,1.386293814236519,4
1.0,1,7,49,2,1.3272893883888115,0.6927188153149362,1,6.177899523788475e-11,1.381990660216482,4
1.0,1,7,50,2,1.3333392640249615,0.7091765270843927,1,1.304067197380066e-13,1.3796404247780372,4
1.0,1,7,51,2,1.2562687007119906,0.5954137192200201,1,3.650938396838486e-15,1.3832276782145678,4
1.0,1,7,52,2,2.579112579227158,0.6941194589309949,1,1.292763741428141e-13,1.0611590945050833,4
1.0,1,7,53,2,1.4284954347091532,0.8251854550603259,1,3.6355674436566224e-15,1.3713440335002467,4
1.0,1,7,54,2,1.3485800678539417,0.7248605834778393,1,7.133620866266599e-15,1.3775555159762296,4
1.0,1,7,55,2,1.3901924014431999,0.7222756253648968,1,2.4840986052365566e-13,1.3679541120329306,4
1.0,1,7,56,2,1.0277770825586943,0.11698648047228026,1,3.842685501635137e-15,1.386257302128734,4
1.0,1,7,57,2,1.2992331016250553,0.6556253763488176,1,3.0725520251165047e-15,1.3783751733210905,4
1.0,1,7,58,2,1.9638617733079786,1.0975677745975678,1,6.646796512984292e-15,1.3402979605372467,4
1.0,1,7,59,2,1.2716115052256922,0.6142747451343092,1,1.3156960129039525e-13,1.3824533617391768,4
1.0,1,8,0,3,1.5030237242355307,0.9014279638546264,1,3.27174667614125e-15,1.3542759181188078,3
1.0,1,8,1,3,1.4560199131928675,0.8492663480683373,1,3.5123626365137527e-15,1.3717862755807755,3
1.0,1,8,2,3,1.9686627597103608,1.0869864275394245,1,4.078447711271474e-14,1.3566102975660748,3
1.0,1,8,3,3,1.1896385127848983,0.48728289454093393,1,1.0787461991633332e-14,1.382796704470843,3
1.0,1,8,4,3,2.297223905530797,1.0025815082903258,1,2.8136991526580334e-15,1.2147604053331225,3
1.0,1,8,5,3,1.3291909210718518,0.6959866735527406,1,4.279342494958994e-15,1.3751427500733169,3
1.0,1,8,6,3,1.0125169125894082,0.04977498215531003,1,1.3012936634662518e-13,1.3862807468298997,3
1.0,1,8,7,3,1.662677137548398,1.0073811824025825,1,4.028428751216898e-15,1.3652609520376313,3
1.0,1,8,8,3,2.0179623617719087,1.0980327294432972,1,2.9402375841909023e-15,1.248396631947748,3
1.0,1,8,9,3,1.682493472770666,1.0058105804726913,1,1.5539289116124148e-12,1.3126869323258865,3
1.0,1,8,10,3,1.5245202676399132,0.9156113415140461,1,8.477886838825788e-15,1.367070487267771,3
1.0,1,8,11,3,2.063385991481213,1.088176495834249,1,6.787806853888566e-15,1.2022179991906436,3
1.0,1,8,12,3,1.313455588917765,0.682223793447472,1,4.030416670899092e-15,1.3810857703815156,3
1.0,1,8,13,3,1.7955911273011795,1.0526570061923952,1,6.364601879870452e-14,1.355631506176393,3
1.0,1,8,14,3,1.2940569786207117,0.6509760302951109,1,3.236915378124709e-15,1.374035074811998,3
1.0,1,8,15,3,1.3854462722416876,0.7737238167164816,1,5.047747139091644e-15,1.3776565340982172,3
1.0,1,8,16,3,1.4534918817477775,0.8259701767683194,1,1.7544303076072962e-12,1.3801926441492225,3
1.0,1,8,17,3,2.132734321882415,1.0649880207270146,1,7.522732927682074e-15,1.3672379040713276,3
1.0,1,8,18,3,1.411817581944668,0.7577302174063467,1,7.121893090088064e-15,1.3796664088624826,3
1.0,1,8,19,3,1.6064735856621797,0.9602201176514874,1,1.2991850297579044e-13,1.3506256598801032,3
1.0,1,8,20,3,1.9481148684702922,1.0528989475014066,1,2.650399281041309e-15,1.196082472024672,3
1.0,1,8,21,3,1.337664784077888,0.7155764937320576,1,6.489457227027722e-15,1.378797810800855,3
1.0,1,8,22,3,1.789256460707014,1.0647786254883571,1,3.0363549104136475e-15,1.3281551114341783,3
1.0,1,8,23,3,1.3561668255804238,0.7475536320921626,1,3.3058284931631695e-15,1.3787452584766275,3
1.0,1,8,24,3,2.2949368466742692,0.9785668381405594,1,1.3238250740622191e-12,1.1247617512471406,3
1.0,1,8,25,3,1.6598396033949532,1.0024603717184848,1,3.5387672889053228e-15,1.3645311855927953,3
1.0,1,8,26,3,1.6081659282636283,0.970767242319712,1,9.080486146523817e-15,1.3715260961254625,3
1.0,1,8,27,3,1.0979452439046846,0.28816256827805925,1,5.536727885794865e-15,1.3850379665078347,3
1.0,1,8,28,3,1.7371993435497615,1.0415821854277227,1,4.417321476747005e-15,1.3524515940174833,3
1.0,1,8,29,3,1.9568598289887769,1.095891650662674,1,2.897990660333308e-15,1.257997446668237,3
1.0,1,8,30,3,1.0022035852613067,0.014581737649144017,1,3.589819033251225e-15,1.3862937541066824,3
1.0,1,8,31,3,1.535923401049664,0.9004488410241512,1,3.1695167630968727e-15,1.3690915723767973,3
1.0,1,8,32,3,1.4450763003311229,0.8047906375895376,1,3.57076205185518e-15,1.3748487429572616,3
1.0,1,8,33,3,1.1835865066371472,0.46403322391646373,1,3.4229126914523526e-15,1.3841348891518326,3
1.0,1,8,34,3,1.69237807481329,1.0159210472785105,1,4.569860301988938e-15,1.367183606547955,3
1.0,1,8,35,3,1.0601976223619156,0.19146481195541537,1,3.3115823648839243e-15,1.38598069143525,3
1.0,1,8,36,3,1.775490968816488,1.0508734802217368,1,3.093123263053188e-15,1.326685586166839,3
1.0,1,8,37,3,2.578201149564489,0.7333420711774389,1,2.7276648397878774e-15,0.852442245430205,3
1.0,1,8,38,3,1.1419620011116531,0.38402587587542836,1,3.918378489046641e-15,1.3845096721016217,3
1.0,1,8,39,3,1.5663324149739974,0.9462041929627885,1,3.5089728984045574e-15,1.3444106937786025,3
1.0,1,8,40,3,2.1209369231656847,1.0853396300628635,1,3.5010249410788593e-15,1.317200512045484,3
1.0,1,8,41,3,1.58638474775351,0.965829240344144,1,4.260853735110754e-15,1.339776070231698,3
1.0,1,8,42,3,1.430837732677994,0.7312364161273506,1,3.9211518213039925e-15,1.3696812232912279,3
1.0,1,8,43,3,1.3206023626281087,0.6851882107754759,1,3.491544927152262e-15,1.3801029029114344,3
1.0,1,8,44,3,1.8760700581378469,1.0745296099683777,1,9.720993806466908e-15,1.3506032924955202,3
1.0,1,8,45,3,1.5916417721177656,0.9368692716651301,1,4.502166764512845e-15,1.3709634062613654,3
1.0,1,8,46,3,1.1701781030715612,0.43734435552953455,1,1.3020751352840192e-13,1.384049165368598,3
1.0,1,8,47,3,1.789775915207515,1.0648166516314213,1,3.330310610768578e-15,1.3321852144563866,3
1.0,1,8,48,3,1.196842921595138,0.5155364531818737,1,3.818868588362948e-14,1.379208969526764,3
1.0,1,8,49,3,1.9268168316015406,1.093849500653063,1,2.5461773373849186e-15,1.2781711873748387,3
1.0,1,8,50,3,1.5777268366286987,0.9475108769325065,1,3.695732775545748e-15,1.366371842315639,3
1.0,1,8,51,3,1.2475697490008966,0.5729714975259022,1,3.4701830290054185e-15,1.3826305574517874,3
1.0,1,8,52,3,1.5516580136664244,0.9156615730108827,1,1.342071648052707e-13,1.3730797559091796,3
1.0,1,8,53,3,1.2184976068078777,0.5594614230363867,1,7.762858373923649e-15,1.3823092601739677,3
1.0,1,8,54,3,1.0037881732302603,0.01603692454555883,1,7.14656045754891e-15,1.3862934671650786,3
1.0,1,8,55,3,1.043421518183222,0.1519045096243709,1,3.4066870200199616e-15,1.386169447179045,3
1.0,1,8,56,3,1.035206321498779,0.12780047258834634,1,1.338830384346534e-13,1.3862350613233274,3
1.0,1,8,57,3,1.307751951341569,0.6085590025451857,1,3.663616361925495e-15,1.3792304673636422,3
1.0,1,8,58,3,1.509146675311375,0.8875356841493214,1,5.032482759601708e-15,1.3816213460925262,3
1.0,1,8,59,3,2.390548941738077,0.921832767060628,1,2.492693451118577e-15,1.2410861387314507,3
1.0,1,9,0,1,1.1395257482435013,0.3739380032787159,1,3.62758658342538e-15,1.3852320560092712,3
1.0,1,9,1,1,1.1267705992304125,0.34823783183513557,1,1.6404487535408577e-12,1.3827192795402308,3
1.0,1,9,2,1,2.36704466085267,0.9310814633538693,1,2.6229508374178204e-15,1.3828859864679703,3
1.0,1,9,3,1,1.692452231881611,1.0101813860545699,1,2.9293306146740156e-15,1.3534129882482615,3
1.0,1,9,4,1,2.419001360115826,0.8658439352110635,1,2.465952611240143e-15,1.3658268702698058,3
1.0,1,9,5,1,1.198240445695812,0.48207934409982023,1,3.605676407622066e-15,1.383676399745582,3
1.0,1,9,6,1,1.5319519080662953,0.896082505626687,1,2.9998327405873984e-15,1.3793544278584786,3
1.0,1,9,7,1,1.0418195733824427,0.1466175238336379,1,6.072382426534017e-14,1.3861049801321217,3
1.0,1,9,8,1,1.004236074562663,0.021353535583215892,1,1.303810422384423e-13,1.3862937687188972,3
1.0,1,9,9,1,1.3439912982090605,0.697420245781948,1,1.9067849576722986e-12,1.359763327324107,3
1.0,1,9,10,1,1.269991433889361,0.5961473613498746,1,3.626571493537484e-15,1.3817243629614482,3
1.0,1,9,11,1,1.750190655314271,1.0398088399916603,1,9.944914142826708e-15,1.3514284400640941,3
1.0,1,9,12,1,1.5849369542501135,0.9390275494786466,1,6.883632516531409e-15,1.3778979969072482,3
1.0,1,9,13,1,1.72431734716666,1.0272664406822714,1,3.993665327392592e-15,1.3524352584686261,3
1.0,1,9,14,1,1.11321693885535,0.3199009343392482,1,3.561387400277258e-15,1.3854922945814665,3
1.0,1,9,15,1,1.7934319349704428,1.0581129075192994,1,6.152174961120262e-12,1.3757971591983216,3
1.0,1,9,16,1,1.711592098100251,1.0206607183368175,1,5.9929662191026935e-15,1.38122302631779,3
1.0,1,9,17,1,1.325755499072647,0.6738341477241855,1,3.2081445298531635e-15,1.3848352962229342,3
1.0,1,9,18,1,1.1076414672255754,0.30791133486395855,1,7.084498909867237e-15,1.386193331764975,3
1.0,1,9,19,1,1.3751663681054627,0.7358206347102887,1,3.457332888171315e-14,1.366250604229047,3
1.0,1,9,20,1,1.1485811468324865,0.39165869797292185,1,3.574693829985663e-15,1.3861283646593898,3
1.0,1,9,21,1,1.0697060645730205,0.22020035962613035,1,7.558840535776889e-14,1.3861921366178789,3
1.0,1,9,22,1,1.2242944616218456,0.5255383835085543,1,3.981623419801454e-15,1.383676230637374,3
1.0,1,9,23,1,1.4299833245573539,0.7978243769072926,1,5.589996257378616e-15,1.3786802885230776,3
1.0,1,9,24,1,1.0883903808535738,0.2648496695853597,1,3.567016804260849e-15,1.3860611268907057,3
1.0,1,9,25,1,1.501742044169737,0.8691701861940648,1,1.1366083658507609e-14,1.3858122116851306,3
1.0,1,9,26,1,2.224328538911593,1.0428385082266889,1,3.832607539159194e-15,1.286271495514965,3
1.0,1,9,27,1,1.6305634381024237,0.9717951320215784,1,2.4101253316429058e-14,1.3556726774811911,3
1.0,1,9,28,1,1.5370359507090017,0.9004360791627898,1,3.1311204936825504e-15,1.3842333420729291,3
1.0,1,9,29,1,1.1060671305420577,0.30448871692011287,1,1.970686641561226e-13,1.3857681700613738,3
1.0,1,9,30,1,1.7049866876336854,1.0171180558173045,1,2.9869551686014175e-15,1.3845733948232324,3
1.0,1,9,31,1,1.3660348911518114,0.7248172903224724,1,3.970320576240584e-15,1.376336403331894,3
1.0,1,9,32,1,2.426950242668383,0.8540600793754616,1,2.3790470297440955e-15,1.367866373171732,3
1.0,1,9,33,1,1.3909405318940382,0.7543646254392863,1,8.351668724753789e-15,1.3647027009503845,3
1.0,1,9,34,1,1.2964943138646767,0.6341548273293366,1,4.335119115456244e-15,1.3843517274857469,3
1.0,1,9,35,1,1.595233141627921,0.9467581946056641,1,3.1068595740067443e-15,1.3828375658680596,3
1.0,1,9,36,1,1.1676707331530718,0.42770209382013114,1,3.7176874011061506e-15,1.3846891517930915,3
1.0,1,9,37,1,2.1383962785773782,1.0783599629482878,1,5.030400792203876e-15,1.3806707018196887,3
1.0,1,9,38,1,1.2523095395386048,0.5696224997349181,1,1.5991053554086454e-12,1.3720801984498763,3
1.0,1,9,39,1,1.0516878684669335,0.17379921017826758,1,3.586166630741461e-15,1.3860832524329354,3
1.0,1,9,40,1,1.5668885090305702,0.924997619676287,1,3.0383454072308594e-15,1.3858435450933497,3
1.0,1,9,41,1,1.0019450253695492,0.010814916684941693,1,3.8530062308886445e-15,1.386294333464186,3
1.0,1,9,42,1,1.4164684675452224,0.7831652444527502,1,3.2117426677020055e-15,1.3858060844665763,3
1.0,1,9,43,1,1.1962204087377488,0.4786034982306445,1,2.5106853947149795e-14,1.3794447935118233,3
1.0,1,9,44,1,1.6879942624387234,1.0076466109018376,1,3.055125709384105e-15,1.3805690212678132,3
1.0,1,9,45,1,1.817926487956592,1.0670025075362053,1,2.233199826810782e-12,1.3713590433096636,3
1.0,1,9,46,1,1.5864385847979507,0.9401673197328796,1,3.237558697856319e-15,1.381232939023721,3
1.0,1,9,47,1,1.9322699345824106,1.09411862018118,1,2.7308610052431125e-15,1.378074224668692,3
1.0,1,9,48,1,2.270008933476068,1.0153063456209108,1,2.3627447967851032e-15,1.3469465457985448,3
1.0,1,9,49,1,1.9357318464204711,1.0945623479786117,1,3.1609890725236582e-15,1.3711583868761608,3
1.0,1,9,50,1,1.0937516754628496,0.27711715653404734,1,3.754907500335541e-15,1.3859436852999576,3
1.0,1,9,51,1,1.049548804332436,0.1680268744183921,1,3.5482593344941843e-15,1.3862799446096978,3
1.0,1,9,52,1,2.3428077061260124,0.9560013259007605,1,3.581811215289869e-15,1.3337856574376308,3
1.0,1,9,53,1,1.2108867841258655,0.503485602111879,1,3.148679483048468e-15,1.3849324353887806,3
1.0,1,9,54,1,1.5223900961059753,0.8877583733011943,1,5.091544369572785e-15,1.3703713450669661,3
1.0,1,9,55,1,2.2962792343544494,0.9962992048389646,1,1.2949125334496623e-13,1.3482137476569884,3
1.0,1,9,56,1,1.1055291420465359,0.3033152948842815,1,3.755751169148351e-15,1.3856582371781498,3
1.0,1,9,57,1,1.7086486654978243,1.0190916855562293,1,6.304569168778793e-15,1.3629915831597308,3
1.0,1,9,58,1,1.215979496337734,0.5119380758061751,1,2.7539355186281354e-12,1.3758930278766508,3
1.0,1,9,59,1,1.8283113413041177,1.0704470867774296,1,1.2206159841716863e-12,1.2249424094646986,3
1.0,1,10,0,2,1.8840403396031482,1.0882260801940402,1,3.615708985445529e-15,1.304122364849977,4
1.0,1,10,1,2,1.36320338136104,0.6765879269534567,1,1.9364784646621897e-12,1.3584946770934976,4
1.0,1,10,2,2,1.742426665115072,1.0440211480775368,1,3.6342015877352966e-15,1.3428763464729703,4
1.0,1,10,3,2,1.955387779298275,1.095687639107804,1,6.2137059712091326e-15,1.380743237822569,4
1.0,1,10,4,2,1.0278304858598277,0.11886742488830511,1,7.392473558439033e-14,1.3862018994214627,4
1.0,1,10,5,2,2.0654710009050232,1.0917668244147734,1,1.8857996138544506e-12,1.347888208306362,4
1.0,1,10,6,2,2.0580357553489756,1.0646614085511432,1,1.2991281121429845e-13,1.3209988331842377,4
1.0,1,10,7,2,1.110771798630393,0.3377633320005838,1,1.938592390143655e-12,1.382275203571591,4
1.0,1,10,8,2,1.7557582252286554,1.0442269933632313,1,3.3099231404925223e-15,1.3256219851295707,4
1.0,1,10,9,2,1.9050716949171118,1.0910719400144213,1,2.7697471709991738e-15,1.3111300557860026,4
1.0,1,10,10,2,2.1663757046632823,1.0716530549687626,1,3.49080374588482e-15,1.2767869580500186,4
1.0,1,10,11,2,2.333771926048104,1.003338707744591,1,2.5233521760784327e-15,1.1338710410621358,4
1.0,1,10,12,2,1.1777868098560278,0.4806565456551864,1,1.7519426769503605e-12,1.3748451735430707,4
1.0,1,10,13,2,1.428599335044807,0.8115409687803812,1,4.15378123467944e-12,1.3724739603755864,4
1.0,1,10,14,2,1.6888674857066244,1.024284140187915,1,5.587040679126852e-15,1.358434438040795,4
1.0,1,10,15,2,2.395463757292514,0.9583162878171627,1,1.2973348049058045e-13,1.2316485452990882,4
1.0,1,10,16,2,1.2919596088445215,0.6279905584517328,1,3.462514852841412e-15,1.3802912823961484,4
1.0,1,10,17,2,2.0594965108566594,1.095850044183515,1,6.312536478371763e-15,1.3036835440775132,4
1.0,1,10,18,2,1.4975973856951428,0.8807394051949999,1,6.6788749727583566e-15,1.3760711456772539,4
1.0,1,10,19,2,1.7352099111414823,1.0404471152913504,1,4.70963735774715e-15,1.3635027965703148,4
1.0,1,10,20,2,2.1934669327944536,1.0620285881496743,1,4.7711637403358435e-15,1.338806456163093,4
1.0,1,10,21,2,1.0328674286532205,0.12185139987638866,1,3.606173865458789e-15,1.3861919375667695,4
1.0,1,10,22,2,1.7150488957816208,1.0294726320699081,1,1.5494874254103082e-13,1.3774380465911298,4
1.0,1,10,23,2,1.7544705099987492,1.0465779316909973,1,2.8512640387464627e-15,1.3069141065278158,4
1.0,1,10,24,2,2.0145571935247357,1.098444855785059,1,7.168826107374907e-15,1.1758320278596606,4
1.0,1,10,25,2,1.3156552616205113,0.6879211332585016,1,1.304304485146911e-13,1.3820076007630608,4
1.0,1,10,26,2,1.891030214064402,1.0871127466424524,1,3.485113967602798e-15,1.3349026105588853,4
1.0,1,10,27,2,1.6383703434755628,0.9976513211295763,1,3.2277965062541484e-15,1.3521164124723306,4
1.0,1,10,28,2,2.4285457641534,0.7982921901573401,1,2.654934402822168e-15,1.234249497082308,4
1.0,1,10,29,2,1.1825709400954219,0.4571530942405104,1,3.5029381811388556e-15,1.3843089115750722,4
1.0,1,10,30,2,1.2744371298166697,0.6243832827608562,1,3.3121732141875677e-15,1.381796238252556,4
1.0,1,10,31,2,1.5059870892998592,0.8942994171421583,1,3.020727461953959e-15,1.3523104024089556,4
1.0,1,10,32,2,1.0112020342932024,0.04763569647376095,1,8.22312213402014e-15,1.3862892245912823,4
1.0,1,10,33,2,1.0169293233661407,0.07267855145755646,1,7.25932516752365e-15,1.3862898612133023,4
1.0,1,10,34,2,1.3260930833154723,0.6836652228091326,1,3.849522112343867e-15,1.380286588754654,4
1.0,1,10,35,2,1.5129101862163226,0.8779713306046483,1,8.226647621490058e-15,1.368404054085969,4
1.0,1,10,36,2,1.7715545932536614,1.0508629927235527,1,3.075026992431153e-15,1.344166422658833,4
1.0,1,10,37,2,1.2527915693246527,0.5582111262166236,1,1.2720963447663648e-14,1.3819795744529655,4
1.0,1,10,38,2,1.8778583307323216,1.0872194180731274,1,1.3261622680565083e-14,1.3507390815884377,4
1.0,1,10,39,2,1.0799743866933262,0.23652679265701695,1,3.2291945887684243e-15,1.385788946511038,4
1.0,1,10,40,2,1.5272273739137963,0.9208271314244281,1,1.3064990090550283e-13,1.375330458085938,4
1.0,1,10,41,2,1.1764503159759416,0.45964469210418374,1,3.765183524376079e-15,1.3844447900586712,4
1.0,1,10,42,2,1.032304732675336,0.11662616893738378,1,9.338018745731151e-14,1.3862921765099918,4
1.0,1,10,43,2,1.0780036399571489,0.2659297465232084,1,3.559938117316762e-15,1.3853951915116967,4
1.0,1,10,44,2,1.462245725337105,0.8492136851924027,1,3.759138479844359e-15,1.3749003033027674,4
1.0,1,10,45,2,1.1510761932775124,0.39947274818686324,1,3.3023817304542864e-15,1.3856936189778093,4
1.0,1,10,46,2,1.1097822673476452,0.331898006565126,1,3.825418628738909e-15,1.3852037349841066,4
1.0,1,10,47,2,2.0665193077204838,1.0866234796909868,1,3.69607938375677e-15,1.3253508053969454,4
1.0,1,10,48,2,1.6880035234816715,1.0222919550998277,1,5.364789379349408e-15,1.3194912305232926,4
1.0,1,10,49,2,1.8764419555880671,1.0825543496586731,1,4.77379158079597e-14,1.270839657944314,4
1.0,1,10,50,2,1.624760032474731,0.9370216748782778,1,6.246381269009795e-15,1.3177456392634475,4
1.0,1,10,51,2,1.1813566657187224,0.47956606965415494,1,3.75689377442425e-15,1.384459969839468,4
1.0,1,10,52,2,1.5670988921602076,0.931068319335774,1,3.852750612674455e-15,1.3657116288707785,4
1.0,1,10,53,2,1.9305250206645654,1.0949633184222034,1,5.450117675495818e-15,1.3592283595328472,4
1.0,1,10,54,2,2.2884355587393914,1.0320229790853601,1,4.9571508167121646e-15,1.3186598875874629,4
1.0,1,10,55,2,1.2013282843273008,0.5119975413845455,1,3.604278346477544e-15,1.3817235308379658,4
1.0,1,10,56,2,1.5615753173883073,0.9428598905587944,1,3.181762145695681e-15,1.369732297090747,4
1.0,1,10,57,2,1.5227889892633488,0.9174811405875172,1,4.070257472180729e-15,1.342771614522058,4
1.0,1,10,58,2,1.2647728009807149,0.5924475168965747,1,3.555909421917019e-15,1.3809939838977852,4
1.0,1,10,59,2,1.290164048847773,0.6505683313148106,1,3.619000467857696e-15,1.3786511580177165,4
1.0,1,11,0,0,1.969711381496238,1.0965043018368283,1,5.355515226460022e-15,1.2737689840000872,3
1.0,1,11,1,0,2.0174584571370886,1.0910160786684104,1,4.128925697060191e-15,1.2476616992097938,3
1.0,1,11,2,0,1.4486447035701724,0.8184428844904142,1,3.4682661406787822e-15,1.372582533644295,3
1.0,1,11,3,0,1.4541377474333472,0.8204369959852018,1,3.8006542235110006e-15,1.3644568671253596,3
1.0,1,11,4,0,1.4166734032206074,0.812388006375126,1,3.556469403743113e-15,1.38325238631771,3
1.0,1,11,5,0,1.822824231176499,1.0741952758377564,1,4.725617947382892e-15,1.3267325583133878,3
1.0,1,11,6,0,1.1791998494728557,0.4438754511685743,1,3.1069459741257702e-15,1.3847864043198173,3
1.0,1,11,7,0,1.556184598280884,0.9196369863228616,1,8.712000248117254e-15,1.3700551274745885,3
1.0,1,11,8,0,1.525399921992404,0.8848216709442166,1,6.731936415567544e-15,1.3826616759559724,3
1.0,1,11,9,0,1.548185479006472,0.8984356310016088,1,3.180668355848389e-15,1.3609493126519443,3
1.0,1,11,10,0,1.3831633883122205,0.7377391316521806,1,4.726866677362811e-15,1.3815067771272567,3
1.0,1,11,11,0,1.6997812764323386,1.011039924214196,1,3.4230450969662322e-15,1.3652873644115844,3
1.0,1,11,12,0,1.7902467878838881,1.0589681649843952,1,2.982221853895027e-15,1.35614374359975,3
1.0,1,11,13,0,1.3746320978710576,0.7335852825365694,1,7.411469189499407e-14,1.3830979178670182,3
1.0,1,11,14,0,1.7210196968642095,1.024028091354206,1,3.246908152630594e-15,1.3505972090287868,3
1.0,1,11,15,0,1.473544428333553,0.8375006318368241,1,1.3026743542418424e-13,1.378032773139107,3
1.0,1,11,16,0,1.3170523312859375,0.6717862783102933,1,9.864589973029917e-15,1.385614853990238,3
1.0,1,11,17,0,1.3954830876853672,0.746860555786003,1,3.4564266059752733e-15,1.3679721695432432,3
1.0,1,11,18,0,1.6548543656763444,0.9883453737862955,1,6.091824414995893e-15,1.3830963055533576,3
1.0,1,11,19,0,1.1960125614135344,0.4432077921838211,1,3.9090756686640885e-15,1.3843389522062992,3
1.0,1,11,20,0,1.5891827678708996,0.9486342989361265,1,6.9452273289108315e-15,1.3676475088141267,3
1.0,1,11,21,0,1.7489676071282096,1.0499455637319501,1,2.95441228769118e-15,1.3704614540325217,3
1.0,1,11,22,0,1.312160666003286,0.6730280214556571,1,4.156987863473171e-15,1.3782159291414562,3
1.0,1,11,23,0,2.0916017544166032,1.0885953634997594,1,3.1604494505580327e-15,1.324131241380818,3
1.0,1,11,24,0,1.3946058059671675,0.7737448337171787,1,3.717384439878013e-15,1.358410092779663,3
1.0,1,11,25,0,1.3076194081383055,0.6502067598254303,1,4.01288104932698e-15,1.377974060760686,3
1.0,1,11,26,0,1.6195749690336436,0.893923494359682,1,8.944602186419622e-14,1.3604860454992673,3
1.0,1,11,27,0,1.8980068585059715,1.0836232277552758,1,3.053661935516351e-15,1.3701988039038566,3
1.0,1,11,28,0,1.0300418064100052,0.10998190761203454,1,6.714241235354714e-14,1.3862302251671201,3
1.0,1,11,29,0,1.523579925246896,0.8807636938493052,1,3.1096495812891427e-15,1.3797961742943046,3
1.0,1,11,30,0,1.0447796403941445,0.14989095063180027,1,3.4692473247548708e-15,1.3862082311532815,3
1.0,1,11,31,0,1.568373440482399,0.9204432100392039,1,1.3039182774997806e-13,1.354134710020359,3
1.0,1,11,32,0,1.7320565225428828,1.0373129070764584,1,8.709797672615596e-14,1.3785493066405439,3
1.0,1,11,33,0,1.4633137464023078,0.8303985124205144,1,3.451047451871434e-15,1.374657102394176,3
1.0,1,11,34,0,1.3288480687329987,0.6621141479718666,1,3.8047146734780785e-15,1.3781571946610085,3
1.0,1,11,35,0,1.466693692955131,0.7653745925919189,1,5.5717015480863086e-15,1.3856700616087991,3
1.0,1,11,36,0,2.136284342987808,1.0770119685140043,1,3.646014436587478e-15,1.348222205935102,3
1.0,1,11,37,0,1.5516296455937646,0.9134304050345403,1,3.759179162887761e-15,1.3551222870586492,3
1.0,1,11,38,0,1.155452244856601,0.4520122575371237,1,1.55267337138315e-12,1.3710425001058515,3
1.0,1,11,39,0,1.8021920892215033,1.0552778554477678,1,3.53511185582392e-15,1.3771063477054726,3
1.0,1,11,40,0,1.8278746860390298,1.0675262529769842,1,4.210299608691323e-15,1.329655106181747,3
1.0,1,11,41,0,1.3799942942201286,0.7248258629325928,1,4.379400119886958e-15,1.3843861308745924,3
1.0,1,11,42,0,1.2417839736500584,0.4247345704862474,1,3.821592531355286e-15,1.3830323173559873,3
1.0,1,11,43,0,1.4914398619907776,0.8675943538044475,1,3.5436628721033216e-15,1.3574121617036792,3
1.0,1,11,44,0,1.2866610738702422,0.5530374660235443,1,3.556635353878467e-15,1.377732943888953,3
1.0,1,11,45,0,2.1938881811563373,1.0701217588404572,1,5.426816997103676e-15,1.2262029843767837,3
1.0,1,11,46,0,2.062179400952203,1.0887648434093435,1,7.164812217282523e-15,1.3057056255451096,3
1.0,1,11,47,0,1.4618906445802227,0.8307585543566491,1,3.362244458900507e-15,1.3587401288715872,3
1.0,1,11,48,0,2.0118855826633113,1.0943920786911556,1,3.612491605533489e-15,1.3433667208774709,3
1.0,1,11,49,0,1.398393653649908,0.760556576674006,1,3.347456738679955e-15,1.3757375390645696,3
1.0,1,11,50,0,1.8063137417635113,1.0689481780829024,1,3.645277618004223e-15,1.2993510728666375,3
1.0,1,11,51,0,1.5308180754758884,0.8996249231928632,1,2.5647966422600074e-12,1.3660879103047057,3
1.0,1,11,52,0,1.8301778632308192,1.0305385673780916,1,3.0694404866331097e-15,1.342441935154807,3
1.0,1,11,53,0,1.312244884491715,0.6860212792986927,1,3.676077137502371e-15,1.3735347500337698,3
1.0,1,11,54,0,1.5999029063096883,0.9686856527372796,1,3.019552340997683e-15,1.3692835300260475,3
1.0,1,11,55,0,1.7588932945725617,1.0520283822463836,1,3.2687853179999702e-15,1.3079502319536238,3
1.0,1,11,56,0,1.5202529563164284,0.8821009676400364,1,5.0203709261408515e-14,1.3325824363503649,3
1.0,1,11,57,0,1.1963206011668777,0.43580839047678266,1,8.549785533920913e-15,1.3851758228271365,3
1.0,1,11,58,0,1.7304941012259174,1.0328327252797043,1,1.6836815856927716e-08,1.3786568962153534,3
1.0,1,11,59,0,1.3277479570361568,0.6816449443120075,1,3.69323745877069e-15,1.3732675198754638,3
1.0,1,12,0,3,1.413302979381706,0.7766936713254808,1,4.05052401890414e-15,1.3790549388518023,3
1.0,1,12,1,3,2.241387986323188,1.0183911246208095,1,2.5233717684375556e-15,1.2021400976267498,3
1.0,1,12,2,3,1.503269245902566,0.901445945755021,1,7.67690925768787e-15,1.3781303755938037,3
1.0,1,12,3,3,2.1748233412429654,1.0447048746357466,1,2.385606928648471e-15,1.1902327428250021,3
1.0,1,12,4,3,1.8375953653308403,1.0766461416108335,1,3.0818335372413952e-15,1.327356387095799,3
1.0,1,12,5,3,1.727828936763002,1.0321208327686393,1,2.5536697297913673e-14,1.3642878857954215,3
1.0,1,12,6,3,1.6513375455252937,0.9743520326695307,1,3.2080487507497527e-15,1.3546219118041618,3
1.0,1,12,7,3,1.2937459505905207,0.6489018652879479,1,3.5560094117086704e-15,1.3813036172667514,3
1.0,1,12,8,3,1.3030677779111945,0.6710464953110775,1,3.610158408728774e-15,1.3804211897524419,3
1.0,1,12,9,3,1.4140248038216758,0.7878753441614099,1,3.4125977538952728e-15,1.3618363192514178,3
1.0,1,12,10,3,1.3115642516344603,0.6726265818624904,1,1.304071359907554e-13,1.380816413062982,3
1.0,1,12,11,3,1.454723416532286,0.8389769547296747,1,3.937998023403429e-15,1.3763962943079568,3
1.0,1,12,12,3,1.629934172180939,0.9918296909704576,1,3.12280367135794e-15,1.3474129996092243,3
1.0,1,12,13,3,1.0810269568330981,0.2613576755966801,1,3.2589700448738996e-15,1.3856188268065934,3
1.0,1,12,14,3,1.2955217404289023,0.6635020278847612,1,6.798886792145062e-15,1.3753440957087193,3
1.0,1,12,15,3,1.4733116744310235,0.8744721085722746,1,1.3025678287968026e-13,1.3650344427295735,3
1.0,1,12,16,3,1.808912377105312,1.050671593294436,1,3.125706313452744e-15,1.3042955130765883,3
1.0,1,12,17,3,1.3412261160807881,0.7107058412083302,1,3.419736774304962e-15,1.3791720386567827,3
1.0,1,12,18,3,1.436979371176582,0.8214741571613856,1,6.2481464903345656e-15,1.364054168962056,3
1.0,1,12,19,3,1.6544409758892749,1.0057383519341592,1,3.969252135002066e-15,1.3519970118745832,3
1.0,1,12,20,3,1.3073366458688163,0.6706316620391383,1,3.025351712028427e-15,1.381410001538659,3
1.0,1,12,21,3,1.4728943551168145,0.8544829740867115,1,3.1855734188936762e-15,1.3689225315080495,3
1.0,1,12,22,3,1.7796869557741148,1.0618632968981645,1,5.132089509835347e-14,1.3748407231433082,3
1.0,1,12,23,3,1.3721892647563045,0.7375239967137431,1,3.610429083575962e-15,1.3805261491414904,3
1.0,1,12,24,3,1.078817088970423,0.24971849803343274,1,3.0838701215351444e-15,1.3858078645738794,3
1.0,1,12,25,3,1.0458720983045693,0.165318959541084,1,4.144689103279513e-15,1.3861094874533568,3
1.0,1,12,26,3,2.135348381131188,1.0341269461935547,1,2.7391241603899737e-15,1.1524720266981991,3
1.0,1,12,27,3,1.3691850633895444,0.7506602584668152,1,3.543768155418663e-15,1.371072716387882,3
1.0,1,12,28,3,2.031145000101625,1.0978713495883938,1,5.210449095117927e-15,1.2547817300197364,3
1.0,1,12,29,3,1.3115087995628472,0.6712217184584712,1,3.593454333535594e-15,1.378517530388113,3
1.0,1,12,30,3,1.949111656643021,1.093494436327889,1,2.7812654607333653e-15,1.3023810926524213,3
1.0,1,12,31,3,1.5299125416177066,0.9142091094919004,1,3.3104182900244797e-15,1.3490939422374855,3
1.0,1,12,32,3,1.7217411216121898,1.031609893727321,1,1.3030166106533054e-13,1.3340202527818483,3
1.0,1,12,33,3,2.118478670673426,1.0837808910199902,1,3.171706362562173e-15,1.307723402649263,3
1.0,1,12,34,3,1.0143919940723605,0.060754446197569534,1,1.6254228663592411e-13,1.3862530635476766,3
1.0,1,12,35,3,1.8830924864350016,1.051481120656063,1,2.5553801018640642e-15,1.2385052295822958,3
1.0,1,12,36,3,1.1194167345072816,0.3544506926561358,1,7.779143077535866e-15,1.3859067525261461,3
1.0,1,12,37,3,1.4478336600404478,0.8387884051868484,1,3.3549744626918862e-15,1.3728125590835516,3
1.0,1,12,38,3,1.5347895106082452,0.8512965150046314,1,3.1900907633337108e-15,1.3666228319680462,3
1.0,1,12,39,3,1.7281865593957912,1.0104082902689187,1,3.376064947259505e-15,1.3360996236522111,3
1.0,1,12,40,3,1.4641519225388393,0.8553698105351888,1,6.90634279973063e-15,1.3771842708167534,3
1.0,1,12,41,3,1.0972272142291095,0.2794264311090912,1,3.723280169870304e-15,1.3858949527673627,3
1.0,1,12,42,3,1.2040532149863985,0.5275467865086217,1,3.4683396583692e-15,1.3810480248862242,3
1.0,1,12,43,3,1.5239996216910283,0.90404481951065,1,6.156625750170911e-15,1.3709479668473321,3
1.0,1,12,44,3,1.542791253632625,0.9182701020509216,1,3.27783783602975e-15,1.3660864489562063,3
1.0,1,12,45,3,2.225588279278191,1.0537766355542046,1,5.030551569159597e-15,1.2973582164982431,3
1.0,1,12,46,3,2.0239780636810787,1.0965553806909605,1,2.7816404110421633e-15,1.2704665924681033,3
1.0,1,12,47,3,1.4568514474023555,0.8328012985507693,1,3.1890480346098207e-15,1.3609486998912668,3
1.0,1,12,48,3,1.8522029986607775,1.0821528665159144,1,2.5971920419131805e-15,1.293348927554404,3
1.0,1,12,49,3,1.7995460542942385,1.0682236045314677,1,3.4915437198930786e-15,1.3528812841771645,3
1.0,1,12,50,3,1.2359063726039525,0.5247776995012918,1,3.4524411106905254e-15,1.3841925338366092,3
1.0,1,12,51,3,1.4885813149192888,0.8636302076166518,1,5.177251682910145e-15,1.3383362902230167,3
1.0,1,12,52,3,1.1020096191127717,0.2939315829576892,1,3.958097384818587e-15,1.3858452850125684,3
1.0,1,12,53,3,1.5290047148350432,0.9053993429860858,1,1.3016791665527254e-13,1.372553261062362,3
1.0,1,12,54,3,2.1272206498370068,1.0340989448335738,1,9.390857125094904e-14,1.29002649080407,3
1.0,1,12,55,3,1.5200781499000984,0.9130676025136287,1,4.030577403175813e-15,1.3673410513152955,3
1.0,1,12,56,3,1.0215321798100718,0.10108807802516104,1,1.6008225684021107e-12,1.3859445574006912,3
1.0,1,12,57,3,1.396545818443891,0.7594007959839653,1,3.400604170529123e-15,1.3718357824169183,3
1.0,1,12,58,3,1.6019975304162144,0.9696282787383876,1,3.3773570298625704e-15,1.3658692473295329,3
1.0,1,12,59,3,1.513429210372247,0.8986072504165485,1,3.0377481119983902e-15,1.3511729119700302,3
1.0,1,13,0,2,1.6847093576763434,1.0136416614742818,1,4.6283159060872635e-15,1.3619045693756817,4
1.0,1,13,1,2,2.060366336649235,1.0937928103952586,1,4.986571842028218e-15,1.339162203445483,4
1.0,1,13,2,2,1.537805677005713,0.8921612662359992,1,3.430783377707756e-15,1.3679783757901771,4
1.0,1,13,3,2,1.3404622535660529,0.7181399812898173,1,3.645418743851872e-15,1.3782069528013399,4
1.0,1,13,4,2,1.739450446443821,1.0457948050261372,1,1.2985444987976325e-13,1.3394464837959796,4
1.0,1,13,5,2,1.245819147015984,0.5902105145587643,1,3.6299421896866165e-14,1.376771296352244,4
1.0,1,13,6,2,1.7679279556027327,1.0473144493924904,1,3.390469003749729e-15,1.3490058775228386,4
1.0,1,13,7,2,1.5162331107343532,0.9067886516803119,1,3.276060076729881e-15,1.3490644804238447,4
1.0,1,13,8,2,2.4425692837690898,0.9251426993044052,1,2.438917545054378e-15,1.2245461647803835,4
1.0,1,13,9,2,1.5808638133024333,0.9574320662583786,1,5.2809784342581855e-15,1.3801760182229532,4
1.0,1,13,10,2,2.0963738220790473,1.0913472356017033,1,2.0632234094433056e-12,1.3412643167913023,4
1.0,1,13,11,2,1.2396481837894056,0.5727378670086773,1,3.5302617726800433e-15,1.3820446246125062,4
1.0,1,13,12,2,1.946456655144228,0.836159181979039,1,2.6122578960632287e-15,0.8976240075977736,4
1.0,1,13,13,2,1.7274110718823255,1.0378334075166131,1,3.4977835160434216e-15,1.3430234066130622,4
1.0,1,13,14,2,1.5673691836755201,0.9316104943851192,1,3.210450650266445e-15,1.364018078396453,4
1.0,1,13,15,2,1.2985665805017474,0.6533689186260729,1,6.795742691598801e-15,1.3684736740442371,4
1.0,1,13,16,2,2.203898316899026,1.061906388576432,1,8.407574394209793e-15,1.3039040032570988,4
1.0,1,13,17,2,1.0219955097980404,0.098301521939518,1,7.9744426405095e-14,1.3862358529147267,4
1.0,1,13,18,2,2.1255646655693474,1.0844044410831717,1,1.3935938952632714e-13,1.3581039702035647,4
1.0,1,13,19,2,1.250484375901265,0.5802652151318105,1,1.3480617364115874e-14,1.3814033048331567,4
1.0,1,13,20,2,1.2219852747377653,0.5383828976761154,1,3.645319309470147e-15,1.3834073066712274,4
1.0,1,13,21,2,2.226205475865363,1.053868760121417,1,8.037552741922407e-15,1.270771565055916,4
1.0,1,13,22,2,1.4688684580417413,0.8598388366712549,1,3.2871536456980495e-15,1.3718836632243057,4
1.0,1,13,23,2,1.9083553393380228,1.0634889388801068,1,2.8196769583916296e-15,1.1541801222047838,4
1.0,1,13,24,2,2.1998652342025116,1.0308834496876005,1,1.3240231577566e-13,1.321145084830957,4
1.0,1,13,25,2,1.209231567883318,0.4792595957464788,1,3.639097501244984e-15,1.3827558844217513,4
1.0,1,13,26,2,1.8577953007226031,1.0671354988011919,1,4.240069586915608e-15,1.3475657303410669,4
1.0,1,13,27,2,1.0292335186148074,0.11408700700338616,1,4.821676660919206e-14,1.386127647362765,4
1.0,1,13,28,2,1.555893189593403,0.943104152848234,1,1.796275717001552e-12,1.26740736246586,4
1.0,1,13,29,2,2.1154322958920484,1.0883635362000068,1,2.9767540915639934e-15,1.2767892604257731,4
1.0,1,13,30,2,1.428675501951635,0.8346897272783381,1,6.092754879610465e-15,1.34291354325782,4
1.0,1,13,31,2,1.667182625838841,1.0098302290138652,1,3.1917345402470072e-15,1.357093354350148,4
1.0,1,13,32,2,1.4171492360549507,0.8058709582584226,1,4.0035397510524055e-15,1.3781989264868577,4
1.0,1,13,33,2,1.9383881472571505,1.0942093893005562,1,3.984316425037396e-15,1.3044767386518448,4
1.0,1,13,34,2,1.8146583988236034,1.0725690602782518,1,3.83556125074909e-15,1.3140650586466613,4
1.0,1,13,35,2,1.2887716308543014,0.6403344136728136,1,3.949439899115433e-15,1.3835973603094518,4
1.0,1,13,36,2,1.6525162537673164,1.0003083190979871,1,4.588978313044561e-15,1.3623462219710072,4
1.0,1,13,37,2,1.6696231106226598,1.0099964703469153,1,3.1214128909907255e-15,1.3528288388595358,4
1.0,1,13,38,2,1.0661694521165679,0.21000942028469083,1,3.661593130772572e-15,1.38549748630889,4
1.0,1,13,39,2,1.109569011958667,0.318941045603738,1,3.4322878399333626e-15,1.385320919418506,4
1.0,1,13,40,2,1.7041329090553514,0.9849279280475383,1,3.2067058225633376e-15,1.3517727793988736,4
1.0,1,13,41,2,1.5092379906082698,0.9037132771016192,1,3.0191360404848457e-15,1.3591396777807314,4
1.0,1,13,42,2,1.716055365353712,1.0194337987128563,1,9.586922397327425e-15,1.3563884516831504,4
1.0,1,13,43,2,1.4435320240107736,0.83887305332831,1,3.464134866973785e-15,1.3787076228864217,4
1.0,1,13,44,2,1.668760824156617,0.9940437400542046,1,3.8016469988575136e-15,1.3645671413150364,4
1.0,1,13,45,2,1.4914628251918889,0.8816343360859566,1,3.688187279373198e-15,1.371937004663773,4
1.0,1,13,46,2,2.0643785738414477,1.093205244840191,1,2.553014066859167e-15,1.2587169613448932,4
1.0,1,13,47,2,1.0947058209900657,0.27883654423313675,1,7.94631301706569e-15,1.3857394743018339,4
1.0,1,13,48,2,1.5097773970304993,0.8950314593395434,1,3.413004908065947e-15,1.3688970267762817,4
1.0,1,13,49,2,1.834701040441938,1.0771341316915561,1,2.982459879907004e-15,1.287950026921386,4
1.0,1,13,50,2,1.1368591775491868,0.3700364024666351,1,1.708088294232931e-12,1.3820812011289147,4
1.0,1,13,51,2,1.5331849688170964,0.9082562836086885,1,4.454504637449585e-15,1.37494354233052,4
1.0,1,13,52,2,1.523497146333206,0.9163862790450852,1,1.3128869380629942e-13,1.3731730389917813,4
1.0,1,13,53,2,1.2617975928716567,0.6033286220977501,1,3.528273091052191e-15,1.3807316680293171,4
1.0,1,13,54,2,1.003754234180823,0.019955898291890404,1,7.219632452001035e-15,1.3862933720789081,4
1.0,1,13,55,2,1.893204998708264,1.0893048121316171,1,4.4515078146505686e-15,1.340704616737758,4
1.0,1,13,56,2,1.1816927773561199,0.46269105397749627,1,3.469165853148302e-15,1.3831406344168429,4
1.0,1,13,57,2,1.5785386508965786,0.936502592165629,1,4.766054631797443e-15,1.3773850568865886,4
1.0,1,13,58,2,1.027634173311631,0.11853643539177011,1,2.744841701273676e-14,1.3862634821156523,4
1.0,1,13,59,2,1.3408708183541531,0.7019864690420212,1,5.067417637229834e-15,1.3726180043549432,4
1.0,1,14,0,2,1.2652907567653084,0.5904797744799589,1,2.7363933241900702e-14,1.372848909402244,3
1.0,1,14,1,2,1.050729300956125,0.19988831797749781,1,3.596338588355217e-15,1.3856726406555824,3
1.0,1,14,2,2,1.2745225934419357,0.6433721247855855,1,4.846634060518573e-15,1.376551060615383,3
1.0,1,14,3,2,1.348777912915987,0.7258104008779609,1,7.181472702468608e-15,1.380453869905944,3
1.0,1,14,4,2,1.8348557266564898,1.072240858234429,1,3.0833646311760303e-15,1.3374388886456954,3
1.0,1,14,5,2,1.3103957165824236,0.6718308976456857,1,3.534097753117409e-14,1.380548787981661,3
1.0,1,14,6,2,2.3563428999395506,0.9835250648109735,1,1.1723176540747875e-12,1.2501422342434696,3
1.0,1,14,7,2,1.4790446180284145,0.8715140902322415,1,3.4341160764214372e-15,1.375128069378816,3
1.0,1,14,8,2,2.0202370573415593,1.0913662697436486,1,3.1197846909851645e-15,1.282791788386378,3
1.0,1,14,9,2,1.454537285399017,0.8454398245429651,1,3.2237062965191934e-15,1.3644119153346859,3
1.0,1,14,10,2,2.2066327650963533,1.0575074068290231,1,2.8751146092893766e-15,1.2896938420014352,3
1.0,1,14,11,2,1.0042271660689035,0.020636719654325716,1,8.392963972367001e-15,1.3862937798692156,3
1.0,1,14,12,2,1.6524352314689426,0.9990139008315082,1,3.634272877104742e-15,1.3612864306719996,3
1.0,1,14,13,2,1.59875475901236,0.9714640967501718,1,2.96161855407002e-15,1.3456140631543096,3
1.0,1,14,14,2,1.5378429605412243,0.9152421658977385,1,3.208574166391713e-15,1.3650378326179307,3
1.0,1,14,15,2,1.595237110348207,0.9397469335120164,1,1.3183937558679898e-13,1.380588426646304,3
1.0,1,14,16,2,1.3933586363412953,0.6976302044905385,1,3.760635805230692e-15,1.3698055384061334,3
1.0,1,14,17,2,2.5294700053963766,0.8009720920800312,1,2.2101382742167167e-15,1.1328942799507153,3
1.0,1,14,18,2,1.045673929345218,0.16202386962510468,1,3.254239069047298e-15,1.3860626747719809,3
1.0,1,14,19,2,1.9011785559306424,0.9517570481505322,1,2.711030471170373e-15,1.0585432631757898,3
1.0,1,14,20,2,1.8487186169836,1.0519786632622938,1,5.276865032967526e-15,1.3525519421443732,3
1.0,1,14,21,2,2.029593294097166,1.0979550571517482,1,3.985162407161837e-15,1.3111726202977216,3
1.0,1,14,22,2,1.3128488745205227,0.693343180436117,1,4.428045335365284e-15,1.3856851147746017,3
1.0,1,14,23,2,1.8901862789876538,1.082907374055996,1,3.531765970648341e-15,1.3674023481118611,3
1.0,1,14,24,2,2.4786048512876624,0.9160515976541965,1,4.7255198545485266e-15,1.2505482432188875,3
1.0,1,14,25,2,1.0459928639305314,0.155151290987578,1,8.539542132733437e-15,1.3861517762600997,3
1.0,1,14,26,2,1.3346421044229504,0.7139155892921623,1,3.374925402936268e-15,1.3751547880006605,3
1.0,1,14,27,2,2.223970818892512,0.8914216772295835,1,1.4197209014001737e-13,1.2885661464901355,3
1.0,1,14,28,2,2.4197821251890193,0.8722360760606472,1,6.984140284215037e-15,1.2600011970445757,3
1.0,1,14,29,2,1.5465866456444173,0.8898975580780436,1,5.138226369525296e-15,1.367833735531565,3
1.0,1,14,30,2,1.9913258943895347,1.0958023529987737,1,4.678242665998233e-14,1.180493902000764,3
1.0,1,14,31,2,1.3615283921606647,0.7392125856002693,1,3.75702213720132e-15,1.378555614408648,3
1.0,1,14,32,2,1.3939148775988874,0.7992815094873142,1,3.452422695901681e-15,1.3502864710408775,3
1.0,1,14,33,2,1.269327523314705,0.606307219394481,1,1.3266921363423974e-13,1.3835629017975508,3
1.0,1,14,34,2,1.3510315309619896,0.727888554561322,1,3.294000210799701e-15,1.3696122781367674,3
1.0,1,14,35,2,1.4516888988704193,0.837119589247354,1,3.507275265323562e-15,1.3705536168078212,3
1.0,1,14,36,2,1.6185695227823682,0.9666134714854442,1,3.419572812879936e-15,1.3529566638614035,3
1.0,1,14,37,2,1.1408587684759395,0.3475010029459149,1,1.5314549643790041e-12,1.382048878049142,3
1.0,1,14,38,2,1.0343083266555606,0.12745057487330783,1,2.284616424556258e-14,1.3862025755006964,3
1.0,1,14,39,2,1.6146396814804709,0.9651630120428932,1,4.0031808650247295e-15,1.3653282011870838,3
1.0,1,14,40,2,1.587330830930846,0.9594233321219743,1,3.3252785393081462e-15,1.359986293132373,3
1.0,1,14,41,2,1.228553940684247,0.5373337007894728,1,1.9945331733357812e-11,1.3844028979062382,3
1.0,1,14,42,2,1.4295127274638812,0.8104194785121003,1,3.2365992374063957e-15,1.3717352781288548,3
1.0,1,14,43,2,1.7997679149873014,1.0670636461794931,1,2.9994653366331636e-15,1.3043242764889993,3
1.0,1,14,44,2,1.5839918458322115,0.9633542681837948,1,7.166868347621291e-15,1.2874624982771596,3
1.0,1,14,45,2,1.6043036083785234,0.9594489887820589,1,3.974462961201887e-15,1.3508952875563098,3
1.0,1,14,46,2,2.135537200161626,1.0843621385572417,1,3.0337697639636754e-15,1.2968288302386768,3
1.0,1,14,47,2,1.7973543743506826,1.0309757012343383,1,1.385855052543733e-12,1.263099898363441,3
1.0,1,14,48,2,1.4785040271612238,0.8603189337276886,1,5.037269267271904e-15,1.3812535146880347,3
1.0,1,14,49,2,1.4620828159851942,0.84236548346947,1,3.3876142229326617e-15,1.371918100345586,3
1.0,1,14,50,2,1.591024576907769,0.9525779308494284,1,1.3025676916664172e-13,1.3585613396190963,3
1.0,1,14,51,2,1.9925552926099384,1.0854649536630812,1,1.4942175282792758e-12,1.2746844374893802,3
1.0,1,14,52,2,1.5969749651482632,0.9658921929357209,1,1.4628662257687116e-12,1.2926198554656596,3
1.0,1,14,53,2,2.2022340172580597,1.0126848835332876,1,2.8377226212079813e-15,1.2748761299434708,3
1.0,1,14,54,2,1.6251521450230215,0.9843430832385311,1,3.0743019106308914e-15,1.3003875953590007,3
1.0,1,14,55,2,1.2049140458476622,0.5333348057970699,1,3.3496429662059088e-15,1.381019208366124,3
1.0,1,14,56,2,2.3820680087366775,0.9079675575132707,1,2.5472196315267603e-15,1.2359130136067673,3
1.0,1,14,57,2,1.6101715998740405,0.9487814892345496,1,6.205709630450971e-14,1.3268911874320337,3
1.0,1,14,58,2,1.9040499999282625,1.0912180611809754,1,3.111255242077743e-15,1.307951558471299,3
1.0,1,14,59,2,1.6230712073808398,0.9762601982027246,1,3.3516756224331642e-15,1.3603838815955802,3
1.0,1,15,0,2,1.7280551948735736,1.0415792278271065,1,4.994567323906074e-15,1.3554499644732,2
1.0,1,15,1,2,1.0024594806397467,0.014529812733829042,1,3.8902941167656126e-14,1.3862933547914982,2
1.0,1,15,2,2,1.3727249243380828,0.7375398022146217,1,3.823349968239946e-15,1.3795061436006821,2
1.0,1,15,3,2,1.3447872621096613,0.7066435416170397,1,3.797863635586726e-15,1.3782976498477673,2
1.0,1,15,4,2,1.6748005448101115,1.0166300798179817,1,3.4638819577218504e-15,1.3503931060317673,2
1.0,1,15,5,2,1.1613000009716299,0.42884853801909606,1,3.746963620702084e-15,1.3850101007849172,2
1.0,1,15,6,2,1.9756676655318302,1.0770718111650834,1,3.282302483285138e-15,1.2973888780458007,2
1.0,1,15,7,2,1.3895240942723017,0.7725787095031644,1,3.5039021571914205e-15,1.3666596869119383,2
1.0,1,15,8,2,1.4492642269421627,0.8328414953249194,1,4.9478185784851567e-14,1.3763686060586091,2
1.0,1,15,9,2,1.0038916573672894,0.02450173955967278,1,3.460550929945423e-15,1.3862934336386008,2
1.0,1,15,10,2,2.2843231503252643,1.0208561052323095,1,4.0325714412601206e-15,1.2674994646076863,2
1.0,1,15,11,2,1.5282064211466577,0.913768382378122,1,3.8508549984824136e-15,1.3702617892487476,2
1.0,1,15,12,2,1.2038830120872779,0.4835664810906961,1,4.38315280829343e-15,1.3835154206075924,2
1.0,1,15,13,2,1.292112281386668,0.6468617926859244,1,3.638622829000483e-15,1.3797637579885265,2
1.0,1,15,14,2,2.149186839750021,1.0533435742375228,1,3.079791731475538e-14,1.048071577519329,2
1.0,1,15,15,2,1.3381449354838044,0.7115876731600522,1,1.828894756345334e-12,1.383986962323255,2
1.0,1,15,16,2,1.803213678143133,1.069183872218842,1,3.918807888705573e-15,1.3455988038521383,2
1.0,1,15,17,2,1.0523298797092255,0.17321705288403616,1,3.5027327942952525e-15,1.386108926429995,2
1.0,1,15,18,2,1.0584671132409451,0.18107286407880455,1,3.688450326143741e-15,1.3858382173011974,2
1.0,1,15,19,2,1.2880511965690233,0.6560599977762246,1,3.4445110804911545e-15,1.3797002942431034,2
1.0,1,15,20,2,1.3586879575127169,0.7459933072637603,1,3.556787342662766e-15,1.3788082011480018,2
1.0,1,15,21,2,1.7663201400530901,1.0568884030742878,1,3.2118202191326918e-15,1.3083674353639858,2
1.0,1,15,22,2,1.8062216342133852,1.0676647649830333,1,4.6061829501533454e-14,1.2714807209020718,2
1.0,1,15,23,2,1.4731325549730672,0.8779302575361406,1,3.3559677748502746e-15,1.3469472824683335,2
1.0,1,15,24,2,1.3896921761912413,0.7699324433748878,1,3.478282875463213e-15,1.3712269825703114,2
1.0,1,15,25,2,1.7593584979261319,1.0522985749672655,1,4.471524192429568e-12,1.3495371672228345,2
1.0,1,15,26,2,1.4113299107859412,0.8186572430141555,1,3.7880309622209984e-15,1.3685867671202225,2
1.0,1,15,27,2,1.3741008777828723,0.7726660474376821,1,3.781689498817816e-15,1.3792343818719375,2
1.0,1,15,28,2,1.5937862789251667,0.9640988740245306,1,4.011048260627017e-15,1.3644058770314347,2
1.0,1,15,29,2,1.4890096988949815,0.7987713072077287,1,3.1604961697228936e-15,1.3610222077485141,2
1.0,1,15,30,2,1.333781839818171,0.6991527377220561,1,3.2631831746933675e-15,1.3794691771992091,2
1.0,1,15,31,2,1.6070829979781154,0.9702304000134427,1,3.081944887470877e-15,1.3584926848186827,2
1.0,1,15,32,2,2.075995420412574,1.09386023604497,1,3.932917982541479e-15,1.3087198897968795,2
1.0,1,15,33,2,1.6367106985562043,0.9955401846572101,1,3.0053321637531957e-15,1.302044416592656,2
1.0,1,15,34,2,2.2360828343695807,1.0515065134163573,1,5.2763620749979446e-14,1.3266205856322215,2
1.0,1,15,35,2,1.4165276905479227,0.8095309381671569,1,3.783375137117248e-15,1.3733532152589016,2
1.0,1,15,36,2,1.5960490254321842,0.9551337635914082,1,3.198582875495649e-15,1.359310754849432,2
1.0,1,15,37,2,1.641375325934579,0.9936508321310455,1,3.1776312704698713e-15,1.3548624366334534,2
1.0,1,15,38,2,1.0072242006681702,0.035439298608805125,1,3.5134779665434095e-15,1.386293112727975,2
1.0,1,15,39,2,1.6038225609936916,0.965179661244397,1,3.7368343038340096e-15,1.3705007452433764,2
1.0,1,15,40,2,2.0120088547124846,1.098136171183867,1,1.3006634098985375e-13,1.3246203481987695,2
1.0,1,15,41,2,2.037502876007498,1.08972675678201,1,3.5969597847587064e-15,1.314849536487786,2
1.0,1,15,42,2,1.0832389377235165,0.27951461057483085,1,3.6276493133107944e-14,1.386075310768671,2
1.0,1,15,43,2,1.8367052411446685,1.0619364160670495,1,1.6168376511804193e-12,1.2304076396288488,2
1.0,1,15,44,2,1.0067212817368802,0.03231667592937341,1,4.601585813534771e-15,1.3862904716070523,2
1.0,1,15,45,2,1.9376585547394847,1.0952282724396452,1,1.3094689306651343e-13,1.3318002780024212,2
1.0,1,15,46,2,1.8168935874673138,1.0638222041576857,1,4.349364776124837e-15,1.2957276417147663,2
1.0,1,15,47,2,1.1797049295601474,0.48583062218506284,1,3.2031459639310934e-15,1.3824948900675522,2
1.0,1,15,48,2,1.2498381230040638,0.5853993941534159,1,3.673409284007483e-15,1.3835600815863747,2
1.0,1,15,49,2,1.3830358274321302,0.7411335734896383,1,3.928153057896995e-15,1.3768346722926612,2
1.0,1,15,50,2,1.426089332007277,0.7966748370453579,1,3.716748268180669e-15,1.3771381607455577,2
1.0,1,15,51,2,1.3751392754769212,0.7699523598155231,1,1.65347592647629e-12,1.380409791977626,2
1.0,1,15,52,2,1.0628524465298947,0.22711945023499472,1,3.996846244101477e-15,1.385516676279289,2
1.0,1,15,53,2,2.391349776029663,0.9671352728605848,1,2.4469735055610605e-15,1.1564467553260735,2
1.0,1,15,54,2,1.4602402782102992,0.8345320819327107,1,3.203430861416668e-15,1.3670185864899396,2
1.0,1,15,55,2,1.2550923734719879,0.6041665450629784,1,1.3051713226797082e-13,1.3810950985766899,2
1.0,1,15,56,2,2.207009079418646,1.0522291494862017,1,2.4055495458934768e-15,1.184410847370362,2
1.0,1,15,57,2,1.3042888794730079,0.6545066559678816,1,3.505241450085068e-15,1.3740080479182804,2
1.0,1,15,58,2,1.2870652003288081,0.642866646359033,1,3.668753241006052e-15,1.3820031748876478,2
1.0,1,15,59,2,1.6411408537476555,0.995821533130987,1,1.3237018736871348e-13,1.381279418228834,2
1.0,1,16,0,2,1.1861639643280233,0.48631017678079363,1,5.2135038990603595e-15,1.3854765603333186,3
1.0,1,16,1,2,1.7565196405094607,1.037504056242118,1,4.0789983429359065e-15,1.3550174906637378,3
1.0,1,16,2,2,1.4359110945248212,0.8230579902914384,1,3.5803758660790244e-15,1.3725277464032177,3
1.0,1,16,3,2,1.7447928981205674,1.0410654390559757,1,2.938116337223102e-15,1.3364172880310512,3
1.0,1,16,4,2,1.0344257756312703,0.13405531681372743,1,6.1592916082874244e-15,1.3861993490562723,3
1.0,1,16,5,2,1.3250231025461332,0.6392935432660847,1,3.76170179337974e-15,1.3832671470174764,3
1.0,1,16,6,2,1.618941328827808,0.9865356995670602,1,4.754850418389112e-14,1.3231764415200875,3
1.0,1,16,7,2,1.5483087107821847,0.9270133223152137,1,3.115030903423615e-15,1.337866921771663,3
1.0,1,16,8,2,1.938914342944657,1.0655481564048355,1,2.9024381661222432e-15,1.28076671814754,3
1.0,1,16,9,2,1.4011578358577657,0.7644622697493944,1,3.5426380290124707e-15,1.3776427027915839,3
1.0,1,16,10,2,1.6767589261640135,1.0146036795677809,1,3.920163181647937e-14,1.2747779371594312,3
1.0,1,16,11,2,1.6020028338129624,0.9631283876927034,1,3.711541886037485e-15,1.3710156132149112,3
1.0,1,16,12,2,1.558813676016814,0.9344803820590425,1,6.864986770610755e-13,1.35195536285641,3
1.0,1,16,13,2,1.4748244654261269,0.8671216261323045,1,4.3021427806202415e-15,1.3800130106273325,3
1.0,1,16,14,2,1.6089231145306107,0.9719276932463106,1,3.243384231793497e-15,1.3591576351319268,3
1.0,1,16,15,2,1.2492099035973445,0.5850975624552375,1,1.301868471177279e-13,1.3833943715551904,3
1.0,1,16,16,2,1.4119888640597178,0.8041688713735478,1,3.4927853649574967e-15,1.3728326231740362,3
1.0,1,16,17,2,1.1297266105668804,0.3646856343443068,1,3.8215707360878275e-15,1.3852692325922453,3
1.0,1,16,18,2,1.6522818825368746,0.9983624193395365,1,3.3662623736475216e-15,1.3377701602981942,3
1.0,1,16,19,2,1.165862173998973,0.4446740624975382,1,3.571513590108716e-15,1.3835460448834453,3
1.0,1,16,20,2,1.0791154611011553,0.2374319359938929,1,6.316508339778132e-15,1.3859431668003495,3
1.0,1,16,21,2,1.1126822149852162,0.34594005787856247,1,2.104984643118545e-12,1.3816786836212138,3
1.0,1,16,22,2,1.8365459935172936,1.077921234355565,1,3.3257695720674645e-15,1.3369592796003467,3
1.0,1,16,23,2,1.0009972335260457,0.005851183004109781,1,1.0936587809252122e-12,1.386294148791544,3
1.0,1,16,24,2,1.1874459110180278,0.48324538660199007,1,6.614649695991e-15,1.384632915538837,3
1.0,1,16,25,2,1.564265695851332,0.9400448485409664,1,3.953593162159371e-14,1.3749593859592564,3
1.0,1,16,26,2,1.6200908445319557,0.9807231802172477,1,3.145081256189948e-15,1.3498345294816279,3
1.0,1,16,27,2,1.6934841308831063,1.0244546039468014,1,3.1085812274289188e-15,1.3553950838318702,3
1.0,1,16,28,2,1.024234459962485,0.08861344938687374,1,1.3144989471326184e-13,1.3862626682976846,3
1.0,1,16,29,2,2.017839615017824,1.0974527750888217,1,4.697881483457193e-15,1.3013505387538187,3
1.0,1,16,30,2,2.200313725884447,1.0659735121003666,1,1.327204993577383e-13,1.3588022817685346,3
1.0,1,16,31,2,1.4864240065630332,0.8849070873225238,1,3.1874927183817417e-15,1.3439041720806855,3
1.0,1,16,32,2,1.0295532029115788,0.1085411741673635,1,5.118428317408721e-15,1.3862358978713023,3
1.0,1,16,33,2,1.4908928025224644,0.8549650524551395,1,7.01329761044536e-14,1.3743220908611802,3
1.0,1,16,34,2,1.6282021120737464,0.9894980327389253,1,2.984321242041135e-15,1.353118065183979,3
1.0,1,16,35,2,1.28460103094209,0.6436233142208587,1,3.795376315531187e-15,1.3810911524932672,3
1.0,1,16,36,2,2.3165093806138386,1.018766740062014,1,3.190979009902881e-15,1.3095086266738565,3
1.0,1,16,37,2,1.4285146097971138,0.8127749861180898,1,6.45583196851637e-15,1.3766156192619867,3
1.0,1,16,38,2,1.5650665533911166,0.9355122785200407,1,5.224405878941405e-15,1.3798438611982955,3
1.0,1,16,39,2,1.2939346865025416,0.6343757718458204,1,3.540178758719742e-15,1.380814114494625,3
1.0,1,16,40,2,1.4059907268485696,0.7769174456150739,1,3.770681504012937e-15,1.3769725286268089,3
1.0,1,16,41,2,1.8519075654659884,1.0779651892908109,1,6.071736261704525e-15,1.3418456208849832,3
1.0,1,16,42,2,1.4684586212356974,0.8613264420156019,1,3.4379497840724974e-15,1.36965881095183,3
1.0,1,16,43,2,2.0927164212436553,1.0797482222212895,1,4.1030904544234183e-14,1.367424089491754,3
1.0,1,16,44,2,2.0212616107919645,1.0982539551073862,1,3.4672093128091277e-15,1.2968773440931916,3
1.0,1,16,45,2,1.2698669252404589,0.6355824470353131,1,3.9490360582787796e-15,1.381200993770748,3
1.0,1,16,46,2,1.5066855478728531,0.8970537684622224,1,3.4160782590047573e-15,1.3654281179446812,3
1.0,1,16,47,2,1.4042123551358587,0.7969812858743196,1,8.302077114925711e-13,1.3805871579631097,3
1.0,1,16,48,2,1.4151261557765167,0.7949257221067121,1,3.648395268104048e-15,1.3772124694525034,3
1.0,1,16,49,2,1.7057412099283489,1.0274278933044445,1,1.1842664205907555e-12,1.2154925476352503,3
1.0,1,16,50,2,1.5971351464771655,0.9560882204190141,1,3.0694747470916912e-15,1.3623571264738954,3
1.0,1,16,51,2,1.0381947713584239,0.15729725061033029,1,6.272201168793176e-14,1.385524912597717,3
1.0,1,16,52,2,1.0286421057291084,0.10736747224048976,1,8.310494789540456e-15,1.3862585027873282,3
1.0,1,16,53,2,2.3235237595546834,0.9223315759860917,1,1.298084005051815e-13,1.2586355569842183,3
1.0,1,16,54,2,1.0812861110606216,0.25662187637300055,1,7.756596873754387e-12,1.3861354590139003,3
1.0,1,16,55,2,2.3103412286894733,0.9512001828377248,1,5.6475362270913935e-15,1.2433304097650175,3
1.0,1,16,56,2,2.2935363253746375,1.0316927941051628,1,3.852064503004588e-14,1.1285471531800466,3
1.0,1,16,57,2,1.6240455584870266,0.9780304051658455,1,3.051928196338209e-15,1.35143966353268,3
1.0,1,16,58,2,1.2541502163534304,0.6225029200160097,1,4.469119875764191e-15,1.3684245336023415,3
1.0,1,16,59,2,1.0905122972383299,0.27884579277113863,1,3.239848625460467e-15,1.3850800576423488,3
1.0,1,17,0,3,1.4441695008450686,0.8316975275097027,1,3.4352144912151574e-15,1.3727867016765722,6
1.0,1,17,1,3,1.2580102112692508,0.6025380167957712,1,4.9928583207691535e-15,1.3823614254489267,6
1.0,1,17,2,3,1.384102508385489,0.7832968889914378,1,1.3096846068095364e-13,1.3811703661857313,6
1.0,1,17,3,3,2.0460839958149157,1.0969871979836714,1,2.702021684614458e-15,1.3061095033321826,6
1.0,1,17,4,3,2.4376431854289766,0.9493339502621249,1,2.2285130187540465e-15,1.2013695180299233,6
1.0,1,17,5,3,1.4080308934849253,0.7846736180695506,1,3.1665041914189814e-15,1.3729796991650334,6
1.0,1,17,6,3,1.840679813934977,1.0772595502690359,1,2.7216314043855947e-15,1.3154990371578292,6
1.0,1,17,7,3,1.3515214335405044,0.6473304739003187,1,3.1735668432781077e-15,1.3741818045567877,6
1.0,1,17,8,3,1.0926575371803118,0.28166632698140576,1,3.341404303932954e-15,1.3851148162115958,6
1.0,1,17,9,3,1.1462018106001342,0.40515228164711303,1,1.1907334574183196e-13,1.3846153470677605,6
1.0,1,17,10,3,1.0514860170687337,0.17929326210488944,1,6.648332631687415e-15,1.386254123995251,6
1.0,1,17,11,3,1.643202627417202,0.9975815714471975,1,4.802482788236703e-15,1.3757616694961676,6
1.0,1,17,12,3,1.2161161056137582,0.5344000514596314,1,3.85024024377714e-15,1.384462290084485,6
1.0,1,17,13,3,2.165209670505011,0.8119016238101917,1,1.468647271040594e-12,0.9581321966205133,6
1.0,1,17,14,3,1.4562707090331288,0.8400170491731366,1,3.323652957581224e-15,1.372940772636324,6
1.0,1,17,15,3,1.4406699543930475,0.8228202397505511,1,3.6433327790367325e-15,1.378181131173887,6
1.0,1,17,16,3,1.179213280169971,0.45776348023058,1,3.7136394684463466e-15,1.3845752857284424,6
1.0,1,17,17,3,1.9865667679755583,1.09787770336805,1,5.4699662447248216e-15,1.3624592036782956,6
1.0,1,17,18,3,1.6498044771909128,0.9900344148184084,1,3.0638802521418133e-15,1.3570735900109807,6
1.0,1,17,19,3,1.4872473999757598,0.8658089873312659,1,1.3050698232011917e-13,1.3719791444060863,6
1.0,1,17,20,3,1.111890314415975,0.33464907313043935,1,2.0768605203022377e-12,1.382698976328223,6
1.0,1,17,21,3,1.0463517789715915,0.14219074550143157,1,3.167546029025325e-15,1.3860224211107994,6
1.0,1,17,22,3,2.310635636319349,0.9808134919413232,1,2.8589902546780243e-15,1.0503661370234618,6
1.0,1,17,23,3,1.5262385639312783,0.8974585941252151,1,3.638229600551431e-15,1.367167631409362,6
1.0,1,17,24,3,1.5582254387348013,0.9213346446139328,1,5.530583606986356e-15,1.3567860948925277,6
1.0,1,17,25,3,1.0129848524787732,0.06363155716396213,1,4.7456418040923657e-14,1.3862737525084956,6
1.0,1,17,26,3,1.2478666555172884,0.49892951144530673,1,3.181170717655556e-15,1.3780817015189817,6
1.0,1,17,27,3,2.0232549949432457,1.0804862331412486,1,4.639529225882094e-15,1.3043658776270128,6
1.0,1,17,28,3,1.2473613010112963,0.5856061263485135,1,9.0066063388437e-15,1.3860365099996579,6
1.0,1,17,29,3,1.9530359135865643,1.0917407695867132,1,3.0464029491111263e-15,1.303433515115018,6
1.0,1,17,30,3,1.7621873220324444,1.051123575200634,1,3.3012872930157412e-15,1.325804800108593,6
1.0,1,17,31,3,1.0018414511729299,0.008730220704433671,1,3.550208278254708e-14,1.3862941738687624,6
1.0,1,17,32,3,1.6454886818743988,0.9944163270555573,1,3.2764522888351035e-15,1.3341151958331183,6
1.0,1,17,33,3,1.3532946237943402,0.7098524834231346,1,4.088689197830394e-15,1.3774686100074867,6
1.0,1,17,34,3,1.19744683024202,0.5020173730713324,1,3.744203750989814e-15,1.3842406442106765,6
1.0,1,17,35,3,1.9722634488950699,1.0687700105632725,1,3.029131069532652e-13,1.3670234762283047,6
1.0,1,17,36,3,1.4626208761047181,0.8645393635937129,1,3.907069082873971e-14,1.3243337880228387,6
1.0,1,17,37,3,1.4971138891464848,0.8710311433311442,1,5.214266977788153e-14,1.3656416927858224,6
1.0,1,17,38,3,1.3934955369623405,0.7332689221684088,1,6.611067114536239e-15,1.3701774690348434,6
1.0,1,17,39,3,1.52626483890201,0.9085927449206664,1,3.2364401910051746e-15,1.36720379456398,6
1.0,1,17,40,3,2.1846166417136152,1.072672683195,1,2.964091323915549e-15,1.2846959370176227,6
1.0,1,17,41,3,2.1877021137698853,1.0463453571425305,1,3.0079389306266363e-15,1.2823700091062258,6
1.0,1,17,42,3,1.6417846661804125,0.987754249850582,1,4.592430904444862e-15,1.3574446962675382,6
1.0,1,17,43,3,1.3815118620139903,0.7418232230286178,1,3.5168005479179083e-15,1.3832329550719806,6
1.0,1,17,44,3,1.5757513221370312,0.9382237442517163,1,3.153312453904335e-15,1.3369194592161322,6
1.0,1,17,45,3,1.3134258099748384,0.6726890163274758,1,3.590731754863585e-15,1.3807694544696218,6
1.0,1,17,46,3,1.9198083596351891,1.0792421125148133,1,2.6055029431728756e-15,1.2527965292426093,6
1.0,1,17,47,3,1.8423958067272956,1.0798945905194386,1,5.9657041863182165e-15,1.344769082026167,6
1.0,1,17,48,3,1.3926568366262275,0.7801388472431071,1,3.583432048334924e-15,1.375473778647255,6
1.0,1,17,49,3,1.677591608386624,0.9069520565355116,1,3.0942446369428172e-15,1.3450213081354594,6
1.0,1,17,50,3,2.419790211939857,0.8562515892123654,1,5.294341502572128e-15,1.2473372374203384,6
1.0,1,17,51,3,1.4588210725454764,0.8448874331346354,1,5.275472578983622e-15,1.3829895899129834,6
1.0,1,17,52,3,1.7940560101556162,1.0606560512051155,1,2.1256348340800808e-14,1.3313632555909658,6
1.0,1,17,53,3,1.4109558594941232,0.787614399187289,1,7.333852771881527e-15,1.3785034975092203,6
1.0,1,17,54,3,2.836438183547367,0.46153149752357453,1,7.562012797309043e-14,0.9540546317414964,6
1.0,1,17,55,3,1.1178917820284437,0.2868566203874884,1,5.0644213994607004e-14,1.3834016951380166,6
1.0,1,17,56,3,2.372708353866188,0.976638493871332,1,1.1296091322014467e-14,1.3511460676633014,6
1.0,1,17,57,3,1.497306900770699,0.8729571540571319,1,3.6573166812376445e-15,1.372639967949884,6
1.0,1,17,58,3,2.399303733809401,0.9368646771100542,1,2.5189406720517213e-15,1.0081217768480346,6
1.0,1,17,59,3,2.21082740852045,1.055225114057421,1,7.001331564978627e-14,1.2259204014622933,6
1.0,1,18,0,1,1.0001896921983433,0.0013491739825288326,1,8.503663679343111e-14,1.3862943552002112,2
1.0,1,18,1,1,2.4685791279569074,0.7803307431085265,1,2.359001994563616e-15,1.3855335674947968,2
1.0,1,18,2,1,1.4188206935116203,0.78574549898315,1,3.2064854412842338e-15,1.3825244234867702,2
1.0,1,18,3,1,1.9079295297807783,1.0903624577150426,1,2.990930754385436e-15,1.3587384263693478,2
1.0,1,18,4,1,1.071239286989704,0.22398541652980886,1,3.5059574611622023e-15,1.3861297478938142,2
1.0,1,18,5,1,1.315091988440742,0.659641326768551,1,3.724299976060523e-15,1.3808238327862588,2
1.0,1,18,6,1,1.7458162852560168,1.0377719254006903,1,5.925517791344696e-15,1.384500515992125,2
1.0,1,18,7,1,2.221833354245976,1.0441563967512844,1,7.545957019090584e-15,1.2467366695604554,2
1.0,1,18,8,1,1.351608776487156,0.7070231742860245,1,7.469440534045872e-15,1.379558332878483,2
1.0,1,18,9,1,1.8116310730271987,1.0648202177151207,1,3.5451745539582255e-15,1.3769463860390505,2
1.0,1,18,10,1,1.9773385593401371,1.098102497997195,1,4.606985387292301e-14,1.3722026217322778,2
1.0,1,18,11,1,1.3626994776807628,0.720748233699178,1,3.704998910630073e-15,1.3784943540050631,2
1.0,1,18,12,1,1.0109998510407736,0.04843461907734829,1,2.7511847695585673e-14,1.3862738087361028,2
1.0,1,18,13,1,1.4157659997328922,0.7823923025983703,1,3.2831186103338844e-15,1.3846815330199107,2
1.0,1,18,14,1,1.5224753483286746,0.8878333792344679,1,4.517680419381663e-15,1.3692701529871967,2
1.0,1,18,15,1,1.1850830724486996,0.4591493727218721,1,3.5680728505547324e-15,1.3851419739958186,2
1.0,1,18,16,1,1.4996878436864813,0.8672746373382743,1,4.693185191809584e-15,1.3768626921037321,2
1.0,1,18,17,1,1.0912569050383876,0.27143658150064204,1,3.777932544983443e-15,1.3862004225459992,2
1.0,1,18,18,1,1.7957028019267678,1.0589821357263232,1,1.1468104540697265e-12,1.2381181959940402,2
1.0,1,18,19,1,1.2458279392578153,0.5596534142659837,1,3.40075811816627e-15,1.3838132924030204,2
1.0,1,18,20,1,2.1691379488842153,1.0678908277177852,1,3.517183403049619e-15,1.2984822304874424,2
1.0,1,18,21,1,1.2475674193720616,0.5623420970879459,1,2.021658151325511e-13,1.3790357119621084,2
1.0,1,18,22,1,1.073066854416451,0.22846698583620412,1,1.3047758067459373e-13,1.3861864673679034,2
1.0,1,18,23,1,2.399702506674295,0.892253009716143,1,4.014267614930744e-15,1.3039514008537374,2
1.0,1,18,24,1,1.1412933206093838,0.3774301713975787,1,3.11723858814669e-14,1.3862764986228082,2
1.0,1,18,25,1,1.5397320321861572,0.9027244970610688,1,6.355913642778412e-15,1.3800799430863564,2
1.0,1,18,26,1,2.39519755923218,0.8980163003780798,1,3.5590523981202136e-15,1.3378114766315554,2
1.0,1,18,27,1,1.19582761645688,0.47792577874815445,1,3.4125927598396676e-15,1.3845357844118968,2
1.0,1,18,28,1,1.8746451920510891,1.0834446388226318,1,1.3996661396075882e-12,1.205045101351716,2
1.0,1,18,29,1,1.564568742443955,0.923149848160109,1,1.3748208973603725e-13,1.367886516974468,2
1.0,1,18,30,1,1.4663903419386486,0.835358383914953,1,7.090773591953495e-15,1.3862943224937159,2
1.0,1,18,31,1,1.0561398575534302,0.1856197142232816,1,3.3604715257486255e-15,1.386208211335341,2
1.0,1,18,32,1,1.2760550572933713,0.6050241756466338,1,3.597056810026952e-15,1.3817369803921586,2
1.0,1,18,33,1,1.4476664257185452,0.816406192718201,1,3.136188301368628e-12,1.3826496263592047,2
1.0,1,18,34,1,1.007655721092438,0.03556520397793405,1,3.527489452568062e-15,1.3862894851329721,2
1.0,1,18,35,1,1.409869735100059,0.7758612367325994,1,4.466424069833233e-15,1.379011090996721,2
1.0,1,18,36,1,1.243563591271379,0.5561387413424972,1,4.42805769923032e-15,1.3791948729102756,2
1.0,1,18,37,1,1.4739776392433455,0.8428301879624739,1,4.260983234943504e-15,1.3762470796359865,2
1.0,1,18,38,1,1.030300936322854,0.11282088895204073,1,9.450935225923054e-15,1.3862925895460454,2
1.0,1,18,39,1,1.4511282697766235,0.8199658015044345,1,3.2091089931064735e-15,1.3860760655049245,2
1.0,1,18,40,1,1.0242298771543379,0.09386106223964791,1,7.579230743559243e-14,1.3862834482004762,2
1.0,1,18,41,1,1.045837517524656,0.15785913664237372,1,3.7266650699571234e-15,1.3862027961824093,2
1.0,1,18,42,1,1.0061295359044138,0.029385822866810924,1,1.0558857171407203e-12,1.3862876994135784,2
1.0,1,18,43,1,1.7564185209757184,1.0426501369500074,1,6.24653017156285e-15,1.3794246988346899,2
1.0,1,18,44,1,1.1464919120255417,0.38760730587692266,1,1.8184299403512893e-12,1.3831217168793313,2
1.0,1,18,45,1,1.5507926919544925,0.9119662551835989,1,6.915668724290499e-15,1.3800246029601406,2
1.0,1,18,46,1,1.0099327536253222,0.04441405338556692,1,5.046043939237879e-15,1.3862929279079683,2
1.0,1,18,47,1,1.6300371733528944,0.9714389915493921,1,2.1371313095572873e-14,1.330837537264228,2
1.0,1,18,48,1,1.0188592792787314,0.0762298300311407,1,2.999539507862509e-14,1.3862876401041864,2
1.0,1,18,49,1,1.8639930879811355,1.0808012751072769,1,1.853591142494668e-12,1.3660768270843926,2
1.0,1,18,50,1,1.9994500770524437,1.0986119863082506,1,2.6208557222500993e-15,1.369655350519749,2
1.0,1,18,51,1,1.0015335783010115,0.008770281198641613,1,3.7030145405486955e-15,1.3862942934230262,2
1.0,1,18,52,1,1.2950764380140165,0.6321725453526464,1,2.9608904343821436e-14,1.3834288036460058,2
1.0,1,18,53,1,1.3970344831922918,0.7613741041891541,1,3.490310726638728e-15,1.3746974987963398,2
1.0,1,18,54,1,1.004700663027718,0.023368861986742,1,3.5369610247110777e-15,1.386294307746184,2
1.0,1,18,55,1,1.2281423540881848,0.5317499165284064,1,7.839631294641537e-15,1.3841720160146431,2
1.0,1,18,56,1,2.2064177985868723,1.051897000037726,1,2.80750681118625e-15,1.3741466230783614,2
1.0,1,18,57,1,1.5368537953477857,0.9002809602223405,1,3.509937021702289e-15,1.3710956166570596,2
1.0,1,18,58,1,1.5507171563788942,0.9119039371117523,1,3.774409729827772e-15,1.3672846490539747,2
1.0,1,18,59,1,1.0095850929718064,0.04308791082259695,1,1.3065476831699562e-13,1.3862924642855994,2
1.0,1,19,0,2,1.6741977683405045,1.0121592260215495,1,3.858584516169143e-15,1.359895162331582,4
1.0,1,19,1,2,1.4541586437149354,0.8106957943978862,1,3.693732481662091e-15,1.375121486734745,4
1.0,1,19,2,2,1.392717468926411,0.771271654859966,1,3.637717083527273e-15,1.37820706805771,4
1.0,1,19,3,2,1.4341200699108267,0.8359708822665688,1,3.398676662846036e-15,1.3731122344138764,4
1.0,1,19,4,2,1.3474494991144195,0.739078336139864,1,1.3348682776329418e-13,1.349565640807239,4
1.0,1,19,5,2,1.5966336433886301,0.9611188366655857,1,3.361048263330577e-15,1.3564538144360379,4
1.0,1,19,6,2,1.680709317708389,1.0104398969861523,1,1.2365318749436828e-14,1.3436382483315557,4
1.0,1,19,7,2,1.7608818856443675,1.051958787465666,1,3.0677712216637817e-15,1.3322172064914326,4
1.0,1,19,8,2,1.2198200351208943,0.552180161044817,1,3.463711078001437e-15,1.3815948381804304,4
1.0,1,19,9,2,2.3458307754150285,0.9973703367227991,1,1.3080030064320308e-13,1.17158293346221,4
1.0,1,19,10,2,1.571307659118772,0.9329177193267653,1,7.443823299546767e-15,1.355663933974385,4
1.0,1,19,11,2,1.1670600599630665,0.3896627946073034,1,1.320306265233349e-13,1.3860877101271694,4
1.0,1,19,12,2,1.2920824787448908,0.6472614827522898,1,4.878871640731918e-15,1.382393448108358,4
1.0,1,19,13,2,1.4361538187133225,0.8219819113689908,1,4.6896480075240744e-15,1.3618903694831548,4
1.0,1,19,14,2,1.868140301976024,1.0832458856822942,1,1.306617080861306e-13,1.3581427402944435,4
1.0,1,19,15,2,1.1592563448937363,0.41976045617814045,1,4.226473343235831e-15,1.3846853325751411,4
1.0,1,19,16,2,1.0041440323948931,0.020605176212639582,1,3.75237899641404e-15,1.3862933404969924,4
1.0,1,19,17,2,1.7537919591089217,1.0526028977169921,1,3.114098253657927e-15,1.3269379566186932,4
1.0,1,19,18,2,1.3693024552738555,0.7464590020020918,1,3.1328064232039416e-15,1.3789507294016876,4
1.0,1,19,19,2,1.4136265561375356,0.7936594116823408,1,2.8784972153688546e-11,1.3770024802706653,4
1.0,1,19,20,2,1.8787577144260437,1.0802607110803053,1,2.95236110748235e-15,1.3061839777848439,4
1.0,1,19,21,2,1.2803868040792588,0.6300106762592494,1,3.713311417761139e-15,1.3816147925046858,4
1.0,1,19,22,2,1.5638429267749043,0.9384035955256698,1,3.3664083991301216e-15,1.3651095384002232,4
1.0,1,19,23,2,1.9701223057003134,0.9593666509960002,1,3.71832566921243e-15,1.3287878186936977,4
1.0,1,19,24,2,1.5297438327655355,0.9158318825932883,1,3.518724159739648e-15,1.3709856620995258,4
1.0,1,19,25,2,1.168573964025823,0.42813233357337244,1,1.4920238497800624e-12,1.3800144541977175,4
1.0,1,19,26,2,1.4231601737149495,0.8097309213930656,1,3.5143516339005824e-15,1.3748702448461114,4
1.0,1,19,27,2,1.344442369461265,0.7207823359278068,1,3.21948910378341e-15,1.3705138982692184,4
1.0,1,19,28,2,1.803421227027578,1.0693711118601061,1,3.5857002588950345e-15,1.354057972116125,4
1.0,1,19,29,2,1.0359741460921421,0.14733718627536696,1,9.51166979337483e-15,1.3859737371872176,4
1.0,1,19,30,2,1.990968064012634,1.0974713851666695,1,1.3078748683659383e-13,1.303900493424228,4
1.0,1,19,31,2,1.9245617790452798,1.0812086520536632,1,3.875161160855184e-15,1.3301098639115787,4
1.0,1,19,32,2,1.7990021665458922,1.0669545608892994,1,3.3795447669176605e-15,1.3261400312212424,4
1.0,1,19,33,2,1.3372685261341073,0.723010997298978,1,3.2873688994975222e-15,1.3742461400076964,4
1.0,1,19,34,2,1.5916937658565629,0.9204459029060472,1,3.658548190619107e-15,1.3684661851805557,4
1.0,1,19,35,2,1.295988621321427,0.6604480996227152,1,1.5318179846790745e-12,1.3615649802906438,4
1.0,1,19,36,2,1.2759625250438147,0.6107395691146726,1,1.8713901583830593e-12,1.3686949535768744,4
1.0,1,19,37,2,1.7972295901200799,1.0674067820831368,1,2.8641003164972257e-15,1.3254344145122419,4
1.0,1,19,38,2,1.3667257156827821,0.7147774341322353,1,1.3063257249607101e-13,1.381726722884847,4
1.0,1,19,39,2,1.4335664593155415,0.8190379702705903,1,3.892027588180989e-15,1.3754336808763001,4
1.0,1,19,40,2,1.5328043927003403,0.9013353157519388,1,3.057511550260663e-15,1.3642348293893714,4
1.0,1,19,41,2,1.719780847855766,1.0259159294685394,1,1.2574009909155316e-12,1.3654507544977168,4
1.0,1,19,42,2,1.2903908069509327,0.6207223787615108,1,3.6047823536034974e-15,1.3847987268998865,4
1.0,1,19,43,2,1.6906273046952673,1.0122364327868014,1,3.7130533603311355e-15,1.3633119703448435,4
1.0,1,19,44,2,1.1648766944217264,0.4381830145652885,1,3.653016217332176e-15,1.3855069285474384,4
1.0,1,19,45,2,1.6106844024841331,0.9719036542580464,1,1.3016901274780645e-13,1.3710513178752797,4
1.0,1,19,46,2,2.059954919729351,1.0895012475365258,1,1.2980846927635885e-13,1.3323290869830648,4
1.0,1,19,47,2,1.58977393093993,0.9482805120844304,1,3.162178474473434e-15,1.3616089271888772,4
1.0,1,19,48,2,1.531721360867546,0.9172013572284838,1,4.25129593202367e-15,1.371776592300901,4
1.0,1,19,49,2,1.250425934954477,0.5923458812806789,1,3.38133719460011e-15,1.3830696761133465,4
1.0,1,19,50,2,1.6886321855508255,0.9888320198736109,1,3.193653165674815e-15,1.3542546959659292,4
1.0,1,19,51,2,1.0884676698199416,0.2605470388856576,1,3.491472685443826e-15,1.3858302586095537,4
1.0,1,19,52,2,2.0603140805710853,1.0787150500464509,1,2.8322066831958007e-15,1.258504867831393,4
1.0,1,19,53,2,1.1029132660882333,0.30992551905632587,1,3.4674075621304488e-15,1.3855468109606024,4
1.0,1,19,54,2,1.5400869415659821,0.9165942718120595,1,2.13593857634036e-14,1.3671232210503834,4
1.0,1,19,55,2,1.6181953743427195,0.9820976711551447,1,3.725535997460087e-15,1.3619265658121653,4
1.0,1,19,56,2,1.0059306777471237,0.02778617293617953,1,4.785460747616255e-15,1.38628802924068,4
1.0,1,19,57,2,2.4604253770499738,0.8901015055946784,1,5.6121619116907085e-15,1.2938085730772297,4
1.0,1,19,58,2,1.8215071686464874,1.0738448095171047,1,3.2058361911415337e-15,1.301891780995144,4
1.0,1,19,59,2,1.3463435805009156,0.7435198477889075,1,5.409262708161652e-15,1.3447588753930693,4
1.0,3,0,0,1,2.4941928228737495,0.7158301707823507,1,2.175401518038056e-15,1.216990743499367,5
1.0,3,0,1,1,1.7814888495850374,1.053390074234816,1,5.087784575699126e-15,1.3477713276891734,5
1.0,3,0,2,1,2.4937637894525064,0.7172090537840111,1,2.2101221424747593e-15,1.1959226984539977,5
1.0,3,0,3,1,2.43370905010443,0.8435653202545649,1,2.1461274017826313e-15,1.2283445386599847,5
1.0,3,0,4,1,2.4136545172894164,0.8734576260234659,1,1.7565444455935288e-14,1.3744311155707336,5
1.0,3,0,5,1,2.4790893339929747,0.7568941962978601,1,2.2428430747126217e-15,1.2532179199776292,5
1.0,3,0,6,1,2.4267693544024493,0.8543347529337801,1,1.5800649664437963e-12,0.8078861262406491,5
1.0,3,0,7,1,2.3642340920662677,0.9341275980436099,1,2.26676206482494e-15,1.2652846413744512,5
1.0,3,0,8,1,2.4944743602016612,0.7149138914379611,1,2.922052638283895e-15,1.197151854346618,5
1.0,3,0,9,1,2.4708471182559117,0.7755087017104294,1,2.3827739328340936e-15,1.2510947235415812,5
1.0,3,0,10,1,2.498816428752055,0.6990264856982782,1,6.139447682921967e-13,0.6966338382426962,5
1.0,3,0,11,1,2.4825341155896345,0.748502145692719,1,2.0891865261704946e-15,1.2068238081650189,5
1.0,3,0,12,1,2.4973923082391507,0.7047266150051881,1,1.9920730254854858e-15,1.112363801393912,5
1.0,3,0,13,1,2.4861219801044507,0.7392696378069841,1,2.1641400848115613e-15,1.1716300256573458,5
1.0,3,0,14,1,2.16242366294281,1.07038056358095,1,9.135207027466645e-15,1.3638974753511097,5
1.0,3,0,15,1,2.4328809274076018,0.8448761338127452,1,1.2929335850420216e-13,1.3480120342063677,5
1.0,3,0,16,1,1.6255987229497508,0.9684152346945063,1,3.1144130116574767e-15,1.3772953341313316,5
1.0,3,0,17,1,1.488508017060215,0.8568098006564788,1,3.983242296642579e-15,1.3721268520275067,5
1.0,3,0,18,1,2.468814201913789,0.7798362632867866,1,3.4467041210578974e-15,1.1762953282530892,5
1.0,3,0,19,1,2.3413949529483,0.9573640623687865,1,2.389782018594535e-15,1.3819397800818516,5
1.0,3,0,20,1,2.4979361461451126,0.7026337672220653,1,1.9791073839767453e-15,1.112104123997152,5
1.0,3,0,21,1,2.3466198943434438,0.9522767056437915,1,2.255603476120168e-15,1.3240302347355657,5
1.0,3,0,22,1,2.2471237450439725,1.0299276536567958,1,1.3046012285024607e-13,1.3089902479551974,5
1.0,3,0,23,1,2.486660596781135,0.7378332137551411,1,2.313613068971836e-15,1.201693610478575,5
1.0,3,0,24,1,2.4971956729088007,0.705463736973149,1,2.0386003598111033e-15,1.1636164952035053,5
1.0,3,0,25,1,2.452962469679378,0.8108439156698037,1,2.1276922788900933e-15,1.1906575014842977,5
1.0,3,0,26,1,2.4132126635960582,0.8740761384893678,1,2.4431869465369775e-15,1.3372934509626184,5
1.0,3,0,27,1,2.4944466836850108,0.71500438394481,1,2.0286047411804027e-15,1.0809497115277407,5
1.0,3,0,28,1,2.485297892867768,0.7414403247831904,1,3.1114383123089803e-15,1.2197512292341512,5
1.0,3,0,29,1,2.4893789727770668,0.7303468946592363,1,2.0663796432760766e-15,1.1662600919958797,5
1.0,3,0,30,1,2.4921677351153653,0.7221746307419777,1,1.836075684758609e-15,1.2014684549941927,5
1.0,3,0,31,1,2.4951822805388595,0.7125663314380525,1,2.1982102960466632e-15,1.0269921774061972,5
1.0,3,0,32,1,2.4660988336529717,0.7854767198645676,1,2.3878568404144217e-15,1.206652531504449,5
1.0,3,0,33,1,2.237419640684979,1.035618789918117,1,2.3680232354634755e-15,1.3006255528679511,5
1.0,3,0,34,1,2.479968785545744,0.7547908984986376,1,2.87259678443475e-15,1.1989011342816107,5
1.0,3,0,35,1,2.492505369591537,0.721144042004419,1,2.835376205175198e-15,1.1991700909596985,5
1.0,3,0,36,1,2.490646890850371,0.726701398438445,1,1.8171924440251074e-15,1.0827506877936806,5
1.0,3,0,37,1,2.486572672122683,0.7380686818615374,1,2.053108859862294e-15,1.1515137552477674,5
1.0,3,0,38,1,2.351649338079662,0.9472548756427817,1,2.9019580292691234e-15,1.1986206146758127,5
1.0,3,0,39,1,2.4802934986272653,0.7540077779280994,1,1.098800863981887e-14,1.3805000622143466,5
1.0,3,0,40,1,2.4816097501383285,0.7507956765997997,1,1.8655255929591925e-15,1.1687597538213674,5
1.0,3,0,41,1,2.4320839265591174,0.8461309504861472,1,3.763681748742074e-15,1.28387775122604,5
1.0,3,0,42,1,2.4132768358431997,0.8739864083406633,1,5.4620866217118686e-15,1.2806324505199975,5
1.0,3,0,43,1,2.4710290094867973,0.7751168982030745,1,2.137664714284971e-15,1.2324242810364747,5
1.0,3,0,44,1,2.459714087257706,0.7981731153518126,1,3.2880461072163558e-15,1.3682148235001397,5
1.0,3,0,45,1,2.478920531918378,0.7572950103873344,1,7.625848187239924e-12,0.7349867861592351,5
1.0,3,0,46,1,2.4967846553930397,0.7069754476635828,1,2.085379916953976e-15,1.0260859833063327,5
1.0,3,0,47,1,2.4831305534302732,0.747004854227121,1,6.528177120164439e-13,0.7278872564302683,5
1.0,3,0,48,1,2.4891454835895233,0.7310067570583959,1,2.0053852779299715e-15,1.1365689536782797,5
1.0,3,0,49,1,2.428505283707025,0.851685768606822,1,4.167190175704588e-15,1.30136411202167,5
1.0,3,0,50,1,2.491635928628374,0.7237782760668781,1,2.9778166488070874e-15,1.1509888223257136,5
1.0,3,0,51,1,2.489458099465425,0.7301224970445328,1,2.272822772388946e-15,1.1365848030331631,5
1.0,3,0,52,1,2.4537636967194856,0.8093770782456133,1,1.4309076375698304e-14,1.1581205547230748,5
1.0,3,0,53,1,2.498501202995372,0.7003563048755972,1,7.279452928839585e-12,1.0253729899861028,5
1.0,3,0,54,1,2.498884925317934,0.6987305676706019,1,1.0084161662416757e-14,1.0790865276988397,5
1.0,3,0,55,1,2.457988846875957,0.8014799899582933,1,1.8261791674163486e-15,1.2211246944655474,5
1.0,3,0,56,1,2.485949390801851,0.7397269098629926,1,2.6965818636481005e-15,1.0322533879239102,5
1.0,3,0,57,1,2.484944995415909,0.7423602595345447,1,6.16773458425828e-13,0.7247232651563191,5
1.0,3,0,58,1,2.4489075557802242,0.8181264193756986,1,2.624801446311814e-15,1.1181142175972307,5
1.0,3,0,59,1,2.358028809329116,0.9407030422238428,1,2.1280981598890936e-15,1.358756555475326,5
1.0,3,1,0,3,2.495616677585985,0.7133778175011276,1,3.3737880848030797e-15,1.2598189493973178,2
1.0,3,1,1,3,2.542733210979824,0.7017740499881011,1,3.8449207315998904e-15,1.282010274330289,2
1.0,3,1,2,3,2.514973311992684,0.7929550668694665,1,2.805557481751556e-15,1.204092276517924,2
1.0,3,1,3,3,2.5377465686847387,0.6941000487046072,1,3.527321215620804e-15,1.3365186276901375,2
1.0,3,1,4,3,2.5456774331486094,0.6941052426143002,1,9.763300723149519e-15,1.375782830794303,2
1.0,3,1,5,3,2.571341764873047,0.6839391166067943,1,4.280779282222117e-15,1.0071176229147878,2
1.0,3,1,6,3,2.5747082408425155,0.6827880831116409,1,2.071889620041782e-15,0.9452050529353797,2
1.0,3,1,7,3,2.5303023826673408,0.7252473164627777,1,1.4951961265693142e-14,1.3495039176035535,2
1.0,3,1,8,3,2.5813931907363195,0.7271931347786882,1,4.008070124555549e-15,1.2131893852886062,2
1.0,3,1,9,3,2.5493768257840594,0.6884618902018463,1,7.680016366457994e-15,1.2095464869632557,2
1.0,3,1,10,3,2.573569114716915,0.6849614672456561,1,4.079093125966453e-15,1.2177916723302462,2
1.0,3,1,11,3,2.531887869072425,0.6913405033869575,1,5.411276005211814e-15,1.035815510962488,2
1.0,3,1,12,3,2.589702824573174,0.6900539544517261,1,3.934383984671047e-15,1.1887666636923306,2
1.0,3,1,13,3,2.532450407404701,0.6956790416769163,1,9.382051698756823e-15,1.3745209907733096,2
1.0,3,1,14,3,2.548808923032159,0.6898199363633695,1,3.886679337395805e-15,1.2234392092260178,2
1.0,3,1,15,3,2.5226951842948333,0.6995168110985823,1,4.181441026987692e-15,1.212637100336842,2
1.0,3,1,16,3,2.410416845069096,0.8883072020339018,1,3.5502707070826313e-15,1.2280300552617245,2
1.0,3,1,17,3,2.4755407274446464,0.8049889358044413,1,4.032991168819884e-15,1.3271889976654225,2
1.0,3,1,18,3,2.5076675062201916,0.7340774829566399,1,3.3562315829778373e-15,1.3311573408375998,2
1.0,3,1,19,3,2.5683856208750875,0.6886539287788801,1,4.032563460393173e-15,1.2079484472005189,2
1.0,3,1,20,3,2.4857674739808875,0.7064828784574697,1,3.462898596330974e-15,1.296701665575748,2
1.0,3,1,21,3,2.5762364987595547,0.7250552346376081,1,1.1369815325093017e-14,1.375133106508023,2
1.0,3,1,22,3,2.6037443865299337,0.6848847711899837,1,7.918153206549547e-15,1.2059986736147221,2
1.0,3,1,23,3,2.537593142594668,0.7126125171457516,1,3.94719185700368e-15,1.2397047300939465,2
1.0,3,1,24,3,2.6054616021193864,0.6714315536382983,1,2.1489903586548886e-15,0.9370640167378294,2
1.0,3,1,25,3,2.512326337472592,0.6987105191599505,1,4.020011067177228e-15,1.2605323258110952,2
1.0,3,1,26,3,2.55284600811577,0.7220414509411848,1,2.8022700408567918e-15,1.1999605680189886,2
1.0,3,1,27,3,2.527427396088965,0.6921449280788743,1,4.736348908271138e-15,1.2687219120314792,2
1.0,3,1,28,3,2.5659091298861845,0.6871143974292993,1,7.211606147135583e-14,1.121878530118573,2
1.0,3,1,29,3,2.565703193374338,0.6866880107167221,1,1.9905018469687104e-15,0.9524497690257334,2
1.0,3,1,30,3,2.519696825760287,0.6953042897913597,1,9.64046932862668e-15,1.37635114855929,2
1.0,3,1,31,3,2.5506125982290984,0.6939116196212881,1,1.3725732678560144e-13,1.3817945227822284,2
1.0,3,1,32,3,2.585480549128672,0.6815963725733409,1,3.3596717602591058e-15,1.332933987757468,2
1.0,3,1,33,3,2.383816619011085,0.856233111784793,1,4.002957536681548e-15,1.2954430508381511,2
1.0,3,1,34,3,2.2292967882651284,1.0064875032523664,1,4.291280718068237e-15,1.2994521829385417,2
1.0,3,1,35,3,2.5534998428133253,0.6876432807962725,1,1.9807927391000914e-15,0.9498183985821292,2
1.0,3,1,36,3,2.490677782846107,0.779887774537771,1,5.665203357730591e-14,1.21359366477891,2
1.0,3,1,37,3,2.4112158035173676,0.7152807342779278,1,1.3484606584717196e-13,1.3654057403376645,2
1.0,3,1,38,3,2.5505254066989558,0.6893002575051341,1,1.2864521735697107e-12,0.9554526447475785,2
1.0,3,1,39,3,2.5376569176854296,0.6925108767547234,1,1.0063437498242937e-14,1.3766240201693802,2
1.0,3,1,40,3,2.5144332906964837,0.6986751647652196,1,3.459652596325872e-15,1.2356785591888928,2
1.0,3,1,41,3,2.5102058866160815,0.6963773013375767,1,3.626707230002025e-15,1.3274908551467175,2
1.0,3,1,42,3,2.4539036858614596,0.728918609481695,1,4.164618184610292e-15,1.2554570686312838,2
1.0,3,1,43,3,2.4869752206560225,0.7819253509170583,1,2.425198888097984e-15,1.1327084158608078,2
1.0,3,1,44,3,2.4784254934977645,0.7037326036656932,1,3.96950804949615e-15,1.256640635493759,2
1.0,3,1,45,3,2.593912507532398,0.6768844140082168,1,8.947488140151908e-15,1.3606138424457557,2
1.0,3,1,46,3,2.5529093522383075,0.6878947882678395,1,4.136652871101602e-15,1.0253922105224156,2
1.0,3,1,47,3,2.5624771215255233,0.7021225183878865,1,1.367449167424688e-13,1.3785817879704183,2
1.0,3,1,48,3,2.5614332157364927,0.7051544284340414,1,1.0571004792861812e-14,1.2095689428028953,2
1.0,3,1,49,3,2.5410951496862575,0.6911727440750968,1,3.2327381912138215e-15,1.334724771070877,2
1.0,3,1,50,3,2.437407261121418,0.8227445292261353,1,4.133264574729104e-15,1.287600529161812,2
1.0,3,1,51,3,2.5502790654002285,0.6889061340592789,1,3.8546853966371195e-15,1.216123832153289,2
1.0,3,1,52,3,2.5445462873654945,0.6932704940639631,1,3.956788397945425e-15,1.2064832547686724,2
1.0,3,1,53,3,2.537005151805586,0.6905171030109029,1,2.584256984433991e-15,0.900063139198241,2
1.0,3,1,54,3,2.509536012216172,0.6930055910449386,1,2.306087887158907e-15,0.9311722596672464,2
1.0,3,1,55,3,2.5289976920014623,0.6956482664611946,1,3.959941994228912e-15,1.245348495913842,2
1.0,3,1,56,3,2.5999397674219002,0.6737766008041859,1,1.2921047550906854e-13,1.0942786991577707,2
1.0,3,1,57,3,2.535151055613899,0.7398409000066873,1,2.3444245412347854e-15,1.1197221744000292,2
1.0,3,1,58,3,2.543882765340812,0.836201152815818,1,8.04876541034994e-15,1.352459933280206,2
1.0,3,1,59,3,2.550174673776763,0.692258796837484,1,4.351526887748558e-15,1.2268200670626153,2
1.0,3,2,0,1,2.499969122999055,0.6933756252163727,1,1.8277574916636662e-15,1.17828207187409,2
1.0,3,2,1,1,2.49836548210032,0.7009146060566046,1,2.818684614041848e-15,1.3365408670173624,2
1.0,3,2,2,1,2.497149691703062,0.7056347523923223,1,2.0786433682242753e-15,1.202946662289218,2
1.0,3,2,3,1,2.4986361528262617,0.6997930341221112,1,2.2669286544704335e-15,1.1627592927554695,2
1.0,3,2,4,1,2.499902805875539,0.6937919719427482,1,1.2917489401547496e-13,1.2236826749766614,2
1.0,3,2,5,1,2.499680229110418,0.6950146675224603,1,2.0357082690009755e-15,1.1327624679552186,2
1.0,3,2,6,1,2.499587747587621,0.6954849417555873,1,5.229705702984363e-15,1.1820010508960213,2
1.0,3,2,7,1,2.4996812183398944,0.6950095488803505,1,2.0511712700425495e-15,1.1778866742059804,2
1.0,3,2,8,1,2.483587733775119,0.7458475516044416,1,1.0127181785269209e-14,1.3567095320597178,2
1.0,3,2,9,1,2.3658652340019066,0.9323649881329735,1,3.249935556065749e-15,1.3507080729940157,2
1.0,3,2,10,1,2.4973706524614165,0.7048082676778648,1,2.0593559924015087e-15,1.3141636878161052,2
1.0,3,2,11,1,2.363658048404263,0.9347466297354385,1,4.455768309759711e-15,1.3060846600429692,2
1.0,3,2,12,1,2.4998913838984524,0.6938597002033489,1,2.3327253501766267e-15,1.1116327008007043,2
1.0,3,2,13,1,2.497907064950858,0.702747903137263,1,4.165991100763679e-15,1.1962454273607097,2
1.0,3,2,14,1,2.4998800074466936,0.6939263609084503,1,2.0861988446498898e-15,1.1841840451444798,2
1.0,3,2,15,1,2.497976898035189,0.7024733657908695,1,1.5790896869435715e-13,1.3843740062369432,2
1.0,3,2,16,1,2.4999904034212483,0.6932256576615432,1,3.286062304702342e-15,1.0244295880688021,2
1.0,3,2,17,1,2.419473803722301,0.8651594533711788,1,2.3884852722229248e-15,1.3832289775335969,2
1.0,3,2,18,1,2.4992885689379922,0.6969226564111488,1,8.762002857774473e-15,0.9283513657681401,2
1.0,3,2,19,1,2.4986198640851884,0.6998614783330669,1,7.214862314502246e-15,0.9289223260200736,2
1.0,3,2,20,1,2.4994495519057045,0.6961625030438467,1,1.9971963849807905e-15,1.1833174791542553,2
1.0,3,2,21,1,2.498387213477939,0.7008257345796879,1,9.800415148904013e-13,0.6977318678293156,2
1.0,3,2,22,1,2.499606453127048,0.6953910528897622,1,1.970727922301666e-15,1.111401358566332,2
1.0,3,2,23,1,2.497789574474854,0.7032063128229978,1,1.970508948297936e-15,1.183095175069503,2
1.0,3,2,24,1,2.4434181458915702,0.8276340444726026,1,5.90026208808477e-15,1.198610400295161,2
1.0,3,2,25,1,1.9224914028801847,1.09274312831563,1,4.062831807095146e-15,1.3420446893066984,2
1.0,3,2,26,1,2.4993439113145364,0.6966643905542598,1,2.1087119351308893e-15,1.2225043440558034,2
1.0,3,2,27,1,2.478867030926084,0.757421855355417,1,1.935863565196744e-15,1.144691228234157,2
1.0,3,2,28,1,2.4936829444239295,0.717466628913323,1,2.0109956120454246e-15,1.2010349621113705,2
1.0,3,2,29,1,2.499963456253288,0.6934134457588009,1,2.0026122566026096e-15,1.1750548739921818,2
1.0,3,2,30,1,2.498080449636676,0.7020632899462893,1,2.4454128577561356e-15,1.3715448060921998,2
1.0,3,2,31,1,2.4984856480568487,0.7004206943801498,1,6.156397476142774e-15,1.2481126479913114,2
1.0,3,2,32,1,2.499702181306809,0.6949005869877316,1,2.165932670514897e-15,1.2716825486480228,2
1.0,3,2,33,1,2.4964954978696756,0.7080176140479181,1,8.710406125943415e-13,1.1466256565591995,2
1.0,3,2,34,1,2.499669869064929,0.6950681528461946,1,1.9570554197284026e-15,1.0783022990591407,2
1.0,3,2,35,1,2.499928495445006,0.693636178450157,1,6.29049118664413e-13,0.6934247223494647,2
1.0,3,2,36,1,2.303661117481905,0.990499316582585,1,3.819407860106102e-15,1.2975094762996366,2
1.0,3,2,37,1,2.499449236128786,0.6961640222343712,1,2.2674541949819235e-15,1.140001927344349,2
1.0,3,2,38,1,2.4883634123749108,0.733192790440201,1,2.1136896347852724e-15,1.2851850484870344,2
1.0,3,2,39,1,2.486748834379821,0.7375965156562575,1,3.228526614458567e-15,1.3842312206629157,2
1.0,3,2,40,1,2.3384358833392223,0.9601880530364384,1,2.8559384194709338e-15,1.3857603926832238,2
1.0,3,2,41,1,2.4984872602362644,0.7004140257520037,1,2.2213584011667542e-15,1.1804885238115153,2
1.0,3,2,42,1,2.4997795324304835,0.6944893877677614,1,2.070596308175229e-15,1.1469061290532858,2
1.0,3,2,43,1,2.4970117768205378,0.706144751148118,1,2.1630671045029896e-15,1.2052627422227165,2
1.0,3,2,44,1,2.4992585143437194,0.6970616936572547,1,1.2922129314043117e-13,1.3477329973739693,2
1.0,3,2,45,1,2.4922352534582246,0.7219693330452153,1,2.247194781020287e-15,1.3095367197639134,2
1.0,3,2,46,1,2.4973135136345093,0.7050231392356779,1,2.0884361390969148e-15,1.0257805929537407,2
1.0,3,2,47,1,2.4840877967288617,0.7445718568492494,1,2.0803773431193144e-15,1.1701347112784948,2
1.0,3,2,48,1,2.495257294465323,0.7123136642014897,1,1.9748512839572414e-15,1.1651007659428783,2
1.0,3,2,49,1,2.49896968641015,0.6983604756115218,1,1.5579380131653005e-14,0.9285975254132441,2
1.0,3,2,50,1,2.4998869630038874,0.6938856946347187,1,2.3176191613965987e-15,1.0786008357632149,2
1.0,3,2,51,1,2.2646951723673068,1.0188560530862207,1,1.295656934304396e-13,1.381474534542177,2
1.0,3,2,52,1,2.4515975000286234,0.8133212682150717,1,3.120535888457567e-15,1.3673744607797182,2
1.0,3,2,53,1,2.4926659097807593,0.720650464523819,1,2.572869572085868e-15,1.3846549778388444,2
1.0,3,2,54,1,2.493510537082236,0.7180136220449413,1,2.121151214229117e-15,1.180135806856759,2
1.0,3,2,55,1,2.4986222447326947,0.6998514830504519,1,2.241247418329968e-15,1.1872384163494687,2
1.0,3,2,56,1,2.4968881005265464,0.7065984736760318,1,1.758155684989347e-15,1.2095372894334457,2
1.0,3,2,57,1,2.4993237215213604,0.696758957624187,1,4.286856211760012e-15,1.025222587917916,2
1.0,3,2,58,1,2.4998933048309846,0.6938483681966516,1,2.074386620241222e-15,1.1115565828337857,2
1.0,3,2,59,1,2.499349190788755,0.6966395941623681,1,2.118240993798478e-15,1.1778340403186487,2
1.0,3,3,0,1,2.4900387940072592,0.7284632901974262,1,7.55944704640751e-15,1.2513269214666687,1
1.0,3,3,1,1,2.4973929297689725,0.704724269771308,1,1.0407524388219161e-14,1.3633592627179438,1
1.0,3,3,2,1,2.4998729140100813,0.6939675563935617,1,2.0197085447002618e-15,1.1845704657906528,1
1.0,3,3,3,1,2.4999610713429483,0.6934291819535532,1,2.1518266676540617e-15,1.179547911140201,1
1.0,3,3,4,1,2.499967328083825,0.6933876742160866,1,2.123964498785098e-15,1.2187951270350323,1
1.0,3,3,5,1,2.4999605600734562,0.6934325425393455,1,2.1425908684750362e-15,1.1713480387635173,1
1.0,3,3,6,1,2.498604980296219,0.6999239068268402,1,2.2185329037408585e-15,1.3140129755504608,1
1.0,3,3,7,1,2.4978415889326895,0.703003897175889,1,2.0447939203254863e-15,1.256648904151206,1
1.0,3,3,8,1,2.4999488462298194,0.6935084276404482,1,2.1184460873565427e-15,1.1326188603331455,1
1.0,3,3,9,1,2.499965978920261,0.6933966874577189,1,2.017597012785426e-15,1.1801617053156073,1
1.0,3,3,10,1,2.499896017744479,0.6938323247408213,1,4.232504543205422e-15,1.2147072402683017,1
1.0,3,3,11,1,2.499893333088139,0.6938482013303625,1,1.1070759089038976e-14,1.3680799043830816,1
1.0,3,3,12,1,2.4999784272455474,0.6933119444876048,1,1.8766451712677612e-12,0.6932564808416437,1
1.0,3,3,13,1,2.4989968087486756,0.6982410864921085,1,1.825540069692525e-15,1.2621443507017878,1
1.0,3,3,14,1,2.4969907535780775,0.7062221150493929,1,1.2199001141694014e-14,1.3862390755099105,1
1.0,3,3,15,1,2.49931041396333,0.6968210683734293,1,1.7657398134058618e-15,1.0785416098966885,1
1.0,3,3,16,1,2.4998111371049463,0.6943164614900712,1,2.1099788445033058e-15,1.2122887546649026,1
1.0,3,3,17,1,2.499976148488284,0.693327751974286,1,2.0115624614356387e-15,1.0783352565192588,1
1.0,3,3,18,1,2.4999474079652853,0.6935176124259486,1,2.1379763392017114e-15,1.1685445320701942,1
1.0,3,3,19,1,2.4999933750850425,0.6932029932104335,1,3.5287253793332847e-14,0.9280801708743355,1
1.0,3,3,20,1,2.2183476375692233,1.0459668150218204,1,3.284199265941426e-15,1.3849798273128184,1
1.0,3,3,21,1,2.4985073503289796,0.7003308284138695,1,1.6233044764742665e-14,0.9289968445518682,1
1.0,3,3,22,1,2.4999837772377944,0.6932741659371736,1,6.183966500421333e-13,0.6932181724159393,1
1.0,3,3,23,1,2.499177831485896,0.6974310123189623,1,6.349515711384494e-13,0.6956693398914517,1
1.0,3,3,24,1,2.370980604407161,0.9267423892694167,1,4.926187596094075e-15,1.381468978451816,1
1.0,3,3,25,1,2.499900970427666,0.6938029132549486,1,6.264769632926309e-13,0.6935208547219673,1
1.0,3,3,26,1,2.49983609845268,0.6941774119183151,1,2.0744748791959195e-15,1.1666694647848765,1
1.0,3,3,27,1,2.4997621434208823,0.6945832129074156,1,3.0198041600976475e-15,1.026176524129162,1
1.0,3,3,28,1,2.4999275986634655,0.6936417096639504,1,2.424483217875423e-15,1.3789770764769254,1
1.0,3,3,29,1,2.499996163648042,0.6931808977593517,1,2.2370123430845313e-15,1.1626205900276365,1
1.0,3,3,30,1,2.4975062954575593,0.7042948247793913,1,1.42576025546591e-14,1.3818994973892154,1
1.0,3,3,31,1,2.499993418646435,0.6932026551658573,1,1.8126076862070697e-15,1.1114014042070963,1
1.0,3,3,32,1,2.499884685347169,0.6938990417476771,1,1.291206843347033e-13,1.252501102592455,1
1.0,3,3,33,1,2.4859339577303667,0.7397677297407861,1,1.2924179226894199e-13,1.3858345098882066,1
1.0,3,3,34,1,2.4776423961846468,0.7603007310963903,1,1.2947761879820824e-13,1.3670814102567874,1
1.0,3,3,35,1,2.499604426348705,0.6954012540632568,1,1.3004491628202612e-13,1.158856734434617,1
1.0,3,3,36,1,2.4999116010685487,0.693739214083351,1,2.2617195592025836e-15,1.199282417339039,1
1.0,3,3,37,1,2.499972636336299,0.6933518352865486,1,2.1485296512722613e-15,1.137052614232173,1
1.0,3,3,38,1,2.498986905479934,0.6982847354461499,1,1.3060731281096297e-14,1.0128388159112953,1
1.0,3,3,39,1,2.499982177951798,0.6932855674120268,1,2.204720855823281e-15,1.0244843543924569,1
1.0,3,3,40,1,2.4997149971566825,0.6948334919044875,1,2.118155810027533e-15,1.229282591352682,1
1.0,3,3,41,1,2.4802633677056476,0.7540805968448956,1,2.9717621091978614e-15,1.3461626662754405,1
1.0,3,3,42,1,2.494503062623825,0.7148199465939575,1,3.276681272591251e-15,1.277225967793593,1
1.0,3,3,43,1,2.499195416947394,0.697350985428421,1,2.3584518989963054e-15,1.2330463091629136,1
1.0,3,3,44,1,2.4995645936327935,0.6956003771755359,1,2.060231771332463e-15,1.2171009221004612,1
1.0,3,3,45,1,2.499932528829144,0.6936112070416786,1,1.8920467835250102e-15,1.1782812470190314,1
1.0,3,3,46,1,2.499966437742697,0.6933936263169755,1,2.0769199008985527e-15,1.1621216040731508,1
1.0,3,3,47,1,2.484137774593758,0.744443783206242,1,2.7285751215528442e-15,1.154739930551186,1
1.0,3,3,48,1,2.4994184187731916,0.696311712881533,1,2.0679323366912957e-15,1.1983574591262725,1
1.0,3,3,49,1,2.4999637478380143,0.6934115148275283,1,1.528666076075732e-14,0.9277494341791993,1
1.0,3,3,50,1,2.4963818903776174,0.7084226331858511,1,1.962184638182477e-15,1.3611789834430426,1
1.0,3,3,51,1,2.499941191609492,0.6935570171877392,1,2.508801004192979e-15,1.0242951476280466,1
1.0,3,3,52,1,2.4999678883992806,0.6933839201341581,1,5.90893944656178e-13,0.6932804039501929,1
1.0,3,3,53,1,2.4993242227437693,0.6967566148627238,1,2.1828548292661123e-15,1.1848795862383183,1
1.0,3,3,54,1,2.4999286107692975,0.6936354666050846,1,2.2878180506830933e-15,1.111511797337851,1
1.0,3,3,55,1,2.4998038468463473,0.6943566435586299,1,2.0623652473045066e-15,1.2731696729927957,1
1.0,3,3,56,1,2.4992554581618576,0.697075785954641,1,2.034839690070131e-15,1.1117067855031941,1
1.0,3,3,57,1,2.499900566775377,0.6938053164146032,1,2.0951586108867792e-15,1.146552314410709,1
1.0,3,3,58,1,2.4997283957283294,0.6947629347843612,1,2.3943991217942805e-15,1.3315544205426082,1
1.0,3,3,59,1,2.4994198157268968,0.696305042062084,1,2.4785419797463535e-15,1.384548751084012,1
1.0,3,4,0,3,2.397826062310364,0.6934369351992489,1,2.315813346343577e-15,1.0257647051712078,5
1.0,3,4,1,3,1.9640045592115354,1.0473485585127222,1,0.00038345088317402244,1.2999249035614497,5
1.0,3,4,2,3,2.582004391735797,0.7013284874685675,1,2.180291461771827e-15,1.1101416571562837,5
1.0,3,4,3,3,2.526984482751369,0.7347227274434245,1,2.83100268597656e-15,1.1925923214720249,5
1.0,3,4,4,3,2.2577123769735428,1.0446995203960863,1,3.326449514790237e-15,1.2390459841540271,5
1.0,3,4,5,3,2.3699514058522904,0.9552618604112164,1,1.3135667560554324e-13,1.2533924498916988,5
1.0,3,4,6,3,2.615645024851208,0.7008775465499636,1,2.1991202315012852e-15,1.1766475126608062,5
1.0,3,4,7,3,2.32988967482007,0.6532553489467476,1,3.780476587937001e-15,1.3129594450231679,5
1.0,3,4,8,3,2.306869115718583,0.9576685293668388,1,3.0605117464368867e-15,1.2828120240236636,5
1.0,3,4,9,3,2.436852836924213,0.8196659617257822,1,8.591327179588703e-15,1.2629198242236337,5
1.0,3,4,10,3,2.440206812742825,0.708885040241015,1,2.796470998353146e-12,1.102837488620458,5
1.0,3,4,11,3,2.6506997802726797,0.7128836584788655,1,2.733586212716165e-15,1.1307645598771248,5
1.0,3,4,12,3,2.492068169215299,0.8674102475342678,1,3.102749209732575e-14,0.88502557737704,5
1.0,3,4,13,3,2.4112412243979255,0.7732784921275182,1,2.634001635344524e-15,1.1545189227050765,5
1.0,3,4,14,3,2.585775489944016,0.726301636304073,1,3.1006913899793287e-15,1.2057229226352897,5
1.0,3,4,15,3,2.521169854468752,0.7529681213753499,1,3.185701163970036e-15,1.2489634131859881,5
1.0,3,4,16,3,2.3728416338324774,0.935314150968205,1,5.23117411314363e-15,1.3025460172283272,5
1.0,3,4,17,3,2.045586792250178,1.096526851761033,1,5.031772950670483e-15,1.2781739986179212,5
1.0,3,4,18,3,2.535830825846,0.8632874552707691,1,2.60573666469038e-15,1.119949696941097,5
1.0,3,4,19,3,2.6292230213759122,0.6919123835307344,1,2.627347311005642e-15,1.156558507764296,5
1.0,3,4,20,3,2.678920485131934,0.6890486224848011,1,2.856933469111176e-15,1.0914543726607908,5
1.0,3,4,21,3,2.417976057824175,0.91797569871502,1,3.958896543127573e-15,1.2344225959340205,5
1.0,3,4,22,3,2.5418979668890973,0.7674462893377197,1,2.069256849780624e-12,1.3269646390031424,5
1.0,3,4,23,3,2.2557680076470312,0.6164355721823693,1,4.485373576039431e-15,1.284141616211015,5
1.0,3,4,24,3,2.3388427281328483,0.7430392402217528,1,2.0781130108423835e-15,0.9625472164191524,5
1.0,3,4,25,3,2.299475273044191,1.0119456334154666,1,1.7101716050428887e-12,1.3340581998257721,5
1.0,3,4,26,3,2.518785341551312,0.861373505851692,1,3.870600673266084e-15,1.1668063097145112,5
1.0,3,4,27,3,2.5595064163537082,0.7372196392821027,1,1.0137312579086483e-14,1.2527649978006323,5
1.0,3,4,28,3,2.618721924948868,0.6965500527616865,1,2.6969379519652264e-15,1.1444955580823617,5
1.0,3,4,29,3,2.617702608445256,0.6717039307085293,1,1.2944125489287777e-13,1.2424197826450396,5
1.0,3,4,30,3,2.290752529589452,1.0083534260491618,1,2.8762604278870067e-15,1.2931992191155175,5
1.0,3,4,31,3,2.3946201356376164,0.6925348417924178,1,2.3426612401747057e-15,1.051108128502297,5
1.0,3,4,32,3,2.455008043100264,0.9161102928531368,1,1.2950976330327518e-13,1.2100009345452336,5
1.0,3,4,33,3,2.533092421890705,0.7132660573519773,1,3.066204890025398e-15,1.2469351606356176,5
1.0,3,4,34,3,2.8058707840965864,0.5097157916624927,1,2.780968506456889e-15,0.8948335943975478,5
1.0,3,4,35,3,2.3731776919548766,0.979739555786362,1,1.2982306955662292e-13,1.2570065311258563,5
1.0,3,4,36,3,1.679835513325481,1.0126335689329915,1,3.0940716660298156e-15,1.3357343989464638,5
1.0,3,4,37,3,2.5784740362894927,0.7429848040955349,1,2.7608404860588395e-15,1.1910305551447322,5
1.0,3,4,38,3,2.3103677433722116,0.634509911822065,1,2.0884425166734063e-15,0.9729664868627089,5
1.0,3,4,39,3,1.7864963565761567,1.0533976477093616,1,1.6900392621273256e-12,1.364119724973162,5
1.0,3,4,40,3,2.2035268230289002,1.0552863471169205,1,3.022358360433655e-15,1.2675353891821997,5
1.0,3,4,41,3,2.374874830431494,0.7217748988646108,1,2.5142525688266725e-15,1.182465390239889,5
1.0,3,4,42,3,2.152320602918084,0.8044120533933913,1,2.6749845090265006e-15,1.1538291782848322,5
1.0,3,4,43,3,2.4821201129224497,0.8422379781382163,1,2.247905511749601e-12,1.3417425306654083,5
1.0,3,4,44,3,2.6159167962006746,0.7192129249031405,1,1.8724762974625837e-14,1.1492696697610265,5
1.0,3,4,45,3,2.5697206619372372,0.7123505006357014,1,2.186755528336216e-15,1.1109924491085557,5
1.0,3,4,46,3,2.561350483169538,0.7732647356093827,1,3.328024160226531e-15,1.1508299030292886,5
1.0,3,4,47,3,2.5306717215614976,0.7838179673754101,1,6.049571699023985e-15,1.3099848449711626,5
1.0,3,4,48,3,2.4796548521963486,0.743865012835512,1,3.38937375162875e-15,1.2636334371564917,5
1.0,3,4,49,3,2.52392189009956,0.856601579687646,1,2.4493059383062157e-15,0.988971161285744,5
1.0,3,4,50,3,2.528390048869496,0.8217515255175629,1,1.2932419036183122e-13,1.2653944790869014,5
1.0,3,4,51,3,2.532805243456356,0.7403738870906261,1,2.589848385703279e-15,1.2189931049165852,5
1.0,3,4,52,3,2.2353402159682534,0.981691798759945,1,2.5777925435514103e-15,1.1929031755768054,5
1.0,3,4,53,3,2.4005126060266315,0.674145035518139,1,2.259946376665537e-15,1.0385655780759349,5
1.0,3,4,54,3,2.399432430886425,0.6834478529015904,1,2.1050695425816457e-15,1.0429542891207997,5
1.0,3,4,55,3,2.413553841618046,0.6831678902135863,1,4.420479513704184e-15,1.1083548100790797,5
1.0,3,4,56,3,1.8394812312625213,1.0364865743888019,1,3.2615946037183284e-15,1.3305773426456253,5
1.0,3,4,57,3,2.462110905994009,0.9146054181576501,1,2.908767598195632e-15,1.1895449188476674,5
1.0,3,4,58,3,2.4080092805482995,0.9580385438737249,1,9.252322069237605e-15,1.256168836352664,5
1.0,3,4,59,3,1.9544666588532031,0.8484861524782705,1,4.842253890673775e-15,1.3048031908545623,5
1.0,3,5,0,2,2.4730168722866885,0.787040085763971,1,2.3744640060943264e-15,1.0890319234456243,3
1.0,3,5,1,2,1.5338063463739842,0.9175133161939831,1,3.4868495879950176e-15,1.3817102674110253,3
1.0,3,5,2,2,2.008932424445604,1.0863849736470494,1,5.5675405389623336e-15,1.2736006711941878,3
1.0,3,5,3,2,1.7716267429867545,1.058447401110628,1,1.3020769240548323e-13,1.346806080877356,3
1.0,3,5,4,2,2.04699059586551,1.034726540859819,1,3.3817273950159097e-15,1.3051806609670544,3
1.0,3,5,5,2,2.1758303727937616,1.0073424684723438,1,1.0898493119356484e-12,0.9591798166434626,3
1.0,3,5,6,2,2.198841414507332,1.0461437812570202,1,4.094378087482654e-15,1.3132378225295214,3
1.0,3,5,7,2,1.8551980331075697,1.08277774657503,1,1.0585997046235892e-14,1.3690591894729902,3
1.0,3,5,8,2,2.345902717534498,0.988307861778122,1,2.915334584871897e-15,1.2489061265914083,3
1.0,3,5,9,2,2.426471526340574,0.7972078594331298,1,6.039712885535866e-15,1.3010407260360335,3
1.0,3,5,10,2,1.99188581936211,1.0961225235194103,1,3.544193841660325e-15,1.3264440558276391,3
1.0,3,5,11,2,2.419316098362328,0.8045260550669655,1,5.041970272416732e-14,1.1463506599856341,3
1.0,3,5,12,2,1.6938814309473558,0.9657081582551746,1,3.879639891784817e-15,1.3048486355510358,3
1.0,3,5,13,2,2.449497416382121,0.9057820727595489,1,2.4915245193208447e-15,1.2346022025398846,3
1.0,3,5,14,2,1.5611760011775555,0.9349895635845021,1,2.3403782054651174e-11,1.3740612499517537,3
1.0,3,5,15,2,2.321884377124139,0.9868374308021373,1,2.60316189129107e-15,1.1804000615593022,3
1.0,3,5,16,2,1.9692796511173707,1.097624280525231,1,1.191589611506882e-12,1.1602444472116185,3
1.0,3,5,17,2,2.29162558578665,0.872040179055052,1,2.7730911995007422e-15,1.1815975546011432,3
1.0,3,5,18,2,2.5707837448175628,0.6909859496670185,1,3.090617501398119e-15,1.2300699680107436,3
1.0,3,5,19,2,1.7084123861268314,1.0317396969483568,1,2.293687572933337e-12,1.274043872603435,3
1.0,3,5,20,2,2.052285021793722,1.0879550520949106,1,3.9525038652025096e-15,1.3113290662363992,3
1.0,3,5,21,2,1.9256391953692917,1.0941016951319236,1,5.5390308961314145e-15,1.3290455451748866,3
1.0,3,5,22,2,2.198037689112551,1.046935558749229,1,2.703920505826711e-15,1.2311355155784693,3
1.0,3,5,23,2,2.238426400216481,0.9354014256083729,1,3.08226929483444e-15,1.281528730033349,3
1.0,3,5,24,2,2.3980977903080287,0.906848230435221,1,3.0350723145428017e-15,1.2672813797856128,3
1.0,3,5,25,2,1.1591162535837893,0.42710052934690085,1,2.287647519581837e-12,1.3853204112322093,3
1.0,3,5,26,2,2.2833250640075238,0.8469046520303778,1,3.2898037095793214e-15,1.2652247872283102,3
1.0,3,5,27,2,1.89125290753528,1.068840169062071,1,2.7202554380467526e-15,1.294868312479962,3
1.0,3,5,28,2,1.607468614182991,0.9582726118392515,1,6.051893395551909e-14,1.3135641597120218,3
1.0,3,5,29,2,1.9380395802404993,0.9998465793159969,1,3.034034640949163e-15,1.0801577133245543,3
1.0,3,5,30,2,1.5469460165849305,0.9347003964852291,1,3.276452734226354e-15,1.3703149480054946,3
1.0,3,5,31,2,2.3449920984290444,0.9393611679516501,1,1.4649450754865917e-12,0.8824231243214196,3
1.0,3,5,32,2,2.3947928013914304,0.9500158562591164,1,2.810051983535496e-15,1.2748620159782322,3
1.0,3,5,33,2,1.7352835354479181,1.0437096190582178,1,2.9110157662657542e-15,1.3068273499967589,3
1.0,3,5,34,2,2.4163698638912723,0.9008324257041872,1,1.148337218635844e-12,0.8470103245114112,3
1.0,3,5,35,2,2.276872684331231,0.8735196979554762,1,1.298875142033612e-13,1.2410050676698892,3
1.0,3,5,36,2,1.6338867766719911,0.995218129483795,1,3.5275574425666703e-15,1.3385681730889654,3
1.0,3,5,37,2,2.108774150550993,1.0700844102669573,1,3.0150000659841855e-15,1.217945721206698,3
1.0,3,5,38,2,1.828418147819252,1.0672007808775141,1,3.0116282715536934e-15,1.2840842173077975,3
1.0,3,5,39,2,1.6007678479961864,0.9736115638919018,1,3.3027161899045467e-15,1.3639427668423838,3
1.0,3,5,40,2,1.696309576288525,1.027549654845601,1,1.4542854860819756e-12,1.2524008866774279,3
1.0,3,5,41,2,1.9979597213450142,1.0932347386014023,1,8.634900882826447e-15,1.3179880926475884,3
1.0,3,5,42,2,2.281660887910009,0.9459645831637091,1,5.624265758196589e-15,1.250395570097305,3
1.0,3,5,43,2,1.8379541294032682,1.0323534117947508,1,3.9302037697925456e-14,1.1838409114565238,3
1.0,3,5,44,2,1.978290473501679,1.0975211201986264,1,1.0851438797023048e-14,1.2655418000800003,3
1.0,3,5,45,2,1.6510781674920965,1.003913452898267,1,3.75520255196586e-15,1.3704622510586306,3
1.0,3,5,46,2,1.6410439365672547,0.9952415632424614,1,6.259935465670407e-15,1.354391590401672,3
1.0,3,5,47,2,2.5179068891553453,0.8177859034282672,1,2.8792469122071596e-15,1.2828693640546802,3
1.0,3,5,48,2,2.597963071432014,0.6878780130818004,1,2.237800455956834e-15,1.221503356970036,3
1.0,3,5,49,2,1.8178847806996141,1.0675380604340843,1,3.1219823020187797e-15,1.322516752963358,3
1.0,3,5,50,2,1.3396737737575073,0.706965282964191,1,1.828579170627812e-12,1.3578344897915366,3
1.0,3,5,51,2,1.7736465351065174,1.0574953767645496,1,2.5055671131895247e-12,1.334484472804751,3
1.0,3,5,52,2,2.475818895592458,0.8795231629505216,1,1.2465399963432432e-12,1.0488329835661294,3
1.0,3,5,53,2,1.8407622927968066,1.0755611059532033,1,6.3463289654242195e-15,1.3003838651892334,3
1.0,3,5,54,2,2.2574530424942028,0.9204360063596262,1,2.85303195959436e-15,1.3004524290849753,3
1.0,3,5,55,2,2.2035379369447505,1.0656710298596221,1,2.749862726680153e-15,1.2297983979902596,3
1.0,3,5,56,2,1.9009966388816932,1.087442774161294,1,3.091522737444988e-15,1.3067837406992702,3
1.0,3,5,57,2,2.3120219875404806,1.0069399077645316,1,2.828063879584357e-15,1.250303221550718,3
1.0,3,5,58,2,2.405490549723351,0.9189099941978106,1,2.9351959327640728e-15,1.2855004426506391,3
1.0,3,5,59,2,1.6367197465414327,0.9924714900252192,1,3.0634479686159314e-15,1.341635516426572,3
1.0,3,6,0,2,2.5438788893634605,0.7190130296629487,1,3.6228444031832505e-15,1.207088158412234,3
1.0,3,6,1,2,2.579642071982228,0.7048009656168672,1,2.5222928953520127e-15,1.1396609435795284,3
1.0,3,6,2,2,2.504289848569421,0.7282235129272163,1,3.812022298006476e-15,1.266399124715429,3
1.0,3,6,3,2,2.5504324847387583,0.8283768033238209,1,2.4741477452816085e-15,1.163477867021522,3
1.0,3,6,4,2,2.750690830014366,0.5786679952193664,1,2.2558623373169353e-15,0.9516403470174309,3
1.0,3,6,5,2,2.5874764479839434,0.6825918953219536,1,1.309775338639026e-13,1.1868048010511623,3
1.0,3,6,6,2,2.5848508486208868,0.713728074341048,1,8.79696697282068e-12,0.6993889567420974,3
1.0,3,6,7,2,2.616478785318642,0.7257016398983682,1,1.1298539627111927e-12,0.7007902977330889,3
1.0,3,6,8,2,1.7540636309965407,1.0216865073668613,1,1.3012964761281776e-13,1.3649031053494372,3
1.0,3,6,9,2,2.752844270962368,0.6044274546669598,1,2.518950290755071e-13,1.2379629911594539,3
1.0,3,6,10,2,2.52545269151466,0.7824465899289086,1,2.4113108853507496e-15,1.1589062876043734,3
1.0,3,6,11,2,2.6508269810622456,0.6661517046069161,1,1.2934000938148728e-13,1.240715985574907,3
1.0,3,6,12,2,2.4002609898467444,0.9123952648878877,1,5.242817298043258e-15,1.1547072072603553,3
1.0,3,6,13,2,2.6082721245535603,0.6749782496538035,1,2.221477288941395e-15,1.0469740391713545,3
1.0,3,6,14,2,2.6322369748598513,0.7598391175320227,1,1.0007238230627472e-12,0.7170081997043112,3
1.0,3,6,15,2,2.3803493541588727,0.9858973361116332,1,1.0565135586775848e-12,0.9362478627584048,3
1.0,3,6,16,2,2.6007058133245753,0.676341351012552,1,2.4684811242674113e-15,1.1818998866695545,3
1.0,3,6,17,2,2.4911060826372697,0.7311298013033354,1,4.968465851105136e-15,1.2637859438624957,3
1.0,3,6,18,2,2.5027275305602457,0.8866739454795738,1,3.028091991869943e-15,1.1747749079681773,3
1.0,3,6,19,2,2.5754971155677313,0.7473821092250695,1,2.3384117151852594e-15,1.1227703869378534,3
1.0,3,6,20,2,2.57163963209256,0.7387609800477772,1,8.822374459231687e-13,0.7169355435299137,3
1.0,3,6,21,2,2.4315451684566316,0.8723090350168755,1,3.3409823532657687e-15,1.2524464562216484,3
1.0,3,6,22,2,2.6189463584016646,0.7037591137626817,1,2.454128241119705e-15,1.1732224362132206,3
1.0,3,6,23,2,2.622071133866071,0.671832818426442,1,2.351858560966334e-15,1.149836443084493,3
1.0,3,6,24,2,2.7130683107043145,0.620933233124573,1,3.835023763980979e-15,1.0968659385023454,3
1.0,3,6,25,2,2.5223037466189075,0.7759572279184839,1,2.3478667409920342e-15,1.0997173487196044,3
1.0,3,6,26,2,1.7959675983906442,1.0442085911474503,1,3.073004189972723e-15,1.324960080920363,3
1.0,3,6,27,2,2.576144335732235,0.7635875736924707,1,2.0640149054843567e-15,1.0474755012419008,3
1.0,3,6,28,2,2.610371531211798,0.7420545462067306,1,2.4910024532820365e-15,1.1829781386696223,3
1.0,3,6,29,2,2.6467462619859896,0.662636716199037,1,2.2027431244796332e-15,1.0455336666741273,3
1.0,3,6,30,2,2.1597521367422248,1.0788623168329434,1,9.225035696578316e-15,1.3223740606304097,3
1.0,3,6,31,2,2.637883463857076,0.6919815195899539,1,2.6196567755546093e-15,1.1733074706582882,3
1.0,3,6,32,2,2.627141465628568,0.676993069218585,1,2.5830818049171296e-15,1.161134236016042,3
1.0,3,6,33,2,2.510414477580848,0.8706526864622629,1,9.740411385990565e-15,1.2696846289313146,3
1.0,3,6,34,2,1.7998031806585222,1.0667713592328782,1,4.333255191049538e-15,1.3494333351298662,3
1.0,3,6,35,2,2.4100382198483574,0.8991584941122708,1,4.4574038086634924e-15,1.2692383036850372,3
1.0,3,6,36,2,2.5942070562824213,0.6885936570838463,1,4.8537769515001234e-15,1.2388074491030878,3
1.0,3,6,37,2,2.5542249144388087,0.7408117533041964,1,2.3486106816700146e-15,1.1826115767351166,3
1.0,3,6,38,2,1.5025512839433068,0.8746588072750341,1,3.977288629015183e-15,1.3773189458327657,3
1.0,3,6,39,2,2.4865071328033483,0.8248038502241724,1,3.3460913716815624e-15,1.2546938126421188,3
1.0,3,6,40,2,2.390495192801608,0.944288007809021,1,7.866600578735958e-15,1.3087214479636464,3
1.0,3,6,41,2,2.185472768160023,0.8774161391050675,1,3.4021664686743347e-15,1.1798234905838783,3
1.0,3,6,42,2,2.5043501742501038,0.79591666423693,1,4.094242737751148e-15,1.2526256492081707,3
1.0,3,6,43,2,2.6145676578915666,0.7022834083449424,1,2.4549997849558714e-15,1.146270523977965,3
1.0,3,6,44,2,2.5349285001195088,0.7055771789296443,1,3.0169285930609284e-15,1.1988413608004924,3
1.0,3,6,45,2,1.989822002738406,1.0575072250572541,1,4.022495437139004e-14,1.2434419504535843,3
1.0,3,6,46,2,2.349243622695869,0.9999821924673709,1,2.9827755352851956e-15,1.2623014016326382,3
1.0,3,6,47,2,2.607530620268045,0.7638676554837082,1,2.3567201921495593e-15,1.0733489471316597,3
1.0,3,6,48,2,2.6621892963152147,0.716985502613585,1,8.063214845647098e-15,1.190182250612755,3
1.0,3,6,49,2,2.561363226910958,0.7123616207559389,1,8.032773366563057e-13,0.7015554718368677,3
1.0,3,6,50,2,2.6776303981204506,0.7158363362257545,1,1.3069809188910277e-13,1.1724183864292574,3
1.0,3,6,51,2,2.1291824408306055,1.0821750120432196,1,3.609409464153485e-15,1.326342796256534,3
1.0,3,6,52,2,2.4289410330153336,0.9274507123269644,1,3.3463916938487956e-15,1.2556235211315374,3
1.0,3,6,53,2,2.109133508487375,1.0675061459117343,1,2.8064281474444477e-15,1.2538888599074705,3
1.0,3,6,54,2,2.131813579612553,1.085029355811424,1,2.8536511369776036e-15,1.2163056929213316,3
1.0,3,6,55,2,2.5249310084179437,0.7771070481781981,1,3.1483390172173132e-15,1.21574347096724,3
1.0,3,6,56,2,2.416087092627028,0.9302183923124827,1,1.3034477036935214e-13,1.3233316971353553,3
1.0,3,6,57,2,2.5558139569748684,0.7962097306594871,1,3.945000369327539e-14,1.3405754425789318,3
1.0,3,6,58,2,2.5915836987019554,0.6805861683372588,1,3.183050439823509e-15,1.2177741852039565,3
1.0,3,6,59,2,2.068608413789606,1.0945063989785149,1,4.158222734734512e-15,1.3127865532853766,3
1.0,3,7,0,2,2.2476538395825916,1.0470078991919425,1,2.920337246298335e-15,1.260265667514675,3
1.0,3,7,1,2,2.5653868474900365,0.7492388887331636,1,6.386097930015994e-15,1.3085247372280566,3
1.0,3,7,2,2,2.5306540395942667,0.6922040539644696,1,1.4856657149261226e-12,1.0951500065247626,3
1.0,3,7,3,2,2.507371497369255,0.7087816207170217,1,1.3091077619807712e-13,1.2581925235905098,3
1.0,3,7,4,2,2.604545195288832,0.6785338645578172,1,4.575272626933829e-15,1.269848441979919,3
1.0,3,7,5,2,2.5367270427087583,0.7798826175954672,1,2.552163487559846e-15,1.2211144105149097,3
1.0,3,7,6,2,2.6356487423519877,0.6863335658060123,1,3.422144195125088e-15,1.1701325567175884,3
1.0,3,7,7,2,2.543778510400067,0.7379332453588208,1,1.9423521823934885e-15,1.014824524929724,3
1.0,3,7,8,2,2.5097389028100596,0.7169167582608913,1,3.2698293034365463e-14,1.121740416406372,3
1.0,3,7,9,2,2.5884151310498926,0.6843795122242742,1,2.2411362987443956e-15,1.061314285550129,3
1.0,3,7,10,2,2.539648906147283,0.6903617619171951,1,1.0369625039441755e-14,1.302511878037273,3
1.0,3,7,11,2,2.5344677446728205,0.7631406136168669,1,2.37433926883626e-15,1.0262868858603118,3
1.0,3,7,12,2,2.582447467342646,0.7106064117862674,1,1.0312875777072252e-14,1.3163760062737482,3
1.0,3,7,13,2,2.5528505046496224,0.7228163112336271,1,2.1046461895181613e-15,0.9881091984809721,3
1.0,3,7,14,2,2.529404060524084,0.6936087148892842,1,2.614106522813068e-13,1.3547275523582996,3
1.0,3,7,15,2,2.4956075923857184,0.7005649934706688,1,9.248483267465474e-15,1.3251220636962888,3
1.0,3,7,16,2,2.497202028239329,0.8358353240670758,1,3.8359856114969096e-15,1.2428078127796272,3
1.0,3,7,17,2,2.555615388891322,0.6979942600657696,1,2.0385410911273856e-15,0.8858832211980456,3
1.0,3,7,18,2,2.5345847191235404,0.690998077296782,1,1.0108204581746234e-14,1.302949772462716,3
1.0,3,7,19,2,2.5486081859312684,0.7578288510967086,1,4.9425708898440635e-15,1.2685372563590123,3
1.0,3,7,20,2,2.637072590654932,0.7013051154677277,1,5.754851249430446e-15,1.2585969780758846,3
1.0,3,7,21,2,2.5502599767481886,0.6884005181201888,1,9.929861024412069e-15,1.3100533242625758,3
1.0,3,7,22,2,2.5755834997663025,0.7052531537488846,1,2.13059562567737e-15,0.8748100115600078,3
1.0,3,7,23,2,2.6011093058755863,0.6951930729926745,1,4.7759989028689835e-15,1.213710249464327,3
1.0,3,7,24,2,2.60926080767487,0.6812187680468464,1,4.19603370231979e-15,1.2522311600931715,3
1.0,3,7,25,2,2.611709615753143,0.6716291178088472,1,4.569246021246955e-15,1.1792703100432866,3
1.0,3,7,26,2,2.7662613755535763,0.5458294728821428,1,1.2934560915242456e-13,0.9594250614994142,3
1.0,3,7,27,2,2.3942523252314007,0.933101795473593,1,4.654067354899675e-15,1.2492160346652001,3
1.0,3,7,28,2,2.6653972966578436,0.6500834696137683,1,6.954318266653127e-15,1.1911066589580794,3
1.0,3,7,29,2,2.3447040871420812,0.9912554106289954,1,4.608355334174245e-15,1.2797386527879218,3
1.0,3,7,30,2,2.593291674564039,0.6912580396288026,1,3.2001063045630225e-15,1.2127488749869846,3
1.0,3,7,31,2,2.5219845598466577,0.7340602412426342,1,1.317815916857992e-13,1.0720366293931995,3
1.0,3,7,32,2,2.555420198278862,0.6960513194027265,1,6.9600229725993946e-15,1.263688077661455,3
1.0,3,7,33,2,2.567080942657214,0.7503259619574586,1,3.7464858915162425e-15,1.2564896832894452,3
1.0,3,7,34,2,2.519280101396788,0.7004868521006052,1,2.4755422505517695e-15,1.206869478960555,3
1.0,3,7,35,2,2.505248240492618,0.7293379020732962,1,1.3080358181231904e-13,1.2670361957087408,3
1.0,3,7,36,2,2.542411855119405,0.735079378463777,1,6.4635112208365765e-15,1.250791693161899,3
1.0,3,7,37,2,2.4725426353355724,0.7958967061319673,1,9.764352671029061e-15,1.3285040714046474,3
1.0,3,7,38,2,2.5867013038258624,0.6794506182911322,1,3.707796444235587e-15,1.2445509760034865,3
1.0,3,7,39,2,2.556314808492422,0.6900423840682256,1,2.3672534646286462e-15,0.9292847940607072,3
1.0,3,7,40,2,2.539338189099896,0.702872356555647,1,1.0331472160810293e-14,1.262805516136056,3
1.0,3,7,41,2,2.4729839838288226,0.8729589793532886,1,1.296307230894945e-13,1.2461369318847368,3
1.0,3,7,42,2,2.5831148935217416,0.6816959109194766,1,3.765110334480836e-15,1.2394819813487044,3
1.0,3,7,43,2,2.5840370378596744,0.6879706392381316,1,2.0311579039432017e-15,0.9198830973227148,3
1.0,3,7,44,2,2.5411109879714266,0.6954838291598138,1,1.2941433074304224e-13,1.1504347429723645,3
1.0,3,7,45,2,2.6673452873245918,0.6416427246842535,1,3.9772822166961766e-15,1.2397222752406174,3
1.0,3,7,46,2,2.533143220022797,0.7005039163305004,1,4.946411363009822e-15,1.097654842208094,3
1.0,3,7,47,2,2.553013732611456,0.6883310495443855,1,2.1810468149745793e-15,0.8844416446264753,3
1.0,3,7,48,2,2.461514570780455,0.8444280467761136,1,7.598158908391711e-14,1.1736592886830495,3
1.0,3,7,49,2,2.5808438891250023,0.7101860514219804,1,2.2841073509660194e-15,1.0827461015803912,3
1.0,3,7,50,2,2.55666790006369,0.6877821182362023,1,2.0130422663048513e-15,0.8938478227748101,3
1.0,3,7,51,2,2.5185953266822945,0.6942045340170215,1,2.3237259668005706e-15,0.8908184483528092,3
1.0,3,7,52,2,2.5215725199635894,0.7391421089685222,1,4.6556042303823406e-15,1.1830667021783565,3
1.0,3,7,53,2,2.5755205218513786,0.7040461657499018,1,1.1590291718629957e-14,1.3040992315928577,3
1.0,3,7,54,2,2.4733324878917218,0.8603086099323803,1,8.754833630758168e-15,1.3257440336962796,3
1.0,3,7,55,2,2.607685143939856,0.6741847958296763,1,2.1000250259805088e-15,0.8865537832314209,3
1.0,3,7,56,2,2.5719015178184863,0.7011898436397254,1,2.628333791328146e-15,1.1502355916081548,3
1.0,3,7,57,2,2.564066217351395,0.6998876466285047,1,4.061937633133943e-14,1.1427025188745028,3
1.0,3,7,58,2,2.559677165805386,0.6874125405234932,1,9.470977254863345e-15,1.3216651736575948,3
1.0,3,7,59,2,2.582683335946788,0.7257131780324853,1,3.5638943925486364e-15,0.9120091538307575,3
1.0,3,8,0,0,2.345544395172466,0.899452965471673,1,2.343802941676107e-15,1.3599844776174956,2
1.0,3,8,1,0,2.7528686237897433,0.571349111232804,1,4.651565838532216e-15,1.2610154713379322,2
1.0,3,8,2,0,2.6272468262787108,0.6825252373731916,1,2.258797224238706e-15,0.906237266952141,2
1.0,3,8,3,0,2.5687279285294427,0.7276881951303613,1,2.3661481930568963e-15,1.2642795411487446,2
1.0,3,8,4,0,2.461835915524445,0.78555260372553,1,1.0084501883422915e-14,1.3396268397520468,2
1.0,3,8,5,0,2.604512488049617,0.6760789904555802,1,2.582787709497383e-15,0.8788195757030305,2
1.0,3,8,6,0,2.5567140892054985,0.6921327477312329,1,2.0917359927542576e-15,1.0228750652066396,2
1.0,3,8,7,0,2.4863068022016415,0.7201706386625542,1,2.272336921706702e-15,1.0278227823529407,2
1.0,3,8,8,0,2.4543158566313443,0.7311966458363685,1,2.371063993821175e-15,1.1555615659502612,2
1.0,3,8,9,0,2.7835797412318004,0.5231393390690294,1,1.494644472151277e-14,0.6939086322244213,2
1.0,3,8,10,0,2.5650982216253775,0.6894229072093808,1,2.1225885500853854e-15,1.0414674453851813,2
1.0,3,8,11,0,2.6016706745863476,0.679842660262303,1,2.213609337940446e-15,0.9954225892042707,2
1.0,3,8,12,0,2.6754040622179285,0.6367934881334345,1,4.16316513187598e-15,0.9328037484477475,2
1.0,3,8,13,0,2.594896532319953,0.6872126107512782,1,2.3289902062018748e-14,1.2595513097016617,2
1.0,3,8,14,0,2.590316918154863,0.6860797546572812,1,2.4035495620189272e-15,1.0343317345226628,2
1.0,3,8,15,0,2.579382768917986,0.6870857446246359,1,1.7912291678592067e-14,0.8656102598488506,2
1.0,3,8,16,0,2.5792090860629577,0.6860151830791245,1,2.6861844861001484e-15,1.1815409462818123,2
1.0,3,8,17,0,2.6133968398188405,0.6733140458183267,1,4.853498397024869e-15,1.0511085979960273,2
1.0,3,8,18,0,2.445004938499277,0.6992906450313835,1,2.3121486784403843e-15,0.8773598221349042,2
1.0,3,8,19,0,2.56927350605697,0.6885682060498026,1,2.1216371556674304e-15,1.0033781346308108,2
1.0,3,8,20,0,2.4696124634504817,0.6938660679595379,1,2.0233867711103593e-15,0.9112073664897224,2
1.0,3,8,21,0,2.5430314652663006,0.6919223458617906,1,1.1429916475504891e-14,1.2631101480388756,2
1.0,3,8,22,0,2.441967557443613,0.7162357660476616,1,2.0843678241938457e-15,1.0792429053816615,2
1.0,3,8,23,0,2.498803947422871,0.7542511925903639,1,2.3795953590855093e-15,1.35481958925427,2
1.0,3,8,24,0,2.6432562730026192,0.6884360629344279,1,2.4013038546314946e-15,1.0538181472359407,2
1.0,3,8,25,0,2.667541841702705,0.6372602414897836,1,2.1104364568599043e-15,0.9474345765887737,2
1.0,3,8,26,0,2.5709289732928924,0.6914393314234213,1,1.2570276580474979e-14,0.8303104159651205,2
1.0,3,8,27,0,2.5929126908149445,0.6758960302244743,1,2.043968234378317e-15,0.9645689988017706,2
1.0,3,8,28,0,2.3939499594534293,0.8231993594330487,1,2.299073349198784e-15,1.092832053042068,2
1.0,3,8,29,0,2.576963299620653,0.6919646581939274,1,2.7658169760462167e-15,0.9439325214869391,2
1.0,3,8,30,0,2.558821300618328,0.6898347430929563,1,5.54147384747889e-13,0.6882687828946299,2
1.0,3,8,31,0,2.366072281068457,0.7008801828265412,1,2.3381422916219794e-15,0.9731632649425072,2
1.0,3,8,32,0,2.6110683916178394,0.6786724079935431,1,6.3997501459097395e-15,0.820033377209484,2
1.0,3,8,33,0,1.7413039928075658,1.0186092703169538,1,2.2310369904712798e-14,1.3571995122633191,2
1.0,3,8,34,0,2.6583641008550885,0.708823874228786,1,3.2082790490441774e-15,1.1769843598227339,2
1.0,3,8,35,0,2.3926819746399137,0.847581967094882,1,1.0082907564166213e-14,1.3092368180651537,2
1.0,3,8,36,0,2.5645844247497895,0.6875407187164889,1,1.473540677544416e-14,0.8302004712135195,2
1.0,3,8,37,0,2.471169681740773,0.8358103798189663,1,6.406509104613242e-15,1.2476907035503753,2
1.0,3,8,38,0,2.4691732153785817,0.6948071065764716,1,1.4092886196296103e-13,0.9837852969367866,2
1.0,3,8,39,0,2.6700979912553278,0.6448351499355545,1,6.069225257997418e-13,0.6397855071983171,2
1.0,3,8,40,0,2.438621491870567,0.7453395654798123,1,3.0189881641049274e-15,1.0894698145080197,2
1.0,3,8,41,0,2.49658540108985,0.8409193654123068,1,8.35323800581842e-13,0.7954499090592813,2
1.0,3,8,42,0,2.3571712949973698,0.8501466828418436,1,1.2963752954817433e-12,0.802994600599847,2
1.0,3,8,43,0,2.1896639843814967,1.065907125735667,1,2.573833172178466e-15,1.380213180670673,2
1.0,3,8,44,0,2.682275934666733,0.6261349474840235,1,6.113823122375344e-14,0.7836881111001301,2
1.0,3,8,45,0,2.794530371722404,0.5082286466067878,1,2.076603040409117e-15,0.8168895371179523,2
1.0,3,8,46,0,2.5790476670281373,0.7061565257279009,1,2.1968751649279032e-15,1.0855785848448511,2
1.0,3,8,47,0,2.375089165268726,0.7649211257709922,1,2.2521658030357447e-15,0.9955556437179753,2
1.0,3,8,48,0,2.6139531750585197,0.6676475881488311,1,2.1231521342349227e-15,0.9624864514299762,2
1.0,3,8,49,0,2.5023673908006634,0.7337468272581977,1,6.995492995225547e-13,0.7187883845690347,2
1.0,3,8,50,0,2.550672739421387,0.7557912125054264,1,2.3469579914098117e-15,1.347172189554728,2
1.0,3,8,51,0,2.570519867192416,0.6858255327907904,1,1.292202377019743e-13,1.097011396629487,2
1.0,3,8,52,0,2.507969543033993,0.697904193535704,1,3.799812965308459e-15,0.9895510512015219,2
1.0,3,8,53,0,2.501236241388497,0.7132667481576458,1,9.676236562107354e-15,1.3350250826957044,2
1.0,3,8,54,0,2.4984493447460694,0.7240352018053569,1,2.0308880935759614e-15,1.0800535632450048,2
1.0,3,8,55,0,2.4354389710748325,0.6881900241858967,1,2.2538971978315416e-15,0.9018196737126544,2
1.0,3,8,56,0,2.622241653106352,0.732977366787484,1,2.23597930111057e-15,0.8861582876453522,2
1.0,3,8,57,0,2.6536480097958663,0.6702413973581409,1,3.2998808393528336e-15,1.012318000277864,2
1.0,3,8,58,0,2.0746303925463025,1.092511683700113,1,3.0306195578819223e-15,1.352285775143948,2
1.0,3,8,59,0,2.4417853110960146,0.6881280575226423,1,2.0465930626905058e-15,0.9491395605969174,2
1.0,3,9,0,3,2.5521652349023034,0.7963438831690499,1,2.982835846632274e-15,0.9881065548343666,7
1.0,3,9,1,3,2.553461532955898,0.7101250650145067,1,7.220064289089058e-13,0.7009587228032418,7
1.0,3,9,2,3,2.4120289544636337,0.9099704318917053,1,2.9125750569764892e-15,1.251101829593542,7
1.0,3,9,3,3,2.154009741744169,1.0804899386694806,1,1.3110460841943721e-12,1.2071654900999815,7
1.0,3,9,4,3,2.537042356465367,0.742331306709711,1,3.905203172131388e-15,1.213940844421691,7
1.0,3,9,5,3,2.3502748185517945,0.9483486810322103,1,2.7247043022734225e-15,1.2159312335713297,7
1.0,3,9,6,3,1.8915303529780354,1.086423336731671,1,3.4754676930534298e-15,1.3371075944907804,7
1.0,3,9,7,3,2.4589106316768987,0.9054006475698189,1,3.195396928922684e-15,1.263035996139533,7
1.0,3,9,8,3,2.5449909393797356,0.7167326560971106,1,4.49758048214394e-13,1.2231232339672164,7
1.0,3,9,9,3,2.2707411032162104,1.0331387113405954,1,3.0169204873955986e-15,1.288129700741739,7
1.0,3,9,10,3,2.524965119078453,0.8736860890432423,1,8.0195776607585e-15,1.2849811791419072,7
1.0,3,9,11,3,1.8300836005702068,1.075210535011111,1,3.57183151859924e-15,1.3265912644879383,7
1.0,3,9,12,3,2.3300698308558285,0.9762992677260328,1,3.9205883086737024e-14,1.1539581909638696,7
1.0,3,9,13,3,2.254209974381757,1.039889749875271,1,1.389337033046045e-14,1.314575576832386,7
1.0,3,9,14,3,2.179870916083105,1.0739785103351729,1,1.306371815833513e-13,1.310041240226105,7
1.0,3,9,15,3,2.3056395696430143,1.0234761731092388,1,3.11415040039818e-15,1.29231596948438,7
1.0,3,9,16,3,2.1071751896361586,1.062481994448818,1,2.826445570460889e-15,1.2857636324807142,7
1.0,3,9,17,3,2.4888528169579227,0.8590429361714064,1,7.396535783350782e-15,1.3343082132734954,7
1.0,3,9,18,3,2.5129504649965595,0.8129796477664215,1,2.2950689113987615e-15,1.0044383146902567,7
1.0,3,9,19,3,2.4457452594355336,0.7807006002684667,1,6.784234149212988e-13,0.7513128639647585,7
1.0,3,9,20,3,2.6161269208501152,0.6894418335763064,1,7.172693966408845e-13,0.6792646364558923,7
1.0,3,9,21,3,2.4860303995425093,0.8265618534779937,1,1.3286356034112208e-13,1.2957430136404244,7
1.0,3,9,22,3,2.680489138902323,0.6658496380217592,1,2.5377609216662157e-15,1.1001282240765975,7
1.0,3,9,23,3,2.3992624285442408,0.9433097108005377,1,6.653468857145408e-15,1.333791535934273,7
1.0,3,9,24,3,2.3502466881341877,0.9272800442545602,1,2.3239010732665495e-15,1.1669946878752453,7
1.0,3,9,25,3,2.4344079839349093,0.9429485298547706,1,5.347755635265789e-15,1.2802382974737574,7
1.0,3,9,26,3,2.1630897902014405,1.0749034071120456,1,3.237185598490911e-15,1.304924893882073,7
1.0,3,9,27,3,2.2281384869956,1.0591815894427126,1,1.4361905797161974e-12,1.2666117218707877,7
1.0,3,9,28,3,2.585335897601807,0.7113693340937051,1,1.2915016640563454e-13,1.0915498886426234,7
1.0,3,9,29,3,2.399912602099153,0.9279437222187688,1,2.6840965125753202e-15,1.2298339930699964,7
1.0,3,9,30,3,2.561995867655189,0.8014338838242686,1,2.8236483264467602e-15,1.230553745763186,7
1.0,3,9,31,3,2.5664654164282354,0.7817756387833912,1,2.1706766796857255e-15,1.011418352581528,7
1.0,3,9,32,3,2.643836929165897,0.7452555965879057,1,2.4967394213248056e-15,1.1245030284284547,7
1.0,3,9,33,3,1.9339789624545278,1.0797056796059397,1,3.2538942021645717e-15,1.341505185544997,7
1.0,3,9,34,3,2.6919547735548455,0.6430596358673685,1,2.924756895210686e-15,0.8520897780145357,7
1.0,3,9,35,3,2.1263767237160054,1.0755940503440833,1,9.598598964393606e-15,1.3241448225030088,7
1.0,3,9,36,3,2.428545106600238,0.9274238074244386,1,2.5293824952667253e-15,1.2299005089820085,7
1.0,3,9,37,3,2.4739316507669256,0.8713499231248771,1,3.031121543554641e-15,1.2422696551248262,7
1.0,3,9,38,3,2.450360938445333,0.8732915159530202,1,2.3693680098498203e-15,1.1126368788687238,7
1.0,3,9,39,3,1.1808588386667147,0.4294715295164642,1,3.399765972940029e-15,1.3848494724016984,7
1.0,3,9,40,3,2.4186153968171826,0.8426731985568834,1,2.2616260512214067e-15,1.1047667193034618,7
1.0,3,9,41,3,2.5188695926615905,0.8226409908743604,1,3.4199103938106686e-15,1.1521783319908965,7
1.0,3,9,42,3,2.310625190731166,0.9874120775265868,1,3.1412244450033434e-15,1.2772885793194853,7
1.0,3,9,43,3,2.2705295155740224,1.0412274669343344,1,2.9134390811724027e-15,1.256060659240815,7
1.0,3,9,44,3,2.7519542956576855,0.5955633182317506,1,1.3138116298699615e-13,0.9948288245484495,7
1.0,3,9,45,3,2.464643570676703,0.9293739999954467,1,1.8544681279386126e-14,0.9448503265257664,7
1.0,3,9,46,3,2.1687736157879405,1.0745100562588725,1,8.704741364234304e-15,1.2489581952821254,7
1.0,3,9,47,3,1.7895127958892145,1.036794823057213,1,1.7795751445950637e-12,1.2505847358699904,7
1.0,3,9,48,3,2.5875325141760315,0.7217626209510162,1,2.9059687537497347e-15,1.2429749939619328,7
1.0,3,9,49,3,2.517800364647105,0.7537938234646262,1,3.611783858314999e-15,1.2374277421319098,7
1.0,3,9,50,3,2.3230667591937424,1.0187211717304328,1,2.9997438860767993e-15,1.29267232879096,7
1.0,3,9,51,3,2.5271291658120094,0.8047089067700984,1,2.551799096764351e-13,1.3290832344661678,7
1.0,3,9,52,3,1.511690045550582,0.8929919093768548,1,3.2298575048234652e-15,1.3699030638228336,7
1.0,3,9,53,3,1.9942323261489754,1.09840219488963,1,9.431205665880327e-13,1.1495617864225784,7
1.0,3,9,54,3,1.3982997820003753,0.7319893363477332,1,5.761186947232879e-14,1.3774172314733446,7
1.0,3,9,55,3,1.9858030630225119,1.0958546910166391,1,6.522653683280797e-15,1.2944795468147254,7
1.0,3,9,56,3,2.3451944450960323,0.9766979418721078,1,3.5165761116010756e-15,1.2930188283785011,7
1.0,3,9,57,3,2.507446729670513,0.8587419073497986,1,2.163819995528716e-15,0.9656795379294205,7
1.0,3,9,58,3,2.3495113447873344,0.9745714965989571,1,2.453234058574213e-15,1.2029598962071268,7
1.0,3,9,59,3,2.3935719953230565,0.9620417635704517,1,1.1149901664680992e-13,1.3025107153140498,7
1.0,3,10,0,2,1.605571626159516,0.8893238876757612,1,1.210976237180691e-12,1.315923468162044,6
1.0,3,10,1,2,1.2831883313007133,0.5841662093014922,1,3.5499735130071486e-15,1.3763141243746588,6
1.0,3,10,2,2,2.42226535561127,0.9356440288108205,1,2.3682800130627733e-15,1.1943316172740812,6
1.0,3,10,3,2,1.8559252045914336,1.0809507690682292,1,2.7768689157923917e-15,1.2779758349560961,6
1.0,3,10,4,2,2.4190410850916253,0.9526242315521729,1,3.281963161653718e-15,1.2494249408066864,6
1.0,3,10,5,2,1.8340236491090836,1.0778428290488802,1,5.443676984711204e-15,1.315446812716859,6
1.0,3,10,6,2,2.3859872008089127,0.8164564069659856,1,7.21301912162793e-13,0.7765324620390379,6
1.0,3,10,7,2,2.622077188137015,0.7396331554928139,1,2.2432691538921407e-15,1.111125653993644,6
1.0,3,10,8,2,2.4414591957024263,0.9109466349428683,1,5.513834803588199e-15,1.1495122847998442,6
1.0,3,10,9,2,1.8456863201893248,1.0796887128075503,1,1.4230010239837676e-13,1.2086499906156454,6
1.0,3,10,10,2,2.2361734832987428,1.039589679595008,1,5.6266821005530575e-15,1.2820999291449175,6
1.0,3,10,11,2,2.4068750246438566,0.8254854515475891,1,2.3390110988784306e-15,1.1314079397620833,6
1.0,3,10,12,2,2.3268512789927116,1.0031113624988055,1,2.4224018788213634e-15,1.197610661916232,6
1.0,3,10,13,2,2.5707238194179176,0.7280484453229661,1,2.0814882398181764e-15,0.8819977925016987,6
1.0,3,10,14,2,2.16238125451577,1.0762488916279926,1,2.5804804954857786e-15,1.2753321508034725,6
1.0,3,10,15,2,2.179411212603319,1.0743160538685417,1,2.1541819273868966e-15,1.1292878288549701,6
1.0,3,10,16,2,2.6350107385901302,0.7579857789048181,1,6.662154045244178e-13,0.714941289375366,6
1.0,3,10,17,2,2.1225635404929744,1.077458426701162,1,2.6615066633142373e-15,1.2486806963182404,6
1.0,3,10,18,2,2.6004568546402327,0.7600354199759676,1,2.583505995701959e-15,1.175575025405064,6
1.0,3,10,19,2,2.682554737176463,0.7102162617968713,1,1.589762527563517e-12,0.6655717569961663,6
1.0,3,10,20,2,1.8877866317441212,1.0891407879726889,1,2.9830511611200117e-15,1.3276612265116816,6
1.0,3,10,21,2,2.7135787624679546,0.6450130251316163,1,2.23193224453541e-15,0.9955246383314722,6
1.0,3,10,22,2,2.348016469801025,0.9986622540228804,1,2.4583734147064533e-15,1.1809217622387673,6
1.0,3,10,23,2,2.5291966008249642,0.7464548902892514,1,2.124951099523763e-15,1.0213007867419974,6
1.0,3,10,24,2,2.2730458077687157,1.0361483561843303,1,3.2354616452928232e-15,1.2008291704744682,6
1.0,3,10,25,2,2.060110924588746,1.0938077133063246,1,2.1904697347476224e-14,1.2786900174178317,6
1.0,3,10,26,2,2.2291671129138684,1.0400059900195893,1,7.0442825991713344e-15,1.3011197250677062,6
1.0,3,10,27,2,2.624461034603232,0.6837748528801988,1,2.1281891544732998e-15,0.8265165152466696,6
1.0,3,10,28,2,2.3921889856497995,0.8389309160275304,1,2.194049880687597e-15,0.9267411378458554,6
1.0,3,10,29,2,2.349506764853526,0.9976396103057843,1,4.2374370944925583e-14,1.2926680068091991,6
1.0,3,10,30,2,2.567621280524362,0.6974429925750458,1,4.401740025260646e-15,1.004108712872465,6
1.0,3,10,31,2,2.3582424993035445,0.9510954931877078,1,2.2543284510882983e-15,1.0949783915632443,6
1.0,3,10,32,2,1.470748831025679,0.8597196089437271,1,3.637790687424979e-15,1.3691785530573588,6
1.0,3,10,33,2,2.419810995581903,0.9133489624794093,1,2.402285861404341e-15,1.2032426872160549,6
1.0,3,10,34,2,1.3521652939105562,0.714419326256888,1,5.027237564578997e-15,1.375747599760414,6
1.0,3,10,35,2,1.771768938112438,1.05884641669932,1,2.9413136336571945e-15,1.319755687245498,6
1.0,3,10,36,2,2.5906326073570356,0.7262948098518255,1,2.045147577476699e-15,0.8724221675907876,6
1.0,3,10,37,2,2.1569285896298327,1.0487299327846502,1,4.041918077708889e-15,1.070348091786801,6
1.0,3,10,38,2,2.4477488925420703,0.8926142181652508,1,2.599566015763935e-15,1.2185912723269905,6
1.0,3,10,39,2,2.1798311527130085,0.8967522576232129,1,3.037781945052276e-15,0.9639706047429406,6
1.0,3,10,40,2,2.2271167006028176,1.029081525286147,1,2.651376365385489e-15,1.1673968452817483,6
1.0,3,10,41,2,2.001350617424806,1.097049235068461,1,2.580774232184014e-15,1.289450201119798,6
1.0,3,10,42,2,2.571972032697815,0.6997016414498354,1,2.0800841531924985e-15,0.9161566027557753,6
1.0,3,10,43,2,2.4575716936620142,0.8222847653156182,1,2.37076409125856e-15,1.1209236533402525,6
1.0,3,10,44,2,2.5370919812398918,0.8134446055472951,1,2.2326004012586334e-15,0.9062187860703337,6
1.0,3,10,45,2,2.5044784507609177,0.76632793002587,1,2.4175527779962857e-15,1.0970813176032523,6
1.0,3,10,46,2,1.9964477104906986,1.0967750377697782,1,1.3729581288703065e-13,1.3324033126737247,6
1.0,3,10,47,2,2.427104047903817,0.9186755387823666,1,2.2082776723549802e-15,1.11771363405109,6
1.0,3,10,48,2,2.3490821079894277,0.9709205571758581,1,2.4831216980277267e-15,1.1802771355498762,6
1.0,3,10,49,2,2.5862604874282495,0.7777363166486084,1,7.36917127320271e-15,1.3155488857426558,6
1.0,3,10,50,2,2.5442463356188156,0.7603994532975729,1,2.3962271457827697e-15,1.046918035360735,6
1.0,3,10,51,2,2.4389450526477727,0.8907325249311041,1,2.2403381842808826e-15,1.1336195325475047,6
1.0,3,10,52,2,2.4307290564501,0.7415178705845883,1,2.176369007535577e-15,0.8866445978301711,6
1.0,3,10,53,2,2.5562316650425956,0.8227161703146473,1,8.646439934785098e-15,1.3330762759077246,6
1.0,3,10,54,2,2.4598509727379385,0.8368758786856465,1,2.4044126311642615e-15,1.1097683818321071,6
1.0,3,10,55,2,2.194553245356689,1.067902499115037,1,1.5800935917463978e-14,1.0834804592335947,6
1.0,3,10,56,2,2.529206389151189,0.8679642848921536,1,1.2981908588762854e-13,1.1952657098385429,6
1.0,3,10,57,2,2.507613955567766,0.8228523787691602,1,7.134943219197065e-13,0.7811151868387021,6
1.0,3,10,58,2,2.3717382641661433,0.9920840279381988,1,1.1997561513196581e-14,1.0033524652217698,6
1.0,3,10,59,2,2.526401760839249,0.7004286264846725,1,2.1194597543088505e-15,0.9157747081744987,6
1.0,3,11,0,0,2.1106340021820205,1.0748238800848267,1,2.6436996466930844e-15,1.3820607323131968,8
1.0,3,11,1,0,2.1343980688528688,1.0650380362825937,1,1.9642788220404984e-14,1.336996166374179,8
1.0,3,11,2,0,1.975821468226151,1.096916293749851,1,4.528042096986366e-15,1.3321404425156764,8
1.0,3,11,3,0,1.4742613273443772,0.8440849433844198,1,3.2499531881991364e-15,1.3801484737600904,8
1.0,3,11,4,0,1.6775555928175883,1.0123593248152996,1,3.3004368128590996e-15,1.344581349630754,8
1.0,3,11,5,0,2.008536198446576,1.0975443964289424,1,4.91079473463503e-15,1.3106103453280213,8
1.0,3,11,6,0,2.303649241988458,0.9801083585990168,1,4.950995872525447e-15,1.2999623064418069,8
1.0,3,11,7,0,1.6938673030307534,1.011718917811434,1,1.3387646909974585e-13,1.3606762549552691,8
1.0,3,11,8,0,2.1295337169328916,1.0819395435739925,1,3.0168790088435244e-15,1.3819968967012672,8
1.0,3,11,9,0,1.9979224961391635,1.0660421641014424,1,2.687369324570874e-15,1.360736845986726,8
1.0,3,11,10,0,2.291409665997972,0.9558825796560204,1,2.9089603102423848e-15,1.2125785638879485,8
1.0,3,11,11,0,1.6822755569384868,1.001086385782597,1,3.024448243064162e-15,1.3801528383377781,8
1.0,3,11,12,0,1.77150485693031,1.0545685070457227,1,2.885179022936965e-15,1.3849385903532563,8
1.0,3,11,13,0,1.2634534993206785,0.579879297120375,1,2.4050805651730374e-14,1.3769518719715566,8
1.0,3,11,14,0,1.32947783788158,0.6895464145177059,1,3.819504924916292e-15,1.373276888315606,8
1.0,3,11,15,0,1.3771824418503387,0.7527282998783758,1,3.1386606707800117e-15,1.3627971849867322,8
1.0,3,11,16,0,1.8838340694335964,1.0852766071962734,1,3.4124118734402826e-15,1.2832628553636074,8
1.0,3,11,17,0,1.9637894432853544,1.0974180145703083,1,5.323806803031659e-15,1.3447701234247926,8
1.0,3,11,18,0,1.358872773523256,0.7407291683877116,1,3.422837561836506e-15,1.3742658965033305,8
1.0,3,11,19,0,1.682898264984675,1.006001490352163,1,3.445878596141623e-15,1.3649961360551353,8
1.0,3,11,20,0,1.9591113647104237,1.097347490138633,1,3.2223527585454946e-15,1.3296588216707454,8
1.0,3,11,21,0,1.5295953254808932,0.9130714111913016,1,3.577429375213632e-15,1.3528087598969842,8
1.0,3,11,22,0,1.4040981246815927,0.8030330970936954,1,3.3621782876666083e-15,1.3741965244722827,8
1.0,3,11,23,0,1.1078288278588158,0.31555981426742796,1,6.908257014420385e-15,1.3859098306411732,8
1.0,3,11,24,0,2.1211976414204115,0.9512365795793303,1,2.1923603736495458e-14,1.1153032452868843,8
1.0,3,11,25,0,1.4148381175859357,0.7968221211775484,1,3.4807107812298905e-15,1.3723732725863633,8
1.0,3,11,26,0,1.8199763997565697,1.059160803624161,1,3.336440476764428e-15,1.3458711967549202,8
1.0,3,11,27,0,1.3305879242879672,0.6847078018788912,1,3.3210936179389465e-15,1.3813768676004594,8
1.0,3,11,28,0,2.2263277908349313,1.0304867340245325,1,3.300854018769436e-15,1.12102439223364,8
1.0,3,11,29,0,2.187280454535996,1.0398038088720734,1,2.793835830030545e-15,1.3465317242259018,8
1.0,3,11,30,0,1.938490535427744,1.094106787651195,1,3.252408439934406e-15,1.3457070534394444,8
1.0,3,11,31,0,2.152652739526867,1.0768075413839993,1,9.024425295614016e-15,1.348430298801194,8
1.0,3,11,32,0,1.8984999060795098,1.0500230742166585,1,3.012115952854555e-15,1.357157389316848,8
1.0,3,11,33,0,1.7595972623660143,1.043944002511452,1,2.9627109414844723e-15,1.376749599604565,8
1.0,3,11,34,0,2.050592283930515,1.0961159407484435,1,5.965070742867738e-15,1.3840279657984627,8
1.0,3,11,35,0,1.9516587818164184,1.09417664700699,1,1.3021193893966637e-13,1.336566361943232,8
1.0,3,11,36,0,1.967783632298951,1.0977893287591352,1,3.235912193081564e-15,1.2654092391259546,8
1.0,3,11,37,0,2.357431057200024,0.8196012402348793,1,2.865784323508031e-15,1.267230856802032,8
1.0,3,11,38,0,1.9888334156084457,1.0900800717377694,1,4.24600557250961e-15,1.2403616984970176,8
1.0,3,11,39,0,2.2273217214621166,1.0047088348876905,1,2.8235747688989594e-15,1.1872489822972812,8
1.0,3,11,40,0,1.7985161466965822,1.0599418211596645,1,3.622815914830066e-15,1.3792957086354891,8
1.0,3,11,41,0,2.1333489295195394,1.0733396247968545,1,4.129831262669083e-15,1.3485827772854628,8
1.0,3,11,42,0,2.274797293497493,1.0373439524614958,1,2.5442127347532016e-15,1.352943444868246,8
1.0,3,11,43,0,1.8847734873508135,1.0883176943717077,1,4.658460356896162e-15,1.3379810378373922,8
1.0,3,11,44,0,1.701543512723998,1.0083901668690933,1,1.4234102895254992e-12,1.2759693405947508,8
1.0,3,11,45,0,1.4209206999429467,0.8021539346548989,1,5.345566148774897e-15,1.3522891001905248,8
1.0,3,11,46,0,1.64930727035455,0.958998258826995,1,3.5814882507389284e-15,1.3563010695872013,8
1.0,3,11,47,0,2.105168454072757,1.077859375123952,1,4.833484222818932e-15,1.2209581670802165,8
1.0,3,11,48,0,1.8133345360219815,1.064612892060072,1,4.030339777978513e-15,1.3264270011643275,8
1.0,3,11,49,0,1.8557317229213264,1.0819932611763219,1,1.6768895392131063e-11,1.3795105975092292,8
1.0,3,11,50,0,1.1845566194620598,0.4584314240022389,1,3.961851058804995e-15,1.3850026003742728,8
1.0,3,11,51,0,2.495895429910171,0.7432344848449364,1,9.443542983005514e-15,1.358943326632213,8
1.0,3,11,52,0,2.4242653668766914,0.7476269883169625,1,6.263185721824041e-13,0.7263685368867945,8
1.0,3,11,53,0,1.6773123730908888,0.9923287076397438,1,6.088710732137716e-15,1.3762909142567277,8
1.0,3,11,54,0,1.7908297116864043,1.0609092016628248,1,3.9588883378608075e-15,1.3182862215635616,8
1.0,3,11,55,0,1.2533577079505127,0.5769418465327163,1,3.730208940504327e-15,1.3782092576273925,8
1.0,3,11,56,0,2.4472474331318264,0.92637596173033,1,2.2406661638729612e-15,1.1844496635656148,8
1.0,3,11,57,0,2.453313134923578,0.8716741792352413,1,2.2121597317404434e-15,1.1784342828293957,8
1.0,3,11,58,0,2.055491028416498,1.088029354942996,1,1.132987320392466e-12,1.0915062005196432,8
1.0,3,11,59,0,1.8946745488139318,1.085657108111299,1,2.7912928809712534e-15,1.3821254028961425,8
1.0,3,12,0,2,2.578430012484578,0.6968396758699071,1,8.781138052472563e-15,1.3245080189852652,1
1.0,3,12,1,2,2.5252216793364535,0.6922939868974608,1,2.253659928792923e-15,0.8936229892880738,1
1.0,3,12,2,2,2.5492830120059145,0.6884181016148592,1,2.2220727422041875e-15,0.88887292793474,1
1.0,3,12,3,2,2.542192183244289,0.6898464740770323,1,2.012039520289838e-15,0.8887139052919677,1
1.0,3,12,4,2,2.5362769932977858,0.692223298207177,1,2.267808950258205e-14,0.8066669139322049,1
1.0,3,12,5,2,2.5326347921042593,0.6912259266669942,1,2.7200462124444054e-15,0.8436386114115824,1
1.0,3,12,6,2,2.51486091039435,0.8284187066750592,1,8.487127498104924e-15,0.8702099280275594,1
1.0,3,12,7,2,2.542895218090679,0.6895508957612003,1,2.25373171231531e-15,0.8879674023958177,1
1.0,3,12,8,2,2.6002446059096354,0.6836798449369466,1,2.5432595795703007e-15,1.1120759553292676,1
1.0,3,12,9,2,2.585039020058289,0.6816743778632244,1,2.15658693895131e-15,0.8896057640784198,1
1.0,3,12,10,2,2.528341485027924,0.7448221717913868,1,2.584286607031095e-15,1.1361053069055018,1
1.0,3,12,11,2,2.5407559569001705,0.6903349213146236,1,2.3031707188601265e-15,0.8926978901868876,1
1.0,3,12,12,2,2.5212858332070542,0.6955450629403523,1,7.855064224116807e-15,0.8081285959932761,1
1.0,3,12,13,2,2.543694134973935,0.6895230356389659,1,2.446345708882349e-15,0.9151031100445891,1
1.0,3,12,14,2,2.539111501925008,0.6903467441729478,1,2.268457637229375e-15,0.8429457550283005,1
1.0,3,12,15,2,2.5495348098961603,0.6883069772504202,1,2.0602736935641627e-15,0.8823195901279766,1
1.0,3,12,16,2,2.585953881507017,0.6806067615828955,1,3.856019197023985e-15,1.2394209019076021,1
1.0,3,12,17,2,2.549617726839316,0.6894223445970028,1,2.153337556625964e-15,0.9123628042982348,1
1.0,3,12,18,2,2.4929838237796362,0.6984223340618756,1,2.092677614508021e-15,0.8925980138809883,1
1.0,3,12,19,2,2.552621147285814,0.6878649751926432,1,2.041650551785952e-15,0.8946437047241295,1
1.0,3,12,20,2,2.559027590746892,0.6909422966029728,1,1.2900849565266027e-13,1.0874966832410244,1
1.0,3,12,21,2,2.525390170975583,0.6939736155212946,1,2.235234076561648e-15,0.9141627814404949,1
1.0,3,12,22,2,2.538946858568838,0.6905443072499193,1,2.300455789487504e-15,0.8911707899344309,1
1.0,3,12,23,2,2.529595973234684,0.6917662615740696,1,1.2855675243688022e-12,0.6916023622446578,1
1.0,3,12,24,2,2.5520520090390915,0.688309101778917,1,2.011633901962797e-15,0.9033226884910242,1
1.0,3,12,25,2,2.57213780646736,0.6835355184325489,1,7.235527958199027e-15,1.2463069423513349,1
1.0,3,12,26,2,2.5355879607616805,0.6920288318901996,1,2.053444825427541e-15,0.895253971092152,1
1.0,3,12,27,2,2.513736976950028,0.6929366510026896,1,1.1897933201150647e-09,0.8829203008698047,1
1.0,3,12,28,2,2.548908072154647,0.6887920500661864,1,5.159064487835305e-12,0.6885974920428319,1
1.0,3,12,29,2,2.555584499818988,0.6885337000139494,1,2.1093460845657946e-15,0.9239852396802402,1
1.0,3,12,30,2,2.583188910617497,0.6847719847907338,1,4.616735893270653e-15,0.9311731854797494,1
1.0,3,12,31,2,2.566646443272012,0.6929859782916985,1,2.3722389804588246e-15,0.937583103525358,1
1.0,3,12,32,2,2.5507355904949245,0.6882323666278797,1,2.248488479673958e-15,0.8801485611892585,1
1.0,3,12,33,2,2.5562977687649107,0.6930301582242234,1,1.749575778194134e-14,0.805219753759434,1
1.0,3,12,34,2,2.524777343489223,0.6920681083488921,1,1.9923115289727098e-15,0.889856830577234,1
1.0,3,12,35,2,2.553676137502322,0.6876041944696725,1,1.79672479056339e-15,0.8876756994947816,1
1.0,3,12,36,2,2.5662938987130754,0.6878050026286608,1,2.1430057845757917e-15,0.9256291253127599,1
1.0,3,12,37,2,2.5534557807553817,0.7719116150130503,1,2.1512577176860972e-15,0.980208007011451,1
1.0,3,12,38,2,2.5453554134883376,0.6999520271565918,1,2.766689851880316e-15,1.1329425032824503,1
1.0,3,12,39,2,2.541574819670193,0.6897644546412571,1,2.056490857569826e-15,0.8693007346803003,1
1.0,3,12,40,2,2.5615619564039225,0.6980720422672313,1,7.076666921785551e-14,0.8384244083155279,1
1.0,3,12,41,2,2.577431957514145,0.7367636813101737,1,2.3294416434558087e-15,0.9271248979050608,1
1.0,3,12,42,2,2.5414783725392,0.6897896447034172,1,2.1206578992639443e-15,0.894794206019419,1
1.0,3,12,43,2,2.560541802456241,0.693340643907703,1,2.2742895180189054e-15,0.8861585775932742,1
1.0,3,12,44,2,2.548197763272304,0.6900777543603825,1,6.424953721408955e-15,0.8053522600533842,1
1.0,3,12,45,2,2.5440246803048248,0.6936639063658209,1,6.188776006304176e-13,0.6917941307121465,1
1.0,3,12,46,2,2.529210358868361,0.6915005641085761,1,2.174802020246913e-15,0.9048278463247899,1
1.0,3,12,47,2,2.5429129531735404,0.6895430950646195,1,2.0291209184811812e-15,0.8879486915352157,1
1.0,3,12,48,2,2.598772590300013,0.7124761533805691,1,2.1569968520108592e-15,0.9870140383696114,1
1.0,3,12,49,2,2.5637826374590076,0.6898213826656334,1,1.7167195768109936e-14,0.803852890545019,1
1.0,3,12,50,2,2.5537531790882175,0.6877666859066449,1,2.128376723677503e-15,0.8919962929544609,1
1.0,3,12,51,2,2.54957474386791,0.6906589179220959,1,2.609071156088924e-15,1.1432109845899272,1
1.0,3,12,52,2,2.5925967055666677,0.6808436906468538,1,2.0968122071479005e-15,0.8657675938830176,1
1.0,3,12,53,2,2.5746270133145672,0.6899661103928311,1,6.856114925222292e-15,0.8020436886986455,1
1.0,3,12,54,2,2.537687661742467,0.6903892799534699,1,2.04986135301607e-15,0.8868944282828274,1
1.0,3,12,55,2,2.5424784351959326,0.6903568351337015,1,2.1192868195071216e-15,1.008129227107585,1
1.0,3,12,56,2,2.5518106734225277,0.7191551963657073,1,4.006438690700616e-15,1.2564245536879821,1
1.0,3,12,57,2,2.5611982951198473,0.6878497232136114,1,5.927739736794393e-13,0.6868818693247589,1
1.0,3,12,58,2,2.549590095724428,0.688260740855003,1,2.082846521749961e-15,0.8683330715247519,1
1.0,3,12,59,2,2.5251174244722097,0.6922057297918064,1,1.4709168259412525e-14,0.8069360343259537,1
1.0,3,13,0,2,2.1172879799450675,1.0827839134911672,1,1.0331274654809996e-12,1.071456670722901,3
1.0,3,13,1,2,2.2257669224489613,1.04603781132488,1,1.2958670368050835e-13,1.2502338635199266,3
1.0,3,13,2,2,2.3258686343352344,1.003947789120502,1,7.831843196992832e-15,1.324395912281441,3
1.0,3,13,3,2,1.9621321263111335,1.0970869101528977,1,3.415098931865607e-15,1.3253097155722864,3
1.0,3,13,4,2,2.137259807912847,1.077699741385238,1,3.357250443191903e-15,1.3031111317253896,3
1.0,3,13,5,2,1.8011025087103691,1.0674250488432675,1,4.2232132695262406e-15,1.335628589627092,3
1.0,3,13,6,2,2.371589704200476,0.9549189775475599,1,3.233270259858973e-15,1.119865429496191,3
1.0,3,13,7,2,1.8360937871702447,1.0779625362135548,1,3.334497812489319e-15,1.3270227991709946,3
1.0,3,13,8,2,1.506944588181803,0.8650494388987646,1,3.9423490163019495e-15,1.376603334245948,3
1.0,3,13,9,2,2.4160877662994107,0.8818855161771089,1,1.3174595732782784e-12,0.830718024186492,3
1.0,3,13,10,2,1.5609518448347899,0.9394051672825361,1,4.55488670738597e-15,1.363121487720258,3
1.0,3,13,11,2,2.3088772398200548,0.9431229193159585,1,1.2639113471868357e-12,0.8861224800345715,3
1.0,3,13,12,2,1.9501890641655655,1.0097360491419032,1,2.8196190132776603e-15,1.287136007642932,3
1.0,3,13,13,2,1.8521365646876666,1.0820109966553089,1,4.369399919613831e-15,1.3522492098360168,3
1.0,3,13,14,2,2.3377680594799752,1.0020013234348006,1,2.6313965151218127e-15,1.1567818594168788,3
1.0,3,13,15,2,1.455008577562365,0.7874384556506604,1,1.3136500625018006e-13,1.379110382234247,3
1.0,3,13,16,2,2.0470167558960055,1.0942428547120602,1,3.343013062864737e-15,1.2104607888455092,3
1.0,3,13,17,2,2.523836803205408,0.7178965330240733,1,2.516911800508409e-15,1.0653414220633413,3
1.0,3,13,18,2,2.1999096526794006,1.0361160269138903,1,2.683931770510143e-14,1.0248168501315364,3
1.0,3,13,19,2,1.4872701472763066,0.8844158162687087,1,3.95807461757514e-15,1.36302627335291,3
1.0,3,13,20,2,2.536757096132941,0.7801544159908427,1,3.300651634755788e-14,0.8295495081004671,3
1.0,3,13,21,2,2.314726451269683,1.0193008521796414,1,2.6912116610796736e-15,1.1641644857855384,3
1.0,3,13,22,2,2.048695547483396,1.0968166144993057,1,1.2986444719746393e-13,1.2984132858544928,3
1.0,3,13,23,2,1.6954679016337038,1.0262295525801273,1,4.1358569989243375e-15,1.3595444083562325,3
1.0,3,13,24,2,2.5394793796462682,0.8330702099678344,1,2.2807837520938688e-14,0.9279460795678112,3
1.0,3,13,25,2,1.4990486740784035,0.8667837162122763,1,3.8006769243295414e-15,1.3733572023906646,3
1.0,3,13,26,2,1.777904551431216,1.0603495586113787,1,5.382670453603344e-15,1.3649914003904282,3
1.0,3,13,27,2,1.7828606667786988,1.0629079925701361,1,3.13030490817692e-15,1.2824460592144469,3
1.0,3,13,28,2,2.041036584568202,1.0967634354800906,1,2.723525051310537e-15,1.2508113270608734,3
1.0,3,13,29,2,2.130610342758487,1.0809950051870332,1,4.3222905005717334e-15,1.3242016480386025,3
1.0,3,13,30,2,1.5010480921375373,0.8863019449086101,1,3.379985077484176e-15,1.3594447765565918,3
1.0,3,13,31,2,1.911388437931174,1.092714023202018,1,7.558846781775913e-15,1.3479677617993873,3
1.0,3,13,32,2,1.2618147789990326,0.6091946747607049,1,3.064995274754541e-15,1.3773924928802197,3
1.0,3,13,33,2,2.4529119795695618,0.7534686632279886,1,2.6766308546301368e-15,1.0568451660622649,3
1.0,3,13,34,2,2.2758074957820478,1.0267478335896916,1,3.691172448667236e-15,1.3215176380196885,3
1.0,3,13,35,2,2.0944266574992496,1.090781043876477,1,1.2978389041589774e-13,1.2937704349099752,3
1.0,3,13,36,2,1.973921607019082,1.0862358924076605,1,4.205979735897379e-15,1.3291936721856072,3
1.0,3,13,37,2,2.2977323239486993,1.0278988913721925,1,5.901721860178573e-15,1.3074586664254224,3
1.0,3,13,38,2,1.3950385635455715,0.7999862788037889,1,7.225562684333073e-15,1.3756167659752245,3
1.0,3,13,39,2,1.6172247759965772,0.947076929690839,1,1.305219546510777e-13,1.3765010056124667,3
1.0,3,13,40,2,1.5987641568157214,0.9239821428553975,1,1.309514462395246e-13,1.3695866889478752,3
1.0,3,13,41,2,1.576871236140764,0.9452822816782034,1,4.215901113365137e-15,1.3672719779581683,3
1.0,3,13,42,2,1.3479582126047,0.6914674620271875,1,4.035621463671813e-15,1.3791526738286959,3
1.0,3,13,43,2,2.37408416950813,0.9906156367947794,1,2.4774277488546368e-15,1.0911452239209782,3
1.0,3,13,44,2,2.606073637320506,0.7293992882704383,1,2.0992748811121406e-15,1.0049967104649835,3
1.0,3,13,45,2,2.13897391235629,1.0840643757790616,1,1.3001571450800765e-13,1.2694020377896265,3
1.0,3,13,46,2,2.6592019221490197,0.7190571691049042,1,3.723303319202437e-15,1.2600113493581862,3
1.0,3,13,47,2,2.3877768144843023,0.9788070621614338,1,7.875792268775491e-15,1.223735085471499,3
1.0,3,13,48,2,2.4703908888103534,0.8891596239801227,1,2.272537833050151e-15,1.0936050724734085,3
1.0,3,13,49,2,2.6005174470761894,0.7016005911152328,1,2.1639196973458727e-15,1.0280231417188732,3
1.0,3,13,50,2,2.5078917660947058,0.878127417074751,1,2.6925134871063085e-15,1.1349873247176447,3
1.0,3,13,51,2,2.01596536428346,1.0956849548500527,1,3.2680807141218376e-14,1.2426452433814688,3
1.0,3,13,52,2,2.1253034472728523,1.0847800698672883,1,3.4274140325178565e-15,1.2629556067314933,3
1.0,3,13,53,2,1.6880204962222005,1.006956508097497,1,3.6431435877938e-15,1.3646963341015241,3
1.0,3,13,54,2,1.9364726239543208,1.0949423400555414,1,4.857431196843917e-15,1.2971630843777127,3
1.0,3,13,55,2,1.9166442713495129,1.090955261439898,1,1.2003570007370396e-12,1.1592542960560548,3
1.0,3,13,56,2,2.519907437614081,0.8811490317976809,1,4.8640719583098496e-15,1.117049801497625,3
1.0,3,13,57,2,1.9195129089737026,1.0819373850597342,1,3.2910152581302194e-15,1.3000688944888217,3
1.0,3,13,58,2,1.5624270550743187,0.9241602208809843,1,3.7201800625788774e-15,1.3692793518417339,3
1.0,3,13,59,2,2.088391511614402,1.0905137635596551,1,3.925369011740042e-15,1.3121246291765363,3
1.0,3,14,0,2,2.5315493288184223,0.7139988814774666,1,2.4631329818875695e-15,1.1779605483427276,3
1.0,3,14,1,2,2.5786007866567395,0.6863238132316003,1,2.962796610433654e-15,1.2430423246458462,3
1.0,3,14,2,2,2.536816650023039,0.6912579058980091,1,2.0878876281293885e-15,0.9396703564460407,3
1.0,3,14,3,2,2.551916152024912,0.6885290801172901,1,2.0924774481732617e-15,0.9681998408755176,3
1.0,3,14,4,2,2.5443261641668493,0.7076439412627414,1,2.5024327076493063e-15,1.1288853757664223,3
1.0,3,14,5,2,2.4932659303707054,0.8069155861698365,1,2.439354946305472e-15,1.1836760252536371,3
1.0,3,14,6,2,2.544809227510457,0.689931404972556,1,2.1324077592562228e-15,0.9608195261071094,3
1.0,3,14,7,2,2.5561395825784747,0.6889923136855332,1,2.1335745266982468e-15,1.015039559723663,3
1.0,3,14,8,2,2.557245127007902,0.6886861851824169,1,2.3659216075910855e-15,0.9795869930452528,3
1.0,3,14,9,2,2.5564784037800883,0.7176103399287945,1,2.255171513794308e-15,1.022836464638471,3
1.0,3,14,10,2,2.525461286293528,0.7396880107285182,1,2.2673671221181796e-15,1.0620001695075234,3
1.0,3,14,11,2,1.4395602857080811,0.837133168630187,1,1.5284262863134345e-12,1.3303533952047464,3
1.0,3,14,12,2,2.6281435431441778,0.6844524040380009,1,4.149213729339971e-15,1.2508087856233527,3
1.0,3,14,13,2,2.5390496763792534,0.6926855541170432,1,1.0099295546731737e-12,0.6915735233568227,3
1.0,3,14,14,2,2.563014123530982,0.71063586770012,1,3.5234370881858748e-15,1.1817927169418665,3
1.0,3,14,15,2,2.5222893170780676,0.7534059204438311,1,2.2660032153356236e-15,1.0566193391109098,3
1.0,3,14,16,2,2.43664622746096,0.8990348162836277,1,5.693867584079415e-15,1.23176528053507,3
1.0,3,14,17,2,2.526899371232753,0.8176936362161581,1,3.597353151806246e-15,0.984142121330185,3
1.0,3,14,18,2,2.5696298705073106,0.6847425679359852,1,2.040424039791471e-15,0.8931133761576616,3
1.0,3,14,19,2,2.4963732972245047,0.7070839780009287,1,3.1073171284714012e-15,1.2216555321334108,3
1.0,3,14,20,2,2.586164250770818,0.718381123620493,1,1.326725782190342e-13,1.2895574147621067,3
1.0,3,14,21,2,2.507860875872511,0.8118984654037867,1,3.5160806722118997e-15,1.2728761843800518,3
1.0,3,14,22,2,2.184491258359784,1.0530628104321638,1,2.3110613220329e-15,1.1302352518558634,3
1.0,3,14,23,2,2.5817961505827247,0.6842218399860817,1,3.2303590867978164e-15,1.1406376788468877,3
1.0,3,14,24,2,2.542185697256099,0.6938946480453965,1,2.6877675479588543e-15,1.2189504116236463,3
1.0,3,14,25,2,2.5436520093204447,0.6973217916298756,1,2.208179131437055e-15,1.0726963313435989,3
1.0,3,14,26,2,2.5377158036905905,0.7261206334419574,1,7.014143870524983e-15,1.2318707334616015,3
1.0,3,14,27,2,2.533171709722178,0.6910221247173184,1,2.161214345167366e-15,0.8434456592977913,3
1.0,3,14,28,2,2.5491185917345582,0.688397057760787,1,2.041735894751357e-15,0.8846266886071676,3
1.0,3,14,29,2,2.512001116995262,0.7031071989035527,1,2.627387814816692e-15,1.1746047304097411,3
1.0,3,14,30,2,2.4643592329063093,0.8469480404869665,1,4.05582665864017e-15,1.2529145569200892,3
1.0,3,14,31,2,2.55274476094841,0.7319262996578817,1,2.4713522747649094e-15,1.097553554054904,3
1.0,3,14,32,2,2.5313057557922267,0.6912459586546447,1,1.8807444730676997e-15,0.8887300730301049,3
1.0,3,14,33,2,2.5318701980396514,0.6913490487222089,1,1.938069025562819e-15,0.8939310511711107,3
1.0,3,14,34,2,2.55840071071923,0.6947859614924146,1,2.6434312431584813e-15,1.2114475847658728,3
1.0,3,14,35,2,2.5200430046135107,0.7566199902301445,1,2.6931625950710985e-15,1.2242006048573972,3
1.0,3,14,36,2,2.530277785754386,0.6967660234282669,1,3.4674702820657264e-15,0.8613786301437485,3
1.0,3,14,37,2,2.5617588597686813,0.6918643266027635,1,2.5001431767072964e-15,1.1871660343366695,3
1.0,3,14,38,2,2.5499485924881506,0.688225683111372,1,2.100076926766211e-15,0.8779532383208353,3
1.0,3,14,39,2,2.5757806686658684,0.726403870954231,1,2.2847919365367317e-15,1.1248621995581431,3
1.0,3,14,40,2,2.555907787136518,0.6875112738544198,1,2.1241662648443134e-15,0.9199137644657945,3
1.0,3,14,41,2,2.491259797272338,0.72699727184125,1,3.758725732898776e-15,1.2403889602957758,3
1.0,3,14,42,2,2.5232464482632047,0.6961441153309509,1,2.106615378308647e-15,0.8901115291399788,3
1.0,3,14,43,2,2.5572058751662405,0.6886825630332573,1,2.203599139549217e-15,0.9799100026088631,3
1.0,3,14,44,2,2.5517545640603445,0.7315001935551111,1,1.2800675384092774e-13,0.8195655319041263,3
1.0,3,14,45,2,2.5505274773550424,0.6887670504016528,1,2.543246022995172e-15,1.1404328638392984,3
1.0,3,14,46,2,2.541462543272658,0.6904949594463998,1,2.1787947388929647e-15,1.0053670510621038,3
1.0,3,14,47,2,2.530310231500624,0.7007150432344162,1,4.3362148305709115e-15,1.1962721672397323,3
1.0,3,14,48,2,2.5441343542023245,0.6920579368186999,1,1.2230012262527146e-12,0.6908495563902965,3
1.0,3,14,49,2,2.5118884824231875,0.720013697033281,1,2.5793434004613763e-15,1.1791901808152392,3
1.0,3,14,50,2,2.5565598110846546,0.7167697973736131,1,3.517606229727541e-15,1.264538218488073,3
1.0,3,14,51,2,2.55431911107805,0.6971891353730642,1,1.5430024484008807e-12,1.2301144156666406,3
1.0,3,14,52,2,2.545326445734215,0.6905708159581485,1,2.1623909763729365e-15,0.8943716524107911,3
1.0,3,14,53,2,2.5492951494994722,0.6946418950930925,1,1.2910488862339523e-13,1.150252267460804,3
1.0,3,14,54,2,2.3183282612467293,0.9835877872572075,1,5.298292589325836e-15,1.2715410847736617,3
1.0,3,14,55,2,2.540817075763943,0.6908862418751731,1,5.686518377521277e-13,0.6904161566825084,3
1.0,3,14,56,2,2.5403055865524258,0.7346856025473281,1,1.3630851098139761e-12,0.717597343875606,3
1.0,3,14,57,2,1.796477284819542,1.0641961336465773,1,8.45318166340476e-14,1.3580469883453052,3
1.0,3,14,58,2,2.5572742499951646,0.691733457251205,1,1.3799642349886264e-14,1.2839822988362717,3
1.0,3,14,59,2,2.559394766448728,0.6998209291956141,1,2.0736455338416162e-15,1.0153755359960646,3
1.0,3,15,0,0,2.0255934736886085,1.0980451062929037,1,1.0868719607200407e-12,1.1309043156800225,4
1.0,3,15,1,0,2.134732751797686,0.9746565962655542,1,3.089838732569904e-15,1.256865463862444,4
1.0,3,15,2,0,2.3082551517063488,0.987045687523774,1,1.3011545380736686e-13,1.3415177885242489,4
1.0,3,15,3,0,1.3406656301502435,0.6815503745912117,1,7.359473278979611e-15,1.3839906125955925,4
1.0,3,15,4,0,1.9657755593611401,1.0969600296840094,1,1.3022662498319495e-13,1.3515681591695872,4
1.0,3,15,5,0,2.3321780411519883,1.0079515055777515,1,2.670447561970061e-15,1.2247832464770347,4
1.0,3,15,6,0,2.268361866972967,1.0237483771779927,1,3.560199332335574e-15,1.2870701499521948,4
1.0,3,15,7,0,1.9227727264302015,1.0938608574467525,1,4.123989863338002e-15,1.3655326513147368,4
1.0,3,15,8,0,1.645270585980414,0.9910011755851138,1,4.0684806676124526e-15,1.3497509376412902,4
1.0,3,15,9,0,2.291377326852811,1.02078740555482,1,2.4498290615193303e-15,1.3277703115934776,4
1.0,3,15,10,0,2.2997579747481494,1.0019180617286743,1,5.118090608192896e-15,1.2928622616745917,4
1.0,3,15,11,0,2.0241485787031337,1.0929259147410777,1,6.1197673546992785e-15,1.3770957449048853,4
1.0,3,15,12,0,2.014491155967809,1.0982942318030922,1,3.58067733731069e-15,1.3196317215000328,4
1.0,3,15,13,0,1.5646724303439117,0.9223336923848977,1,3.2299022532526568e-15,1.3841013897756482,4
1.0,3,15,14,0,1.5483773794961972,0.8973105778998165,1,7.215052127290962e-15,1.3669191771361122,4
1.0,3,15,15,0,1.7855784664820367,1.0621845037917406,1,3.3791685960976687e-15,1.3507569186153643,4
1.0,3,15,16,0,1.9626860286385683,1.081051850748553,1,4.552243454698639e-15,1.3310034847390606,4
1.0,3,15,17,0,1.6742596480114522,0.9898019551173923,1,3.2346132120473876e-15,1.3754011755253441,4
1.0,3,15,18,0,2.2854643805753088,1.0200981099908557,1,3.301397078341848e-15,1.3132144834983641,4
1.0,3,15,19,0,2.074941441044107,1.0885671702118103,1,4.513895095542696e-15,1.378544620491957,4
1.0,3,15,20,0,2.372506059197635,0.9312356835663047,1,3.144707885153884e-15,1.3071844304157774,4
1.0,3,15,21,0,1.9678742035661756,1.0945914447344771,1,2.92633587102267e-15,1.3565050895692905,4
1.0,3,15,22,0,2.131991340096232,1.0749069453247722,1,7.155581061275443e-15,1.3102753799265696,4
1.0,3,15,23,0,2.1933528861283875,1.0597786942840508,1,4.523085041583201e-15,1.2466400487644087,4
1.0,3,15,24,0,1.4259484326607008,0.7953460600941372,1,3.0620464287323368e-15,1.3781153491280012,4
1.0,3,15,25,0,1.4306311137830912,0.7919120030153856,1,3.4636366646201337e-15,1.3638981313105911,4
1.0,3,15,26,0,1.3459337874150534,0.7316191559045977,1,3.6324530034405004e-15,1.376293479289232,4
1.0,3,15,27,0,1.444705806350978,0.8189214590562466,1,3.210997048665636e-15,1.3750084923378076,4
1.0,3,15,28,0,1.5116099338943951,0.8815699732788006,1,3.787471325678633e-15,1.3596468701632696,4
1.0,3,15,29,0,2.0966685155052,1.0842918449918237,1,6.949592111115783e-15,1.3741229180425876,4
1.0,3,15,30,0,2.21464102636295,1.0478049950409245,1,2.854296813885527e-15,1.327670955423735,4
1.0,3,15,31,0,2.2080953539080626,1.059739620272123,1,2.848250227716243e-15,1.2886602093393364,4
1.0,3,15,32,0,2.12222333690622,1.0710166682551596,1,3.4908187157903507e-15,1.3510978422045217,4
1.0,3,15,33,0,2.2736909703134853,1.0302738742392052,1,2.5977798248361672e-15,1.310303166605854,4
1.0,3,15,34,0,1.8905008130447842,1.0882339053765973,1,4.072312745972531e-15,1.2936111913423098,4
1.0,3,15,35,0,1.8249312683784853,1.033525966223198,1,4.319289161779624e-15,1.1750665486866787,4
1.0,3,15,36,0,1.3439568790445546,0.7118500323841936,1,3.549602204994408e-15,1.3708358251935489,4
1.0,3,15,37,0,2.044515726884222,1.0957900177029738,1,2.862656031788481e-15,1.3832127525284088,4
1.0,3,15,38,0,1.7887226380518442,1.0476483272569768,1,2.9762796206513486e-15,1.3786380952551403,4
1.0,3,15,39,0,1.4643193001123405,0.8571220152802872,1,3.614265360395081e-15,1.3572491007091558,4
1.0,3,15,40,0,2.39224771387708,0.8742905912914993,1,2.5355690429992697e-15,1.2999129991668887,4
1.0,3,15,41,0,1.5995589076190955,0.9734199126381332,1,4.561769067782571e-15,1.3556278798524064,4
1.0,3,15,42,0,2.3270088847852883,1.0164516431769894,1,3.07545557513128e-15,1.2912707925795677,4
1.0,3,15,43,0,2.1021401075093835,1.0803745575674015,1,5.392111948049612e-15,1.3202685077940008,4
1.0,3,15,44,0,1.8673438367133057,1.0813448256319305,1,1.4248078204919848e-13,1.327567871900793,4
1.0,3,15,45,0,1.6493350199758063,0.9846085301226251,1,3.4181958243299457e-15,1.33306108650671,4
1.0,3,15,46,0,2.172794670430757,1.0757462654660297,1,2.762521859608322e-15,1.289623837854218,4
1.0,3,15,47,0,2.092117876482834,1.0920397046677923,1,2.8689208812502837e-15,1.3688097008190625,4
1.0,3,15,48,0,1.6342797490976408,0.9939356343807273,1,3.493059759366907e-15,1.32101806564773,4
1.0,3,15,49,0,1.7986047336223996,1.0678473837309603,1,3.994340632580978e-15,1.3082834333753173,4
1.0,3,15,50,0,2.3626894239478333,0.9259721984338849,1,4.730438232078291e-15,1.1497645760960817,4
1.0,3,15,51,0,1.922106102248646,1.0871282333618033,1,2.1897134084445075e-14,1.1708722686652373,4
1.0,3,15,52,0,1.3796228310482492,0.7516417679077467,1,4.071624139671295e-15,1.3702148844792628,4
1.0,3,15,53,0,2.136432583570001,1.08382681534989,1,5.580755746895599e-15,1.3485873783699283,4
1.0,3,15,54,0,1.525916541626145,0.9106300160823725,1,3.4728794927031063e-15,1.3690709136615835,4
1.0,3,15,55,0,2.166798840983561,1.0637164169894486,1,2.8493923583860556e-15,1.377289400485443,4
1.0,3,15,56,0,1.789851819772195,1.0575982677286497,1,1.1324613062143952e-14,1.3665216233133595,4
1.0,3,15,57,0,2.0352214806402964,1.096397064569537,1,2.8257742124499623e-15,1.3608694405285682,4
1.0,3,15,58,0,2.439990713419744,0.9116778423891111,1,2.1836212987045385e-15,1.1689077402144454,4
1.0,3,15,59,0,2.6665164875032645,0.7233118787469974,1,3.110339811028254e-15,1.2170695623532761,4
1.0,3,16,0,0,2.4523668777659013,0.8800893622258941,1,1.3121481464640134e-13,1.2067646921543822,3
1.0,3,16,1,0,2.77245385343509,0.5384629764453859,1,2.090793839298035e-15,0.8495918208200544,3
1.0,3,16,2,0,2.6267042043412094,0.6718268231838442,1,8.23210096104179e-14,0.8143256655402669,3
1.0,3,16,3,0,2.669927218727862,0.6393741784574027,1,2.126235376851019e-15,0.8842411035001339,3
1.0,3,16,4,0,2.4307854548899197,0.6966380057089547,1,2.0775214963106502e-15,0.8724145102306504,3
1.0,3,16,5,0,2.5780299472229404,0.7133178820494408,1,2.024258251682935e-15,0.975890089940002,3
1.0,3,16,6,0,2.63830546967191,0.6920216906827459,1,2.0676607173400995e-15,0.9223373303527386,3
1.0,3,16,7,0,2.7451181042414334,0.575267428410084,1,3.9942639515837965e-15,0.7970457837421074,3
1.0,3,16,8,0,2.450128973420335,0.7422040027921925,1,4.4070505159302465e-15,1.0763412720310697,3
1.0,3,16,9,0,2.4154460801820212,0.6909016304224941,1,5.616695607866616e-13,0.6864368004428051,3
1.0,3,16,10,0,2.4655405801296086,0.9140497971254224,1,3.0047948046720354e-15,1.3658389458713092,3
1.0,3,16,11,0,2.558352889502487,0.6944870066944204,1,2.0835832163101552e-15,1.0159139077842163,3
1.0,3,16,12,0,2.78951777826889,0.5525805913389437,1,2.2648045909189713e-15,1.0275262106933671,3
1.0,3,16,13,0,2.612833529455671,0.6958621532717557,1,2.041531373068898e-15,1.0090154922487862,3
1.0,3,16,14,0,2.7680316230661957,0.5472412681277636,1,7.0153023697715e-15,1.015178025358378,3
1.0,3,16,15,0,2.5044120899545526,0.8246893778708497,1,2.699510114541915e-15,1.3608304512718186,3
1.0,3,16,16,0,2.5660606013888003,0.7125722279200286,1,3.939599108354405e-15,1.2847356795562517,3
1.0,3,16,17,0,2.578192198602217,0.7366987363783076,1,3.1486729892707646e-15,1.1802407855934438,3
1.0,3,16,18,0,2.6988200332358594,0.6578215188081173,1,2.3842324844899928e-15,1.2072815622181476,3
1.0,3,16,19,0,2.657403732062926,0.648091061894158,1,2.107551952243505e-15,0.8903746321721875,3
1.0,3,16,20,0,2.5341584691390375,0.7734576170014348,1,9.187624240762474e-15,1.3493413398301297,3
1.0,3,16,21,0,2.6570161265661065,0.6454657214287969,1,2.070636750602169e-15,0.9388378336720032,3
1.0,3,16,22,0,2.716078427411475,0.6148566968960882,1,1.2880415778262966e-13,1.0720834508458135,3
1.0,3,16,23,0,2.0353310813409404,1.0922383302443504,1,1.3054686554647913e-13,1.3792192413951732,3
1.0,3,16,24,0,2.5630447757205697,0.7061126691310464,1,2.170084628037e-15,1.0737418526070972,3
1.0,3,16,25,0,2.4729368327044376,0.7884965114738056,1,8.0444344203889e-15,0.8691091966728947,3
1.0,3,16,26,0,2.5258223280623975,0.7140463243325574,1,2.0955790375762385e-15,1.0380858888310742,3
1.0,3,16,27,0,2.7864611107152544,0.5220611784298373,1,6.45316940991488e-15,0.6903943515888334,3
1.0,3,16,28,0,2.658672730463341,0.645367179069353,1,2.271690134171145e-15,0.9225637858052151,3
1.0,3,16,29,0,2.7085175168740765,0.6193350475610845,1,2.360178396245691e-15,0.9564193693156675,3
1.0,3,16,30,0,2.5702180953231366,0.8054764709560138,1,2.574033994983304e-15,1.189784320834479,3
1.0,3,16,31,0,2.695354290335971,0.6544763004439085,1,2.4127496934681028e-15,1.1983004033745035,3
1.0,3,16,32,0,2.80227069851131,0.5315761848279866,1,4.958142498804091e-15,0.9097140944046525,3
1.0,3,16,33,0,2.5579370756359974,0.6947173083154203,1,2.048783376949693e-15,1.0156122349099819,3
1.0,3,16,34,0,2.6551340784258177,0.6732005406629045,1,4.01772938411195e-14,1.2024853231156851,3
1.0,3,16,35,0,2.587672561160571,0.6869866613493087,1,2.0781605398361943e-15,1.0115156544809387,3
1.0,3,16,36,0,2.5800086648713507,0.690212327733071,1,1.2934480301838031e-13,1.073176183338795,3
1.0,3,16,37,0,2.5064970427282,0.8456150001836211,1,4.647642318002569e-15,1.3221073568974142,3
1.0,3,16,38,0,2.6573090809285027,0.6543142394263253,1,4.499067979879487e-15,0.9830330826642325,3
1.0,3,16,39,0,2.650388428489163,0.7414550034916444,1,3.398348136282306e-15,1.2917713462103695,3
1.0,3,16,40,0,2.4415218482288576,0.7156607633400438,1,2.1703451842178574e-15,0.9610002425794071,3
1.0,3,16,41,0,2.578741989831415,0.6880384798653651,1,2.0153253506290917e-15,0.9734697846407696,3
1.0,3,16,42,0,2.556093999004367,0.7625931875311132,1,2.6397996991245258e-15,1.2780266370702726,3
1.0,3,16,43,0,2.5902870225381864,0.6907149957225895,1,2.0663420637358756e-15,1.0256719059734476,3
1.0,3,16,44,0,2.749073861799742,0.567174839684752,1,5.860454502043371e-13,0.5651782875485458,3
1.0,3,16,45,0,2.7129310210970994,0.6067795974394539,1,3.3479053720812892e-15,1.2109813854600382,3
1.0,3,16,46,0,2.594323825866361,0.7077860583785139,1,2.3991728192102277e-15,1.1249431409365964,3
1.0,3,16,47,0,2.6155156362680194,0.7277494299693121,1,4.677561456529716e-15,1.0811225739348813,3
1.0,3,16,48,0,2.6791418282095094,0.6298921210422127,1,2.3151833917100833e-15,0.878794361342125,3
1.0,3,16,49,0,2.6207284387934946,0.6766786438371002,1,4.618753575373214e-15,1.0980238839839285,3
1.0,3,16,50,0,2.7156289126753523,0.6035708221191589,1,2.154630020696488e-15,0.8553555463125464,3
1.0,3,16,51,0,2.558717642719058,0.7602086594294852,1,2.2171109497915515e-15,1.2775366872420213,3
1.0,3,16,52,0,2.4597972320160046,0.7128683190141925,1,2.286412033019894e-15,0.8850718042298253,3
1.0,3,16,53,0,2.466509052885705,0.7301150159065246,1,2.2870678113458053e-15,0.9215849460555708,3
1.0,3,16,54,0,2.8384996586184674,0.45346563103410964,1,2.1857559265707283e-15,0.7438657959352738,3
1.0,3,16,55,0,2.7500629531595693,0.5651524665286695,1,2.097609657869624e-15,0.8818376223568749,3
1.0,3,16,56,0,2.5145626492353252,0.7080341700320392,1,2.012128461251239e-15,0.983353151412182,3
1.0,3,16,57,0,2.2959521701150662,0.8214017760304755,1,2.510362580846505e-15,0.9537067419608001,3
1.0,3,16,58,0,2.4959240932214417,0.8174288612315962,1,4.593653606115268e-15,1.0365166478959322,3
1.0,3,16,59,0,2.440898214417726,0.8925073716525131,1,4.003129399016075e-15,1.3462549799924541,3
1.0,3,17,0,2,2.2513211528104295,1.0444905805397169,1,2.624922141801582e-15,1.229309112597805,2
1.0,3,17,1,2,2.615067981115306,0.6825237311046117,1,1.809022278520126e-15,0.871548439099409,2
1.0,3,17,2,2,2.5274428748182616,0.6967147088207064,1,2.2201543155900837e-15,0.9164710309465511,2
1.0,3,17,3,2,2.511173926407182,0.8697981103903809,1,2.517824601301164e-13,1.2569753353046846,2
1.0,3,17,4,2,1.809745820532815,1.053955349692988,1,7.967287039818015e-15,1.2767566453308845,2
1.0,3,17,5,2,2.5332022716976144,0.6949229940095452,1,2.269691669381752e-15,0.898659027733957,2
1.0,3,17,6,2,2.549063078394685,0.7755881556885871,1,8.692686396978806e-15,1.3307533823921023,2
1.0,3,17,7,2,2.477017959393922,0.7173979031227695,1,2.034716263985956e-15,0.904021161496299,2
1.0,3,17,8,2,2.797532077142379,0.504084096516797,1,2.0821702348194834e-15,0.7324204023528884,2
1.0,3,17,9,2,2.4648135218069123,0.7379878915165996,1,2.705652891212e-15,1.1401104598393843,2
1.0,3,17,10,2,2.496069726933733,0.6952122467935544,1,9.03371985603054e-12,0.9662267674877275,2
1.0,3,17,11,2,2.4913792561611903,0.6976068060852507,1,2.1121010075271068e-15,0.9156163219980762,2
1.0,3,17,12,2,2.620881384548481,0.7022182345666472,1,2.1778032079365736e-15,0.948922532736318,2
1.0,3,17,13,2,2.579752827241504,0.7093592327872171,1,1.2910392702721346e-13,1.0392634455008922,2
1.0,3,17,14,2,2.4969953679647627,0.7326866850759021,1,7.872503950727537e-15,0.8211385471571463,2
1.0,3,17,15,2,2.5474595160148894,0.6886734771285139,1,2.1152454360982043e-15,0.8419777277365713,2
1.0,3,17,16,2,2.5524162098661347,0.7131925135357888,1,2.164604663803045e-15,0.8802685416139246,2
1.0,3,17,17,2,2.564841552926069,0.6865580675151504,1,2.073906205608189e-15,0.8939408337811766,2
1.0,3,17,18,2,2.6270013868504174,0.661583991593284,1,2.031317560630401e-15,0.8698168779889668,2
1.0,3,17,19,2,2.489241116687846,0.696714146263502,1,2.8135453996324317e-12,0.6951592464428474,2
1.0,3,17,20,2,2.5193103059317217,0.6941221367076821,1,2.0597806790831314e-15,0.8937598807213627,2
1.0,3,17,21,2,2.5050915703816794,0.6934105710211451,1,2.0279062586025078e-15,0.8611396027936142,2
1.0,3,17,22,2,2.5571653084540653,0.689118845657761,1,6.150063335428791e-15,0.895598836686175,2
1.0,3,17,23,2,2.5855584441029,0.7156017863092998,1,1.7962685650079148e-15,0.9043974251950744,2
1.0,3,17,24,2,2.471867691912233,0.8604866061767089,1,2.364105872182613e-15,1.1527992989875087,2
1.0,3,17,25,2,2.5814169956129485,0.6999383337474776,1,2.270428251731591e-15,0.9140919039546961,2
1.0,3,17,26,2,2.542767827489926,0.7469516424132379,1,6.708575474883043e-14,1.0616551971198505,2
1.0,3,17,27,2,2.4395613500847992,0.8024145352658283,1,8.869548655331701e-15,0.8540446154784664,2
1.0,3,17,28,2,2.5626792567353007,0.7164972428723593,1,2.8036375026529278e-15,0.8486589079345391,2
1.0,3,17,29,2,2.5714674574413454,0.7076737876458374,1,1.2910057199278415e-13,0.9986590637868531,2
1.0,3,17,30,2,2.597860596354866,0.7016353012251031,1,2.644802090826987e-15,1.151571037588211,2
1.0,3,17,31,2,2.5559248235836955,0.7063971605290487,1,1.4824236048621613e-13,1.3358015432002064,2
1.0,3,17,32,2,2.5657230635845227,0.6853567581163684,1,5.703577040709552e-13,0.6849671072686346,2
1.0,3,17,33,2,2.544490345005141,0.6893201502748426,1,4.698977213107768e-15,0.9638815054019998,2
1.0,3,17,34,2,2.5573745758061763,0.6873702592620998,1,1.2892114860007858e-13,1.0187631332840374,2
1.0,3,17,35,2,2.6223186738253452,0.6634194566323157,1,2.683361065886424e-15,0.8229506143391836,2
1.0,3,17,36,2,2.6288876921426922,0.6864031081600572,1,2.1321090012212423e-15,0.9285809990208971,2
1.0,3,17,37,2,2.5678959308358102,0.6940265871227946,1,2.0358128504131372e-15,0.939385884642399,2
1.0,3,17,38,2,2.5280299347429125,0.6961865945069934,1,1.2925850412750372e-13,1.0268700518960723,2
1.0,3,17,39,2,2.6397905194069016,0.6549654281507136,1,4.4551211586254946e-15,0.9263607615271204,2
1.0,3,17,40,2,2.553897509777881,0.6875539757581872,1,2.013472232041292e-15,0.887530442004188,2
1.0,3,17,41,2,2.5987748633029435,0.6918746314430071,1,3.605236308261794e-15,1.2406703058589255,2
1.0,3,17,42,2,2.5547177478318908,0.6918122867861867,1,6.699407151870575e-13,0.6898152227886104,2
1.0,3,17,43,2,2.5713212150088345,0.6967736138338729,1,4.0508546529523844e-15,1.2387414643303551,2
1.0,3,17,44,2,2.529401202724891,0.7085759016220816,1,3.8698239952567296e-15,1.2174006117242768,2
1.0,3,17,45,2,2.5148059877575886,0.6946958956938443,1,2.1786579394403097e-15,0.8618616018764943,2
1.0,3,17,46,2,2.5734377358612313,0.682889522124529,1,2.047418703794445e-15,0.8734447704343222,2
1.0,3,17,47,2,2.5558986194068813,0.6904194428312744,1,1.1740302128014664e-14,1.0134836257651272,2
1.0,3,17,48,2,2.5293109654201347,0.7177789878966935,1,2.5286722783492565e-13,1.317825116452488,2
1.0,3,17,49,2,2.6450537731847317,0.7024620216185695,1,3.6223231219031225e-15,1.2390558775736127,2
1.0,3,17,50,2,2.520535485265742,0.710383471100195,1,2.3259762226011453e-15,0.8753710042557146,2
1.0,3,17,51,2,2.6184846576077976,0.7048123027773234,1,1.0635876560123802e-14,1.3167366509049638,2
1.0,3,17,52,2,2.5359039459879846,0.6906631388792455,1,2.2987088927907604e-15,0.8433122159889519,2
1.0,3,17,53,2,2.5786463017234964,0.6857081271848691,1,2.2788240559940538e-15,0.8730062566827462,2
1.0,3,17,54,2,2.5708626562249672,0.6881122731625973,1,2.3678774585852503e-15,0.9100823587340066,2
1.0,3,17,55,2,2.522275670862469,0.703102969555922,1,1.5840565475591487e-14,0.8100223404035751,2
1.0,3,17,56,2,2.502754072612696,0.7780838436938513,1,2.2099072198616225e-15,1.0852755828389966,2
1.0,3,17,57,2,2.4241379207335547,0.7342559383101519,1,2.678711955690222e-12,1.2405794300248831,2
1.0,3,17,58,2,2.562227902700465,0.7621629411163418,1,2.1803873366395208e-15,1.0625062532981537,2
1.0,3,17,59,2,2.58259414371821,0.6950650113302481,1,2.037963731849395e-15,0.9187185135379221,2
1.0,3,18,0,0,1.6266719594328394,0.9670174381454812,1,3.892547407000925e-15,1.3404309079687018,2
1.0,3,18,1,0,2.2529528638463336,0.9454592299669959,1,3.105693423005468e-15,1.0176446511173287,2
1.0,3,18,2,0,2.425317378352895,0.8361644573086082,1,2.4728423714908813e-12,1.0275483244171713,2
1.0,3,18,3,0,2.5474543550811535,0.7121821630527697,1,2.1382890317593587e-15,1.0717475324826093,2
1.0,3,18,4,0,1.8411517731479745,1.0757049802907113,1,4.820468254420939e-15,1.3473713572340182,2
1.0,3,18,5,0,2.487019333581624,0.7087385167383954,1,9.199592092853956e-15,1.3549436586647128,2
1.0,3,18,6,0,1.4210488668677248,0.8055803462116308,1,3.5794260108520895e-15,1.3652035138219787,2
1.0,3,18,7,0,1.6491961284274592,0.9752052327957282,1,3.065849511493956e-15,1.382079638049487,2
1.0,3,18,8,0,1.8799826150560524,1.0865535077813675,1,3.3524411973470784e-15,1.3466683579326977,2
1.0,3,18,9,0,1.4474257675332913,0.8205981172313641,1,3.6262723921881456e-15,1.3608903200692497,2
1.0,3,18,10,0,2.016607089030246,1.0981382338787604,1,2.838499791616674e-15,1.384087287784838,2
1.0,3,18,11,0,2.5178273269287823,0.8345768269405986,1,2.2209349966308376e-12,1.0168081133627653,2
1.0,3,18,12,0,2.412536397638336,0.854789391593906,1,3.432261023638933e-15,1.2533972698010776,2
1.0,3,18,13,0,1.7286882914107142,1.0306349614411596,1,4.569321754847666e-15,1.3543924504429228,2
1.0,3,18,14,0,1.4857739851514415,0.846284997104946,1,3.8383211039503695e-15,1.357314130321237,2
1.0,3,18,15,0,2.0982660028310725,1.0739157617620387,1,4.8369549462417465e-15,1.2034497935336357,2
1.0,3,18,16,0,2.0234782196284256,1.098006518264568,1,4.901270500649499e-15,1.3244451726167839,2
1.0,3,18,17,0,2.1945909662239744,1.0352701946282648,1,1.6777297745742498e-12,1.096327372021039,2
1.0,3,18,18,0,2.3576100807616767,0.9330217578856674,1,5.724618989306856e-15,1.2980646827689686,2
1.0,3,18,19,0,1.6576660234054614,0.9850387951780354,1,1.3202541063255106e-13,1.3737454964298406,2
1.0,3,18,20,0,2.0930688179812083,1.0860698989703494,1,3.553282128080107e-15,1.321339903876686,2
1.0,3,18,21,0,1.5206182686691885,0.8854424639684396,1,1.3037840939859766e-13,1.3572262684526661,2
1.0,3,18,22,0,2.200749299329839,1.0525958770948933,1,5.375086113439759e-13,1.3557762109347278,2
1.0,3,18,23,0,1.6063235275864634,0.9588858127365549,1,3.2195384868315766e-15,1.3592393173117885,2
1.0,3,18,24,0,1.9981560095671602,1.0829726212676265,1,4.106653296477084e-15,1.2570390928051123,2
1.0,3,18,25,0,2.476787984231049,0.7860111428108782,1,1.2624643004403139e-14,1.3638639913652448,2
1.0,3,18,26,0,2.2646496993201426,0.9841828410969238,1,1.616566260144819e-14,1.1252837392487463,2
1.0,3,18,27,0,2.1754150293866803,1.0655854111248524,1,4.541169712593388e-15,1.2385721044398372,2
1.0,3,18,28,0,2.302649813419299,0.8757618064049543,1,1.2949050572801556e-13,1.2834005190159843,2
1.0,3,18,29,0,1.580064657792894,0.9565018469750264,1,2.8106602928736646e-14,1.331538910760627,2
1.0,3,18,30,0,2.081768761640755,1.0663740075819177,1,3.3683207285468277e-13,1.1317631055222117,2
1.0,3,18,31,0,2.312960567577359,0.8393157395067603,1,3.379997104448379e-15,1.2697750090644022,2
1.0,3,18,32,0,1.688604183325744,1.0167165114374797,1,4.030430146054974e-15,1.3278418718615204,2
1.0,3,18,33,0,2.458331362052404,0.7670174198707773,1,1.293243682637397e-13,1.3322378691213381,2
1.0,3,18,34,0,2.0854466761294335,1.0896398794242375,1,5.7483916526450696e-15,1.2678869327779227,2
1.0,3,18,35,0,2.426447832017929,0.7697541379027202,1,1.3195036414111383e-13,1.279482484715838,2
1.0,3,18,36,0,2.1679210809727993,1.044185746219882,1,1.2956822234677806e-13,1.369756677771012,2
1.0,3,18,37,0,2.0896660092226864,1.089177321936765,1,1.171173976638239e-12,1.1167134360479027,2
1.0,3,18,38,0,1.904377567789403,1.0901512801392441,1,7.129834209996057e-15,1.3480083169218138,2
1.0,3,18,39,0,1.9371278876788771,1.0947437410794636,1,5.4416048010817175e-15,1.3520871674305264,2
1.0,3,18,40,0,2.1848762608647863,1.0422020978669515,1,3.232954643725713e-15,1.2681622081595085,2
1.0,3,18,41,0,1.7948282494235945,1.0504355108275811,1,3.2559848661996046e-15,1.3363031811930148,2
1.0,3,18,42,0,2.0907003572135934,1.0759321633417465,1,4.384868409182661e-15,1.2331870679545067,2
1.0,3,18,43,0,1.7285487851660162,1.0421064147279433,1,3.554153551788022e-15,1.3461111125929768,2
1.0,3,18,44,0,2.4363143092207187,0.8365319537219609,1,3.4677647620643016e-15,1.0576683252140213,2
1.0,3,18,45,0,2.4186935532832674,0.8774441585649484,1,2.6159306490903086e-15,1.3830058294761367,2
1.0,3,18,46,0,2.1872867473236948,1.0528368359983258,1,1.3011000824316983e-13,1.3234477832705909,2
1.0,3,18,47,0,2.360639878533583,0.9336652855080402,1,4.5518506699685985e-15,1.1562267997452786,2
1.0,3,18,48,0,1.5437008851092686,0.9110678852142631,1,7.174355250993163e-15,1.3818536531598353,2
1.0,3,18,49,0,1.8329936730740888,1.0657852771937808,1,3.1118483724925845e-15,1.3570796192937866,2
1.0,3,18,50,0,1.7145846703894472,1.0272438856206227,1,4.462179159194065e-15,1.3448618275622677,2
1.0,3,18,51,0,2.3087842472241498,0.9871362579710508,1,5.540820822986748e-15,1.2357006138328153,2
1.0,3,18,52,0,1.9154967145940356,1.0922314350272144,1,3.3883030264137564e-15,1.2712292684315056,2
1.0,3,18,53,0,2.5055773145801976,0.7133716712381868,1,9.51362417767168e-15,1.340103230727164,2
1.0,3,18,54,0,2.2537311389052115,1.0431823299338427,1,2.595221942399624e-15,1.3784100832123907,2
1.0,3,18,55,0,1.4019789837616765,0.7614713268737345,1,3.584909291961015e-15,1.374361166928519,2
1.0,3,18,56,0,2.1088931438723257,1.0855168831235047,1,6.549950699043485e-15,1.3574176683135541,2
1.0,3,18,57,0,2.040238595003723,1.0972800561239944,1,3.3337473860252824e-15,1.3203770971075324,2
1.0,3,18,58,0,1.6053227762209317,0.9513131446743881,1,3.310944247848837e-15,1.3603451294140148,2
1.0,3,18,59,0,2.2211331129355947,1.0548766168712782,1,2.8857268110392823e-15,1.316618447633937,2
1.0,3,19,0,0,2.4294919096109817,0.707613534555476,1,2.7553422591837813e-15,1.2992658019642578,5
1.0,3,19,1,0,2.4121503020540174,0.8283855279951146,1,2.4988588566067057e-15,1.3512091400665762,5
1.0,3,19,2,0,2.5614986420246435,0.7214014413494043,1,2.6383077270257073e-15,1.3552636618557266,5
1.0,3,19,3,0,2.2678771041518675,0.5917324323976874,1,3.1947926860517897e-15,0.8113923587973828,5
1.0,3,19,4,0,2.3825140076146454,0.6801523059852154,1,6.90951192985568e-15,1.2534396433808395,5
1.0,3,19,5,0,2.3312673851339007,0.6591781790437474,1,2.1972779401159105e-15,1.1804992763870181,5
1.0,3,19,6,0,2.3680128014439576,0.6701272705594417,1,2.221434866146347e-15,1.19476392130854,5
1.0,3,19,7,0,2.282765736142496,1.02344007926298,1,5.96448097180717e-15,1.3102733378669584,5
1.0,3,19,8,0,2.5037931786568617,0.7458279018091005,1,2.535381507175595e-15,1.3345099202620205,5
1.0,3,19,9,0,2.458450793353709,0.7919586608481024,1,1.2932629983246897e-13,1.3596084176578398,5
1.0,3,19,10,0,2.3597088252792067,0.6904115649149534,1,1.1160766280003924e-13,0.8199815026890988,5
1.0,3,19,11,0,2.2089948713361434,0.5204864688358288,1,2.952452025628225e-14,0.753835697628464,5
1.0,3,19,12,0,2.3687739384178066,0.7851473856102502,1,1.7467149655051155e-13,1.2572391001280783,5
1.0,3,19,13,0,2.4701334773902044,0.7210966191642335,1,3.145694073032427e-15,1.277159210277143,5
1.0,3,19,14,0,2.563145704945228,0.7011522924751885,1,6.62660977807497e-15,1.2147082073537123,5
1.0,3,19,15,0,2.4756080136479928,0.733299230142205,1,2.5304281129121494e-15,1.3377307811177004,5
1.0,3,19,16,0,2.3640001552201246,0.7226555484385979,1,3.047018707120824e-15,1.1703446088919536,5
1.0,3,19,17,0,2.5606876737280055,0.7238708746616452,1,5.2238285942332215e-15,1.2116337488461486,5
1.0,3,19,18,0,2.605816345660164,0.7267176688175958,1,4.0344982791029814e-15,1.2478198799006066,5
1.0,3,19,19,0,2.296060087093829,0.6700726652544198,1,2.5021156064839536e-15,1.142002839314411,5
1.0,3,19,20,0,2.2539461149321784,0.9484635300100284,1,2.3837303731945657e-15,1.2265145678542417,5
1.0,3,19,21,0,2.349741584417714,0.6671771815833754,1,2.186943556858964e-15,1.1864990353863796,5
1.0,3,19,22,0,2.5358508730073477,0.7217374349536061,1,1.296321688542331e-13,1.3530092341398974,5
1.0,3,19,23,0,2.3922868600072436,0.9110192810010763,1,2.461416289634559e-15,1.36408554810505,5
1.0,3,19,24,0,2.2263478161407124,1.0537326315507076,1,4.611343762011707e-15,1.264859286310055,5
1.0,3,19,25,0,2.34650963693966,0.6608755160116626,1,2.1485785077843013e-15,1.141017025564295,5
1.0,3,19,26,0,2.489014148993005,0.7916463683544877,1,5.5504883178244955e-15,1.3636679577644049,5
1.0,3,19,27,0,2.2345597489147018,0.5640197799931193,1,9.656700153310411e-15,0.7211973506868246,5
1.0,3,19,28,0,2.513527742092385,0.761274528598104,1,1.2984387796759973e-13,1.3642555602244943,5
1.0,3,19,29,0,2.246736398440352,0.8576921331464917,1,2.5030550775263714e-15,1.1866509261090656,5
1.0,3,19,30,0,2.5817624203803375,0.7803955421396255,1,2.6588374558886977e-15,1.3512520062029,5
1.0,3,19,31,0,2.285969773653405,0.9421038341910819,1,1.6966931988883062e-14,1.3407577232510155,5
1.0,3,19,32,0,2.491943167420559,0.8197832401463054,1,2.3769375595690744e-15,0.9238109327903037,5
1.0,3,19,33,0,2.535531467464182,0.7109392611162109,1,1.3213379152338694e-13,1.2586269189758121,5
1.0,3,19,34,0,2.409574709301085,0.7139946881450323,1,1.3400203005701915e-13,1.2156289834209775,5
1.0,3,19,35,0,2.3616359162622116,0.6814634884580275,1,2.4215329308894876e-15,1.1753764653375693,5
1.0,3,19,36,0,2.304807643382618,0.9688432168370661,1,3.624685510012674e-15,1.3778027617386157,5
1.0,3,19,37,0,2.371212862470815,0.6930249881060905,1,2.4039651995543965e-15,1.228029883576039,5
1.0,3,19,38,0,2.1395410537801287,1.0757443726663065,1,1.3059254507233372e-13,1.3721846856752387,5
1.0,3,19,39,0,2.3785324785092934,0.6823443423137778,1,2.190650513243948e-15,1.2082841474767916,5
1.0,3,19,40,0,2.361379229768616,0.6757754625759689,1,3.220906663217204e-15,1.1959556887967535,5
1.0,3,19,41,0,2.256372697733116,0.576987787164853,1,7.396352707177292e-13,0.5744217030443161,5
1.0,3,19,42,0,1.3561833735077744,0.6714734180244644,1,1.966900957413444e-12,1.3596200587084977,5
1.0,3,19,43,0,2.389040229176955,0.8785271704514857,1,2.429306014223802e-15,1.3327287968048465,5
1.0,3,19,44,0,2.5006324883444684,0.8972160749915883,1,5.19133967844512e-15,1.208427247134282,5
1.0,3,19,45,0,2.4851970771529728,0.8328229333699826,1,2.6722125719980344e-15,1.3673390947135615,5
1.0,3,19,46,0,2.465955848393604,0.791999061992432,1,2.23802257789181e-15,1.3107551351201585,5
1.0,3,19,47,0,2.314288593232419,0.8323931752113634,1,3.570378227710894e-15,1.162041824533316,5
1.0,3,19,48,0,2.154437557544869,1.0762130280167366,1,3.623296292910497e-15,1.2574209805948073,5
1.0,3,19,49,0,2.52788209524794,0.7940121948123486,1,2.6235919061081004e-15,1.3704891753837063,5
1.0,3,19,50,0,2.2765624651499383,1.0314451680734964,1,3.1355414183772116e-15,1.2994873052785165,5
1.0,3,19,51,0,2.723265495989572,0.598886574410954,1,2.5680113046790774e-15,1.2758352144203957,5
1.0,3,19,52,0,2.331608115620707,1.0108682359911656,1,1.7574816823971588e-13,1.3527694206708136,5
1.0,3,19,53,0,2.691534365975502,0.6909236516537494,1,6.8204967037863455e-15,1.0297170986287276,5
1.0,3,19,54,0,2.470267921715757,0.8605953129101491,1,2.456979116545614e-15,1.377854770007841,5
1.0,3,19,55,0,2.362714721651066,0.7006675038929068,1,2.305875727292672e-15,1.236099324865173,5
1.0,3,19,56,0,2.381259690829273,0.675889491335213,1,2.6409284115123106e-15,1.2328722094475968,5
1.0,3,19,57,0,2.4488866840748247,0.8274847561512008,1,2.5758822105848433e-15,1.332846306495081,5
1.0,3,19,58,0,2.324378251633615,0.8001087938892097,1,2.4063858457781734e-15,1.2375976424800572,5
1.0,3,19,59,0,2.303668014966251,1.0067784695418107,1,2.5540813581104435e-15,1.3825377234804321,5
0.25,1,0,0,2,1.248022957982695,0.5664003111183036,0,0.39095145614084187,1.383052930322858,8
0.25,1,0,1,2,1.607318356465639,0.9421350105743269,1,0.004354842155753783,1.3749754456715022,8
0.25,1,0,2,2,2.0943401274690516,1.0919002393308113,0,0.7603910138810367,1.3815658300696791,8
0.25,1,0,3,2,1.000283578690656,0.002254032444809246,1,1.9325655224611076e-12,1.3862943579929288,8
0.25,1,0,4,2,2.1672011496364703,1.0713760216264072,1,0.47888640584222775,1.3456309154706727,8
0.25,1,0,5,2,1.277016261411563,0.6200371183294249,1,0.6675830772834394,1.38549338688196,8
0.25,1,0,6,2,1.797668155753977,1.0613628586716248,0,0.5270592560393378,1.3862655562670323,8
0.25,1,0,7,2,1.6129737375927227,0.9757272548940727,1,0.06436705238619259,1.3731412831126601,8
0.25,1,0,8,2,2.249493994738609,1.035470786159915,1,0.0544327999574839,1.3265795886934872,8
0.25,1,0,9,2,1.7091880094325869,1.018999098548374,1,0.0007391515205416287,1.3626697652228752,8
0.25,1,0,10,2,1.7307659303224114,1.0303244643544263,0,0.4144506879105023,1.3862734765633538,8
0.25,1,0,11,2,1.0321912192696252,0.12990271856335925,1,0.5517920039301225,1.3862898746109518,8
0.25,1,0,12,2,1.8675163504608965,1.0633211658663129,1,2.689318456815866e-06,1.3692791367069121,8
0.25,1,0,13,2,1.284716596761205,0.6278760531669138,1,0.000106851204623301,1.3851601525135566,8
0.25,1,0,14,2,1.9740186657452294,1.0965737584796424,1,1.5754140582787423e-07,1.3503089223507423,8
0.25,1,0,15,2,1.6309569514067135,0.988083278256489,1,5.191552190737677e-07,1.3632320605699833,8
0.25,1,0,16,2,1.2483798172271963,0.5636629029471245,0,0.32951335098236423,1.38408065512433,8
0.25,1,0,17,2,1.357739183041043,0.6645914976372228,0,0.4232521111131444,1.38596567792517,8
0.25,1,0,18,2,1.6598993642212705,0.9934660130707063,1,0.021036066820288853,1.3743486240580784,8
0.25,1,0,19,2,1.3408997433529148,0.7054457477386683,1,0.10991987535667476,1.3830207202842886,8
0.25,1,0,20,2,1.9701233497310753,1.0856088267687036,1,2.229813213039e-07,1.3579991541298821,8
0.25,1,0,21,2,1.9796666297321266,1.0938694943811453,1,0.0005290724509467664,1.360156310865717,8
0.25,1,0,22,2,1.9015289443990007,1.0912818923392715,1,3.838346083301514e-08,1.3572876383972083,8
0.25,1,0,23,2,1.3364543406775726,0.6917634630625135,1,0.00417249278317697,1.3862294294131274,8
0.25,1,0,24,2,1.7369696047402414,1.035826310877449,1,7.344930297799575e-05,1.3761630724093976,8
0.25,1,0,25,2,1.9353313519469766,1.0937142592682618,1,4.3936503040396767e-05,1.37402739439552,8
0.25,1,0,26,2,1.4234657764909593,0.803976016345298,1,0.018241934114743407,1.385724521469705,8
0.25,1,0,27,2,1.7648104156692688,1.041604607703264,1,0.11337375964797333,1.3739302555798458,8
0.25,1,0,28,2,1.6257981810073714,0.9608500232046737,1,0.9893536333680465,1.3857038306488847,8
0.25,1,0,29,2,2.271468928760688,0.9922394320867094,1,5.2920760835237665e-06,1.355889901559121,8
0.25,1,0,30,2,1.9718120730702369,1.0976442812603642,1,0.013658651805482806,1.3814088530205955,8
0.25,1,0,31,2,1.4220936874589043,0.7998981553062724,1,1.6801257020561876e-06,1.3851360651982814,8
0.25,1,0,32,2,2.0323625954497975,1.096219131290359,1,0.0119023333101833,1.330476525881957,8
0.25,1,0,33,2,1.6543799250719202,0.9901598321116231,0,0.9840187914052378,1.3861640836127633,8
0.25,1,0,34,2,1.4694532006864662,0.8735467373770245,1,0.0053263859555493735,1.3778694344502092,8
0.25,1,0,35,2,1.2268055271478546,0.5133201355713961,0,0.468154809803115,1.3858785414531414,8
0.25,1,0,36,2,1.8643152570974382,1.0808883703777767,0,0.01645410899443853,1.3840427448662076,8
0.25,1,0,37,2,1.599624139930109,0.9182922718421604,1,0.00033045576937442507,1.3701013645198026,8
0.25,1,0,38,2,1.3005005146382305,0.6742568429707092,1,0.010946176054090586,1.382104099773604,8
0.25,1,0,39,2,1.5142082588547723,0.9010788751749013,1,0.00010788421651629313,1.3808426006257597,8
0.25,1,0,40,2,1.4357822116749905,0.8331618473475629,1,0.07677054676520129,1.3832406919808282,8
0.25,1,0,41,2,1.175349940873823,0.44337095972564666,0,0.8996595919465522,1.3857383698670456,8
0.25,1,0,42,2,1.665900329986335,0.9949636418193746,0,1.290381274507925,1.3862420698210773,8
0.25,1,0,43,2,1.578016925708531,0.9428210482750038,1,8.137676127550519e-05,1.3649607824574945,8
0.25,1,0,44,2,1.7759978892188197,0.9455405189271495,1,0.0005852318596945697,1.368498118207461,8
0.25,1,0,45,2,2.1001518429992454,1.0869167880885684,1,0.06618530264735087,1.3581844801682572,8
0.25,1,0,46,2,1.3678012669174588,0.7113977882365392,1,0.020029262408444593,1.380200238234663,8
0.25,1,0,47,2,1.9162874460914767,1.0918277905684,1,0.45037281324303496,1.38605795000222,8
0.25,1,0,48,2,1.9075750739374626,1.0902717859396072,0,0.5733538395949205,1.3852474839645408,8
0.25,1,0,49,2,2.2196320335431428,1.0607540453857476,1,1.769332027492523e-05,1.2511388710565032,8
0.25,1,0,50,2,1.1447087055854754,0.39214275080794353,1,0.44771806894369115,1.3859268407100616,8
0.25,1,0,51,2,1.7531281492005424,1.0488310568693953,0,0.060102171743852364,1.3859868491766676,8
0.25,1,0,52,2,1.754375105300139,1.0416976545367325,0,0.0529132203992174,1.386084880420604,8
0.25,1,0,53,2,1.0548425965436703,0.17927801424459147,1,0.06938196927763297,1.3862769399613122,8
0.25,1,0,54,2,1.5388201302929703,0.9174470668887162,1,3.0154912214268207e-06,1.3837333339045141,8
0.25,1,0,55,2,1.8343992635554605,1.0711462731341594,0,1.2555272628881546,1.3861791617032677,8
0.25,1,0,56,2,1.626492066774478,0.9549510542789745,1,4.807536578446658e-05,1.362348129573295,8
0.25,1,0,57,2,1.818490138056608,1.064934742141591,1,0.10276183090944727,1.3444305634700178,8
0.25,1,0,58,2,1.9287080371447058,1.0931707328087152,1,0.007132726457827342,1.365459646465362,8
0.25,1,0,59,2,2.1020003335881867,1.088797251295858,1,0.01347685879506308,1.3466104677626474,8
0.25,1,1,0,3,1.0936345962161524,0.29032212072360597,1,0.019086375901685073,1.3861228060614068,6
0.25,1,1,1,3,1.6843893880208924,0.9927159056314486,1,8.236804331358946e-13,1.381797900148955,6
0.25,1,1,2,3,1.661019458384808,0.9985623734308585,1,0.02424768115370919,1.3775671083641963,6
0.25,1,1,3,3,1.8308456247867553,1.0742900088123548,0,0.1260765897415883,1.3820608257725366,6
0.25,1,1,4,3,1.8923534752456428,1.0897724757144833,1,0.0007241319706976702,1.2831169656890282,6
0.25,1,1,5,3,1.3913676863212845,0.774835613491538,1,0.004567520255669303,1.384438524961289,6
0.25,1,1,6,3,1.445096451200566,0.8196751543408207,1,2.1720693963754048e-05,1.380168482630884,6
0.25,1,1,7,3,1.6718644010860888,0.9925333859274412,1,0.5702692202535697,1.3727683456387636,6
0.25,1,1,8,3,1.481567522608108,0.8776943039403053,1,4.137242198340695e-07,1.3733425390660559,6
0.25,1,1,9,3,1.421947153607865,0.8061816098747002,1,0.0010919244714297834,1.3831440501135621,6
0.25,1,1,10,3,1.4548145344409924,0.824691586089145,1,0.7116014843679481,1.3861204108527823,6
0.25,1,1,11,3,1.5427549702710235,0.8909390703755062,1,0.021963212638652876,1.3800623032446233,6
0.25,1,1,12,3,1.0031346785766395,0.015594039420810366,1,0.04682404378712981,1.3862942799541091,6
0.25,1,1,13,3,1.6012368693361254,0.9575026225711929,1,0.0024162959492617406,1.385349312930539,6
0.25,1,1,14,3,1.2167148450383605,0.5205574252251992,1,0.761832482933718,1.3862439620972298,6
0.25,1,1,15,3,1.7470365233648866,1.0465985634224406,1,0.0006378165298283212,1.3749404976364445,6
0.25,1,1,16,3,1.3437454608114516,0.7431165485812476,1,2.9688082594716423e-07,1.367741821953361,6
0.25,1,1,17,3,1.2316538917671438,0.5386340037219369,1,7.322015830695382e-05,1.3857226315045015,6
0.25,1,1,18,3,1.5555575480050976,0.9184532704999882,0,0.25429747864675833,1.3858933460851293,6
0.25,1,1,19,3,1.0881462471999401,0.27029766156872204,0,0.014645692480068645,1.3861893098099505,6
0.25,1,1,20,3,1.6505319562710035,0.9957896987646793,1,8.00540705714231e-09,1.3780605743897865,6
0.25,1,1,21,3,1.5647822731265064,0.9388565322591889,1,6.42035881816812e-05,1.3780681599037932,6
0.25,1,1,22,3,1.7369207994446372,1.039312494056575,0,0.09729719788475594,1.385686548332517,6
0.25,1,1,23,3,1.4446884279552028,0.8321996303233796,1,0.7408598510954961,1.3844322696175795,6
0.25,1,1,24,3,1.6310016647928667,0.9740575980057578,0,0.24940935109329432,1.3859794521408366,6
0.25,1,1,25,3,1.4124608511218126,0.7852122214251605,1,0.005280609278492831,1.3861487072303693,6
0.25,1,1,26,3,1.546327997026667,0.9118610664440117,1,0.0013882457178504058,1.373031720103777,6
0.25,1,1,27,3,1.6816865114827506,1.0107693056747902,1,0.02358093667685126,1.3728829543893784,6
0.25,1,1,28,3,2.0880255058375963,1.0906033365626295,0,0.0011353236160087416,1.3653910317999358,6
0.25,1,1,29,3,1.410157574569799,0.7885830001159195,1,1.950465829965575e-11,1.3804330147323416,6
0.25,1,1,30,3,1.6385963158227526,0.9818513083728613,1,0.0005116579451927116,1.3839075445217044,6
0.25,1,1,31,3,2.2104999200723157,1.0488647568892717,0,0.392282062041046,1.3442454706453935,6
0.25,1,1,32,3,1.6086552307121265,0.9567842115818428,0,0.13310519776048105,1.3859033082593895,6
0.25,1,1,33,3,1.8786618246360645,1.0847218367006577,0,0.5536132707638165,1.3855269935819665,6
0.25,1,1,34,3,1.5499106122427349,0.8922583227133503,0,0.049966074621628234,1.3786963877189071,6
0.25,1,1,35,3,1.8463364734728045,1.078932701841991,0,0.037298146446865924,1.3858268774511446,6
0.25,1,1,36,3,1.3804545319652783,0.7514902421400893,1,3.4879135053761034e-07,1.3841635718394936,6
0.25,1,1,37,3,1.1658919730987516,0.4099927280303931,0,0.05671757536316807,1.3853775037332032,6
0.25,1,1,38,3,1.5991209172949195,0.9506451392423485,1,0.00039286371460585834,1.384061917270897,6
0.25,1,1,39,3,2.075536432810067,1.0926939591075333,1,0.000321315468127691,1.321778667919426,6
0.25,1,1,40,3,2.116411944424415,1.0882508600642251,1,0.14138216116046845,1.3729566391053758,6
0.25,1,1,41,3,1.630627220729399,0.9789548939119672,1,7.910733670796113e-08,1.3856023725920448,6
0.25,1,1,42,3,1.5229480019396835,0.8735253611237446,1,3.036726681975448e-06,1.3704456433557883,6
0.25,1,1,43,3,1.6003880982003127,0.9535155690016044,0,0.13995316076398984,1.3853318013182392,6
0.25,1,1,44,3,1.491216033348603,0.8686466034527449,1,1.424862046804131e-07,1.377737846270878,6
0.25,1,1,45,3,1.680691912535001,1.006984496758731,0,0.714438679078827,1.3861957145331398,6
0.25,1,1,46,3,1.6284788985626009,0.970385032344532,0,0.7054202652675969,1.3855711327400138,6
0.25,1,1,47,3,1.470015381293391,0.849066049267452,1,2.8362375592503444e-06,1.3857955377801927,6
0.25,1,1,48,3,1.7482515745873537,1.0465402987211325,1,8.246748024758979e-05,1.3705441432956977,6
0.25,1,1,49,3,1.2533799103556629,0.5806270887093037,1,0.7348427531833197,1.3862553111243328,6
0.25,1,1,50,3,1.1035963909063222,0.30685651285151466,1,0.0032211838994238326,1.386150567651848,6
0.25,1,1,51,3,1.76591229310497,1.0333196967216123,1,0.627119699744174,1.3407562536122544,6
0.25,1,1,52,3,1.3653165985909408,0.7430818775439647,1,3.320036431931087e-05,1.3853425175518397,6
0.25,1,1,53,3,2.2677348259343155,1.0402480119637105,1,0.016747741387860303,1.3312354676407816,6
0.25,1,1,54,3,1.5046736098320201,0.8783812120932573,0,0.13547259129860706,1.3861928558864414,6
0.25,1,1,55,3,1.6727276675683027,1.0078008031579924,1,8.13471825297335e-07,1.3835466277205786,6
0.25,1,1,56,3,1.4035756426606418,0.7724142774904088,1,0.07651918712338401,1.3834657595741267,6
0.25,1,1,57,3,1.553149000187244,0.9107462689736388,0,0.4654295204550629,1.3811295532344472,6
0.25,1,1,58,3,1.8069857320549843,1.0670535644639014,1,0.11776457528508304,1.3338137599946542,6
0.25,1,1,59,3,1.82347462349617,1.0689164862663223,0,0.30761905506604026,1.386105371867404,6
0.25,1,2,0,1,2.080141255395306,1.0919955901312668,1,0.0002694774751561868,1.3387561463073354,2
0.25,1,2,1,1,1.6055056646897006,0.9540116691187458,1,0.07388200391990347,1.3851261211710244,2
0.25,1,2,2,1,1.705628067215432,1.017587029211985,0,0.332554065698037,1.3862931557691651,2
0.25,1,2,3,1,2.229911184244982,1.0398229050138816,1,2.688872213286311e-07,1.3820848414674498,2
0.25,1,2,4,1,1.870425181140685,1.0824226025637658,1,0.00027628150350954544,1.3810148476688613,2
0.25,1,2,5,1,1.7275335313135494,1.0312423671291706,0,0.3098296661062172,1.3854164060375085,2
0.25,1,2,6,1,1.742927064147573,1.0419727286945406,0,0.019284472796221832,1.3780689142405038,2
0.25,1,2,7,1,1.927386093802847,1.0946325536219401,0,0.6726878466623347,1.3829898740061497,2
0.25,1,2,8,1,1.3019082486993783,0.6420699779492202,1,0.09781566567468211,1.3861541140986238,2
0.25,1,2,9,1,1.8146632833312948,1.061431496984236,0,0.8780150864418768,1.3854283113049988,2
0.25,1,2,10,1,1.7016853994565364,1.0153183651411208,1,8.911219578332225e-05,1.3803250656316293,2
0.25,1,2,11,1,1.7384504570209545,1.039362552927282,0,0.03185048629987115,1.385997679064914,2
0.25,1,2,12,1,1.3618829373122692,0.7220680954763841,0,0.020489454046184928,1.3858592208642866,2
0.25,1,2,13,1,1.386091342403457,0.7487260442282985,1,0.0005100309841618476,1.3856030741271268,2
0.25,1,2,14,1,2.1453096867866766,1.076210318698102,1,0.001655922015388515,1.368882174416226,2
0.25,1,2,15,1,1.712870584321936,1.0213377834033672,1,0.00027440458806636596,1.3794686084674888,2
0.25,1,2,16,1,1.95035278392198,1.0961855210787177,1,0.0032143650257512,1.3842615510139387,2
0.25,1,2,17,1,1.6765454866595686,1.0063396174268648,0,0.5361562088280912,1.385662236273818,2
0.25,1,2,18,1,1.6048090497264336,0.9452486918536184,0,0.22435589349614407,1.3850772985071549,2
0.25,1,2,19,1,1.5621327355057766,0.9211994798727114,1,0.00023562256132713896,1.3862163519095785,2
0.25,1,2,20,1,1.5314249655006966,0.8956284070266122,1,8.700255673212348e-07,1.3855529848425154,2
0.25,1,2,21,1,1.718534027435788,1.024300077215736,1,9.643115602374885e-05,1.3801153320585444,2
0.25,1,2,22,1,1.7789005388423613,1.050213196835174,0,0.1821646082020769,1.3851432309672207,2
0.25,1,2,23,1,2.348933154475749,0.949993859440226,1,0.004267983442077606,1.367616752437344,2
0.25,1,2,24,1,1.6464670375575343,0.9827581646296403,1,0.2682620402139069,1.3862731667202168,2
0.25,1,2,25,1,2.0726035224103354,1.093198401932371,1,0.0009196250452859372,1.3658379479393399,2
0.25,1,2,26,1,1.8214854758567531,1.0680344736122998,0,0.594708085435775,1.3862865967337996,2
0.25,1,2,27,1,1.5563494114677352,0.919895771458324,0,0.13427701688696825,1.3861779246399064,2
0.25,1,2,28,1,1.6150979499971818,0.9611168804995276,1,0.002935076666714945,1.3860860300022617,2
0.25,1,2,29,1,1.3537023987284913,0.7096372186843326,1,1.420269517966574e-06,1.3845102108162124,2
0.25,1,2,30,1,2.176921076237405,1.0678813763951387,0,0.09996978836378675,1.37724468457785,2
0.25,1,2,31,1,2.034218730846514,1.097647947712951,0,0.5032847363983004,1.3859729251760728,2
0.25,1,2,32,1,1.7099496066309303,1.0197870729572205,1,2.1106810090435306e-08,1.37501461867884,2
0.25,1,2,33,1,1.7095722375058766,1.0195847787796164,1,0.0027071064347073564,1.3797528521600624,2
0.25,1,2,34,1,1.5994182525336575,0.9529986097899514,0,0.7423939646979909,1.3857435364713244,2
0.25,1,2,35,1,1.3111920617520176,0.6543747628168995,1,4.2063280057586605e-05,1.38610252486273,2
0.25,1,2,36,1,1.6295790920103703,0.9711376216741597,1,0.0026588546498379816,1.3860691267248306,2
0.25,1,2,37,1,1.6132186479894552,0.9612427640687426,0,0.05940957563053133,1.386173237053781,2
0.25,1,2,38,1,2.2978275257306326,0.9950742959334582,1,0.08465424329097339,1.3834331734825482,2
0.25,1,2,39,1,1.7461031718737683,1.0378312180134666,1,0.26867383330152655,1.385748642548129,2
0.25,1,2,40,1,1.559148712977709,0.918794783637378,1,0.0005279654843256949,1.3858532939288373,2
0.25,1,2,41,1,1.040639713943005,0.14249890938480178,1,0.0275397979530643,1.3862708195254068,2
0.25,1,2,42,1,1.5771195863756349,0.9330258571878347,1,1.6741524852906576e-06,1.371908657152256,2
0.25,1,2,43,1,1.3175034614223065,0.6628775040158355,1,0.0017020287540529795,1.3853887209711853,2
0.25,1,2,44,1,1.0242907637577225,0.09406223449730067,1,0.015582408850325677,1.3862763147989132,2
0.25,1,2,45,1,1.8809458852430923,1.0849157409714403,1,0.02214033651794,1.380454519423705,2
0.25,1,2,46,1,1.6617501871945874,0.9937662327951735,0,0.13844305671829907,1.3833755170223823,2
0.25,1,2,47,1,1.9856859899188684,1.0984083545802783,1,2.8981051420442163e-05,1.373544806558157,2
0.25,1,2,48,1,1.742553725754599,1.0361563953332076,1,0.041683186568853364,1.3776259792995074,2
0.25,1,2,49,1,1.153081946838133,0.4003130282363879,1,1.1338482400333413e-06,1.3861673868342754,2
0.25,1,2,50,1,1.151835122900089,0.39792387672926033,1,0.0005320287213831819,1.38553373830209,2
0.25,1,2,51,1,1.4625239211446497,0.8315049512735461,1,1.2647130207991995e-07,1.3782408241154553,2
0.25,1,2,52,1,1.355157226090197,0.7115390707375218,1,0.06895681327793587,1.3849017779671788,2
0.25,1,2,53,1,2.033520508278955,1.0975202844260896,1,0.14753797651583006,1.3781560357982152,2
0.25,1,2,54,1,1.6371120278329157,0.9761870833505704,1,0.00049408981430943,1.381872108219387,2
0.25,1,2,55,1,1.8554496155770972,1.076771771753169,0,0.19486270881643902,1.383823311087992,2
0.25,1,2,56,1,1.7093808546991736,1.0194834318492119,1,8.42776991650969e-06,1.379989401048861,2
0.25,1,2,57,1,1.9839645092838971,1.098356490866301,1,0.00033140613437562333,1.3490907214099765,2
0.25,1,2,58,1,1.0339779526092272,0.1238784503303946,1,0.004436575815376693,1.3862896053611475,2
0.25,1,2,59,1,1.546823371196083,0.9086762966184221,1,7.73768945058553e-05,1.3853204193277628,2
0.25,1,3,0,1,1.7437071940984925,1.03681041627439,1,0.04748479397981505,1.3858097092597483,4
0.25,1,3,1,1,1.974147844269692,1.0980716488784656,0,0.00048400636867523855,1.3600794228366184,4
0.25,1,3,2,1,1.6865229007933515,1.007042334818288,1,0.054547196705636486,1.3853072501782269,4
0.25,1,3,3,1,1.6954594553068119,1.011871200086808,1,1.622121096188548e-08,1.3807478133986286,4
0.25,1,3,4,1,1.3554848770725694,0.7092263735370503,0,0.2513030462723066,1.3853463051272956,4
0.25,1,3,5,1,2.0687551312019714,1.0891663821331343,0,0.0031392055417426034,1.3411184444341762,4
0.25,1,3,6,1,1.0874472574635792,0.24837262830741524,0,0.2102365771936964,1.3862697664017056,4
0.25,1,3,7,1,1.0124193799338703,0.05371702883611738,1,0.10455732836934369,1.3862930191414877,4
0.25,1,3,8,1,1.9013337742821994,1.0892404141211678,0,0.5316524611604517,1.3862208682818757,4
0.25,1,3,9,1,1.4023058249789258,0.7597947056308615,1,0.36170429287248107,1.3860710128604354,4
0.25,1,3,10,1,1.1418483519985583,0.3785231492999048,1,0.001465957710069237,1.3861353991435144,4
0.25,1,3,11,1,1.0294118760354554,0.110105240250783,1,0.0005355320682858453,1.3862891901233976,4
0.25,1,3,12,1,1.7616539010104495,1.044985286513623,1,1.2142074516076743e-05,1.383634755861059,4
0.25,1,3,13,1,1.1533735295112066,0.40087027904775063,1,1.2269867872928645e-12,1.3859104281609191,4
0.25,1,3,14,1,1.7006949782994225,1.0113557309483494,0,0.23991293423163185,1.3856757833859157,4
0.25,1,3,15,1,2.2796071233260373,1.0086470360116826,1,0.0015502786724422761,1.3862803606920076,4
0.25,1,3,16,1,1.954033928744824,1.0965462163610176,1,0.01780215021605917,1.367616681549121,4
0.25,1,3,17,1,1.5338794123595012,0.8977389645990019,1,2.431779391507551e-07,1.3837980977947766,4
0.25,1,3,18,1,1.3956060044391236,0.7598313885678334,1,0.051622736989822615,1.384500249835823,4
0.25,1,3,19,1,2.2341296990377524,1.0374820148961872,1,2.8228574118515335e-06,1.3586619138918772,4
0.25,1,3,20,1,1.4553459452144804,0.8241372072342241,1,0.00636373517665789,1.3861648046259454,4
0.25,1,3,21,1,1.2986915022309242,0.6371892251720677,1,0.0064977877157117855,1.3862673222136108,4
0.25,1,3,22,1,2.0441081435611412,1.096636174061393,1,6.74619416770865e-07,1.382790692634588,4
0.25,1,3,23,1,1.632031706741447,0.9729954915568332,1,0.10294985118587606,1.383853997631186,4
0.25,1,3,24,1,1.0438013752898643,0.15219399580680965,1,1.7321993420549807e-05,1.386225480194574,4
0.25,1,3,25,1,1.9097486205941854,1.092415123209915,0,0.3192366407320095,1.376710652844444,4
0.25,1,3,26,1,1.5972104373722618,0.948220243158331,1,8.410046313251993e-06,1.379704730346243,4
0.25,1,3,27,1,1.6730144160105849,1.0069414145555444,0,0.7309470341991067,1.3858876642971385,4
0.25,1,3,28,1,1.3715821423553327,0.7326745873816162,1,0.2033767573560076,1.3819223100677709,4
0.25,1,3,29,1,1.7144493351319572,1.0240346267016536,1,0.6913343498381823,1.385598082026147,4
0.25,1,3,30,1,1.6919310895665234,1.0098990856375427,1,0.01260652309484888,1.3854235399248527,4
0.25,1,3,31,1,1.345752426118225,0.699653257167991,1,2.0267978261597347e-05,1.3852218250403272,4
0.25,1,3,32,1,1.3715432334155055,0.7297959994460133,0,0.26215475750328304,1.3862372677139783,4
0.25,1,3,33,1,2.2344590546853067,1.0372969877482876,1,1.0578787884446066e-05,1.3304606523176479,4
0.25,1,3,34,1,1.8211263435951333,1.0685130277442316,0,0.00497886370313796,1.378165306149626,4
0.25,1,3,35,1,1.0755333274193162,0.22576773514787019,1,0.17503012499936235,1.3862400746122856,4
0.25,1,3,36,1,1.5691632934280175,0.9267996820794211,1,4.985486270023034e-08,1.3843926232172001,4
0.25,1,3,37,1,1.6588470084317881,0.9901907394525256,1,0.0012706249275714033,1.375222886911794,4
0.25,1,3,38,1,1.7902681277776291,1.054374564307467,0,0.8916572682147162,1.384063392610707,4
0.25,1,3,39,1,1.5192094692348967,0.884844374393756,1,0.12351365095816351,1.3843717612255788,4
0.25,1,3,40,1,1.666678765946793,0.995030724615886,1,0.0016680863494363553,1.3861122521827467,4
0.25,1,3,41,1,1.7573973568625432,1.0430904279696611,1,3.0109828540192956e-05,1.3846887714814873,4
0.25,1,3,42,1,2.1033125867435016,1.0877510912754615,1,0.2557368175221666,1.296733066855028,4
0.25,1,3,43,1,1.0319588333915712,0.11913539683406921,1,0.08633280718703645,1.3862815886058688,4
0.25,1,3,44,1,1.724107310704439,1.0272401580680717,1,0.04613885737697047,1.3835723979079244,4
0.25,1,3,45,1,2.522512163785141,0.716866224860947,0,0.044733022192038875,1.3533702799035077,4
0.25,1,3,46,1,1.0721318785961624,0.22617828454524858,1,5.589579132393906e-08,1.3862470935513298,4
0.25,1,3,47,1,1.8584298036712648,1.0818432811026995,0,0.30489883975337484,1.3858992745522936,4
0.25,1,3,48,1,1.4671492425614245,0.8361110900789301,1,8.209115390650662e-10,1.3856680264870813,4
0.25,1,3,49,1,1.7772717976339707,1.0563836045067245,0,0.31846413935159557,1.386233994241781,4
0.25,1,3,50,1,1.4827357195484634,0.8512521877613775,1,0.04016078419994435,1.3837291935839557,4
0.25,1,3,51,1,1.1323672935899463,0.359608600454594,1,0.0004229623966175001,1.386204380623886,4
0.25,1,3,52,1,1.5404062964040808,0.9162325606961603,0,0.004597299687971005,1.3846805123974244,4
0.25,1,3,53,1,1.6524012107818917,0.9861293609903621,1,3.8516821153440163e-07,1.3795358943330522,4
0.25,1,3,54,1,1.2009137671967631,0.4866718781045669,1,0.016905192975428304,1.3858414089767324,4
0.25,1,3,55,1,1.002653834728236,0.014205939113946416,1,2.743140553381326e-05,1.3862938822863144,4
0.25,1,3,56,1,1.4593564441113136,0.8283253182231864,1,0.00026218145825993434,1.3857034470636445,4
0.25,1,3,57,1,1.4682100837471541,0.8482834813549895,0,0.0007905184765958518,1.385880149545974,4
0.25,1,3,58,1,1.5584930986079972,0.9177066526730429,1,0.09760957915330827,1.383407626937912,4
0.25,1,3,59,1,1.3545783609882631,0.707108887229152,0,1.0781798868610084,1.3851448840611602,4
0.25,1,4,0,1,1.2883573246678741,0.6233628752587546,1,0.07695571250840691,1.3848118315456688,4
0.25,1,4,1,1,1.6241905389171947,0.9674483028982658,1,3.594361438394941e-05,1.3838618393771926,4
0.25,1,4,2,1,1.8526196696179373,1.0777509906549696,1,5.1044186396628045e-08,1.2983210224457729,4
0.25,1,4,3,1,1.473995789399134,0.8428488930153197,1,0.001555378559953028,1.3850490034839644,4
0.25,1,4,4,1,1.2434558588871059,0.5606858796188161,0,0.0014250439445364067,1.3858178369410172,4
0.25,1,4,5,1,1.0579986847460912,0.18907292397412395,1,0.6831193631780658,1.386240793986122,4
0.25,1,4,6,1,1.2426654082246618,0.5547399526705734,1,1.5245090376562007e-05,1.3860177623378744,4
0.25,1,4,7,1,1.1835393063795951,0.4564130172247922,1,0.0007001800222322824,1.3858650753452542,4
0.25,1,4,8,1,1.5415068382746804,0.904225338765124,1,0.0005846834373659849,1.3793093284234381,4
0.25,1,4,9,1,1.8233676010556215,1.0688328436141972,1,0.0009319158278420398,1.375203602028841,4
0.25,1,4,10,1,2.0625287316297243,1.0510085976280457,0,0.05837699140552502,1.328632891413112,4
0.25,1,4,11,1,1.756327589814138,1.0426085776142442,1,0.0040053278283760894,1.374761793213771,4
0.25,1,4,12,1,1.7212578362928297,1.0257809260653545,1,0.04629559156139265,1.3847876289765222,4
0.25,1,4,13,1,1.4852039554150953,0.8535835733714197,1,0.08002453611133586,1.3824558173529484,4
0.25,1,4,14,1,1.3910375486084543,0.730240635842721,0,0.6892332978545117,1.3818330161297518,4
0.25,1,4,15,1,1.4644216394815148,0.834760288156063,1,0.766600482748849,1.3862760818133317,4
0.25,1,4,16,1,1.8776896260584537,1.0843901290584554,0,0.5346274682927342,1.3860793834845486,4
0.25,1,4,17,1,1.4661085611240523,0.8351232932438828,1,0.010439256155251774,1.38204891902489,4
0.25,1,4,18,1,1.1374829590223485,0.36988157691864876,1,9.614730359460445e-07,1.38613489806467,4
0.25,1,4,19,1,1.489301644611289,0.8575609885732616,1,2.604639418834436e-05,1.3857900684964206,4
0.25,1,4,20,1,1.2164460990030943,0.5127077314624531,1,6.215645795388586e-05,1.385839643067019,4
0.25,1,4,21,1,1.4836242256032386,0.8521592056684624,1,4.828491411418981e-06,1.3724773426670807,4
0.25,1,4,22,1,2.229606923498526,1.0399896627978074,1,3.787482453977187e-11,1.374434919888412,4
0.25,1,4,23,1,1.0319718102934075,0.11787614409426397,1,0.01146379166025259,1.3862942782069327,4
0.25,1,4,24,1,1.4242584438276071,0.791663690757545,1,5.554944177466367e-06,1.382822748590332,4
0.25,1,4,25,1,1.9363912673234833,1.09464444544692,1,0.005627133104594331,1.3575045940071497,4
0.25,1,4,26,1,1.5746622514981843,0.9311155899908217,1,1.805847151671306e-07,1.381187281521557,4
0.25,1,4,27,1,2.2123811048767412,1.0489837368767034,1,2.062399581544778e-05,1.3490563704092993,4
0.25,1,4,28,1,1.8322316151570106,1.0720355324662392,1,0.12769844281476317,1.3862623301679498,4
0.25,1,4,29,1,1.615842472658026,0.9616420127927094,1,4.92698533502993e-05,1.3854413632132785,4
0.25,1,4,30,1,2.2431408745311785,1.032298502663094,1,0.000573029325352314,1.340418432014964,4
0.25,1,4,31,1,1.6886781258499217,1.014023601697378,0,0.3660170650136264,1.38576057198061,4
0.25,1,4,32,1,1.939121052231893,1.094976279136713,1,0.03464839063625898,1.3838215894376713,4
0.25,1,4,33,1,1.1311621299684596,0.35702359146035745,1,0.1076360166634764,1.3861429188398802,4
0.25,1,4,34,1,1.7979829706796322,1.0579472423004193,0,0.8070683026305638,1.3862609126285579,4
0.25,1,4,35,1,1.666842875624083,0.9981479544771343,0,0.498654560914662,1.3860161529167887,4
0.25,1,4,36,1,1.8847276773505652,1.085755516544896,1,0.0016563639938218476,1.3791197395176262,4
0.25,1,4,37,1,1.2920083022702655,0.6278627688158112,1,0.003164419202725757,1.3860263144774647,4
0.25,1,4,38,1,1.9435324563894043,1.0954789041274697,1,2.179541289295278e-06,1.374132327467454,4
0.25,1,4,39,1,1.555206236887482,0.9425091950545934,0,0.41227134176838515,1.3832531148844511,4
0.25,1,4,40,1,1.5265030122164027,0.8913607595274725,1,8.259389760536534e-06,1.3829302323213226,4
0.25,1,4,41,1,1.5085981930660246,0.8754359179221063,1,1.6247143752536585e-06,1.3799262095450238,4
0.25,1,4,42,1,1.6745601474994507,0.9997567085809277,1,0.04112560947512175,1.3848541113498052,4
0.25,1,4,43,1,1.4281852085756177,0.7958960409584019,1,0.00010741184094682614,1.3857546726063257,4
0.25,1,4,44,1,1.725977401567033,1.0258231070132793,0,0.26029358198139757,1.378943007582162,4
0.25,1,4,45,1,1.7608143119669561,1.044589877675444,1,0.0554547205305715,1.3624400653455826,4
0.25,1,4,46,1,1.0448038448786263,0.15583866787421885,0,0.3915293681455386,1.3862885190958416,4
0.25,1,4,47,1,1.1400844003543475,0.3750434932275337,1,1.6092869548052519e-06,1.3860618193641994,4
0.25,1,4,48,1,1.7282491067540566,1.0281814734824957,1,0.36756380158199004,1.380857297296957,4
0.25,1,4,49,1,1.570239373332077,0.9276486893065372,1,0.00016837184571499354,1.3774126124810584,4
0.25,1,4,50,1,1.9910908487488967,1.0983898556549339,0,0.44467508001565964,1.3840131801777744,4
0.25,1,4,51,1,1.9380854069555176,1.0950477121985531,0,0.02492572343793609,1.331529731142588,4
0.25,1,4,52,1,1.2870330034149169,0.620804426335931,1,0.06992043900021104,1.3861715998125583,4
0.25,1,4,53,1,1.4698958426289028,0.8388253307495446,1,1.8367135464423216e-05,1.3840337748064186,4
0.25,1,4,54,1,1.135703830541712,0.3663306376512139,1,4.999330999928112e-06,1.3862660547330607,4
0.25,1,4,55,1,1.463068108117535,0.8320491902876581,1,3.6373960099719985e-07,1.3858063592395438,4
0.25,1,4,56,1,1.3258829634515963,0.6740031175269424,1,0.00018354543258675834,1.3851797327001663,4
0.25,1,4,57,1,1.393442824426732,0.7572291089333161,1,0.01208759289005833,1.3855049272737854,4
0.25,1,4,58,1,1.3474844292125816,0.7039934700435772,1,0.9389138166990437,1.3861690127163424,4
0.25,1,4,59,1,1.5534380371412146,0.9141400582525034,1,0.0014173149391363252,1.3859724854088666,4
0.25,1,5,0,2,1.6335587559991207,0.9866245794991305,1,0.6334979624386909,1.376421137307349,4
0.25,1,5,1,2,1.1315885337281921,0.3568447187271919,1,0.3413462164512599,1.3861008602673135,4
0.25,1,5,2,2,1.861745843688328,1.0755430022312154,1,0.18982330740379608,1.3799135209570412,4
0.25,1,5,3,2,1.186009251344803,0.47452068105671097,1,0.010373668295359125,1.386196722264208,4
0.25,1,5,4,2,2.200497710657952,1.0530357009014584,1,0.026646673336408154,1.3131298314270698,4
0.25,1,5,5,2,1.5425113737028722,0.9179450179082159,1,1.0250703464464433e-07,1.3770632307259427,4
0.25,1,5,6,2,1.3650367779353276,0.7387455425065581,1,0.001339220467517048,1.384244043542855,4
0.25,1,5,7,2,2.1253234184046845,1.0248686439769186,1,2.900033890984031e-05,1.2980991566884261,4
0.25,1,5,8,2,1.5440286404261867,0.9073495508517493,1,0.03977690204605735,1.3828448822426935,4
0.25,1,5,9,2,1.032375112036075,0.12256707233477238,1,0.4315216870849256,1.386281448052539,4
0.25,1,5,10,2,1.523565610096119,0.8973892749798235,1,5.989961946230301e-05,1.380212599184609,4
0.25,1,5,11,2,1.9890312302253443,1.098522011867266,0,0.4263318235346391,1.3860988887673182,4
0.25,1,5,12,2,1.736677048819102,1.0253256764830772,0,0.2049512566485596,1.385931538361893,4
0.25,1,5,13,2,1.0221181668432202,0.10267583490070888,0,0.07538563121768672,1.3862363547892016,4
0.25,1,5,14,2,1.6068017166963773,0.9658872528457165,0,0.09285280353290634,1.3741810665079859,4
0.25,1,5,15,2,1.4649174560711673,0.8338071414954723,0,0.13512759075054884,1.3753192748160847,4
0.25,1,5,16,2,1.30895919030301,0.6577831772280627,1,6.85875986665344e-07,1.381070458658013,4
0.25,1,5,17,2,2.0694847123490376,1.0915424609796718,1,0.606852402908984,1.3829420090376812,4
0.25,1,5,18,2,1.7158409529084335,1.0268936736863121,0,0.3194876176547503,1.386172896142643,4
0.25,1,5,19,2,1.5137412263551027,0.8715992551642381,1,0.0335068947110281,1.3855363899607873,4
0.25,1,5,20,2,1.5654452719856364,0.9314405139401936,1,0.0001603164971057189,1.3815848464178502,4
0.25,1,5,21,2,2.0408614434075147,1.0833253104639535,0,0.005137709388031025,1.3822217578634048,4
0.25,1,5,22,2,1.4145676271810472,0.7858575877878287,0,0.6572109366814516,1.385624529553127,4
0.25,1,5,23,2,1.7118042123992239,1.025566206509534,0,0.664005502029676,1.3840920658832885,4
0.25,1,5,24,2,2.086199539763339,1.0925613990117784,1,0.8359002786339298,1.3761283463504306,4
0.25,1,5,25,2,1.1314338654243734,0.3327138460936034,1,1.312565550873724e-08,1.3859721068489672,4
0.25,1,5,26,2,1.7343858445051992,1.03475215975435,0,0.34889984877818697,1.3862472253304028,4
0.25,1,5,27,2,1.7682040920211166,1.0486358166610246,1,0.25495445057492444,1.3860800519298873,4
0.25,1,5,28,2,2.108183978405677,1.060219389895612,1,0.004176211293406157,1.38077328698489,4
0.25,1,5,29,2,1.8936193953687195,1.0876635534590575,0,0.6829430456786063,1.3862833405898511,4
0.25,1,5,30,2,1.2863309314724571,0.6231671770668523,1,0.08044241930797351,1.3855554347141787,4
0.25,1,5,31,2,1.4016701806441056,0.7782383877321266,1,2.5672769219294755e-09,1.3793821797584709,4
0.25,1,5,32,2,2.0806177128046213,1.0935227265592091,0,6.246417395162818e-05,1.3734492699112255,4
0.25,1,5,33,2,2.0419592185228126,1.0935056259335243,1,0.4517176532183927,1.352624866119437,4
0.25,1,5,34,2,2.2159299316676075,1.039436562981047,0,0.4329283720052383,1.365924914863038,4
0.25,1,5,35,2,1.7460866167896985,1.0113308739024245,1,0.5302656649391262,1.3791065140253942,4
0.25,1,5,36,2,1.8642463140050203,1.0806212309318544,0,0.8509709779131671,1.3860518846876508,4
0.25,1,5,37,2,2.1137916619477974,1.0876896582507096,1,0.5286162078013898,1.3834893054125472,4
0.25,1,5,38,2,1.9820853239287328,1.0978550085311864,1,0.000356186793932586,1.3699777611871755,4
0.25,1,5,39,2,1.3436095130086945,0.709785771860014,1,3.4520370055114186e-07,1.3810766954618796,4
0.25,1,5,40,2,2.111639948257977,1.087030472320013,1,0.0023520992518814097,1.3849605744147464,4
0.25,1,5,41,2,1.3093761452049233,0.6720679156241952,1,5.173363637132859e-07,1.383789676561549,4
0.25,1,5,42,2,1.7319722760304912,1.029544200033595,1,0.20601550965531243,1.3845491598067163,4
0.25,1,5,43,2,1.793957201340241,1.0590587435736225,0,0.5204192908275489,1.3861344436541974,4
0.25,1,5,44,2,1.866317841122897,1.0776867067794518,1,3.3387912098583195e-05,1.352386913960545,4
0.25,1,5,45,2,1.0087100390770598,0.032675580352352476,1,1.7517342594492717e-05,1.3862909596731376,4
0.25,1,5,46,2,1.9327263157172583,1.0943012325876937,1,0.9538250597748582,1.3819944002232836,4
0.25,1,5,47,2,1.5445281932225754,0.9211403029895535,1,3.493384766469316e-07,1.3735613575768129,4
0.25,1,5,48,2,1.7932044886854046,1.0585378943576096,1,1.442007902690544e-05,1.3667930328407378,4
0.25,1,5,49,2,1.9375396170577548,1.0951143374522907,1,1.1162258096925184,1.3861728577253762,4
0.25,1,5,50,2,1.92482859431247,1.092577406680942,1,0.8281748525929519,1.385618962135252,4
0.25,1,5,51,2,2.0791957040301177,1.0938846313673043,0,0.06334871226273886,1.3725968530154882,4
0.25,1,5,52,2,1.0291664660398798,0.10895143046305636,0,0.373057299503535,1.3862912083436931,4
0.25,1,5,53,2,1.767768899624059,1.0497489370705018,0,0.39451905936966736,1.3808887178686695,4
0.25,1,5,54,2,1.1704075912366094,0.43703597456440074,1,1.447802139587701e-05,1.3853434956964248,4
0.25,1,5,55,2,1.009070868062932,0.041179543474635205,1,0.9637323963199116,1.3862934610417603,4
0.25,1,5,56,2,2.0284135631493605,1.0978501745508955,0,0.5284775010039118,1.3862796943296725,4
0.25,1,5,57,2,1.0076873854218547,0.037905039721080266,1,7.106921803160682e-12,1.3862929369903219,4
0.25,1,5,58,2,1.637836747679059,0.9868425329762391,1,0.007523838748937031,1.3750234225945104,4
0.25,1,5,59,2,1.9240584354386054,1.090438835045798,1,0.0008185850076218305,1.3398846603012884,4
0.25,1,6,0,0,1.5612460074735952,0.9276125206975991,1,0.059825529964596905,1.3858617356814635,4
0.25,1,6,1,0,2.025867333072026,1.0981103077001686,1,8.282742759646502e-05,1.3472900255756917,4
0.25,1,6,2,0,2.427244217421172,0.8664563483413465,0,0.12751773688499396,1.358468244481569,4
0.25,1,6,3,0,1.5195258440109147,0.8256646487258867,1,0.01469808381500982,1.3854539373527772,4
0.25,1,6,4,0,2.22853851157312,1.0376194254961983,1,0.09662217628360223,1.3844874875877315,4
0.25,1,6,5,0,1.3798033930276856,0.7347903846008066,1,0.010972163927338291,1.3833616478972364,4
0.25,1,6,6,0,1.537943439061186,0.8950031348171982,1,0.5317387213862005,1.3854468101287365,4
0.25,1,6,7,0,1.3245913428439455,0.696748033534489,1,0.338801822913656,1.3854401172716058,4
0.25,1,6,8,0,1.9065357144714623,1.084962539217864,0,0.02136751477064384,1.381250281886817,4
0.25,1,6,9,0,1.7516485133717636,1.0390067957849598,1,6.182640032238285e-07,1.3799719778595925,4
0.25,1,6,10,0,2.0660005081031287,1.0951980777927721,1,1.1274905393473858e-05,1.385261402645704,4
0.25,1,6,11,0,2.0359331942265344,0.8964273032356,1,0.00021982310129919425,1.2838476226187596,4
0.25,1,6,12,0,1.851007763605761,1.078222600158236,0,0.33698525243979954,1.3857415115994882,4
0.25,1,6,13,0,1.83365187143741,1.0579037153103799,1,3.141521418335867e-10,1.2986884965105476,4
0.25,1,6,14,0,1.5615237532035386,0.9204245571072599,0,1.0779849822215892,1.3850013011643474,4
0.25,1,6,15,0,1.1718410879649555,0.4324954055770133,1,0.06905890942324511,1.3861874395991458,4
0.25,1,6,16,0,1.7302223453633825,1.030225506634876,0,0.028079579932398773,1.3862408223857603,4
0.25,1,6,17,0,1.8875456839575078,1.0883200186628872,1,1.1311165581267946,1.386075250127985,4
0.25,1,6,18,0,1.6732628685147237,0.9784608637946932,0,0.06464133791888418,1.3817443508427971,4
0.25,1,6,19,0,1.45086577383151,0.8329060486937663,0,0.00015981270336199244,1.3781601022770456,4
0.25,1,6,20,0,1.6236221452722004,0.9622235028580128,1,2.419946083579978e-07,1.3854932393915529,4
0.25,1,6,21,0,1.4751391372475366,0.8389619254780434,0,0.23743012466250285,1.3840114534616652,4
0.25,1,6,22,0,2.115446439267613,1.0855000670295656,1,0.00014773632426277737,1.356336079992752,4
0.25,1,6,23,0,2.2503492792028243,1.0284521218876708,1,0.00010473463564627141,1.2825564863171228,4
0.25,1,6,24,0,1.689946512565653,0.9852770646774687,1,5.173607815898366e-05,1.3741224585284164,4
0.25,1,6,25,0,1.5463991054646633,0.896159028955092,1,0.00034107199314672195,1.3791651933774804,4
0.25,1,6,26,0,1.3340942679331411,0.6732810337597707,1,0.0004416912944557028,1.3819683021068419,4
0.25,1,6,27,0,2.1610036974824447,1.0689117407281157,0,0.08284410118008037,1.3849630582436552,4
0.25,1,6,28,0,1.2059258396449606,0.5415485301249512,1,0.00025041713966270844,1.3819834064359635,4
0.25,1,6,29,0,1.2399489405650954,0.5776083799762805,1,0.5288238589635609,1.3825426617625354,4
0.25,1,6,30,0,1.3177803277756297,0.6949286803619101,1,0.684593482757621,1.3854917064349421,4
0.25,1,6,31,0,1.7758601794427573,1.0530511207832935,1,7.150943002190305e-05,1.3774445160822983,4
0.25,1,6,32,0,1.3289918067426858,0.7018039718207653,1,1.3815654591273936e-08,1.3837918528382536,4
0.25,1,6,33,0,1.8629971416873754,1.0769318449297458,1,0.00066746708909221,1.352940311667087,4
0.25,1,6,34,0,1.8430184625021815,0.9044003325761041,1,0.0003053690213549839,1.3603735945154252,4
0.25,1,6,35,0,2.391222867410091,0.9145601755640806,1,3.65389908459353e-06,1.3670281365078778,4
0.25,1,6,36,0,2.420455860003668,0.921211518561962,1,0.010637507890502867,1.3852176461985586,4
0.25,1,6,37,0,1.9940181230321377,1.0977356192929069,1,0.0015025145718092624,1.3807081655185813,4
0.25,1,6,38,0,1.332087174060567,0.722015938104141,1,0.0156930502623829,1.3801852585794971,4
0.25,1,6,39,0,1.522377314908835,0.9180954230503433,1,2.8058252865283463e-08,1.384194190133606,4
0.25,1,6,40,0,1.947066724855362,1.0943704555045963,1,0.11521888523278986,1.3858038223048106,4
0.25,1,6,41,0,1.2604738305407344,0.5716822856407059,1,0.0006527294518277265,1.386223354871616,4
0.25,1,6,42,0,1.24491676746869,0.6080054224408926,1,0.00035658397254028214,1.3858534689175412,4
0.25,1,6,43,0,1.2541627848278432,0.6030647556695609,1,1.2614049670108986e-11,1.3816896445808402,4
0.25,1,6,44,0,1.452123818966439,0.8579578840138817,1,0.011325456223118853,1.3674249747021356,4
0.25,1,6,45,0,1.6689976795523094,0.9961897336431985,1,4.6796741968233175e-05,1.3713132628203304,4
0.25,1,6,46,0,1.432540733332942,0.7938216371480002,1,0.012868279657300722,1.3861969877202596,4
0.25,1,6,47,0,1.2171668612392657,0.50327146997215,1,0.004593836603853387,1.3846281589586602,4
0.25,1,6,48,0,1.514932260762102,0.8795831798535598,1,0.6590612016905272,1.3775156930022754,4
0.25,1,6,49,0,2.2623858444029756,1.0417998538082223,0,0.05992288673481766,1.3543835156948671,4
0.25,1,6,50,0,1.9309248095386793,1.079049151353673,0,0.6678987549432999,1.3857628476315376,4
0.25,1,6,51,0,1.4898374804346246,0.8539097420184596,1,0.0001306368807573559,1.3832967191048668,4
0.25,1,6,52,0,1.9600921847235204,1.0928586221965553,0,0.6742794595564312,1.3624037475349569,4
0.25,1,6,53,0,1.8572346793742454,1.0808625748371798,1,0.0006628996441542388,1.3720973060544965,4
0.25,1,6,54,0,2.081452513632362,1.087358539654037,1,0.0005494543810676543,1.3251388642604427,4
0.25,1,6,55,0,1.2890524612496579,0.623339566290525,1,0.0002942964155679672,1.3861458943185103,4
0.25,1,6,56,0,1.897703706649627,1.0901772946775221,1,0.01713934000455891,1.3851285073017647,4
0.25,1,6,57,0,1.8686220540433958,1.0841348632113628,0,0.6804093426138241,1.3757295295493635,4
0.25,1,6,58,0,2.1242252854375323,1.0813217311872894,1,0.0006236043114817168,1.3700992354274997,4
0.25,1,6,59,0,1.5512463903934366,0.9199408182917392,1,9.465314575853602e-05,1.3860067836831271,4
0.25,1,7,0,1,1.0563793862402646,0.18624949533136206,1,0.0024902506918919013,1.3862806949823756,3
0.25,1,7,1,1,1.8131204716980844,1.0639411092930344,0,0.23954027552725315,1.3849741548554328,3
0.25,1,7,2,1,1.7474180773405772,1.037484213838483,0,0.1900513235492563,1.3846541792789293,3
0.25,1,7,3,1,1.4903899861278203,0.8585890385689723,1,4.8822891925171395e-06,1.3846220890217011,3
0.25,1,7,4,1,1.5439459281694763,0.8929917069012956,0,0.6743464434057176,1.3858973962499914,3
0.25,1,7,5,1,2.0530381979544607,1.0957453226741996,1,1.5073773943911662e-05,1.3694515473153266,3
0.25,1,7,6,1,1.1091200333535334,0.31111072653542177,1,3.7977235257905907e-06,1.3862106492053918,3
0.25,1,7,7,1,1.8410681869926482,1.073406744858541,0,0.5608015637264595,1.3813044930254876,3
0.25,1,7,8,1,1.702106352699968,1.0155488837432778,1,3.02535036257054e-08,1.3799754324388886,3
0.25,1,7,9,1,1.8391682392249176,1.0738335212258976,1,0.08655796858561736,1.3836358095122903,3
0.25,1,7,10,1,1.6476445029266664,0.9830760744964695,1,0.009968030294101312,1.3847703345539402,3
0.25,1,7,11,1,1.350573407519175,0.7055227780915647,1,0.29427238002309875,1.385405989642962,3
0.25,1,7,12,1,1.7304015963710495,1.0392223360336896,0,0.3459922159111095,1.3819371437485706,3
0.25,1,7,13,1,1.8929603346610753,1.0874598892054297,1,0.9120374901412929,1.3862620536361747,3
0.25,1,7,14,1,1.2682343757027437,0.5935500314434249,1,0.00021304103813365142,1.3843795339824818,3
0.25,1,7,15,1,1.8636716046976607,1.0808029316467265,0,0.6626469555994312,1.3862674477012944,3
0.25,1,7,16,1,1.5358626832604054,0.8950851781630231,1,0.6699375136320703,1.3856215011674848,3
0.25,1,7,17,1,1.5834542502944542,0.9379003216324882,1,0.000814423376967388,1.3838531117812267,3
0.25,1,7,18,1,1.5425642695075243,0.9051133795566771,1,1.247769439463955e-06,1.3745618570379308,3
0.25,1,7,19,1,1.1415531671864039,0.37793019750080453,1,0.01702151587580296,1.3859720747115105,3
0.25,1,7,20,1,1.7149257252006522,1.0258731779926031,1,0.4271563873963824,1.3803535061327195,3
0.25,1,7,21,1,1.2348093772013506,0.5423488679292717,1,0.036157362699200335,1.3859019569503048,3
0.25,1,7,22,1,1.3054842514805054,0.6433878839953041,1,0.2647683781119602,1.3836171052476638,3
0.25,1,7,23,1,1.2318385474086189,0.537668519594502,1,1.7808411326090148e-05,1.3861128222785977,3
0.25,1,7,24,1,1.4063964942952774,0.7719776863921844,1,3.1803715205582846e-06,1.3859004297293955,3
0.25,1,7,25,1,1.4829034365180704,0.8512877853260434,0,0.006789225264795609,1.379418264700223,3
0.25,1,7,26,1,1.511104662225689,0.8777176592831724,1,0.006507765851087146,1.37709984835544,3
0.25,1,7,27,1,1.2203991741136881,0.519197579293137,1,0.00010201521505670933,1.385783377914945,3
0.25,1,7,28,1,1.017268006520376,0.07296117148484382,1,0.01636013370747838,1.3862937160331237,3
0.25,1,7,29,1,2.2334587576277802,1.0377316779328725,1,0.21364285910214734,1.3774559070033379,3
0.25,1,7,30,1,2.186918698882001,1.0607298765288418,1,7.103471713496617e-10,1.295522837788106,3
0.25,1,7,31,1,1.345013858801812,0.6987177779180568,1,1.337867377779726e-05,1.383056475728553,3
0.25,1,7,32,1,1.1841386657509003,0.4608845404947124,0,0.40126131236621776,1.3860550616528624,3
0.25,1,7,33,1,1.0043651410195356,0.02120908050866938,0,0.05051299650547205,1.3862943570119795,3
0.25,1,7,34,1,1.8543342132594443,1.0766168231027313,0,0.018673286857757276,1.3846766852376629,3
0.25,1,7,35,1,1.6002990302547273,0.9533707993334115,0,0.003408471727026368,1.3764077100753254,3
0.25,1,7,36,1,1.4478642088980909,0.8166682159725005,1,0.024007391761883635,1.3861607462732919,3
0.25,1,7,37,1,1.1368421534196576,0.41465596755926204,0,0.016131945084946007,1.3843873171078418,3
0.25,1,7,38,1,1.3376252979441274,0.6892831551397166,1,1.1950121815000826e-06,1.3850584898682408,3
0.25,1,7,39,1,1.56488003657675,0.9233995643097213,1,0.01095218172426364,1.3851137753458385,3
0.25,1,7,40,1,1.0257561398671273,0.09929973759160396,1,0.03342154800417991,1.386287155236257,3
0.25,1,7,41,1,1.2586089832886846,0.579184808703463,1,8.460888881697487e-05,1.3856952232144406,3
0.25,1,7,42,1,1.1578455863862622,0.41262115628313445,1,0.6204873863491067,1.386252852244524,3
0.25,1,7,43,1,1.8519206589845192,1.077641006290282,1,0.09896375777729911,1.3820278073666756,3
0.25,1,7,44,1,1.8726884464866274,1.0829392997887557,0,0.7724535079442525,1.3862780715090375,3
0.25,1,7,45,1,1.403806686653505,0.7690642777359482,1,3.1469998158729214e-05,1.3834608423121497,3
0.25,1,7,46,1,1.2765918683563728,0.605804767064628,1,7.614958548024373e-09,1.3862873944181229,3
0.25,1,7,47,1,1.6169721720719852,0.9624351969017078,1,1.3508024517562825e-05,1.3786735593386437,3
0.25,1,7,48,1,1.8397084327868223,1.0739912876284796,1,0.015697170135431135,1.3676683787969184,3
0.25,1,7,49,1,1.0585313038622126,0.1918701753778274,1,0.0011471569122590097,1.3862877034925383,3
0.25,1,7,50,1,1.7069559297808927,1.0166815861136582,1,0.8336476457755668,1.3861551487357735,3
0.25,1,7,51,1,1.0069603564833314,0.03277777181701673,1,4.676147834338896e-11,1.38629371290194,3
0.25,1,7,52,1,1.0339343320710435,0.11130441903771969,0,0.2643867795722557,1.3862631442952011,3
0.25,1,7,53,1,1.8606832658062848,1.0799378424478818,1,7.428417770248813e-06,1.376440339091269,3
0.25,1,7,54,1,1.445614116424467,0.8146623754716876,1,0.17897599286789695,1.3862414155371896,3
0.25,1,7,55,1,1.8804567675245527,1.0851712222998386,0,0.42964700213480883,1.3854350411204888,3
0.25,1,7,56,1,1.895269186417135,1.0879733922068768,1,0.0024554736791439456,1.3799208647123682,3
0.25,1,7,57,1,2.0699390265304936,1.0935130223368965,1,0.4989631040071826,1.380639062770814,3
0.25,1,7,58,1,1.7383476659999042,1.0420091854523372,1,0.5571628290435684,1.370735560261359,3
0.25,1,7,59,1,1.838436085734692,1.0730540085146312,1,0.7995858076567102,1.3862694143779815,3
0.25,1,8,0,1,1.8279374675465192,1.0703243958971107,1,0.001644585940247226,1.3728395008002399,5
0.25,1,8,1,1,2.3288872899206354,0.969027797672862,1,2.4541851675110334e-06,1.329673784053844,5
0.25,1,8,2,1,1.7167720158623363,1.0233691771939089,1,0.07030166955447492,1.367608753117647,5
0.25,1,8,3,1,1.2717977932128885,0.5988056739289905,1,0.001350364480950271,1.386177609067732,5
0.25,1,8,4,1,1.8511390871392908,1.0773366457145461,1,1.4332610742193553e-12,1.3378723858801114,5
0.25,1,8,5,1,1.6468470157530035,0.9853625499930321,0,0.5558863609972347,1.3835538610488873,5
0.25,1,8,6,1,1.6620243025257095,0.9941687212998784,0,0.06316111674068367,1.386158685659907,5
0.25,1,8,7,1,1.2903633918892488,0.625345657464569,1,0.35653063807856405,1.3860811657166217,5
0.25,1,8,8,1,1.916639670169119,1.0918432220257417,1,0.021204006818612092,1.3838502886129198,5
0.25,1,8,9,1,2.31777820880609,0.978808643978369,1,5.2874524823091424e-06,1.271248588595298,5
0.25,1,8,10,1,1.8644790092480967,1.0809263902627975,1,0.00027084312839262145,1.381070341810215,5
0.25,1,8,11,1,1.6670285359341674,0.9919225433690856,0,0.5941093697899353,1.3860862900914483,5
0.25,1,8,12,1,1.8574660064432136,1.079079462698377,1,1.0499019511293794e-05,1.3852352938792283,5
0.25,1,8,13,1,1.5409550621930828,0.903751247102565,1,0.0035264373206640434,1.3813181400995649,5
0.25,1,8,14,1,1.4964627099880308,0.8642849371064351,1,0.0010830287086258884,1.3850193000609767,5
0.25,1,8,15,1,1.3068492343531533,0.648476368459734,1,0.009592095528571895,1.386071739066399,5
0.25,1,8,16,1,2.117932188204146,1.0840507798776362,1,0.01489125767160806,1.3743003169837882,5
0.25,1,8,17,1,1.5094971282817058,0.877273180568947,1,0.2642179966608758,1.3848679349090796,5
0.25,1,8,18,1,1.2126976972462475,0.5065033736694471,1,0.0009160396476934794,1.3851674327284935,5
0.25,1,8,19,1,1.7516186579359632,1.0168371172428246,0,0.6297883758572353,1.3806936444209164,5
0.25,1,8,20,1,2.4054035186293814,0.9377798078608308,0,0.04412666418160567,1.3535406791642155,5
0.25,1,8,21,1,1.931315206705837,1.0940443678798866,0,0.3036605030721936,1.3843796961519985,5
0.25,1,8,22,1,1.7912329586994917,1.0573033652111479,1,0.05107209960195087,1.3858825035377504,5
0.25,1,8,23,1,1.579754959144873,0.9317714513399,0,1.0434390449301005,1.3861893333860618,5
0.25,1,8,24,1,1.724948860415115,1.0275872494832736,1,0.0033252069171582164,1.3821935476926261,5
0.25,1,8,25,1,1.2185401405235137,0.5161525785065741,1,3.928498137279874e-06,1.3857324713149517,5
0.25,1,8,26,1,1.648776291552375,0.9803766417452678,0,0.0011591978615864472,1.3851784885655534,5
0.25,1,8,27,1,1.0663292776389932,0.2117800945653544,1,8.373428524963509e-05,1.3861813361065853,5
0.25,1,8,28,1,2.069931802871241,1.0935949563293295,1,0.0005909622729252958,1.3590380575556216,5
0.25,1,8,29,1,1.6824107882801216,1.0044235035968025,1,0.025475873182934136,1.3846528359131152,5
0.25,1,8,30,1,1.168109193141513,0.42851013495330426,1,4.264142099910146e-07,1.3859515773395876,5
0.25,1,8,31,1,1.7648293028541224,1.025624312533923,0,0.6394380992299267,1.3543719848182745,5
0.25,1,8,32,1,2.0237613901299816,1.0980430500990015,1,2.6246501535267566e-05,1.3706723033992703,5
0.25,1,8,33,1,1.3557672344695058,0.7122047302449444,1,1.6322019073616947e-07,1.3803437340264553,5
0.25,1,8,34,1,1.7236852297037089,1.0269451723901684,1,0.001738741734393661,1.3858114485669004,5
0.25,1,8,35,1,2.142365977295127,1.077140115676705,1,2.5190702769883138e-05,1.3831762443717328,5
0.25,1,8,36,1,1.525911486899396,0.8908905105411674,1,0.04358704380683804,1.385981141102746,5
0.25,1,8,37,1,1.848539872869846,1.0766048893506015,1,0.01512783416696475,1.3700143932413433,5
0.25,1,8,38,1,1.6888313633737106,1.0081267575126702,1,0.004351240327811243,1.380415229109801,5
0.25,1,8,39,1,1.8485556792460693,1.0767195585880047,1,0.6130318756682432,1.3832481908566217,5
0.25,1,8,40,1,1.6619731478325273,0.992866625532761,0,1.1124008836243795,1.386196703087045,5
0.25,1,8,41,1,1.5110370622049802,0.8776427785933951,1,0.048896915232483955,1.3758276302250179,5
0.25,1,8,42,1,1.604652529402131,0.9482859868817014,0,0.6911650180278371,1.3833595794672253,5
0.25,1,8,43,1,1.4784754397576587,0.8472359940325328,1,0.010866775262039078,1.3856375707311464,5
0.25,1,8,44,1,1.3360141864990398,0.6970819368965224,0,0.7231369639168127,1.3821373804266956,5
0.25,1,8,45,1,1.21244310019243,0.528007463101677,0,0.008438472296186455,1.3854935559938046,5
0.25,1,8,46,1,2.1944604715603573,1.0568017355595734,1,0.5806485379705981,1.3523689032464412,5
0.25,1,8,47,1,1.4871395793473123,0.855511565640156,1,5.681628718590987e-06,1.3825386439117697,5
0.25,1,8,48,1,1.6828127518504707,0.9985452617815275,0,0.766953823003511,1.38549659049127,5
0.25,1,8,49,1,1.8532983294309349,1.0779395876296927,1,3.870173711296346e-06,1.3855082911479522,5
0.25,1,8,50,1,1.0639740954216723,0.20583511711837055,1,0.0007310562447213683,1.3861468320058803,5
0.25,1,8,51,1,1.4430186019415812,0.8115868050222688,1,0.00010524388507701147,1.3827905111375407,5
0.25,1,8,52,1,1.1621315288308904,0.41742943704062613,1,0.009195211487960932,1.3860319409359585,5
0.25,1,8,53,1,1.904632029362626,1.089703565068059,1,0.04143123817209355,1.3798713084553862,5
0.25,1,8,54,1,2.255754650306756,1.0246152562379012,1,3.4917811548976197e-06,1.3632775482434831,5
0.25,1,8,55,1,1.9478672339690486,1.0959381781221689,1,1.2319123836768363e-07,1.3568782020773429,5
0.25,1,8,56,1,1.7320460043775676,1.0213155527241007,0,0.3790726263332218,1.3854817369292964,5
0.25,1,8,57,1,1.973536262822773,1.097917898076272,1,1.276358325890504e-09,1.3739024513599318,5
0.25,1,8,58,1,1.4375972059690696,0.8182514103401417,0,1.1346324523442262,1.3859199575770256,5
0.25,1,8,59,1,1.5301682568488606,0.8821097465837439,0,0.8413967814214407,1.3860694918079142,5
0.25,1,9,0,1,1.0018291901321168,0.010245774965805643,1,2.981939260606733e-07,1.3862943542519433,8
0.25,1,9,1,1,1.4346073309784146,0.8027484835098176,1,0.00040976793243146115,1.382853257963045,8
0.25,1,9,2,1,1.993668934429277,1.0985680307680217,0,1.3193778971466168,1.3861811044140908,8
0.25,1,9,3,1,1.5881320748358696,0.9440932185552158,0,0.6692127486341919,1.3787716198526845,8
0.25,1,9,4,1,1.386264849418548,0.7489284686936536,1,5.743326224471864e-07,1.382850637387149,8
0.25,1,9,5,1,1.881382979629819,1.0850444044405656,1,0.21569770814166642,1.3850268611730079,8
0.25,1,9,6,1,1.9054581902576235,1.0899241580667076,1,0.017284963972867187,1.3573221703434257,8
0.25,1,9,7,1,1.639377218604074,0.9755424779920607,1,0.4732587364764448,1.3861885795840831,8
0.25,1,9,8,1,1.2477933750028694,0.5597795720085035,1,0.5871918122904366,1.3845675340188888,8
0.25,1,9,9,1,1.838980646474335,1.0737841292582528,1,4.429703002766216e-09,1.3726654344887463,8
0.25,1,9,10,1,1.9033893857888236,1.0834575884889424,0,0.09275054029282305,1.3858261713605295,8
0.25,1,9,11,1,1.321018649101724,0.6675647805918677,1,0.0008612209465643474,1.3860729750234968,8
0.25,1,9,12,1,1.509595323029813,0.8877123087265125,0,0.2657165191183277,1.3786683142736842,8
0.25,1,9,13,1,1.257820654659647,0.5779938456980801,1,3.0497248637406624e-06,1.3852479604475578,8
0.25,1,9,14,1,1.543222673808703,0.9056665060097211,1,7.168913625584172e-06,1.3775933050792322,8
0.25,1,9,15,1,1.65494028835622,0.9890322596912583,0,0.7109922565042847,1.3836719740243524,8
0.25,1,9,16,1,1.8110878000345867,1.0643312318902418,1,0.49263982722603694,1.3860276028405014,8
0.25,1,9,17,1,1.5302954340619108,0.8946532009708943,1,6.224980792895376e-11,1.3849558219077018,8
0.25,1,9,18,1,1.6803522298456213,1.0044507411559185,0,0.010203073944521314,1.3860439967448754,8
0.25,1,9,19,1,2.2277877258076586,1.0409769481669042,1,0.004786702343081716,1.3829869096274678,8
0.25,1,9,20,1,1.326366754351977,0.6746704432238237,1,0.004885324519688042,1.3857763205747835,8
0.25,1,9,21,1,1.6159135839082848,0.9770769316947852,0,0.038303497230572706,1.3830750766002495,8
0.25,1,9,22,1,1.0090414868441975,0.04100112463348525,1,0.026337192889521542,1.3862935995858723,8
0.25,1,9,23,1,2.131708265796582,1.0794365974833262,0,0.7811347178857979,1.3857739931313573,8
0.25,1,9,24,1,1.3336111371520707,0.6840991947930863,1,2.0877799912996396e-07,1.3848265175736387,8
0.25,1,9,25,1,1.5076081605849694,0.8745564746773645,1,0.007129321775966828,1.3855977972832765,8
0.25,1,9,26,1,1.0012631379917492,0.007387123580524268,1,3.0101924098910737e-09,1.3862943473790807,8
0.25,1,9,27,1,1.8325304429297313,1.0729130277042873,1,0.6847646739705852,1.3814067186591885,8
0.25,1,9,28,1,1.9527512765838144,1.0953954059192017,0,0.4369026927882655,1.3859882672874257,8
0.25,1,9,29,1,1.4338841021799822,0.8020844337622186,1,0.5041495734089388,1.3861754577609195,8
0.25,1,9,30,1,1.3287500797542595,0.6777660756921668,1,9.588547938930443e-08,1.3858003783237274,8
0.25,1,9,31,1,1.5462106509498337,0.908150028324161,1,0.005393156566022315,1.38623231771003,8
0.25,1,9,32,1,1.916081814663725,1.0917440726643992,1,2.8583330691257346e-06,1.3823166470260095,8
0.25,1,9,33,1,1.5697825725803152,0.9481793877744376,0,0.0005407320326663579,1.3849425391939834,8
0.25,1,9,34,1,2.4728852536026875,0.7710731950250056,1,1.4203261477856157e-07,1.2994500946278822,8
0.25,1,9,35,1,1.9095712372510252,1.0900358851272742,0,0.23669639979175364,1.3859384840908608,8
0.25,1,9,36,1,2.053247865889644,1.0957223761987944,1,1.917798406070013e-06,1.3827327864351,8
0.25,1,9,37,1,1.7096612464415433,1.0174627668075793,1,0.6844055812381076,1.3848231684561576,8
0.25,1,9,38,1,1.4545863663149885,0.8257968031337674,1,0.9188481430770864,1.3862059764633814,8
0.25,1,9,39,1,1.0036903026547832,0.01894214634769622,1,5.579860150646777e-13,1.3862940061873752,8
0.25,1,9,40,1,1.8961887922986702,1.088155643166629,1,0.0004643679532996176,1.3801008393981327,8
0.25,1,9,41,1,1.5182216005302038,0.8840734983125605,1,2.3644968552626498e-06,1.377590566249604,8
0.25,1,9,42,1,2.286455030632265,1.0036989789879163,1,4.719251242287087e-05,1.3430146904157236,8
0.25,1,9,43,1,1.560567621299793,0.9198711327814499,1,0.05867612924373892,1.3857186129990735,8
0.25,1,9,44,1,1.0413821608853375,0.14537721458659145,1,0.0041537541364245565,1.3862881069373927,8
0.25,1,9,45,1,1.0210991417852857,0.08347491855448938,1,0.013640133942587195,1.3862876201597711,8
0.25,1,9,46,1,1.8664672056050364,1.0814318516665955,1,0.0013129881028355755,1.3857779697911328,8
0.25,1,9,47,1,1.597683024890913,0.9485753792898168,1,0.002261109585588697,1.3844939644247736,8
0.25,1,9,48,1,1.5728829446733803,0.9297406193656674,1,0.037545429644195244,1.383327058661338,8
0.25,1,9,49,1,1.9844596970791475,1.0983664661265546,0,1.125418699644606,1.3860078412936696,8
0.25,1,9,50,1,1.641054974860137,0.9787895568181415,1,0.0005968407933842825,1.3802214157356474,8
0.25,1,9,51,1,1.0830168018115882,0.2523227656374596,1,2.0642851862436026e-05,1.3862354089647144,8
0.25,1,9,52,1,1.1509824298869566,0.3962893691941357,1,0.00030524578046139787,1.3862802807669723,8
0.25,1,9,53,1,1.5109895266950664,0.8775998606716954,1,0.00017145644579311985,1.3858440998508135,8
0.25,1,9,54,1,1.944523789082525,1.0955920580322236,1,0.013082412300407171,1.3684621773132448,8
0.25,1,9,55,1,2.292980248676908,0.9988138533799743,1,0.006840324361205612,1.3831239576402465,8
0.25,1,9,56,1,1.599358158132247,0.972611904675448,0,0.0001753877649262451,1.3616803454872706,8
0.25,1,9,57,1,1.7760258666379252,1.0511283209987452,1,0.038358333171098824,1.3858473060175132,8
0.25,1,9,58,1,1.2303473156395177,0.5278279714414427,1,0.4715620865961706,1.3841447231956834,8
0.25,1,9,59,1,2.113751911173906,1.0850870349961015,1,3.810009898421294e-10,1.3684676864169305,8
0.25,1,10,0,0,1.3475362714778927,0.7014148951966859,1,0.07010246871573281,1.3862280670931928,5
0.25,1,10,1,0,1.3821370805510473,0.7509386766887423,1,3.3042035419624176e-05,1.3861604718852298,5
0.25,1,10,2,0,1.515072491031607,0.8741554069167605,1,0.20549466112526682,1.3862859729736683,5
0.25,1,10,3,0,2.167599187541771,1.075232653318514,1,0.0007917454953424954,1.3720527147667965,5
0.25,1,10,4,0,1.48291798188677,0.8370474026550213,1,6.763717472108739e-08,1.3841108114087322,5
0.25,1,10,5,0,2.0409797034974573,1.097317201725773,0,0.2625010427180082,1.3708238000697406,5
0.25,1,10,6,0,1.2312976752844744,0.5683201405040819,1,0.0020669199610268605,1.3855868929073742,5
0.25,1,10,7,0,1.4246948855157577,0.7664345012852655,1,6.538608693896037e-06,1.3853831709604434,5
0.25,1,10,8,0,1.8209761279226542,1.0721524615448346,1,0.00024489734399842366,1.3735187110088685,5
0.25,1,10,9,0,1.3768139185694226,0.7377971968307371,0,0.003698596121283364,1.3843817891505323,5
0.25,1,10,10,0,1.2493243712971198,0.6141802212946932,1,0.539766011623187,1.3842583668237982,5
0.25,1,10,11,0,1.2570035919296572,0.5757725365821854,1,2.7917486939304134e-08,1.3849055595952129,5
0.25,1,10,12,0,2.308280631238217,1.02499132478975,1,6.443675224191922e-05,1.2183604687805472,5
0.25,1,10,13,0,2.011943140997109,1.0985004447514846,0,0.4667839257798326,1.3786876382401116,5
0.25,1,10,14,0,1.5255690966369533,0.9205110335047362,0,0.467877694327395,1.384423395187228,5
0.25,1,10,15,0,1.1104298547345812,0.3213249509831985,0,0.2584210362845081,1.3860561878621613,5
0.25,1,10,16,0,1.0623146650345603,0.225713212114185,1,0.11511358980616355,1.3860234361800634,5
0.25,1,10,17,0,1.651637056400546,0.9917275791097315,1,0.0014708167361119097,1.3713518930098412,5
0.25,1,10,18,0,1.8058752549689991,1.053682030273005,0,0.3976577166363425,1.3717437952543623,5
0.25,1,10,19,0,1.5448005311960666,0.9330369003622019,1,0.0005065236031504838,1.3767226433569355,5
0.25,1,10,20,0,1.7073109087191531,1.018413872414401,0,0.7357240620971212,1.382294427990141,5
0.25,1,10,21,0,1.3943024404950515,0.7499419265586806,1,1.8242313215389063e-05,1.3838536661950203,5
0.25,1,10,22,0,2.039084544914452,1.09745946160406,1,0.010328874194488793,1.3766132305303258,5
0.25,1,10,23,0,1.63695905463598,0.9787822059985688,1,0.6932026679327286,1.3831418929936035,5
0.25,1,10,24,0,1.0852065026468172,0.2603830444821651,1,0.010204388103391157,1.386245945620205,5
0.25,1,10,25,0,1.356808902196105,0.7354583430544492,0,0.6013512956016618,1.3860992794705642,5
0.25,1,10,26,0,1.7702937745577694,1.049343573405868,1,0.8807897047676274,1.3861212345776912,5
0.25,1,10,27,0,2.105089386213332,1.0756842349481561,1,1.6151619514599118e-07,1.2864459607590437,5
0.25,1,10,28,0,1.3745106088465737,0.7376183628034789,0,0.0003124217650980808,1.3849184178183322,5
0.25,1,10,29,0,1.6791332166325028,1.0065645859550283,0,0.274597382022724,1.3858516877418527,5
0.25,1,10,30,0,1.3204229798133247,0.6990721266451934,0,0.3248312530359072,1.3853097214385406,5
0.25,1,10,31,0,1.4526290903879793,0.8562139118304493,0,0.0033586853266278265,1.3799889602693776,5
0.25,1,10,32,0,1.4397907278434496,0.8059547666614872,1,0.042799478110138636,1.385965092448966,5
0.25,1,10,33,0,1.8478217555588325,1.0759484854809553,0,0.3137079115451875,1.3830315153693555,5
0.25,1,10,34,0,1.2308503296598095,0.5572459469778529,1,1.056166601350235,1.385816997022826,5
0.25,1,10,35,0,1.494964630148865,0.8629256483522546,0,0.009178129923728209,1.3784214835338833,5
0.25,1,10,36,0,1.812280747712856,1.0655655444936054,0,0.29084928445412705,1.3837344637761761,5
0.25,1,10,37,0,1.082570339023792,0.24272209137177625,1,0.1686789543545552,1.3860030479045102,5
0.25,1,10,38,0,1.4969789825841529,0.8583275877163294,1,1.228738662549986e-05,1.3861690878170445,5
0.25,1,10,39,0,1.589314080457377,0.9435791698853654,1,0.7277571948026186,1.383737978311824,5
0.25,1,10,40,0,1.0334572298451983,0.134194381919991,1,0.0040680944399846125,1.3862637374477604,5
0.25,1,10,41,0,1.5591619466219833,0.9409335903577161,0,0.05466141511310613,1.35885123914186,5
0.25,1,10,42,0,1.4633950912945566,0.8332469698089012,1,6.55409071991452e-07,1.3778980858177876,5
0.25,1,10,43,0,1.4475850518675237,0.8102442329691341,0,0.6976792784827939,1.3860455717916924,5
0.25,1,10,44,0,2.249022389111007,1.0421343109043462,1,9.58615043341898e-06,1.3668453352531238,5
0.25,1,10,45,0,1.648469178245875,0.9882391147484164,0,0.13901484299037978,1.3859101951113573,5
0.25,1,10,46,0,1.581231940933112,0.9391937086539679,1,1.03990219099019e-06,1.3850960162541257,5
0.25,1,10,47,0,1.595010893706038,0.9530073258563375,1,0.0017640392704381834,1.3796273780915347,5
0.25,1,10,48,0,1.9063386675524427,1.087179754335503,1,0.018849907774564398,1.3500074761689436,5
0.25,1,10,49,0,1.3556460548190445,0.5879697060793665,1,0.003868581636503673,1.3798178473368168,5
0.25,1,10,50,0,1.69174954467651,1.0127311742401328,1,0.0007538413455556866,1.3861189390198836,5
0.25,1,10,51,0,1.318747094790036,0.6776820157921103,1,0.024820913968485757,1.3853693439773347,5
0.25,1,10,52,0,1.2406938005426347,0.5541927380311321,1,2.0445944622787052e-07,1.3862319125114424,5
0.25,1,10,53,0,1.1998332796573703,0.4845478653753285,0,0.08994377137842297,1.3857281979308422,5
0.25,1,10,54,0,1.2963485566399189,0.6491801008046638,1,0.0006242124365256735,1.381924327000679,5
0.25,1,10,55,0,1.523029596119187,0.884483276062928,1,5.402052121435157e-07,1.3816477822911302,5
0.25,1,10,56,0,1.561348984582154,0.9094891239597211,1,0.01402075370889814,1.3758739367827728,5
0.25,1,10,57,0,1.523134176304741,0.8837626512448005,1,0.0001030932844905449,1.381707655716117,5
0.25,1,10,58,0,1.6091075018953094,0.9536133099667161,0,0.46198753572080764,1.3847033177118626,5
0.25,1,10,59,0,1.6602672839640442,0.9711316909899967,1,0.00058291615937378,1.361960344387357,5
0.25,1,11,0,0,2.0199260482006105,1.0924613879179421,1,0.000613169293117865,1.3848990309845401,5
0.25,1,11,1,0,1.2978636652880786,0.6498351628248187,1,0.007256999545328082,1.3861052878132352,5
0.25,1,11,2,0,1.5830654030238653,0.9551281648407344,1,0.002294378824950944,1.3665554255975574,5
0.25,1,11,3,0,1.2877901078722453,0.6133822083362949,1,0.030409472911015704,1.3855780100190649,5
0.25,1,11,4,0,1.3431991765576758,0.6912727498885816,0,0.19853255895814298,1.3823092860959516,5
0.25,1,11,5,0,2.134810343053268,1.0801555252665493,1,0.001448395795547121,1.3665166895473337,5
0.25,1,11,6,0,2.180270923176148,1.0580757176224656,1,0.008477269671652474,1.3731774618123138,5
0.25,1,11,7,0,1.650973045248775,0.9726815918704536,1,0.0028726937201282495,1.3861468418251468,5
0.25,1,11,8,0,1.6155942950688973,0.9706371567574925,1,0.9736320446263695,1.3779681602281064,5
0.25,1,11,9,0,1.6823842331755214,1.0118779837858234,1,0.5340823903287507,1.3789902220996924,5
0.25,1,11,10,0,1.5597337506858682,0.9269960717204918,1,0.5181078646368574,1.3858313104544937,5
0.25,1,11,11,0,1.7758124390349395,1.0367705638245803,0,0.0037746606158183165,1.3846917311388123,5
0.25,1,11,12,0,1.7244542804080027,1.0344061384122005,1,0.00011725783692727285,1.383817799235619,5
0.25,1,11,13,0,1.4063228614747305,0.7768194333133996,1,0.36555725947422263,1.3862723534417398,5
0.25,1,11,14,0,2.2472889292210017,1.0518575080731447,0,0.023025256591334857,1.2783117013778316,5
0.25,1,11,15,0,2.435785931917515,0.8564135687644137,1,0.1806357422422388,1.2640823855409362,5
0.25,1,11,16,0,1.6741859893697346,1.006258613513564,1,2.9123636135218336e-05,1.363385505004608,5
0.25,1,11,17,0,2.126086862113824,1.0823495918147934,0,0.6486185684772662,1.3830014104653592,5
0.25,1,11,18,0,1.8242976330742087,1.0659953966293527,1,0.10916407256461569,1.3846060255294808,5
0.25,1,11,19,0,1.1798649997911763,0.452054819921866,0,0.4090903509263754,1.3862746457171837,5
0.25,1,11,20,0,1.0311472424906365,0.13338974229875045,1,0.0019136800048033015,1.3862425474213906,5
0.25,1,11,21,0,1.9496311132391744,1.0948269216016766,0,0.6799711326898596,1.384859619535316,5
0.25,1,11,22,0,1.719971267707495,1.0044869995425616,1,0.014588136074920304,1.3849234573395983,5
0.25,1,11,23,0,1.748866982981045,1.0376058897476241,0,0.48951583906782536,1.384260054249855,5
0.25,1,11,24,0,1.3604693870200937,0.7333024827393049,1,0.0007907777007689604,1.3853940042209199,5
0.25,1,11,25,0,1.479198887047567,0.8565075525523334,1,0.002552553249835205,1.3800606369494084,5
0.25,1,11,26,0,1.5285305097282291,0.905446823232511,0,0.5011862332480337,1.3808399106470528,5
0.25,1,11,27,0,1.2379932316241586,0.5484974041041688,1,0.24432462203373945,1.3860735008131182,5
0.25,1,11,28,0,1.3312107814140721,0.6713136531737904,1,5.485790787018561e-11,1.3856412780768066,5
0.25,1,11,29,0,1.4443499846419343,0.8433823110450099,1,3.812784107926127e-05,1.3686382792386673,5
0.25,1,11,30,0,1.5206469760845178,0.8911697044719147,0,0.7311390179326352,1.3852549188593855,5
0.25,1,11,31,0,1.6273750030956253,0.9466479730774867,1,0.001194661873499067,1.3691027541616845,5
0.25,1,11,32,0,1.6250040737794482,0.9647812417379629,1,5.134438741631431e-06,1.3829373918418386,5
0.25,1,11,33,0,1.7743301786628611,1.0586515560113345,1,0.6373788875993764,1.382497535807654,5
0.25,1,11,34,0,1.7155162403172624,1.0176419943587576,1,2.7781932721885754e-05,1.3855678522274313,5
0.25,1,11,35,0,1.157212545880826,0.3798109840020738,1,0.04212349563464419,1.3852898252489285,5
0.25,1,11,36,0,1.1660413125695823,0.4297763750909299,1,0.712671438680761,1.3859392371999932,5
0.25,1,11,37,0,1.8802968753899831,1.0860883503350567,1,0.4571439772890773,1.3852833926594434,5
0.25,1,11,38,0,1.9049665643729639,1.0835108781820362,1,0.0031528461921554456,1.2925164563647145,5
0.25,1,11,39,0,1.9295558091795482,1.0936281127566647,1,0.006016797696020341,1.3728769464651116,5
0.25,1,11,40,0,1.9296002086564492,1.0919030033619652,1,0.002688695935030402,1.3733457200698536,5
0.25,1,11,41,0,1.4711900788554513,0.8229555354243848,1,2.3394835075394247e-06,1.384488028265518,5
0.25,1,11,42,0,2.2133070636450034,1.0463634845441991,1,9.841828205256704e-05,1.315329127865771,5
0.25,1,11,43,0,1.0774384749993964,0.2551860789997915,1,4.161187479322119e-05,1.3862099752349764,5
0.25,1,11,44,0,1.9892669015015247,1.097656093474297,1,0.12761110041705542,1.3860214232200374,5
0.25,1,11,45,0,2.172296698794917,1.0666786333952738,0,0.0010685295962019749,1.3751343036294459,5
0.25,1,11,46,0,1.8820437828378598,1.0670219622559038,1,0.0829378976506956,1.3838994837204424,5
0.25,1,11,47,0,2.157086691404765,1.0487865915899564,1,5.026828846768359e-05,1.2586161104664604,5
0.25,1,11,48,0,1.9600831214723309,1.0946903510369268,0,0.13350746751889708,1.3510190977647132,5
0.25,1,11,49,0,1.909975554469015,1.0891481027941865,1,0.0004065311556979179,1.3848946836619525,5
0.25,1,11,50,0,2.0367764172523586,1.0968601475241868,1,8.150751779750373e-05,1.3825530095222318,5
0.25,1,11,51,0,1.81448110396087,1.049832996096741,1,0.8236081424828919,1.3854009235709952,5
0.25,1,11,52,0,2.0224221245599283,1.033854337113029,0,0.3982894819859131,1.3842795281135332,5
0.25,1,11,53,0,2.0269524366111216,1.0814596644372956,1,0.0003390522816210163,1.352129187966781,5
0.25,1,11,54,0,1.696598121404202,1.0190025941256144,1,4.806239698734151e-05,1.3851054375934715,5
0.25,1,11,55,0,1.9878138188359473,1.0796237689688508,1,3.5492015069818947e-05,1.3785541120848506,5
0.25,1,11,56,0,1.3720875416873872,0.742944646110187,1,7.287939071951695e-05,1.3830611649447633,5
0.25,1,11,57,0,1.816292748965426,1.0618150877362384,0,0.6575179683625048,1.3820068304785271,5
0.25,1,11,58,0,1.7981777099236886,1.0474973647196462,1,0.34352823321732795,1.3745048714796768,5
0.25,1,11,59,0,1.1259296440112625,0.2598494947479276,1,3.701721416388719e-15,1.38432892243922,5
0.25,1,12,0,2,1.783184378492623,1.0579967707844786,1,0.0001182141991150047,1.3573647358275422,3
0.25,1,12,1,2,1.9720922664360976,1.0956096342472998,0,0.2310330111374707,1.3009437132223658,3
0.25,1,12,2,2,2.3584680566004934,0.951407408441306,1,0.00011364252465900964,1.3765639882692007,3
0.25,1,12,3,2,1.8681445874509968,1.0783145769468476,1,0.00496107009388659,1.3723342935454372,3
0.25,1,12,4,2,1.6091016126928745,0.9581343734787668,0,0.9256836988436361,1.3858054936613384,3
0.25,1,12,5,2,1.8385290111715826,1.0738564907748906,0,0.33120968674119555,1.3862105370921074,3
0.25,1,12,6,2,1.0107333433683567,0.04889886203158803,1,3.205493193154255e-05,1.3862887312599428,3
0.25,1,12,7,2,1.391573984120854,0.7745894719492594,0,0.024384756686880796,1.3860116202758328,3
0.25,1,12,8,2,1.441142428255257,0.8175099246999121,1,0.00010819295235797946,1.3807092649605996,3
0.25,1,12,9,2,1.4997632585973855,0.8861903868820561,0,0.011888167792784,1.383896090791195,3
0.25,1,12,10,2,1.7152910454370873,1.0263852337839041,1,0.1488824877826443,1.3831872207277873,3
0.25,1,12,11,2,1.7802364178340526,1.0548092286596418,1,0.0003531366830912451,1.3666732850197283,3
0.25,1,12,12,2,1.309994129708664,0.6866650586169597,1,0.0003030109727366915,1.3796175923531742,3
0.25,1,12,13,2,1.8642363647761222,1.0788207221619242,1,0.000428176898853757,1.357850725867757,3
0.25,1,12,14,2,1.5136134098414902,0.8705176712445939,1,0.000804236301478069,1.37409109115571,3
0.25,1,12,15,2,1.4928730621221205,0.8716331597392526,1,2.016550150104372e-06,1.362110514382508,3
0.25,1,12,16,2,1.15114505190498,0.4070072949281367,1,0.19321641320146224,1.3855511088852048,3
0.25,1,12,17,2,1.897067109838496,1.0883410893981498,0,0.3372107753140063,1.3862884160263722,3
0.25,1,12,18,2,1.6624957281761552,0.9932576524206342,1,0.5121006794586614,1.3793320283860346,3
0.25,1,12,19,2,1.64404962993599,0.9873975971473714,0,0.5581833900976534,1.3849231534013267,3
0.25,1,12,20,2,1.7276663453531236,1.0395581971418737,1,0.00018494874431764397,1.3805005837653537,3
0.25,1,12,21,2,1.5924313888620276,0.9526519929577248,1,3.0075027585271326e-05,1.3751691621957638,3
0.25,1,12,22,2,2.133995320002665,1.0727812819692892,1,0.3490115833094526,1.3657822762916623,3
0.25,1,12,23,2,1.7339357620776918,1.0363617733583763,0,1.035022722233931,1.385507597181271,3
0.25,1,12,24,2,1.6788452096247315,1.0087434242183155,1,0.6906157240073191,1.3845887024885255,3
0.25,1,12,25,2,2.275096510892201,1.0316949557235175,1,3.4266097196114835e-07,1.289085938332,3
0.25,1,12,26,2,1.643679689182049,0.9864778942482425,1,0.3795795752399447,1.362679127297391,3
0.25,1,12,27,2,1.4261780880822703,0.8291073757169134,1,0.0013106613665482905,1.3813718922118794,3
0.25,1,12,28,2,1.483084291652054,0.8339840654367972,1,0.00034743210800931227,1.3809726039599521,3
0.25,1,12,29,2,1.3713412886354757,0.7463791500199147,1,8.971878593863613e-06,1.3825327686539284,3
0.25,1,12,30,2,2.127096665383274,1.086080879199709,1,0.0029554077739356787,1.3632368453006607,3
0.25,1,12,31,2,1.0304688908123405,0.13268244447505934,1,7.418908851075148e-09,1.3859695668718715,3
0.25,1,12,32,2,2.0698619329166403,1.0922942315397146,0,0.5258167667361408,1.3841855297440695,3
0.25,1,12,33,2,1.2880857769482894,0.6312352029899804,1,3.6653668639100995e-09,1.3798408308424421,3
0.25,1,12,34,2,1.466389172038356,0.8578726729260941,1,9.630227479733749e-06,1.3833870711362124,3
0.25,1,12,35,2,1.485362137715992,0.8539023963522332,0,0.03884302791046948,1.376492138404971,3
0.25,1,12,36,2,2.2070239915366447,1.0653669778257953,1,3.267785355561848e-05,1.224895655068651,3
0.25,1,12,37,2,1.834095745207485,1.0554995570244947,1,0.010781659742476699,1.3495192190466296,3
0.25,1,12,38,2,1.5630471571652125,0.9299270276174003,1,0.0004997948478160023,1.3850819898762734,3
0.25,1,12,39,2,2.1792311533974407,1.074370018843047,1,0.002990094435817262,1.3465242066872083,3
0.25,1,12,40,2,1.958960860314839,1.0969925041173423,0,1.2221654375955349,1.385509548715624,3
0.25,1,12,41,2,1.874749580418642,1.0857757382694435,0,0.0007554745308022464,1.3779712841123488,3
0.25,1,12,42,2,2.1419537478039694,1.0819816039507035,1,2.3302118059887217e-06,1.2004999695880636,3
0.25,1,12,43,2,1.8756674066015329,1.08544342297435,1,0.7215510260944545,1.383974697918492,3
0.25,1,12,44,2,1.1656650354694946,0.4380833298616499,1,9.539213774604672e-08,1.3849579773030216,3
0.25,1,12,45,2,2.07923163361506,1.0932455534023764,1,0.0009880405675433389,1.3766699919052137,3
0.25,1,12,46,2,1.7700157572636261,1.0486979150104505,0,0.20041528714112472,1.386273872954566,3
0.25,1,12,47,2,1.9821730956952706,1.0969588327642024,1,0.14007100950465787,1.3820164015838887,3
0.25,1,12,48,2,1.6809736935716977,0.9805283042320102,1,9.208475824368278e-08,1.3540525076110845,3
0.25,1,12,49,2,1.5369260000235543,0.9145322497821389,1,0.004346379934753207,1.3834637467285948,3
0.25,1,12,50,2,1.3795586646197868,0.7692088452716528,1,0.0019599712259981915,1.3736520789195075,3
0.25,1,12,51,2,1.6073087293438122,0.9646449469505238,0,0.6653001198941214,1.3847268061179685,3
0.25,1,12,52,2,2.3880284935508085,0.9770388359056233,1,6.694022791610992e-14,1.2085843220994719,3
0.25,1,12,53,2,1.012061728223507,0.0570110002774986,1,1.0886290067667286,1.3862932197238615,3
0.25,1,12,54,2,1.1718164949476633,0.44504721802595626,1,0.5754086405150709,1.3861430521666658,3
0.25,1,12,55,2,1.5221328818002795,0.887679431341902,0,0.1918688675784358,1.3847254775836717,3
0.25,1,12,56,2,1.6309912312956332,0.9794439055241917,0,0.11815452321747803,1.3855265594356099,3
0.25,1,12,57,2,1.8861890891452766,1.085946696824369,0,0.4432243551538477,1.3817733987450698,3
0.25,1,12,58,2,1.7214089782165711,1.0357623114493242,1,7.448218193017049e-08,1.3481399565314935,3
0.25,1,12,59,2,1.4099253646418988,0.7844428259309035,1,0.2701369578067719,1.3834895843499844,3
0.25,1,13,0,1,1.7762944279481983,1.0460366413921935,0,0.10843534805222879,1.3855210039978194,1
0.25,1,13,1,1,1.7958537128411463,1.0589077874970418,1,0.22307906666302635,1.3853646545205316,1
0.25,1,13,2,1,1.156028532920179,0.40026728810083056,1,0.5798372797860305,1.386169177109848,1
0.25,1,13,3,1,1.7232403474936544,1.0279175513108227,0,0.3950617273462586,1.385268992940594,1
0.25,1,13,4,1,1.726466291678989,1.0283978627466923,1,0.009617952158382043,1.3432456965232875,1
0.25,1,13,5,1,1.6293770760114936,0.9709915734370882,1,4.557474877728902e-06,1.3846093907423103,1
0.25,1,13,6,1,2.0863001555963865,1.0909206216079577,1,0.0038942700312508656,1.3784396190687436,1
0.25,1,13,7,1,1.9718009545681232,1.0978242694021592,1,6.434820879590178e-08,1.370864706668485,1
0.25,1,13,8,1,1.4768436339907358,0.8453510739936905,1,0.5083897064935068,1.3858374450020203,1
0.25,1,13,9,1,1.675516276074905,1.0003832980579015,1,0.031370108216997955,1.3853930087871544,1
0.25,1,13,10,1,1.0007600092840938,0.004754772063689693,1,0.0005593959526760544,1.386294348589853,1
0.25,1,13,11,1,1.5792847488800368,0.9346472008821949,1,0.5173253334895035,1.386191860955241,1
0.25,1,13,12,1,2.227949267236605,1.0574936943436777,0,0.337971674527328,1.380712598657437,1
0.25,1,13,13,1,1.395287759796773,0.759373717563417,1,6.633591869049607e-05,1.381378058462845,1
0.25,1,13,14,1,1.7260109138910529,1.0281280654502352,1,0.014424324284050013,1.3835137335070653,1
0.25,1,13,15,1,1.63403183415191,0.9741262076487325,1,0.004315567136165001,1.3849271769172435,1
0.25,1,13,16,1,1.4238422795065868,0.7925340212444669,1,0.20378761204602336,1.3857704862085658,1
0.25,1,13,17,1,1.2128224670014334,0.5067105391105472,1,0.0012304111794998157,1.3859768532186236,1
0.25,1,13,18,1,1.147054438714234,0.3883471775332976,1,0.022319758348607527,1.3862177960677178,1
0.25,1,13,19,1,1.2424973912987998,0.55447514097659,1,0.0011521696187897332,1.386111396931752,1
0.25,1,13,20,1,1.3712785120604234,0.7311601483238219,1,2.7606524547364775e-09,1.3862062603001213,1
0.25,1,13,21,1,1.6953739070437275,1.0118234198977374,1,1.222418251759131e-05,1.383039381295615,1
0.25,1,13,22,1,1.3911167312082862,0.7600400026220924,0,0.6244649829354106,1.3855322662756793,1
0.25,1,13,23,1,1.9580335809418952,1.0968931867087102,1,1.233931166384963,1.3862393748761777,1
0.25,1,13,24,1,1.3535296015613136,0.7202197973364715,1,0.278541299622231,1.3860806527881488,1
0.25,1,13,25,1,1.3415823069932131,0.6943531016579589,1,1.3654643624351766e-07,1.3860955332474485,1
0.25,1,13,26,1,1.0003559926650334,0.002382562562686926,1,6.569185281978457e-12,1.3862943611124263,1
0.25,1,13,27,1,1.1453757761528183,0.38543392359132045,1,0.00015090154657820598,1.3856749904633963,1
0.25,1,13,28,1,1.5649611622639585,0.9316582833533013,0,0.6973784846642186,1.3848871864746497,1
0.25,1,13,29,1,1.5598321004392834,0.9193452788264374,1,2.9722441772038297e-05,1.3845887122972902,1
0.25,1,13,30,1,1.3334013602454415,0.6838355551422343,1,0.018463482762591958,1.3844570094073934,1
0.25,1,13,31,1,1.7311251320855994,1.0306820203512976,1,1.3483874303088894e-07,1.3695464901342396,1
0.25,1,13,32,1,1.0011597903635412,0.006848748903010895,1,9.387147313366462e-11,1.3862942902375173,1
0.25,1,13,33,1,1.9276820973258386,1.0913275207244593,1,0.7535229749947809,1.3844265602403296,1
0.25,1,13,34,1,1.1547132783616618,0.41343040654821805,0,0.486669911080498,1.386276877975644,1
0.25,1,13,35,1,1.488324480045194,0.8566791170139056,1,0.010308891285747407,1.3858302825383655,1
0.25,1,13,36,1,1.668855439291695,0.9971863826699742,1,0.10590297069762289,1.3823791741437828,1
0.25,1,13,37,1,1.1777106064783658,0.44599289356668004,1,0.00012074691213434909,1.3861964012506254,1
0.25,1,13,38,1,1.1861983680214863,0.46115231763914954,1,0.002948766104356921,1.3862771239075278,1
0.25,1,13,39,1,1.7353212138096963,1.032746254751491,1,1.7523599963538843e-05,1.3832303324063622,1
0.25,1,13,40,1,1.6239248097076693,0.9633318830918901,0,0.061093474243113136,1.3862849224162923,1
0.25,1,13,41,1,1.2736250077527869,0.6014790228442553,1,0.0001696814191413684,1.385493803897942,1
0.25,1,13,42,1,1.1214948278145553,0.33733924332003934,1,4.29894772450519e-06,1.3861754247131444,1
0.25,1,13,43,1,1.2898635258230007,0.6248358606748763,1,1.941035863501986e-05,1.3856981809180544,1
0.25,1,13,44,1,2.0613785429454325,1.0943975365450411,1,0.28005025742579437,1.3799958077120333,1
0.25,1,13,45,1,1.8821873346771203,1.0869939559864776,1,0.5595509600928581,1.3837789245165202,1
0.25,1,13,46,1,1.5076726749418656,0.8780855782554308,1,0.7281973464688092,1.3849481501115921,1
0.25,1,13,47,1,1.2899491304680908,0.6249585021669722,1,0.001293647125777988,1.3860309463091074,1
0.25,1,13,48,1,1.618405592643148,0.9446953484001437,1,0.7553341848446148,1.3792093795709843,1
0.25,1,13,49,1,2.285192831076082,1.0046320731085348,1,0.02564649692181885,1.2965508318584211,1
0.25,1,13,50,1,1.5401872751008918,0.903109513855148,1,2.494984534808159e-05,1.3818946044313263,1
0.25,1,13,51,1,1.616260885255226,0.9619360311043283,1,3.702567362794953e-05,1.3860331584817895,1
0.25,1,13,52,1,1.6552871818160775,0.9879542736214864,1,0.020466431520517473,1.374870821894875,1
0.25,1,13,53,1,1.765791288384281,1.0468570428282562,1,0.1219632767249042,1.385537718980379,1
0.25,1,13,54,1,1.5502004467151285,0.9114778165780536,1,0.00010578183811184735,1.3850723363927677,1
0.25,1,13,55,1,1.969373803786392,1.097683473263658,1,9.808571565416452e-07,1.3845516646902862,1
0.25,1,13,56,1,1.0770464496055616,0.237680560322242,1,0.08940209461341267,1.386208650454386,1
0.25,1,13,57,1,1.459907521061019,0.835350801983358,0,0.687841387972971,1.3860699004813695,1
0.25,1,13,58,1,1.4158675590311918,0.782504118256498,1,4.2046647344017816e-07,1.38390743794074,1
0.25,1,13,59,1,1.4385346732176003,0.8084790261757653,1,0.13834948869316013,1.385634606771344,1
0.25,1,14,0,3,1.1733161718907417,0.4497510726115166,1,1.7620237928101333e-09,1.3851459039749394,4
0.25,1,14,1,3,1.7422343169924153,1.0335191771046883,1,2.253885249850203e-05,1.3624808923771212,4
0.25,1,14,2,3,1.6930271809026025,1.0184180225023032,1,0.23245696670853566,1.3645915917751632,4
0.25,1,14,3,3,1.934184595446196,1.0936794762937263,1,0.014840774975848679,1.366095853326688,4
0.25,1,14,4,3,1.4637837120742914,0.8363235869569414,1,0.03983058011505135,1.38250444145857,4
0.25,1,14,5,3,1.283917197843127,0.6296441321311184,1,3.730596031729181e-08,1.384878036725444,4
0.25,1,14,6,3,1.1056313760162306,0.34358612096114277,1,0.008423219017761201,1.3859184887121645,4
0.25,1,14,7,3,1.9437635033580376,1.0899506706682198,1,0.00955834142654536,1.3246082849334693,4
0.25,1,14,8,3,1.7892531358982677,1.0512061485111983,1,0.007419186689736185,1.385233658885946,4
0.25,1,14,9,3,1.9622985293288586,1.0975373018383208,0,0.0022726072887662243,1.3846730309555022,4
0.25,1,14,10,3,1.5862117060869296,0.9403230256684315,1,0.025984894447960163,1.385047840431922,4
0.25,1,14,11,3,2.349190863133931,0.9892920081182907,1,2.978310481587163e-06,1.3383889240327906,4
0.25,1,14,12,3,1.8333898801037205,1.0702398735693435,1,9.871827729970075e-06,1.370063730057443,4
0.25,1,14,13,3,1.2971942039631674,0.6353695095243106,1,0.23843607120461005,1.385661179337022,4
0.25,1,14,14,3,1.320991630238784,0.6713040310832126,1,0.5347541653099468,1.3857518017805273,4
0.25,1,14,15,3,1.902189612274137,1.082496519229877,1,5.405280507052263e-08,1.3281827323225333,4
0.25,1,14,16,3,1.7276497262593253,1.0280785047433088,1,0.8081465171427791,1.384479412479086,4
0.25,1,14,17,3,1.5485883092322765,0.9209810634457267,1,0.0015250051059860679,1.3810284797593904,4
0.25,1,14,18,3,1.2204366186758242,0.5278194782950785,1,7.031177011965568e-05,1.3845483082435153,4
0.25,1,14,19,3,1.8982924927220912,1.0892001427931857,1,0.02295823462339633,1.367231852410029,4
0.25,1,14,20,3,1.5246402134163175,0.8946278651600927,1,0.0004228462511446712,1.3792005668715364,4
0.25,1,14,21,3,1.8143828309315941,1.0647503418222026,0,0.7602505954308804,1.386244430896159,4
0.25,1,14,22,3,1.6611111904305453,0.9953145546459483,0,0.7216118460550403,1.3862313566981916,4
0.25,1,14,23,3,1.9201035099659605,1.0915937554858917,1,0.00011797409926504268,1.3811873009642062,4
0.25,1,14,24,3,1.0950214815032404,0.3024405846608389,1,7.98943521270893e-14,1.3858282622409845,4
0.25,1,14,25,3,1.7382454620521428,1.0355478738529071,0,0.38031346300676727,1.3855761610422626,4
0.25,1,14,26,3,1.4430440125294164,0.8154968720922101,1,0.02187609155418163,1.3862227379319145,4
0.25,1,14,27,3,2.0812645352962242,1.0913883874933286,1,0.00027886011133673987,1.324050764038504,4
0.25,1,14,28,3,1.2206091053880441,0.5321261079027705,1,2.3673136261793744e-05,1.386062624639092,4
0.25,1,14,29,3,1.6074695487168253,0.9536758463541435,0,2.8598848852490756e-05,1.3785599302772347,4
0.25,1,14,30,3,2.0601426890450876,1.0958918885392528,1,0.0030517176892611536,1.367497412063551,4
0.25,1,14,31,3,1.2584420859777852,0.6217580974757382,1,0.00010281225380453474,1.3844963402531856,4
0.25,1,14,32,3,2.3521278655962883,0.9985361565434474,1,9.08943271379311e-08,1.2445013401391458,4
0.25,1,14,33,3,1.471805309562162,0.8375775151940892,1,4.1196875470020996e-08,1.3808964532488432,4
0.25,1,14,34,3,1.749978858676577,1.040528231794954,0,0.4652829802347216,1.3862481949875123,4
0.25,1,14,35,3,1.3356706697278378,0.7028693621366752,1,9.695999377249602e-08,1.3838530733026588,4
0.25,1,14,36,3,1.5381694150706322,0.9069285506204235,1,0.2921510555669127,1.3855495156288906,4
0.25,1,14,37,3,1.0944549103616714,0.279415912811249,1,0.0014566116880920547,1.3861893789509532,4
0.25,1,14,38,3,1.4443844020811283,0.7963786538951394,1,6.5768391853849236e-06,1.3703875588469228,4
0.25,1,14,39,3,1.8151930598820432,1.06729024635445,1,0.0556200406729075,1.3789523665792234,4
0.25,1,14,40,3,1.6463921441160907,0.9778540664240282,1,1.0405945781462096,1.3861671884811073,4
0.25,1,14,41,3,1.004780644987038,0.02187973895266474,1,0.2670683259996203,1.386294299219907,4
0.25,1,14,42,3,1.5721345449908588,0.9375754443699864,1,0.6464533903191658,1.3700169517485958,4
0.25,1,14,43,3,1.6758310435357773,0.9957979229385989,1,1.3210440589709324e-06,1.3516088776121389,4
0.25,1,14,44,3,1.0485828051274204,0.16682541390567274,1,0.1437716953035887,1.3862655263632968,4
0.25,1,14,45,3,1.2518631502751867,0.5810730062101617,1,7.992938285275026e-10,1.3835783644997195,4
0.25,1,14,46,3,2.131302140331943,1.085507347323413,1,0.00270949401223593,1.3482045965800824,4
0.25,1,14,47,3,2.2029666490419566,1.0500940509933905,1,0.00015409149287811373,1.3589668034309688,4
0.25,1,14,48,3,1.9317582712209977,1.0950582457580895,1,3.45850425366296e-07,1.286623525922091,4
0.25,1,14,49,3,1.786818742028689,1.0468786574293416,1,0.0038231113294690177,1.3841540980951783,4
0.25,1,14,50,3,1.5944338705385361,0.9703089935707464,1,0.38171883224162395,1.383647244476626,4
0.25,1,14,51,3,1.3836511736705452,0.7619685567340511,1,7.80475060379393e-07,1.3796227445936284,4
0.25,1,14,52,3,2.418959333560171,0.9314825371804194,1,1.327852290727504e-05,1.3665576975383147,4
0.25,1,14,53,3,1.4783761423416872,0.8553479815536051,1,0.009712290108728181,1.3772722196089755,4
0.25,1,14,54,3,1.7176527610092724,1.0350209306627867,1,2.0535503512655878e-05,1.3450029782666166,4
0.25,1,14,55,3,1.4496524570636906,0.7442183429507505,1,1.9050447731813716e-09,1.3800242730407786,4
0.25,1,14,56,3,1.6574532032128446,1.0010650251651838,1,9.929498078230469e-07,1.3658990240266047,4
0.25,1,14,57,3,1.4526309729713136,0.7354440296738773,1,0.0003586529518047237,1.3819219832551695,4
0.25,1,14,58,3,1.692905113610076,1.0155375775618976,1,0.0007415810963521924,1.3494699301651378,4
0.25,1,14,59,3,2.0036643731105896,1.0974740516030148,0,0.6948331572901139,1.3592272685152298,4
0.25,1,15,0,0,1.101776591271373,0.29534635523307107,1,0.0018781751932681243,1.3861768578073859,3
0.25,1,15,1,0,1.9696685466278865,1.0970476551637522,1,0.3425193097425207,1.3763008967797647,3
0.25,1,15,2,0,1.6744160796308436,1.007824176986037,1,2.4038893098923497e-06,1.3842480002554935,3
0.25,1,15,3,0,1.3871863456770235,0.7352133932541836,1,0.0002472600084289425,1.3838387222174786,3
0.25,1,15,4,0,1.6541953159888105,0.7597732220273365,1,0.6690734828535201,1.3823880167583669,3
0.25,1,15,5,0,1.1759308830864694,0.49222839178953576,1,0.05513488372030904,1.3841241647214806,3
0.25,1,15,6,0,1.591211638603861,0.9240657336019044,1,0.10616544487641631,1.3758035249565754,3
0.25,1,15,7,0,1.4457120269905848,0.8356707820638238,1,0.0002534427049155425,1.384828655059446,3
0.25,1,15,8,0,1.0000773009282287,0.0004602018964251091,1,1.2774797386316826e-12,1.3862943606566138,3
0.25,1,15,9,0,1.8431959918554133,1.0490154731122394,1,0.03469357284580474,1.3329257504897,3
0.25,1,15,10,0,2.1867505353686503,1.0703395103219913,1,4.00766320306163e-08,1.3385469932834886,3
0.25,1,15,11,0,1.5162670913593577,0.890172708460076,1,1.2141034312596368e-05,1.3669718729888523,3
0.25,1,15,12,0,1.1835506225790622,0.4581740746997137,1,0.00829350582190344,1.385871748383389,3
0.25,1,15,13,0,1.920520744103396,1.0933343256624874,0,1.0109640212047604,1.3849606485168722,3
0.25,1,15,14,0,1.811348526211931,1.0647943179343358,1,0.4629788775208191,1.3858965557759708,3
0.25,1,15,15,0,1.618108308488427,0.9668404282879229,1,1.8172576839017045e-05,1.3821240317741155,3
0.25,1,15,16,0,1.1923176218001283,0.5050307069163769,0,0.688303804212298,1.3859367192280359,3
0.25,1,15,17,0,1.5756598259097445,0.9337207238437674,0,1.0384298648692858,1.3860812735891799,3
0.25,1,15,18,0,1.7639296814634817,1.046787038793377,1,0.03810144061668384,1.3722673306833073,3
0.25,1,15,19,0,1.0303471797104304,0.11236045650731846,1,0.1180667983457111,1.3862897550795532,3
0.25,1,15,20,0,1.8909189332093654,1.0856478655042534,0,0.36248652620634064,1.3861375188574208,3
0.25,1,15,21,0,1.6516335990377162,0.9935654032094825,1,9.939642602395896e-05,1.384384125066033,3
0.25,1,15,22,0,1.779680474877694,1.0558852609816307,0,0.0009743229786554185,1.3847040987710009,3
0.25,1,15,23,0,1.3633527132589711,0.7192564808602475,1,0.002086901992454064,1.3861238775265532,3
0.25,1,15,24,0,1.499683391851813,0.8890733709374079,1,0.33571139627110463,1.3831398286463035,3
0.25,1,15,25,0,1.9839426249237282,1.0844644344582743,1,2.215769504787249e-08,1.3717112739842623,3
0.25,1,15,26,0,1.737769400501584,1.032815226388856,1,0.5143085691509106,1.3856431015597042,3
0.25,1,15,27,0,1.6877996982260923,0.9617984194762472,1,0.1984891138741804,1.381670416096833,3
0.25,1,15,28,0,1.9346087055531096,1.0951887361812682,1,3.755394361983854e-10,1.3815217026646245,3
0.25,1,15,29,0,1.6547373130275767,0.9888173684463657,1,0.005373513398259516,1.3840937202035541,3
0.25,1,15,30,0,1.7824524849301888,1.0601012171963982,0,0.47903969136524815,1.3858223078980234,3
0.25,1,15,31,0,1.7673097470705308,1.0502008450851057,1,0.8620080574050781,1.386201915934573,3
0.25,1,15,32,0,1.7196734093056107,1.0275975338206331,0,0.1390120593705885,1.3862772191750472,3
0.25,1,15,33,0,1.0614828699101704,0.17033002394294622,1,1.1977027390027567e-07,1.3861458354683773,3
0.25,1,15,34,0,1.0026608105257637,0.013627513630545287,1,0.00015843624172673186,1.3862942406928518,3
0.25,1,15,35,0,2.4608366340834116,0.8601287666416001,1,0.00026096615143889247,1.360494969769338,3
0.25,1,15,36,0,1.8234031477341643,1.0684389474820606,0,0.9471918478891017,1.3859436737639343,3
0.25,1,15,37,0,1.7759700215787686,1.0364033958330376,1,1.092236418844461e-06,1.3855751878062197,3
0.25,1,15,38,0,1.5187434392491004,0.8726271025695767,1,0.006968311201588779,1.3850835377674982,3
0.25,1,15,39,0,1.7386371612474179,1.0332696811354294,1,0.01799764528129093,1.3633985528635533,3
0.25,1,15,40,0,1.5811225614916689,0.9361647712567854,1,0.010020736199330494,1.3855173390218973,3
0.25,1,15,41,0,1.9960456142228251,1.0850998458709338,1,9.896035489658627e-05,1.379843283507587,3
0.25,1,15,42,0,2.2991556437142417,1.0123475145727125,1,0.018965066073771686,1.2833449080723145,3
0.25,1,15,43,0,1.850937700677696,1.0726884902287581,1,4.2705848255422235e-05,1.3836465183379,3
0.25,1,15,44,0,1.6000468849753415,0.9565844373342878,0,0.7343497522241128,1.385353340185755,3
0.25,1,15,45,0,1.8663907632731207,1.0794028052763978,0,0.6619609337114226,1.3860457192949358,3
0.25,1,15,46,0,1.6748656801190882,1.0030387807943655,0,0.3943282887042508,1.383602281495048,3
0.25,1,15,47,0,1.2628050072057364,0.5964802683065176,1,4.874102023708798e-10,1.384749827322251,3
0.25,1,15,48,0,2.1496293441429595,1.0812682078942526,1,2.879194692377253e-05,1.311530510894182,3
0.25,1,15,49,0,1.3525404659288065,0.7063158726797157,1,5.347589275947507e-06,1.3837443460610737,3
0.25,1,15,50,0,1.666447044708876,0.9949249116110062,0,0.08423535371171716,1.386279824865846,3
0.25,1,15,51,0,1.6607704673075723,0.9904914423662068,1,0.04966330421707448,1.3858298892544538,3
0.25,1,15,52,0,1.6534960437048865,0.9850526012037533,1,0.695536919020685,1.3854412006921484,3
0.25,1,15,53,0,1.0014913918987993,0.007787745266957778,1,0.0002506799733093913,1.3862942692213547,3
0.25,1,15,54,0,1.0096601683119544,0.0454824565147628,1,0.11458637297223279,1.3862937059218998,3
0.25,1,15,55,0,1.0863367861739124,0.2565007756859175,1,0.0018374970578425428,1.3861608182245333,3
0.25,1,15,56,0,1.3830330651836853,0.7546282948589091,0,0.5494392939971033,1.3843762189764193,3
0.25,1,15,57,0,2.3792991983624527,0.9805933481823893,1,0.0026717112533682892,1.178591302083508,3
0.25,1,15,58,0,2.3818657335391245,0.9322052455151772,1,0.2986989362280221,1.3777984270279058,3
0.25,1,15,59,0,1.7426555418562082,1.0219487350879024,1,0.0025616572512533057,1.3758318260196658,3
0.25,1,16,0,2,1.210926177455811,0.4974940474651279,1,0.012120046151116342,1.3851547417198427,5
0.25,1,16,1,2,2.0824916270261538,1.0925213509015979,0,0.019177664872966436,1.3714539162487696,5
0.25,1,16,2,2,1.7745460082323539,1.050224855024366,1,0.7418481338493934,1.384771748729103,5
0.25,1,16,3,2,1.2779269814858516,0.6333464130859573,1,3.281249099056656e-05,1.3827029619861644,5
0.25,1,16,4,2,1.3288736998114865,0.6871413882279294,1,1.7524687247228624e-06,1.3840698213173037,5
0.25,1,16,5,2,1.3843267659392766,0.7567993505446995,1,0.24393219298893304,1.3860135650412975,5
0.25,1,16,6,2,1.8280611192466871,1.0762174887476976,1,4.767273023491233e-06,1.370095376393561,5
0.25,1,16,7,2,1.3323869537429123,0.6858143268995892,1,0.001191406371762835,1.386186735404077,5
0.25,1,16,8,2,1.7328365126592837,1.0300587690887784,1,0.08597338049359783,1.379363602837416,5
0.25,1,16,9,2,1.8532020114243117,1.0806048380422897,1,0.008452746421683175,1.3625967726728272,5
0.25,1,16,10,2,1.7445962705844051,1.0488363491303074,1,0.007993120586558138,1.3419344127101542,5
0.25,1,16,11,2,2.0384193175235765,1.097438090631578,1,3.292066873081818e-05,1.283980825834874,5
0.25,1,16,12,2,1.80171515399819,1.054587132306245,1,0.00019000843805936824,1.3720021556125577,5
0.25,1,16,13,2,1.317068669430112,0.6935314489989131,1,8.429015040208126e-08,1.3840060414286666,5
0.25,1,16,14,2,1.38795259256329,0.7508039582212961,0,0.0004164520388084947,1.3861961649913317,5
0.25,1,16,15,2,1.6539284596088137,1.0005695028150443,0,0.030604858930584247,1.3849589596731346,5
0.25,1,16,16,2,1.3060385242123969,0.6534514267547709,1,5.130412094324992e-06,1.3858870113872785,5
0.25,1,16,17,2,1.2237908351533504,0.5426882069411225,0,0.00016702268108955605,1.3856020274696867,5
0.25,1,16,18,2,2.3115140791606548,1.011767035629379,0,0.6934581221676062,1.3604215543572968,5
0.25,1,16,19,2,2.4204855104955403,0.8728739533629168,1,0.66944779923466,1.3848313980879579,5
0.25,1,16,20,2,1.673067042263198,1.0025302378448715,1,0.014839289851708123,1.382160497053099,5
0.25,1,16,21,2,1.7240823506964464,1.0132540056923285,0,0.1609253307573593,1.3860105506399647,5
0.25,1,16,22,2,2.1199954274140205,1.0809804085306287,0,0.08350959842301657,1.3844217093963842,5
0.25,1,16,23,2,1.4863599771643141,0.8290808515211257,1,0.006437685946750835,1.3803112853131219,5
0.25,1,16,24,2,1.3615908175278204,0.7193897727482723,0,0.00011608322735524049,1.3860350324399988,5
0.25,1,16,25,2,1.376804226912579,0.7477494107820215,1,3.8857701098136903e-08,1.3849488019387644,5
0.25,1,16,26,2,1.9024265101881197,1.0860293091829023,1,1.0759097406943154e-08,1.3070978892789336,5
0.25,1,16,27,2,1.586748141555241,0.9392454495419011,1,0.001278161416705147,1.368610149380412,5
0.25,1,16,28,2,1.6223635031278956,0.9690158949711271,1,0.8254118149691055,1.3856319272108941,5
0.25,1,16,29,2,1.7381987767875313,1.040901863198652,0,0.047182346016862574,1.3851956721149095,5
0.25,1,16,30,2,1.5268904715015714,0.8931451464942486,1,0.03547678268238771,1.3833636438118087,5
0.25,1,16,31,2,1.7058322229234497,1.0185117454314763,0,0.40594140818125385,1.38616458825423,5
0.25,1,16,32,2,1.9083207930411297,1.0903930965724984,0,0.07232005283688382,1.3849049218039808,5
0.25,1,16,33,2,1.7672941645787998,1.042359183649693,0,0.22359653061151988,1.3842875811794118,5
0.25,1,16,34,2,1.6991776560960208,0.9982062394948564,1,6.77111752443762e-09,1.374775374978408,5
0.25,1,16,35,2,1.1574628653828212,0.41226285472334534,1,0.8592883908187121,1.3861262201499818,5
0.25,1,16,36,2,2.167664548647734,1.0381653669710655,1,3.3563375897742654e-06,1.3168932212886082,5
0.25,1,16,37,2,1.8846392725531806,1.0813598333406722,0,0.18011013751655708,1.3857139191661545,5
0.25,1,16,38,2,1.9355518191809233,1.0951418778170041,0,0.3892288920891124,1.3860492146577577,5
0.25,1,16,39,2,1.0015655976718827,0.010040038680051218,1,2.375769491968562e-14,1.38629347657729,5
0.25,1,16,40,2,1.7203245117573858,1.036254688114025,0,0.08691547125533415,1.3695813775057062,5
0.25,1,16,41,2,1.2037327247861014,0.4912660906142873,0,0.11424120475222777,1.3862426862942168,5
0.25,1,16,42,2,1.5609610858514336,0.9264932769075114,1,6.938245945862724e-05,1.3608093454181398,5
0.25,1,16,43,2,1.6906276371018176,1.009644493895191,1,0.13439831624100623,1.3780848976532543,5
0.25,1,16,44,2,2.1103482439101677,1.0858099651780213,0,0.4384473162685525,1.385989500536694,5
0.25,1,16,45,2,1.815659166097612,1.0710966184042623,1,0.007420983963442101,1.3699138093645327,5
0.25,1,16,46,2,1.0000176791281485,0.0001810056933728742,1,3.400758308521544e-11,1.3862943611043237,5
0.25,1,16,47,2,1.6880018449831438,1.0144700750015851,1,0.0007055631607906448,1.3615221700792826,5
0.25,1,16,48,2,1.2146500110339864,0.5466707656736081,1,0.19213668728369046,1.3825053060332584,5
0.25,1,16,49,2,2.014334105668684,1.0955703366682916,1,0.010377857707593816,1.3832773583827294,5
0.25,1,16,50,2,1.205368280623171,0.49698718204782016,1,0.0032132681620685344,1.3852354317060458,5
0.25,1,16,51,2,2.0060746184098153,1.0985745263707403,0,0.061459854219678894,1.370155778316252,5
0.25,1,16,52,2,1.765852279334321,1.0503382857162376,1,0.11285262209984565,1.3826346872991708,5
0.25,1,16,53,2,1.6764153539961502,1.0011889465388537,0,0.03908199998502263,1.362358537725212,5
0.25,1,16,54,2,1.5921900335747157,0.956432660243362,1,0.004490878652477279,1.3776206009508847,5
0.25,1,16,55,2,1.9414223590049824,1.0959761362643923,1,0.39234637834745395,1.344480964520052,5
0.25,1,16,56,2,2.475644824682103,0.786479252736918,1,0.1063097353129351,1.1253543245076691,5
0.25,1,16,57,2,1.5018755284039729,0.8702370336409804,1,0.004700695078073464,1.3790303429423132,5
0.25,1,16,58,2,2.0201340053153025,1.0982931916178367,0,0.5935457398676434,1.3845297311007347,5
0.25,1,16,59,2,1.4864288588454924,0.8584232306918849,1,0.003030242954126921,1.3801234306002383,5
0.25,1,17,0,3,2.149358680001063,1.0685819526276006,0,0.11491940027942467,1.3857203628480708,6
0.25,1,17,1,3,2.3329363994837298,0.9742105322944614,1,2.5024469017060185e-05,1.370467465670698,6
0.25,1,17,2,3,1.3591769624657322,0.7022359569164746,1,0.25531761031414674,1.3809525099486248,6
0.25,1,17,3,3,1.2509779825972007,0.58819287609134,1,0.00025454811250835756,1.3855773858831804,6
0.25,1,17,4,3,1.9023028369220096,1.0881057294250462,0,0.5635310492543575,1.3694013520896358,6
0.25,1,17,5,3,1.844113123790791,1.073139831380405,1,0.7485687257941854,1.3852976104308161,6
0.25,1,17,6,3,1.8163778663759325,1.071051030972495,1,1.0743775677793267e-07,1.3548494783205391,6
0.25,1,17,7,3,1.6782864259230688,1.012819220071464,1,0.0019711014369506144,1.3761121717291727,6
0.25,1,17,8,3,2.2140569485802013,1.04807992060301,0,0.024524051984945956,1.3862185883072695,6
0.25,1,17,9,3,1.6676300024594688,1.0027363283595299,1,3.4341586494189805e-06,1.3721810677049762,6
0.25,1,17,10,3,1.9581608389799108,1.0927365707794765,0,0.6927809809121064,1.3814959243200553,6
0.25,1,17,11,3,1.5447551270101334,0.9169611887169513,1,4.774447280239325e-05,1.3810227180866688,6
0.25,1,17,12,3,1.000100214492922,0.0008332587520757295,1,0.00011024950027421224,1.386294361097344,6
0.25,1,17,13,3,2.1418860217699294,1.0832237326839607,1,5.198400877074839e-06,1.3685526630190608,6
0.25,1,17,14,3,1.4982113522740481,0.867871750049894,1,4.944828415780046e-06,1.3855774612960339,6
0.25,1,17,15,3,1.9790950848775504,1.0980434418293927,1,7.647592200252977e-08,1.3857860276287421,6
0.25,1,17,16,3,1.6006416245978696,0.9476678482821448,1,0.4853022334521412,1.3847776639825016,6
0.25,1,17,17,3,1.5558437127470648,0.920746919101499,1,0.6218911086306127,1.3821989416554918,6
0.25,1,17,18,3,1.6103354852268907,0.9561594295197747,0,0.9246043175430736,1.3854363441438826,6
0.25,1,17,19,3,1.8522927408764018,1.057754736370016,0,0.11263099397937032,1.3274820627864448,6
0.25,1,17,20,3,1.5625598745036011,0.8128212583039343,1,0.5710467636136056,1.385053133713134,6
0.25,1,17,21,3,2.3158123099675167,1.0124459604624483,1,1.9743486753850382e-05,1.2849481012589736,6
0.25,1,17,22,3,1.5361079250081395,0.9103834793953313,1,6.385390823095025e-05,1.360053537864844,6
0.25,1,17,23,3,2.081637478100635,1.0885464609624858,1,0.01417428692084682,1.3352768946580085,6
0.25,1,17,24,3,1.2166917541145799,0.5364253761734428,1,7.944451945381778e-13,1.3860370209840376,6
0.25,1,17,25,3,1.5295455412912522,0.8992720394024254,1,1.4494183855156084e-06,1.3785430868061537,6
0.25,1,17,26,3,1.6458961005181534,0.9828537046535567,1,0.7159905662025612,1.3848665107967117,6
0.25,1,17,27,3,1.8969871611764746,1.0880751773843635,0,0.7071167448657742,1.3860751856885245,6
0.25,1,17,28,3,1.9755763097856258,1.0852508292763776,1,0.0012125335625388287,1.367000114785073,6
0.25,1,17,29,3,1.93670597978595,1.0938120299778684,0,0.05019435328344804,1.3861002890383634,6
0.25,1,17,30,3,1.2130028936094759,0.5051825317365162,1,0.0035579786055930512,1.3856224865540345,6
0.25,1,17,31,3,2.168496651997254,1.0578891454107353,1,5.20521481871165e-07,1.2560807870501158,6
0.25,1,17,32,3,1.3902353493512583,0.7856472747481714,0,0.050846843994141744,1.3841026500852853,6
0.25,1,17,33,3,1.891567956912923,1.087122555997416,0,0.43928951234388935,1.3862236085838169,6
0.25,1,17,34,3,2.211470149981314,1.0574172615397723,1,0.009550242197215312,1.2688615871003028,6
0.25,1,17,35,3,1.2904346040843946,0.6345766231922344,1,6.6754137879346405e-06,1.3854177016961222,6
0.25,1,17,36,3,2.2825136967190827,0.9921475912753831,1,0.006235135792539584,1.3757922889416354,6
0.25,1,17,37,3,1.9243023130021626,1.0896962202272567,1,0.012205510556160587,1.3439342386254358,6
0.25,1,17,38,3,1.3798143708029698,0.7404153344732664,1,0.08391865328982723,1.3857131475415576,6
0.25,1,17,39,3,1.5500571592536994,0.7644165853810556,0,0.17246321134592318,1.380358340192983,6
0.25,1,17,40,3,1.9902403438350749,1.0818828262189877,1,0.148311656383723,1.3679160950078053,6
0.25,1,17,41,3,1.5000149958869253,0.867634302884544,0,0.6705493082707623,1.3852566193786129,6
0.25,1,17,42,3,1.6813614018345815,1.0147730377341762,1,0.000550447629797806,1.3656170444139522,6
0.25,1,17,43,3,1.2934871053238792,0.6371100441477263,1,3.3821689226125555e-09,1.384757210359065,6
0.25,1,17,44,3,1.7058776752754459,1.0197389721969778,1,0.174881901117362,1.380618979253141,6
0.25,1,17,45,3,2.3274380743153573,0.9641952992702665,0,0.6556191043931254,1.3782754336654046,6
0.25,1,17,46,3,1.5518787411237975,0.9264124140871475,1,1.4512153281681561e-12,1.3797360602006714,6
0.25,1,17,47,3,1.3614317342245084,0.724721811781713,1,0.00024540899860135576,1.3858570647426467,6
0.25,1,17,48,3,2.0119722787007532,1.0984918718313834,0,0.7891247497196668,1.38552739138296,6
0.25,1,17,49,3,1.9485052753521264,1.09654722936698,1,2.037863731451104e-05,1.3801542271570697,6
0.25,1,17,50,3,1.4551228929954985,0.8334509408344157,1,0.03657452083721951,1.3847234433039142,6
0.25,1,17,51,3,1.382639850236158,0.7484333099985783,1,0.018109064454856716,1.3857698830638092,6
0.25,1,17,52,3,1.9573465852367524,1.0828227254381524,1,9.421215570683537e-08,1.373733030793198,6
0.25,1,17,53,3,1.9923051042016278,1.0985660397829593,1,0.04526347316086945,1.3766702716265211,6
0.25,1,17,54,3,2.3073499538605637,1.0123656759373785,1,9.657894356838255e-08,1.3771836297218127,6
0.25,1,17,55,3,1.7017471071812613,1.0159328055275978,0,0.28516004835693065,1.3851627428770856,6
0.25,1,17,56,3,1.8293482751881576,1.066794654946838,1,0.0015953526191700136,1.3636359540831293,6
0.25,1,17,57,3,1.9870301573442783,1.0928441609478934,1,0.013820212188017636,1.3725863495508084,6
0.25,1,17,58,3,1.5062540973437932,0.8802017549838015,1,1.500251937257617e-08,1.3763591442200207,6
0.25,1,17,59,3,2.0245112269883916,1.0978648087228677,1,3.4912916380396133e-08,1.3801011587354284,6
0.25,1,18,0,3,1.1698545564049392,0.4265562236295956,1,4.186838271776958e-05,1.3861975510256734,2
0.25,1,18,1,3,1.838727350524188,1.0734990178933963,0,0.4179226137095693,1.3819669841817652,2
0.25,1,18,2,3,1.4664847741488312,0.8428687228751107,1,0.0006073964120827491,1.385784442868373,2
0.25,1,18,3,3,1.9601287703829555,1.0913541636694049,1,0.00034589912005683247,1.3705996962909164,2
0.25,1,18,4,3,1.4053592328030577,0.7876924292809782,1,1.3313270155563218e-09,1.3824423924080707,2
0.25,1,18,5,3,1.6357748800901228,0.9703123690591803,0,0.9195758311255197,1.3855008007305551,2
0.25,1,18,6,3,1.794055593369213,1.0582016245125236,0,0.3440436730542512,1.3846776160736205,2
0.25,1,18,7,3,1.5319431185718646,0.8992617583205943,1,9.222576053916532e-06,1.3836224084950939,2
0.25,1,18,8,3,1.30283363562949,0.6492333071814252,1,0.0017041191032714422,1.382431601996899,2
0.25,1,18,9,3,1.266410641383535,0.6001586810810005,1,0.7843136367623018,1.3862447868483199,2
0.25,1,18,10,3,2.2677479891421095,1.0339844085127161,1,4.810631153866513e-05,1.2704644892883061,2
0.25,1,18,11,3,1.673987783125307,1.0167584439070916,1,0.012134131836948094,1.3335664142739354,2
0.25,1,18,12,3,1.6202513097199671,0.9612767385068568,1,4.602670295033832e-08,1.363131336019681,2
0.25,1,18,13,3,1.124050518412964,0.3545511967453579,1,0.013691197957221861,1.3862737849549243,2
0.25,1,18,14,3,2.091799290024844,1.0907539236685575,0,0.3606094155617925,1.3852640027725522,2
0.25,1,18,15,3,1.9231363198959361,1.0921943275995254,1,0.26456422852487826,1.3802566098908116,2
0.25,1,18,16,3,1.0426344649074597,0.1566055585157251,1,2.9714797870995635e-08,1.38628516414094,2
0.25,1,18,17,3,1.6660078064617299,1.0056016400344487,1,2.514823773941083e-05,1.382665583000267,2
0.25,1,18,18,3,1.5940116891737588,0.9494061121512687,1,0.0014036403670906776,1.3563973817649166,2
0.25,1,18,19,3,2.200779163282662,1.0652393495943222,1,1.8084993938290172e-07,1.2830281973347593,2
0.25,1,18,20,3,2.0936946999029455,1.0885535625287746,1,0.0001338608001196611,1.339934432297345,2
0.25,1,18,21,3,2.2392460969181447,0.991142676291699,1,0.005904800068659525,1.222247200084946,2
0.25,1,18,22,3,2.0267193013137503,1.0980300651938577,1,0.202172995881549,1.349429590765649,2
0.25,1,18,23,3,1.5638858026076963,0.9277234431458381,1,0.003995261480740798,1.3837362482338285,2
0.25,1,18,24,3,1.298210409464917,0.6172191860489701,1,0.1641329170557541,1.3842891482455584,2
0.25,1,18,25,3,1.817185025285236,1.0673981478626067,0,0.7781827476902203,1.3862018787717763,2
0.25,1,18,26,3,1.0028610299913372,0.01830575336870802,1,0.11518337082217525,1.3862937974718184,2
0.25,1,18,27,3,1.4037046274235205,0.7847572535041957,1,1.6305343704275237e-07,1.383969898407901,2
0.25,1,18,28,3,1.968158579040598,1.0975556275564426,0,1.2880503003545845,1.3862139922620251,2
0.25,1,18,29,3,1.9617883033728623,1.0972798902317444,0,0.9643641010623476,1.3856904949151923,2
0.25,1,18,30,3,1.0191519834335312,0.07848674352883936,1,0.009098976285669523,1.3862699556769758,2
0.25,1,18,31,3,1.769886983301304,1.0572433634931708,1,0.03798314839400741,1.3338571441741993,2
0.25,1,18,32,3,1.4693425968003007,0.8472915801171483,1,1.8688798449228992e-11,1.3837782554735885,2
0.25,1,18,33,3,2.1514676774846415,1.0728236188711546,1,0.4836019789405993,1.3754150032435892,2
0.25,1,18,34,3,1.5010182981752227,0.8816988629415591,1,1.3174102608913783e-07,1.3729758994780363,2
0.25,1,18,35,3,1.8503980330413996,1.0733783743862124,0,0.00485020808409191,1.385033646034749,2
0.25,1,18,36,3,1.541430825443686,0.904328852108617,0,0.09254283027780509,1.3859485400182872,2
0.25,1,18,37,3,1.7048662933107113,1.0165368356944933,1,0.005120485291401793,1.3826191595932111,2
0.25,1,18,38,3,1.8413352030005443,1.0753774188270806,0,0.04169422262725199,1.3852172178753746,2
0.25,1,18,39,3,1.7074525906358022,1.0197743608484116,1,0.009249593271474982,1.382149073313347,2
0.25,1,18,40,3,1.3307824727949746,0.7002182670184054,1,4.269310653471824e-05,1.3844879166545894,2
0.25,1,18,41,3,1.9771379667201276,1.0981603537369986,1,0.0015156139899154904,1.334007823026416,2
0.25,1,18,42,3,1.4046237941085578,0.7850827967846188,0,1.1176328588318543,1.3861732067632042,2
0.25,1,18,43,3,1.5064876383765313,0.8706822014099491,1,1.4552035534873115e-06,1.3763660303489722,2
0.25,1,18,44,3,2.246289065128286,1.039435987544762,1,0.01541275505378945,1.3584749679365795,2
0.25,1,18,45,3,1.7389067620733705,1.0419186256905026,1,1.0061705218208678e-05,1.370958756951392,2
0.25,1,18,46,3,1.2270483352463328,0.5393927476091173,1,0.2839511413183284,1.3846075429749938,2
0.25,1,18,47,3,1.938697302007551,1.0951011338659307,0,0.9942333038720306,1.3852595185703125,2
0.25,1,18,48,3,1.4305313275935487,0.8122895934180714,1,2.26695844503519e-08,1.3769569108890412,2
0.25,1,18,49,3,1.4570557989851496,0.8169840738450023,1,0.00013922708710329781,1.3853331355736216,2
0.25,1,18,50,3,1.5921109753600515,0.946502038322417,1,7.80725327591199e-06,1.368155616319596,2
0.25,1,18,51,3,1.6548811063234665,0.9926185001248515,0,0.9905226202947552,1.3858732419882864,2
0.25,1,18,52,3,1.2383920818123002,0.5953624177108044,1,0.0010276944879729416,1.3825262778591465,2
0.25,1,18,53,3,1.6275293637374753,0.9698739773426732,0,0.07133945753790905,1.3854079966292006,2
0.25,1,18,54,3,1.7576217379214893,1.0344157491919725,1,4.494832342676414e-06,1.368194603639474,2
0.25,1,18,55,3,1.3511341471577003,0.7201079303482798,1,1.8926048986218993e-07,1.3849852643817684,2
0.25,1,18,56,3,1.6875503433868697,1.0114807928021428,0,0.3330156159907092,1.3857747519504793,2
0.25,1,18,57,3,1.9077795585532182,1.0898854467355208,1,0.776616298860845,1.3860776281766232,2
0.25,1,18,58,3,1.4295984646793767,0.7993074958477544,1,9.005736580275514e-07,1.3821628712670417,2
0.25,1,18,59,3,1.2451585890697907,0.5646525257157269,1,0.6429314152155823,1.383247829789155,2
0.25,1,19,0,0,1.4344293186332897,0.8264237176600804,0,0.5667188525998839,1.3819419147769962,4
0.25,1,19,1,0,1.3950087148939223,0.7595046913523806,0,0.07801904994174308,1.3858227247337165,4
0.25,1,19,2,0,1.1859867096599637,0.4445621926733062,0,0.018649597744188916,1.3860376491582618,4
0.25,1,19,3,0,1.4747923465226893,0.8435399403969295,0,0.585876249492599,1.3861614535703246,4
0.25,1,19,4,0,1.7732976402499316,1.0488707635346124,0,0.07952230379786124,1.3831104745883336,4
0.25,1,19,5,0,1.5324392870446788,0.8809308352791192,1,0.30486549787847117,1.3862280620499585,4
0.25,1,19,6,0,1.5424380831102948,0.9044667845253025,0,0.5560848207543384,1.3836667729661125,4
0.25,1,19,7,0,1.962672836301523,1.0932645031766544,0,0.055163644273590794,1.301158084757167,4
0.25,1,19,8,0,1.942512244052717,1.0950755654639857,1,0.0013590142443991378,1.370598953902458,4
0.25,1,19,9,0,1.3354365742704228,0.6952556164763711,0,0.10457089858344618,1.385520685795862,4
0.25,1,19,10,0,1.4830984083761944,0.8369396089814096,1,2.1317177257275753e-07,1.374954975621932,4
0.25,1,19,11,0,1.6363926191227507,0.9885876532714575,1,0.007152328862619796,1.3848401007837419,4
0.25,1,19,12,0,2.191368678706765,0.9008939375660054,1,0.00024142649847593942,1.1778198470517174,4
0.25,1,19,13,0,1.137489856714717,0.36046951455053183,1,4.750357257061752e-06,1.3862474140936436,4
0.25,1,19,14,0,1.8289992208598507,1.0723981031797525,0,0.3883606562024996,1.3861748770276838,4
0.25,1,19,15,0,1.2113516885610518,0.5128269783676428,0,0.04536921780729587,1.3856537872305599,4
0.25,1,19,16,0,1.5237399456063332,0.869409352879958,1,0.0007438219402767424,1.3856673238653976,4
0.25,1,19,17,0,1.4672506866760322,0.8184907943899329,1,0.004289333181271969,1.3848886191395215,4
0.25,1,19,18,0,1.275386553539432,0.6279697234356502,1,3.836603487941392e-07,1.3857830866846845,4
0.25,1,19,19,0,1.6528760791119899,0.9868346006779359,0,0.4811797934235616,1.3862178067559547,4
0.25,1,19,20,0,2.405891087650508,0.9678141011389355,1,1.3542788637374476e-06,1.3070999505843204,4
0.25,1,19,21,0,1.4618228973315144,0.822434486786707,1,0.030921115762284124,1.3779884854034494,4
0.25,1,19,22,0,1.7769447971282673,1.0573408380851095,0,0.12877236912846143,1.3828604909895503,4
0.25,1,19,23,0,1.858197326089159,1.0786411155666673,1,0.09140916692674181,1.3862637368155617,4
0.25,1,19,24,0,2.180604065467693,1.058600499497609,1,9.359364659538229e-06,1.3608058098860376,4
0.25,1,19,25,0,1.338973980974083,0.6823920624178714,1,9.312022318601454e-08,1.3816815512248015,4
0.25,1,19,26,0,2.062778974482632,1.0956479486191344,1,0.5353649283523458,1.380485095321451,4
0.25,1,19,27,0,1.5286319027368511,0.8950201374146436,0,0.5079109204849559,1.384244803798868,4
0.25,1,19,28,0,1.7031339008835,1.0167828493332733,0,1.0476575073908019,1.3861377932916392,4
0.25,1,19,29,0,1.8693770833802483,1.0791762563025689,1,0.00036165590272572686,1.3813375728789523,4
0.25,1,19,30,0,1.0890526654045618,0.2796172562659854,1,0.005304002369897813,1.3861606886589461,4
0.25,1,19,31,0,2.0710129642449,1.0926708182278475,1,0.004358849749853997,1.3721458283206451,4
0.25,1,19,32,0,1.5461758735358941,0.9087290521982236,0,0.11643188437104898,1.3862419723235073,4
0.25,1,19,33,0,1.3413795794508367,0.720100506678375,0,0.8732934905816765,1.3860993516765252,4
0.25,1,19,34,0,1.2881601422090825,0.6078487490320932,1,0.00039483166070560665,1.383731076032916,4
0.25,1,19,35,0,1.809737368138499,1.0642273810034033,0,0.0253634729736239,1.3762562884417502,4
0.25,1,19,36,0,2.0795161178979913,1.0833727274168496,1,2.3012190412298763e-06,1.3842009004606148,4
0.25,1,19,37,0,1.468414041262891,0.8529900811780574,1,7.470032976056347e-06,1.375664534770466,4
0.25,1,19,38,0,1.8424742832087353,1.0692366627527872,1,1.087609603054316,1.3816018648609951,4
0.25,1,19,39,0,2.1343385298823523,1.0796647612988315,0,0.08805127621282327,1.368567324335554,4
0.25,1,19,40,0,1.1972393468381328,0.4986375436227206,1,0.010180375839386645,1.3860246249970245,4
0.25,1,19,41,0,1.8284110747593054,1.0763789496687484,1,0.006348800639962281,1.377530651738509,4
0.25,1,19,42,0,1.957171746550807,1.0969729239179964,1,0.010391317770461057,1.3858760655329876,4
0.25,1,19,43,0,1.3623208810201615,0.7142886383732141,1,0.0008528393989337391,1.382605839953742,4
0.25,1,19,44,0,1.728823775527679,1.0297667480447574,1,5.610465091408255e-08,1.3830536213840818,4
0.25,1,19,45,0,1.6385274976991957,0.9772037001459892,0,0.34440516953159817,1.3862669121385656,4
0.25,1,19,46,0,1.0660301157061176,0.23633093622239865,1,0.0022774653552025846,1.3862234254484274,4
0.25,1,19,47,0,1.6828286379489923,1.0124006104708263,1,0.04193344906933247,1.3812834419573312,4
0.25,1,19,48,0,1.7479626330470583,1.0388360501517446,1,0.0008200794062379364,1.3773180983212785,4
0.25,1,19,49,0,1.890091300983841,1.07857786054673,1,0.00011743816594647497,1.3674911613359466,4
0.25,1,19,50,0,1.5573261502932785,0.9149856981921968,1,0.0012612520565340238,1.3806033385299648,4
0.25,1,19,51,0,1.0024657624894728,0.010482009756233682,1,0.3931953927153063,1.3862941132975044,4
0.25,1,19,52,0,1.5779272127439592,0.9434181677744351,0,0.14430108565677338,1.3853212675955515,4
0.25,1,19,53,0,1.9542002658480992,1.0959706791437271,1,0.06867328225860267,1.381875096014616,4
0.25,1,19,54,0,1.4723796160828375,0.8492668492953857,0,0.058625367063081815,1.3841596232435767,4
0.25,1,19,55,0,1.619472457694552,0.9777639678501016,1,2.009138443220386e-05,1.3814270355614096,4
0.25,1,19,56,0,1.5313669152824911,0.8920620107508456,0,0.15203745475471864,1.375598316278498,4
0.25,1,19,57,0,1.7102463179262364,1.020051227073869,1,0.00011762375580770917,1.3846546038445156,4
0.25,1,19,58,0,2.439761861733628,0.8662513660524831,1,0.00031386555282768226,1.376938456711684,4
0.25,1,19,59,0,2.1250569905173413,1.0853164245485751,1,0.19833737517489547,1.3847246108943607,4
0.25,3,0,0,2,1.1808784477795486,0.4593803123214323,1,0.594554866028697,1.385806583692227,2
0.25,3,0,1,2,1.3137173070084773,0.669671497757955,1,0.026508817576911405,1.3860109959510496,2
0.25,3,0,2,2,1.3824480459437711,0.7825033734460695,1,0.16695316965251777,1.3845072173221966,2
0.25,3,0,3,2,2.261194954607276,1.021705999362169,1,0.016501802435287614,1.3076873295335982,2
0.25,3,0,4,2,2.136352526046485,1.082429495462466,1,0.0001374745337139124,1.3484759899917278,2
0.25,3,0,5,2,2.340463669420177,0.9632080779932448,1,1.64327139445143e-06,1.3088783595672535,2
0.25,3,0,6,2,2.3825426919023434,0.9498234499662437,1,8.44303405851722e-06,1.3203807162435193,2
0.25,3,0,7,2,2.0726517957271273,1.0946496482899273,1,0.0004544373263266643,1.3125461489143944,2
0.25,3,0,8,2,1.6794239636878567,1.011347101846349,0,0.18201470713165147,1.3744146626374196,2
0.25,3,0,9,2,2.5855429921407933,0.8203920118827419,1,1.374416964402042e-06,1.3152775908185201,2
0.25,3,0,10,2,2.461963708647251,0.7534551757247014,1,6.2375348937250434e-09,1.1759111785909997,2
0.25,3,0,11,2,2.2455197053354596,1.0461675926991496,1,5.542563832942794e-06,1.3535840335103844,2
0.25,3,0,12,2,1.7515327680109125,1.029286398923929,1,0.05372015638768962,1.3798962343985448,2
0.25,3,0,13,2,1.588144272672728,0.9293408315033996,1,0.5168447688533788,1.376217492885047,2
0.25,3,0,14,2,1.7012246534796067,1.0009473996373788,1,0.9008034155344198,1.3796093597321382,2
0.25,3,0,15,2,1.7573221821696041,1.017567616053501,1,1.478235918297226e-05,1.352564352695477,2
0.25,3,0,16,2,2.104108409228161,1.0854937216770646,1,0.00019995596942869547,1.3816002758270227,2
0.25,3,0,17,2,1.83416012511838,1.0714140761425144,0,0.8918244376119755,1.3860126786257077,2
0.25,3,0,18,2,2.509510339970459,0.7448393381147971,1,1.5560907819582321e-09,1.1178908053259762,2
0.25,3,0,19,2,1.7552526088847604,1.0421591129381755,1,0.8980658824394439,1.3801074351185898,2
0.25,3,0,20,2,1.775008033130504,1.060213136396378,1,0.6468998511893583,1.3715768456055848,2
0.25,3,0,21,2,1.7034102588117832,1.015157272538933,1,0.7989737604081538,1.3861226988178854,2
0.25,3,0,22,2,2.513334192075616,0.7520177615947202,1,0.012303284986734851,1.2468298531772253,2
0.25,3,0,23,2,2.070529929981086,0.8919430178645741,1,0.04530199932614606,1.2931060761717619,2
0.25,3,0,24,2,1.9547869434693306,1.0963772351624952,1,0.00014021672763887537,1.3733453003298672,2
0.25,3,0,25,2,1.478356685719145,0.8826165947588689,1,0.16801925202432552,1.3840187601764682,2
0.25,3,0,26,2,2.2333371111311755,1.0328402812601971,1,0.0010829802976994557,1.2058213481001745,2
0.25,3,0,27,2,2.390396248185855,0.9033881205556665,0,0.013179172504336966,1.345656183296609,2
0.25,3,0,28,2,1.4790949878678796,0.8509270146144714,1,0.004714914657534332,1.3830327386179202,2
0.25,3,0,29,2,2.3288690643167755,0.9679092602757388,0,0.3472387780159297,1.355917771215089,2
0.25,3,0,30,2,2.561024063577024,0.6891952970140709,1,4.1813851554863154e-11,1.1313954339930428,2
0.25,3,0,31,2,2.3679670676747384,0.9650415423686922,1,6.190849937934572e-06,1.3421125751558631,2
0.25,3,0,32,2,2.5635028722746176,0.7152303270508025,1,4.9402658511481935e-05,1.242723594597011,2
0.25,3,0,33,2,2.0266964856710725,1.0979750903841419,1,0.6509910328918496,1.374248933779624,2
0.25,3,0,34,2,1.460683929784933,0.8214953542317658,1,0.00010732640039266878,1.3816351930667745,2
0.25,3,0,35,2,2.4607173725121188,0.7325241307867503,1,0.5358415162874214,1.3533490556002061,2
0.25,3,0,36,2,2.475107428026406,0.8880085604745479,1,1.0487466312843738e-06,1.353079808339947,2
0.25,3,0,37,2,1.599208413135455,0.950694930984707,0,0.7442946762153784,1.3861715993102972,2
0.25,3,0,38,2,2.3643688099151965,0.949493938055301,1,0.002699659589222953,1.3564126660205744,2
0.25,3,0,39,2,1.9536184515262611,1.0941918896370018,1,3.508604103719539e-10,1.3702318260481507,2
0.25,3,0,40,2,2.1470524234695,1.063070714896213,1,4.360562031726643e-12,1.3632437962219908,2
0.25,3,0,41,2,2.172216487460073,1.0547783375423918,1,1.9487562114325713e-08,1.3576304596075244,2
0.25,3,0,42,2,2.5151438616930863,0.7855839132706548,1,1.608104401147074e-08,1.1708218597467326,2
0.25,3,0,43,2,2.38001726705645,0.9481291018552198,1,1.0224676063935939e-05,1.169190704112775,2
0.25,3,0,44,2,1.8791857429216987,1.0868194137453988,1,0.0001735117713936084,1.3410944245821095,2
0.25,3,0,45,2,1.0116549400880666,0.05082315981829667,0,0.013550314955694927,1.3862943480192451,2
0.25,3,0,46,2,1.7922793901635838,1.0553453248321545,0,0.0006044426903795662,1.381979953104768,2
0.25,3,0,47,2,1.2603451586671095,0.618725281190344,1,0.00011344216016754888,1.3849861344702616,2
0.25,3,0,48,2,2.074695889521526,1.0920491691225513,1,0.00010366749830241827,1.364825747634135,2
0.25,3,0,49,2,1.9351809084148692,1.0949673005017846,1,0.13546840546455052,1.3861651031277207,2
0.25,3,0,50,2,2.5015602612680743,0.800781693428138,1,1.0113804465176914e-05,1.0986108974655564,2
0.25,3,0,51,2,1.0220785777559165,0.09549711319567289,0,0.064725119038248,1.3862831666708133,2
0.25,3,0,52,2,1.5578119385100508,0.889920165647227,1,0.06926985775968993,1.384877931193471,2
0.25,3,0,53,2,1.0077444856697544,0.037918554441971855,1,0.5493802997000298,1.3862924438256878,2
0.25,3,0,54,2,2.1218125950656668,1.0805407380193175,1,9.65413863761816e-07,1.2926366727531302,2
0.25,3,0,55,2,1.7955409139672667,1.0666655727778749,1,0.00023769471040067328,1.3806944177454246,2
0.25,3,0,56,2,1.25017442493755,0.5673211106452869,1,0.04508515344379146,1.3843575644514425,2
0.25,3,0,57,2,2.4547623398473015,0.8167317018824151,1,7.104008479705656e-06,1.3274155889652066,2
0.25,3,0,58,2,1.7558667382732027,1.0419144483142717,1,0.2294624650073213,1.3732275243369885,2
0.25,3,0,59,2,2.1859411873173435,1.063684733090546,0,0.0005748949085527995,1.3087134284402835,2
0.25,3,1,0,1,1.7401451793882794,1.0469511425479794,0,0.3363403399282174,1.385912253928924,4
0.25,3,1,1,1,1.0823143786325702,0.2506641831053612,1,0.0011035416497709848,1.3862047702130116,4
0.25,3,1,2,1,1.8754028859319325,1.0832030032454651,1,0.7154265911954164,1.3862759512266492,4
0.25,3,1,3,1,1.9450190406148178,1.0956404457923834,1,4.2331137499567706e-05,1.385453500236392,4
0.25,3,1,4,1,1.3986485350917508,0.7632164018869143,1,3.913240874706169e-06,1.3817087844553135,4
0.25,3,1,5,1,1.5655927994537984,0.923958481390705,1,0.0021913682457126655,1.3859816231912978,4
0.25,3,1,6,1,1.6044469103454888,0.9535091975548293,1,4.048456376682246e-08,1.3819334566434764,4
0.25,3,1,7,1,1.1104653203074784,0.31400916131712403,1,1.546217709106072e-05,1.3862602498891197,4
0.25,3,1,8,1,1.440952678123955,0.8094301793400207,1,0.00020653266424672362,1.384773515587332,4
0.25,3,1,9,1,2.0089550894308115,1.0982954720457752,0,0.03810376447680038,1.3760779878276213,4
0.25,3,1,10,1,1.6353705103100913,0.975030033199507,1,0.003911185281295243,1.3831455597776783,4
0.25,3,1,11,1,1.5478460699315444,0.909551360435434,1,0.015997067162368383,1.3835160118747158,4
0.25,3,1,12,1,1.0108567069362702,0.04582484400574775,1,0.034908867036794515,1.3862941294244533,4
0.25,3,1,13,1,2.0780499903529397,1.0923432712081729,1,0.06698943878975205,1.3837679236206961,4
0.25,3,1,14,1,1.9445531486243461,1.0955856894238403,1,0.03968288505102949,1.3861556580693724,4
0.25,3,1,15,1,1.361043898254429,0.7187185443627806,1,0.0029888697843510233,1.3857699810006714,4
0.25,3,1,16,1,2.2110002733269836,1.0507082529705554,1,0.31917206709444323,1.3861347111138071,4
0.25,3,1,17,1,2.427685009866577,0.8529430663902287,1,0.020212530703576117,1.3848081904525986,4
0.25,3,1,18,1,2.422578660168202,0.8606120062239164,1,1.347423173186395e-06,1.3736501634195284,4
0.25,3,1,19,1,1.891051063765595,1.087107916416087,1,0.005427489708786116,1.383210014031417,4
0.25,3,1,20,1,1.7441247144026717,1.0369751281572246,1,5.19260747187784e-07,1.3808186012388937,4
0.25,3,1,21,1,1.732968661785193,1.0315927624265493,1,9.374593871824517e-12,1.3707778564741533,4
0.25,3,1,22,1,1.0630773302067469,0.2035690454209202,1,0.004331540330611645,1.386293422185353,4
0.25,3,1,23,1,1.7770856581163441,1.051584579959877,1,0.0003191748154813029,1.378932059588834,4
0.25,3,1,24,1,1.447647739723742,0.8182178248398224,1,0.4847574753956629,1.3851430201943686,4
0.25,3,1,25,1,2.0307214670277816,1.0972372777179875,0,0.797685027510297,1.3849706510067477,4
0.25,3,1,26,1,2.0283817481253172,1.0977803624953042,1,0.22864595810458896,1.3854783991713573,4
0.25,3,1,27,1,2.100222818088439,1.088235715272726,1,0.06921273475288811,1.3857789520257937,4
0.25,3,1,28,1,2.0352090334525057,1.097394605013768,0,0.6932320139113629,1.381589400743936,4
0.25,3,1,29,1,1.3417513099636844,0.6966522276597259,1,0.5192232937686608,1.386014572285335,4
0.25,3,1,30,1,2.4216919065802363,0.8619195539351235,1,1.0778805590700332e-07,1.3513195105769757,4
0.25,3,1,31,1,1.8773519150642741,1.0856256149638641,0,0.3130237788139897,1.384968517904194,4
0.25,3,1,32,1,2.171640667509672,1.0669337290145613,1,0.0006143472518588129,1.3753145060895042,4
0.25,3,1,33,1,1.8338250059739765,1.0720273577920487,1,0.5442646732110111,1.385020338995965,4
0.25,3,1,34,1,1.422737696649082,0.7899834090486768,1,0.004573161371389693,1.3805881264382682,4
0.25,3,1,35,1,1.6067880720206622,0.9551995670918405,1,7.46496465808648e-07,1.381258967993179,4
0.25,3,1,36,1,1.4449512377239664,0.8135954801945908,1,0.001824723301090358,1.379674750179571,4
0.25,3,1,37,1,1.7484765773732438,1.0390147721035197,1,0.00010662821476402348,1.3654305763888284,4
0.25,3,1,38,1,1.753922857579778,1.0415235486282985,0,0.3827740680715065,1.3859708658370231,4
0.25,3,1,39,1,1.8893097209587686,1.0867430594409497,1,0.01259515219715829,1.3784546771555224,4
0.25,3,1,40,1,2.243958542678766,1.0271436536188125,1,0.4276064618074774,1.3854892585665817,4
0.25,3,1,41,1,1.6340240948923133,0.9730579964475286,0,0.002675415414833903,1.376697689859134,4
0.25,3,1,42,1,1.09039112506472,0.2694435563833131,1,0.001867130919711725,1.386094947079188,4
0.25,3,1,43,1,1.2587324957928614,0.5794331264482299,1,0.16001646716537893,1.385515489962179,4
0.25,3,1,44,1,1.6012112880227847,0.9511563401925869,1,4.473537616228389e-06,1.3820872576869059,4
0.25,3,1,45,1,2.09739602585467,1.089859904745859,0,0.015179896416538613,1.3402940057742958,4
0.25,3,1,46,1,1.7035431225463942,1.0132771123191673,0,0.0630755028214904,1.3808041993270743,4
0.25,3,1,47,1,1.146612818215468,0.38784236010354955,1,6.219381393192522e-07,1.3861635745057572,4
0.25,3,1,48,1,2.4329375702992766,0.8447860127270277,1,9.808568348182099e-05,1.2814990430336592,4
0.25,3,1,49,1,1.6416929417062602,0.979208574428492,1,0.00019900966985193232,1.3828613288284313,4
0.25,3,1,50,1,2.298910913375915,0.9942555175531376,1,5.439290827332224e-07,1.3814218022727613,4
0.25,3,1,51,1,1.6941723334295806,1.0106978891644927,0,1.1657980203129605,1.3862779164632415,4
0.25,3,1,52,1,1.5240550106347008,0.8964859790297547,0,0.21196970329076778,1.3862377697083779,4
0.25,3,1,53,1,1.2479176437481447,0.5628822376424312,1,7.740421832091945e-06,1.3860525727138957,4
0.25,3,1,54,1,2.432278657147349,0.8458631694975136,1,0.007012506404178871,1.3401982486100512,4
0.25,3,1,55,1,1.5792070990634526,0.9346397511521096,1,2.2356734781128196e-05,1.3844353697172922,4
0.25,3,1,56,1,2.4239995487715458,0.8585019646727032,1,0.00024239677876388682,1.3640208380099592,4
0.25,3,1,57,1,2.400350735605009,0.8914380475975013,1,0.004844992154452855,1.2219834679430994,4
0.25,3,1,58,1,1.5871969328741775,0.9407462162579994,1,0.005911733801304458,1.3831058705760964,4
0.25,3,1,59,1,1.7550245902359118,1.0420201339368838,1,2.224900197625587e-05,1.3858460658541953,4
0.25,3,2,0,3,1.4106997468643943,0.7344855712703507,1,5.603615553680264e-07,1.382386466696953,5
0.25,3,2,1,3,1.4120203602434982,0.7954409500160249,1,2.0928260428830936e-05,1.3827670412072992,5
0.25,3,2,2,3,1.3010305294739286,0.6440705216122616,0,0.03771332683312013,1.385606310236009,5
0.25,3,2,3,3,1.8701765162575084,1.0707008101767963,1,2.3949608108815023e-05,1.3791908848480596,5
0.25,3,2,4,3,2.0054358333785083,1.0985065172648052,1,0.023769733581930234,1.3710843938392325,5
0.25,3,2,5,3,2.2754034657512374,1.0044239403275836,1,0.003706885596388055,1.255050171128255,5
0.25,3,2,6,3,1.4663936730474698,0.8718432823960272,1,0.001369547309862318,1.3816963861188831,5
0.25,3,2,7,3,1.371744591414699,0.7376586160174952,0,0.45639497749120844,1.3844824398913458,5
0.25,3,2,8,3,1.8210578637781336,1.0678509427288543,0,0.3365752679792757,1.38378681986983,5
0.25,3,2,9,3,2.4775460805700193,0.7208880025132041,1,4.0411435519324336e-05,1.3749878833882552,5
0.25,3,2,10,3,1.2050122618341852,0.49783190624953044,1,0.0003575022295178868,1.3861819053398348,5
0.25,3,2,11,3,1.393943150517524,0.7578422693345621,0,0.03643217889206877,1.3854934241753027,5
0.25,3,2,12,3,2.1435329308866464,1.0826726819060304,0,0.11156295181382525,1.3849383604738363,5
0.25,3,2,13,3,1.7485021655492035,1.0415995493442418,0,0.9212365548387156,1.3856188931246018,5
0.25,3,2,14,3,1.7881996556775128,1.0582342479038882,0,0.19629969627288021,1.381369658384163,5
0.25,3,2,15,3,2.1239848462980393,1.0797545529141996,1,0.6304380670575617,1.3658815598460845,5
0.25,3,2,16,3,1.6228026012667538,0.9749426136030616,0,0.19165522537004476,1.3851545613421474,5
0.25,3,2,17,3,1.9666095545511857,1.0947568816055,1,1.797975991315234e-07,1.3659966016770881,5
0.25,3,2,18,3,1.9904401139692867,1.0985389667039616,1,1.4676189341492712e-05,1.3624691636093804,5
0.25,3,2,19,3,1.7915091618446044,1.058506577798965,0,0.5630629531220961,1.3795504063670603,5
0.25,3,2,20,3,1.8441167804671816,1.0716264107004345,1,0.00025176413700525395,1.3702469995064346,5
0.25,3,2,21,3,1.1426056961809559,0.378021356190492,1,4.4164402399819974e-05,1.385935185258194,5
0.25,3,2,22,3,1.9058528450956418,1.0901014673396774,1,0.0007248812688770784,1.3397525664080798,5
0.25,3,2,23,3,1.9459458936618632,1.096419577904675,1,7.704289281832354e-05,1.3794545534928988,5
0.25,3,2,24,3,1.8948148564901015,1.0902505004692993,1,0.00424423112053788,1.3221124076521882,5
0.25,3,2,25,3,1.1129742419893927,0.35717609623295454,1,9.700059012832091e-05,1.3846677622775232,5
0.25,3,2,26,3,2.4755482667681754,0.8270180558797292,1,1.5962053336814993e-12,1.3387993758869312,5
0.25,3,2,27,3,1.294433358410046,0.6413418929274515,1,8.423825568915107e-05,1.3781673169982538,5
0.25,3,2,28,3,1.2297245610299297,0.5351204097250724,1,4.266346886066715e-08,1.3850588871540883,5
0.25,3,2,29,3,1.601925482615954,0.9547753218665598,1,0.7029085398727086,1.3851694585522578,5
0.25,3,2,30,3,2.09847927277774,1.0883813481723787,0,0.22605392939677207,1.3860377468775018,5
0.25,3,2,31,3,1.1372071119483882,0.39428186417062855,1,0.014131283807793847,1.3853208812277449,5
0.25,3,2,32,3,1.633831595518932,0.9744799275011526,0,0.8283642967273049,1.3862757043366831,5
0.25,3,2,33,3,1.1623540508769616,0.4443475962322559,1,1.2862272315428951e-07,1.3854867534351185,5
0.25,3,2,34,3,1.5834665599382793,0.8848070723578865,1,0.10881829490971157,1.3830644020205538,5
0.25,3,2,35,3,2.240371461888959,1.0387361103031614,1,0.030061401049106165,1.3755302402916585,5
0.25,3,2,36,3,1.678776741415364,1.0036166075888202,1,1.0451577780801045,1.3858818871813576,5
0.25,3,2,37,3,1.3476617945134923,0.7441271801050013,1,0.026695410588389944,1.3683018287710071,5
0.25,3,2,38,3,1.516222256046295,0.8853184946559893,1,0.03331402468081289,1.3846672608497217,5
0.25,3,2,39,3,1.5619760229851871,0.9118084772323793,0,0.0002748497321885747,1.3685830680568236,5
0.25,3,2,40,3,1.7565485685700954,1.0342064125201516,1,1.502924886739926e-09,1.3641141118138433,5
0.25,3,2,41,3,1.0038615047193369,0.01986987380035378,1,1.9708605197004186e-11,1.3862933495449874,5
0.25,3,2,42,3,1.870715352707086,1.078425201319797,1,0.009399101460993835,1.3567897013834918,5
0.25,3,2,43,3,1.7087898388149816,1.0178711872034598,1,1.5539540550218446e-12,1.3778006637381117,5
0.25,3,2,44,3,1.9592845640035181,1.0970372951069025,1,0.9723783281074923,1.3834712258769393,5
0.25,3,2,45,3,1.327213534669644,0.6866938654392163,1,0.0020799332589128004,1.3838744446260467,5
0.25,3,2,46,3,2.4418825276986467,0.8582129192015362,1,0.0013910056193189141,1.179715804927532,5
0.25,3,2,47,3,1.7007432089613281,1.0184260001381993,1,0.2155981699350429,1.378274165533785,5
0.25,3,2,48,3,1.0030324370495642,0.01652151302341823,1,1.4062032557141786e-06,1.3862938767340478,5
0.25,3,2,49,3,1.457811885220544,0.8389969334188764,1,2.642460930295645e-06,1.3834238333777367,5
0.25,3,2,50,3,1.362116620509835,0.7293472978077906,1,0.005967519822114799,1.3857163176214957,5
0.25,3,2,51,3,1.9159459712507534,1.090159874769443,1,0.00383766643793753,1.376932150005758,5
0.25,3,2,52,3,2.114842201161176,1.0859938473349102,1,2.7398650663318006e-07,1.370283499184885,5
0.25,3,2,53,3,1.7397558403544409,1.0357980147660737,0,0.6812881104018794,1.3853518571724466,5
0.25,3,2,54,3,1.4233552709002917,0.8050266233859094,1,0.011107627538785077,1.3852062072137503,5
0.25,3,2,55,3,1.799020074194609,1.0603944051737466,0,0.6965012548765193,1.386261739308237,5
0.25,3,2,56,3,1.5947472930340594,0.9534120744621559,1,0.00588762689092638,1.3811782692161607,5
0.25,3,2,57,3,2.171310938932617,1.0551645559076563,1,6.768469506409627e-09,1.2251660094816899,5
0.25,3,2,58,3,1.30094372950024,0.6656257697151553,1,1.9194231378470973e-07,1.3809146294642007,5
0.25,3,2,59,3,1.3611013238327199,0.7236059139370871,1,0.0008980452997699285,1.3825364977642174,5
0.25,3,3,0,1,1.4476399101351687,0.832919391151437,0,0.6735439051640344,1.385632552165356,4
0.25,3,3,1,1,1.8996301202461234,1.0899512153816273,1,0.4766427175303508,1.385447000639362,4
0.25,3,3,2,1,1.700011988855203,1.0144001984495703,1,0.006686045310282837,1.3755876009031338,4
0.25,3,3,3,1,2.4832345266669256,0.7454146552626297,1,0.16898050538005602,1.2587750826512067,4
0.25,3,3,4,1,2.4614955556921116,0.8177191560196642,0,0.37450015193388375,1.2639168607381952,4
0.25,3,3,5,1,1.9293556772737408,1.093727764629564,1,0.004261731289474724,1.3801668047967124,4
0.25,3,3,6,1,1.234374033630988,0.5579788798375215,1,1.0864754918225512,1.3859980697152565,4
0.25,3,3,7,1,1.1657892960382479,0.4212426964637615,0,0.24058746659081764,1.3853192568775605,4
0.25,3,3,8,1,2.2506163080281807,1.027806857377532,1,0.00019220090393228878,1.3432062118126784,4
0.25,3,3,9,1,1.6940980671136978,1.0096343276889694,0,0.3984779276399495,1.3711282688356967,4
0.25,3,3,10,1,1.3736149078132798,0.7432776433871333,0,0.5060049344249569,1.3853049961061477,4
0.25,3,3,11,1,1.8413929895624224,1.0794326714244389,0,0.2282691529721243,1.3858633734690713,4
0.25,3,3,12,1,2.1774685808064516,1.064639527359985,1,4.838402220174278e-09,1.3508243562127775,4
0.25,3,3,13,1,2.3040083080630662,0.9902213290263997,1,8.792970680252402e-06,1.3183180746673127,4
0.25,3,3,14,1,2.160251270174833,1.071161468143258,1,8.449082365907172e-05,1.3240680587177729,4
0.25,3,3,15,1,2.2205391496474935,1.0448327259179302,1,2.243336729910437e-05,1.3816801373088825,4
0.25,3,3,16,1,1.4972141246144421,0.8649800882616034,1,0.0002461573844569895,1.383877963693539,4
0.25,3,3,17,1,2.4381769293864783,0.8363727083193175,1,0.0007587048716878264,1.3492017464267327,4
0.25,3,3,18,1,2.3557071222554855,0.9431113960229036,1,8.277263080703568e-05,1.327329608031579,4
0.25,3,3,19,1,2.4654320912959165,0.7868384739007812,1,2.1967446881082847e-05,1.3679107423088768,4
0.25,3,3,20,1,1.9236375898949312,1.0930909976863006,0,0.5131021243295308,1.3862838106795334,4
0.25,3,3,21,1,1.618199668967261,0.9624811252440164,1,1.0303093684771465,1.386125833258001,4
0.25,3,3,22,1,1.968303308810121,1.097613899273674,1,0.04968855666200973,1.3852658582693214,4
0.25,3,3,23,1,1.4750846373172153,0.843910043181934,1,0.0002736459742756587,1.3768136357928547,4
0.25,3,3,24,1,1.3043113761529588,0.6450107503472845,1,0.006663677587522117,1.3862062395846468,4
0.25,3,3,25,1,1.0000570233649029,0.0004753969510593353,1,0.12529849451766406,1.3862943609858298,4
0.25,3,3,26,1,1.40142054623133,0.766368164938046,1,0.0002657915733773877,1.385363541222263,4
0.25,3,3,27,1,2.246428744594147,1.0303913417855315,1,0.04043878053173285,1.3812341141901647,4
0.25,3,3,28,1,2.331344717789214,0.9667919269641534,1,2.044030595732322e-09,1.3853961336132354,4
0.25,3,3,29,1,1.7510846025598246,1.0443028574096265,0,0.17010985536383155,1.3245974419827995,4
0.25,3,3,30,1,1.8615455375210872,1.0829305190125003,0,0.6509185875750092,1.3840712480007746,4
0.25,3,3,31,1,2.045048004201636,1.0965348259754584,1,0.1207953679155157,1.3832804963071423,4
0.25,3,3,32,1,2.4369341783676517,0.8383907699385469,1,1.7345141589341016e-06,1.290841424281302,4
0.25,3,3,33,1,2.444226048258937,0.826258786108746,1,3.395565513972513e-08,1.3762368928046564,4
0.25,3,3,34,1,1.3988290185748047,0.7633320745355217,1,0.007459778041982526,1.384206025824842,4
0.25,3,3,35,1,2.4616972269808044,0.7943092603726061,1,1.3935035246454446e-05,1.3834145312124113,4
0.25,3,3,36,1,2.3074756780487755,0.987419232268214,1,7.567713955976927e-07,1.2572122754978305,4
0.25,3,3,37,1,1.302074963266994,0.6856966152945556,0,0.03877062515755481,1.372129780622738,4
0.25,3,3,38,1,1.4484304059890725,0.8171818858422466,1,0.00556502794326715,1.3787632463844401,4
0.25,3,3,39,1,2.471754227395342,0.7735469846399059,1,2.5398113619039487e-06,1.3077668590914364,4
0.25,3,3,40,1,2.010121564446969,1.0983527309828238,0,0.46140096422965626,1.3833547496557663,4
0.25,3,3,41,1,2.2916884755749067,1.0090351826567718,0,0.00011799852607145847,1.2773647642870083,4
0.25,3,3,42,1,1.5106351344571258,0.8772794751614503,1,2.6637661045454692e-05,1.3857653747342027,4
0.25,3,3,43,1,1.649620742661843,0.9844735720377364,0,0.6307758402396273,1.3858673488950035,4
0.25,3,3,44,1,1.828769015330585,1.0759638819385897,0,0.45573633840612665,1.3855102669663628,4
0.25,3,3,45,1,2.4792048808645077,0.7472182790035493,1,0.2921382787534279,1.3834895560277327,4
0.25,3,3,46,1,2.125776428250317,1.0819849385412397,1,1.710320990438337e-06,1.3038597866259527,4
0.25,3,3,47,1,2.2336866989558777,1.0377303399987887,1,9.034634114737813e-05,1.3801294405860423,4
0.25,3,3,48,1,1.8046411095084225,1.0628652503478488,1,0.827639427849708,1.3860036254794683,4
0.25,3,3,49,1,1.5844847397053403,0.9387459391988499,1,0.05798969012529382,1.3849972432549047,4
0.25,3,3,50,1,2.290242790269143,1.0008884038912829,1,0.00039425758661467525,1.3454863926183607,4
0.25,3,3,51,1,1.7302412366834128,1.029953269591939,0,1.0969368343137418,1.385659968333788,4
0.25,3,3,52,1,2.463486379129712,0.7907631000615603,1,1.4036307531850488e-08,1.2608080344768722,4
0.25,3,3,53,1,1.7910376371848098,1.0571923178903626,1,0.01824958053908801,1.3832382315540457,4
0.25,3,3,54,1,1.7856082549798835,1.0550593321881845,1,0.119149785702226,1.3858169851632884,4
0.25,3,3,55,1,2.200806857415209,1.0545446947069108,1,0.0016960280440072811,1.3310499071604291,4
0.25,3,3,56,1,2.443304092407579,0.827827447310773,1,0.00010519787320168459,1.3798238042078617,4
0.25,3,3,57,1,2.1461305897950775,1.0759476800548256,1,9.471612174136847e-07,1.2629865514968164,4
0.25,3,3,58,1,1.358529181681311,0.7170082907173283,1,0.7209421711767252,1.386156127405613,4
0.25,3,3,59,1,2.2552917774370025,1.0249061153347183,1,0.00038643526963712477,1.3839566764752538,4
0.25,3,4,0,1,1.897145635733227,1.0896920223247104,0,0.2584382422734385,1.3860516057549828,6
0.25,3,4,1,1,2.074811938160487,1.029213272364329,0,0.1641492164168183,1.3806283038038905,6
0.25,3,4,2,1,2.1035795144309732,1.0874486566983674,1,0.0008403206138654247,1.2686483104461062,6
0.25,3,4,3,1,2.2528961773459075,1.0264012367636488,1,1.7436600527052947e-10,1.0889854628252797,6
0.25,3,4,4,1,2.4830499901434795,0.747207938495992,1,2.238141349065805e-05,1.2520947964558267,6
0.25,3,4,5,1,1.4100915372175322,0.7762964818384399,1,0.010026602500136268,1.3815517620614455,6
0.25,3,4,6,1,2.3344339811665353,0.9639429507722057,1,2.5291327172253574e-06,1.3718617162938058,6
0.25,3,4,7,1,2.3183671838039097,0.9783032413728546,1,9.641286866729466e-07,1.2527498094370477,6
0.25,3,4,8,1,1.3577102572327728,0.7146111717606332,1,8.085764092531282e-05,1.3822373652729654,6
0.25,3,4,9,1,1.6412131824273486,0.9788934699820356,1,0.00016166755203731863,1.376490376096395,6
0.25,3,4,10,1,1.911254987299721,1.090940956985428,1,0.0007025072984725062,1.385907862625263,6
0.25,3,4,11,1,1.7513360686453232,1.0437042840252664,0,0.1909603525000824,1.386116104218548,6
0.25,3,4,12,1,2.3092954812489337,0.9859295163104302,1,6.94734924229171e-09,1.3215446493879923,6
0.25,3,4,13,1,2.3672946449744474,0.9308082076057186,1,0.00021582004431584855,1.3599545069329686,6
0.25,3,4,14,1,1.6366376672292764,0.9758692240272269,1,2.51011650334145e-10,1.3792106117293848,6
0.25,3,4,15,1,1.3133489251518689,0.6331314795599705,0,0.9100124218221506,1.3862591516809681,6
0.25,3,4,16,1,2.065291312636182,1.0942468068038238,1,0.0005718700628640792,1.3831291562759245,6
0.25,3,4,17,1,2.271209658518137,1.0144906659167774,1,0.00011862894350592011,1.3346492845726547,6
0.25,3,4,18,1,2.4270688375568454,0.8538287223966852,1,0.006404617838624002,1.3830671429888934,6
0.25,3,4,19,1,2.4190911140041598,0.8655852245311768,1,0.05003422740631181,1.3070395998035147,6
0.25,3,4,20,1,2.4436795184839206,0.8271900006957902,1,1.3935907150854235e-06,1.3641379926239787,6
0.25,3,4,21,1,1.9662132973930113,1.097284341001249,0,0.03899764311896171,1.3788175888334926,6
0.25,3,4,22,1,2.1672814099993296,1.0748437676181004,0,0.4332316496631252,1.278535700709818,6
0.25,3,4,23,1,2.438166139935464,0.8360099208078514,1,0.02201523557147244,1.3760750552602685,6
0.25,3,4,24,1,1.272904804322945,0.6008751250757813,0,0.04744566737147606,1.3831561982559828,6
0.25,3,4,25,1,2.1536197714172554,1.0732034078901238,1,0.11174571269529578,1.3857523132357767,6
0.25,3,4,26,1,1.9633917377476613,1.0973268059548167,1,1.0843415377788088,1.3857551785713897,6
0.25,3,4,27,1,1.741849436531664,1.0358902190323394,1,0.04687620263120785,1.3832123734738928,6
0.25,3,4,28,1,2.4426548566221244,0.8289260144229906,1,3.3346081925483884e-07,1.3854764337748238,6
0.25,3,4,29,1,1.327966329422948,0.6767392525780401,1,9.715551698088507e-06,1.380932872246813,6
0.25,3,4,30,1,1.7346619688826324,1.0324239633243193,1,9.098742156837318e-06,1.359265504488434,6
0.25,3,4,31,1,2.3345025600738554,0.9638488148034574,1,0.002206256793077334,1.3843531807380565,6
0.25,3,4,32,1,1.4808435476924116,0.8712346954866771,0,0.8212265210775102,1.3857941658009683,6
0.25,3,4,33,1,2.305681057315193,0.9888754484004478,1,9.337559127899491e-07,1.2918448443944897,6
0.25,3,4,34,1,1.6036077193578957,0.956978058188356,0,0.24895493792349538,1.3808390442875118,6
0.25,3,4,35,1,1.9345421769390847,1.0943732494850624,1,0.18114622419071977,1.3496473112253922,6
0.25,3,4,36,1,1.2454028465543787,0.553271982654711,0,0.11217667985474268,1.3862235594800176,6
0.25,3,4,37,1,1.9689568243075821,1.097880536417955,0,0.017550551550578157,1.3759226994795557,6
0.25,3,4,38,1,1.876797668276773,1.0855888085715755,1,0.6943415796551019,1.3497062777469468,6
0.25,3,4,39,1,2.2852987468077104,1.004049122819379,1,0.03263391298154559,1.3746149506628782,6
0.25,3,4,40,1,2.004810414076603,1.0984549337841683,0,0.5616244723118983,1.3841955393872634,6
0.25,3,4,41,1,1.5233892353521798,0.888643143678798,1,0.005168236404121857,1.3842143167708403,6
0.25,3,4,42,1,1.4492837477971192,0.8228727732034253,1,0.661391556927517,1.3856333410061317,6
0.25,3,4,43,1,1.9765949346081115,1.0974064072512182,0,0.7978620657904514,1.3862316182324268,6
0.25,3,4,44,1,1.3626645104989117,0.7207058367898542,1,0.00035651191917361147,1.3858325579472872,6
0.25,3,4,45,1,1.33929382183835,0.6987996502647684,0,0.00013447595715744074,1.3842572500465955,6
0.25,3,4,46,1,1.9880020256256765,1.0982254198824555,0,0.08431109792052435,1.3837348195430015,6
0.25,3,4,47,1,1.6825562638058633,1.0021927953815009,0,1.1429829753160954,1.3861001395944061,6
0.25,3,4,48,1,1.6457773375385885,0.989831299313716,0,0.34295552712621946,1.3860821677314736,6
0.25,3,4,49,1,2.094905500879625,1.0892085367089945,0,0.10588687793460705,1.3819703732494493,6
0.25,3,4,50,1,1.9648795530014502,1.097392547584711,1,1.0340430623570281e-05,1.3786149026332817,6
0.25,3,4,51,1,1.6642324139755815,0.9936431928757048,1,0.20990412084022012,1.3849324459248469,6
0.25,3,4,52,1,2.2942067313878267,0.9978901777313078,1,1.8853972315254809e-07,1.347363286839768,6
0.25,3,4,53,1,1.9473928053891558,1.095889731766226,1,0.00033586387821369105,1.3849923350456366,6
0.25,3,4,54,1,1.188669992969489,0.4654692201425339,1,1.2160802071037918e-05,1.3862361746441911,6
0.25,3,4,55,1,1.9381557570182413,1.0948594425361682,1,0.0005766409197654361,1.3527238187423822,6
0.25,3,4,56,1,1.706524489344071,1.0200822474023055,0,0.2806795789323794,1.3862866956029896,6
0.25,3,4,57,1,1.727534043115588,1.0288950026311503,1,0.0036404426738422184,1.386160604907045,6
0.25,3,4,58,1,1.5330859053645978,0.8970579365125916,1,2.6675868262532206e-05,1.3856254159841523,6
0.25,3,4,59,1,1.4171523999824842,0.7839163200126786,1,0.0033104894483987632,1.3856151359458164,6
0.25,3,5,0,0,1.7813278831416783,1.0595094439548478,1,0.010375005154604218,1.3843118940773038,4
0.25,3,5,1,0,1.9469348502027821,1.0964597895532768,1,7.118652026762239e-06,1.3360138920935105,4
0.25,3,5,2,0,1.1864093644178464,0.46137709398711857,1,0.09658663095902784,1.386226389458554,4
0.25,3,5,3,0,2.10568114290169,1.0880872834160777,0,0.09051845356549855,1.3748039074260339,4
0.25,3,5,4,0,1.6904145505802433,1.005487837808531,1,0.5597518798142651,1.3858520311360396,4
0.25,3,5,5,0,1.9595453722098937,1.0973697672333504,0,0.6927707684220489,1.383860062012401,4
0.25,3,5,6,0,2.19389918984499,1.0640884672013153,0,0.08332750776813543,1.3738579454247635,4
0.25,3,5,7,0,1.5648522666126985,0.9335285856391553,1,1.4059230542609525e-07,1.3843587804333617,4
0.25,3,5,8,0,1.7854672178263535,1.055897078211634,0,0.17349609418191825,1.3860762143802476,4
0.25,3,5,9,0,2.154287277275262,1.080669528963099,0,0.028466619763942727,1.3576859820023268,4
0.25,3,5,10,0,1.531183456436104,0.8744981940437896,0,0.8598448126083338,1.386098422033589,4
0.25,3,5,11,0,1.03505661410362,0.12755863327638667,1,0.0011758596847537264,1.386290398307204,4
0.25,3,5,12,0,1.9310778545810818,1.0739947690507006,1,0.0024713999036409156,1.3721369908628578,4
0.25,3,5,13,0,1.024900052362073,0.10767396189965854,1,0.031033162136269336,1.3862916052881338,4
0.25,3,5,14,0,1.6830207172944494,1.0031785410134555,0,0.36428059267874263,1.3848781765901736,4
0.25,3,5,15,0,1.9640372635290972,1.0958410622593313,1,1.1038066278666156e-08,1.3687714083953535,4
0.25,3,5,16,0,1.6825282387746199,0.9745587251056264,1,0.053236599640697074,1.3790412573400517,4
0.25,3,5,17,0,1.6656242705253994,0.9999463139315925,1,4.291199144367936e-08,1.3840733969885142,4
0.25,3,5,18,0,1.876527113208509,1.0829291584089331,0,0.5388395925164412,1.3817002737107313,4
0.25,3,5,19,0,1.4143717125897686,0.8045198383564129,1,0.021146486610354173,1.3847773760655526,4
0.25,3,5,20,0,1.422007405168807,0.7849814756551052,1,0.8703232935385444,1.3855149226508015,4
0.25,3,5,21,0,1.6584665461401589,0.9739504172257643,1,1.788820186962483e-06,1.3847363202711487,4
0.25,3,5,22,0,1.6942281183082788,0.9948223250659225,1,3.1182160542235867e-06,1.383029447599403,4
0.25,3,5,23,0,1.7186350808362767,1.0156006601899201,1,8.768539119996082e-06,1.3737299116522257,4
0.25,3,5,24,0,1.615558205174959,0.9716931924726661,1,0.0034213463586625723,1.3830837069239559,4
0.25,3,5,25,0,1.9836458896966969,1.0982202961409533,0,0.6137752812164771,1.3851629586688552,4
0.25,3,5,26,0,1.5212023733958442,0.8924023967249031,1,0.0535777044092059,1.3855385450669542,4
0.25,3,5,27,0,1.4814168244443155,0.842291300903093,1,0.333007978377062,1.3861453693874566,4
0.25,3,5,28,0,1.2424958921711518,0.569110750795061,1,8.029830135003341e-05,1.3811615370605708,4
0.25,3,5,29,0,2.2655898147718494,0.9601490374280146,1,0.3634566029337611,1.3442618688042742,4
0.25,3,5,30,0,1.5082839314042484,0.897467144764895,1,0.4044857141833385,1.3841865990853006,4
0.25,3,5,31,0,1.2850765010199914,0.5812330819887026,1,0.00010176857436651297,1.3856813580695087,4
0.25,3,5,32,0,1.731369357392022,1.011536961666103,1,0.009055236992491495,1.3728960611608236,4
0.25,3,5,33,0,1.7403570895001659,1.0340982557019758,0,0.09955649642014265,1.384909214243739,4
0.25,3,5,34,0,1.8100901387538406,1.0646752451256802,1,0.2276831184511646,1.3860191358055665,4
0.25,3,5,35,0,1.7615122514108763,1.0325685482639608,0,1.1573805807551398,1.3858241480288642,4
0.25,3,5,36,0,2.2839061106206575,1.0114519777577007,1,0.0001797561042584202,1.3826758486523465,4
0.25,3,5,37,0,1.5655804344007045,0.9132187095562325,1,0.00016439176837852626,1.3838749613562926,4
0.25,3,5,38,0,1.7036353234232076,0.984915273364463,1,1.762044088515097e-05,1.3760449556475758,4
0.25,3,5,39,0,1.6205562706279033,0.9690485324597737,1,0.007856264505351682,1.3824357349599041,4
0.25,3,5,40,0,1.7758949604183933,1.05104319606183,1,0.39066044218647367,1.3859771482855407,4
0.25,3,5,41,0,2.45798862538682,0.8015810621670066,0,0.137802880153563,1.2247893042274467,4
0.25,3,5,42,0,1.5570876166268943,0.9247665259493139,1,0.6636478219301869,1.3833379922283773,4
0.25,3,5,43,0,1.6771035793257836,1.0127792652186565,0,0.0023012344427800566,1.3641828320249645,4
0.25,3,5,44,0,1.8579443549911387,1.079638126683055,1,0.05729102773625426,1.3843741234561804,4
0.25,3,5,45,0,1.5623027972121433,0.9415750597521407,1,1.2005141584093523e-07,1.3607891045032332,4
0.25,3,5,46,0,1.9400048365489841,1.093321095954187,0,0.5374583741007942,1.3831184558874294,4
0.25,3,5,47,0,1.7760865692568493,1.0505073066251311,0,0.5006417403081539,1.3858842319327889,4
0.25,3,5,48,0,1.3669563159306637,0.7489497193002683,1,1.94728186602306e-05,1.3852690219356085,4
0.25,3,5,49,0,1.9648037498230333,1.0966148039950423,0,0.673616642574666,1.385734350571106,4
0.25,3,5,50,0,1.5910474630600229,0.9387996960477984,1,0.014096883774019893,1.3829860605670379,4
0.25,3,5,51,0,1.9347979731816671,1.095190294648944,0,0.759274568968926,1.3860927004411034,4
0.25,3,5,52,0,1.0085328952638681,0.03928901653579153,0,0.04384808531599469,1.3862931917416337,4
0.25,3,5,53,0,1.9212850141267745,1.0914506704665357,1,8.162807302720737e-05,1.3502383590131588,4
0.25,3,5,54,0,1.9702394258461466,1.0126312196336245,1,9.78355582721182e-06,1.3827635169703336,4
0.25,3,5,55,0,1.7471457034122364,1.0383523456743944,1,0.36834805308791857,1.3853140159159985,4
0.25,3,5,56,0,1.0022648202454436,0.011809699028458322,1,1.5126649677443688e-08,1.3862942315370574,4
0.25,3,5,57,0,1.4638056417383283,0.8325201992193583,1,0.013103531046850813,1.3854451222116597,4
0.25,3,5,58,0,1.2926876632056499,0.6623230554732169,1,0.010140068304829861,1.3860572681256471,4
0.25,3,5,59,0,1.6072080830062339,0.9546794781557397,1,0.00020295142039145818,1.3861397648657308,4
0.25,3,6,0,0,1.9841357956451624,1.097375637572269,1,0.0008676933178890833,1.383086282673707,5
0.25,3,6,1,0,1.6844274801444263,1.0005861441581263,0,0.10749610827606468,1.38578890952149,5
0.25,3,6,2,0,2.1677695149785023,0.9686022599147013,1,0.07688487107200817,1.3544661797130435,5
0.25,3,6,3,0,2.16163561145584,1.077614851879357,1,1.8976427777190633e-06,1.3217335623860365,5
0.25,3,6,4,0,1.654873263145881,0.9876353793036882,1,3.4798529725106093e-06,1.374821133510177,5
0.25,3,6,5,0,1.7898987276761724,1.0516108156598558,0,1.2364712103430222,1.3850992192724498,5
0.25,3,6,6,0,1.9684956078854505,1.096810972662464,1,4.71096921218962e-05,1.3798701482165119,5
0.25,3,6,7,0,1.5804727078523058,0.9024318281536703,1,0.017381096475325958,1.3811308649498808,5
0.25,3,6,8,0,1.6289096422192262,0.9788023780243711,1,0.00035325395761088955,1.3686603363177792,5
0.25,3,6,9,0,1.8060611858201374,1.0610285785929807,0,0.010055200475322476,1.3536097474205488,5
0.25,3,6,10,0,2.2485295013078757,1.0267990826892472,1,1.0024068455904186e-08,1.3846100351353785,5
0.25,3,6,11,0,1.647560686934566,0.8356175515388198,1,6.912052513181042e-05,1.3728818268825687,5
0.25,3,6,12,0,1.7339905003344704,1.0358915437251268,0,0.11461355148816327,1.383625359875223,5
0.25,3,6,13,0,1.8475049848392726,1.0810855182032835,1,3.8101206729148496e-05,1.3651999238726238,5
0.25,3,6,14,0,1.7114618095917238,1.0235400215775674,1,6.529680419272952e-05,1.3749613801162064,5
0.25,3,6,15,0,1.196712287701924,0.417649349068298,1,1.8402375319382067e-05,1.3853131809357344,5
0.25,3,6,16,0,2.3436625791616588,0.9622274788755532,1,4.597707884243497e-06,1.3132907456924845,5
0.25,3,6,17,0,1.5489230130406793,0.7705844130375296,1,0.00217197800317114,1.3788946889901306,5
0.25,3,6,18,0,2.266737202639509,1.0341886252639254,1,0.002104933748777893,1.3663060619673217,5
0.25,3,6,19,0,1.9389087105163432,1.095605967078823,0,0.061578203550608834,1.3854700589988003,5
0.25,3,6,20,0,2.3953485797727128,0.8592644473642452,1,0.00010044661630720665,1.3422292113519403,5
0.25,3,6,21,0,1.524288295619919,0.8859596873784605,1,1.1446385004480486e-07,1.3791506950241632,5
0.25,3,6,22,0,1.9416123035025676,1.069992415819165,1,0.009648614028682116,1.3662923092842367,5
0.25,3,6,23,0,1.7516548739433835,1.0431542484936274,1,9.52374846935281e-06,1.3677299975998347,5
0.25,3,6,24,0,1.677892698718084,0.9848944840877729,1,0.0032580513451953073,1.3831879166362273,5
0.25,3,6,25,0,1.0391790879490308,0.13920024497087113,0,0.3632112330475752,1.3862930603546602,5
0.25,3,6,26,0,1.7684771317799166,1.0579808098148102,1,0.008025632914230793,1.3670456789925016,5
0.25,3,6,27,0,2.2273480915181656,1.0198448537119924,1,0.0013953564456672504,1.3756459324263113,5
0.25,3,6,28,0,2.021942367521611,1.09819601243504,1,0.6368815732055961,1.3859191877354409,5
0.25,3,6,29,0,2.5448935899793974,0.832027764959858,1,7.952316470829778e-06,1.0748494818067578,5
0.25,3,6,30,0,2.283641113022957,1.0350997593979299,1,8.992447358302696e-05,1.3815366639461781,5
0.25,3,6,31,0,1.4675186827191684,0.8257667544959564,1,0.43134114992502404,1.3775972909338305,5
0.25,3,6,32,0,2.013390182156425,0.927571093569358,1,1.6718082040182169e-06,1.3381608708794692,5
0.25,3,6,33,0,1.934247027843893,1.095350887789511,0,0.006716171923469734,1.3688303631096748,5
0.25,3,6,34,0,1.5523532527973307,0.8123474696430696,1,0.03451309525524929,1.3801602559953565,5
0.25,3,6,35,0,2.4080598321848226,0.8766024696830217,1,0.00015806363056676087,1.3005759323945354,5
0.25,3,6,36,0,1.9834132969285434,1.0908039305679784,1,0.12752062551214347,1.3833035394356197,5
0.25,3,6,37,0,2.3498402303253583,0.9725691521535638,1,0.0075022018747449015,1.3827237515946948,5
0.25,3,6,38,0,2.4306139341845197,0.8516043019643031,1,2.5511999543094426e-06,1.3718375897958313,5
0.25,3,6,39,0,1.470260294992051,0.861380807735582,1,0.0005347793266336272,1.377590179275294,5
0.25,3,6,40,0,2.0059139860809134,1.0983438403673678,1,0.04035861321435999,1.3862494880193656,5
0.25,3,6,41,0,2.37249619393945,0.9916078991623789,1,2.8103794803162657e-07,1.3562203162526274,5
0.25,3,6,42,0,1.121998668934138,0.3342526736610062,1,0.050847096587991525,1.3861688211807959,5
0.25,3,6,43,0,1.767729804394138,1.0500998216133703,1,0.6190098184070282,1.3794911611435312,5
0.25,3,6,44,0,1.8520189048068065,1.072976461724137,1,0.006161550330739391,1.3860918679942973,5
0.25,3,6,45,0,1.797120287663384,1.0389778179387485,1,0.011693378143924883,1.3859668020328169,5
0.25,3,6,46,0,1.7308394813945007,1.0310905822210652,1,0.005983314137578061,1.376627707123587,5
0.25,3,6,47,0,2.3919823844602375,0.9740324287926763,1,0.12090195790984529,1.3587819590898587,5
0.25,3,6,48,0,1.3755619616785424,0.7434701005670132,1,5.597271326334274e-05,1.3854472348823106,5
0.25,3,6,49,0,2.051483193235869,1.0954605907616333,1,2.701166031078241e-05,1.3827756762845806,5
0.25,3,6,50,0,1.797013362763348,1.0634709116454517,1,0.3525239111153792,1.3745912407899161,5
0.25,3,6,51,0,2.3232107229327936,1.0021461461783212,1,0.168587652446635,1.3757334223378195,5
0.25,3,6,52,0,1.0346461318594504,0.15143791813402824,1,0.0033649332310036937,1.3862442808749853,5
0.25,3,6,53,0,1.7207297171435416,1.0110327906435719,1,0.19505304177873573,1.3852003312843058,5
0.25,3,6,54,0,1.8634226661468936,1.0823318544142475,1,0.24852683245063678,1.3851551160839877,5
0.25,3,6,55,0,1.92673684428069,1.0908625386147697,0,0.6825184645563055,1.382595589378299,5
0.25,3,6,56,0,1.7285920687046534,1.029065540899358,1,0.4134615192526693,1.385553124933905,5
0.25,3,6,57,0,2.135985114704818,1.04512354803902,1,6.525908640575231e-11,1.3260136293466502,5
0.25,3,6,58,0,1.3835613491462082,0.7412957512909742,1,0.4921310060800101,1.3859652026679417,5
0.25,3,6,59,0,2.4097349688055116,0.8926672732785921,1,0.00023122031095939725,1.3579547906113527,5
0.25,3,7,0,3,2.484992123942219,0.7603068113729501,1,0.018914029285735205,1.1993752092191214,8
0.25,3,7,1,3,1.4699535877189738,0.8446138361565068,0,1.1490070148595162,1.3840856083410646,8
0.25,3,7,2,3,2.0398101003686926,1.0969747343454328,1,7.311909170399834e-06,1.3774160176672385,8
0.25,3,7,3,3,1.4885588339724822,0.8565895086978454,1,0.0015378338235657652,1.3791992905185027,8
0.25,3,7,4,3,1.1795429632458738,0.4467901612646167,1,0.0018644810336918218,1.3851164001408822,8
0.25,3,7,5,3,1.9838967339575362,1.0959825938757626,1,2.9357599486474535e-07,1.3780863676139217,8
0.25,3,7,6,3,1.5704518550834752,0.932431249196785,0,0.0006887677300898652,1.376447375102989,8
0.25,3,7,7,3,1.5595016924575884,0.9316474078249741,1,0.11896405617449193,1.3257745326103345,8
0.25,3,7,8,3,1.7718181580568295,1.0485913943408722,1,0.04319176650327547,1.385664387919781,8
0.25,3,7,9,3,1.6687487678301642,0.9956885858618253,0,0.17913367536536545,1.3861181113226877,8
0.25,3,7,10,3,1.1078147854819638,0.3320933905066458,1,0.38166206180109186,1.3855580770443032,8
0.25,3,7,11,3,1.7795236127077851,1.0617038358250408,1,0.0025398746068197664,1.381651349242879,8
0.25,3,7,12,3,1.8773147430018289,1.0838245618195028,0,0.20258191894988054,1.3862548202396765,8
0.25,3,7,13,3,1.1056937426642883,0.2907770718625138,1,0.0061247137072408435,1.385383850415115,8
0.25,3,7,14,3,1.3701310736783536,0.7482667969755531,1,0.0021390478197564856,1.3853324234220374,8
0.25,3,7,15,3,1.6440878802775578,0.9849962644873398,1,0.7761423310783964,1.386290920829246,8
0.25,3,7,16,3,1.4019150638096687,0.7747773228520145,1,0.6314157344723546,1.3861305229205947,8
0.25,3,7,17,3,1.7049038245151777,1.0255466417288341,1,0.4089420799945199,1.3860088001524449,8
0.25,3,7,18,3,1.7172738913017964,1.0177001549484472,1,0.010267911991944219,1.379281622262843,8
0.25,3,7,19,3,2.519494836129002,0.8620373395643715,1,1.5457471354211933e-06,1.3413968971172026,8
0.25,3,7,20,3,2.017496173950956,1.0981371229159567,0,0.04330733684226013,1.3760195991169097,8
0.25,3,7,21,3,1.4755906381245927,0.846288934687845,1,1.174386408138141e-09,1.3831141093505188,8
0.25,3,7,22,3,1.3145053363612256,0.6599518315000492,1,2.545412452180999e-09,1.3841689171938811,8
0.25,3,7,23,3,1.1770370497395786,0.44827975555929966,0,0.7181132620305813,1.3862379637440252,8
0.25,3,7,24,3,1.8823611706087924,1.0852146009291108,1,6.222577939853007e-05,1.3588354498190391,8
0.25,3,7,25,3,1.467674540853613,0.87316623381025,1,6.132901646359243e-07,1.3729201725365814,8
0.25,3,7,26,3,1.9534883361880087,1.0965205851593753,0,0.5374294099077364,1.38620720184809,8
0.25,3,7,27,3,1.6967218578353565,1.0129163282251215,0,0.406016702166688,1.3862206085542446,8
0.25,3,7,28,3,1.9848943433181312,1.0979625345999546,1,7.397805529692709e-05,1.266068752417066,8
0.25,3,7,29,3,2.0766713002116526,1.0928217785271854,1,1.4442417788799388e-07,1.3656089269571514,8
0.25,3,7,30,3,1.644034138745826,0.9807403866271662,0,0.0031897252042324027,1.3772019646477824,8
0.25,3,7,31,3,1.5229231170699997,0.9055729438949782,1,0.1530484726198948,1.3849309657705957,8
0.25,3,7,32,3,2.2699920987720685,1.019793740839623,1,0.013861607183978695,1.2240773387290587,8
0.25,3,7,33,3,1.8618365181045697,1.082860234635585,1,0.0028686235571433443,1.376587313678395,8
0.25,3,7,34,3,1.6219763131951226,0.913951738996963,1,2.239961865590465e-08,1.3784564964536794,8
0.25,3,7,35,3,1.6120184244425177,0.9621031593337288,1,0.0033918528107259494,1.3804361715946833,8
0.25,3,7,36,3,1.0972690839446244,0.3142158742610338,0,0.028317251010050958,1.3860643607299603,8
0.25,3,7,37,3,1.4915386336469332,0.8779150406494871,1,0.0007548640819275765,1.3715219838928006,8
0.25,3,7,38,3,1.6719870102285666,0.998378090598993,0,1.2517067720735733,1.3862170962350142,8
0.25,3,7,39,3,2.088980370152449,1.0457216341573297,1,0.0001763657910392917,1.1703790015998634,8
0.25,3,7,40,3,1.6116288867133972,0.9658025505948638,1,0.00223017465971644,1.3841084501439884,8
0.25,3,7,41,3,1.2693784041879186,0.6142674042339821,1,1.8213431878716717e-07,1.3831642375280333,8
0.25,3,7,42,3,1.4571185964284983,0.8421196743406534,1,5.6280088125396984e-05,1.3812731200748853,8
0.25,3,7,43,3,1.251304962477216,0.5734542364627354,0,0.14645627262190727,1.3862730678087287,8
0.25,3,7,44,3,1.4488064599586874,0.8127916870255959,0,0.6654144126915738,1.3836794893247386,8
0.25,3,7,45,3,1.7744698577160962,1.0408732324656946,1,6.624501584370713e-06,1.3596123077988138,8
0.25,3,7,46,3,1.3819130897399208,0.7490128537595553,1,0.0014047452109846544,1.3840551489595994,8
0.25,3,7,47,3,1.571784573912488,0.93275934579401,1,4.518689920884033e-05,1.3802997018200285,8
0.25,3,7,48,3,1.6703381897939302,1.0120370791982896,1,0.011550517899004258,1.3849595476040713,8
0.25,3,7,49,3,1.6393025341807002,0.9444389038777984,1,0.06785802701712697,1.355631805278374,8
0.25,3,7,50,3,1.2851972836922483,0.6477097089089461,1,0.002027479825211572,1.3796349733725126,8
0.25,3,7,51,3,1.791010759142658,1.0606603177159193,0,0.7167958964318079,1.386095945308999,8
0.25,3,7,52,3,1.8769401381762976,1.0821654908076659,1,3.215317165576532e-09,1.379211200416739,8
0.25,3,7,53,3,1.922422730580661,1.0932561745560339,0,0.3609117930997967,1.3862724247020815,8
0.25,3,7,54,3,1.016426259449937,0.0629219842612603,0,0.10507510748617697,1.3862927544453543,8
0.25,3,7,55,3,1.3878533571070233,0.7511424075464197,1,0.003312821335241019,1.3802654789402242,8
0.25,3,7,56,3,1.6307486200403964,0.9867106795021421,1,0.0003684728732132481,1.386137205778006,8
0.25,3,7,57,3,1.020506664999896,0.0953744269431979,1,0.05930394844801513,1.3862658648743684,8
0.25,3,7,58,3,1.86470827326514,1.0837203230756944,1,0.00011496442341467716,1.323500645424601,8
0.25,3,7,59,3,1.1009367450399732,0.2919740371667251,1,0.11524190557440261,1.3857946658240063,8
0.25,3,8,0,2,2.3648543288751593,0.8998997475315655,1,1.4483470058995037e-05,1.1757271077233464,3
0.25,3,8,1,2,2.2544284749044183,1.043315827387422,1,0.0005266773907268911,1.2867499207498043,3
0.25,3,8,2,2,2.3425169254448366,0.9285179784922624,1,1.178202398317791e-06,1.0752066696305358,3
0.25,3,8,3,2,1.7182603346563785,1.0326533044031179,1,0.0011029684877119593,1.3363957719088426,3
0.25,3,8,4,2,2.3550925661819333,0.9438466744208267,0,0.18251442962537356,1.3823834313181433,3
0.25,3,8,5,2,1.7428179363977339,1.0349963721575846,0,0.47017007324229054,1.386178257686502,3
0.25,3,8,6,2,2.4656210885092924,0.8227875427412481,1,5.847427500624335e-09,1.01817148237564,3
0.25,3,8,7,2,1.7162578071287689,1.0253658105468824,1,0.11873550179044974,1.3695433234113916,3
0.25,3,8,8,2,1.9932604334609698,1.0907737592869706,1,0.0032612643183301654,1.2919184271468955,3
0.25,3,8,9,2,1.9656014993796203,1.0797738735284768,1,0.0006874889181026378,1.3404542773914099,3
0.25,3,8,10,2,1.0247722375463155,0.1117268638129049,1,3.911147816224479e-06,1.3860338067147882,3
0.25,3,8,11,2,1.8021244006102273,1.0617474496364219,0,0.6359164953598089,1.3861680384610477,3
0.25,3,8,12,2,2.0574296252256725,1.0960364701561616,1,0.00012107308215022602,1.3105240934593458,3
0.25,3,8,13,2,1.7251321170160996,1.0373379136348428,1,4.9445701448797645e-05,1.3716488497885597,3
0.25,3,8,14,2,2.487696908814949,0.7296631086846814,1,2.1330489948013913e-05,0.9445046424491393,3
0.25,3,8,15,2,1.6928189729486667,1.0102845045518682,0,0.06355731649108398,1.3856454837431833,3
0.25,3,8,16,2,1.7615172498597866,1.0488091488290492,0,0.10564860485402303,1.3859737453338297,3
0.25,3,8,17,2,2.3799325637966735,0.9189395786392012,1,9.627658094747485e-07,1.1854722722191016,3
0.25,3,8,18,2,1.3093104525469599,0.674800930339843,1,4.0171231722550096e-12,1.3839636886790627,3
0.25,3,8,19,2,1.7356847415294254,1.031051628864156,0,0.841381357057763,1.3861603549631636,3
0.25,3,8,20,2,2.05159240050383,1.0927602898566566,1,0.6979352135148162,1.3623845539284312,3
0.25,3,8,21,2,2.064129547649694,1.0955254468053743,1,0.0007226148885591101,1.3630324625770334,3
0.25,3,8,22,2,1.7447063042202424,1.0351611926062796,1,1.142964664501672,1.3847144440362429,3
0.25,3,8,23,2,2.2316561578158365,1.0475010891292014,1,0.00031102733638138744,1.3454790557149883,3
0.25,3,8,24,2,1.705960285280548,0.9551851648165328,1,1.8749412436641168e-09,1.32395003958779,3
0.25,3,8,25,2,1.1759998397051747,0.3977236845023764,1,8.941518078241262e-10,1.3839934705810015,3
0.25,3,8,26,2,1.7822162153305225,1.0611500693496727,1,0.18444699241235457,1.365958730173872,3
0.25,3,8,27,2,2.4607439419274173,0.8934395685538135,1,0.0009132496631655485,1.067225381711322,3
0.25,3,8,28,2,1.308820728530597,0.6581833754871881,1,2.9548960624459983e-07,1.3827914796567122,3
0.25,3,8,29,2,1.4190723545204884,0.7853817838699362,1,0.6321582911176995,1.3850864463081938,3
0.25,3,8,30,2,1.8393994560215674,1.0750598894793095,0,0.7495515279685746,1.384223953199453,3
0.25,3,8,31,2,2.6385143385208707,0.7407572295401648,1,8.344143098121377e-12,0.8053972050128748,3
0.25,3,8,32,2,1.786150670903227,1.0581525637799536,0,0.13329671791919834,1.3861629620898959,3
0.25,3,8,33,2,1.054739394345504,0.2105987496434014,1,0.0029168470163124165,1.3854972570841222,3
0.25,3,8,34,2,1.758140674044535,1.0433494656745685,0,0.2256610041198532,1.3861142554892978,3
0.25,3,8,35,2,1.8949436931383443,1.0858043876051726,0,0.6728358763396907,1.383399612696719,3
0.25,3,8,36,2,1.3044668194318738,0.6478023963158931,1,3.0619954212413183e-06,1.3796740208725062,3
0.25,3,8,37,2,1.6218521191284845,0.9549384546358094,1,0.9935007759535631,1.3855337017323195,3
0.25,3,8,38,2,2.3401315790245567,0.9648613494466677,1,0.00013961677518341975,1.2081089593182384,3
0.25,3,8,39,2,1.7540165222889876,1.0502488459567738,1,1.2026435083641062e-06,1.3390126979708181,3
0.25,3,8,40,2,1.6992585008189152,1.0187175100666916,1,0.37019413199858137,1.3638327096369796,3
0.25,3,8,41,2,1.591914523552629,0.9428966336124085,0,0.33624078793921897,1.3817891508799551,3
0.25,3,8,42,2,1.8905324739433267,1.0862917660189932,0,0.1396773069419189,1.386142309510167,3
0.25,3,8,43,2,1.417502989551597,0.7971349905760418,1,0.00010464236046974762,1.3711567748999312,3
0.25,3,8,44,2,1.6458239713805878,0.9531744296457025,1,0.6428152791076395,1.3531327926437262,3
0.25,3,8,45,2,1.8027848606196581,1.0660405453150523,1,0.2720926507526267,1.386233548202572,3
0.25,3,8,46,2,2.496416406591245,0.7490410362982352,1,0.029994852482184753,1.096224922814885,3
0.25,3,8,47,2,1.7332708140816162,1.044072092451393,1,1.4415265683569158e-05,1.35146690844603,3
0.25,3,8,48,2,2.0383276941114934,1.0969594813754955,0,0.36859478065976475,1.369653246249384,3
0.25,3,8,49,2,2.344812619594897,0.8936262461686806,1,1.8343356378252082e-06,1.176068716370016,3
0.25,3,8,50,2,2.226735738035212,1.0446355239711163,1,6.557336656959911e-05,1.2432473450225918,3
0.25,3,8,51,2,1.308941375458191,0.6604535449689257,1,0.0003490924052046615,1.3843352727374836,3
0.25,3,8,52,2,2.167071676048922,1.0724198181901887,0,0.0008238475596780113,1.3616642093652849,3
0.25,3,8,53,2,1.8926478922635086,1.0844168758320536,1,0.004012514287504889,1.3576610530749078,3
0.25,3,8,54,2,2.233801539547731,1.0329560951957912,1,3.475667287108314e-08,1.3160248233392022,3
0.25,3,8,55,2,1.7909074006087757,1.057181861444381,0,0.17473440013955155,1.383768655583808,3
0.25,3,8,56,2,1.750059174858765,1.0297881948328231,0,0.26337278855620755,1.38628352060764,3
0.25,3,8,57,2,1.4000283558409732,0.7756886050784795,0,0.09454256228722627,1.3854662043699233,3
0.25,3,8,58,2,2.0208115043474306,1.097857658076239,1,0.5404733292128239,1.3843204169458252,3
0.25,3,8,59,2,2.4349532583478424,0.9019089441413114,1,5.036736446409352e-06,1.1203500638844375,3
0.25,3,9,0,1,2.0320692970543006,1.0975722353824737,1,0.006288657538607252,1.3482821034178465,3
0.25,3,9,1,1,2.3434160437104943,0.955411617610861,1,7.527873127245934e-09,1.3704548033717325,3
0.25,3,9,2,1,1.9724535577735844,1.097860197908578,1,9.331559207234819e-05,1.3405390664651617,3
0.25,3,9,3,1,1.9259336128694973,1.093247786585254,1,0.00010957117489318114,1.357108532546395,3
0.25,3,9,4,1,1.7376913845445565,1.0338968417142214,1,0.005980322981494509,1.3723352376815332,3
0.25,3,9,5,1,1.5174936204266627,0.8834264784404606,1,9.799140008530145e-10,1.3860895534199,3
0.25,3,9,6,1,1.450534767882991,0.8193154235207536,1,0.022615321564586153,1.3861731388232759,3
0.25,3,9,7,1,2.077684326683411,1.0558080029881134,0,0.15969709670699728,1.34745861691046,3
0.25,3,9,8,1,2.2839147145915626,1.0020312720635531,0,0.1268022458050432,1.3757008540212177,3
0.25,3,9,9,1,2.1098200845589643,1.0864384173824806,0,0.6060123243895228,1.3762801093356898,3
0.25,3,9,10,1,2.1014379850731526,1.0879154643697069,1,3.518022820171085e-07,1.319727330819616,3
0.25,3,9,11,1,1.0974089077706564,0.2852219167044857,1,0.06127037646682405,1.3862126353909867,3
0.25,3,9,12,1,1.0001484619257892,0.0010801837161293272,1,1.952488685177975e-09,1.3862943599451074,3
0.25,3,9,13,1,1.890401270559964,1.0879675862639417,0,1.0663482869368064,1.3859797423158189,3
0.25,3,9,14,1,2.306912981045188,0.9878760778903695,1,0.000510920799351464,1.3621172027213344,3
0.25,3,9,15,1,1.6158400872100265,0.9616395778626253,1,0.0005199173441424672,1.3707724188233712,3
0.25,3,9,16,1,2.3628433052259847,0.9356113525833257,1,0.005422855666493631,1.3853687335434421,3
0.25,3,9,17,1,2.126335441401265,1.0818328156328294,1,0.0020282082575345988,1.3530957367600165,3
0.25,3,9,18,1,1.1525166102008146,0.39923135876334237,1,0.0003057630454484691,1.3860200797110995,3
0.25,3,9,19,1,2.1457681627015637,1.076063398943203,1,0.00019749010549102781,1.3562390486595444,3
0.25,3,9,20,1,2.1591258652353895,1.0715612522900342,1,2.996570483942806e-09,1.3578026562098637,3
0.25,3,9,21,1,1.4119140541142134,0.7781346301565988,1,5.135813395109526e-05,1.3843441791546167,3
0.25,3,9,22,1,2.1255962369338226,1.082033867315092,1,7.037296193320374e-05,1.3514857849427826,3
0.25,3,9,23,1,2.3656262004425717,0.9326241886998616,1,3.1976782523080072e-06,1.383500311206734,3
0.25,3,9,24,1,1.9407212739696456,1.0952264560045546,0,0.3282972613989822,1.3861412637688069,3
0.25,3,9,25,1,1.6847753031172608,1.0059370039174826,1,0.14716491534365736,1.3854326261728431,3
0.25,3,9,26,1,1.903631400925823,1.08963982809711,1,0.17469425270585148,1.3705292846152428,3
0.25,3,9,27,1,1.1020701932666344,0.29749907525645514,1,0.177075395953336,1.386271528925217,3
0.25,3,9,28,1,1.8227298119730562,1.0678522521442186,0,0.10670521567995275,1.3857898095955161,3
0.25,3,9,29,1,1.0000622096909437,0.0004887023827714694,1,2.712929618898313e-10,1.3862943611029082,3
0.25,3,9,30,1,1.7796005592906077,1.0526200930076026,1,9.704707381787748e-10,1.3818074473225108,3
0.25,3,9,31,1,1.3818432663089053,0.7437409433809158,1,2.5230878756937667e-05,1.3854045737368348,3
0.25,3,9,32,1,1.784183017881714,1.0544774784003788,1,0.0001379036029922317,1.348886607929165,3
0.25,3,9,33,1,1.923249930223078,1.0928562622213414,1,2.080207331012006e-06,1.3749402137453048,3
0.25,3,9,34,1,1.8014437918846917,1.0380390968640363,0,0.14054020104448017,1.2457116348798714,3
0.25,3,9,35,1,2.010801149470697,1.098517290686842,0,0.684156486682254,1.3855794291275594,3
0.25,3,9,36,1,2.497127094509491,0.7057996580424051,1,0.011810776703506094,1.3657326859560157,3
0.25,3,9,37,1,1.8614982390039985,1.080206106663808,1,0.11521252830173827,1.386052487749214,3
0.25,3,9,38,1,1.9189073028873151,1.0921899951917786,1,0.006444983864878898,1.380355704894736,3
0.25,3,9,39,1,2.0614887028634716,1.0778100356248894,0,0.01695411400115194,1.3644065169090316,3
0.25,3,9,40,1,1.426844412567497,0.7892612821248135,1,1.2556263972633153,1.3862089083355755,3
0.25,3,9,41,1,2.0563648415219875,1.0950672400317751,0,0.49870136347182753,1.3845368490399927,3
0.25,3,9,42,1,2.324188011606287,0.973229672993546,1,3.91991868162634e-05,1.3861597462656827,3
0.25,3,9,43,1,1.97460614006371,1.09721263581759,1,0.7514462751073043,1.379589051976465,3
0.25,3,9,44,1,2.356773862303012,0.9365912550436035,0,5.606627683323166e-05,1.3425331405906322,3
0.25,3,9,45,1,2.0972237717219313,1.0888037641325359,1,0.001269054329358128,1.3862632650531257,3
0.25,3,9,46,1,2.3127086047584275,0.9826205855375845,1,0.4797459290509914,1.3862610514992242,3
0.25,3,9,47,1,2.4623126382233944,0.793095470727254,1,0.00012119506046435712,1.350024622806048,3
0.25,3,9,48,1,1.9736573047813226,1.097924210901136,1,1.0373535657604593e-05,1.3818457498119303,3
0.25,3,9,49,1,2.0593028174208747,1.094961498279295,1,0.25482353469473634,1.384256404462214,3
0.25,3,9,50,1,1.9551445799278993,1.093842287659288,0,0.5621150371445414,1.3819762264295237,3
0.25,3,9,51,1,1.2001359772518674,0.4853295861993486,1,0.002784944489298185,1.3859021223356662,3
0.25,3,9,52,1,1.9255557551290048,1.0931935382334839,1,1.3653369953249969e-08,1.380357957161221,3
0.25,3,9,53,1,2.44962255770355,0.816858931639463,1,4.571192904118335e-09,1.1911045933876856,3
0.25,3,9,54,1,1.1113100484984435,0.3158230624091223,1,1.4641587063968652e-09,1.386228040770034,3
0.25,3,9,55,1,2.2329069290856802,1.0366999434959776,1,0.6099322578972902,1.3848032479417764,3
0.25,3,9,56,1,1.5553923615648308,0.9157407200510818,1,0.003046406066750066,1.3862552402643973,3
0.25,3,9,57,1,2.182964547330042,1.0646262342405755,1,0.6947102428779106,1.3758384639591072,3
0.25,3,9,58,1,2.213349888634855,1.048500394393924,1,0.00035627601862120895,1.326414944623572,3
0.25,3,9,59,1,1.8975913637580257,1.0884326540681992,1,0.0001432561382000736,1.3832291836849417,3
0.25,3,10,0,0,1.8609795577512056,1.0700497022264015,1,0.026933549757963905,1.3796447157307399,3
0.25,3,10,1,0,1.5572973242084007,0.8896352285131233,0,0.5613483539358277,1.3853735937623897,3
0.25,3,10,2,0,1.614552421650236,0.9604985280622017,1,0.0004982447632653204,1.3855373141397247,3
0.25,3,10,3,0,1.6429331190676244,0.993416856350116,1,0.00015470180557520884,1.3858672109960088,3
0.25,3,10,4,0,1.7248305722172936,1.0226985470380388,1,8.097453223459309e-07,1.37089302432805,3
0.25,3,10,5,0,1.9615920013813275,1.097255573887459,0,0.11884176962010806,1.3862919596468206,3
0.25,3,10,6,0,1.916782434152895,1.086972196214265,1,0.1212280641072665,1.384334371709663,3
0.25,3,10,7,0,1.5742713750283839,0.929741135346406,1,0.5463100754939596,1.3849826450321627,3
0.25,3,10,8,0,1.395136162048701,0.6274865203058824,1,2.616752626551585e-05,1.372150289522225,3
0.25,3,10,9,0,2.3051079338588485,0.996055612808386,1,3.136984448394279e-06,1.3459079316530458,3
0.25,3,10,10,0,1.5508225918545553,0.9313398690726857,0,0.6096414705188758,1.3851620818383703,3
0.25,3,10,11,0,1.5060918893511608,0.905960934178984,1,0.00021874452304937472,1.3626032313745873,3
0.25,3,10,12,0,1.7522962628719385,1.0203862584865215,1,0.47087400083538655,1.3857109738471787,3
0.25,3,10,13,0,1.776713463819829,1.0447160592201779,1,0.0008741093450574568,1.3838149350293616,3
0.25,3,10,14,0,1.8141410005038203,1.0546152871369832,1,0.056170054641523214,1.3671202869767265,3
0.25,3,10,15,0,1.5347616970853821,0.896577414908583,1,1.051041236055673,1.3846047846727294,3
0.25,3,10,16,0,2.258471752106823,1.0410746179922765,1,0.0006646711894648248,1.3502990324505317,3
0.25,3,10,17,0,1.625530943234898,0.9769484306027196,1,0.49391432448683414,1.385420137072067,3
0.25,3,10,18,0,1.5750764372036468,0.9423256426515567,1,8.042613190936688e-14,1.3734409478321659,3
0.25,3,10,19,0,2.232458630099968,1.047666860553688,1,0.21336904048601793,1.3265834070805826,3
0.25,3,10,20,0,1.592942577955388,0.9545475668711354,1,0.003269166449647223,1.3824945392535473,3
0.25,3,10,21,0,1.9999611424163022,1.0706821280597938,0,0.1399521522705482,1.3477580938588822,3
0.25,3,10,22,0,1.4618005693586067,0.8312086387963844,1,1.0508184170211225e-05,1.3861671160458675,3
0.25,3,10,23,0,1.9785183291042832,1.0532162955240745,1,3.05835304662493e-05,1.364667758826861,3
0.25,3,10,24,0,1.3673731793933614,0.7340237043921436,1,0.1396625356254156,1.3857989689931618,3
0.25,3,10,25,0,1.4660896229118274,0.8331727381584222,0,0.01697257772986841,1.385269440195828,3
0.25,3,10,26,0,2.10431220324297,1.087644627472268,1,2.1600492359234128e-07,1.3826212021713933,3
0.25,3,10,27,0,2.4763659014042503,0.7633004287717193,0,0.05925914887012374,1.3843618238951978,3
0.25,3,10,28,0,1.7231042374248464,1.0372470323316958,1,0.0001038810117076838,1.362893376131014,3
0.25,3,10,29,0,2.0421055810632764,1.060121780479743,0,0.15764440141551578,1.3809955882018166,3
0.25,3,10,30,0,2.215007736721173,1.0257417375232698,1,0.000664343379083879,1.3196593041255675,3
0.25,3,10,31,0,2.451103766341831,0.8155637543133398,0,0.16412463611914285,1.3838714515096788,3
0.25,3,10,32,0,1.7978233598836397,1.0665691261567516,1,7.692394953260514e-06,1.369439820559458,3
0.25,3,10,33,0,2.1710170363994648,1.0721914423779844,1,2.3733330497246343e-09,1.3757534982879847,3
0.25,3,10,34,0,1.1376225693978823,0.3990937462570937,0,0.034454516630168255,1.3860534592419813,3
0.25,3,10,35,0,2.166750351930094,1.071036238115671,1,1.4132108848262116e-05,1.3312355819184765,3
0.25,3,10,36,0,1.295587581236592,0.5656499998626754,1,0.1505756385070089,1.3852244323755651,3
0.25,3,10,37,0,1.8092243994158173,1.058630663311947,1,0.007369375602126779,1.3834484263133355,3
0.25,3,10,38,0,1.0546151086522324,0.20869331828535914,1,0.00034362507920685534,1.3861522385437786,3
0.25,3,10,39,0,2.069081449641018,1.0930251767005268,1,0.10732207703840677,1.3480843826601814,3
0.25,3,10,40,0,1.6821015353822582,1.005701425995383,1,0.006712731998272879,1.3845851470549644,3
0.25,3,10,41,0,1.9831561033522527,1.0929433442020589,1,0.048874918341041226,1.3660087798767049,3
0.25,3,10,42,0,2.101320933947932,1.0889775758549676,0,0.6931162339401525,1.3821387236835727,3
0.25,3,10,43,0,1.6049753695446012,0.9539339111354221,0,0.09311682511777701,1.3860466444439825,3
0.25,3,10,44,0,2.4052258902636607,0.8935251778029909,0,0.6353658008666476,1.3657757233025738,3
0.25,3,10,45,0,1.3846788659396263,0.718034961830196,1,0.00019105521495521745,1.3840089720807829,3
0.25,3,10,46,0,1.935550473228126,1.090145355066895,0,0.7778458311820875,1.3859588189486904,3
0.25,3,10,47,0,1.097959699821524,0.2766389022094913,1,1.8279526162987274e-08,1.386293294432631,3
0.25,3,10,48,0,1.7506399932223724,1.0387048962010967,1,0.055010496565671835,1.381142005675717,3
0.25,3,10,49,0,1.4558745503346873,0.8022866162455873,1,0.024949875444391718,1.386081896494075,3
0.25,3,10,50,0,2.2187589574576183,1.0331512002268475,1,0.5575529520257871,1.3831585542658544,3
0.25,3,10,51,0,2.067743644452087,1.0937880569735057,0,0.6385080988532313,1.3203243671832166,3
0.25,3,10,52,0,2.027923105469441,1.0978862272751027,0,0.5239643777920184,1.3858073150156063,3
0.25,3,10,53,0,1.7456326237706516,1.0464099423575588,1,2.5262221516625135e-05,1.3817164371854882,3
0.25,3,10,54,0,2.0828381647619114,1.093097534540239,1,0.0004123733358551698,1.3845591993703885,3
0.25,3,10,55,0,2.1358129164527773,1.0698455490606942,1,0.006189820260221367,1.2990374454003448,3
0.25,3,10,56,0,1.477794456542465,0.8468748961667871,0,0.14539548613828776,1.376803318840257,3
0.25,3,10,57,0,2.17030189019199,1.067441859012943,0,0.07185395164792399,1.3855357823871097,3
0.25,3,10,58,0,2.0770199773728795,1.0194661016408522,1,0.2863385776502222,1.290348871351791,3
0.25,3,10,59,0,1.6613149921622674,0.9866873128702143,1,5.7783558544651975e-05,1.380182533991516,3
0.25,3,11,0,0,1.587363786020297,0.9391643657814025,1,0.5001126278651012,1.3794017600268196,5
0.25,3,11,1,0,2.1137333765573523,1.0888025509037622,1,9.925820953295518e-06,1.3586410558795683,5
0.25,3,11,2,0,1.8645408445690186,1.0786793390487723,1,0.6331441301753357,1.3293705388192965,5
0.25,3,11,3,0,1.8780338291481167,1.0850496579114264,0,0.6896409918209969,1.3849998628236815,5
0.25,3,11,4,0,1.4751728618942392,0.8443311673532309,1,0.6057007482848752,1.3859752418606959,5
0.25,3,11,5,0,1.7931413709016608,1.0634672656525548,1,0.0006694415761941007,1.3733093593919956,5
0.25,3,11,6,0,2.429627986510577,0.9265268289514722,1,0.007620489966799365,1.2385634166408956,5
0.25,3,11,7,0,1.4896452677039116,0.8846124937489103,1,0.6879839259209692,1.3851979657890197,5
0.25,3,11,8,0,1.5799285333250395,0.9389057007129018,1,2.6513397347267916e-08,1.3843466873265586,5
0.25,3,11,9,0,1.4254452896665137,0.8204233594056188,1,1.2189777738643764e-05,1.3851290264342064,5
0.25,3,11,10,0,1.5596354478609944,0.914339207098015,1,0.30444511174984107,1.3846223129367377,5
0.25,3,11,11,0,1.9413100648732264,1.0938050626159213,1,0.3054058467518332,1.3700280900189108,5
0.25,3,11,12,0,1.9176861461712396,1.0914144362725267,1,0.0007110143411858185,1.3853901809998057,5
0.25,3,11,13,0,1.5402364006857632,0.9331444854302985,0,0.02219423489142412,1.383055965156087,5
0.25,3,11,14,0,1.5236307523706898,0.9138825179780419,0,0.2874511193309116,1.383005107305564,5
0.25,3,11,15,0,1.9386142498255483,1.0943581724308287,1,2.512201426746983e-06,1.3686938023757536,5
0.25,3,11,16,0,1.9674370917557205,1.0976931986917842,0,0.2027175774846045,1.3862788111538769,5
0.25,3,11,17,0,1.9768734557743022,1.0981928444534699,1,0.0011941472736429941,1.3157007843429336,5
0.25,3,11,18,0,1.5304249648973507,0.8965676211917739,1,2.0054554704711475e-07,1.3856041595396444,5
0.25,3,11,19,0,1.8856732575204744,1.0857401329407144,1,1.1504397410866152e-09,1.3830093161370984,5
0.25,3,11,20,0,1.680650251505463,1.0076063702511358,1,0.8099380019201852,1.3856145429985207,5
0.25,3,11,21,0,1.5946690839621889,0.951990366536039,1,0.001253569582772663,1.3861545043142267,5
0.25,3,11,22,0,2.1784358450861268,0.9551930669602402,1,1.5163477441071825e-06,1.2635320747333096,5
0.25,3,11,23,0,2.0204090240897266,1.098299172839373,0,0.15694536423002028,1.3763168085583084,5
0.25,3,11,24,0,2.3195239157116188,0.9481566297123334,1,1.1227439591479607e-05,1.328927744994062,5
0.25,3,11,25,0,2.266476031815792,0.9372685494610813,1,1.903019475849838e-05,1.2978288263112134,5
0.25,3,11,26,0,1.6630882222359342,0.9978829459798666,0,0.02454286697041216,1.3825017320877218,5
0.25,3,11,27,0,1.6573908054474802,0.993907531453614,1,0.23017177276998274,1.3848058599966189,5
0.25,3,11,28,0,1.5738079928538078,0.9284597852737028,1,0.003066830831407381,1.3858708040445995,5
0.25,3,11,29,0,1.0477602364069936,0.16335869176189166,1,1.2201445136657405e-08,1.3860346585288454,5
0.25,3,11,30,0,1.1336066111532048,0.36046737279607877,1,2.9174250550727367e-05,1.3862664475679636,5
0.25,3,11,31,0,1.5031117708141126,0.8540134219685304,1,1.121895575206178e-06,1.3830289750338218,5
0.25,3,11,32,0,1.8929615628628391,1.0880869760926037,1,0.9155109598912141,1.3862331540706978,5
0.25,3,11,33,0,1.8989500951942837,1.0892570068081593,0,0.43614749608997816,1.38591528861721,5
0.25,3,11,34,0,1.7932697766382866,1.0586878328437552,1,2.2414123445282904e-06,1.3754298177654025,5
0.25,3,11,35,0,1.8899468944601416,1.0855931324376273,1,0.10798744496939984,1.3856624592275428,5
0.25,3,11,36,0,1.9749597627428124,1.098021842192047,1,1.171099122078573,1.3855815294643072,5
0.25,3,11,37,0,1.2313810300998655,0.5874131362140164,1,0.0942902074953232,1.3835425843257356,5
0.25,3,11,38,0,1.07218844999629,0.2567565879324503,1,0.06340205155033297,1.3857981633218919,5
0.25,3,11,39,0,1.014995832746569,0.06078022763143638,1,0.2777693319318901,1.3862895754482965,5
0.25,3,11,40,0,2.025815081598369,1.094772100617509,1,0.005578265812643881,1.3739329235585853,5
0.25,3,11,41,0,1.7817121667002576,1.054856697793553,0,0.3627494596951226,1.3757212463793325,5
0.25,3,11,42,0,2.0757617028051403,1.0936865841190906,0,0.10280839557851901,1.3859445522493106,5
0.25,3,11,43,0,1.886689782477586,1.0847671778989398,1,0.009793573198205405,1.3860221553379648,5
0.25,3,11,44,0,1.6267131854694805,0.9846799139195748,1,1.4629242524798872e-07,1.3801437977081057,5
0.25,3,11,45,0,1.9238112662493414,1.0769464598730853,0,0.026170435815760333,1.3777191694159021,5
0.25,3,11,46,0,1.0007631654621625,0.005339720317303685,1,4.54756304373877e-07,1.386294344457194,5
0.25,3,11,47,0,1.1245124948637775,0.3472133594007305,1,0.0003257573733840862,1.38604794121585,5
0.25,3,11,48,0,1.7714076398240923,1.05621669179689,1,1.40841013509069e-09,1.3710489149971394,5
0.25,3,11,49,0,2.020257405436318,1.096580894207401,1,0.0002380084532030728,1.3731802279366383,5
0.25,3,11,50,0,1.3270900555886167,0.7103568446765166,1,0.000494968351391876,1.3533270134801585,5
0.25,3,11,51,0,1.9534364425916921,1.0969816385682378,1,0.2960867732700109,1.3170051967884666,5
0.25,3,11,52,0,2.354511406026484,1.0013841716355487,1,0.0003129446611865557,1.3481563044129126,5
0.25,3,11,53,0,1.4731520096371358,0.8620286039291222,1,0.23626941219019226,1.3853138053356926,5
0.25,3,11,54,0,1.9408208909791047,1.0677863654840796,1,8.588840905153457e-10,1.3231413607607785,5
0.25,3,11,55,0,1.4145167821999878,0.7812281274077948,0,0.05459577085407539,1.3854969450545744,5
0.25,3,11,56,0,1.8731446717975206,1.0799998857902968,0,0.7656076595568817,1.376038688170477,5
0.25,3,11,57,0,1.1351598891354597,0.4028223297475465,1,0.5209384366102792,1.3859072734654843,5
0.25,3,11,58,0,2.264756802490288,1.0260663233883733,0,0.12748745735880876,1.383644813986591,5
0.25,3,11,59,0,1.618924773077484,0.9692086520592734,1,1.3420418861912784e-05,1.3861500787842718,5
0.25,3,12,0,0,2.4435103167800882,0.9394859068699641,1,0.004773383195137025,1.3482491651177857,8
0.25,3,12,1,0,1.8085066916432053,1.0669908186672943,0,0.03960381282758945,1.386231148312469,8
0.25,3,12,2,0,1.8492208984126557,1.0763781888662833,0,0.3664618618427724,1.386254538279358,8
0.25,3,12,3,0,1.4863624184301762,0.8592762800094327,1,0.006167122086950925,1.3861014157691405,8
0.25,3,12,4,0,1.5647287151138745,0.9507235214373184,1,0.015803559718076544,1.3824271927150893,8
0.25,3,12,5,0,1.2839841823641196,0.6306479697351033,1,0.6818112779874783,1.386107529070148,8
0.25,3,12,6,0,1.4563870809820438,0.8346566003391529,1,0.19820694130765115,1.3861238842762864,8
0.25,3,12,7,0,1.8907426144183688,1.0873248690952901,0,0.9458009025875387,1.3854020849430722,8
0.25,3,12,8,0,1.4807283260096238,0.864959205843039,1,0.0029215057468165153,1.3402532526391933,8
0.25,3,12,9,0,1.649843580464048,0.9848765840517311,0,0.08940604104921143,1.385428999251574,8
0.25,3,12,10,0,1.8101806520951533,1.0517219509553808,1,0.00015549308550860593,1.3819045805370498,8
0.25,3,12,11,0,1.6859709238086582,1.006417262927662,1,0.034741176397532415,1.3861197585396619,8
0.25,3,12,12,0,1.8036159184556542,1.0596216252082145,1,0.00043173820155517834,1.3829717408290143,8
0.25,3,12,13,0,2.3364019050422558,0.9556454362442819,1,5.272763874887212e-06,1.376422461850381,8
0.25,3,12,14,0,1.5570035160494877,0.9383950253581592,1,0.0001402165868066727,1.3748446904961487,8
0.25,3,12,15,0,1.9285902408603093,1.0946527406254807,1,0.00010692005439385734,1.3542020151141916,8
0.25,3,12,16,0,2.149039555528317,1.064450412493712,1,0.00235683148112655,1.3004430515798246,8
0.25,3,12,17,0,1.622078558034749,0.9740676055956112,0,0.07585737541542412,1.382312984055961,8
0.25,3,12,18,0,1.1652089994173191,0.4123568773898036,1,0.01893396193741455,1.3858324464770821,8
0.25,3,12,19,0,1.8143588918682314,1.048286850669695,0,0.8552140773293051,1.3861686656614092,8
0.25,3,12,20,0,1.4651646594190666,0.8272763758599573,1,1.5556293024547688e-07,1.3826957800324227,8
0.25,3,12,21,0,1.7785241683106165,1.0552081842735872,0,7.294740695039439e-06,1.3831113443217937,8
0.25,3,12,22,0,1.340633422801879,0.7355037299069909,0,0.24286674322908605,1.3851585902051062,8
0.25,3,12,23,0,1.5105235847086602,0.8791542532879422,1,0.022822968514410232,1.3862334648563739,8
0.25,3,12,24,0,2.320745251595847,0.9673140057800312,1,0.0017191021060110896,1.3790101427751866,8
0.25,3,12,25,0,1.0113573493860128,0.0576274703631656,0,0.018903789649823248,1.3862935820255724,8
0.25,3,12,26,0,1.1516477174868749,0.4281502643236998,0,0.25521012091204004,1.3862177067278498,8
0.25,3,12,27,0,1.4593146607564305,0.8350403748546604,1,0.06910737426846268,1.377801155816095,8
0.25,3,12,28,0,1.7267584169049357,1.024487800373495,1,0.006212883102429957,1.3638028944868419,8
0.25,3,12,29,0,1.0040519403137553,0.021562274910863544,1,3.7053929259482535e-07,1.3862941339987715,8
0.25,3,12,30,0,1.8870628652117922,1.08646790063844,0,0.18553986519592094,1.3726221472052031,8
0.25,3,12,31,0,1.6259417720833043,0.9616343309364948,1,0.0027851420834666485,1.3853306084751003,8
0.25,3,12,32,0,1.4852989426626995,0.8654211350933476,1,0.0011370970015671033,1.3816147442957007,8
0.25,3,12,33,0,1.6991908233893747,1.0136369719192087,1,4.234748281662428e-08,1.3852851716727324,8
0.25,3,12,34,0,1.7586403406989493,1.0513489460678724,1,9.940778128652244e-09,1.3502883279215705,8
0.25,3,12,35,0,1.3562659715462964,0.7121590231183421,1,2.116826327369743e-08,1.3795905814079685,8
0.25,3,12,36,0,1.930378902977298,1.0909586356910284,1,3.0489616781842975e-06,1.3604741839880474,8
0.25,3,12,37,0,2.1387721251137073,1.0835221379277553,1,0.012538874456219458,1.3385012205099485,8
0.25,3,12,38,0,1.1416271932226574,0.3762203067187497,1,0.031202637400001707,1.3853188519971258,8
0.25,3,12,39,0,1.5157493547300556,0.8836587636713269,1,3.9962216554959574e-05,1.3760131948222796,8
0.25,3,12,40,0,1.3805929217724215,0.7205769239594537,1,2.4245800029954212e-08,1.3827037418187567,8
0.25,3,12,41,0,1.76480484069605,1.0420728376600268,0,0.5876988414817841,1.3862702159485625,8
0.25,3,12,42,0,2.1136453214136304,1.0879315926460311,0,0.051380919823332157,1.3836684433620885,8
0.25,3,12,43,0,1.647610404434397,0.9813100826406355,1,0.6632130504446607,1.385488703751573,8
0.25,3,12,44,0,1.9873507566000808,1.0962294431278563,0,0.034718852193940324,1.3747713086259372,8
0.25,3,12,45,0,1.5350069614046555,0.9027913178836733,1,1.323641622478367e-05,1.3856543843756264,8
0.25,3,12,46,0,1.918733581601418,1.0926303626309224,1,0.4368132498347806,1.3859482521722393,8
0.25,3,12,47,0,1.6993029577584302,1.0193817324070964,1,0.031935752802224965,1.3852948974014125,8
0.25,3,12,48,0,1.5293551072278277,0.8962327074773941,1,0.009937934630304563,1.3861227588574137,8
0.25,3,12,49,0,1.4729525853564567,0.8485285478442719,1,2.6989363049015667e-05,1.3850079511876563,8
0.25,3,12,50,0,1.9839947578270358,1.0966293297096357,1,1.5300162448060123e-05,1.3391300833045623,8
0.25,3,12,51,0,1.8255883907552035,1.0717373991584704,1,3.623668887156999e-08,1.378621939167853,8
0.25,3,12,52,0,2.2300709241728134,1.0264110886701716,1,3.153071949718371e-05,1.3308371280555562,8
0.25,3,12,53,0,2.1969489433888327,1.0595375824362552,0,0.005584065253326277,1.3730617050522467,8
0.25,3,12,54,0,1.7328753677875433,1.0331942798077787,1,0.0008585637961949673,1.3855542449420337,8
0.25,3,12,55,0,1.6307043399980248,0.9728524016998461,1,9.87680651655787e-07,1.376580373020901,8
0.25,3,12,56,0,1.6459923524154867,0.9905222294537958,1,0.0030867917733137804,1.37777886282514,8
0.25,3,12,57,0,2.3570996399436157,0.9564030892876522,1,2.587035706098752e-08,1.356466562491637,8
0.25,3,12,58,0,1.3989968015551653,0.7902707784598628,1,0.049193577314800986,1.3862091620553394,8
0.25,3,12,59,0,1.510315152926458,0.8771244964057682,0,0.06432010375720112,1.3861626950532995,8
0.25,3,13,0,1,2.0942385126209304,1.0876446191855151,0,0.663789455344828,1.3787140934708502,2
0.25,3,13,1,1,1.0045735656173647,0.023023108297646325,1,0.03368647414164658,1.3862941615683329,2
0.25,3,13,2,1,2.2559745942830265,1.0244750811068841,1,0.004346778060294234,1.3780462006066898,2
0.25,3,13,3,1,1.2666032718923594,0.5911391626624699,1,6.946182280883923e-05,1.3861982570209008,2
0.25,3,13,4,1,2.1628339402043566,1.0702316708809703,1,0.00010597509301256893,1.3428598079398506,2
0.25,3,13,5,1,2.142073361720648,1.077231356543906,1,3.203685852098393e-08,1.2956836482465768,2
0.25,3,13,6,1,1.2826038771970651,0.6166621211859705,1,0.3373845405643497,1.3862633164405676,2
0.25,3,13,7,1,1.4650323612221856,0.8340088379886201,1,0.00019010351545909826,1.3841166948242796,2
0.25,3,13,8,1,1.8136797737985202,1.0658021388267966,0,0.27915414065439204,1.3855179421733341,2
0.25,3,13,9,1,1.9297157527318318,1.0937767220583623,1,5.2695230993933064e-05,1.3794628434357246,2
0.25,3,13,10,1,2.2241882108018878,1.0565751147855527,0,0.17051508017125602,1.3857129221678057,2
0.25,3,13,11,1,1.6290824034906664,0.970798840767025,1,0.01907237045653061,1.3808043163511345,2
0.25,3,13,12,1,2.1294151578434852,1.0811688988977104,1,0.19066297136413043,1.2860742619756669,2
0.25,3,13,13,1,1.626504835297454,0.9707808156249711,1,0.7609412648643675,1.3859112671731189,2
0.25,3,13,14,1,2.3819267102875665,0.9376748308539907,0,0.010673345775841787,1.383837277412112,2
0.25,3,13,15,1,2.1577257743696476,1.0720575121804483,1,0.006223648109483829,1.3839792142631282,2
0.25,3,13,16,1,1.5302915475606036,0.8946701985801443,1,0.01352911907187959,1.3853134433122043,2
0.25,3,13,17,1,1.7342449241399895,1.0326432603634037,1,1.1647067931750377,1.384044075308211,2
0.25,3,13,18,1,2.446201937937066,0.8228609349734309,1,4.562736940933122e-07,1.3750117572417406,2
0.25,3,13,19,1,1.671361857172345,1.00031860820066,0,0.4322995969460698,1.3860668586611957,2
0.25,3,13,20,1,1.7222111231519,1.0261875404382725,1,0.020409441524953144,1.3831328318356186,2
0.25,3,13,21,1,2.242330657207823,1.0327943112725841,1,0.006245582071107646,1.3482744334031342,2
0.25,3,13,22,1,1.8639924834875712,1.0833426341726473,0,0.00014471348902300805,1.383489821586493,2
0.25,3,13,23,1,2.4974393605886824,0.7045489593065033,1,0.0002243588240995646,1.2347526600392422,2
0.25,3,13,24,1,1.5115455132905935,0.8781007765548643,1,1.0706316209066454e-05,1.3857035495760397,2
0.25,3,13,25,1,2.0574625938211377,1.0952667515829468,1,0.14223945836436047,1.386005470752504,2
0.25,3,13,26,1,1.9860241141335886,1.0984178537384242,1,5.163295643396903e-05,1.3815708899246302,2
0.25,3,13,27,1,1.015055622258462,0.06312901919884242,1,0.00015063625026666484,1.3862876941549183,2
0.25,3,13,28,1,1.8769064587372524,1.083946802681476,1,0.49739855456392534,1.3703381265213044,2
0.25,3,13,29,1,2.1432055733120685,1.076876629571789,1,0.00013216825940301973,1.3633540352011675,2
0.25,3,13,30,1,1.7932138541408675,1.0580568669813708,1,0.18328225079093266,1.3856162327073056,2
0.25,3,13,31,1,2.339551073904935,0.9591285598717638,1,3.1751592608674396e-08,1.38574522982283,2
0.25,3,13,32,1,1.0048221584637518,0.021732395316299953,1,0.6847808222420418,1.3862915776979228,2
0.25,3,13,33,1,2.2078128579005156,1.0437208663448097,1,0.7031322806670793,1.3748630916339837,2
0.25,3,13,34,1,2.3211330438404514,0.9759103561779128,1,0.001242074294816618,1.3436616879875407,2
0.25,3,13,35,1,1.2080453156021587,0.4933198398688614,0,0.6531588551774602,1.3854870788505684,2
0.25,3,13,36,1,1.5619113740045762,0.9210206447867717,1,8.120505357783303e-06,1.3808433299529634,2
0.25,3,13,37,1,1.6986268522618344,1.0155792575651788,0,0.6600323228721918,1.3806875704146915,2
0.25,3,13,38,1,1.5765906104603047,0.9341663792793253,1,0.3137882931481896,1.382214966527363,2
0.25,3,13,39,1,1.3897206826859496,0.752440775547182,0,0.30685182788770243,1.3862067380800425,2
0.25,3,13,40,1,1.7681358139050842,1.0478089064008222,1,1.2398228716916231e-05,1.3805208323696554,2
0.25,3,13,41,1,1.7520192096293794,1.0406502201652468,1,3.675070376437316e-07,1.3861147305807289,2
0.25,3,13,42,1,1.2680264015346658,0.5933266320170584,1,0.02425674519910642,1.385679602058414,2
0.25,3,13,43,1,1.4601388916518754,0.82911248106624,1,3.709534299224443e-05,1.3858090247712576,2
0.25,3,13,44,1,1.029172673279486,0.1093207904457683,1,0.029890972647880945,1.3862552056033555,2
0.25,3,13,45,1,1.6370814461026442,0.9761637318649684,1,0.002801505861881487,1.3847382301505973,2
0.25,3,13,46,1,2.0927794253719605,1.0896970416403864,1,0.01569103400691247,1.2703052221523699,2
0.25,3,13,47,1,2.3252072900654435,0.9724296963788499,1,0.03164605277669179,1.3684703811926024,2
0.25,3,13,48,1,2.1229034917540974,1.0811259541423148,0,0.5514138055580837,1.3798295931024467,2
0.25,3,13,49,1,2.395842940173952,0.8971992975126724,1,1.1852639743767665e-06,1.270562583625407,2
0.25,3,13,50,1,1.4542201986306682,0.8230343249065857,1,0.06558414203390121,1.3855844210416906,2
0.25,3,13,51,1,1.3676486965694927,0.7268860281223521,1,0.034358745716913844,1.3826780684224829,2
0.25,3,13,52,1,1.0212931570800798,0.0854040186277906,1,0.29812106339468974,1.3862935933003069,2
0.25,3,13,53,1,1.0895976146249768,0.2696022968127012,1,0.1321870749667241,1.386282353798338,2
0.25,3,13,54,1,1.7133878346135425,1.0216091976306079,1,0.0011863676372304813,1.383602456423677,2
0.25,3,13,55,1,2.2311168397197854,1.0467932259601818,0,0.14270681886269085,1.3846664946770684,2
0.25,3,13,56,1,1.6678006848210112,0.9957187842358562,1,0.00023267380790191925,1.3784508142168659,2
0.25,3,13,57,1,2.1383027839809174,1.0783882522813326,1,7.024413830102756e-05,1.3816535907742422,2
0.25,3,13,58,1,1.2447439481147393,0.5579729488311509,1,1.2713014441161703e-06,1.3843408045739216,2
0.25,3,13,59,1,1.7339679028496966,1.032083882022806,1,4.83301477185724e-10,1.3705841333328288,2
0.25,3,14,0,0,1.9860274430765186,1.0560048303890883,1,5.575982047123803e-08,1.2755091365160558,7
0.25,3,14,1,0,2.3033977966536336,1.0026518169453398,1,0.0001821345102794812,1.3727751101518064,7
0.25,3,14,2,0,1.7591638317294434,1.0454842683414287,1,0.008891909837787532,1.3862487243733361,7
0.25,3,14,3,0,1.448177185911362,0.8051237958451953,1,0.6839563974185314,1.3855655319791749,7
0.25,3,14,4,0,1.6742193920427926,1.0125034065705378,1,5.107244239497938e-05,1.3825592221262821,7
0.25,3,14,5,0,1.2466333488919343,0.5552556401318145,0,1.0508232226896999,1.386243744241365,7
0.25,3,14,6,0,2.1740749044619476,1.0698320706536601,1,0.003511396987555912,1.3651083750674333,7
0.25,3,14,7,0,1.378922358308397,0.7432586390583608,0,0.46820527012409213,1.3852850908232324,7
0.25,3,14,8,0,1.984598386816697,1.098323490927788,0,0.684310495820515,1.3790609865302406,7
0.25,3,14,9,0,2.4528289637283223,0.9190902104856153,1,3.759907694006462e-10,1.1949757018359988,7
0.25,3,14,10,0,1.5855794489351447,0.9429964831472308,1,0.0006139873817227194,1.3857812798518556,7
0.25,3,14,11,0,1.5004062769378521,0.8702909842844396,1,0.0002818570937866081,1.3834039843982384,7
0.25,3,14,12,0,1.6635640674670225,0.9945435122948318,0,0.6143420889288576,1.3861719076202963,7
0.25,3,14,13,0,1.7758409819486376,1.0059250870775183,1,0.03244573228263934,1.377928048891092,7
0.25,3,14,14,0,1.8660517312777614,1.0841283209422274,0,0.023203091602396315,1.3740600321277059,7
0.25,3,14,15,0,1.7175482642110542,1.0303562832464193,1,0.00164731971520297,1.3645997637441227,7
0.25,3,14,16,0,1.786555922960844,1.0608826778662444,1,0.0021709509305581336,1.3820815690421537,7
0.25,3,14,17,0,1.646813834089317,0.9825790877269236,0,0.047868025937809956,1.38273773567112,7
0.25,3,14,18,0,1.641076362172884,0.855818280015442,1,2.509924942368217e-06,1.3721440771730422,7
0.25,3,14,19,0,1.8116092603945952,1.0670958447871268,1,4.576361443593392e-06,1.3856816370315788,7
0.25,3,14,20,0,2.530052302017574,0.7632892446266502,1,0.00543051929637053,1.3744033933109705,7
0.25,3,14,21,0,1.2284094165892332,0.5369103517915195,1,0.6200308578535277,1.3840615556842017,7
0.25,3,14,22,0,1.9170597751587537,1.0932224556883878,1,0.4339278302013767,1.3857001378535214,7
0.25,3,14,23,0,1.1596576233354923,0.40849842205822895,1,0.011373646853652615,1.3862516571445764,7
0.25,3,14,24,0,1.6441451865727323,0.9744268677690398,1,3.1478543518416996e-08,1.3856627517616649,7
0.25,3,14,25,0,1.0179826350452448,0.07321219993684576,1,0.4759848737869216,1.3862927165156542,7
0.25,3,14,26,0,2.233832182882272,1.0227486047773684,1,0.2529275982974215,1.3680797750317115,7
0.25,3,14,27,0,1.499989778383417,0.8820331425104697,1,3.0462914286337154e-05,1.3689965510436457,7
0.25,3,14,28,0,1.2341828989067072,0.5469712256127818,1,0.23171372604323262,1.3856536119533085,7
0.25,3,14,29,0,1.5542324967500543,0.9416258167293043,1,2.8184598909491586e-06,1.380478001822597,7
0.25,3,14,30,0,1.7151038991188448,1.0243358459475929,0,0.1974695961247973,1.386090801489027,7
0.25,3,14,31,0,1.4380952879112379,0.821541928563969,1,0.0028530418117206327,1.385874637871869,7
0.25,3,14,32,0,1.26607861488609,0.634070659344912,1,0.158361697870832,1.384742054772417,7
0.25,3,14,33,0,2.18807606418248,1.0664246295805875,1,0.0024061856577090495,1.3735884554276607,7
0.25,3,14,34,0,1.887356692848121,1.0889357544857705,0,0.13376289144132325,1.3848851702370764,7
0.25,3,14,35,0,1.4078486078784789,0.7773763531050055,1,3.017679326412093e-05,1.385033954324736,7
0.25,3,14,36,0,1.690511350734307,1.0132348745027033,0,0.0850272690455355,1.3858799756967648,7
0.25,3,14,37,0,1.79705022016698,1.06553820301037,0,0.31383848398851544,1.3679773765351124,7
0.25,3,14,38,0,1.7830288493326545,1.0384894139288119,0,0.3237520527922001,1.369066865454307,7
0.25,3,14,39,0,2.064140541740464,1.095509928579834,0,0.5174004308491795,1.3848148372795048,7
0.25,3,14,40,0,1.7272615599843875,1.029108741223367,0,0.046058400696432494,1.3861639301697317,7
0.25,3,14,41,0,1.8114966091477653,1.071480240794153,1,0.0013550833523284201,1.3736590057289253,7
0.25,3,14,42,0,1.5999317927957055,0.9504328536941491,1,1.703093016085729e-05,1.3803382748557218,7
0.25,3,14,43,0,1.4701435708113606,0.8436578743015689,1,0.002772805259601053,1.3839040211494844,7
0.25,3,14,44,0,1.8955774307706315,1.0896248142202176,1,1.569088607329946e-08,1.3707403451114273,7
0.25,3,14,45,0,1.376906010677187,0.7418742618373979,1,0.023771985574009558,1.385996996735702,7
0.25,3,14,46,0,1.7120093175834108,1.0209324918102598,0,0.13881152724219842,1.3851543953544354,7
0.25,3,14,47,0,1.1857882600302436,0.4852379908313946,1,1.5635636739293675e-05,1.3861441237419783,7
0.25,3,14,48,0,1.8656579965382931,1.0610061541511993,1,1.1137374995829492e-08,1.3759632424953596,7
0.25,3,14,49,0,1.5769648880961304,0.9528539397220179,1,5.8152139853938036e-05,1.3760531668899578,7
0.25,3,14,50,0,1.5500909370575915,0.9071284070804126,1,0.0002870033403083008,1.3846746603937152,7
0.25,3,14,51,0,1.9830211646843172,0.9712847884698597,1,0.01072653841943649,1.3223445931538524,7
0.25,3,14,52,0,1.9163923159672207,1.093130181947426,0,0.27615519207620887,1.3852025268657089,7
0.25,3,14,53,0,1.010717840228748,0.04651542998863649,1,0.0006927634181896195,1.38629320714536,7
0.25,3,14,54,0,1.8527834806111898,1.077584688075015,1,0.08137840819283565,1.3849195325280304,7
0.25,3,14,55,0,1.7083233310438117,1.019461911389441,0,0.00041562985939493606,1.3777506788946554,7
0.25,3,14,56,0,1.835951367396063,1.0734988374398464,1,0.14525104586725607,1.38537500884564,7
0.25,3,14,57,0,2.1582171905585774,1.073059252960187,1,2.0513957880907057e-06,1.3830914942885135,7
0.25,3,14,58,0,1.6682591047450215,0.9937951562920135,1,1.1653411060971184,1.3862454659312928,7
0.25,3,14,59,0,2.6604884886946234,0.7231163696023046,1,2.5020817342606706e-12,1.105305592500475,7
0.25,3,15,0,0,1.940949065519616,1.055881895363718,1,0.22016422063417457,1.3271351821108701,2
0.25,3,15,1,0,2.1837465152854216,0.9973141879431213,1,1.1334976004772254e-08,1.2613111699524804,2
0.25,3,15,2,0,2.237493997661463,1.0415021762413068,1,0.00021739750723844182,1.3298214421111743,2
0.25,3,15,3,0,2.204655015461681,0.6992612821667331,1,0.12375423301763806,1.03598214328288,2
0.25,3,15,4,0,2.367481214958392,0.9449742707395823,1,2.034378738765153e-06,1.3096060402108038,2
0.25,3,15,5,0,2.4960861254370488,0.7095184760845265,1,1.4628872529546144e-08,1.1901204622307255,2
0.25,3,15,6,0,1.8189475006456826,1.0668708367185715,1,0.0034347507427955407,1.3854275860555127,2
0.25,3,15,7,0,2.488741267321425,0.8558385774347845,1,5.35116034061976e-09,1.103890063040883,2
0.25,3,15,8,0,1.8131067065299447,1.0687719922572083,1,0.0003245968148350236,1.3848047939920871,2
0.25,3,15,9,0,2.210779499538665,1.0472910695822193,0,0.5987593870327591,1.3439805005458298,2
0.25,3,15,10,0,2.4848096660035686,0.7223584702726846,1,1.3980078450519873e-08,1.1573280134987152,2
0.25,3,15,11,0,2.4867163453872765,0.7050957495886333,1,2.8429984138855782e-12,1.0561688019414688,2
0.25,3,15,12,0,2.100818028356321,1.090941557789983,0,0.48867252625502905,1.385160463141845,2
0.25,3,15,13,0,1.7076236253427404,1.0141260200863909,0,0.02678595123310888,1.385124335391445,2
0.25,3,15,14,0,1.9936450600997786,1.0143191217519936,1,0.2722688576633869,1.273893015801609,2
0.25,3,15,15,0,2.4680233624924535,0.7478838420906175,1,7.444636751423852e-07,1.3369219919808333,2
0.25,3,15,16,0,1.6027992624610055,0.9534427445289121,0,0.0012701966658298482,1.3454455503356755,2
0.25,3,15,17,0,1.9605833050078068,1.096250157639515,1,0.0015802498238141251,1.363661525595483,2
0.25,3,15,18,0,2.0865132324924045,1.0099884025936992,1,0.001309006875281252,1.3327284866350564,2
0.25,3,15,19,0,2.0858796249094547,1.0584332751997165,1,0.014165756142053402,1.3112179969516795,2
0.25,3,15,20,0,2.165913406046478,1.0677963310890641,1,6.662201259069616e-08,1.3545959347194243,2
0.25,3,15,21,0,1.605413266423927,0.9677507452166447,0,0.005160216679673546,1.3819732487445426,2
0.25,3,15,22,0,2.1287454603367655,1.0785695378897269,1,0.3802365824695623,1.3697399820960536,2
0.25,3,15,23,0,1.8300559985718574,1.0552005294026503,1,0.000911452782587805,1.3430460677387897,2
0.25,3,15,24,0,2.0936911860975167,1.0916467969114592,0,0.5312603807659034,1.3859975349458353,2
0.25,3,15,25,0,1.7423433671938215,1.0383453056164362,1,0.0025101443826616218,1.3858561635893951,2
0.25,3,15,26,0,2.1585736661279062,0.8377965246624635,1,1.5580435025074864e-06,1.2997769133548922,2
0.25,3,15,27,0,1.0187887543522158,0.09005180986976358,1,4.4780640156047276e-07,1.3862786904456337,2
0.25,3,15,28,0,2.532146503784724,0.7372602035053893,1,5.388767769250316e-10,1.073533450175599,2
0.25,3,15,29,0,1.9221294541441902,1.0923778306708973,0,0.9984482389650098,1.3861013389298995,2
0.25,3,15,30,0,1.7823154417144995,1.051887068441477,1,0.5142381846553626,1.3783911367372021,2
0.25,3,15,31,0,2.2855716754370814,1.003713493706292,1,0.0017657012306349002,1.288613650776251,2
0.25,3,15,32,0,2.4885323243133737,0.7228450223841615,1,8.295320396987929e-07,1.1024386756538531,2
0.25,3,15,33,0,2.4129575690441687,0.9023777078373236,1,1.5064890718799146e-10,1.1245601945565884,2
0.25,3,15,34,0,1.5625264788811777,0.9264438207877554,0,0.3555125637331245,1.3757195151080233,2
0.25,3,15,35,0,2.042489343545923,1.0970946323928017,0,0.04636957054939235,1.382871082886348,2
0.25,3,15,36,0,1.3606010217417677,0.7455442806510386,0,0.03802768412143601,1.384381373289582,2
0.25,3,15,37,0,2.405415118533933,0.8136285881419051,0,0.6859683123456438,1.3531674381266623,2
0.25,3,15,38,0,1.8123709083662172,1.0541031514906885,1,0.1037554228450289,1.3809585794548074,2
0.25,3,15,39,0,2.1006477262803758,0.8826619972138549,1,0.0007791436773446435,1.1658591866501362,2
0.25,3,15,40,0,1.5902063667723048,0.93885873149709,1,0.0032887045850475763,1.385633114919587,2
0.25,3,15,41,0,2.2966689981702584,1.0206239848400869,1,3.7233545801971335e-08,1.264493498333582,2
0.25,3,15,42,0,2.028974114476739,1.0890883637337643,1,0.000304570064336177,1.385315307681359,2
0.25,3,15,43,0,1.667943050151523,0.9900005577598845,1,0.3042963500725875,1.3861379797179645,2
0.25,3,15,44,0,1.9983209929492374,1.0985826419637976,1,0.001113687547620078,1.3375835247768166,2
0.25,3,15,45,0,1.0283137688616668,0.11972557086222693,1,0.008043293689802989,1.3861900828175955,2
0.25,3,15,46,0,2.0515145589910477,1.091540567995354,0,0.31939973043123154,1.383488274642127,2
0.25,3,15,47,0,2.079284174192731,1.0364148196861223,1,0.024458847789518973,1.2821232541431533,2
0.25,3,15,48,0,2.037155624430059,1.0864480355584978,0,0.06438886759976055,1.307455697832658,2
0.25,3,15,49,0,1.7390013553179693,1.033537223691145,1,0.042414960890705546,1.3650805462454985,2
0.25,3,15,50,0,1.598506394546367,0.9482807155386093,0,0.5007009812156106,1.3862785317948056,2
0.25,3,15,51,0,1.7996215469652626,1.0617659266034423,0,0.21006346877556378,1.3860124384850434,2
0.25,3,15,52,0,2.4640305544048027,0.7463503940512178,0,0.0009481924534157412,1.0716213048315366,2
0.25,3,15,53,0,1.9089311698070413,1.0915171428870116,1,5.999730467408196e-06,1.3784576859138495,2
0.25,3,15,54,0,2.3411931283608154,0.9169036361127538,1,1.8573794988632823e-07,1.3772629531828093,2
0.25,3,15,55,0,1.4436050709637005,0.8140806481022194,0,0.09869166200892455,1.3862721986838236,2
0.25,3,15,56,0,2.2489061714899816,1.041381525605813,1,6.0919131753632375e-05,1.2774325369288677,2
0.25,3,15,57,0,1.8347186875239765,1.0700665669600482,1,0.6909981045539457,1.3830616801435556,2
0.25,3,15,58,0,2.3740200506112394,0.89191596693726,1,1.2936194700485873e-10,1.3637663835225093,2
0.25,3,15,59,0,2.166452539969719,1.0541786807552251,1,0.008213355291494879,1.3727938533689967,2
0.25,3,16,0,3,2.1111134901660997,1.0854690024285167,0,0.8156279329984574,1.380784298549702,3
0.25,3,16,1,3,2.437180094638209,0.7563985866923444,1,3.404494520665476e-07,1.2827774104126497,3
0.25,3,16,2,3,1.3672490608605719,0.7373314038755774,1,3.6281929977283044e-07,1.382510623136839,3
0.25,3,16,3,3,1.7966823157893774,1.0616138298578262,0,0.953909094133462,1.3857189537261552,3
0.25,3,16,4,3,1.9271379729155704,1.085585115096542,0,0.21136691549027248,1.3685183270082633,3
0.25,3,16,5,3,1.909457770414618,1.0901772281224775,0,0.701458546106611,1.3858433577605436,3
0.25,3,16,6,3,2.049707729824671,1.0799417192899825,1,0.0038369827615091084,1.3665344310380243,3
0.25,3,16,7,3,1.9906667273020553,1.0985283536537742,1,0.01834133520139881,1.2859404963314205,3
0.25,3,16,8,3,2.3229756378421405,0.987855104855083,1,0.00026965404588139187,1.288829640667335,3
0.25,3,16,9,3,1.6454975723179484,0.9817198014242967,0,0.03968135877209504,1.3840571280302285,3
0.25,3,16,10,3,1.6886838815122274,1.0229789275551266,1,0.06109282195237439,1.3671484014740032,3
0.25,3,16,11,3,2.4489594720501637,0.8695684063058382,1,3.893970152114177e-06,1.3104905174524475,3
0.25,3,16,12,3,2.1290505884558217,1.0846448201421144,1,2.064681698551441e-10,1.3625943283423034,3
0.25,3,16,13,3,1.3786647285719642,0.7387601479721508,0,0.27995149430752503,1.3858558580756946,3
0.25,3,16,14,3,2.125304573065306,1.0783863434774212,1,0.5469088180684358,1.3222238172875187,3
0.25,3,16,15,3,1.8238052284960828,1.072006921957772,1,6.684573196486571e-06,1.374585172966683,3
0.25,3,16,16,3,1.4561556009320826,0.8140415365790452,1,0.20817001936463952,1.3850009368496075,3
0.25,3,16,17,3,2.4619926806566954,0.8260723878649823,1,5.8132863534299024e-05,1.278395493266692,3
0.25,3,16,18,3,1.2835356490356498,0.5551488713634372,1,0.0014346201817557322,1.3842245981615062,3
0.25,3,16,19,3,1.8394491157632085,1.0791826921231997,1,0.593810225584376,1.3710852165715675,3
0.25,3,16,20,3,2.4285687009714234,0.8559342380309861,1,3.31777917227582e-05,1.2331975642676485,3
0.25,3,16,21,3,2.4847428323028597,0.7375821196868876,1,4.3494741470300775e-12,1.0929363912851067,3
0.25,3,16,22,3,2.0714865665844724,1.0947587227900801,1,0.003784324949660196,1.3605308210285831,3
0.25,3,16,23,3,2.3067581622511595,0.9705099834712949,0,0.017437922514767196,1.3560452265649061,3
0.25,3,16,24,3,1.4839903032627448,0.7678527004856627,1,5.146616381952371e-14,1.3802743128901227,3
0.25,3,16,25,3,1.0826542115673414,0.2632658326554223,1,0.3161847316902824,1.3861309009847715,3
0.25,3,16,26,3,1.557996937938555,0.9340064468821145,1,1.0680358434345755e-08,1.3809248163945946,3
0.25,3,16,27,3,2.0342592385352103,1.0970615935230836,1,3.845243071282866e-06,1.3770500233539533,3
0.25,3,16,28,3,2.4985289950885297,0.756244054259767,1,0.0001110183240926145,1.354940986824597,3
0.25,3,16,29,3,1.4503087077961845,0.8191738455955012,0,0.025264392257438168,1.3861198142732258,3
0.25,3,16,30,3,2.4818272776856114,0.9157821922322615,1,0.001659373760293174,1.0791337950417088,3
0.25,3,16,31,3,1.9722796184619495,1.0859204515611984,1,0.9331696174330479,1.3819131763787118,3
0.25,3,16,32,3,2.359017618245275,0.8846626731364983,1,0.14437873814069613,1.3181978344143868,3
0.25,3,16,33,3,1.3657750872616883,0.7251071182348827,1,0.5492072052906181,1.3859577423507015,3
0.25,3,16,34,3,2.4835554520854863,0.7766887745467604,1,4.876889283203832e-07,1.352997032168287,3
0.25,3,16,35,3,2.2992012847134284,1.0257519157909314,0,0.014861739407962388,1.251374176426,3
0.25,3,16,36,3,1.9457403697934328,1.0962461309814118,1,7.51063451434684e-11,1.3583975038109952,3
0.25,3,16,37,3,2.452865247520238,0.8023903161698236,1,1.956219842860452e-06,1.3212947258026482,3
0.25,3,16,38,3,2.462835080734146,0.8263739056682208,1,5.76799170899777e-12,1.3543088449353926,3
0.25,3,16,39,3,2.301832605728408,1.015159228352541,1,1.623325417954467e-05,1.3651115122524167,3
0.25,3,16,40,3,1.6029508029457173,0.9555633423117837,1,1.7762287165888396e-07,1.3797214835751888,3
0.25,3,16,41,3,2.011258236086956,1.0834629046990907,1,4.5674892334878235e-07,1.3275592926489468,3
0.25,3,16,42,3,1.9090674743862985,1.090418881302571,1,0.8871432721078565,1.3578751628620123,3
0.25,3,16,43,3,2.511619255069929,0.7385845298375917,1,0.15182305014521866,1.3171480814034597,3
0.25,3,16,44,3,2.4271150432750037,0.8741888960107949,1,0.0017178110230955893,1.287844093064436,3
0.25,3,16,45,3,2.411539731543394,0.9381127619921419,1,0.000307593577652025,1.3181127391818224,3
0.25,3,16,46,3,1.854210971141112,1.0824682496204976,1,0.05512013180467868,1.3683773814334304,3
0.25,3,16,47,3,2.2809579660093617,1.0385008498060382,1,3.6024633615438505e-07,1.2903490308111918,3
0.25,3,16,48,3,1.9533120214204005,1.0963342752690157,0,0.5877540098650055,1.3862861583394588,3
0.25,3,16,49,3,2.4614900612439867,0.7771933556902455,1,0.009050578371679701,1.2627673418536296,3
0.25,3,16,50,3,2.3648302547304234,0.8938778982567488,1,0.0041374544418252834,1.243810109121759,3
0.25,3,16,51,3,2.5044455008152045,0.7665425361122982,1,0.19912413566247125,1.327076980358762,3
0.25,3,16,52,3,1.2726305995084588,0.6051695891662315,1,0.5455441931022439,1.3856643793480141,3
0.25,3,16,53,3,2.249141897132768,1.041913312437722,1,0.0001494527521299703,1.3442241026723396,3
0.25,3,16,54,3,1.8667954975974426,1.0650566789936706,0,0.4615045465580881,1.3684556962537253,3
0.25,3,16,55,3,2.2087193692058658,1.0587429189746103,0,0.01261534971739713,1.3839200891039343,3
0.25,3,16,56,3,2.131963091299375,1.0624936040470383,0,0.38131083579322217,1.3491495821420754,3
0.25,3,16,57,3,1.5229788309721295,0.8897848219131193,0,0.050142786355086726,1.3836806043092564,3
0.25,3,16,58,3,2.2435226485208126,1.0477873258789914,1,1.53555527159677e-08,1.367501952169565,3
0.25,3,16,59,3,2.024637422191489,1.0976236845907332,0,0.004362913921204553,1.377507607379288,3
0.25,3,17,0,1,2.48666104059311,0.7379024665796111,1,0.02210011229243306,1.3034327493667126,4
0.25,3,17,1,1,2.130583406484517,1.0790612337546002,1,0.5405446935050655,1.375954812739976,4
0.25,3,17,2,1,1.9531742207098604,1.0968903285613927,0,0.0017528659953518048,1.3224839801442172,4
0.25,3,17,3,1,1.7619702253797223,1.0455689990581507,1,0.2092466927463873,1.359909657697786,4
0.25,3,17,4,1,1.774281974570501,1.050417232206357,1,1.20502723590415e-06,1.3616847362051663,4
0.25,3,17,5,1,2.469107562649283,0.7792174651855202,1,1.9460627604234516e-05,1.244909530231006,4
0.25,3,17,6,1,1.47498097848966,0.8438100180704073,1,0.0002601659140884108,1.3862340117894039,4
0.25,3,17,7,1,2.1534392606214428,1.0735335879683585,1,0.00425685910560556,1.3859076327741784,4
0.25,3,17,8,1,1.4606250171578403,0.8296744173561631,1,0.05011206361584179,1.3831735341576172,4
0.25,3,17,9,1,1.938522773467078,1.0949144749214244,1,0.9966627101106889,1.3860502445068348,4
0.25,3,17,10,1,2.2599332497649214,1.0219564499474252,1,1.0355647204414279e-07,1.3384557985498553,4
0.25,3,17,11,1,2.35761091629033,0.9411474595052551,1,0.0006870854398513727,1.3846837033288562,4
0.25,3,17,12,1,1.949673731897614,1.0961189650650398,1,0.0002917134202734602,1.3844582819669298,4
0.25,3,17,13,1,2.196145354969775,1.0566808215290184,1,2.342114474473864e-09,1.2676328266843806,4
0.25,3,17,14,1,2.431825122018335,0.8465370104010581,1,2.6949547290736923e-07,1.2809965108012058,4
0.25,3,17,15,1,1.0009675068058377,0.00599452760569045,1,0.549984682643884,1.3862943330474484,4
0.25,3,17,16,1,1.2965715844846104,0.6342626945800807,1,2.4495080988647153e-09,1.3841513330632726,4
0.25,3,17,17,1,2.4179742345601882,0.8673253711320091,1,2.635587464063569e-06,1.2728163412793854,4
0.25,3,17,18,1,2.4475538895856634,0.8205072310961776,1,1.276972765113059e-07,1.300717467602627,4
0.25,3,17,19,1,1.949246631390095,1.0960478015058086,1,0.09695027249867869,1.368846972195557,4
0.25,3,17,20,1,2.2131868519821705,1.0485823114016326,1,7.525309003262039e-08,1.29035752619005,4
0.25,3,17,21,1,2.1075705578280406,1.088198355585611,0,0.294660707763859,1.374723364315408,4
0.25,3,17,22,1,1.4957377396493445,0.863605940526018,1,4.419684907459273e-05,1.3840704042551812,4
0.25,3,17,23,1,2.2187891862509486,1.0457392336499662,1,0.00042370116234843744,1.3602210546230273,4
0.25,3,17,24,1,2.298249016474391,0.9947720032690124,1,2.174432295886139e-05,1.3203306252973097,4
0.25,3,17,25,1,2.144713110449651,1.0748016274246868,1,0.3645377141896531,1.3196919546587962,4
0.25,3,17,26,1,1.5662111121226392,0.924459103857791,1,1.0287896470982705e-07,1.3670782991395174,4
0.25,3,17,27,1,1.5596271224331089,0.9226613549659319,0,0.34790575820365793,1.3801624620284882,4
0.25,3,17,28,1,1.578320315257148,0.9339543340997559,1,0.006709048513092949,1.3844689858592047,4
0.25,3,17,29,1,1.8705496935983965,1.082452820461344,1,1.1708397235009653e-05,1.3662334629033603,4
0.25,3,17,30,1,2.030906610881179,1.0977680877722527,0,0.5826059148435339,1.3848240268803882,4
0.25,3,17,31,1,2.168398218713493,1.0681706945657456,1,0.0013923380814882748,1.3696674218097014,4
0.25,3,17,32,1,1.9332182757758212,1.094242426480831,1,0.00010174548858472793,1.3862029726099565,4
0.25,3,17,33,1,2.4218890060532328,0.8616295375261591,1,1.1129225803260263e-10,1.2956754880879824,4
0.25,3,17,34,1,2.406623922846944,0.8831142461909611,1,4.7790152556951956e-05,1.2647282793982024,4
0.25,3,17,35,1,2.1698165150804845,1.067634486214437,1,0.0010028063840971243,1.3660217861754345,4
0.25,3,17,36,1,1.4957892149849568,0.863654411949857,1,0.00015472315694567927,1.3831888604485312,4
0.25,3,17,37,1,1.998608640557142,1.0986103756459378,1,0.001700857925119748,1.3787292274873004,4
0.25,3,17,38,1,1.9304535050178688,1.093860978221934,1,0.041391768223765696,1.3765683843026328,4
0.25,3,17,39,1,1.119274437551544,0.3337093644479855,1,0.10563698695288898,1.3862837235037533,4
0.25,3,17,40,1,2.3161684399183384,0.9801826568549893,1,6.441205336484497e-07,1.3615604953970237,4
0.25,3,17,41,1,1.502782321043591,0.8798371365604173,0,0.32969134080505647,1.3860749950446558,4
0.25,3,17,42,1,1.8808015869779129,1.0844214633917075,0,0.7776263947975941,1.386256111724741,4
0.25,3,17,43,1,2.4848235199109796,0.7413482469030983,1,0.03650712621359867,1.3090350326257798,4
0.25,3,17,44,1,2.4162105721356015,0.8679058457499012,0,0.4713220588312534,1.3117557002629312,4
0.25,3,17,45,1,2.4521091821562297,0.8123956601298883,1,3.65822583531255e-05,1.2077661447469252,4
0.25,3,17,46,1,1.966147525586353,1.0963760886987843,0,0.6316040273101052,1.3677376660087688,4
0.25,3,17,47,1,1.3938633990066944,0.7577373458786794,1,3.545584413530179e-05,1.3800639686327572,4
0.25,3,17,48,1,2.1694102837816382,1.0677879959946515,1,0.0029782590925909198,1.3733168907676312,4
0.25,3,17,49,1,2.2464630572741706,1.0303244969029195,1,5.766036371678145e-09,1.3742257242072664,4
0.25,3,17,50,1,1.0262767852918773,0.10035754605969452,1,6.742489048758323e-07,1.3862937023354576,4
0.25,3,17,51,1,1.9300586664814967,1.0938234973424334,1,0.0013646754370962098,1.3767821162100702,4
0.25,3,17,52,1,2.482387823777315,0.748866470551173,1,0.00014035521535022693,1.3321273232610786,4
0.25,3,17,53,1,2.2322407436543172,1.0378329182413266,0,0.7352053338139948,1.377442815798682,4
0.25,3,17,54,1,1.46413563511322,0.8331150291898367,1,2.3910881732216917e-09,1.382517093294923,4
0.25,3,17,55,1,2.4744478391653466,0.7676063456102581,1,0.05622372935401969,1.1868307391203778,4
0.25,3,17,56,1,1.4124121534549654,0.7836208079152919,0,0.6862644084710331,1.384452919755321,4
0.25,3,17,57,1,1.3765148527354236,0.737129162387314,1,0.07417861821581971,1.3860823594582703,4
0.25,3,17,58,1,1.6104391574326926,0.9578335320955151,1,0.036403386901731234,1.3853961534361416,4
0.25,3,17,59,1,1.7979061278845412,1.0560800100466659,0,0.5714027058014084,1.3844037753973635,4
0.25,3,18,0,2,2.1338591153451394,1.079667474311316,0,0.1315216858605152,1.3507760294111817,7
0.25,3,18,1,2,1.7015053488082996,1.0159866740771002,0,0.4961606867475257,1.386078720020504,7
0.25,3,18,2,2,2.0310338856075045,1.0951480307858064,1,0.0033002834644524,1.327812506694041,7
0.25,3,18,3,2,1.394617878454243,0.7877547210197139,0,0.0040874420588592995,1.3859638026448708,7
0.25,3,18,4,2,1.1599725693546332,0.42513521408413024,1,3.1185389314943756e-11,1.3855165550933888,7
0.25,3,18,5,2,1.9750256405186517,1.0978859165038624,0,1.0141768816708858,1.3851976254821166,7
0.25,3,18,6,2,1.7439344303746116,1.0015250869020573,1,0.6260126690001165,1.3791283981067946,7
0.25,3,18,7,2,1.9572185990460744,1.0968671642877763,1,1.0264189478298409,1.384543659350117,7
0.25,3,18,8,2,1.1164271905500978,0.35578517010431554,1,6.218157416284158e-08,1.385043702801254,7
0.25,3,18,9,2,1.289950714234196,0.6544637446696716,1,6.328082037329843e-06,1.3850061944043912,7
0.25,3,18,10,2,2.2835805850792057,1.013800020814839,1,0.20502909965289645,1.38519868148504,7
0.25,3,18,11,2,1.9590936787309539,1.0967250911601116,1,7.905132658828865e-06,1.3794618568821844,7
0.25,3,18,12,2,2.3422868037215268,1.0059771643769242,1,1.768323509721125e-05,1.3752063476314262,7
0.25,3,18,13,2,1.0017184530074028,0.010756012319755006,1,0.009290565378846642,1.3862942531351858,7
0.25,3,18,14,2,1.7514366359447606,1.0411372368008327,0,1.1625227477169329,1.3862900964720002,7
0.25,3,18,15,2,1.9729484814425315,1.0938418081425412,0,0.829486983809527,1.3845275972071667,7
0.25,3,18,16,2,1.7159963592013159,1.0340521004416816,1,6.794527570139806e-05,1.3650605888294964,7
0.25,3,18,17,2,1.6525425069906834,0.9920064138870379,0,0.31875416488280556,1.385741609894714,7
0.25,3,18,18,2,1.7118651076265892,1.0124650683436136,1,9.007983809337556e-05,1.3794076400520214,7
0.25,3,18,19,2,1.91984716634582,1.0932157099084956,1,0.021040104905214338,1.3204965999286236,7
0.25,3,18,20,2,1.60336697101806,0.959035713770128,0,0.9179742819885874,1.3849820662650798,7
0.25,3,18,21,2,1.788042441093575,1.0557865860168678,1,4.787627248522289e-07,1.3820087987563023,7
0.25,3,18,22,2,1.9456682939644754,1.0911157703387433,1,0.18296234873092648,1.366714234755684,7
0.25,3,18,23,2,2.2449854703443215,1.0322247435593237,0,0.46120115305766163,1.3791474298673976,7
0.25,3,18,24,2,1.955721773970494,1.096529437584806,0,0.13425076386089757,1.3862872727958573,7
0.25,3,18,25,2,1.3305398251201288,0.7267752907874713,0,0.13630713272985467,1.3852000373828113,7
0.25,3,18,26,2,1.4450002431054145,0.8337127647524423,1,2.35897599359165e-06,1.3808260623948856,7
0.25,3,18,27,2,1.8488326935535073,1.074268600281228,0,0.8083467697048505,1.379100137479643,7
0.25,3,18,28,2,1.4787683776046414,0.8537234852263477,1,0.013984986278909485,1.3860027461105393,7
0.25,3,18,29,2,1.6044805727178466,0.9755362888877477,1,0.0132683315820396,1.3586378405844322,7
0.25,3,18,30,2,1.6716120176538274,0.9517995864926319,0,0.21938113305018275,1.3625627601418207,7
0.25,3,18,31,2,1.2495572874493097,0.5169750742427474,1,4.851633901483909e-05,1.3817929358136725,7
0.25,3,18,32,2,2.254482113831758,1.0203711863544402,1,0.6183617362991043,1.336745725577021,7
0.25,3,18,33,2,1.8861509290909797,1.0862747121057943,0,0.6137567222397758,1.3849398035849854,7
0.25,3,18,34,2,1.4239512452464336,0.8070888382679016,1,0.0009803967998318081,1.3860040462067753,7
0.25,3,18,35,2,1.8103477666067174,1.070831956650343,0,0.5245585814280141,1.3862470015309687,7
0.25,3,18,36,2,1.8314658667319532,1.0647976433366817,1,0.00039428621327399155,1.3617639248432913,7
0.25,3,18,37,2,1.4621513280498069,0.837072026264287,1,0.15424099541573563,1.3860699081184946,7
0.25,3,18,38,2,2.2440159078818858,0.7112073353694721,0,0.5038723843962896,1.3785078440408005,7
0.25,3,18,39,2,2.055937898349879,1.0945895989516634,0,0.17454364023989588,1.3859719331686522,7
0.25,3,18,40,2,2.0689613708469876,1.0917213680618403,1,0.035729610127099395,1.3773736716175309,7
0.25,3,18,41,2,1.803543392149963,1.0572070356883578,0,0.11102049461351526,1.3830572706778281,7
0.25,3,18,42,2,2.115177251782696,1.0884311272283762,0,0.007080038015618038,1.318322099028311,7
0.25,3,18,43,2,1.8204956086878725,1.0696021662688802,1,0.0019550085960570954,1.3391541837922902,7
0.25,3,18,44,2,2.1581620418345766,1.079685082113566,1,0.00016058620744188626,1.3007759485389796,7
0.25,3,18,45,2,1.6572203925717623,0.9861385138510494,0,0.700449677245876,1.3707878632039958,7
0.25,3,18,46,2,1.4270238188556001,0.8058396734496875,1,2.2300636406985006e-05,1.3807416138486153,7
0.25,3,18,47,2,1.5616691071240962,0.9280089815313288,0,0.011720112686904885,1.3821722949457858,7
0.25,3,18,48,2,2.4973824398040394,0.8989425266646485,1,4.541555166130475e-09,1.2951433418445166,7
0.25,3,18,49,2,1.6895824175175025,1.0091330467023876,1,0.00015497058088465704,1.3641994570624836,7
0.25,3,18,50,2,1.6275372964286405,0.9687001701565955,1,0.0075025138347918395,1.3717672857885745,7
0.25,3,18,51,2,1.4504803104650137,0.8325291933815343,1,8.382423782319801e-05,1.383719256959909,7
0.25,3,18,52,2,1.9876380146089443,1.0978582976897184,1,0.0419412672706823,1.351810625654096,7
0.25,3,18,53,2,1.415862703270676,0.7840112099021571,1,0.000999313426221646,1.376426662501907,7
0.25,3,18,54,2,1.5255557156820054,0.900790597610869,1,7.793903243182243e-06,1.3725843792240888,7
0.25,3,18,55,2,1.0148447082744505,0.06602851182200098,1,0.09697664179280487,1.3862896529657935,7
0.25,3,18,56,2,1.598729560387736,0.9534634569472289,0,0.04775116558385413,1.3861745923329032,7
0.25,3,18,57,2,2.2224102678075486,1.0603138885773578,1,0.012013148041280838,1.342399160162844,7
0.25,3,18,58,2,1.6807910757374347,1.0197158294806021,1,1.5282865215168053e-07,1.3262481938178612,7
0.25,3,18,59,2,1.545786052309566,0.9337781926156117,1,0.016300719491797733,1.3796926000482905,7
0.25,3,19,0,1,1.9404191050179356,1.0946492572713427,0,0.884423825300959,1.381919102546293,3
0.25,3,19,1,1,2.4803922751168987,0.7537691655897292,1,0.00010527442737885894,1.1880993069288492,3
0.25,3,19,2,1,1.6934590231279096,0.9924871787528556,0,0.08335625723519688,1.3832595687877827,3
0.25,3,19,3,1,2.459614621327105,0.7983657886681392,1,0.0018832379759873763,1.3814018943105193,3
0.25,3,19,4,1,2.440925921445699,0.831955385508695,1,0.11892154163009688,1.1894595225740168,3
0.25,3,19,5,1,2.421095919906005,0.863292771743366,1,0.25703446142894537,1.2603173741735425,3
0.25,3,19,6,1,1.0033019150451976,0.016045375413551725,0,0.029669312504542928,1.3862943486031183,3
0.25,3,19,7,1,1.581540122009823,0.9358441162661253,1,0.04831339564662389,1.386150285466339,3
0.25,3,19,8,1,2.36170706841573,0.9368300150196525,1,1.1035783468943474e-05,1.3515975003368577,3
0.25,3,19,9,1,1.0032164126277494,0.016803863052676372,1,0.004771229787096783,1.386294350841805,3
0.25,3,19,10,1,1.8299765913232444,1.069697292152872,0,0.34013564537625357,1.3815138560207845,3
0.25,3,19,11,1,2.019510638277951,1.09822906629458,1,0.0008378009257052652,1.3307866025582342,3
0.25,3,19,12,1,1.7528462970127192,1.0412843598063546,0,0.8310011944790385,1.3844268733597467,3
0.25,3,19,13,1,1.9349319201309174,1.0944618604573784,1,0.00018900269602482053,1.3856491711153374,3
0.25,3,19,14,1,1.7162553956368374,1.0331213222724351,0,0.00809248740365863,1.381000671703227,3
0.25,3,19,15,1,2.499537281598923,0.6957354860713417,1,1.143770722594624e-06,1.2418469800834673,3
0.25,3,19,16,1,2.3590232331715133,0.939662951790337,1,6.654638306007782e-06,1.3764321716875412,3
0.25,3,19,17,1,1.7977633937871762,1.0597628985872403,1,0.00010356460201554711,1.3793287598038433,3
0.25,3,19,18,1,2.3218257841218484,0.9705501039374452,0,0.004410191319007779,1.3068748006604511,3
0.25,3,19,19,1,2.2672351075170605,1.0171878607503553,1,0.1266991572921126,1.3642771329441425,3
0.25,3,19,20,1,2.3856028604078534,0.9098382455914933,1,0.0014756525400846183,1.351819600850937,3
0.25,3,19,21,1,2.4365155284812032,0.8390688608503292,1,1.28115972001337e-05,1.3175986425146164,3
0.25,3,19,22,1,2.4765520958933003,0.7628215293805778,1,0.002907691309638986,1.3064818882783544,3
0.25,3,19,23,1,2.489890934475042,0.7288878721822569,1,1.2707063522049425e-06,1.3643865104510318,3
0.25,3,19,24,1,2.374475571388102,0.9228161022279164,1,2.694879692456794e-06,1.3423573818434615,3
0.25,3,19,25,1,2.483021174414347,0.747279846357327,1,0.00014910272605720332,1.1892092090667037,3
0.25,3,19,26,1,2.233371136657229,1.0374933570315674,1,0.2919030528768398,1.377565697392415,3
0.25,3,19,27,1,2.4916952110857546,0.7236006615368978,1,1.1088743844254618e-08,1.2328584691199271,3
0.25,3,19,28,1,2.44515750090854,0.8246631509569968,1,1.469629952764508e-06,1.3574480176994173,3
0.25,3,19,29,1,2.496453457459233,0.8165359066571711,0,0.00012036151530564177,1.379391938531398,3
0.25,3,19,30,1,2.428680083563807,0.8514174544529431,1,5.6367748205408367e-05,1.266162641277893,3
0.25,3,19,31,1,2.491731601654128,0.7234914923742497,1,2.939540305010246e-10,1.3276783429353505,3
0.25,3,19,32,1,2.3301282812055906,0.9679020357088884,1,5.612323603433087e-11,1.3396495439033158,3
0.25,3,19,33,1,2.387135780159158,0.9080163866322597,1,0.011802548977351371,1.3224056292151176,3
0.25,3,19,34,1,2.3212188556946103,0.975834348197977,1,0.0008890661787856742,1.3756761359760252,3
0.25,3,19,35,1,2.528077075917652,0.7868136498755238,0,0.1461837549877757,1.342080450855315,3
0.25,3,19,36,1,2.4309875322756853,0.8478464819450362,1,3.784791327118316e-09,1.26951735617683,3
0.25,3,19,37,1,2.3015740281827575,1.0012332314460646,0,0.003052557484691561,1.372858520360429,3
0.25,3,19,38,1,2.3051794034441153,0.9863996864652009,1,0.5813070873280348,1.3717466447973867,3
0.25,3,19,39,1,2.221890380112383,1.0446997987143138,1,0.17747337532651195,1.3785449315366798,3
0.25,3,19,40,1,2.1096034734702855,1.0860796662095051,1,0.0009791342877304566,1.3372505012517764,3
0.25,3,19,41,1,2.317561013021653,0.9789854211726687,1,0.003029841190226549,1.3538306697061857,3
0.25,3,19,42,1,2.266611966035698,1.0175887670148982,1,0.005438961995148192,1.2990120029257655,3
0.25,3,19,43,1,2.4668651904938996,0.78390025358189,1,4.398050473240133e-06,1.2899265928273176,3
0.25,3,19,44,1,1.5838352933419289,0.9377896239112393,1,0.2954389037846943,1.3843845630452245,3
0.25,3,19,45,1,2.378734884535655,0.9179345368886938,1,0.0008528742387341392,1.2948552822824175,3
0.25,3,19,46,1,1.0001098087166542,0.0008216333437716368,1,0.005269377882740461,1.3862943609404137,3
0.25,3,19,47,1,2.376539083355158,0.920464011766507,1,0.00018889348705562728,1.3634669318846193,3
0.25,3,19,48,1,1.9975701971160875,1.098599305524407,1,0.18581827333802414,1.35447160896579,3
0.25,3,19,49,1,2.486415647390299,0.738489192885995,1,0.00023102673883102049,1.3849091889060967,3
0.25,3,19,50,1,2.4572031315534533,0.8033639228832689,1,0.027119075467481497,1.3336115024655633,3
0.25,3,19,51,1,1.8515304412331473,1.0768141375258953,0,0.3907441958297345,1.3796845059977905,3
0.25,3,19,52,1,1.9497605533688065,1.096126938215381,1,0.01205160069730151,1.3857123329422008,3
0.25,3,19,53,1,2.2811810606108383,1.0075255662443727,1,1.213127993370198e-07,1.2205471837898536,3
0.25,3,19,54,1,1.8403891591979045,1.0742093476598447,1,1.889393465957116e-07,1.3660427437587588,3
0.25,3,19,55,1,2.2082298454448823,1.0510224535316062,1,2.098886721928536e-05,1.3840539638993523,3
0.25,3,19,56,1,2.0769330627697196,1.0925225410207502,1,0.03349914454762285,1.381519835709774,3
0.25,3,19,57,1,2.313882846713602,0.9821151164387165,1,5.626026020036424e-05,1.3648379955822576,3
0.25,3,19,58,1,2.4664966691791803,0.7846598886750832,1,2.422626502696859e-06,1.2129762981747854,3
0.25,3,19,59,1,2.215771016121358,1.047288278243205,1,0.025011143489789157,1.370268168363876,3
